datetime,site_uid,nitrate_con,discharge
2013-04-27 05:00:00+00:00,USGS-05480986,38.1,5.25
2013-04-27 05:15:00+00:00,USGS-05480986,38.1,5.25
2013-04-27 05:30:00+00:00,USGS-05480986,38.1,5.25
2013-04-27 05:45:00+00:00,USGS-05480986,38.1,5.25
2013-04-27 06:00:00+00:00,USGS-05480986,38.1,5.25
2013-04-27 06:15:00+00:00,USGS-05480986,38.0,5.25
2013-04-27 06:30:00+00:00,USGS-05480986,38.1,5.25
2013-04-27 06:45:00+00:00,USGS-05480986,38.1,5.25
2013-04-27 07:00:00+00:00,USGS-05480986,38.0,5.25
2013-04-27 07:15:00+00:00,USGS-05480986,38.1,5.25
2013-04-27 07:30:00+00:00,USGS-05480986,38.1,5.25
2013-04-27 07:45:00+00:00,USGS-05480986,38.1,5.25
2013-04-27 08:00:00+00:00,USGS-05480986,38.1,5.25
2013-04-27 08:15:00+00:00,USGS-05480986,38.2,5.25
2013-04-27 08:30:00+00:00,USGS-05480986,38.2,5.08
2013-04-27 08:45:00+00:00,USGS-05480986,38.2,5.08
2013-04-27 09:00:00+00:00,USGS-05480986,38.2,5.08
2013-04-27 09:15:00+00:00,USGS-05480986,38.2,5.08
2013-04-27 09:30:00+00:00,USGS-05480986,38.2,5.08
2013-04-27 09:45:00+00:00,USGS-05480986,38.2,5.08
2013-04-27 10:00:00+00:00,USGS-05480986,38.2,5.08
2013-04-27 10:15:00+00:00,USGS-05480986,38.3,5.08
2013-04-27 10:30:00+00:00,USGS-05480986,38.2,5.08
2013-04-27 10:45:00+00:00,USGS-05480986,38.2,5.08
2013-04-27 11:00:00+00:00,USGS-05480986,38.2,5.08
2013-04-27 11:15:00+00:00,USGS-05480986,38.2,5.08
2013-04-27 11:30:00+00:00,USGS-05480986,38.2,5.08
2013-04-27 11:45:00+00:00,USGS-05480986,38.2,5.08
2013-04-27 12:00:00+00:00,USGS-05480986,38.2,5.08
2013-04-27 12:15:00+00:00,USGS-05480986,38.2,5.08
2013-04-27 12:30:00+00:00,USGS-05480986,38.2,5.08
2013-04-27 12:45:00+00:00,USGS-05480986,38.2,5.08
2013-04-27 13:00:00+00:00,USGS-05480986,38.2,5.08
2013-04-27 13:15:00+00:00,USGS-05480986,38.2,5.08
2013-04-27 13:30:00+00:00,USGS-05480986,38.2,5.08
2013-04-27 13:45:00+00:00,USGS-05480986,38.2,5.08
2013-04-27 14:00:00+00:00,USGS-05480986,38.3,5.08
2013-04-27 14:15:00+00:00,USGS-05480986,38.2,5.08
2013-04-27 14:30:00+00:00,USGS-05480986,38.3,5.08
2013-04-27 14:45:00+00:00,USGS-05480986,38.3,5.08
2013-04-27 15:00:00+00:00,USGS-05480986,38.3,5.08
2013-04-27 15:15:00+00:00,USGS-05480986,38.3,5.08
2013-04-27 15:30:00+00:00,USGS-05480986,38.3,5.08
2013-04-27 15:45:00+00:00,USGS-05480986,38.3,5.08
2013-04-27 16:00:00+00:00,USGS-05480986,38.3,5.08
2013-04-27 16:15:00+00:00,USGS-05480986,38.3,5.08
2013-04-27 16:30:00+00:00,USGS-05480986,38.3,5.08
2013-04-27 16:45:00+00:00,USGS-05480986,38.3,5.08
2013-04-27 17:00:00+00:00,USGS-05480986,38.3,5.08
2013-04-27 17:15:00+00:00,USGS-05480986,38.4,5.08
2013-04-27 17:30:00+00:00,USGS-05480986,38.4,5.08
2013-04-27 17:45:00+00:00,USGS-05480986,38.3,5.08
2013-04-27 18:00:00+00:00,USGS-05480986,38.4,5.08
2013-04-27 18:15:00+00:00,USGS-05480986,38.4,5.08
2013-04-27 18:30:00+00:00,USGS-05480986,38.4,4.91
2013-04-27 18:45:00+00:00,USGS-05480986,38.4,4.91
2013-04-27 19:00:00+00:00,USGS-05480986,38.4,4.91
2013-04-27 19:15:00+00:00,USGS-05480986,38.4,5.08
2013-04-27 19:30:00+00:00,USGS-05480986,38.4,4.91
2013-04-27 19:45:00+00:00,USGS-05480986,38.4,4.91
2013-04-27 20:00:00+00:00,USGS-05480986,38.4,4.91
2013-04-27 20:15:00+00:00,USGS-05480986,38.5,4.91
2013-04-27 20:30:00+00:00,USGS-05480986,38.5,4.91
2013-04-27 20:45:00+00:00,USGS-05480986,38.5,4.91
2013-04-27 21:00:00+00:00,USGS-05480986,38.5,4.91
2013-04-27 21:15:00+00:00,USGS-05480986,38.6,4.91
2013-04-27 21:30:00+00:00,USGS-05480986,38.6,4.91
2013-04-27 21:45:00+00:00,USGS-05480986,38.6,4.91
2013-04-27 22:00:00+00:00,USGS-05480986,38.6,4.91
2013-04-27 22:15:00+00:00,USGS-05480986,38.6,4.91
2013-04-27 22:30:00+00:00,USGS-05480986,38.6,4.91
2013-04-27 22:45:00+00:00,USGS-05480986,38.5,4.91
2013-04-27 23:00:00+00:00,USGS-05480986,38.6,4.91
2013-04-27 23:15:00+00:00,USGS-05480986,38.5,4.91
2013-04-27 23:30:00+00:00,USGS-05480986,38.6,4.91
2013-04-27 23:45:00+00:00,USGS-05480986,38.5,4.91
2013-04-28 00:00:00+00:00,USGS-05480986,38.5,4.91
2013-04-28 00:15:00+00:00,USGS-05480986,38.5,4.91
2013-04-28 00:30:00+00:00,USGS-05480986,38.5,4.91
2013-04-28 00:45:00+00:00,USGS-05480986,38.5,4.91
2013-04-28 01:00:00+00:00,USGS-05480986,38.5,4.91
2013-04-28 01:15:00+00:00,USGS-05480986,38.5,4.91
2013-04-28 01:30:00+00:00,USGS-05480986,38.4,4.91
2013-04-28 01:45:00+00:00,USGS-05480986,38.5,4.91
2013-04-28 02:00:00+00:00,USGS-05480986,38.5,4.91
2013-04-28 02:15:00+00:00,USGS-05480986,38.4,4.91
2013-04-28 02:30:00+00:00,USGS-05480986,38.4,4.91
2013-04-28 02:45:00+00:00,USGS-05480986,38.5,4.91
2013-04-28 03:00:00+00:00,USGS-05480986,38.5,4.91
2013-04-28 03:15:00+00:00,USGS-05480986,38.4,4.91
2013-04-28 03:30:00+00:00,USGS-05480986,38.4,4.91
2013-04-28 03:45:00+00:00,USGS-05480986,38.5,4.91
2013-04-28 04:00:00+00:00,USGS-05480986,38.4,4.91
2013-04-28 04:15:00+00:00,USGS-05480986,38.4,4.91
2013-04-28 04:30:00+00:00,USGS-05480986,38.4,4.91
2013-04-28 04:45:00+00:00,USGS-05480986,38.4,4.91
2013-04-28 05:00:00+00:00,USGS-05480986,38.4,4.91
2013-04-28 05:15:00+00:00,USGS-05480986,38.4,4.91
2013-04-28 05:30:00+00:00,USGS-05480986,38.4,4.91
2013-04-28 05:45:00+00:00,USGS-05480986,38.4,4.91
2013-04-28 06:00:00+00:00,USGS-05480986,38.4,4.91
2013-04-28 06:15:00+00:00,USGS-05480986,38.4,4.91
2013-04-28 06:30:00+00:00,USGS-05480986,38.4,4.91
2013-04-28 06:45:00+00:00,USGS-05480986,38.4,4.91
2013-04-28 07:00:00+00:00,USGS-05480986,38.4,4.91
2013-04-28 07:15:00+00:00,USGS-05480986,38.4,4.91
2013-04-28 07:30:00+00:00,USGS-05480986,38.4,4.91
2013-04-28 07:45:00+00:00,USGS-05480986,38.4,4.91
2013-04-28 08:00:00+00:00,USGS-05480986,38.4,4.91
2013-04-28 08:15:00+00:00,USGS-05480986,38.4,4.91
2013-04-28 08:30:00+00:00,USGS-05480986,38.4,4.91
2013-04-28 08:45:00+00:00,USGS-05480986,38.4,4.91
2013-04-28 09:00:00+00:00,USGS-05480986,38.4,4.74
2013-04-28 09:15:00+00:00,USGS-05480986,38.4,4.74
2013-04-28 09:30:00+00:00,USGS-05480986,38.5,4.74
2013-04-28 09:45:00+00:00,USGS-05480986,38.5,4.74
2013-04-28 10:00:00+00:00,USGS-05480986,38.5,4.74
2013-04-28 10:15:00+00:00,USGS-05480986,38.5,4.74
2013-04-28 10:30:00+00:00,USGS-05480986,38.5,4.74
2013-04-28 10:45:00+00:00,USGS-05480986,38.4,4.74
2013-04-28 11:00:00+00:00,USGS-05480986,38.5,4.74
2013-04-28 11:15:00+00:00,USGS-05480986,38.5,4.74
2013-04-28 11:30:00+00:00,USGS-05480986,38.5,4.74
2013-04-28 11:45:00+00:00,USGS-05480986,38.5,4.74
2013-04-28 12:00:00+00:00,USGS-05480986,38.5,4.74
2013-04-28 12:15:00+00:00,USGS-05480986,38.5,4.74
2013-04-28 12:30:00+00:00,USGS-05480986,38.5,4.74
2013-04-28 12:45:00+00:00,USGS-05480986,38.5,4.74
2013-04-28 13:00:00+00:00,USGS-05480986,38.4,4.74
2013-04-28 13:15:00+00:00,USGS-05480986,38.5,4.74
2013-04-28 13:30:00+00:00,USGS-05480986,38.4,4.74
2013-04-28 13:45:00+00:00,USGS-05480986,38.5,4.74
2013-04-28 14:00:00+00:00,USGS-05480986,38.4,4.74
2013-04-28 14:15:00+00:00,USGS-05480986,38.4,4.74
2013-04-28 14:30:00+00:00,USGS-05480986,38.4,4.74
2013-04-28 14:45:00+00:00,USGS-05480986,38.4,4.74
2013-04-28 15:00:00+00:00,USGS-05480986,38.4,4.74
2013-04-28 15:15:00+00:00,USGS-05480986,38.5,4.74
2013-04-28 15:30:00+00:00,USGS-05480986,38.5,4.74
2013-04-28 15:45:00+00:00,USGS-05480986,38.5,4.74
2013-04-28 16:00:00+00:00,USGS-05480986,38.5,4.74
2013-04-28 16:15:00+00:00,USGS-05480986,38.5,4.74
2013-04-28 16:30:00+00:00,USGS-05480986,38.5,4.74
2013-04-28 16:45:00+00:00,USGS-05480986,38.5,4.74
2013-04-28 17:00:00+00:00,USGS-05480986,38.6,4.74
2013-04-28 17:15:00+00:00,USGS-05480986,38.5,4.74
2013-04-28 17:30:00+00:00,USGS-05480986,38.6,4.74
2013-04-28 17:45:00+00:00,USGS-05480986,38.6,4.74
2013-04-28 18:00:00+00:00,USGS-05480986,38.5,4.74
2013-04-28 18:15:00+00:00,USGS-05480986,38.5,4.74
2013-04-28 18:30:00+00:00,USGS-05480986,38.5,4.74
2013-04-28 18:45:00+00:00,USGS-05480986,38.5,4.74
2013-04-28 19:00:00+00:00,USGS-05480986,38.5,4.74
2013-04-28 19:15:00+00:00,USGS-05480986,38.5,4.74
2013-04-28 19:30:00+00:00,USGS-05480986,38.5,4.74
2013-04-28 19:45:00+00:00,USGS-05480986,38.5,4.58
2013-04-28 20:00:00+00:00,USGS-05480986,38.5,4.74
2013-04-28 20:15:00+00:00,USGS-05480986,38.5,4.74
2013-04-28 20:30:00+00:00,USGS-05480986,38.5,4.58
2013-04-28 20:45:00+00:00,USGS-05480986,38.5,4.74
2013-04-28 21:00:00+00:00,USGS-05480986,38.5,4.58
2013-04-28 21:15:00+00:00,USGS-05480986,38.5,4.74
2013-04-28 21:30:00+00:00,USGS-05480986,38.5,4.58
2013-04-28 21:45:00+00:00,USGS-05480986,38.4,4.58
2013-04-28 22:00:00+00:00,USGS-05480986,38.4,4.58
2013-04-28 22:15:00+00:00,USGS-05480986,38.4,4.58
2013-04-28 22:30:00+00:00,USGS-05480986,38.4,4.58
2013-04-28 22:45:00+00:00,USGS-05480986,38.4,4.58
2013-04-28 23:00:00+00:00,USGS-05480986,38.4,4.58
2013-04-28 23:15:00+00:00,USGS-05480986,38.4,4.58
2013-04-28 23:30:00+00:00,USGS-05480986,38.4,4.58
2013-04-28 23:45:00+00:00,USGS-05480986,38.4,4.58
2013-04-29 00:00:00+00:00,USGS-05480986,38.4,4.58
2013-04-29 00:15:00+00:00,USGS-05480986,38.4,4.58
2013-04-29 00:30:00+00:00,USGS-05480986,38.4,4.58
2013-04-29 00:45:00+00:00,USGS-05480986,38.4,4.58
2013-04-29 01:00:00+00:00,USGS-05480986,38.4,4.58
2013-04-29 01:15:00+00:00,USGS-05480986,38.4,4.58
2013-04-29 01:30:00+00:00,USGS-05480986,38.4,4.58
2013-04-29 01:45:00+00:00,USGS-05480986,38.4,4.58
2013-04-29 02:00:00+00:00,USGS-05480986,38.4,4.58
2013-04-29 02:15:00+00:00,USGS-05480986,38.4,4.58
2013-04-29 02:30:00+00:00,USGS-05480986,38.4,4.58
2013-04-29 02:45:00+00:00,USGS-05480986,38.4,4.58
2013-04-29 03:00:00+00:00,USGS-05480986,38.4,4.58
2013-04-29 03:15:00+00:00,USGS-05480986,38.4,4.58
2013-04-29 03:30:00+00:00,USGS-05480986,38.4,4.58
2013-04-29 03:45:00+00:00,USGS-05480986,38.4,4.58
2013-04-29 04:00:00+00:00,USGS-05480986,38.4,4.58
2013-04-29 04:15:00+00:00,USGS-05480986,38.4,4.58
2013-04-29 04:30:00+00:00,USGS-05480986,38.4,4.58
2013-04-29 04:45:00+00:00,USGS-05480986,38.4,4.58
2013-04-29 05:00:00+00:00,USGS-05480986,38.4,4.58
2013-04-29 05:15:00+00:00,USGS-05480986,38.3,4.58
2013-04-29 05:30:00+00:00,USGS-05480986,38.4,4.58
2013-04-29 05:45:00+00:00,USGS-05480986,38.3,4.58
2013-04-29 06:00:00+00:00,USGS-05480986,38.3,4.58
2013-04-29 06:15:00+00:00,USGS-05480986,38.3,4.58
2013-04-29 06:30:00+00:00,USGS-05480986,38.3,4.58
2013-04-29 06:45:00+00:00,USGS-05480986,38.3,4.58
2013-04-29 07:00:00+00:00,USGS-05480986,38.4,4.58
2013-04-29 07:15:00+00:00,USGS-05480986,38.4,4.58
2013-04-29 07:30:00+00:00,USGS-05480986,38.4,4.58
2013-04-29 07:45:00+00:00,USGS-05480986,38.4,4.58
2013-04-29 08:00:00+00:00,USGS-05480986,38.4,4.42
2013-04-29 08:15:00+00:00,USGS-05480986,38.4,4.42
2013-04-29 08:30:00+00:00,USGS-05480986,38.4,4.42
2013-04-29 08:45:00+00:00,USGS-05480986,38.4,4.42
2013-04-29 09:00:00+00:00,USGS-05480986,38.4,4.42
2013-04-29 09:15:00+00:00,USGS-05480986,38.4,4.42
2013-04-29 09:30:00+00:00,USGS-05480986,38.5,4.42
2013-04-29 09:45:00+00:00,USGS-05480986,38.5,4.42
2013-04-29 10:00:00+00:00,USGS-05480986,38.4,4.42
2013-04-29 10:15:00+00:00,USGS-05480986,38.5,4.42
2013-04-29 10:30:00+00:00,USGS-05480986,38.5,4.42
2013-04-29 10:45:00+00:00,USGS-05480986,38.5,4.42
2013-04-29 11:00:00+00:00,USGS-05480986,38.5,4.42
2013-04-29 11:15:00+00:00,USGS-05480986,38.5,4.42
2013-04-29 11:30:00+00:00,USGS-05480986,38.5,4.42
2013-04-29 11:45:00+00:00,USGS-05480986,38.4,4.42
2013-04-29 12:00:00+00:00,USGS-05480986,38.5,4.42
2013-04-29 12:15:00+00:00,USGS-05480986,38.5,4.42
2013-04-29 12:30:00+00:00,USGS-05480986,38.5,4.42
2013-04-29 12:45:00+00:00,USGS-05480986,38.4,4.42
2013-04-29 13:00:00+00:00,USGS-05480986,38.4,4.42
2013-04-29 13:15:00+00:00,USGS-05480986,38.4,4.42
2013-04-29 13:30:00+00:00,USGS-05480986,38.4,4.42
2013-04-29 13:45:00+00:00,USGS-05480986,38.4,4.42
2013-04-29 14:00:00+00:00,USGS-05480986,38.4,4.42
2013-04-29 14:15:00+00:00,USGS-05480986,38.4,4.42
2013-04-29 14:30:00+00:00,USGS-05480986,38.4,4.42
2013-04-29 14:45:00+00:00,USGS-05480986,38.4,4.42
2013-04-29 15:00:00+00:00,USGS-05480986,38.4,4.42
2013-04-29 15:15:00+00:00,USGS-05480986,38.4,4.42
2013-04-29 15:30:00+00:00,USGS-05480986,38.4,4.42
2013-04-29 15:45:00+00:00,USGS-05480986,38.4,4.42
2013-04-29 16:00:00+00:00,USGS-05480986,38.4,4.42
2013-04-29 16:15:00+00:00,USGS-05480986,38.4,4.42
2013-04-29 16:30:00+00:00,USGS-05480986,38.4,4.42
2013-04-29 16:45:00+00:00,USGS-05480986,38.4,4.42
2013-04-29 17:00:00+00:00,USGS-05480986,38.4,4.58
2013-04-29 17:15:00+00:00,USGS-05480986,38.4,4.58
2013-04-29 17:30:00+00:00,USGS-05480986,38.4,4.58
2013-04-29 17:45:00+00:00,USGS-05480986,38.4,4.58
2013-04-29 18:00:00+00:00,USGS-05480986,38.4,5.99
2013-04-29 18:15:00+00:00,USGS-05480986,38.4,10.2
2013-04-29 18:30:00+00:00,USGS-05480986,38.6,12.4
2013-04-29 18:45:00+00:00,USGS-05480986,38.6,12.9
2013-04-29 19:00:00+00:00,USGS-05480986,38.6,13.1
2013-04-29 19:15:00+00:00,USGS-05480986,38.8,13.1
2013-04-29 19:30:00+00:00,USGS-05480986,39.1,13.4
2013-04-29 19:45:00+00:00,USGS-05480986,39.2,13.1
2013-04-29 20:00:00+00:00,USGS-05480986,38.9,13.1
2013-04-29 20:15:00+00:00,USGS-05480986,38.4,12.9
2013-04-29 20:30:00+00:00,USGS-05480986,37.9,12.9
2013-04-29 20:45:00+00:00,USGS-05480986,37.8,12.6
2013-04-29 21:00:00+00:00,USGS-05480986,37.7,12.6
2013-04-29 21:15:00+00:00,USGS-05480986,37.6,12.4
2013-04-29 21:30:00+00:00,USGS-05480986,37.1,12.4
2013-04-29 21:45:00+00:00,USGS-05480986,36.1,12.1
2013-04-29 22:00:00+00:00,USGS-05480986,34.5,12.1
2013-04-29 22:15:00+00:00,USGS-05480986,32.9,12.1
2013-04-29 22:30:00+00:00,USGS-05480986,31.6,11.9
2013-04-29 22:45:00+00:00,USGS-05480986,30.7,11.9
2013-04-29 23:00:00+00:00,USGS-05480986,30.4,11.9
2013-04-29 23:15:00+00:00,USGS-05480986,30.3,11.6
2013-04-29 23:30:00+00:00,USGS-05480986,30.4,11.6
2013-04-29 23:45:00+00:00,USGS-05480986,30.7,11.4
2013-04-30 00:00:00+00:00,USGS-05480986,30.9,11.4
2013-04-30 00:15:00+00:00,USGS-05480986,31.1,11.4
2013-04-30 00:30:00+00:00,USGS-05480986,31.3,11.4
2013-04-30 00:45:00+00:00,USGS-05480986,31.6,11.4
2013-04-30 01:00:00+00:00,USGS-05480986,31.7,11.1
2013-04-30 01:15:00+00:00,USGS-05480986,31.9,11.1
2013-04-30 01:30:00+00:00,USGS-05480986,32.0,11.1
2013-04-30 01:45:00+00:00,USGS-05480986,32.3,10.9
2013-04-30 02:00:00+00:00,USGS-05480986,32.5,10.9
2013-04-30 02:15:00+00:00,USGS-05480986,32.7,10.9
2013-04-30 02:30:00+00:00,USGS-05480986,32.9,10.9
2013-04-30 02:45:00+00:00,USGS-05480986,33.1,10.9
2013-04-30 03:00:00+00:00,USGS-05480986,33.3,10.6
2013-04-30 03:15:00+00:00,USGS-05480986,33.5,10.6
2013-04-30 03:30:00+00:00,USGS-05480986,33.6,10.6
2013-04-30 03:45:00+00:00,USGS-05480986,33.8,10.6
2013-04-30 04:00:00+00:00,USGS-05480986,33.9,10.4
2013-04-30 04:15:00+00:00,USGS-05480986,34.0,10.4
2013-04-30 04:30:00+00:00,USGS-05480986,34.1,10.4
2013-04-30 04:45:00+00:00,USGS-05480986,34.2,10.2
2013-04-30 05:00:00+00:00,USGS-05480986,34.2,10.4
2013-04-30 05:15:00+00:00,USGS-05480986,34.2,10.4
2013-04-30 05:30:00+00:00,USGS-05480986,34.1,10.4
2013-04-30 05:45:00+00:00,USGS-05480986,34.2,10.4
2013-04-30 06:00:00+00:00,USGS-05480986,34.2,10.4
2013-04-30 06:15:00+00:00,USGS-05480986,34.2,10.4
2013-04-30 06:30:00+00:00,USGS-05480986,34.4,10.2
2013-04-30 06:45:00+00:00,USGS-05480986,34.5,10.2
2013-04-30 07:00:00+00:00,USGS-05480986,34.5,10.2
2013-04-30 07:15:00+00:00,USGS-05480986,34.5,10.2
2013-04-30 07:30:00+00:00,USGS-05480986,34.6,10.2
2013-04-30 07:45:00+00:00,USGS-05480986,34.6,10.2
2013-04-30 08:00:00+00:00,USGS-05480986,34.7,9.91
2013-04-30 08:15:00+00:00,USGS-05480986,34.7,9.91
2013-04-30 08:30:00+00:00,USGS-05480986,34.8,9.91
2013-04-30 08:45:00+00:00,USGS-05480986,34.9,9.91
2013-04-30 09:00:00+00:00,USGS-05480986,34.9,9.64
2013-04-30 09:15:00+00:00,USGS-05480986,34.9,9.64
2013-04-30 09:30:00+00:00,USGS-05480986,35.0,9.64
2013-04-30 09:45:00+00:00,USGS-05480986,35.0,9.64
2013-04-30 10:00:00+00:00,USGS-05480986,35.1,9.64
2013-04-30 10:15:00+00:00,USGS-05480986,35.2,9.64
2013-04-30 10:30:00+00:00,USGS-05480986,35.2,9.38
2013-04-30 10:45:00+00:00,USGS-05480986,35.2,9.38
2013-04-30 11:00:00+00:00,USGS-05480986,35.3,9.38
2013-04-30 11:15:00+00:00,USGS-05480986,35.3,9.38
2013-04-30 11:30:00+00:00,USGS-05480986,35.3,9.38
2013-04-30 11:45:00+00:00,USGS-05480986,35.4,9.38
2013-04-30 12:00:00+00:00,USGS-05480986,35.3,9.38
2013-04-30 12:15:00+00:00,USGS-05480986,35.4,9.38
2013-04-30 12:30:00+00:00,USGS-05480986,35.4,9.38
2013-04-30 12:45:00+00:00,USGS-05480986,35.4,9.64
2013-04-30 13:00:00+00:00,USGS-05480986,35.6,9.91
2013-04-30 13:15:00+00:00,USGS-05480986,35.6,9.91
2013-04-30 13:30:00+00:00,USGS-05480986,35.6,9.91
2013-04-30 13:45:00+00:00,USGS-05480986,35.6,9.91
2013-04-30 14:00:00+00:00,USGS-05480986,35.6,9.91
2013-04-30 14:15:00+00:00,USGS-05480986,35.8,9.91
2013-04-30 14:30:00+00:00,USGS-05480986,35.8,9.91
2013-04-30 14:45:00+00:00,USGS-05480986,35.8,9.91
2013-04-30 15:00:00+00:00,USGS-05480986,35.8,9.91
2013-04-30 15:15:00+00:00,USGS-05480986,35.8,9.91
2013-04-30 15:30:00+00:00,USGS-05480986,35.8,9.91
2013-04-30 15:45:00+00:00,USGS-05480986,35.8,9.91
2013-04-30 16:00:00+00:00,USGS-05480986,35.8,9.91
2013-04-30 16:15:00+00:00,USGS-05480986,35.9,9.64
2013-04-30 16:30:00+00:00,USGS-05480986,35.9,9.64
2013-04-30 16:45:00+00:00,USGS-05480986,36.0,9.64
2013-04-30 17:00:00+00:00,USGS-05480986,36.1,9.64
2013-04-30 17:15:00+00:00,USGS-05480986,36.1,9.64
2013-04-30 17:30:00+00:00,USGS-05480986,36.1,9.64
2013-04-30 17:45:00+00:00,USGS-05480986,36.1,9.38
2013-04-30 18:00:00+00:00,USGS-05480986,36.1,9.38
2013-04-30 18:15:00+00:00,USGS-05480986,35.9,9.38
2013-04-30 18:30:00+00:00,USGS-05480986,35.9,9.38
2013-04-30 18:45:00+00:00,USGS-05480986,35.6,9.38
2013-04-30 19:00:00+00:00,USGS-05480986,35.5,9.12
2013-04-30 19:15:00+00:00,USGS-05480986,35.4,9.12
2013-04-30 19:30:00+00:00,USGS-05480986,35.2,9.12
2013-04-30 19:45:00+00:00,USGS-05480986,35.1,9.12
2013-04-30 20:00:00+00:00,USGS-05480986,34.9,9.12
2013-04-30 20:15:00+00:00,USGS-05480986,34.9,8.87
2013-04-30 20:30:00+00:00,USGS-05480986,34.8,9.12
2013-04-30 20:45:00+00:00,USGS-05480986,34.8,8.87
2013-04-30 21:00:00+00:00,USGS-05480986,34.8,8.87
2013-04-30 21:15:00+00:00,USGS-05480986,34.7,8.87
2013-04-30 21:30:00+00:00,USGS-05480986,34.7,8.87
2013-04-30 21:45:00+00:00,USGS-05480986,34.7,8.87
2013-04-30 22:00:00+00:00,USGS-05480986,34.7,8.87
2013-04-30 22:15:00+00:00,USGS-05480986,34.7,8.62
2013-04-30 22:30:00+00:00,USGS-05480986,34.8,8.62
2013-04-30 22:45:00+00:00,USGS-05480986,34.9,8.62
2013-04-30 23:00:00+00:00,USGS-05480986,34.9,8.62
2013-04-30 23:15:00+00:00,USGS-05480986,34.9,8.62
2013-04-30 23:30:00+00:00,USGS-05480986,34.9,8.62
2013-04-30 23:45:00+00:00,USGS-05480986,34.9,8.62
2013-05-01 00:00:00+00:00,USGS-05480986,35.0,8.37
2013-05-01 00:15:00+00:00,USGS-05480986,35.0,8.37
2013-05-01 00:30:00+00:00,USGS-05480986,35.1,8.37
2013-05-01 00:45:00+00:00,USGS-05480986,35.1,8.37
2013-05-01 01:00:00+00:00,USGS-05480986,35.2,8.37
2013-05-01 01:15:00+00:00,USGS-05480986,35.2,8.37
2013-05-01 01:30:00+00:00,USGS-05480986,35.3,8.37
2013-05-01 01:45:00+00:00,USGS-05480986,35.3,8.37
2013-05-01 02:00:00+00:00,USGS-05480986,35.4,8.13
2013-05-01 02:15:00+00:00,USGS-05480986,35.4,8.13
2013-05-01 02:30:00+00:00,USGS-05480986,35.4,8.13
2013-05-01 02:45:00+00:00,USGS-05480986,35.4,8.13
2013-05-01 03:00:00+00:00,USGS-05480986,35.4,8.13
2013-05-01 03:15:00+00:00,USGS-05480986,35.5,8.13
2013-05-01 03:30:00+00:00,USGS-05480986,35.5,8.13
2013-05-01 03:45:00+00:00,USGS-05480986,35.6,8.13
2013-05-01 04:00:00+00:00,USGS-05480986,35.6,8.13
2013-05-01 04:15:00+00:00,USGS-05480986,35.6,8.13
2013-05-01 04:30:00+00:00,USGS-05480986,35.7,8.13
2013-05-01 04:45:00+00:00,USGS-05480986,35.8,7.9
2013-05-01 05:00:00+00:00,USGS-05480986,35.8,7.9
2013-05-01 05:15:00+00:00,USGS-05480986,35.8,7.9
2013-05-01 05:30:00+00:00,USGS-05480986,35.9,7.9
2013-05-01 05:45:00+00:00,USGS-05480986,35.9,7.9
2013-05-01 06:00:00+00:00,USGS-05480986,36.0,7.9
2013-05-01 06:15:00+00:00,USGS-05480986,36.1,7.67
2013-05-01 06:30:00+00:00,USGS-05480986,36.1,7.67
2013-05-01 06:45:00+00:00,USGS-05480986,36.2,7.67
2013-05-01 07:00:00+00:00,USGS-05480986,36.2,7.67
2013-05-01 07:15:00+00:00,USGS-05480986,36.3,7.67
2013-05-01 07:30:00+00:00,USGS-05480986,36.3,7.44
2013-05-01 07:45:00+00:00,USGS-05480986,36.3,7.44
2013-05-01 08:00:00+00:00,USGS-05480986,36.5,7.44
2013-05-01 08:15:00+00:00,USGS-05480986,36.5,7.44
2013-05-01 08:30:00+00:00,USGS-05480986,36.5,7.44
2013-05-01 08:45:00+00:00,USGS-05480986,36.5,7.44
2013-05-01 09:00:00+00:00,USGS-05480986,36.6,7.22
2013-05-01 09:15:00+00:00,USGS-05480986,36.7,7.22
2013-05-01 09:30:00+00:00,USGS-05480986,36.7,7.22
2013-05-01 09:45:00+00:00,USGS-05480986,36.8,7.22
2013-05-01 10:00:00+00:00,USGS-05480986,36.8,7.22
2013-05-01 10:15:00+00:00,USGS-05480986,36.8,7.22
2013-05-01 10:30:00+00:00,USGS-05480986,36.8,7.22
2013-05-01 10:45:00+00:00,USGS-05480986,36.9,7.22
2013-05-01 11:00:00+00:00,USGS-05480986,37.0,7.01
2013-05-01 11:15:00+00:00,USGS-05480986,37.0,7.22
2013-05-01 11:30:00+00:00,USGS-05480986,37.0,7.01
2013-05-01 11:45:00+00:00,USGS-05480986,37.1,7.01
2013-05-01 12:00:00+00:00,USGS-05480986,37.2,7.01
2013-05-01 12:15:00+00:00,USGS-05480986,37.2,7.01
2013-05-01 12:30:00+00:00,USGS-05480986,37.3,7.01
2013-05-01 12:45:00+00:00,USGS-05480986,37.3,7.01
2013-05-01 13:00:00+00:00,USGS-05480986,37.3,7.01
2013-05-01 13:15:00+00:00,USGS-05480986,37.4,7.01
2013-05-01 13:30:00+00:00,USGS-05480986,37.5,7.01
2013-05-01 13:45:00+00:00,USGS-05480986,37.5,7.01
2013-05-01 14:00:00+00:00,USGS-05480986,37.5,7.01
2013-05-01 14:15:00+00:00,USGS-05480986,37.5,6.8
2013-05-01 14:30:00+00:00,USGS-05480986,37.5,6.8
2013-05-01 14:45:00+00:00,USGS-05480986,37.5,6.8
2013-05-01 15:00:00+00:00,USGS-05480986,37.6,6.8
2013-05-01 15:15:00+00:00,USGS-05480986,37.7,6.8
2013-05-01 15:30:00+00:00,USGS-05480986,37.7,6.8
2013-05-01 15:45:00+00:00,USGS-05480986,37.7,6.8
2013-05-01 16:00:00+00:00,USGS-05480986,37.8,6.8
2013-05-01 16:15:00+00:00,USGS-05480986,37.8,6.8
2013-05-01 16:30:00+00:00,USGS-05480986,37.8,6.8
2013-05-01 16:45:00+00:00,USGS-05480986,37.8,6.59
2013-05-01 17:00:00+00:00,USGS-05480986,37.8,6.59
2013-05-01 17:15:00+00:00,USGS-05480986,37.9,6.59
2013-05-01 17:30:00+00:00,USGS-05480986,38.0,6.59
2013-05-01 17:45:00+00:00,USGS-05480986,38.0,6.59
2013-05-01 18:00:00+00:00,USGS-05480986,38.0,6.59
2013-05-01 18:15:00+00:00,USGS-05480986,38.0,6.59
2013-05-01 18:30:00+00:00,USGS-05480986,38.0,6.59
2013-05-01 18:45:00+00:00,USGS-05480986,38.0,6.59
2013-05-01 19:00:00+00:00,USGS-05480986,38.1,6.59
2013-05-01 19:15:00+00:00,USGS-05480986,38.0,6.59
2013-05-01 19:30:00+00:00,USGS-05480986,38.0,6.38
2013-05-01 19:45:00+00:00,USGS-05480986,38.0,6.38
2013-05-01 20:00:00+00:00,USGS-05480986,38.0,6.38
2013-05-01 20:15:00+00:00,USGS-05480986,38.0,6.38
2013-05-01 20:30:00+00:00,USGS-05480986,38.0,6.38
2013-05-01 20:45:00+00:00,USGS-05480986,38.0,6.38
2013-05-01 21:00:00+00:00,USGS-05480986,38.0,6.38
2013-05-01 21:15:00+00:00,USGS-05480986,38.0,6.38
2013-05-01 21:30:00+00:00,USGS-05480986,38.0,6.38
2013-05-01 21:45:00+00:00,USGS-05480986,38.0,6.38
2013-05-01 22:00:00+00:00,USGS-05480986,38.0,6.38
2013-05-01 22:15:00+00:00,USGS-05480986,38.0,6.38
2013-05-01 22:30:00+00:00,USGS-05480986,38.0,6.38
2013-05-01 22:45:00+00:00,USGS-05480986,38.0,6.38
2013-05-01 23:00:00+00:00,USGS-05480986,38.0,6.38
2013-05-01 23:15:00+00:00,USGS-05480986,38.0,6.38
2013-05-01 23:30:00+00:00,USGS-05480986,38.0,6.38
2013-05-01 23:45:00+00:00,USGS-05480986,38.1,6.38
2013-05-02 00:00:00+00:00,USGS-05480986,38.1,6.38
2013-05-02 00:15:00+00:00,USGS-05480986,38.1,6.38
2013-05-02 00:30:00+00:00,USGS-05480986,38.1,6.38
2013-05-02 00:45:00+00:00,USGS-05480986,38.1,6.38
2013-05-02 01:00:00+00:00,USGS-05480986,38.1,6.38
2013-05-02 01:15:00+00:00,USGS-05480986,38.1,6.38
2013-05-02 01:30:00+00:00,USGS-05480986,38.1,6.38
2013-05-02 01:45:00+00:00,USGS-05480986,38.1,6.38
2013-05-02 02:00:00+00:00,USGS-05480986,38.1,6.38
2013-05-02 02:15:00+00:00,USGS-05480986,38.1,6.38
2013-05-02 02:30:00+00:00,USGS-05480986,38.0,6.38
2013-05-02 02:45:00+00:00,USGS-05480986,38.0,6.38
2013-05-02 03:00:00+00:00,USGS-05480986,38.0,6.38
2013-05-02 03:15:00+00:00,USGS-05480986,38.0,6.38
2013-05-02 03:30:00+00:00,USGS-05480986,37.9,6.38
2013-05-02 03:45:00+00:00,USGS-05480986,37.8,6.38
2013-05-02 04:00:00+00:00,USGS-05480986,37.8,6.59
2013-05-02 04:15:00+00:00,USGS-05480986,37.7,6.59
2013-05-02 04:30:00+00:00,USGS-05480986,37.6,6.59
2013-05-02 04:45:00+00:00,USGS-05480986,37.5,6.59
2013-05-02 05:00:00+00:00,USGS-05480986,37.5,6.59
2013-05-02 05:15:00+00:00,USGS-05480986,37.3,6.8
2013-05-02 05:30:00+00:00,USGS-05480986,37.1,6.8
2013-05-02 05:45:00+00:00,USGS-05480986,36.8,7.01
2013-05-02 06:00:00+00:00,USGS-05480986,36.7,7.01
2013-05-02 06:15:00+00:00,USGS-05480986,36.5,7.01
2013-05-02 06:30:00+00:00,USGS-05480986,36.4,7.22
2013-05-02 06:45:00+00:00,USGS-05480986,36.1,7.22
2013-05-02 07:00:00+00:00,USGS-05480986,35.8,7.22
2013-05-02 07:15:00+00:00,USGS-05480986,35.7,7.67
2013-05-02 07:30:00+00:00,USGS-05480986,35.5,7.44
2013-05-02 07:45:00+00:00,USGS-05480986,35.5,7.67
2013-05-02 08:00:00+00:00,USGS-05480986,35.3,7.67
2013-05-02 08:15:00+00:00,USGS-05480986,35.3,7.67
2013-05-02 08:30:00+00:00,USGS-05480986,35.1,7.67
2013-05-02 08:45:00+00:00,USGS-05480986,35.0,7.67
2013-05-02 09:00:00+00:00,USGS-05480986,34.8,7.9
2013-05-02 09:15:00+00:00,USGS-05480986,34.6,8.13
2013-05-02 09:30:00+00:00,USGS-05480986,34.4,8.13
2013-05-02 09:45:00+00:00,USGS-05480986,34.2,8.37
2013-05-02 10:00:00+00:00,USGS-05480986,34.2,8.37
2013-05-02 10:15:00+00:00,USGS-05480986,34.0,8.37
2013-05-02 10:30:00+00:00,USGS-05480986,34.0,8.37
2013-05-02 10:45:00+00:00,USGS-05480986,34.0,8.37
2013-05-02 11:00:00+00:00,USGS-05480986,34.0,8.37
2013-05-02 11:15:00+00:00,USGS-05480986,34.1,8.37
2013-05-02 11:30:00+00:00,USGS-05480986,34.0,8.62
2013-05-02 11:45:00+00:00,USGS-05480986,33.9,9.38
2013-05-02 12:00:00+00:00,USGS-05480986,33.8,9.91
2013-05-02 12:15:00+00:00,USGS-05480986,33.7,10.6
2013-05-02 12:30:00+00:00,USGS-05480986,33.7,11.1
2013-05-02 12:45:00+00:00,USGS-05480986,33.7,11.6
2013-05-02 13:00:00+00:00,USGS-05480986,33.7,12.1
2013-05-02 13:15:00+00:00,USGS-05480986,33.8,12.6
2013-05-02 13:30:00+00:00,USGS-05480986,33.7,13.1
2013-05-02 13:45:00+00:00,USGS-05480986,33.6,13.7
2013-05-02 14:00:00+00:00,USGS-05480986,33.3,14.2
2013-05-02 14:15:00+00:00,USGS-05480986,33.0,14.8
2013-05-02 14:30:00+00:00,USGS-05480986,32.6,15.1
2013-05-02 14:45:00+00:00,USGS-05480986,32.1,15.7
2013-05-02 15:00:00+00:00,USGS-05480986,31.9,16.0
2013-05-02 15:15:00+00:00,USGS-05480986,31.7,15.4
2013-05-02 15:30:00+00:00,USGS-05480986,31.4,16.0
2013-05-02 15:45:00+00:00,USGS-05480986,31.1,16.6
2013-05-02 16:00:00+00:00,USGS-05480986,30.8,16.3
2013-05-02 16:15:00+00:00,USGS-05480986,30.3,16.3
2013-05-02 16:30:00+00:00,USGS-05480986,29.7,15.7
2013-05-02 16:45:00+00:00,USGS-05480986,29.1,15.7
2013-05-02 17:00:00+00:00,USGS-05480986,28.5,16.0
2013-05-02 17:15:00+00:00,USGS-05480986,28.0,16.0
2013-05-02 17:30:00+00:00,USGS-05480986,27.6,15.7
2013-05-02 17:45:00+00:00,USGS-05480986,27.4,16.0
2013-05-02 18:00:00+00:00,USGS-05480986,27.1,16.0
2013-05-02 18:15:00+00:00,USGS-05480986,26.9,15.7
2013-05-02 18:30:00+00:00,USGS-05480986,27.0,16.3
2013-05-02 18:45:00+00:00,USGS-05480986,27.1,16.0
2013-05-02 19:00:00+00:00,USGS-05480986,27.3,16.3
2013-05-02 19:15:00+00:00,USGS-05480986,27.7,16.3
2013-05-02 19:30:00+00:00,USGS-05480986,28.1,16.6
2013-05-02 19:45:00+00:00,USGS-05480986,28.4,16.9
2013-05-02 20:00:00+00:00,USGS-05480986,28.9,16.6
2013-05-02 20:15:00+00:00,USGS-05480986,29.4,16.9
2013-05-02 20:30:00+00:00,USGS-05480986,29.8,17.2
2013-05-02 20:45:00+00:00,USGS-05480986,30.2,17.2
2013-05-02 21:00:00+00:00,USGS-05480986,30.5,17.5
2013-05-02 21:15:00+00:00,USGS-05480986,30.8,17.5
2013-05-02 21:30:00+00:00,USGS-05480986,31.1,17.8
2013-05-02 21:45:00+00:00,USGS-05480986,31.3,18.1
2013-05-02 22:00:00+00:00,USGS-05480986,31.5,18.1
2013-05-02 22:15:00+00:00,USGS-05480986,31.7,18.5
2013-05-02 22:30:00+00:00,USGS-05480986,31.9,18.8
2013-05-02 22:45:00+00:00,USGS-05480986,32.1,18.8
2013-05-02 23:00:00+00:00,USGS-05480986,32.3,19.1
2013-05-02 23:15:00+00:00,USGS-05480986,32.4,19.5
2013-05-02 23:30:00+00:00,USGS-05480986,32.5,19.5
2013-05-02 23:45:00+00:00,USGS-05480986,32.5,19.8
2013-05-03 00:00:00+00:00,USGS-05480986,32.7,20.1
2013-05-03 00:15:00+00:00,USGS-05480986,32.7,20.5
2013-05-03 00:30:00+00:00,USGS-05480986,32.7,20.5
2013-05-03 00:45:00+00:00,USGS-05480986,32.8,20.8
2013-05-03 01:00:00+00:00,USGS-05480986,32.9,20.8
2013-05-03 01:15:00+00:00,USGS-05480986,32.9,21.6
2013-05-03 01:30:00+00:00,USGS-05480986,32.9,21.9
2013-05-03 01:45:00+00:00,USGS-05480986,32.9,21.9
2013-05-03 02:00:00+00:00,USGS-05480986,32.9,22.3
2013-05-03 02:15:00+00:00,USGS-05480986,32.9,22.6
2013-05-03 02:30:00+00:00,USGS-05480986,32.9,23.0
2013-05-03 02:45:00+00:00,USGS-05480986,32.8,23.0
2013-05-03 03:00:00+00:00,USGS-05480986,32.8,23.4
2013-05-03 03:15:00+00:00,USGS-05480986,32.7,24.1
2013-05-03 03:30:00+00:00,USGS-05480986,32.7,24.1
2013-05-03 03:45:00+00:00,USGS-05480986,32.7,24.1
2013-05-03 04:00:00+00:00,USGS-05480986,32.7,24.5
2013-05-03 04:15:00+00:00,USGS-05480986,32.7,24.1
2013-05-03 04:30:00+00:00,USGS-05480986,32.6,24.5
2013-05-03 04:45:00+00:00,USGS-05480986,32.5,24.9
2013-05-03 05:00:00+00:00,USGS-05480986,32.5,25.3
2013-05-03 05:15:00+00:00,USGS-05480986,32.5,25.7
2013-05-03 05:30:00+00:00,USGS-05480986,32.4,25.7
2013-05-03 05:45:00+00:00,USGS-05480986,32.4,26.1
2013-05-03 06:00:00+00:00,USGS-05480986,32.3,26.1
2013-05-03 06:15:00+00:00,USGS-05480986,32.3,25.7
2013-05-03 06:30:00+00:00,USGS-05480986,32.3,25.7
2013-05-03 06:45:00+00:00,USGS-05480986,32.3,26.1
2013-05-03 07:00:00+00:00,USGS-05480986,32.3,26.1
2013-05-03 07:15:00+00:00,USGS-05480986,32.3,26.1
2013-05-03 07:30:00+00:00,USGS-05480986,32.3,26.1
2013-05-03 07:45:00+00:00,USGS-05480986,32.4,25.7
2013-05-03 08:00:00+00:00,USGS-05480986,32.4,26.9
2013-05-03 08:15:00+00:00,USGS-05480986,32.5,26.5
2013-05-03 08:30:00+00:00,USGS-05480986,32.6,26.9
2013-05-03 08:45:00+00:00,USGS-05480986,32.7,26.9
2013-05-03 09:00:00+00:00,USGS-05480986,32.8,26.5
2013-05-03 09:15:00+00:00,USGS-05480986,32.9,26.5
2013-05-03 09:30:00+00:00,USGS-05480986,33.0,26.5
2013-05-03 09:45:00+00:00,USGS-05480986,33.1,26.9
2013-05-03 10:00:00+00:00,USGS-05480986,33.2,26.9
2013-05-03 10:15:00+00:00,USGS-05480986,33.3,26.9
2013-05-03 10:30:00+00:00,USGS-05480986,33.5,26.5
2013-05-03 10:45:00+00:00,USGS-05480986,33.6,26.5
2013-05-03 11:00:00+00:00,USGS-05480986,33.7,26.9
2013-05-03 11:15:00+00:00,USGS-05480986,33.9,26.5
2013-05-03 11:30:00+00:00,USGS-05480986,34.0,26.5
2013-05-03 11:45:00+00:00,USGS-05480986,34.2,26.1
2013-05-03 12:00:00+00:00,USGS-05480986,34.2,26.9
2013-05-03 12:15:00+00:00,USGS-05480986,34.3,26.5
2013-05-03 12:30:00+00:00,USGS-05480986,34.5,26.1
2013-05-03 12:45:00+00:00,USGS-05480986,34.6,26.9
2013-05-03 13:00:00+00:00,USGS-05480986,34.7,26.5
2013-05-03 13:15:00+00:00,USGS-05480986,34.8,26.5
2013-05-03 13:30:00+00:00,USGS-05480986,34.8,26.9
2013-05-03 13:45:00+00:00,USGS-05480986,35.0,26.5
2013-05-03 14:00:00+00:00,USGS-05480986,35.1,26.5
2013-05-03 14:15:00+00:00,USGS-05480986,35.2,26.1
2013-05-03 14:30:00+00:00,USGS-05480986,35.3,26.9
2013-05-03 14:45:00+00:00,USGS-05480986,35.4,26.9
2013-05-03 15:00:00+00:00,USGS-05480986,35.5,26.1
2013-05-03 15:15:00+00:00,USGS-05480986,35.6,26.1
2013-05-03 15:30:00+00:00,USGS-05480986,35.7,25.7
2013-05-03 15:45:00+00:00,USGS-05480986,35.8,26.1
2013-05-03 16:00:00+00:00,USGS-05480986,35.9,25.7
2013-05-03 16:15:00+00:00,USGS-05480986,36.0,26.1
2013-05-03 16:30:00+00:00,USGS-05480986,36.1,26.1
2013-05-03 16:45:00+00:00,USGS-05480986,36.1,26.1
2013-05-03 17:00:00+00:00,USGS-05480986,36.3,26.5
2013-05-03 17:15:00+00:00,USGS-05480986,36.3,26.1
2013-05-03 17:30:00+00:00,USGS-05480986,36.4,26.1
2013-05-03 17:45:00+00:00,USGS-05480986,36.4,26.1
2013-05-03 18:00:00+00:00,USGS-05480986,36.4,26.1
2013-05-03 18:15:00+00:00,USGS-05480986,36.4,26.1
2013-05-03 18:30:00+00:00,USGS-05480986,36.5,26.1
2013-05-03 18:45:00+00:00,USGS-05480986,36.5,26.1
2013-05-03 19:00:00+00:00,USGS-05480986,36.5,26.1
2013-05-03 19:15:00+00:00,USGS-05480986,36.5,26.5
2013-05-03 19:30:00+00:00,USGS-05480986,36.5,26.5
2013-05-03 19:45:00+00:00,USGS-05480986,36.6,26.9
2013-05-03 20:00:00+00:00,USGS-05480986,36.7,26.5
2013-05-03 20:15:00+00:00,USGS-05480986,36.6,26.5
2013-05-03 20:30:00+00:00,USGS-05480986,36.6,26.5
2013-05-03 20:45:00+00:00,USGS-05480986,36.6,26.9
2013-05-03 21:00:00+00:00,USGS-05480986,36.7,26.9
2013-05-03 21:15:00+00:00,USGS-05480986,36.8,27.3
2013-05-03 21:30:00+00:00,USGS-05480986,36.8,27.3
2013-05-03 21:45:00+00:00,USGS-05480986,36.8,27.6
2013-05-03 22:00:00+00:00,USGS-05480986,36.8,27.6
2013-05-03 22:15:00+00:00,USGS-05480986,36.8,27.3
2013-05-03 22:30:00+00:00,USGS-05480986,36.9,26.9
2013-05-03 22:45:00+00:00,USGS-05480986,36.8,27.6
2013-05-03 23:00:00+00:00,USGS-05480986,36.8,27.6
2013-05-03 23:15:00+00:00,USGS-05480986,36.8,28.0
2013-05-03 23:30:00+00:00,USGS-05480986,36.8,27.6
2013-05-03 23:45:00+00:00,USGS-05480986,36.8,28.0
2013-05-04 00:00:00+00:00,USGS-05480986,36.7,28.0
2013-05-04 00:15:00+00:00,USGS-05480986,36.6,28.4
2013-05-04 00:30:00+00:00,USGS-05480986,36.6,28.4
2013-05-04 00:45:00+00:00,USGS-05480986,36.5,28.4
2013-05-04 01:00:00+00:00,USGS-05480986,36.5,28.4
2013-05-04 01:15:00+00:00,USGS-05480986,36.4,28.8
2013-05-04 01:30:00+00:00,USGS-05480986,36.3,28.8
2013-05-04 01:45:00+00:00,USGS-05480986,36.4,29.3
2013-05-04 02:00:00+00:00,USGS-05480986,36.5,29.3
2013-05-04 02:15:00+00:00,USGS-05480986,36.4,29.3
2013-05-04 02:30:00+00:00,USGS-05480986,36.4,29.7
2013-05-04 02:45:00+00:00,USGS-05480986,36.4,29.3
2013-05-04 03:00:00+00:00,USGS-05480986,36.4,29.7
2013-05-04 03:15:00+00:00,USGS-05480986,36.3,29.7
2013-05-04 03:30:00+00:00,USGS-05480986,36.3,29.7
2013-05-04 03:45:00+00:00,USGS-05480986,36.3,30.1
2013-05-04 04:00:00+00:00,USGS-05480986,36.3,29.7
2013-05-04 04:15:00+00:00,USGS-05480986,36.3,30.5
2013-05-04 04:30:00+00:00,USGS-05480986,36.3,30.5
2013-05-04 04:45:00+00:00,USGS-05480986,36.3,30.1
2013-05-04 05:00:00+00:00,USGS-05480986,36.3,30.1
2013-05-04 05:15:00+00:00,USGS-05480986,36.4,30.5
2013-05-04 05:30:00+00:00,USGS-05480986,36.4,30.5
2013-05-04 05:45:00+00:00,USGS-05480986,36.4,30.9
2013-05-04 06:00:00+00:00,USGS-05480986,36.5,30.5
2013-05-04 06:15:00+00:00,USGS-05480986,36.5,30.9
2013-05-04 06:30:00+00:00,USGS-05480986,36.4,30.9
2013-05-04 06:45:00+00:00,USGS-05480986,36.5,30.1
2013-05-04 07:00:00+00:00,USGS-05480986,36.5,30.5
2013-05-04 07:15:00+00:00,USGS-05480986,36.5,30.5
2013-05-04 07:30:00+00:00,USGS-05480986,36.6,30.9
2013-05-04 07:45:00+00:00,USGS-05480986,36.6,30.9
2013-05-04 08:00:00+00:00,USGS-05480986,36.7,30.9
2013-05-04 08:15:00+00:00,USGS-05480986,36.7,30.5
2013-05-04 08:30:00+00:00,USGS-05480986,36.7,30.1
2013-05-04 08:45:00+00:00,USGS-05480986,36.8,30.9
2013-05-04 09:00:00+00:00,USGS-05480986,36.8,31.3
2013-05-04 09:15:00+00:00,USGS-05480986,36.8,30.9
2013-05-04 09:30:00+00:00,USGS-05480986,36.9,30.5
2013-05-04 09:45:00+00:00,USGS-05480986,37.0,30.9
2013-05-04 10:00:00+00:00,USGS-05480986,37.0,30.1
2013-05-04 10:15:00+00:00,USGS-05480986,37.0,30.9
2013-05-04 10:30:00+00:00,USGS-05480986,37.1,30.5
2013-05-04 10:45:00+00:00,USGS-05480986,37.2,30.5
2013-05-04 11:00:00+00:00,USGS-05480986,37.2,30.9
2013-05-04 11:15:00+00:00,USGS-05480986,37.0,31.3
2013-05-04 11:30:00+00:00,USGS-05480986,37.0,30.9
2013-05-04 11:45:00+00:00,USGS-05480986,37.1,30.9
2013-05-04 12:00:00+00:00,USGS-05480986,37.2,30.9
2013-05-04 12:15:00+00:00,USGS-05480986,37.2,30.9
2013-05-04 12:30:00+00:00,USGS-05480986,37.2,30.5
2013-05-04 12:45:00+00:00,USGS-05480986,37.1,31.3
2013-05-04 13:00:00+00:00,USGS-05480986,37.2,31.8
2013-05-04 13:15:00+00:00,USGS-05480986,37.2,31.3
2013-05-04 13:30:00+00:00,USGS-05480986,37.3,31.8
2013-05-04 13:45:00+00:00,USGS-05480986,37.3,31.3
2013-05-04 14:00:00+00:00,USGS-05480986,37.2,32.2
2013-05-04 14:15:00+00:00,USGS-05480986,37.2,32.2
2013-05-04 14:30:00+00:00,USGS-05480986,37.2,32.6
2013-05-04 14:45:00+00:00,USGS-05480986,37.2,31.8
2013-05-04 15:00:00+00:00,USGS-05480986,37.2,32.2
2013-05-04 15:15:00+00:00,USGS-05480986,37.2,32.6
2013-05-04 15:30:00+00:00,USGS-05480986,37.1,32.6
2013-05-04 15:45:00+00:00,USGS-05480986,37.2,33.1
2013-05-04 16:00:00+00:00,USGS-05480986,37.1,33.1
2013-05-04 16:15:00+00:00,USGS-05480986,37.0,32.2
2013-05-04 16:30:00+00:00,USGS-05480986,36.9,33.5
2013-05-04 16:45:00+00:00,USGS-05480986,36.9,33.1
2013-05-04 17:00:00+00:00,USGS-05480986,36.8,33.5
2013-05-04 17:15:00+00:00,USGS-05480986,36.8,35.3
2013-05-04 17:30:00+00:00,USGS-05480986,36.7,34.9
2013-05-04 17:45:00+00:00,USGS-05480986,36.5,35.8
2013-05-04 18:00:00+00:00,USGS-05480986,36.4,36.7
2013-05-04 18:15:00+00:00,USGS-05480986,36.3,38.1
2013-05-04 18:30:00+00:00,USGS-05480986,36.1,39.1
2013-05-04 18:45:00+00:00,USGS-05480986,36.0,39.6
2013-05-04 19:00:00+00:00,USGS-05480986,36.0,41.0
2013-05-04 19:15:00+00:00,USGS-05480986,35.7,41.9
2013-05-04 19:30:00+00:00,USGS-05480986,35.6,43.4
2013-05-04 19:45:00+00:00,USGS-05480986,35.6,44.8
2013-05-04 20:00:00+00:00,USGS-05480986,35.5,48.4
2013-05-04 20:15:00+00:00,USGS-05480986,35.2,52.0
2013-05-04 20:30:00+00:00,USGS-05480986,35.1,52.5
2013-05-04 20:45:00+00:00,USGS-05480986,35.0,55.0
2013-05-04 21:00:00+00:00,USGS-05480986,34.9,57.6
2013-05-04 21:15:00+00:00,USGS-05480986,34.4,62.5
2013-05-04 21:30:00+00:00,USGS-05480986,34.1,65.3
2013-05-04 21:45:00+00:00,USGS-05480986,33.8,66.4
2013-05-04 22:00:00+00:00,USGS-05480986,33.1,72.6
2013-05-04 22:15:00+00:00,USGS-05480986,33.1,73.7
2013-05-04 22:30:00+00:00,USGS-05480986,32.3,76.0
2013-05-04 22:45:00+00:00,USGS-05480986,32.1,78.3
2013-05-04 23:00:00+00:00,USGS-05480986,31.8,82.5
2013-05-04 23:15:00+00:00,USGS-05480986,31.8,81.9
2013-05-04 23:30:00+00:00,USGS-05480986,31.6,85.0
2013-05-04 23:45:00+00:00,USGS-05480986,31.0,84.3
2013-05-05 00:00:00+00:00,USGS-05480986,30.7,83.7
2013-05-05 00:15:00+00:00,USGS-05480986,30.5,86.2
2013-05-05 00:30:00+00:00,USGS-05480986,30.8,87.4
2013-05-05 00:45:00+00:00,USGS-05480986,30.8,85.0
2013-05-05 01:00:00+00:00,USGS-05480986,30.5,85.6
2013-05-05 01:15:00+00:00,USGS-05480986,30.8,85.6
2013-05-05 01:30:00+00:00,USGS-05480986,31.1,89.3
2013-05-05 01:45:00+00:00,USGS-05480986,30.5,86.2
2013-05-05 02:00:00+00:00,USGS-05480986,31.2,86.2
2013-05-05 02:15:00+00:00,USGS-05480986,30.3,85.6
2013-05-05 02:30:00+00:00,USGS-05480986,30.9,85.6
2013-05-05 02:45:00+00:00,USGS-05480986,31.6,84.3
2013-05-05 03:00:00+00:00,USGS-05480986,31.2,84.3
2013-05-05 03:15:00+00:00,USGS-05480986,32.4,81.9
2013-05-05 03:30:00+00:00,USGS-05480986,31.8,82.5
2013-05-05 03:45:00+00:00,USGS-05480986,32.2,81.3
2013-05-05 04:00:00+00:00,USGS-05480986,31.8,81.3
2013-05-05 04:15:00+00:00,USGS-05480986,31.9,80.7
2013-05-05 04:30:00+00:00,USGS-05480986,32.1,77.2
2013-05-05 04:45:00+00:00,USGS-05480986,32.1,79.5
2013-05-05 05:00:00+00:00,USGS-05480986,33.0,78.9
2013-05-05 05:15:00+00:00,USGS-05480986,32.0,78.9
2013-05-05 05:30:00+00:00,USGS-05480986,31.9,76.0
2013-05-05 05:45:00+00:00,USGS-05480986,32.1,77.8
2013-05-05 06:00:00+00:00,USGS-05480986,32.5,77.8
2013-05-05 06:15:00+00:00,USGS-05480986,31.3,74.3
2013-05-05 06:30:00+00:00,USGS-05480986,31.3,75.4
2013-05-05 06:45:00+00:00,USGS-05480986,31.3,74.3
2013-05-05 07:00:00+00:00,USGS-05480986,31.7,73.7
2013-05-05 07:15:00+00:00,USGS-05480986,31.6,73.1
2013-05-05 07:30:00+00:00,USGS-05480986,31.0,71.4
2013-05-05 07:45:00+00:00,USGS-05480986,31.1,72.0
2013-05-05 08:00:00+00:00,USGS-05480986,31.1,72.0
2013-05-05 08:15:00+00:00,USGS-05480986,31.1,69.8
2013-05-05 08:30:00+00:00,USGS-05480986,31.1,71.4
2013-05-05 08:45:00+00:00,USGS-05480986,31.1,69.2
2013-05-05 09:00:00+00:00,USGS-05480986,31.1,69.2
2013-05-05 09:15:00+00:00,USGS-05480986,30.8,67.0
2013-05-05 09:30:00+00:00,USGS-05480986,30.7,69.8
2013-05-05 09:45:00+00:00,USGS-05480986,30.9,68.7
2013-05-05 10:00:00+00:00,USGS-05480986,30.6,66.4
2013-05-05 10:15:00+00:00,USGS-05480986,30.9,68.1
2013-05-05 10:30:00+00:00,USGS-05480986,31.0,67.5
2013-05-05 10:45:00+00:00,USGS-05480986,30.9,67.5
2013-05-05 11:00:00+00:00,USGS-05480986,29.9,67.0
2013-05-05 11:15:00+00:00,USGS-05480986,29.7,65.8
2013-05-05 11:30:00+00:00,USGS-05480986,29.8,66.4
2013-05-05 11:45:00+00:00,USGS-05480986,30.3,66.4
2013-05-05 12:00:00+00:00,USGS-05480986,29.7,64.7
2013-05-05 12:15:00+00:00,USGS-05480986,30.0,65.8
2013-05-05 12:30:00+00:00,USGS-05480986,30.3,63.0
2013-05-05 12:45:00+00:00,USGS-05480986,29.8,62.5
2013-05-05 13:00:00+00:00,USGS-05480986,29.8,63.6
2013-05-05 13:15:00+00:00,USGS-05480986,29.8,64.1
2013-05-05 13:30:00+00:00,USGS-05480986,30.4,62.5
2013-05-05 13:45:00+00:00,USGS-05480986,29.8,63.6
2013-05-05 14:00:00+00:00,USGS-05480986,30.1,63.0
2013-05-05 14:15:00+00:00,USGS-05480986,30.0,62.5
2013-05-05 14:30:00+00:00,USGS-05480986,29.7,60.8
2013-05-05 14:45:00+00:00,USGS-05480986,30.0,59.7
2013-05-05 15:00:00+00:00,USGS-05480986,30.1,61.9
2013-05-05 15:15:00+00:00,USGS-05480986,30.1,60.8
2013-05-05 15:30:00+00:00,USGS-05480986,30.2,61.4
2013-05-05 15:45:00+00:00,USGS-05480986,29.4,58.7
2013-05-05 16:00:00+00:00,USGS-05480986,29.7,60.3
2013-05-05 16:15:00+00:00,USGS-05480986,29.9,59.7
2013-05-05 16:30:00+00:00,USGS-05480986,29.9,59.2
2013-05-05 16:45:00+00:00,USGS-05480986,30.1,59.2
2013-05-05 17:00:00+00:00,USGS-05480986,29.9,58.1
2013-05-05 17:15:00+00:00,USGS-05480986,30.0,58.7
2013-05-05 17:30:00+00:00,USGS-05480986,29.8,57.6
2013-05-05 17:45:00+00:00,USGS-05480986,30.0,58.7
2013-05-05 18:00:00+00:00,USGS-05480986,30.1,58.1
2013-05-05 18:15:00+00:00,USGS-05480986,29.3,58.1
2013-05-05 18:30:00+00:00,USGS-05480986,29.7,56.0
2013-05-05 18:45:00+00:00,USGS-05480986,29.9,56.6
2013-05-05 19:00:00+00:00,USGS-05480986,29.7,58.7
2013-05-05 19:15:00+00:00,USGS-05480986,29.5,58.7
2013-05-05 19:30:00+00:00,USGS-05480986,29.6,57.6
2013-05-05 19:45:00+00:00,USGS-05480986,29.2,57.6
2013-05-05 20:00:00+00:00,USGS-05480986,29.4,58.1
2013-05-05 20:15:00+00:00,USGS-05480986,29.7,58.7
2013-05-05 20:30:00+00:00,USGS-05480986,29.1,57.6
2013-05-05 20:45:00+00:00,USGS-05480986,29.2,58.1
2013-05-05 21:00:00+00:00,USGS-05480986,29.1,57.1
2013-05-05 21:15:00+00:00,USGS-05480986,29.5,57.6
2013-05-05 21:30:00+00:00,USGS-05480986,29.1,57.1
2013-05-05 21:45:00+00:00,USGS-05480986,28.6,55.0
2013-05-05 22:00:00+00:00,USGS-05480986,28.9,56.0
2013-05-05 22:15:00+00:00,USGS-05480986,28.6,57.1
2013-05-05 22:30:00+00:00,USGS-05480986,28.9,57.1
2013-05-05 22:45:00+00:00,USGS-05480986,28.9,55.5
2013-05-05 23:00:00+00:00,USGS-05480986,28.7,56.6
2013-05-05 23:15:00+00:00,USGS-05480986,29.1,55.5
2013-05-05 23:30:00+00:00,USGS-05480986,28.4,56.0
2013-05-05 23:45:00+00:00,USGS-05480986,29.1,56.0
2013-05-06 00:00:00+00:00,USGS-05480986,28.7,54.5
2013-05-06 00:15:00+00:00,USGS-05480986,28.6,55.0
2013-05-06 00:30:00+00:00,USGS-05480986,28.1,53.5
2013-05-06 00:45:00+00:00,USGS-05480986,28.3,54.5
2013-05-06 01:00:00+00:00,USGS-05480986,28.7,53.0
2013-05-06 01:15:00+00:00,USGS-05480986,28.4,53.0
2013-05-06 01:30:00+00:00,USGS-05480986,29.0,53.5
2013-05-06 01:45:00+00:00,USGS-05480986,28.4,53.5
2013-05-06 02:00:00+00:00,USGS-05480986,28.8,51.0
2013-05-06 02:15:00+00:00,USGS-05480986,28.7,51.5
2013-05-06 02:30:00+00:00,USGS-05480986,28.5,52.0
2013-05-06 02:45:00+00:00,USGS-05480986,28.9,51.0
2013-05-06 03:00:00+00:00,USGS-05480986,29.5,49.4
2013-05-06 03:15:00+00:00,USGS-05480986,29.4,50.5
2013-05-06 03:30:00+00:00,USGS-05480986,29.2,50.0
2013-05-06 03:45:00+00:00,USGS-05480986,29.9,48.9
2013-05-06 04:00:00+00:00,USGS-05480986,30.2,48.9
2013-05-06 04:15:00+00:00,USGS-05480986,29.5,48.9
2013-05-06 04:30:00+00:00,USGS-05480986,29.8,48.9
2013-05-06 04:45:00+00:00,USGS-05480986,30.0,47.4
2013-05-06 05:00:00+00:00,USGS-05480986,30.1,46.3
2013-05-06 05:15:00+00:00,USGS-05480986,29.9,47.4
2013-05-06 05:30:00+00:00,USGS-05480986,30.4,46.3
2013-05-06 05:45:00+00:00,USGS-05480986,30.2,46.3
2013-05-06 06:00:00+00:00,USGS-05480986,30.0,45.8
2013-05-06 06:15:00+00:00,USGS-05480986,30.2,47.4
2013-05-06 06:30:00+00:00,USGS-05480986,30.5,44.8
2013-05-06 06:45:00+00:00,USGS-05480986,30.6,45.3
2013-05-06 07:00:00+00:00,USGS-05480986,30.2,44.3
2013-05-06 07:15:00+00:00,USGS-05480986,30.8,43.9
2013-05-06 07:30:00+00:00,USGS-05480986,30.5,43.4
2013-05-06 07:45:00+00:00,USGS-05480986,30.9,43.4
2013-05-06 08:00:00+00:00,USGS-05480986,31.1,42.4
2013-05-06 08:15:00+00:00,USGS-05480986,31.1,42.4
2013-05-06 08:30:00+00:00,USGS-05480986,31.2,42.9
2013-05-06 08:45:00+00:00,USGS-05480986,31.1,42.4
2013-05-06 09:00:00+00:00,USGS-05480986,31.5,41.4
2013-05-06 09:15:00+00:00,USGS-05480986,31.4,41.9
2013-05-06 09:30:00+00:00,USGS-05480986,31.6,41.4
2013-05-06 09:45:00+00:00,USGS-05480986,31.5,39.1
2013-05-06 10:00:00+00:00,USGS-05480986,31.8,40.0
2013-05-06 10:15:00+00:00,USGS-05480986,31.7,39.6
2013-05-06 10:30:00+00:00,USGS-05480986,32.1,39.1
2013-05-06 10:45:00+00:00,USGS-05480986,31.8,38.6
2013-05-06 11:00:00+00:00,USGS-05480986,32.0,38.1
2013-05-06 11:15:00+00:00,USGS-05480986,32.3,37.6
2013-05-06 11:30:00+00:00,USGS-05480986,32.4,38.6
2013-05-06 11:45:00+00:00,USGS-05480986,32.5,37.2
2013-05-06 12:00:00+00:00,USGS-05480986,32.6,37.6
2013-05-06 12:15:00+00:00,USGS-05480986,32.4,36.7
2013-05-06 12:30:00+00:00,USGS-05480986,32.5,36.7
2013-05-06 12:45:00+00:00,USGS-05480986,32.6,36.7
2013-05-06 13:00:00+00:00,USGS-05480986,32.6,36.2
2013-05-06 13:15:00+00:00,USGS-05480986,32.9,35.3
2013-05-06 13:30:00+00:00,USGS-05480986,32.8,35.8
2013-05-06 13:45:00+00:00,USGS-05480986,32.7,34.9
2013-05-06 14:00:00+00:00,USGS-05480986,33.0,34.9
2013-05-06 14:15:00+00:00,USGS-05480986,33.3,34.9
2013-05-06 14:30:00+00:00,USGS-05480986,,34.4
2013-05-06 14:45:00+00:00,USGS-05480986,,35.3
2013-05-06 15:00:00+00:00,USGS-05480986,32.9,34.4
2013-05-06 15:15:00+00:00,USGS-05480986,33.0,34.9
2013-05-06 15:30:00+00:00,USGS-05480986,,34.4
2013-05-06 15:45:00+00:00,USGS-05480986,,33.5
2013-05-06 16:00:00+00:00,USGS-05480986,,33.1
2013-05-06 16:15:00+00:00,USGS-05480986,,33.5
2013-05-06 16:30:00+00:00,USGS-05480986,33.3,33.5
2013-05-06 16:45:00+00:00,USGS-05480986,33.3,32.6
2013-05-06 17:00:00+00:00,USGS-05480986,33.3,33.1
2013-05-06 17:15:00+00:00,USGS-05480986,33.3,33.5
2013-05-06 17:30:00+00:00,USGS-05480986,33.4,33.1
2013-05-06 17:45:00+00:00,USGS-05480986,33.3,32.6
2013-05-06 18:00:00+00:00,USGS-05480986,33.3,32.6
2013-05-06 18:15:00+00:00,USGS-05480986,33.2,32.2
2013-05-06 18:30:00+00:00,USGS-05480986,33.4,32.2
2013-05-06 18:45:00+00:00,USGS-05480986,33.3,32.6
2013-05-06 19:00:00+00:00,USGS-05480986,33.3,32.2
2013-05-06 19:15:00+00:00,USGS-05480986,33.3,32.2
2013-05-06 19:30:00+00:00,USGS-05480986,33.4,31.8
2013-05-06 19:45:00+00:00,USGS-05480986,33.3,32.2
2013-05-06 20:00:00+00:00,USGS-05480986,33.2,32.2
2013-05-06 20:15:00+00:00,USGS-05480986,33.2,32.2
2013-05-06 20:30:00+00:00,USGS-05480986,33.1,31.8
2013-05-06 20:45:00+00:00,USGS-05480986,33.0,31.8
2013-05-06 21:00:00+00:00,USGS-05480986,33.1,31.8
2013-05-06 21:15:00+00:00,USGS-05480986,33.0,31.8
2013-05-06 21:30:00+00:00,USGS-05480986,33.0,31.3
2013-05-06 21:45:00+00:00,USGS-05480986,33.0,30.9
2013-05-06 22:00:00+00:00,USGS-05480986,33.0,31.3
2013-05-06 22:15:00+00:00,USGS-05480986,32.8,31.3
2013-05-06 22:30:00+00:00,USGS-05480986,32.8,30.9
2013-05-06 22:45:00+00:00,USGS-05480986,32.8,30.9
2013-05-06 23:00:00+00:00,USGS-05480986,32.7,30.5
2013-05-06 23:15:00+00:00,USGS-05480986,32.7,29.7
2013-05-06 23:30:00+00:00,USGS-05480986,32.6,30.5
2013-05-06 23:45:00+00:00,USGS-05480986,32.7,29.7
2013-05-07 00:00:00+00:00,USGS-05480986,32.5,29.3
2013-05-07 00:15:00+00:00,USGS-05480986,32.5,30.1
2013-05-07 00:30:00+00:00,USGS-05480986,32.6,29.7
2013-05-07 00:45:00+00:00,USGS-05480986,32.5,29.7
2013-05-07 01:00:00+00:00,USGS-05480986,32.5,29.7
2013-05-07 01:15:00+00:00,USGS-05480986,32.6,29.3
2013-05-07 01:30:00+00:00,USGS-05480986,32.6,28.8
2013-05-07 01:45:00+00:00,USGS-05480986,32.5,28.4
2013-05-07 02:00:00+00:00,USGS-05480986,32.5,28.4
2013-05-07 02:15:00+00:00,USGS-05480986,32.6,28.0
2013-05-07 02:30:00+00:00,USGS-05480986,32.6,27.6
2013-05-07 02:45:00+00:00,USGS-05480986,32.6,28.0
2013-05-07 03:00:00+00:00,USGS-05480986,32.6,28.0
2013-05-07 03:15:00+00:00,USGS-05480986,32.6,27.6
2013-05-07 03:30:00+00:00,USGS-05480986,32.8,27.6
2013-05-07 03:45:00+00:00,USGS-05480986,32.7,27.3
2013-05-07 04:00:00+00:00,USGS-05480986,32.8,26.9
2013-05-07 04:15:00+00:00,USGS-05480986,32.9,26.9
2013-05-07 04:30:00+00:00,USGS-05480986,32.9,26.9
2013-05-07 04:45:00+00:00,USGS-05480986,33.0,26.5
2013-05-07 05:00:00+00:00,USGS-05480986,32.9,26.1
2013-05-07 05:15:00+00:00,USGS-05480986,32.9,26.5
2013-05-07 05:30:00+00:00,USGS-05480986,32.9,25.7
2013-05-07 05:45:00+00:00,USGS-05480986,33.0,26.1
2013-05-07 06:00:00+00:00,USGS-05480986,33.1,25.7
2013-05-07 06:15:00+00:00,USGS-05480986,33.2,25.7
2013-05-07 06:30:00+00:00,USGS-05480986,33.2,26.1
2013-05-07 06:45:00+00:00,USGS-05480986,33.2,25.3
2013-05-07 07:00:00+00:00,USGS-05480986,33.3,25.7
2013-05-07 07:15:00+00:00,USGS-05480986,33.4,24.5
2013-05-07 07:30:00+00:00,USGS-05480986,33.4,24.5
2013-05-07 07:45:00+00:00,USGS-05480986,33.5,24.9
2013-05-07 08:00:00+00:00,USGS-05480986,33.5,24.9
2013-05-07 08:15:00+00:00,USGS-05480986,33.6,24.9
2013-05-07 08:30:00+00:00,USGS-05480986,33.7,24.1
2013-05-07 08:45:00+00:00,USGS-05480986,33.8,24.1
2013-05-07 09:00:00+00:00,USGS-05480986,33.8,24.1
2013-05-07 09:15:00+00:00,USGS-05480986,33.8,24.1
2013-05-07 09:30:00+00:00,USGS-05480986,33.8,23.8
2013-05-07 09:45:00+00:00,USGS-05480986,33.8,23.4
2013-05-07 10:00:00+00:00,USGS-05480986,34.0,23.8
2013-05-07 10:15:00+00:00,USGS-05480986,34.0,23.4
2013-05-07 10:30:00+00:00,USGS-05480986,34.1,23.4
2013-05-07 10:45:00+00:00,USGS-05480986,34.1,23.0
2013-05-07 11:00:00+00:00,USGS-05480986,34.1,23.0
2013-05-07 11:15:00+00:00,USGS-05480986,34.2,22.6
2013-05-07 11:30:00+00:00,USGS-05480986,34.2,22.6
2013-05-07 11:45:00+00:00,USGS-05480986,34.4,22.6
2013-05-07 12:00:00+00:00,USGS-05480986,34.3,22.6
2013-05-07 12:15:00+00:00,USGS-05480986,34.3,22.3
2013-05-07 12:30:00+00:00,USGS-05480986,34.4,22.3
2013-05-07 12:45:00+00:00,USGS-05480986,34.5,22.3
2013-05-07 13:00:00+00:00,USGS-05480986,34.5,22.3
2013-05-07 13:15:00+00:00,USGS-05480986,34.5,22.3
2013-05-07 13:30:00+00:00,USGS-05480986,34.6,22.3
2013-05-07 13:45:00+00:00,USGS-05480986,34.6,21.9
2013-05-07 14:00:00+00:00,USGS-05480986,34.6,21.9
2013-05-07 14:15:00+00:00,USGS-05480986,34.7,21.9
2013-05-07 14:30:00+00:00,USGS-05480986,34.7,21.6
2013-05-07 14:45:00+00:00,USGS-05480986,34.8,21.9
2013-05-07 15:00:00+00:00,USGS-05480986,34.8,21.6
2013-05-07 15:15:00+00:00,USGS-05480986,34.8,21.6
2013-05-07 15:30:00+00:00,USGS-05480986,34.8,21.6
2013-05-07 15:45:00+00:00,USGS-05480986,34.9,21.2
2013-05-07 16:00:00+00:00,USGS-05480986,34.9,21.2
2013-05-07 16:15:00+00:00,USGS-05480986,34.9,21.2
2013-05-07 16:30:00+00:00,USGS-05480986,35.0,21.2
2013-05-07 16:45:00+00:00,USGS-05480986,35.0,20.8
2013-05-07 17:00:00+00:00,USGS-05480986,35.1,20.8
2013-05-07 17:15:00+00:00,USGS-05480986,35.1,20.8
2013-05-07 17:30:00+00:00,USGS-05480986,35.1,20.8
2013-05-07 17:45:00+00:00,USGS-05480986,35.1,20.8
2013-05-07 18:00:00+00:00,USGS-05480986,35.2,20.8
2013-05-07 18:15:00+00:00,USGS-05480986,35.1,20.8
2013-05-07 18:30:00+00:00,USGS-05480986,35.2,20.5
2013-05-07 18:45:00+00:00,USGS-05480986,35.2,20.5
2013-05-07 19:00:00+00:00,USGS-05480986,35.3,20.8
2013-05-07 19:15:00+00:00,USGS-05480986,35.3,20.5
2013-05-07 19:30:00+00:00,USGS-05480986,35.3,20.5
2013-05-07 19:45:00+00:00,USGS-05480986,35.3,20.5
2013-05-07 20:00:00+00:00,USGS-05480986,35.3,20.5
2013-05-07 20:15:00+00:00,USGS-05480986,35.4,20.1
2013-05-07 20:30:00+00:00,USGS-05480986,35.2,20.1
2013-05-07 20:45:00+00:00,USGS-05480986,35.3,19.8
2013-05-07 21:00:00+00:00,USGS-05480986,35.3,20.1
2013-05-07 21:15:00+00:00,USGS-05480986,35.4,19.8
2013-05-07 21:30:00+00:00,USGS-05480986,35.4,19.8
2013-05-07 21:45:00+00:00,USGS-05480986,35.3,20.1
2013-05-07 22:00:00+00:00,USGS-05480986,35.3,19.8
2013-05-07 22:15:00+00:00,USGS-05480986,35.4,20.1
2013-05-07 22:30:00+00:00,USGS-05480986,35.4,19.8
2013-05-07 22:45:00+00:00,USGS-05480986,35.3,19.8
2013-05-07 23:00:00+00:00,USGS-05480986,35.3,19.5
2013-05-07 23:15:00+00:00,USGS-05480986,35.3,19.5
2013-05-07 23:30:00+00:00,USGS-05480986,35.3,19.5
2013-05-07 23:45:00+00:00,USGS-05480986,35.4,19.5
2013-05-08 00:00:00+00:00,USGS-05480986,35.2,19.5
2013-05-08 00:15:00+00:00,USGS-05480986,35.2,19.5
2013-05-08 00:30:00+00:00,USGS-05480986,35.2,19.5
2013-05-08 00:45:00+00:00,USGS-05480986,35.3,19.1
2013-05-08 01:00:00+00:00,USGS-05480986,35.2,19.1
2013-05-08 01:15:00+00:00,USGS-05480986,35.2,19.1
2013-05-08 01:30:00+00:00,USGS-05480986,35.2,18.8
2013-05-08 01:45:00+00:00,USGS-05480986,35.3,19.1
2013-05-08 02:00:00+00:00,USGS-05480986,35.3,18.8
2013-05-08 02:15:00+00:00,USGS-05480986,35.2,19.1
2013-05-08 02:30:00+00:00,USGS-05480986,35.2,18.8
2013-05-08 02:45:00+00:00,USGS-05480986,35.2,18.5
2013-05-08 03:00:00+00:00,USGS-05480986,35.2,18.5
2013-05-08 03:15:00+00:00,USGS-05480986,35.3,18.5
2013-05-08 03:30:00+00:00,USGS-05480986,35.3,18.5
2013-05-08 03:45:00+00:00,USGS-05480986,35.3,18.5
2013-05-08 04:00:00+00:00,USGS-05480986,35.3,18.5
2013-05-08 04:15:00+00:00,USGS-05480986,35.4,18.5
2013-05-08 04:30:00+00:00,USGS-05480986,35.3,18.1
2013-05-08 04:45:00+00:00,USGS-05480986,35.4,18.1
2013-05-08 05:00:00+00:00,USGS-05480986,35.3,17.8
2013-05-08 05:15:00+00:00,USGS-05480986,35.4,18.1
2013-05-08 05:30:00+00:00,USGS-05480986,35.4,17.8
2013-05-08 05:45:00+00:00,USGS-05480986,35.4,17.8
2013-05-08 06:00:00+00:00,USGS-05480986,35.4,17.8
2013-05-08 06:15:00+00:00,USGS-05480986,35.4,17.8
2013-05-08 06:30:00+00:00,USGS-05480986,35.4,17.8
2013-05-08 06:45:00+00:00,USGS-05480986,35.5,17.5
2013-05-08 07:00:00+00:00,USGS-05480986,35.7,17.5
2013-05-08 07:15:00+00:00,USGS-05480986,35.6,17.5
2013-05-08 07:30:00+00:00,USGS-05480986,35.6,17.5
2013-05-08 07:45:00+00:00,USGS-05480986,35.6,17.2
2013-05-08 08:00:00+00:00,USGS-05480986,35.7,17.2
2013-05-08 08:15:00+00:00,USGS-05480986,35.6,17.2
2013-05-08 08:30:00+00:00,USGS-05480986,35.7,17.2
2013-05-08 08:45:00+00:00,USGS-05480986,35.8,17.2
2013-05-08 09:00:00+00:00,USGS-05480986,35.8,17.2
2013-05-08 09:15:00+00:00,USGS-05480986,35.8,16.9
2013-05-08 09:30:00+00:00,USGS-05480986,35.8,16.9
2013-05-08 09:45:00+00:00,USGS-05480986,35.8,16.9
2013-05-08 10:00:00+00:00,USGS-05480986,35.9,16.9
2013-05-08 10:15:00+00:00,USGS-05480986,35.9,16.6
2013-05-08 10:30:00+00:00,USGS-05480986,35.8,16.6
2013-05-08 10:45:00+00:00,USGS-05480986,35.9,16.6
2013-05-08 11:00:00+00:00,USGS-05480986,35.9,16.3
2013-05-08 11:15:00+00:00,USGS-05480986,35.9,16.3
2013-05-08 11:30:00+00:00,USGS-05480986,36.0,16.3
2013-05-08 11:45:00+00:00,USGS-05480986,36.0,16.3
2013-05-08 12:00:00+00:00,USGS-05480986,36.0,16.0
2013-05-08 12:15:00+00:00,USGS-05480986,36.0,16.3
2013-05-08 12:30:00+00:00,USGS-05480986,36.0,16.0
2013-05-08 12:45:00+00:00,USGS-05480986,36.2,16.0
2013-05-08 13:00:00+00:00,USGS-05480986,36.1,16.0
2013-05-08 13:15:00+00:00,USGS-05480986,36.1,16.0
2013-05-08 13:30:00+00:00,USGS-05480986,36.3,15.7
2013-05-08 13:45:00+00:00,USGS-05480986,36.2,15.7
2013-05-08 14:00:00+00:00,USGS-05480986,36.3,16.0
2013-05-08 14:15:00+00:00,USGS-05480986,36.3,16.0
2013-05-08 14:30:00+00:00,USGS-05480986,36.4,15.7
2013-05-08 14:45:00+00:00,USGS-05480986,36.4,15.7
2013-05-08 15:00:00+00:00,USGS-05480986,36.5,15.7
2013-05-08 15:15:00+00:00,USGS-05480986,36.6,15.4
2013-05-08 15:30:00+00:00,USGS-05480986,36.8,15.4
2013-05-08 15:45:00+00:00,USGS-05480986,36.8,15.4
2013-05-08 16:00:00+00:00,USGS-05480986,36.8,15.4
2013-05-08 16:15:00+00:00,USGS-05480986,36.8,15.4
2013-05-08 16:30:00+00:00,USGS-05480986,36.9,15.1
2013-05-08 16:45:00+00:00,USGS-05480986,37.0,15.4
2013-05-08 17:00:00+00:00,USGS-05480986,37.1,15.1
2013-05-08 17:15:00+00:00,USGS-05480986,37.0,15.1
2013-05-08 17:30:00+00:00,USGS-05480986,37.1,15.1
2013-05-08 17:45:00+00:00,USGS-05480986,37.1,15.1
2013-05-08 18:00:00+00:00,USGS-05480986,37.1,15.1
2013-05-08 18:15:00+00:00,USGS-05480986,37.1,15.1
2013-05-08 18:30:00+00:00,USGS-05480986,37.2,15.1
2013-05-08 18:45:00+00:00,USGS-05480986,37.2,15.1
2013-05-08 19:00:00+00:00,USGS-05480986,37.3,14.8
2013-05-08 19:15:00+00:00,USGS-05480986,37.3,14.8
2013-05-08 19:30:00+00:00,USGS-05480986,37.3,14.8
2013-05-08 19:45:00+00:00,USGS-05480986,37.3,14.8
2013-05-08 20:00:00+00:00,USGS-05480986,37.3,14.5
2013-05-08 20:15:00+00:00,USGS-05480986,37.3,14.8
2013-05-08 20:30:00+00:00,USGS-05480986,37.3,14.5
2013-05-08 20:45:00+00:00,USGS-05480986,37.4,14.8
2013-05-08 21:00:00+00:00,USGS-05480986,37.3,14.5
2013-05-08 21:15:00+00:00,USGS-05480986,37.3,14.5
2013-05-08 21:30:00+00:00,USGS-05480986,37.4,14.5
2013-05-08 21:45:00+00:00,USGS-05480986,37.4,14.5
2013-05-08 22:00:00+00:00,USGS-05480986,37.4,14.5
2013-05-08 22:15:00+00:00,USGS-05480986,37.4,14.5
2013-05-08 22:30:00+00:00,USGS-05480986,37.5,14.2
2013-05-08 22:45:00+00:00,USGS-05480986,37.4,14.2
2013-05-08 23:00:00+00:00,USGS-05480986,37.5,14.2
2013-05-08 23:15:00+00:00,USGS-05480986,37.5,14.2
2013-05-08 23:30:00+00:00,USGS-05480986,37.5,14.2
2013-05-08 23:45:00+00:00,USGS-05480986,37.6,14.2
2013-05-09 00:00:00+00:00,USGS-05480986,37.5,14.2
2013-05-09 00:15:00+00:00,USGS-05480986,37.6,14.2
2013-05-09 00:30:00+00:00,USGS-05480986,37.6,14.0
2013-05-09 00:45:00+00:00,USGS-05480986,37.6,14.2
2013-05-09 01:00:00+00:00,USGS-05480986,37.6,14.0
2013-05-09 01:15:00+00:00,USGS-05480986,37.5,14.0
2013-05-09 01:30:00+00:00,USGS-05480986,37.5,14.0
2013-05-09 01:45:00+00:00,USGS-05480986,37.5,13.7
2013-05-09 02:00:00+00:00,USGS-05480986,37.5,14.0
2013-05-09 02:15:00+00:00,USGS-05480986,37.5,14.0
2013-05-09 02:30:00+00:00,USGS-05480986,37.5,14.0
2013-05-09 02:45:00+00:00,USGS-05480986,37.5,14.0
2013-05-09 03:00:00+00:00,USGS-05480986,37.5,13.7
2013-05-09 03:15:00+00:00,USGS-05480986,37.5,13.7
2013-05-09 03:30:00+00:00,USGS-05480986,37.6,13.7
2013-05-09 03:45:00+00:00,USGS-05480986,37.5,13.7
2013-05-09 04:00:00+00:00,USGS-05480986,37.5,13.7
2013-05-09 04:15:00+00:00,USGS-05480986,37.5,13.7
2013-05-09 04:30:00+00:00,USGS-05480986,37.5,13.7
2013-05-09 04:45:00+00:00,USGS-05480986,37.5,13.7
2013-05-09 05:00:00+00:00,USGS-05480986,37.6,13.7
2013-05-09 05:15:00+00:00,USGS-05480986,37.6,13.4
2013-05-09 05:30:00+00:00,USGS-05480986,37.6,13.4
2013-05-09 05:45:00+00:00,USGS-05480986,37.7,13.4
2013-05-09 06:00:00+00:00,USGS-05480986,37.6,13.4
2013-05-09 06:15:00+00:00,USGS-05480986,37.6,13.4
2013-05-09 06:30:00+00:00,USGS-05480986,37.6,13.4
2013-05-09 06:45:00+00:00,USGS-05480986,37.6,13.4
2013-05-09 07:00:00+00:00,USGS-05480986,37.6,13.4
2013-05-09 07:15:00+00:00,USGS-05480986,37.5,13.4
2013-05-09 07:30:00+00:00,USGS-05480986,37.5,13.4
2013-05-09 07:45:00+00:00,USGS-05480986,37.4,13.4
2013-05-09 08:00:00+00:00,USGS-05480986,37.3,13.4
2013-05-09 08:15:00+00:00,USGS-05480986,37.2,13.7
2013-05-09 08:30:00+00:00,USGS-05480986,37.0,13.7
2013-05-09 08:45:00+00:00,USGS-05480986,36.9,14.0
2013-05-09 09:00:00+00:00,USGS-05480986,36.8,14.0
2013-05-09 09:15:00+00:00,USGS-05480986,36.8,14.0
2013-05-09 09:30:00+00:00,USGS-05480986,36.7,14.2
2013-05-09 09:45:00+00:00,USGS-05480986,36.7,14.2
2013-05-09 10:00:00+00:00,USGS-05480986,36.6,14.2
2013-05-09 10:15:00+00:00,USGS-05480986,36.4,14.5
2013-05-09 10:30:00+00:00,USGS-05480986,36.4,14.5
2013-05-09 10:45:00+00:00,USGS-05480986,36.4,14.2
2013-05-09 11:00:00+00:00,USGS-05480986,36.3,14.5
2013-05-09 11:15:00+00:00,USGS-05480986,36.3,14.5
2013-05-09 11:30:00+00:00,USGS-05480986,36.1,14.5
2013-05-09 11:45:00+00:00,USGS-05480986,36.1,14.5
2013-05-09 12:00:00+00:00,USGS-05480986,36.0,14.5
2013-05-09 12:15:00+00:00,USGS-05480986,36.0,14.8
2013-05-09 12:30:00+00:00,USGS-05480986,35.9,14.8
2013-05-09 12:45:00+00:00,USGS-05480986,35.8,15.1
2013-05-09 13:00:00+00:00,USGS-05480986,35.6,15.1
2013-05-09 13:15:00+00:00,USGS-05480986,35.4,15.4
2013-05-09 13:30:00+00:00,USGS-05480986,35.4,15.4
2013-05-09 13:45:00+00:00,USGS-05480986,35.4,15.7
2013-05-09 14:00:00+00:00,USGS-05480986,35.5,15.7
2013-05-09 14:15:00+00:00,USGS-05480986,35.5,16.0
2013-05-09 14:30:00+00:00,USGS-05480986,35.5,16.6
2013-05-09 14:45:00+00:00,USGS-05480986,35.6,16.9
2013-05-09 15:00:00+00:00,USGS-05480986,35.6,17.2
2013-05-09 15:15:00+00:00,USGS-05480986,35.7,17.5
2013-05-09 15:30:00+00:00,USGS-05480986,35.6,17.5
2013-05-09 15:45:00+00:00,USGS-05480986,35.6,17.8
2013-05-09 16:00:00+00:00,USGS-05480986,35.5,18.5
2013-05-09 16:15:00+00:00,USGS-05480986,35.4,18.5
2013-05-09 16:30:00+00:00,USGS-05480986,35.1,18.5
2013-05-09 16:45:00+00:00,USGS-05480986,35.0,18.8
2013-05-09 17:00:00+00:00,USGS-05480986,34.9,18.8
2013-05-09 17:15:00+00:00,USGS-05480986,34.7,19.1
2013-05-09 17:30:00+00:00,USGS-05480986,34.6,19.1
2013-05-09 17:45:00+00:00,USGS-05480986,34.5,19.1
2013-05-09 18:00:00+00:00,USGS-05480986,34.5,19.1
2013-05-09 18:15:00+00:00,USGS-05480986,34.4,19.1
2013-05-09 18:30:00+00:00,USGS-05480986,34.4,19.5
2013-05-09 18:45:00+00:00,USGS-05480986,34.3,19.5
2013-05-09 19:00:00+00:00,USGS-05480986,34.2,19.5
2013-05-09 19:15:00+00:00,USGS-05480986,34.0,19.5
2013-05-09 19:30:00+00:00,USGS-05480986,33.8,19.5
2013-05-09 19:45:00+00:00,USGS-05480986,33.8,19.8
2013-05-09 20:00:00+00:00,USGS-05480986,33.6,19.5
2013-05-09 20:15:00+00:00,USGS-05480986,33.5,19.5
2013-05-09 20:30:00+00:00,USGS-05480986,33.6,19.5
2013-05-09 20:45:00+00:00,USGS-05480986,33.6,19.5
2013-05-09 21:00:00+00:00,USGS-05480986,33.6,19.5
2013-05-09 21:15:00+00:00,USGS-05480986,33.7,19.5
2013-05-09 21:30:00+00:00,USGS-05480986,33.8,19.5
2013-05-09 21:45:00+00:00,USGS-05480986,33.9,19.5
2013-05-09 22:00:00+00:00,USGS-05480986,34.0,19.5
2013-05-09 22:15:00+00:00,USGS-05480986,34.1,19.5
2013-05-09 22:30:00+00:00,USGS-05480986,34.3,19.5
2013-05-09 22:45:00+00:00,USGS-05480986,34.3,19.5
2013-05-09 23:00:00+00:00,USGS-05480986,34.5,19.1
2013-05-09 23:15:00+00:00,USGS-05480986,34.5,19.5
2013-05-09 23:30:00+00:00,USGS-05480986,34.6,19.5
2013-05-09 23:45:00+00:00,USGS-05480986,34.7,19.5
2013-05-10 00:00:00+00:00,USGS-05480986,34.8,19.1
2013-05-10 00:15:00+00:00,USGS-05480986,34.9,19.1
2013-05-10 00:30:00+00:00,USGS-05480986,35.0,19.1
2013-05-10 00:45:00+00:00,USGS-05480986,35.1,19.1
2013-05-10 01:00:00+00:00,USGS-05480986,35.2,18.8
2013-05-10 01:15:00+00:00,USGS-05480986,35.3,18.8
2013-05-10 01:30:00+00:00,USGS-05480986,35.4,18.5
2013-05-10 01:45:00+00:00,USGS-05480986,35.4,18.8
2013-05-10 02:00:00+00:00,USGS-05480986,35.5,18.8
2013-05-10 02:15:00+00:00,USGS-05480986,35.6,18.8
2013-05-10 02:30:00+00:00,USGS-05480986,35.7,18.8
2013-05-10 02:45:00+00:00,USGS-05480986,35.8,18.5
2013-05-10 03:00:00+00:00,USGS-05480986,35.8,18.5
2013-05-10 03:15:00+00:00,USGS-05480986,35.8,18.1
2013-05-10 03:30:00+00:00,USGS-05480986,36.0,18.1
2013-05-10 03:45:00+00:00,USGS-05480986,36.0,18.5
2013-05-10 04:00:00+00:00,USGS-05480986,36.1,18.1
2013-05-10 04:15:00+00:00,USGS-05480986,36.2,18.1
2013-05-10 04:30:00+00:00,USGS-05480986,36.3,17.8
2013-05-10 04:45:00+00:00,USGS-05480986,36.3,18.1
2013-05-10 05:00:00+00:00,USGS-05480986,36.4,18.1
2013-05-10 05:15:00+00:00,USGS-05480986,36.4,17.8
2013-05-10 05:30:00+00:00,USGS-05480986,36.5,17.8
2013-05-10 05:45:00+00:00,USGS-05480986,36.6,17.8
2013-05-10 06:00:00+00:00,USGS-05480986,36.6,17.5
2013-05-10 06:15:00+00:00,USGS-05480986,36.6,17.8
2013-05-10 06:30:00+00:00,USGS-05480986,36.8,17.5
2013-05-10 06:45:00+00:00,USGS-05480986,36.8,17.5
2013-05-10 07:00:00+00:00,USGS-05480986,36.8,17.5
2013-05-10 07:15:00+00:00,USGS-05480986,36.8,17.5
2013-05-10 07:30:00+00:00,USGS-05480986,36.9,17.2
2013-05-10 07:45:00+00:00,USGS-05480986,36.9,17.2
2013-05-10 08:00:00+00:00,USGS-05480986,37.0,17.2
2013-05-10 08:15:00+00:00,USGS-05480986,37.0,16.9
2013-05-10 08:30:00+00:00,USGS-05480986,37.0,17.2
2013-05-10 08:45:00+00:00,USGS-05480986,37.1,16.9
2013-05-10 09:00:00+00:00,USGS-05480986,37.2,16.9
2013-05-10 09:15:00+00:00,USGS-05480986,37.2,17.2
2013-05-10 09:30:00+00:00,USGS-05480986,37.2,16.9
2013-05-10 09:45:00+00:00,USGS-05480986,37.3,16.9
2013-05-10 10:00:00+00:00,USGS-05480986,37.3,16.9
2013-05-10 10:15:00+00:00,USGS-05480986,37.3,16.9
2013-05-10 10:30:00+00:00,USGS-05480986,37.4,16.6
2013-05-10 10:45:00+00:00,USGS-05480986,37.4,16.6
2013-05-10 11:00:00+00:00,USGS-05480986,37.5,16.9
2013-05-10 11:15:00+00:00,USGS-05480986,37.5,16.9
2013-05-10 11:30:00+00:00,USGS-05480986,37.5,16.6
2013-05-10 11:45:00+00:00,USGS-05480986,37.5,16.6
2013-05-10 12:00:00+00:00,USGS-05480986,37.5,16.6
2013-05-10 12:15:00+00:00,USGS-05480986,37.6,16.6
2013-05-10 12:30:00+00:00,USGS-05480986,37.6,16.6
2013-05-10 12:45:00+00:00,USGS-05480986,37.7,16.3
2013-05-10 13:00:00+00:00,USGS-05480986,37.7,16.3
2013-05-10 13:15:00+00:00,USGS-05480986,37.7,16.3
2013-05-10 13:30:00+00:00,USGS-05480986,37.8,16.3
2013-05-10 13:45:00+00:00,USGS-05480986,37.8,16.3
2013-05-10 14:00:00+00:00,USGS-05480986,37.8,16.3
2013-05-10 14:15:00+00:00,USGS-05480986,37.8,16.3
2013-05-10 14:30:00+00:00,USGS-05480986,37.8,16.0
2013-05-10 14:45:00+00:00,USGS-05480986,37.9,16.3
2013-05-10 15:00:00+00:00,USGS-05480986,37.9,16.0
2013-05-10 15:15:00+00:00,USGS-05480986,38.0,16.0
2013-05-10 15:30:00+00:00,USGS-05480986,38.0,16.0
2013-05-10 15:45:00+00:00,USGS-05480986,38.0,16.0
2013-05-10 16:00:00+00:00,USGS-05480986,38.1,15.7
2013-05-10 16:15:00+00:00,USGS-05480986,38.0,15.7
2013-05-10 16:30:00+00:00,USGS-05480986,38.1,15.7
2013-05-10 16:45:00+00:00,USGS-05480986,38.1,15.7
2013-05-10 17:00:00+00:00,USGS-05480986,38.1,15.7
2013-05-10 17:15:00+00:00,USGS-05480986,38.1,15.7
2013-05-10 17:30:00+00:00,USGS-05480986,38.1,15.7
2013-05-10 17:45:00+00:00,USGS-05480986,38.1,15.4
2013-05-10 18:00:00+00:00,USGS-05480986,38.1,15.7
2013-05-10 18:15:00+00:00,USGS-05480986,38.2,15.4
2013-05-10 18:30:00+00:00,USGS-05480986,38.2,15.7
2013-05-10 18:45:00+00:00,USGS-05480986,38.3,15.4
2013-05-10 19:00:00+00:00,USGS-05480986,38.3,15.1
2013-05-10 19:15:00+00:00,USGS-05480986,,15.4
2013-05-10 19:30:00+00:00,USGS-05480986,,15.4
2013-05-10 19:45:00+00:00,USGS-05480986,,15.4
2013-05-10 20:00:00+00:00,USGS-05480986,,15.4
2013-05-10 20:15:00+00:00,USGS-05480986,38.4,15.1
2013-05-10 20:30:00+00:00,USGS-05480986,38.4,15.1
2013-05-10 20:45:00+00:00,USGS-05480986,38.4,15.1
2013-05-10 21:00:00+00:00,USGS-05480986,38.4,15.1
2013-05-10 21:15:00+00:00,USGS-05480986,38.4,15.1
2013-05-10 21:30:00+00:00,USGS-05480986,38.4,15.1
2013-05-10 21:45:00+00:00,USGS-05480986,38.5,15.1
2013-05-10 22:00:00+00:00,USGS-05480986,38.5,14.8
2013-05-10 22:15:00+00:00,USGS-05480986,38.5,15.1
2013-05-10 22:30:00+00:00,USGS-05480986,38.6,14.8
2013-05-10 22:45:00+00:00,USGS-05480986,38.6,14.8
2013-05-10 23:00:00+00:00,USGS-05480986,38.6,14.8
2013-05-10 23:15:00+00:00,USGS-05480986,38.6,14.8
2013-05-10 23:30:00+00:00,USGS-05480986,38.6,14.8
2013-05-10 23:45:00+00:00,USGS-05480986,38.6,14.5
2013-05-11 00:00:00+00:00,USGS-05480986,38.6,14.5
2013-05-11 00:15:00+00:00,USGS-05480986,38.7,14.5
2013-05-11 00:30:00+00:00,USGS-05480986,38.6,14.5
2013-05-11 00:45:00+00:00,USGS-05480986,38.7,14.8
2013-05-11 01:00:00+00:00,USGS-05480986,38.7,14.5
2013-05-11 01:15:00+00:00,USGS-05480986,38.8,14.5
2013-05-11 01:30:00+00:00,USGS-05480986,38.8,14.5
2013-05-11 01:45:00+00:00,USGS-05480986,38.8,14.5
2013-05-11 02:00:00+00:00,USGS-05480986,38.8,14.5
2013-05-11 02:15:00+00:00,USGS-05480986,38.9,14.5
2013-05-11 02:30:00+00:00,USGS-05480986,38.8,14.2
2013-05-11 02:45:00+00:00,USGS-05480986,38.8,14.5
2013-05-11 03:00:00+00:00,USGS-05480986,38.9,14.2
2013-05-11 03:15:00+00:00,USGS-05480986,38.9,14.5
2013-05-11 03:30:00+00:00,USGS-05480986,38.9,14.2
2013-05-11 03:45:00+00:00,USGS-05480986,38.9,14.2
2013-05-11 04:00:00+00:00,USGS-05480986,38.9,14.2
2013-05-11 04:15:00+00:00,USGS-05480986,38.9,14.2
2013-05-11 04:30:00+00:00,USGS-05480986,38.9,14.2
2013-05-11 04:45:00+00:00,USGS-05480986,38.9,14.2
2013-05-11 05:00:00+00:00,USGS-05480986,38.9,14.2
2013-05-11 05:15:00+00:00,USGS-05480986,38.9,14.2
2013-05-11 05:30:00+00:00,USGS-05480986,38.9,14.2
2013-05-11 05:45:00+00:00,USGS-05480986,39.0,14.2
2013-05-11 06:00:00+00:00,USGS-05480986,38.9,14.0
2013-05-11 06:15:00+00:00,USGS-05480986,38.9,14.0
2013-05-11 06:30:00+00:00,USGS-05480986,39.0,14.0
2013-05-11 06:45:00+00:00,USGS-05480986,39.0,14.0
2013-05-11 07:00:00+00:00,USGS-05480986,39.0,13.7
2013-05-11 07:15:00+00:00,USGS-05480986,39.1,14.0
2013-05-11 07:30:00+00:00,USGS-05480986,39.1,13.7
2013-05-11 07:45:00+00:00,USGS-05480986,39.1,13.7
2013-05-11 08:00:00+00:00,USGS-05480986,39.1,13.7
2013-05-11 08:15:00+00:00,USGS-05480986,39.1,13.7
2013-05-11 08:30:00+00:00,USGS-05480986,39.1,13.7
2013-05-11 08:45:00+00:00,USGS-05480986,39.1,13.7
2013-05-11 09:00:00+00:00,USGS-05480986,39.1,13.4
2013-05-11 09:15:00+00:00,USGS-05480986,39.1,13.7
2013-05-11 09:30:00+00:00,USGS-05480986,39.1,13.7
2013-05-11 09:45:00+00:00,USGS-05480986,39.1,13.4
2013-05-11 10:00:00+00:00,USGS-05480986,39.1,13.4
2013-05-11 10:15:00+00:00,USGS-05480986,39.1,13.4
2013-05-11 10:30:00+00:00,USGS-05480986,39.1,13.4
2013-05-11 10:45:00+00:00,USGS-05480986,39.1,13.4
2013-05-11 11:00:00+00:00,USGS-05480986,39.1,13.4
2013-05-11 11:15:00+00:00,USGS-05480986,39.1,13.1
2013-05-11 11:30:00+00:00,USGS-05480986,39.1,13.1
2013-05-11 11:45:00+00:00,USGS-05480986,39.1,13.1
2013-05-11 12:00:00+00:00,USGS-05480986,39.1,13.1
2013-05-11 12:15:00+00:00,USGS-05480986,39.1,13.1
2013-05-11 12:30:00+00:00,USGS-05480986,39.2,13.1
2013-05-11 12:45:00+00:00,USGS-05480986,39.1,13.1
2013-05-11 13:00:00+00:00,USGS-05480986,39.1,12.9
2013-05-11 13:15:00+00:00,USGS-05480986,39.1,12.9
2013-05-11 13:30:00+00:00,USGS-05480986,39.2,12.9
2013-05-11 13:45:00+00:00,USGS-05480986,39.1,12.9
2013-05-11 14:00:00+00:00,USGS-05480986,39.2,12.9
2013-05-11 14:15:00+00:00,USGS-05480986,39.1,12.9
2013-05-11 14:30:00+00:00,USGS-05480986,39.2,12.9
2013-05-11 14:45:00+00:00,USGS-05480986,39.2,12.9
2013-05-11 15:00:00+00:00,USGS-05480986,39.2,12.6
2013-05-11 15:15:00+00:00,USGS-05480986,39.2,12.6
2013-05-11 15:30:00+00:00,USGS-05480986,39.2,12.6
2013-05-11 15:45:00+00:00,USGS-05480986,39.3,12.6
2013-05-11 16:00:00+00:00,USGS-05480986,39.3,12.6
2013-05-11 16:15:00+00:00,USGS-05480986,39.3,12.4
2013-05-11 16:30:00+00:00,USGS-05480986,39.3,12.4
2013-05-11 16:45:00+00:00,USGS-05480986,39.3,12.4
2013-05-11 17:00:00+00:00,USGS-05480986,39.4,12.4
2013-05-11 17:15:00+00:00,USGS-05480986,39.4,12.4
2013-05-11 17:30:00+00:00,USGS-05480986,39.4,12.4
2013-05-11 17:45:00+00:00,USGS-05480986,39.4,12.1
2013-05-11 18:00:00+00:00,USGS-05480986,39.4,12.4
2013-05-11 18:15:00+00:00,USGS-05480986,39.4,12.1
2013-05-11 18:30:00+00:00,USGS-05480986,39.4,12.1
2013-05-11 18:45:00+00:00,USGS-05480986,39.4,12.1
2013-05-11 19:00:00+00:00,USGS-05480986,39.4,12.1
2013-05-11 19:15:00+00:00,USGS-05480986,39.4,12.1
2013-05-11 19:30:00+00:00,USGS-05480986,39.4,12.1
2013-05-11 19:45:00+00:00,USGS-05480986,39.4,12.1
2013-05-11 20:00:00+00:00,USGS-05480986,39.4,12.1
2013-05-11 20:15:00+00:00,USGS-05480986,39.4,12.1
2013-05-11 20:30:00+00:00,USGS-05480986,39.4,12.1
2013-05-11 20:45:00+00:00,USGS-05480986,39.5,11.9
2013-05-11 21:00:00+00:00,USGS-05480986,39.4,11.9
2013-05-11 21:15:00+00:00,USGS-05480986,39.5,12.1
2013-05-11 21:30:00+00:00,USGS-05480986,39.5,11.9
2013-05-11 21:45:00+00:00,USGS-05480986,39.5,11.9
2013-05-11 22:00:00+00:00,USGS-05480986,39.6,11.9
2013-05-11 22:15:00+00:00,USGS-05480986,39.6,11.9
2013-05-11 22:30:00+00:00,USGS-05480986,39.6,11.9
2013-05-11 22:45:00+00:00,USGS-05480986,39.6,11.6
2013-05-11 23:00:00+00:00,USGS-05480986,39.6,11.9
2013-05-11 23:15:00+00:00,USGS-05480986,39.7,11.9
2013-05-11 23:30:00+00:00,USGS-05480986,39.7,11.6
2013-05-11 23:45:00+00:00,USGS-05480986,39.7,11.6
2013-05-12 00:00:00+00:00,USGS-05480986,39.7,11.9
2013-05-12 00:15:00+00:00,USGS-05480986,39.7,11.9
2013-05-12 00:30:00+00:00,USGS-05480986,39.7,11.6
2013-05-12 00:45:00+00:00,USGS-05480986,39.7,11.6
2013-05-12 01:00:00+00:00,USGS-05480986,39.7,11.6
2013-05-12 01:15:00+00:00,USGS-05480986,39.7,11.6
2013-05-12 01:30:00+00:00,USGS-05480986,39.7,11.6
2013-05-12 01:45:00+00:00,USGS-05480986,39.7,11.6
2013-05-12 02:00:00+00:00,USGS-05480986,39.7,11.6
2013-05-12 02:15:00+00:00,USGS-05480986,39.7,11.6
2013-05-12 02:30:00+00:00,USGS-05480986,39.8,11.6
2013-05-12 02:45:00+00:00,USGS-05480986,39.8,11.6
2013-05-12 03:00:00+00:00,USGS-05480986,39.8,11.6
2013-05-12 03:15:00+00:00,USGS-05480986,39.8,11.4
2013-05-12 03:30:00+00:00,USGS-05480986,39.8,11.6
2013-05-12 03:45:00+00:00,USGS-05480986,39.9,11.4
2013-05-12 04:00:00+00:00,USGS-05480986,39.9,11.4
2013-05-12 04:15:00+00:00,USGS-05480986,39.9,11.6
2013-05-12 04:30:00+00:00,USGS-05480986,39.9,11.4
2013-05-12 04:45:00+00:00,USGS-05480986,39.9,11.4
2013-05-12 05:00:00+00:00,USGS-05480986,39.9,11.4
2013-05-12 05:15:00+00:00,USGS-05480986,39.9,11.4
2013-05-12 05:30:00+00:00,USGS-05480986,39.9,11.4
2013-05-12 05:45:00+00:00,USGS-05480986,39.9,11.1
2013-05-12 06:00:00+00:00,USGS-05480986,40.0,11.4
2013-05-12 06:15:00+00:00,USGS-05480986,40.0,11.4
2013-05-12 06:30:00+00:00,USGS-05480986,40.0,11.1
2013-05-12 06:45:00+00:00,USGS-05480986,40.0,11.1
2013-05-12 07:00:00+00:00,USGS-05480986,40.0,11.1
2013-05-12 07:15:00+00:00,USGS-05480986,40.0,11.1
2013-05-12 07:30:00+00:00,USGS-05480986,39.9,11.1
2013-05-12 07:45:00+00:00,USGS-05480986,40.0,11.1
2013-05-12 08:00:00+00:00,USGS-05480986,40.0,11.1
2013-05-12 08:15:00+00:00,USGS-05480986,40.0,11.1
2013-05-12 08:30:00+00:00,USGS-05480986,40.0,11.1
2013-05-12 08:45:00+00:00,USGS-05480986,40.0,11.1
2013-05-12 09:00:00+00:00,USGS-05480986,40.0,11.1
2013-05-12 09:15:00+00:00,USGS-05480986,40.0,11.1
2013-05-12 09:30:00+00:00,USGS-05480986,40.0,11.1
2013-05-12 09:45:00+00:00,USGS-05480986,40.0,10.9
2013-05-12 10:00:00+00:00,USGS-05480986,40.0,10.9
2013-05-12 10:15:00+00:00,USGS-05480986,40.0,10.9
2013-05-12 10:30:00+00:00,USGS-05480986,40.0,10.9
2013-05-12 10:45:00+00:00,USGS-05480986,40.1,10.9
2013-05-12 11:00:00+00:00,USGS-05480986,40.1,10.9
2013-05-12 11:15:00+00:00,USGS-05480986,40.1,10.9
2013-05-12 11:30:00+00:00,USGS-05480986,40.1,10.9
2013-05-12 11:45:00+00:00,USGS-05480986,40.1,10.9
2013-05-12 12:00:00+00:00,USGS-05480986,40.1,10.9
2013-05-12 12:15:00+00:00,USGS-05480986,40.1,10.9
2013-05-12 12:30:00+00:00,USGS-05480986,40.2,10.6
2013-05-12 12:45:00+00:00,USGS-05480986,40.2,10.9
2013-05-12 13:00:00+00:00,USGS-05480986,40.1,10.6
2013-05-12 13:15:00+00:00,USGS-05480986,40.2,10.6
2013-05-12 13:30:00+00:00,USGS-05480986,40.2,10.6
2013-05-12 13:45:00+00:00,USGS-05480986,40.2,10.9
2013-05-12 14:00:00+00:00,USGS-05480986,40.2,10.6
2013-05-12 14:15:00+00:00,USGS-05480986,40.2,10.6
2013-05-12 14:30:00+00:00,USGS-05480986,40.2,10.6
2013-05-12 14:45:00+00:00,USGS-05480986,40.2,10.6
2013-05-12 15:00:00+00:00,USGS-05480986,40.2,10.6
2013-05-12 15:15:00+00:00,USGS-05480986,40.3,10.6
2013-05-12 15:30:00+00:00,USGS-05480986,40.3,10.6
2013-05-12 15:45:00+00:00,USGS-05480986,40.3,10.6
2013-05-12 16:00:00+00:00,USGS-05480986,40.3,10.6
2013-05-12 16:15:00+00:00,USGS-05480986,40.3,10.4
2013-05-12 16:30:00+00:00,USGS-05480986,40.3,10.4
2013-05-12 16:45:00+00:00,USGS-05480986,40.3,10.4
2013-05-12 17:00:00+00:00,USGS-05480986,40.3,10.4
2013-05-12 17:15:00+00:00,USGS-05480986,40.3,10.4
2013-05-12 17:30:00+00:00,USGS-05480986,40.3,10.4
2013-05-12 17:45:00+00:00,USGS-05480986,40.3,10.4
2013-05-12 18:00:00+00:00,USGS-05480986,40.3,10.4
2013-05-12 18:15:00+00:00,USGS-05480986,40.3,10.4
2013-05-12 18:30:00+00:00,USGS-05480986,40.3,10.2
2013-05-12 18:45:00+00:00,USGS-05480986,40.3,10.4
2013-05-12 19:00:00+00:00,USGS-05480986,40.4,10.2
2013-05-12 19:15:00+00:00,USGS-05480986,40.4,10.2
2013-05-12 19:30:00+00:00,USGS-05480986,40.4,10.2
2013-05-12 19:45:00+00:00,USGS-05480986,,10.2
2013-05-12 20:00:00+00:00,USGS-05480986,40.4,10.2
2013-05-12 20:15:00+00:00,USGS-05480986,40.4,10.2
2013-05-12 20:30:00+00:00,USGS-05480986,40.4,10.2
2013-05-12 20:45:00+00:00,USGS-05480986,40.5,10.2
2013-05-12 21:00:00+00:00,USGS-05480986,40.4,10.2
2013-05-12 21:15:00+00:00,USGS-05480986,40.5,10.2
2013-05-12 21:30:00+00:00,USGS-05480986,40.4,10.2
2013-05-12 21:45:00+00:00,USGS-05480986,40.5,10.2
2013-05-12 22:00:00+00:00,USGS-05480986,40.5,10.2
2013-05-12 22:15:00+00:00,USGS-05480986,40.5,10.2
2013-05-12 22:30:00+00:00,USGS-05480986,40.5,10.2
2013-05-12 22:45:00+00:00,USGS-05480986,40.5,9.91
2013-05-12 23:00:00+00:00,USGS-05480986,40.5,9.91
2013-05-12 23:15:00+00:00,USGS-05480986,40.5,9.91
2013-05-12 23:30:00+00:00,USGS-05480986,40.5,10.2
2013-05-12 23:45:00+00:00,USGS-05480986,40.5,9.91
2013-05-13 00:00:00+00:00,USGS-05480986,40.5,9.91
2013-05-13 00:15:00+00:00,USGS-05480986,40.5,10.2
2013-05-13 00:30:00+00:00,USGS-05480986,40.6,9.91
2013-05-13 00:45:00+00:00,USGS-05480986,40.6,9.91
2013-05-13 01:00:00+00:00,USGS-05480986,40.6,9.91
2013-05-13 01:15:00+00:00,USGS-05480986,40.6,10.2
2013-05-13 01:30:00+00:00,USGS-05480986,40.6,9.91
2013-05-13 01:45:00+00:00,USGS-05480986,40.6,9.91
2013-05-13 02:00:00+00:00,USGS-05480986,40.6,9.91
2013-05-13 02:15:00+00:00,USGS-05480986,40.6,9.91
2013-05-13 02:30:00+00:00,USGS-05480986,40.6,9.91
2013-05-13 02:45:00+00:00,USGS-05480986,40.6,9.91
2013-05-13 03:00:00+00:00,USGS-05480986,40.6,9.91
2013-05-13 03:15:00+00:00,USGS-05480986,40.6,9.91
2013-05-13 03:30:00+00:00,USGS-05480986,40.6,9.91
2013-05-13 03:45:00+00:00,USGS-05480986,40.6,9.91
2013-05-13 04:00:00+00:00,USGS-05480986,40.6,9.91
2013-05-13 04:15:00+00:00,USGS-05480986,40.6,9.91
2013-05-13 04:30:00+00:00,USGS-05480986,40.6,9.91
2013-05-13 04:45:00+00:00,USGS-05480986,40.6,9.91
2013-05-13 05:00:00+00:00,USGS-05480986,,9.91
2013-05-13 05:15:00+00:00,USGS-05480986,,9.91
2013-05-13 05:30:00+00:00,USGS-05480986,,9.91
2013-05-13 05:45:00+00:00,USGS-05480986,,9.91
2013-05-13 06:00:00+00:00,USGS-05480986,,9.64
2013-05-13 06:15:00+00:00,USGS-05480986,,9.91
2013-05-13 06:30:00+00:00,USGS-05480986,,9.91
2013-05-13 06:45:00+00:00,USGS-05480986,,9.64
2013-05-13 07:00:00+00:00,USGS-05480986,,9.64
2013-05-13 07:15:00+00:00,USGS-05480986,,9.64
2013-05-13 07:30:00+00:00,USGS-05480986,,9.64
2013-05-13 07:45:00+00:00,USGS-05480986,,9.64
2013-05-13 08:00:00+00:00,USGS-05480986,,9.64
2013-05-13 08:15:00+00:00,USGS-05480986,,9.64
2013-05-13 08:30:00+00:00,USGS-05480986,,9.64
2013-05-13 08:45:00+00:00,USGS-05480986,,9.64
2013-05-13 09:00:00+00:00,USGS-05480986,,9.64
2013-05-13 09:15:00+00:00,USGS-05480986,,9.64
2013-05-13 09:30:00+00:00,USGS-05480986,,9.64
2013-05-13 09:45:00+00:00,USGS-05480986,,9.38
2013-05-13 10:00:00+00:00,USGS-05480986,,9.38
2013-05-13 10:15:00+00:00,USGS-05480986,,9.38
2013-05-13 10:30:00+00:00,USGS-05480986,,9.38
2013-05-13 10:45:00+00:00,USGS-05480986,,9.38
2013-05-13 11:00:00+00:00,USGS-05480986,,9.38
2013-05-13 11:15:00+00:00,USGS-05480986,,9.38
2013-05-13 11:30:00+00:00,USGS-05480986,,9.38
2013-05-13 11:45:00+00:00,USGS-05480986,,9.38
2013-05-13 12:00:00+00:00,USGS-05480986,,9.38
2013-05-13 12:15:00+00:00,USGS-05480986,,9.38
2013-05-13 12:30:00+00:00,USGS-05480986,,9.38
2013-05-13 12:45:00+00:00,USGS-05480986,,9.38
2013-05-13 13:00:00+00:00,USGS-05480986,,9.38
2013-05-13 13:15:00+00:00,USGS-05480986,,9.38
2013-05-13 13:30:00+00:00,USGS-05480986,,9.38
2013-05-13 13:45:00+00:00,USGS-05480986,,9.38
2013-05-13 14:00:00+00:00,USGS-05480986,,9.38
2013-05-13 14:15:00+00:00,USGS-05480986,,9.38
2013-05-13 14:30:00+00:00,USGS-05480986,,9.38
2013-05-13 14:45:00+00:00,USGS-05480986,,9.38
2013-05-13 15:00:00+00:00,USGS-05480986,,9.38
2013-05-13 15:15:00+00:00,USGS-05480986,,9.38
2013-05-13 15:30:00+00:00,USGS-05480986,,9.38
2013-05-13 15:45:00+00:00,USGS-05480986,,9.12
2013-05-13 16:00:00+00:00,USGS-05480986,,9.38
2013-05-13 16:15:00+00:00,USGS-05480986,,9.38
2013-05-13 16:30:00+00:00,USGS-05480986,,9.12
2013-05-13 16:45:00+00:00,USGS-05480986,,9.12
2013-05-13 17:00:00+00:00,USGS-05480986,,9.12
2013-05-13 17:15:00+00:00,USGS-05480986,,9.12
2013-05-13 17:30:00+00:00,USGS-05480986,,9.12
2013-05-13 17:45:00+00:00,USGS-05480986,,9.12
2013-05-13 18:00:00+00:00,USGS-05480986,,9.12
2013-05-13 18:15:00+00:00,USGS-05480986,,9.12
2013-05-13 18:30:00+00:00,USGS-05480986,,9.12
2013-05-13 18:45:00+00:00,USGS-05480986,,9.12
2013-05-13 19:00:00+00:00,USGS-05480986,,9.12
2013-05-13 19:15:00+00:00,USGS-05480986,,8.87
2013-05-13 19:30:00+00:00,USGS-05480986,,9.12
2013-05-13 19:45:00+00:00,USGS-05480986,,9.12
2013-05-13 20:00:00+00:00,USGS-05480986,,9.12
2013-05-13 20:15:00+00:00,USGS-05480986,,9.12
2013-05-13 20:30:00+00:00,USGS-05480986,,8.87
2013-05-13 20:45:00+00:00,USGS-05480986,,9.12
2013-05-13 21:00:00+00:00,USGS-05480986,,9.12
2013-05-13 21:15:00+00:00,USGS-05480986,,9.12
2013-05-13 21:30:00+00:00,USGS-05480986,,8.87
2013-05-13 21:45:00+00:00,USGS-05480986,,8.87
2013-05-13 22:00:00+00:00,USGS-05480986,,8.87
2013-05-13 22:15:00+00:00,USGS-05480986,,8.87
2013-05-13 22:30:00+00:00,USGS-05480986,,9.12
2013-05-13 22:45:00+00:00,USGS-05480986,,9.12
2013-05-13 23:00:00+00:00,USGS-05480986,,9.12
2013-05-13 23:15:00+00:00,USGS-05480986,,8.87
2013-05-13 23:30:00+00:00,USGS-05480986,,8.87
2013-05-13 23:45:00+00:00,USGS-05480986,,9.12
2013-05-14 00:00:00+00:00,USGS-05480986,,9.12
2013-05-14 00:15:00+00:00,USGS-05480986,,8.87
2013-05-14 00:30:00+00:00,USGS-05480986,,8.87
2013-05-14 00:45:00+00:00,USGS-05480986,,8.87
2013-05-14 01:00:00+00:00,USGS-05480986,,9.12
2013-05-14 01:15:00+00:00,USGS-05480986,,9.12
2013-05-14 01:30:00+00:00,USGS-05480986,,8.87
2013-05-14 01:45:00+00:00,USGS-05480986,,8.87
2013-05-14 02:00:00+00:00,USGS-05480986,,8.87
2013-05-14 02:15:00+00:00,USGS-05480986,,8.87
2013-05-14 02:30:00+00:00,USGS-05480986,,8.87
2013-05-14 02:45:00+00:00,USGS-05480986,,8.87
2013-05-14 03:00:00+00:00,USGS-05480986,,8.87
2013-05-14 03:15:00+00:00,USGS-05480986,,8.87
2013-05-14 03:30:00+00:00,USGS-05480986,,8.87
2013-05-14 03:45:00+00:00,USGS-05480986,,8.87
2013-05-14 04:00:00+00:00,USGS-05480986,,8.87
2013-05-14 04:15:00+00:00,USGS-05480986,,8.87
2013-05-14 04:30:00+00:00,USGS-05480986,,8.87
2013-05-14 04:45:00+00:00,USGS-05480986,,8.87
2013-05-14 05:00:00+00:00,USGS-05480986,41.0,8.87
2013-05-14 05:15:00+00:00,USGS-05480986,41.0,8.87
2013-05-14 05:30:00+00:00,USGS-05480986,41.0,8.87
2013-05-14 05:45:00+00:00,USGS-05480986,41.0,8.87
2013-05-14 06:00:00+00:00,USGS-05480986,41.0,8.87
2013-05-14 06:15:00+00:00,USGS-05480986,40.9,8.87
2013-05-14 06:30:00+00:00,USGS-05480986,41.0,8.62
2013-05-14 06:45:00+00:00,USGS-05480986,41.0,8.62
2013-05-14 07:00:00+00:00,USGS-05480986,40.9,8.62
2013-05-14 07:15:00+00:00,USGS-05480986,41.0,8.62
2013-05-14 07:30:00+00:00,USGS-05480986,41.0,8.62
2013-05-14 07:45:00+00:00,USGS-05480986,41.0,8.62
2013-05-14 08:00:00+00:00,USGS-05480986,41.0,8.62
2013-05-14 08:15:00+00:00,USGS-05480986,41.0,8.62
2013-05-14 08:30:00+00:00,USGS-05480986,41.0,8.62
2013-05-14 08:45:00+00:00,USGS-05480986,41.0,8.62
2013-05-14 09:00:00+00:00,USGS-05480986,41.0,8.62
2013-05-14 09:15:00+00:00,USGS-05480986,41.0,8.62
2013-05-14 09:30:00+00:00,USGS-05480986,41.0,8.62
2013-05-14 09:45:00+00:00,USGS-05480986,41.0,8.62
2013-05-14 10:00:00+00:00,USGS-05480986,41.0,8.62
2013-05-14 10:15:00+00:00,USGS-05480986,41.0,8.62
2013-05-14 10:30:00+00:00,USGS-05480986,41.0,8.62
2013-05-14 10:45:00+00:00,USGS-05480986,40.9,8.37
2013-05-14 11:00:00+00:00,USGS-05480986,41.0,8.62
2013-05-14 11:15:00+00:00,USGS-05480986,41.0,8.37
2013-05-14 11:30:00+00:00,USGS-05480986,40.9,8.37
2013-05-14 11:45:00+00:00,USGS-05480986,41.0,8.62
2013-05-14 12:00:00+00:00,USGS-05480986,41.0,8.37
2013-05-14 12:15:00+00:00,USGS-05480986,41.0,8.37
2013-05-14 12:30:00+00:00,USGS-05480986,41.0,8.37
2013-05-14 12:45:00+00:00,USGS-05480986,41.0,8.37
2013-05-14 13:00:00+00:00,USGS-05480986,41.0,8.37
2013-05-14 13:15:00+00:00,USGS-05480986,41.0,8.37
2013-05-14 13:30:00+00:00,USGS-05480986,41.0,8.37
2013-05-14 13:45:00+00:00,USGS-05480986,41.0,8.37
2013-05-14 14:00:00+00:00,USGS-05480986,41.0,8.37
2013-05-14 14:15:00+00:00,USGS-05480986,41.0,8.37
2013-05-14 14:30:00+00:00,USGS-05480986,40.9,8.37
2013-05-14 14:45:00+00:00,USGS-05480986,40.9,8.37
2013-05-14 15:00:00+00:00,USGS-05480986,41.0,8.37
2013-05-14 15:15:00+00:00,USGS-05480986,40.9,8.37
2013-05-14 15:30:00+00:00,USGS-05480986,40.9,8.37
2013-05-14 15:45:00+00:00,USGS-05480986,40.9,8.37
2013-05-14 16:00:00+00:00,USGS-05480986,41.0,8.13
2013-05-14 16:15:00+00:00,USGS-05480986,40.9,8.13
2013-05-14 16:30:00+00:00,USGS-05480986,40.9,8.13
2013-05-14 16:45:00+00:00,USGS-05480986,40.9,8.13
2013-05-14 17:00:00+00:00,USGS-05480986,40.9,8.13
2013-05-14 17:15:00+00:00,USGS-05480986,40.9,8.13
2013-05-14 17:30:00+00:00,USGS-05480986,40.9,8.13
2013-05-14 17:45:00+00:00,USGS-05480986,40.9,8.13
2013-05-14 18:00:00+00:00,USGS-05480986,41.0,8.13
2013-05-14 18:15:00+00:00,USGS-05480986,40.9,8.13
2013-05-14 18:30:00+00:00,USGS-05480986,40.9,8.13
2013-05-14 18:45:00+00:00,USGS-05480986,40.9,8.13
2013-05-14 19:00:00+00:00,USGS-05480986,40.9,8.13
2013-05-14 19:15:00+00:00,USGS-05480986,41.0,8.13
2013-05-14 19:30:00+00:00,USGS-05480986,41.0,8.13
2013-05-14 19:45:00+00:00,USGS-05480986,41.0,8.13
2013-05-14 20:00:00+00:00,USGS-05480986,41.0,8.13
2013-05-14 20:15:00+00:00,USGS-05480986,40.9,8.13
2013-05-14 20:30:00+00:00,USGS-05480986,41.0,8.13
2013-05-14 20:45:00+00:00,USGS-05480986,41.0,8.13
2013-05-14 21:00:00+00:00,USGS-05480986,41.0,8.13
2013-05-14 21:15:00+00:00,USGS-05480986,41.0,7.9
2013-05-14 21:30:00+00:00,USGS-05480986,41.0,7.9
2013-05-14 21:45:00+00:00,USGS-05480986,41.0,8.13
2013-05-14 22:00:00+00:00,USGS-05480986,41.0,7.9
2013-05-14 22:15:00+00:00,USGS-05480986,41.0,7.9
2013-05-14 22:30:00+00:00,USGS-05480986,41.1,7.9
2013-05-14 22:45:00+00:00,USGS-05480986,41.1,7.9
2013-05-14 23:00:00+00:00,USGS-05480986,41.1,7.9
2013-05-14 23:15:00+00:00,USGS-05480986,41.1,7.9
2013-05-14 23:30:00+00:00,USGS-05480986,41.1,7.9
2013-05-14 23:45:00+00:00,USGS-05480986,41.1,7.9
2013-05-15 00:00:00+00:00,USGS-05480986,41.1,7.9
2013-05-15 00:15:00+00:00,USGS-05480986,41.1,7.9
2013-05-15 00:30:00+00:00,USGS-05480986,41.2,7.9
2013-05-15 00:45:00+00:00,USGS-05480986,41.2,7.9
2013-05-15 01:00:00+00:00,USGS-05480986,41.2,7.9
2013-05-15 01:15:00+00:00,USGS-05480986,41.2,7.9
2013-05-15 01:30:00+00:00,USGS-05480986,41.2,7.9
2013-05-15 01:45:00+00:00,USGS-05480986,41.2,7.9
2013-05-15 02:00:00+00:00,USGS-05480986,41.2,7.9
2013-05-15 02:15:00+00:00,USGS-05480986,41.2,7.9
2013-05-15 02:30:00+00:00,USGS-05480986,41.2,7.9
2013-05-15 02:45:00+00:00,USGS-05480986,41.2,7.9
2013-05-15 03:00:00+00:00,USGS-05480986,41.2,7.9
2013-05-15 03:15:00+00:00,USGS-05480986,41.2,7.9
2013-05-15 03:30:00+00:00,USGS-05480986,41.2,7.9
2013-05-15 03:45:00+00:00,USGS-05480986,41.2,7.67
2013-05-15 04:00:00+00:00,USGS-05480986,41.2,7.67
2013-05-15 04:15:00+00:00,USGS-05480986,41.2,7.67
2013-05-15 04:30:00+00:00,USGS-05480986,41.2,7.67
2013-05-15 04:45:00+00:00,USGS-05480986,41.2,7.67
2013-05-15 05:00:00+00:00,USGS-05480986,41.2,7.67
2013-05-15 05:15:00+00:00,USGS-05480986,41.2,7.67
2013-05-15 05:30:00+00:00,USGS-05480986,41.2,7.67
2013-05-15 05:45:00+00:00,USGS-05480986,41.2,7.67
2013-05-15 06:00:00+00:00,USGS-05480986,41.2,7.44
2013-05-15 06:15:00+00:00,USGS-05480986,41.2,7.44
2013-05-15 06:30:00+00:00,USGS-05480986,41.2,7.44
2013-05-15 06:45:00+00:00,USGS-05480986,41.2,7.44
2013-05-15 07:00:00+00:00,USGS-05480986,41.2,7.44
2013-05-15 07:15:00+00:00,USGS-05480986,41.2,7.22
2013-05-15 07:30:00+00:00,USGS-05480986,41.2,7.22
2013-05-15 07:45:00+00:00,USGS-05480986,41.2,7.44
2013-05-15 08:00:00+00:00,USGS-05480986,41.2,7.44
2013-05-15 08:15:00+00:00,USGS-05480986,41.2,7.44
2013-05-15 08:30:00+00:00,USGS-05480986,41.2,7.44
2013-05-15 08:45:00+00:00,USGS-05480986,41.2,7.22
2013-05-15 09:00:00+00:00,USGS-05480986,41.2,7.22
2013-05-15 09:15:00+00:00,USGS-05480986,41.2,7.22
2013-05-15 09:30:00+00:00,USGS-05480986,41.2,7.22
2013-05-15 09:45:00+00:00,USGS-05480986,41.2,7.22
2013-05-15 10:00:00+00:00,USGS-05480986,41.2,7.22
2013-05-15 10:15:00+00:00,USGS-05480986,41.2,7.01
2013-05-15 10:30:00+00:00,USGS-05480986,41.2,7.22
2013-05-15 10:45:00+00:00,USGS-05480986,41.2,7.01
2013-05-15 11:00:00+00:00,USGS-05480986,41.2,7.01
2013-05-15 11:15:00+00:00,USGS-05480986,41.2,7.22
2013-05-15 11:30:00+00:00,USGS-05480986,41.2,7.01
2013-05-15 11:45:00+00:00,USGS-05480986,41.1,7.01
2013-05-15 12:00:00+00:00,USGS-05480986,41.2,7.01
2013-05-15 12:15:00+00:00,USGS-05480986,41.2,7.01
2013-05-15 12:30:00+00:00,USGS-05480986,41.2,7.01
2013-05-15 12:45:00+00:00,USGS-05480986,41.2,7.01
2013-05-15 13:00:00+00:00,USGS-05480986,41.2,7.01
2013-05-15 13:15:00+00:00,USGS-05480986,41.2,7.01
2013-05-15 13:30:00+00:00,USGS-05480986,41.2,7.01
2013-05-15 13:45:00+00:00,USGS-05480986,41.2,7.01
2013-05-15 14:00:00+00:00,USGS-05480986,41.2,7.01
2013-05-15 14:15:00+00:00,USGS-05480986,41.2,7.01
2013-05-15 14:30:00+00:00,USGS-05480986,41.2,7.01
2013-05-15 14:45:00+00:00,USGS-05480986,41.2,7.01
2013-05-15 15:00:00+00:00,USGS-05480986,41.2,7.01
2013-05-15 15:15:00+00:00,USGS-05480986,41.2,7.01
2013-05-15 15:30:00+00:00,USGS-05480986,41.2,7.01
2013-05-15 15:45:00+00:00,USGS-05480986,41.2,7.01
2013-05-15 16:00:00+00:00,USGS-05480986,41.2,6.8
2013-05-15 16:15:00+00:00,USGS-05480986,41.2,6.8
2013-05-15 16:30:00+00:00,USGS-05480986,41.2,7.01
2013-05-15 16:45:00+00:00,USGS-05480986,41.2,6.8
2013-05-15 17:00:00+00:00,USGS-05480986,41.2,6.8
2013-05-15 17:15:00+00:00,USGS-05480986,41.2,6.8
2013-05-15 17:30:00+00:00,USGS-05480986,41.3,6.8
2013-05-15 17:45:00+00:00,USGS-05480986,41.2,6.8
2013-05-15 18:00:00+00:00,USGS-05480986,41.3,6.8
2013-05-15 18:15:00+00:00,USGS-05480986,41.3,6.8
2013-05-15 18:30:00+00:00,USGS-05480986,41.3,6.8
2013-05-15 18:45:00+00:00,USGS-05480986,41.3,6.8
2013-05-15 19:00:00+00:00,USGS-05480986,41.3,6.8
2013-05-15 19:15:00+00:00,USGS-05480986,41.3,6.8
2013-05-15 19:30:00+00:00,USGS-05480986,41.3,6.59
2013-05-15 19:45:00+00:00,USGS-05480986,41.3,6.8
2013-05-15 20:00:00+00:00,USGS-05480986,41.3,6.8
2013-05-15 20:15:00+00:00,USGS-05480986,41.3,6.8
2013-05-15 20:30:00+00:00,USGS-05480986,41.3,6.8
2013-05-15 20:45:00+00:00,USGS-05480986,41.3,6.8
2013-05-15 21:00:00+00:00,USGS-05480986,41.4,6.8
2013-05-15 21:15:00+00:00,USGS-05480986,41.4,6.8
2013-05-15 21:30:00+00:00,USGS-05480986,41.4,6.8
2013-05-15 21:45:00+00:00,USGS-05480986,41.4,6.8
2013-05-15 22:00:00+00:00,USGS-05480986,41.4,6.8
2013-05-15 22:15:00+00:00,USGS-05480986,41.4,6.8
2013-05-15 22:30:00+00:00,USGS-05480986,41.4,6.8
2013-05-15 22:45:00+00:00,USGS-05480986,41.4,6.8
2013-05-15 23:00:00+00:00,USGS-05480986,41.4,6.8
2013-05-15 23:15:00+00:00,USGS-05480986,41.4,6.8
2013-05-15 23:30:00+00:00,USGS-05480986,41.4,6.8
2013-05-15 23:45:00+00:00,USGS-05480986,41.4,6.8
2013-05-16 00:00:00+00:00,USGS-05480986,41.4,6.8
2013-05-16 00:15:00+00:00,USGS-05480986,41.4,6.8
2013-05-16 00:30:00+00:00,USGS-05480986,41.4,6.8
2013-05-16 00:45:00+00:00,USGS-05480986,41.4,6.8
2013-05-16 01:00:00+00:00,USGS-05480986,41.5,7.01
2013-05-16 01:15:00+00:00,USGS-05480986,41.5,6.8
2013-05-16 01:30:00+00:00,USGS-05480986,41.5,6.8
2013-05-16 01:45:00+00:00,USGS-05480986,41.5,6.8
2013-05-16 02:00:00+00:00,USGS-05480986,41.5,6.8
2013-05-16 02:15:00+00:00,USGS-05480986,41.5,7.01
2013-05-16 02:30:00+00:00,USGS-05480986,41.5,7.01
2013-05-16 02:45:00+00:00,USGS-05480986,41.5,7.01
2013-05-16 03:00:00+00:00,USGS-05480986,41.5,7.01
2013-05-16 03:15:00+00:00,USGS-05480986,41.5,7.01
2013-05-16 03:30:00+00:00,USGS-05480986,41.5,7.01
2013-05-16 03:45:00+00:00,USGS-05480986,41.5,7.01
2013-05-16 04:00:00+00:00,USGS-05480986,41.5,7.01
2013-05-16 04:15:00+00:00,USGS-05480986,41.5,7.01
2013-05-16 04:30:00+00:00,USGS-05480986,41.6,7.01
2013-05-16 04:45:00+00:00,USGS-05480986,41.5,7.01
2013-05-16 05:00:00+00:00,USGS-05480986,41.5,7.01
2013-05-16 05:15:00+00:00,USGS-05480986,41.5,7.01
2013-05-16 05:30:00+00:00,USGS-05480986,41.6,6.8
2013-05-16 05:45:00+00:00,USGS-05480986,41.5,6.8
2013-05-16 06:00:00+00:00,USGS-05480986,41.6,6.8
2013-05-16 06:15:00+00:00,USGS-05480986,41.6,6.8
2013-05-16 06:30:00+00:00,USGS-05480986,41.6,6.8
2013-05-16 06:45:00+00:00,USGS-05480986,41.6,6.8
2013-05-16 07:00:00+00:00,USGS-05480986,41.5,6.8
2013-05-16 07:15:00+00:00,USGS-05480986,41.5,6.8
2013-05-16 07:30:00+00:00,USGS-05480986,41.5,6.8
2013-05-16 07:45:00+00:00,USGS-05480986,41.5,6.8
2013-05-16 08:00:00+00:00,USGS-05480986,41.6,6.8
2013-05-16 08:15:00+00:00,USGS-05480986,41.6,6.8
2013-05-16 08:30:00+00:00,USGS-05480986,41.5,6.8
2013-05-16 08:45:00+00:00,USGS-05480986,41.5,6.8
2013-05-16 09:00:00+00:00,USGS-05480986,41.5,6.8
2013-05-16 09:15:00+00:00,USGS-05480986,41.5,6.59
2013-05-16 09:30:00+00:00,USGS-05480986,41.5,6.8
2013-05-16 09:45:00+00:00,USGS-05480986,41.5,6.8
2013-05-16 10:00:00+00:00,USGS-05480986,41.6,6.8
2013-05-16 10:15:00+00:00,USGS-05480986,41.6,6.8
2013-05-16 10:30:00+00:00,USGS-05480986,41.5,6.8
2013-05-16 10:45:00+00:00,USGS-05480986,41.5,6.8
2013-05-16 11:00:00+00:00,USGS-05480986,41.6,6.8
2013-05-16 11:15:00+00:00,USGS-05480986,41.6,6.8
2013-05-16 11:30:00+00:00,USGS-05480986,41.6,6.8
2013-05-16 11:45:00+00:00,USGS-05480986,41.6,6.8
2013-05-16 12:00:00+00:00,USGS-05480986,41.6,6.8
2013-05-16 12:15:00+00:00,USGS-05480986,41.5,6.8
2013-05-16 12:30:00+00:00,USGS-05480986,41.5,6.8
2013-05-16 12:45:00+00:00,USGS-05480986,41.6,6.8
2013-05-16 13:00:00+00:00,USGS-05480986,41.6,6.8
2013-05-16 13:15:00+00:00,USGS-05480986,41.6,6.8
2013-05-16 13:30:00+00:00,USGS-05480986,41.5,6.8
2013-05-16 13:45:00+00:00,USGS-05480986,41.5,6.8
2013-05-16 14:00:00+00:00,USGS-05480986,41.5,6.8
2013-05-16 14:15:00+00:00,USGS-05480986,41.6,6.8
2013-05-16 14:30:00+00:00,USGS-05480986,41.6,6.59
2013-05-16 14:45:00+00:00,USGS-05480986,41.5,6.59
2013-05-16 15:00:00+00:00,USGS-05480986,41.5,6.59
2013-05-16 15:15:00+00:00,USGS-05480986,41.5,6.59
2013-05-16 15:30:00+00:00,USGS-05480986,41.6,6.59
2013-05-16 15:45:00+00:00,USGS-05480986,41.5,6.59
2013-05-16 16:00:00+00:00,USGS-05480986,41.5,6.59
2013-05-16 16:15:00+00:00,USGS-05480986,41.6,6.59
2013-05-16 16:30:00+00:00,USGS-05480986,41.6,6.59
2013-05-16 16:45:00+00:00,USGS-05480986,41.6,6.59
2013-05-16 17:00:00+00:00,USGS-05480986,41.6,6.59
2013-05-16 17:15:00+00:00,USGS-05480986,41.6,6.59
2013-05-16 17:30:00+00:00,USGS-05480986,41.6,6.59
2013-05-16 17:45:00+00:00,USGS-05480986,41.6,6.59
2013-05-16 18:00:00+00:00,USGS-05480986,41.6,6.59
2013-05-16 18:15:00+00:00,USGS-05480986,41.6,6.59
2013-05-16 18:30:00+00:00,USGS-05480986,41.6,6.59
2013-05-16 18:45:00+00:00,USGS-05480986,41.6,6.59
2013-05-16 19:00:00+00:00,USGS-05480986,41.6,6.59
2013-05-16 19:15:00+00:00,USGS-05480986,41.6,6.59
2013-05-16 19:30:00+00:00,USGS-05480986,41.6,6.38
2013-05-16 19:45:00+00:00,USGS-05480986,41.6,6.59
2013-05-16 20:00:00+00:00,USGS-05480986,41.6,6.38
2013-05-16 20:15:00+00:00,USGS-05480986,41.6,6.38
2013-05-16 20:30:00+00:00,USGS-05480986,41.6,6.38
2013-05-16 20:45:00+00:00,USGS-05480986,41.6,6.38
2013-05-16 21:00:00+00:00,USGS-05480986,41.6,6.38
2013-05-16 21:15:00+00:00,USGS-05480986,41.6,6.38
2013-05-16 21:30:00+00:00,USGS-05480986,41.6,6.38
2013-05-16 21:45:00+00:00,USGS-05480986,41.6,6.59
2013-05-16 22:00:00+00:00,USGS-05480986,41.6,6.38
2013-05-16 22:15:00+00:00,USGS-05480986,41.6,6.38
2013-05-16 22:30:00+00:00,USGS-05480986,41.6,6.38
2013-05-16 22:45:00+00:00,USGS-05480986,41.6,6.38
2013-05-16 23:00:00+00:00,USGS-05480986,41.6,6.38
2013-05-16 23:15:00+00:00,USGS-05480986,41.6,6.59
2013-05-16 23:30:00+00:00,USGS-05480986,41.6,6.8
2013-05-16 23:45:00+00:00,USGS-05480986,40.3,7.67
2013-05-17 00:00:00+00:00,USGS-05480986,39.6,7.44
2013-05-17 00:15:00+00:00,USGS-05480986,39.5,7.44
2013-05-17 00:30:00+00:00,USGS-05480986,39.4,7.44
2013-05-17 00:45:00+00:00,USGS-05480986,39.4,7.44
2013-05-17 01:00:00+00:00,USGS-05480986,39.5,7.22
2013-05-17 01:15:00+00:00,USGS-05480986,39.7,7.22
2013-05-17 01:30:00+00:00,USGS-05480986,39.8,7.22
2013-05-17 01:45:00+00:00,USGS-05480986,39.9,7.22
2013-05-17 02:00:00+00:00,USGS-05480986,39.8,7.22
2013-05-17 02:15:00+00:00,USGS-05480986,39.7,7.22
2013-05-17 02:30:00+00:00,USGS-05480986,39.5,7.22
2013-05-17 02:45:00+00:00,USGS-05480986,39.4,7.22
2013-05-17 03:00:00+00:00,USGS-05480986,39.4,7.9
2013-05-17 03:15:00+00:00,USGS-05480986,37.7,9.64
2013-05-17 03:30:00+00:00,USGS-05480986,35.6,9.38
2013-05-17 03:45:00+00:00,USGS-05480986,36.6,8.62
2013-05-17 04:00:00+00:00,USGS-05480986,37.5,8.37
2013-05-17 04:15:00+00:00,USGS-05480986,37.9,8.37
2013-05-17 04:30:00+00:00,USGS-05480986,38.2,8.37
2013-05-17 04:45:00+00:00,USGS-05480986,38.4,8.62
2013-05-17 05:00:00+00:00,USGS-05480986,38.6,8.87
2013-05-17 05:15:00+00:00,USGS-05480986,38.7,8.87
2013-05-17 05:30:00+00:00,USGS-05480986,38.7,9.12
2013-05-17 05:45:00+00:00,USGS-05480986,38.6,9.12
2013-05-17 06:00:00+00:00,USGS-05480986,38.6,9.38
2013-05-17 06:15:00+00:00,USGS-05480986,38.8,9.38
2013-05-17 06:30:00+00:00,USGS-05480986,39.0,9.38
2013-05-17 06:45:00+00:00,USGS-05480986,39.1,9.12
2013-05-17 07:00:00+00:00,USGS-05480986,39.0,9.12
2013-05-17 07:15:00+00:00,USGS-05480986,39.0,9.12
2013-05-17 07:30:00+00:00,USGS-05480986,39.0,9.12
2013-05-17 07:45:00+00:00,USGS-05480986,39.0,8.87
2013-05-17 08:00:00+00:00,USGS-05480986,38.9,8.87
2013-05-17 08:15:00+00:00,USGS-05480986,39.1,8.87
2013-05-17 08:30:00+00:00,USGS-05480986,39.2,8.87
2013-05-17 08:45:00+00:00,USGS-05480986,39.4,8.62
2013-05-17 09:00:00+00:00,USGS-05480986,39.4,8.62
2013-05-17 09:15:00+00:00,USGS-05480986,39.4,8.62
2013-05-17 09:30:00+00:00,USGS-05480986,39.2,8.37
2013-05-17 09:45:00+00:00,USGS-05480986,39.0,8.37
2013-05-17 10:00:00+00:00,USGS-05480986,38.8,8.37
2013-05-17 10:15:00+00:00,USGS-05480986,38.6,8.37
2013-05-17 10:30:00+00:00,USGS-05480986,38.6,8.37
2013-05-17 10:45:00+00:00,USGS-05480986,38.6,8.37
2013-05-17 11:00:00+00:00,USGS-05480986,38.6,8.37
2013-05-17 11:15:00+00:00,USGS-05480986,38.8,8.13
2013-05-17 11:30:00+00:00,USGS-05480986,38.9,8.37
2013-05-17 11:45:00+00:00,USGS-05480986,39.1,8.37
2013-05-17 12:00:00+00:00,USGS-05480986,39.1,8.37
2013-05-17 12:15:00+00:00,USGS-05480986,39.2,8.37
2013-05-17 12:30:00+00:00,USGS-05480986,39.2,8.37
2013-05-17 12:45:00+00:00,USGS-05480986,39.3,8.37
2013-05-17 13:00:00+00:00,USGS-05480986,39.3,8.37
2013-05-17 13:15:00+00:00,USGS-05480986,39.3,8.37
2013-05-17 13:30:00+00:00,USGS-05480986,39.2,8.37
2013-05-17 13:45:00+00:00,USGS-05480986,39.3,8.37
2013-05-17 14:00:00+00:00,USGS-05480986,39.3,8.37
2013-05-17 14:15:00+00:00,USGS-05480986,39.3,8.37
2013-05-17 14:30:00+00:00,USGS-05480986,39.3,8.13
2013-05-17 14:45:00+00:00,USGS-05480986,39.4,8.37
2013-05-17 15:00:00+00:00,USGS-05480986,39.4,8.37
2013-05-17 15:15:00+00:00,USGS-05480986,39.4,8.37
2013-05-17 15:30:00+00:00,USGS-05480986,39.5,8.37
2013-05-17 15:45:00+00:00,USGS-05480986,39.5,8.13
2013-05-17 16:00:00+00:00,USGS-05480986,39.5,8.13
2013-05-17 16:15:00+00:00,USGS-05480986,39.5,8.13
2013-05-17 16:30:00+00:00,USGS-05480986,39.6,8.13
2013-05-17 16:45:00+00:00,USGS-05480986,39.7,8.13
2013-05-17 17:00:00+00:00,USGS-05480986,39.7,8.13
2013-05-17 17:15:00+00:00,USGS-05480986,39.7,8.13
2013-05-17 17:30:00+00:00,USGS-05480986,39.8,8.13
2013-05-17 17:45:00+00:00,USGS-05480986,39.9,8.13
2013-05-17 18:00:00+00:00,USGS-05480986,40.0,8.13
2013-05-17 18:15:00+00:00,USGS-05480986,40.0,8.13
2013-05-17 18:30:00+00:00,USGS-05480986,40.1,8.13
2013-05-17 18:45:00+00:00,USGS-05480986,40.2,8.13
2013-05-17 19:00:00+00:00,USGS-05480986,40.3,8.13
2013-05-17 19:15:00+00:00,USGS-05480986,40.3,8.13
2013-05-17 19:30:00+00:00,USGS-05480986,40.4,8.13
2013-05-17 19:45:00+00:00,USGS-05480986,40.4,8.13
2013-05-17 20:00:00+00:00,USGS-05480986,40.4,8.13
2013-05-17 20:15:00+00:00,USGS-05480986,40.5,8.13
2013-05-17 20:30:00+00:00,USGS-05480986,40.6,8.13
2013-05-17 20:45:00+00:00,USGS-05480986,40.6,8.13
2013-05-17 21:00:00+00:00,USGS-05480986,40.6,8.13
2013-05-17 21:15:00+00:00,USGS-05480986,40.6,8.13
2013-05-17 21:30:00+00:00,USGS-05480986,40.6,8.13
2013-05-17 21:45:00+00:00,USGS-05480986,40.6,8.13
2013-05-17 22:00:00+00:00,USGS-05480986,40.6,8.13
2013-05-17 22:15:00+00:00,USGS-05480986,40.6,8.13
2013-05-17 22:30:00+00:00,USGS-05480986,40.6,8.13
2013-05-17 22:45:00+00:00,USGS-05480986,40.6,8.13
2013-05-17 23:00:00+00:00,USGS-05480986,40.6,8.13
2013-05-17 23:15:00+00:00,USGS-05480986,40.6,8.13
2013-05-17 23:30:00+00:00,USGS-05480986,40.6,8.13
2013-05-17 23:45:00+00:00,USGS-05480986,40.6,8.13
2013-05-18 00:00:00+00:00,USGS-05480986,40.6,8.13
2013-05-18 00:15:00+00:00,USGS-05480986,40.6,8.13
2013-05-18 00:30:00+00:00,USGS-05480986,40.6,8.13
2013-05-18 00:45:00+00:00,USGS-05480986,40.6,8.13
2013-05-18 01:00:00+00:00,USGS-05480986,40.6,8.13
2013-05-18 01:15:00+00:00,USGS-05480986,40.6,8.13
2013-05-18 01:30:00+00:00,USGS-05480986,40.6,8.13
2013-05-18 01:45:00+00:00,USGS-05480986,40.6,8.13
2013-05-18 02:00:00+00:00,USGS-05480986,40.7,8.13
2013-05-18 02:15:00+00:00,USGS-05480986,40.8,8.13
2013-05-18 02:30:00+00:00,USGS-05480986,40.7,8.13
2013-05-18 02:45:00+00:00,USGS-05480986,40.7,8.13
2013-05-18 03:00:00+00:00,USGS-05480986,40.7,8.13
2013-05-18 03:15:00+00:00,USGS-05480986,40.7,8.13
2013-05-18 03:30:00+00:00,USGS-05480986,40.7,8.13
2013-05-18 03:45:00+00:00,USGS-05480986,40.7,8.13
2013-05-18 04:00:00+00:00,USGS-05480986,40.8,8.13
2013-05-18 04:15:00+00:00,USGS-05480986,40.8,8.13
2013-05-18 04:30:00+00:00,USGS-05480986,40.8,8.13
2013-05-18 04:45:00+00:00,USGS-05480986,40.8,8.13
2013-05-18 05:00:00+00:00,USGS-05480986,40.8,8.13
2013-05-18 05:15:00+00:00,USGS-05480986,40.8,8.13
2013-05-18 05:30:00+00:00,USGS-05480986,40.9,8.13
2013-05-18 05:45:00+00:00,USGS-05480986,40.9,8.13
2013-05-18 06:00:00+00:00,USGS-05480986,40.9,8.13
2013-05-18 06:15:00+00:00,USGS-05480986,40.9,8.13
2013-05-18 06:30:00+00:00,USGS-05480986,40.9,8.13
2013-05-18 06:45:00+00:00,USGS-05480986,40.9,8.13
2013-05-18 07:00:00+00:00,USGS-05480986,40.9,8.13
2013-05-18 07:15:00+00:00,USGS-05480986,40.9,8.13
2013-05-18 07:30:00+00:00,USGS-05480986,40.9,7.9
2013-05-18 07:45:00+00:00,USGS-05480986,40.9,7.9
2013-05-18 08:00:00+00:00,USGS-05480986,40.9,8.13
2013-05-18 08:15:00+00:00,USGS-05480986,40.9,8.13
2013-05-18 08:30:00+00:00,USGS-05480986,41.0,7.9
2013-05-18 08:45:00+00:00,USGS-05480986,41.0,8.13
2013-05-18 09:00:00+00:00,USGS-05480986,41.1,7.9
2013-05-18 09:15:00+00:00,USGS-05480986,41.1,7.9
2013-05-18 09:30:00+00:00,USGS-05480986,41.1,7.9
2013-05-18 09:45:00+00:00,USGS-05480986,41.1,7.9
2013-05-18 10:00:00+00:00,USGS-05480986,41.1,7.9
2013-05-18 10:15:00+00:00,USGS-05480986,41.1,7.9
2013-05-18 10:30:00+00:00,USGS-05480986,41.1,7.9
2013-05-18 10:45:00+00:00,USGS-05480986,41.2,7.9
2013-05-18 11:00:00+00:00,USGS-05480986,41.2,7.9
2013-05-18 11:15:00+00:00,USGS-05480986,41.2,7.9
2013-05-18 11:30:00+00:00,USGS-05480986,41.2,7.9
2013-05-18 11:45:00+00:00,USGS-05480986,41.2,7.9
2013-05-18 12:00:00+00:00,USGS-05480986,41.2,7.9
2013-05-18 12:15:00+00:00,USGS-05480986,41.2,7.9
2013-05-18 12:30:00+00:00,USGS-05480986,41.2,7.9
2013-05-18 12:45:00+00:00,USGS-05480986,41.2,7.9
2013-05-18 13:00:00+00:00,USGS-05480986,41.2,7.9
2013-05-18 13:15:00+00:00,USGS-05480986,41.2,7.9
2013-05-18 13:30:00+00:00,USGS-05480986,41.2,7.9
2013-05-18 13:45:00+00:00,USGS-05480986,41.2,7.9
2013-05-18 14:00:00+00:00,USGS-05480986,41.2,7.9
2013-05-18 14:15:00+00:00,USGS-05480986,41.2,7.9
2013-05-18 14:30:00+00:00,USGS-05480986,41.2,7.9
2013-05-18 14:45:00+00:00,USGS-05480986,41.2,7.9
2013-05-18 15:00:00+00:00,USGS-05480986,41.2,7.9
2013-05-18 15:15:00+00:00,USGS-05480986,41.2,7.9
2013-05-18 15:30:00+00:00,USGS-05480986,41.2,7.9
2013-05-18 15:45:00+00:00,USGS-05480986,41.2,7.9
2013-05-18 16:00:00+00:00,USGS-05480986,41.2,7.9
2013-05-18 16:15:00+00:00,USGS-05480986,41.2,7.9
2013-05-18 16:30:00+00:00,USGS-05480986,41.3,7.9
2013-05-18 16:45:00+00:00,USGS-05480986,41.2,7.9
2013-05-18 17:00:00+00:00,USGS-05480986,41.2,7.9
2013-05-18 17:15:00+00:00,USGS-05480986,41.2,7.9
2013-05-18 17:30:00+00:00,USGS-05480986,41.3,7.9
2013-05-18 17:45:00+00:00,USGS-05480986,41.2,7.9
2013-05-18 18:00:00+00:00,USGS-05480986,41.2,7.9
2013-05-18 18:15:00+00:00,USGS-05480986,41.2,7.9
2013-05-18 18:30:00+00:00,USGS-05480986,41.2,7.67
2013-05-18 18:45:00+00:00,USGS-05480986,41.2,7.9
2013-05-18 19:00:00+00:00,USGS-05480986,41.2,7.9
2013-05-18 19:15:00+00:00,USGS-05480986,41.3,7.9
2013-05-18 19:30:00+00:00,USGS-05480986,41.2,7.9
2013-05-18 19:45:00+00:00,USGS-05480986,41.2,7.9
2013-05-18 20:00:00+00:00,USGS-05480986,41.3,7.9
2013-05-18 20:15:00+00:00,USGS-05480986,41.3,7.67
2013-05-18 20:30:00+00:00,USGS-05480986,41.2,7.9
2013-05-18 20:45:00+00:00,USGS-05480986,41.2,7.67
2013-05-18 21:00:00+00:00,USGS-05480986,41.2,7.67
2013-05-18 21:15:00+00:00,USGS-05480986,41.2,7.67
2013-05-18 21:30:00+00:00,USGS-05480986,41.3,7.67
2013-05-18 21:45:00+00:00,USGS-05480986,41.3,7.67
2013-05-18 22:00:00+00:00,USGS-05480986,41.3,7.67
2013-05-18 22:15:00+00:00,USGS-05480986,41.3,7.67
2013-05-18 22:30:00+00:00,USGS-05480986,41.3,7.67
2013-05-18 22:45:00+00:00,USGS-05480986,41.3,7.67
2013-05-18 23:00:00+00:00,USGS-05480986,41.3,7.67
2013-05-18 23:15:00+00:00,USGS-05480986,41.3,7.67
2013-05-18 23:30:00+00:00,USGS-05480986,41.3,7.67
2013-05-18 23:45:00+00:00,USGS-05480986,41.4,7.67
2013-05-19 00:00:00+00:00,USGS-05480986,41.3,7.67
2013-05-19 00:15:00+00:00,USGS-05480986,41.3,7.67
2013-05-19 00:30:00+00:00,USGS-05480986,41.4,7.67
2013-05-19 00:45:00+00:00,USGS-05480986,41.3,7.67
2013-05-19 01:00:00+00:00,USGS-05480986,41.3,7.67
2013-05-19 01:15:00+00:00,USGS-05480986,41.4,7.67
2013-05-19 01:30:00+00:00,USGS-05480986,41.4,7.67
2013-05-19 01:45:00+00:00,USGS-05480986,41.4,7.67
2013-05-19 02:00:00+00:00,USGS-05480986,41.4,7.67
2013-05-19 02:15:00+00:00,USGS-05480986,41.4,7.67
2013-05-19 02:30:00+00:00,USGS-05480986,41.5,7.9
2013-05-19 02:45:00+00:00,USGS-05480986,41.5,7.9
2013-05-19 03:00:00+00:00,USGS-05480986,41.5,7.67
2013-05-19 03:15:00+00:00,USGS-05480986,41.5,7.67
2013-05-19 03:30:00+00:00,USGS-05480986,41.5,7.67
2013-05-19 03:45:00+00:00,USGS-05480986,41.5,7.9
2013-05-19 04:00:00+00:00,USGS-05480986,41.5,7.9
2013-05-19 04:15:00+00:00,USGS-05480986,41.5,7.9
2013-05-19 04:30:00+00:00,USGS-05480986,41.5,7.67
2013-05-19 04:45:00+00:00,USGS-05480986,41.5,7.67
2013-05-19 05:00:00+00:00,USGS-05480986,41.5,7.67
2013-05-19 05:15:00+00:00,USGS-05480986,41.5,7.67
2013-05-19 05:30:00+00:00,USGS-05480986,41.5,7.67
2013-05-19 05:45:00+00:00,USGS-05480986,41.5,7.67
2013-05-19 06:00:00+00:00,USGS-05480986,41.5,7.67
2013-05-19 06:15:00+00:00,USGS-05480986,41.5,7.67
2013-05-19 06:30:00+00:00,USGS-05480986,41.5,7.67
2013-05-19 06:45:00+00:00,USGS-05480986,41.5,7.67
2013-05-19 07:00:00+00:00,USGS-05480986,41.5,7.67
2013-05-19 07:15:00+00:00,USGS-05480986,41.5,7.67
2013-05-19 07:30:00+00:00,USGS-05480986,41.5,7.67
2013-05-19 07:45:00+00:00,USGS-05480986,41.5,7.67
2013-05-19 08:00:00+00:00,USGS-05480986,41.5,7.67
2013-05-19 08:15:00+00:00,USGS-05480986,41.5,7.67
2013-05-19 08:30:00+00:00,USGS-05480986,41.3,8.13
2013-05-19 08:45:00+00:00,USGS-05480986,40.7,8.13
2013-05-19 09:00:00+00:00,USGS-05480986,40.6,8.13
2013-05-19 09:15:00+00:00,USGS-05480986,40.6,8.13
2013-05-19 09:30:00+00:00,USGS-05480986,40.6,8.13
2013-05-19 09:45:00+00:00,USGS-05480986,40.6,8.13
2013-05-19 10:00:00+00:00,USGS-05480986,40.6,8.13
2013-05-19 10:15:00+00:00,USGS-05480986,40.7,8.13
2013-05-19 10:30:00+00:00,USGS-05480986,40.7,8.13
2013-05-19 10:45:00+00:00,USGS-05480986,40.8,8.13
2013-05-19 11:00:00+00:00,USGS-05480986,40.7,8.13
2013-05-19 11:15:00+00:00,USGS-05480986,40.6,8.13
2013-05-19 11:30:00+00:00,USGS-05480986,40.6,8.13
2013-05-19 11:45:00+00:00,USGS-05480986,40.6,8.13
2013-05-19 12:00:00+00:00,USGS-05480986,40.6,8.13
2013-05-19 12:15:00+00:00,USGS-05480986,40.6,8.13
2013-05-19 12:30:00+00:00,USGS-05480986,40.6,8.13
2013-05-19 12:45:00+00:00,USGS-05480986,40.6,8.13
2013-05-19 13:00:00+00:00,USGS-05480986,40.6,8.13
2013-05-19 13:15:00+00:00,USGS-05480986,40.6,7.9
2013-05-19 13:30:00+00:00,USGS-05480986,40.6,7.9
2013-05-19 13:45:00+00:00,USGS-05480986,40.7,7.9
2013-05-19 14:00:00+00:00,USGS-05480986,40.6,7.9
2013-05-19 14:15:00+00:00,USGS-05480986,40.6,7.9
2013-05-19 14:30:00+00:00,USGS-05480986,40.7,7.9
2013-05-19 14:45:00+00:00,USGS-05480986,40.6,7.9
2013-05-19 15:00:00+00:00,USGS-05480986,40.6,7.9
2013-05-19 15:15:00+00:00,USGS-05480986,40.6,7.9
2013-05-19 15:30:00+00:00,USGS-05480986,40.6,7.9
2013-05-19 15:45:00+00:00,USGS-05480986,40.6,7.9
2013-05-19 16:00:00+00:00,USGS-05480986,40.6,7.9
2013-05-19 16:15:00+00:00,USGS-05480986,40.4,7.9
2013-05-19 16:30:00+00:00,USGS-05480986,40.3,7.9
2013-05-19 16:45:00+00:00,USGS-05480986,40.3,7.9
2013-05-19 17:00:00+00:00,USGS-05480986,40.3,8.13
2013-05-19 17:15:00+00:00,USGS-05480986,40.3,8.13
2013-05-19 17:30:00+00:00,USGS-05480986,40.3,8.13
2013-05-19 17:45:00+00:00,USGS-05480986,40.3,8.13
2013-05-19 18:00:00+00:00,USGS-05480986,40.3,8.13
2013-05-19 18:15:00+00:00,USGS-05480986,40.4,8.13
2013-05-19 18:30:00+00:00,USGS-05480986,40.3,8.13
2013-05-19 18:45:00+00:00,USGS-05480986,40.3,8.37
2013-05-19 19:00:00+00:00,USGS-05480986,40.3,8.13
2013-05-19 19:15:00+00:00,USGS-05480986,40.3,8.13
2013-05-19 19:30:00+00:00,USGS-05480986,40.3,8.13
2013-05-19 19:45:00+00:00,USGS-05480986,40.3,8.13
2013-05-19 20:00:00+00:00,USGS-05480986,40.3,8.13
2013-05-19 20:15:00+00:00,USGS-05480986,40.3,8.13
2013-05-19 20:30:00+00:00,USGS-05480986,40.3,8.13
2013-05-19 20:45:00+00:00,USGS-05480986,40.3,8.13
2013-05-19 21:00:00+00:00,USGS-05480986,40.2,8.13
2013-05-19 21:15:00+00:00,USGS-05480986,40.2,8.37
2013-05-19 21:30:00+00:00,USGS-05480986,40.2,8.13
2013-05-19 21:45:00+00:00,USGS-05480986,40.1,8.13
2013-05-19 22:00:00+00:00,USGS-05480986,40.1,8.13
2013-05-19 22:15:00+00:00,USGS-05480986,40.1,8.37
2013-05-19 22:30:00+00:00,USGS-05480986,40.1,8.13
2013-05-19 22:45:00+00:00,USGS-05480986,40.1,8.13
2013-05-19 23:00:00+00:00,USGS-05480986,40.1,8.37
2013-05-19 23:15:00+00:00,USGS-05480986,39.8,8.62
2013-05-19 23:30:00+00:00,USGS-05480986,39.5,8.62
2013-05-19 23:45:00+00:00,USGS-05480986,39.5,8.87
2013-05-20 00:00:00+00:00,USGS-05480986,39.4,9.38
2013-05-20 00:15:00+00:00,USGS-05480986,38.8,10.6
2013-05-20 00:30:00+00:00,USGS-05480986,37.9,10.9
2013-05-20 00:45:00+00:00,USGS-05480986,38.4,10.4
2013-05-20 01:00:00+00:00,USGS-05480986,38.4,10.2
2013-05-20 01:15:00+00:00,USGS-05480986,37.9,10.2
2013-05-20 01:30:00+00:00,USGS-05480986,37.3,10.2
2013-05-20 01:45:00+00:00,USGS-05480986,37.2,10.2
2013-05-20 02:00:00+00:00,USGS-05480986,37.4,10.2
2013-05-20 02:15:00+00:00,USGS-05480986,37.4,10.2
2013-05-20 02:30:00+00:00,USGS-05480986,37.4,10.2
2013-05-20 02:45:00+00:00,USGS-05480986,37.3,10.4
2013-05-20 03:00:00+00:00,USGS-05480986,37.3,10.4
2013-05-20 03:15:00+00:00,USGS-05480986,37.3,10.6
2013-05-20 03:30:00+00:00,USGS-05480986,37.2,10.6
2013-05-20 03:45:00+00:00,USGS-05480986,37.3,10.9
2013-05-20 04:00:00+00:00,USGS-05480986,37.3,10.9
2013-05-20 04:15:00+00:00,USGS-05480986,37.4,10.9
2013-05-20 04:30:00+00:00,USGS-05480986,37.3,10.9
2013-05-20 04:45:00+00:00,USGS-05480986,37.1,11.1
2013-05-20 05:00:00+00:00,USGS-05480986,36.8,11.6
2013-05-20 05:15:00+00:00,USGS-05480986,36.6,11.6
2013-05-20 05:30:00+00:00,USGS-05480986,36.4,11.9
2013-05-20 05:45:00+00:00,USGS-05480986,36.1,11.9
2013-05-20 06:00:00+00:00,USGS-05480986,35.8,11.9
2013-05-20 06:15:00+00:00,USGS-05480986,35.7,12.1
2013-05-20 06:30:00+00:00,USGS-05480986,35.7,12.4
2013-05-20 06:45:00+00:00,USGS-05480986,35.8,12.6
2013-05-20 07:00:00+00:00,USGS-05480986,35.8,12.9
2013-05-20 07:15:00+00:00,USGS-05480986,35.8,13.1
2013-05-20 07:30:00+00:00,USGS-05480986,35.7,13.4
2013-05-20 07:45:00+00:00,USGS-05480986,35.6,13.4
2013-05-20 08:00:00+00:00,USGS-05480986,35.4,13.4
2013-05-20 08:15:00+00:00,USGS-05480986,35.4,13.4
2013-05-20 08:30:00+00:00,USGS-05480986,35.4,13.7
2013-05-20 08:45:00+00:00,USGS-05480986,35.3,13.7
2013-05-20 09:00:00+00:00,USGS-05480986,35.1,13.7
2013-05-20 09:15:00+00:00,USGS-05480986,35.2,13.7
2013-05-20 09:30:00+00:00,USGS-05480986,35.1,14.0
2013-05-20 09:45:00+00:00,USGS-05480986,35.2,14.0
2013-05-20 10:00:00+00:00,USGS-05480986,35.2,14.0
2013-05-20 10:15:00+00:00,USGS-05480986,35.4,14.0
2013-05-20 10:30:00+00:00,USGS-05480986,35.5,14.0
2013-05-20 10:45:00+00:00,USGS-05480986,35.6,14.0
2013-05-20 11:00:00+00:00,USGS-05480986,35.9,14.0
2013-05-20 11:15:00+00:00,USGS-05480986,36.1,14.2
2013-05-20 11:30:00+00:00,USGS-05480986,36.3,14.2
2013-05-20 11:45:00+00:00,USGS-05480986,36.5,14.2
2013-05-20 12:00:00+00:00,USGS-05480986,36.2,14.5
2013-05-20 12:15:00+00:00,USGS-05480986,36.8,14.5
2013-05-20 12:30:00+00:00,USGS-05480986,37.0,14.5
2013-05-20 12:45:00+00:00,USGS-05480986,37.1,14.5
2013-05-20 13:00:00+00:00,USGS-05480986,37.1,14.5
2013-05-20 13:15:00+00:00,USGS-05480986,37.2,14.8
2013-05-20 13:30:00+00:00,USGS-05480986,37.1,14.8
2013-05-20 13:45:00+00:00,USGS-05480986,37.3,14.8
2013-05-20 14:00:00+00:00,USGS-05480986,37.3,14.8
2013-05-20 14:15:00+00:00,USGS-05480986,37.4,14.8
2013-05-20 14:30:00+00:00,USGS-05480986,37.4,14.8
2013-05-20 14:45:00+00:00,USGS-05480986,37.3,14.8
2013-05-20 15:00:00+00:00,USGS-05480986,37.4,14.8
2013-05-20 15:15:00+00:00,USGS-05480986,37.4,14.8
2013-05-20 15:30:00+00:00,USGS-05480986,37.5,14.8
2013-05-20 15:45:00+00:00,USGS-05480986,37.4,14.8
2013-05-20 16:00:00+00:00,USGS-05480986,37.5,14.8
2013-05-20 16:15:00+00:00,USGS-05480986,37.6,14.8
2013-05-20 16:30:00+00:00,USGS-05480986,37.6,14.8
2013-05-20 16:45:00+00:00,USGS-05480986,37.6,14.8
2013-05-20 17:00:00+00:00,USGS-05480986,37.6,14.5
2013-05-20 17:15:00+00:00,USGS-05480986,37.7,14.5
2013-05-20 17:30:00+00:00,USGS-05480986,37.6,14.5
2013-05-20 17:45:00+00:00,USGS-05480986,37.6,14.5
2013-05-20 18:00:00+00:00,USGS-05480986,37.5,14.5
2013-05-20 18:15:00+00:00,USGS-05480986,37.5,14.5
2013-05-20 18:30:00+00:00,USGS-05480986,37.4,14.5
2013-05-20 18:45:00+00:00,USGS-05480986,37.4,14.5
2013-05-20 19:00:00+00:00,USGS-05480986,37.4,14.5
2013-05-20 19:15:00+00:00,USGS-05480986,37.3,14.2
2013-05-20 19:30:00+00:00,USGS-05480986,37.3,14.2
2013-05-20 19:45:00+00:00,USGS-05480986,37.4,14.2
2013-05-20 20:00:00+00:00,USGS-05480986,37.6,14.2
2013-05-20 20:15:00+00:00,USGS-05480986,37.6,14.2
2013-05-20 20:30:00+00:00,USGS-05480986,37.6,14.2
2013-05-20 20:45:00+00:00,USGS-05480986,37.8,14.2
2013-05-20 21:00:00+00:00,USGS-05480986,37.8,14.2
2013-05-20 21:15:00+00:00,USGS-05480986,37.9,14.2
2013-05-20 21:30:00+00:00,USGS-05480986,37.9,14.2
2013-05-20 21:45:00+00:00,USGS-05480986,38.0,14.0
2013-05-20 22:00:00+00:00,USGS-05480986,38.1,14.0
2013-05-20 22:15:00+00:00,USGS-05480986,38.1,14.0
2013-05-20 22:30:00+00:00,USGS-05480986,38.1,14.0
2013-05-20 22:45:00+00:00,USGS-05480986,38.2,14.0
2013-05-20 23:00:00+00:00,USGS-05480986,38.2,14.0
2013-05-20 23:15:00+00:00,USGS-05480986,38.3,14.0
2013-05-20 23:30:00+00:00,USGS-05480986,38.4,14.0
2013-05-20 23:45:00+00:00,USGS-05480986,38.4,14.0
2013-05-21 00:00:00+00:00,USGS-05480986,38.6,13.7
2013-05-21 00:15:00+00:00,USGS-05480986,38.6,14.0
2013-05-21 00:30:00+00:00,USGS-05480986,38.7,13.7
2013-05-21 00:45:00+00:00,USGS-05480986,38.7,13.7
2013-05-21 01:00:00+00:00,USGS-05480986,38.9,13.7
2013-05-21 01:15:00+00:00,USGS-05480986,39.0,13.7
2013-05-21 01:30:00+00:00,USGS-05480986,38.9,13.7
2013-05-21 01:45:00+00:00,USGS-05480986,39.0,13.7
2013-05-21 02:00:00+00:00,USGS-05480986,39.1,13.7
2013-05-21 02:15:00+00:00,USGS-05480986,39.2,13.7
2013-05-21 02:30:00+00:00,USGS-05480986,39.1,13.7
2013-05-21 02:45:00+00:00,USGS-05480986,39.2,13.7
2013-05-21 03:00:00+00:00,USGS-05480986,39.3,13.7
2013-05-21 03:15:00+00:00,USGS-05480986,39.2,13.7
2013-05-21 03:30:00+00:00,USGS-05480986,39.4,13.7
2013-05-21 03:45:00+00:00,USGS-05480986,39.4,13.7
2013-05-21 04:00:00+00:00,USGS-05480986,39.4,13.7
2013-05-21 04:15:00+00:00,USGS-05480986,39.4,13.7
2013-05-21 04:30:00+00:00,USGS-05480986,39.4,13.7
2013-05-21 04:45:00+00:00,USGS-05480986,39.4,13.7
2013-05-21 05:00:00+00:00,USGS-05480986,39.5,13.4
2013-05-21 05:15:00+00:00,USGS-05480986,39.5,13.4
2013-05-21 05:30:00+00:00,USGS-05480986,39.5,13.4
2013-05-21 05:45:00+00:00,USGS-05480986,39.6,13.4
2013-05-21 06:00:00+00:00,USGS-05480986,39.7,13.4
2013-05-21 06:15:00+00:00,USGS-05480986,39.7,13.4
2013-05-21 06:30:00+00:00,USGS-05480986,39.7,13.4
2013-05-21 06:45:00+00:00,USGS-05480986,39.7,13.4
2013-05-21 07:00:00+00:00,USGS-05480986,39.7,13.4
2013-05-21 07:15:00+00:00,USGS-05480986,39.7,13.4
2013-05-21 07:30:00+00:00,USGS-05480986,39.8,13.4
2013-05-21 07:45:00+00:00,USGS-05480986,39.8,13.4
2013-05-21 08:00:00+00:00,USGS-05480986,39.8,13.1
2013-05-21 08:15:00+00:00,USGS-05480986,39.8,13.1
2013-05-21 08:30:00+00:00,USGS-05480986,39.9,13.1
2013-05-21 08:45:00+00:00,USGS-05480986,40.0,13.1
2013-05-21 09:00:00+00:00,USGS-05480986,39.9,13.1
2013-05-21 09:15:00+00:00,USGS-05480986,40.0,13.1
2013-05-21 09:30:00+00:00,USGS-05480986,40.0,13.1
2013-05-21 09:45:00+00:00,USGS-05480986,40.0,13.1
2013-05-21 10:00:00+00:00,USGS-05480986,40.0,12.9
2013-05-21 10:15:00+00:00,USGS-05480986,40.1,13.1
2013-05-21 10:30:00+00:00,USGS-05480986,40.1,13.1
2013-05-21 10:45:00+00:00,USGS-05480986,40.0,12.9
2013-05-21 11:00:00+00:00,USGS-05480986,40.1,13.1
2013-05-21 11:15:00+00:00,USGS-05480986,40.1,12.9
2013-05-21 11:30:00+00:00,USGS-05480986,40.1,12.9
2013-05-21 11:45:00+00:00,USGS-05480986,40.2,12.9
2013-05-21 12:00:00+00:00,USGS-05480986,40.1,12.9
2013-05-21 12:15:00+00:00,USGS-05480986,40.2,12.9
2013-05-21 12:30:00+00:00,USGS-05480986,40.1,12.9
2013-05-21 12:45:00+00:00,USGS-05480986,40.2,12.9
2013-05-21 13:00:00+00:00,USGS-05480986,40.3,12.9
2013-05-21 13:15:00+00:00,USGS-05480986,40.2,12.6
2013-05-21 13:30:00+00:00,USGS-05480986,40.3,12.6
2013-05-21 13:45:00+00:00,USGS-05480986,40.2,12.6
2013-05-21 14:00:00+00:00,USGS-05480986,40.3,12.6
2013-05-21 14:15:00+00:00,USGS-05480986,40.3,12.6
2013-05-21 14:30:00+00:00,USGS-05480986,40.3,12.6
2013-05-21 14:45:00+00:00,USGS-05480986,40.3,12.6
2013-05-21 15:00:00+00:00,USGS-05480986,40.3,12.6
2013-05-21 15:15:00+00:00,USGS-05480986,40.3,12.6
2013-05-21 15:30:00+00:00,USGS-05480986,40.3,12.4
2013-05-21 15:45:00+00:00,USGS-05480986,40.3,12.4
2013-05-21 16:00:00+00:00,USGS-05480986,40.3,12.4
2013-05-21 16:15:00+00:00,USGS-05480986,40.3,12.4
2013-05-21 16:30:00+00:00,USGS-05480986,40.3,12.4
2013-05-21 16:45:00+00:00,USGS-05480986,40.3,12.4
2013-05-21 17:00:00+00:00,USGS-05480986,40.3,12.1
2013-05-21 17:15:00+00:00,USGS-05480986,40.3,12.1
2013-05-21 17:30:00+00:00,USGS-05480986,40.3,12.1
2013-05-21 17:45:00+00:00,USGS-05480986,40.3,12.1
2013-05-21 18:00:00+00:00,USGS-05480986,40.3,12.1
2013-05-21 18:15:00+00:00,USGS-05480986,40.3,12.1
2013-05-21 18:30:00+00:00,USGS-05480986,40.3,12.1
2013-05-21 18:45:00+00:00,USGS-05480986,40.3,11.9
2013-05-21 19:00:00+00:00,USGS-05480986,40.3,11.9
2013-05-21 19:15:00+00:00,USGS-05480986,40.4,11.9
2013-05-21 19:30:00+00:00,USGS-05480986,40.4,11.9
2013-05-21 19:45:00+00:00,USGS-05480986,40.4,11.9
2013-05-21 20:00:00+00:00,USGS-05480986,40.4,11.9
2013-05-21 20:15:00+00:00,USGS-05480986,40.4,11.9
2013-05-21 20:30:00+00:00,USGS-05480986,40.4,11.9
2013-05-21 20:45:00+00:00,USGS-05480986,40.4,11.9
2013-05-21 21:00:00+00:00,USGS-05480986,40.5,11.9
2013-05-21 21:15:00+00:00,USGS-05480986,40.5,11.6
2013-05-21 21:30:00+00:00,USGS-05480986,40.5,11.6
2013-05-21 21:45:00+00:00,USGS-05480986,40.5,11.6
2013-05-21 22:00:00+00:00,USGS-05480986,40.6,11.6
2013-05-21 22:15:00+00:00,USGS-05480986,40.5,11.6
2013-05-21 22:30:00+00:00,USGS-05480986,40.6,11.6
2013-05-21 22:45:00+00:00,USGS-05480986,40.6,11.6
2013-05-21 23:00:00+00:00,USGS-05480986,40.6,11.6
2013-05-21 23:15:00+00:00,USGS-05480986,40.6,11.6
2013-05-21 23:30:00+00:00,USGS-05480986,40.6,11.6
2013-05-21 23:45:00+00:00,USGS-05480986,40.6,11.6
2013-05-22 00:00:00+00:00,USGS-05480986,40.6,11.6
2013-05-22 00:15:00+00:00,USGS-05480986,40.6,11.6
2013-05-22 00:30:00+00:00,USGS-05480986,40.6,11.6
2013-05-22 00:45:00+00:00,USGS-05480986,40.6,11.4
2013-05-22 01:00:00+00:00,USGS-05480986,40.6,11.4
2013-05-22 01:15:00+00:00,USGS-05480986,40.6,11.4
2013-05-22 01:30:00+00:00,USGS-05480986,40.7,11.4
2013-05-22 01:45:00+00:00,USGS-05480986,40.7,11.4
2013-05-22 02:00:00+00:00,USGS-05480986,40.7,11.4
2013-05-22 02:15:00+00:00,USGS-05480986,40.8,11.4
2013-05-22 02:30:00+00:00,USGS-05480986,40.8,11.4
2013-05-22 02:45:00+00:00,USGS-05480986,40.8,11.4
2013-05-22 03:00:00+00:00,USGS-05480986,40.8,11.4
2013-05-22 03:15:00+00:00,USGS-05480986,40.8,11.4
2013-05-22 03:30:00+00:00,USGS-05480986,40.8,11.4
2013-05-22 03:45:00+00:00,USGS-05480986,40.8,11.4
2013-05-22 04:00:00+00:00,USGS-05480986,40.9,11.4
2013-05-22 04:15:00+00:00,USGS-05480986,40.9,11.4
2013-05-22 04:30:00+00:00,USGS-05480986,40.9,11.4
2013-05-22 04:45:00+00:00,USGS-05480986,40.9,11.1
2013-05-22 05:00:00+00:00,USGS-05480986,40.9,11.4
2013-05-22 05:15:00+00:00,USGS-05480986,40.9,11.1
2013-05-22 05:30:00+00:00,USGS-05480986,40.9,11.1
2013-05-22 05:45:00+00:00,USGS-05480986,40.9,11.1
2013-05-22 06:00:00+00:00,USGS-05480986,40.9,11.1
2013-05-22 06:15:00+00:00,USGS-05480986,40.9,11.1
2013-05-22 06:30:00+00:00,USGS-05480986,40.9,11.1
2013-05-22 06:45:00+00:00,USGS-05480986,40.9,11.1
2013-05-22 07:00:00+00:00,USGS-05480986,40.9,11.1
2013-05-22 07:15:00+00:00,USGS-05480986,40.9,11.1
2013-05-22 07:30:00+00:00,USGS-05480986,40.9,11.1
2013-05-22 07:45:00+00:00,USGS-05480986,40.9,11.1
2013-05-22 08:00:00+00:00,USGS-05480986,40.9,10.9
2013-05-22 08:15:00+00:00,USGS-05480986,40.9,10.9
2013-05-22 08:30:00+00:00,USGS-05480986,40.9,10.9
2013-05-22 08:45:00+00:00,USGS-05480986,40.9,10.9
2013-05-22 09:00:00+00:00,USGS-05480986,40.9,10.9
2013-05-22 09:15:00+00:00,USGS-05480986,40.9,10.9
2013-05-22 09:30:00+00:00,USGS-05480986,40.9,10.9
2013-05-22 09:45:00+00:00,USGS-05480986,40.9,10.9
2013-05-22 10:00:00+00:00,USGS-05480986,40.9,10.9
2013-05-22 10:15:00+00:00,USGS-05480986,40.9,10.9
2013-05-22 10:30:00+00:00,USGS-05480986,40.9,10.9
2013-05-22 10:45:00+00:00,USGS-05480986,40.9,10.9
2013-05-22 11:00:00+00:00,USGS-05480986,40.9,10.9
2013-05-22 11:15:00+00:00,USGS-05480986,41.0,10.9
2013-05-22 11:30:00+00:00,USGS-05480986,41.0,10.9
2013-05-22 11:45:00+00:00,USGS-05480986,40.9,10.9
2013-05-22 12:00:00+00:00,USGS-05480986,,10.6
2013-05-22 12:15:00+00:00,USGS-05480986,40.9,10.9
2013-05-22 12:30:00+00:00,USGS-05480986,40.9,10.9
2013-05-22 12:45:00+00:00,USGS-05480986,40.9,10.6
2013-05-22 13:00:00+00:00,USGS-05480986,40.9,10.6
2013-05-22 13:15:00+00:00,USGS-05480986,40.9,10.6
2013-05-22 13:30:00+00:00,USGS-05480986,40.9,10.9
2013-05-22 13:45:00+00:00,USGS-05480986,40.9,10.9
2013-05-22 14:00:00+00:00,USGS-05480986,40.9,10.6
2013-05-22 14:15:00+00:00,USGS-05480986,40.9,10.6
2013-05-22 14:30:00+00:00,USGS-05480986,40.9,10.6
2013-05-22 14:45:00+00:00,USGS-05480986,40.9,10.6
2013-05-22 15:00:00+00:00,USGS-05480986,40.9,10.6
2013-05-22 15:15:00+00:00,USGS-05480986,40.9,10.6
2013-05-22 15:30:00+00:00,USGS-05480986,40.8,10.6
2013-05-22 15:45:00+00:00,USGS-05480986,40.8,10.6
2013-05-22 16:00:00+00:00,USGS-05480986,40.8,10.6
2013-05-22 16:15:00+00:00,USGS-05480986,40.8,10.6
2013-05-22 16:30:00+00:00,USGS-05480986,40.7,10.6
2013-05-22 16:45:00+00:00,USGS-05480986,40.7,10.6
2013-05-22 17:00:00+00:00,USGS-05480986,40.7,10.6
2013-05-22 17:15:00+00:00,USGS-05480986,40.7,10.6
2013-05-22 17:30:00+00:00,USGS-05480986,40.6,10.4
2013-05-22 17:45:00+00:00,USGS-05480986,40.6,10.4
2013-05-22 18:00:00+00:00,USGS-05480986,40.6,10.4
2013-05-22 18:15:00+00:00,USGS-05480986,40.6,10.4
2013-05-22 18:30:00+00:00,USGS-05480986,40.6,10.4
2013-05-22 18:45:00+00:00,USGS-05480986,40.6,10.4
2013-05-22 19:00:00+00:00,USGS-05480986,40.6,10.4
2013-05-22 19:15:00+00:00,USGS-05480986,40.6,10.4
2013-05-22 19:30:00+00:00,USGS-05480986,40.6,10.4
2013-05-22 19:45:00+00:00,USGS-05480986,40.6,10.2
2013-05-22 20:00:00+00:00,USGS-05480986,40.6,10.2
2013-05-22 20:15:00+00:00,USGS-05480986,40.6,10.4
2013-05-22 20:30:00+00:00,USGS-05480986,40.6,10.4
2013-05-22 20:45:00+00:00,USGS-05480986,40.6,10.4
2013-05-22 21:00:00+00:00,USGS-05480986,40.6,10.4
2013-05-22 21:15:00+00:00,USGS-05480986,40.5,10.4
2013-05-22 21:30:00+00:00,USGS-05480986,40.5,10.2
2013-05-22 21:45:00+00:00,USGS-05480986,40.6,10.2
2013-05-22 22:00:00+00:00,USGS-05480986,40.5,10.2
2013-05-22 22:15:00+00:00,USGS-05480986,40.6,10.2
2013-05-22 22:30:00+00:00,USGS-05480986,40.6,10.2
2013-05-22 22:45:00+00:00,USGS-05480986,40.5,10.2
2013-05-22 23:00:00+00:00,USGS-05480986,40.6,10.2
2013-05-22 23:15:00+00:00,USGS-05480986,40.5,10.2
2013-05-22 23:30:00+00:00,USGS-05480986,40.5,10.2
2013-05-22 23:45:00+00:00,USGS-05480986,40.5,9.91
2013-05-23 00:00:00+00:00,USGS-05480986,40.5,9.91
2013-05-23 00:15:00+00:00,USGS-05480986,40.5,9.91
2013-05-23 00:30:00+00:00,USGS-05480986,40.5,9.91
2013-05-23 00:45:00+00:00,USGS-05480986,40.5,9.91
2013-05-23 01:00:00+00:00,USGS-05480986,40.5,9.91
2013-05-23 01:15:00+00:00,USGS-05480986,40.5,9.91
2013-05-23 01:30:00+00:00,USGS-05480986,40.5,9.91
2013-05-23 01:45:00+00:00,USGS-05480986,40.5,9.91
2013-05-23 02:00:00+00:00,USGS-05480986,40.5,9.91
2013-05-23 02:15:00+00:00,USGS-05480986,40.5,9.64
2013-05-23 02:30:00+00:00,USGS-05480986,40.5,9.91
2013-05-23 02:45:00+00:00,USGS-05480986,40.5,9.64
2013-05-23 03:00:00+00:00,USGS-05480986,40.5,9.64
2013-05-23 03:15:00+00:00,USGS-05480986,40.5,9.64
2013-05-23 03:30:00+00:00,USGS-05480986,40.5,9.64
2013-05-23 03:45:00+00:00,USGS-05480986,40.6,9.64
2013-05-23 04:00:00+00:00,USGS-05480986,40.6,9.64
2013-05-23 04:15:00+00:00,USGS-05480986,40.5,9.64
2013-05-23 04:30:00+00:00,USGS-05480986,40.5,9.64
2013-05-23 04:45:00+00:00,USGS-05480986,40.5,9.64
2013-05-23 05:00:00+00:00,USGS-05480986,40.6,9.64
2013-05-23 05:15:00+00:00,USGS-05480986,40.6,9.64
2013-05-23 05:30:00+00:00,USGS-05480986,40.6,9.64
2013-05-23 05:45:00+00:00,USGS-05480986,40.5,9.64
2013-05-23 06:00:00+00:00,USGS-05480986,40.5,9.64
2013-05-23 06:15:00+00:00,USGS-05480986,40.5,9.38
2013-05-23 06:30:00+00:00,USGS-05480986,40.5,9.64
2013-05-23 06:45:00+00:00,USGS-05480986,40.5,9.38
2013-05-23 07:00:00+00:00,USGS-05480986,40.5,9.64
2013-05-23 07:15:00+00:00,USGS-05480986,40.5,9.38
2013-05-23 07:30:00+00:00,USGS-05480986,40.5,9.38
2013-05-23 07:45:00+00:00,USGS-05480986,40.5,9.38
2013-05-23 08:00:00+00:00,USGS-05480986,40.5,9.38
2013-05-23 08:15:00+00:00,USGS-05480986,40.5,9.38
2013-05-23 08:30:00+00:00,USGS-05480986,40.5,9.38
2013-05-23 08:45:00+00:00,USGS-05480986,40.6,9.38
2013-05-23 09:00:00+00:00,USGS-05480986,40.5,9.38
2013-05-23 09:15:00+00:00,USGS-05480986,40.6,9.38
2013-05-23 09:30:00+00:00,USGS-05480986,40.6,9.38
2013-05-23 09:45:00+00:00,USGS-05480986,40.6,9.12
2013-05-23 10:00:00+00:00,USGS-05480986,40.6,9.12
2013-05-23 10:15:00+00:00,USGS-05480986,40.6,9.12
2013-05-23 10:30:00+00:00,USGS-05480986,40.6,9.12
2013-05-23 10:45:00+00:00,USGS-05480986,40.6,9.12
2013-05-23 11:00:00+00:00,USGS-05480986,40.5,9.12
2013-05-23 11:15:00+00:00,USGS-05480986,40.5,9.12
2013-05-23 11:30:00+00:00,USGS-05480986,40.6,9.12
2013-05-23 11:45:00+00:00,USGS-05480986,40.6,9.12
2013-05-23 12:00:00+00:00,USGS-05480986,40.5,8.87
2013-05-23 12:15:00+00:00,USGS-05480986,40.6,9.12
2013-05-23 12:30:00+00:00,USGS-05480986,40.5,8.87
2013-05-23 12:45:00+00:00,USGS-05480986,40.5,8.87
2013-05-23 13:00:00+00:00,USGS-05480986,40.5,8.87
2013-05-23 13:15:00+00:00,USGS-05480986,40.5,8.87
2013-05-23 13:30:00+00:00,USGS-05480986,40.5,8.87
2013-05-23 13:45:00+00:00,USGS-05480986,40.5,8.87
2013-05-23 14:00:00+00:00,USGS-05480986,40.5,8.87
2013-05-23 14:15:00+00:00,USGS-05480986,40.5,8.87
2013-05-23 14:30:00+00:00,USGS-05480986,40.5,8.87
2013-05-23 14:45:00+00:00,USGS-05480986,40.6,8.87
2013-05-23 15:00:00+00:00,USGS-05480986,40.5,8.62
2013-05-23 15:15:00+00:00,USGS-05480986,40.6,8.62
2013-05-23 15:30:00+00:00,USGS-05480986,40.6,8.62
2013-05-23 15:45:00+00:00,USGS-05480986,40.6,8.62
2013-05-23 16:00:00+00:00,USGS-05480986,40.6,8.62
2013-05-23 16:15:00+00:00,USGS-05480986,,8.62
2013-05-23 16:30:00+00:00,USGS-05480986,,8.62
2013-05-23 16:45:00+00:00,USGS-05480986,,8.62
2013-05-23 17:00:00+00:00,USGS-05480986,,8.62
2013-05-23 17:15:00+00:00,USGS-05480986,40.6,8.62
2013-05-23 17:30:00+00:00,USGS-05480986,40.5,8.37
2013-05-23 17:45:00+00:00,USGS-05480986,40.5,8.37
2013-05-23 18:00:00+00:00,USGS-05480986,40.5,8.37
2013-05-23 18:15:00+00:00,USGS-05480986,40.5,8.37
2013-05-23 18:30:00+00:00,USGS-05480986,40.5,8.37
2013-05-23 18:45:00+00:00,USGS-05480986,40.5,8.37
2013-05-23 19:00:00+00:00,USGS-05480986,40.5,8.37
2013-05-23 19:15:00+00:00,USGS-05480986,40.5,8.37
2013-05-23 19:30:00+00:00,USGS-05480986,40.5,8.37
2013-05-23 19:45:00+00:00,USGS-05480986,40.5,8.37
2013-05-23 20:00:00+00:00,USGS-05480986,40.5,8.37
2013-05-23 20:15:00+00:00,USGS-05480986,40.6,8.37
2013-05-23 20:30:00+00:00,USGS-05480986,40.5,8.13
2013-05-23 20:45:00+00:00,USGS-05480986,40.6,8.37
2013-05-23 21:00:00+00:00,USGS-05480986,40.6,8.13
2013-05-23 21:15:00+00:00,USGS-05480986,40.6,8.13
2013-05-23 21:30:00+00:00,USGS-05480986,40.6,8.13
2013-05-23 21:45:00+00:00,USGS-05480986,40.6,8.13
2013-05-23 22:00:00+00:00,USGS-05480986,40.6,8.13
2013-05-23 22:15:00+00:00,USGS-05480986,40.6,8.13
2013-05-23 22:30:00+00:00,USGS-05480986,40.6,8.13
2013-05-23 22:45:00+00:00,USGS-05480986,40.6,8.13
2013-05-23 23:00:00+00:00,USGS-05480986,40.6,8.13
2013-05-23 23:15:00+00:00,USGS-05480986,40.6,8.13
2013-05-23 23:30:00+00:00,USGS-05480986,40.6,8.13
2013-05-23 23:45:00+00:00,USGS-05480986,40.6,8.13
2013-05-24 00:00:00+00:00,USGS-05480986,40.6,8.13
2013-05-24 00:15:00+00:00,USGS-05480986,40.6,8.13
2013-05-24 00:30:00+00:00,USGS-05480986,40.6,8.13
2013-05-24 00:45:00+00:00,USGS-05480986,40.6,8.37
2013-05-24 01:00:00+00:00,USGS-05480986,40.7,8.13
2013-05-24 01:15:00+00:00,USGS-05480986,40.6,8.13
2013-05-24 01:30:00+00:00,USGS-05480986,40.6,8.37
2013-05-24 01:45:00+00:00,USGS-05480986,40.7,8.13
2013-05-24 02:00:00+00:00,USGS-05480986,40.7,8.37
2013-05-24 02:15:00+00:00,USGS-05480986,40.8,8.13
2013-05-24 02:30:00+00:00,USGS-05480986,40.7,8.37
2013-05-24 02:45:00+00:00,USGS-05480986,40.8,8.13
2013-05-24 03:00:00+00:00,USGS-05480986,40.8,8.13
2013-05-24 03:15:00+00:00,USGS-05480986,40.8,8.37
2013-05-24 03:30:00+00:00,USGS-05480986,40.8,8.13
2013-05-24 03:45:00+00:00,USGS-05480986,40.8,8.37
2013-05-24 04:00:00+00:00,USGS-05480986,40.8,8.13
2013-05-24 04:15:00+00:00,USGS-05480986,40.9,8.13
2013-05-24 04:30:00+00:00,USGS-05480986,40.9,8.37
2013-05-24 04:45:00+00:00,USGS-05480986,40.9,8.13
2013-05-24 05:00:00+00:00,USGS-05480986,40.9,8.13
2013-05-24 05:15:00+00:00,USGS-05480986,40.8,8.13
2013-05-24 05:30:00+00:00,USGS-05480986,40.8,8.13
2013-05-24 05:45:00+00:00,USGS-05480986,40.9,8.37
2013-05-24 06:00:00+00:00,USGS-05480986,40.8,8.13
2013-05-24 06:15:00+00:00,USGS-05480986,40.8,8.37
2013-05-24 06:30:00+00:00,USGS-05480986,40.8,8.13
2013-05-24 06:45:00+00:00,USGS-05480986,40.8,8.13
2013-05-24 07:00:00+00:00,USGS-05480986,40.9,8.13
2013-05-24 07:15:00+00:00,USGS-05480986,40.9,8.13
2013-05-24 07:30:00+00:00,USGS-05480986,40.9,8.13
2013-05-24 07:45:00+00:00,USGS-05480986,40.9,8.13
2013-05-24 08:00:00+00:00,USGS-05480986,40.9,8.13
2013-05-24 08:15:00+00:00,USGS-05480986,40.9,8.13
2013-05-24 08:30:00+00:00,USGS-05480986,40.9,8.13
2013-05-24 08:45:00+00:00,USGS-05480986,40.8,8.13
2013-05-24 09:00:00+00:00,USGS-05480986,40.9,8.13
2013-05-24 09:15:00+00:00,USGS-05480986,40.9,8.13
2013-05-24 09:30:00+00:00,USGS-05480986,40.8,8.13
2013-05-24 09:45:00+00:00,USGS-05480986,40.9,8.13
2013-05-24 10:00:00+00:00,USGS-05480986,40.9,8.13
2013-05-24 10:15:00+00:00,USGS-05480986,40.9,8.13
2013-05-24 10:30:00+00:00,USGS-05480986,40.9,8.13
2013-05-24 10:45:00+00:00,USGS-05480986,40.9,8.13
2013-05-24 11:00:00+00:00,USGS-05480986,40.8,8.13
2013-05-24 11:15:00+00:00,USGS-05480986,40.8,8.13
2013-05-24 11:30:00+00:00,USGS-05480986,40.8,8.13
2013-05-24 11:45:00+00:00,USGS-05480986,40.9,8.13
2013-05-24 12:00:00+00:00,USGS-05480986,40.9,8.13
2013-05-24 12:15:00+00:00,USGS-05480986,40.9,8.13
2013-05-24 12:30:00+00:00,USGS-05480986,40.9,8.13
2013-05-24 12:45:00+00:00,USGS-05480986,40.9,8.13
2013-05-24 13:00:00+00:00,USGS-05480986,40.8,8.13
2013-05-24 13:15:00+00:00,USGS-05480986,40.9,8.13
2013-05-24 13:30:00+00:00,USGS-05480986,40.9,8.13
2013-05-24 13:45:00+00:00,USGS-05480986,40.8,8.13
2013-05-24 14:00:00+00:00,USGS-05480986,40.9,8.13
2013-05-24 14:15:00+00:00,USGS-05480986,40.9,8.13
2013-05-24 14:30:00+00:00,USGS-05480986,40.9,7.9
2013-05-24 14:45:00+00:00,USGS-05480986,40.9,7.9
2013-05-24 15:00:00+00:00,USGS-05480986,40.8,7.9
2013-05-24 15:15:00+00:00,USGS-05480986,40.9,8.13
2013-05-24 15:30:00+00:00,USGS-05480986,40.9,8.13
2013-05-24 15:45:00+00:00,USGS-05480986,40.9,7.9
2013-05-24 16:00:00+00:00,USGS-05480986,40.9,7.9
2013-05-24 16:15:00+00:00,USGS-05480986,40.9,7.9
2013-05-24 16:30:00+00:00,USGS-05480986,40.9,7.9
2013-05-24 16:45:00+00:00,USGS-05480986,40.9,7.9
2013-05-24 17:00:00+00:00,USGS-05480986,40.9,7.9
2013-05-24 17:15:00+00:00,USGS-05480986,40.9,7.9
2013-05-24 17:30:00+00:00,USGS-05480986,40.9,7.9
2013-05-24 17:45:00+00:00,USGS-05480986,40.9,7.9
2013-05-24 18:00:00+00:00,USGS-05480986,40.9,7.9
2013-05-24 18:15:00+00:00,USGS-05480986,40.9,7.9
2013-05-24 18:30:00+00:00,USGS-05480986,40.9,7.9
2013-05-24 18:45:00+00:00,USGS-05480986,40.9,7.9
2013-05-24 19:00:00+00:00,USGS-05480986,40.9,7.9
2013-05-24 19:15:00+00:00,USGS-05480986,40.9,7.9
2013-05-24 19:30:00+00:00,USGS-05480986,40.9,7.9
2013-05-24 19:45:00+00:00,USGS-05480986,40.9,7.9
2013-05-24 20:00:00+00:00,USGS-05480986,40.9,7.9
2013-05-24 20:15:00+00:00,USGS-05480986,40.9,7.9
2013-05-24 20:30:00+00:00,USGS-05480986,40.9,7.9
2013-05-24 20:45:00+00:00,USGS-05480986,40.9,7.9
2013-05-24 21:00:00+00:00,USGS-05480986,40.9,7.9
2013-05-24 21:15:00+00:00,USGS-05480986,40.9,7.9
2013-05-24 21:30:00+00:00,USGS-05480986,40.9,7.9
2013-05-24 21:45:00+00:00,USGS-05480986,40.9,7.9
2013-05-24 22:00:00+00:00,USGS-05480986,40.9,7.9
2013-05-24 22:15:00+00:00,USGS-05480986,40.9,7.9
2013-05-24 22:30:00+00:00,USGS-05480986,40.9,7.9
2013-05-24 22:45:00+00:00,USGS-05480986,40.9,7.9
2013-05-24 23:00:00+00:00,USGS-05480986,40.9,8.13
2013-05-24 23:15:00+00:00,USGS-05480986,40.9,7.9
2013-05-24 23:30:00+00:00,USGS-05480986,40.9,7.9
2013-05-24 23:45:00+00:00,USGS-05480986,40.9,7.9
2013-05-25 00:00:00+00:00,USGS-05480986,41.0,8.13
2013-05-25 00:15:00+00:00,USGS-05480986,41.0,7.9
2013-05-25 00:30:00+00:00,USGS-05480986,40.9,8.13
2013-05-25 00:45:00+00:00,USGS-05480986,40.9,8.13
2013-05-25 01:00:00+00:00,USGS-05480986,40.9,8.13
2013-05-25 01:15:00+00:00,USGS-05480986,40.9,8.13
2013-05-25 01:30:00+00:00,USGS-05480986,40.9,8.13
2013-05-25 01:45:00+00:00,USGS-05480986,41.0,8.13
2013-05-25 02:00:00+00:00,USGS-05480986,40.9,8.13
2013-05-25 02:15:00+00:00,USGS-05480986,41.0,8.13
2013-05-25 02:30:00+00:00,USGS-05480986,41.0,8.13
2013-05-25 02:45:00+00:00,USGS-05480986,41.0,8.13
2013-05-25 03:00:00+00:00,USGS-05480986,41.0,8.13
2013-05-25 03:15:00+00:00,USGS-05480986,41.0,8.13
2013-05-25 03:30:00+00:00,USGS-05480986,41.0,8.13
2013-05-25 03:45:00+00:00,USGS-05480986,41.0,8.13
2013-05-25 04:00:00+00:00,USGS-05480986,41.0,8.13
2013-05-25 04:15:00+00:00,USGS-05480986,41.1,8.13
2013-05-25 04:30:00+00:00,USGS-05480986,41.1,8.37
2013-05-25 04:45:00+00:00,USGS-05480986,41.1,8.13
2013-05-25 05:00:00+00:00,USGS-05480986,41.1,8.13
2013-05-25 05:15:00+00:00,USGS-05480986,41.1,8.13
2013-05-25 05:30:00+00:00,USGS-05480986,41.2,8.13
2013-05-25 05:45:00+00:00,USGS-05480986,41.2,8.13
2013-05-25 06:00:00+00:00,USGS-05480986,41.2,8.13
2013-05-25 06:15:00+00:00,USGS-05480986,41.1,8.13
2013-05-25 06:30:00+00:00,USGS-05480986,41.1,8.13
2013-05-25 06:45:00+00:00,USGS-05480986,41.1,8.13
2013-05-25 07:00:00+00:00,USGS-05480986,41.1,8.13
2013-05-25 07:15:00+00:00,USGS-05480986,41.2,7.9
2013-05-25 07:30:00+00:00,USGS-05480986,41.1,7.9
2013-05-25 07:45:00+00:00,USGS-05480986,41.1,7.9
2013-05-25 08:00:00+00:00,USGS-05480986,41.1,7.9
2013-05-25 08:15:00+00:00,USGS-05480986,41.1,7.9
2013-05-25 08:30:00+00:00,USGS-05480986,41.0,7.9
2013-05-25 08:45:00+00:00,USGS-05480986,41.0,7.9
2013-05-25 09:00:00+00:00,USGS-05480986,41.0,8.13
2013-05-25 09:15:00+00:00,USGS-05480986,41.0,7.9
2013-05-25 09:30:00+00:00,USGS-05480986,41.0,7.9
2013-05-25 09:45:00+00:00,USGS-05480986,41.0,7.9
2013-05-25 10:00:00+00:00,USGS-05480986,41.1,8.13
2013-05-25 10:15:00+00:00,USGS-05480986,41.0,8.13
2013-05-25 10:30:00+00:00,USGS-05480986,40.3,8.62
2013-05-25 10:45:00+00:00,USGS-05480986,39.7,8.62
2013-05-25 11:00:00+00:00,USGS-05480986,39.2,9.64
2013-05-25 11:15:00+00:00,USGS-05480986,38.9,9.38
2013-05-25 11:30:00+00:00,USGS-05480986,38.9,9.38
2013-05-25 11:45:00+00:00,USGS-05480986,38.8,9.38
2013-05-25 12:00:00+00:00,USGS-05480986,38.6,9.91
2013-05-25 12:15:00+00:00,USGS-05480986,38.4,9.91
2013-05-25 12:30:00+00:00,USGS-05480986,38.2,9.91
2013-05-25 12:45:00+00:00,USGS-05480986,38.0,9.91
2013-05-25 13:00:00+00:00,USGS-05480986,37.8,10.2
2013-05-25 13:15:00+00:00,USGS-05480986,37.3,10.6
2013-05-25 13:30:00+00:00,USGS-05480986,36.8,11.4
2013-05-25 13:45:00+00:00,USGS-05480986,36.5,11.9
2013-05-25 14:00:00+00:00,USGS-05480986,36.1,12.1
2013-05-25 14:15:00+00:00,USGS-05480986,35.8,12.6
2013-05-25 14:30:00+00:00,USGS-05480986,35.6,12.9
2013-05-25 14:45:00+00:00,USGS-05480986,35.5,14.0
2013-05-25 15:00:00+00:00,USGS-05480986,35.6,15.1
2013-05-25 15:15:00+00:00,USGS-05480986,35.6,17.5
2013-05-25 15:30:00+00:00,USGS-05480986,35.4,21.6
2013-05-25 15:45:00+00:00,USGS-05480986,34.3,27.3
2013-05-25 16:00:00+00:00,USGS-05480986,31.5,33.5
2013-05-25 16:15:00+00:00,USGS-05480986,29.4,44.8
2013-05-25 16:30:00+00:00,USGS-05480986,30.3,57.6
2013-05-25 16:45:00+00:00,USGS-05480986,31.1,69.2
2013-05-25 17:00:00+00:00,USGS-05480986,31.6,78.9
2013-05-25 17:15:00+00:00,USGS-05480986,30.7,85.6
2013-05-25 17:30:00+00:00,USGS-05480986,28.9,91.8
2013-05-25 17:45:00+00:00,USGS-05480986,27.3,96.8
2013-05-25 18:00:00+00:00,USGS-05480986,27.0,100.0
2013-05-25 18:15:00+00:00,USGS-05480986,27.3,103.0
2013-05-25 18:30:00+00:00,USGS-05480986,27.9,102.0
2013-05-25 18:45:00+00:00,USGS-05480986,28.4,106.0
2013-05-25 19:00:00+00:00,USGS-05480986,28.7,109.0
2013-05-25 19:15:00+00:00,USGS-05480986,29.0,108.0
2013-05-25 19:30:00+00:00,USGS-05480986,29.3,107.0
2013-05-25 19:45:00+00:00,USGS-05480986,29.6,106.0
2013-05-25 20:00:00+00:00,USGS-05480986,29.8,108.0
2013-05-25 20:15:00+00:00,USGS-05480986,29.9,107.0
2013-05-25 20:30:00+00:00,USGS-05480986,29.9,107.0
2013-05-25 20:45:00+00:00,USGS-05480986,30.5,104.0
2013-05-25 21:00:00+00:00,USGS-05480986,30.6,102.0
2013-05-25 21:15:00+00:00,USGS-05480986,30.7,97.5
2013-05-25 21:30:00+00:00,USGS-05480986,31.0,100.0
2013-05-25 21:45:00+00:00,USGS-05480986,31.5,102.0
2013-05-25 22:00:00+00:00,USGS-05480986,31.6,96.8
2013-05-25 22:15:00+00:00,USGS-05480986,32.1,95.6
2013-05-25 22:30:00+00:00,USGS-05480986,32.1,97.5
2013-05-25 22:45:00+00:00,USGS-05480986,32.4,92.5
2013-05-25 23:00:00+00:00,USGS-05480986,32.5,93.8
2013-05-25 23:15:00+00:00,USGS-05480986,32.7,90.6
2013-05-25 23:30:00+00:00,USGS-05480986,32.8,90.6
2013-05-25 23:45:00+00:00,USGS-05480986,32.8,88.7
2013-05-26 00:00:00+00:00,USGS-05480986,33.0,87.4
2013-05-26 00:15:00+00:00,USGS-05480986,33.0,85.6
2013-05-26 00:30:00+00:00,USGS-05480986,33.0,86.2
2013-05-26 00:45:00+00:00,USGS-05480986,33.1,85.0
2013-05-26 01:00:00+00:00,USGS-05480986,33.2,83.7
2013-05-26 01:15:00+00:00,USGS-05480986,33.2,83.1
2013-05-26 01:30:00+00:00,USGS-05480986,33.3,81.3
2013-05-26 01:45:00+00:00,USGS-05480986,33.6,80.7
2013-05-26 02:00:00+00:00,USGS-05480986,33.6,81.3
2013-05-26 02:15:00+00:00,USGS-05480986,33.6,78.9
2013-05-26 02:30:00+00:00,USGS-05480986,33.6,78.3
2013-05-26 02:45:00+00:00,USGS-05480986,33.6,78.3
2013-05-26 03:00:00+00:00,USGS-05480986,33.7,77.8
2013-05-26 03:15:00+00:00,USGS-05480986,33.8,76.0
2013-05-26 03:30:00+00:00,USGS-05480986,33.8,75.4
2013-05-26 03:45:00+00:00,USGS-05480986,34.0,74.9
2013-05-26 04:00:00+00:00,USGS-05480986,34.0,75.4
2013-05-26 04:15:00+00:00,USGS-05480986,34.0,75.4
2013-05-26 04:30:00+00:00,USGS-05480986,34.1,72.6
2013-05-26 04:45:00+00:00,USGS-05480986,34.1,73.7
2013-05-26 05:00:00+00:00,USGS-05480986,34.1,72.6
2013-05-26 05:15:00+00:00,USGS-05480986,34.0,72.6
2013-05-26 05:30:00+00:00,USGS-05480986,34.2,71.4
2013-05-26 05:45:00+00:00,USGS-05480986,34.0,70.3
2013-05-26 06:00:00+00:00,USGS-05480986,34.0,70.3
2013-05-26 06:15:00+00:00,USGS-05480986,34.1,69.2
2013-05-26 06:30:00+00:00,USGS-05480986,34.0,68.1
2013-05-26 06:45:00+00:00,USGS-05480986,34.2,69.8
2013-05-26 07:00:00+00:00,USGS-05480986,34.2,68.1
2013-05-26 07:15:00+00:00,USGS-05480986,34.2,68.7
2013-05-26 07:30:00+00:00,USGS-05480986,34.2,68.7
2013-05-26 07:45:00+00:00,USGS-05480986,34.2,68.1
2013-05-26 08:00:00+00:00,USGS-05480986,34.2,66.4
2013-05-26 08:15:00+00:00,USGS-05480986,34.2,69.2
2013-05-26 08:30:00+00:00,USGS-05480986,34.4,65.8
2013-05-26 08:45:00+00:00,USGS-05480986,34.2,66.4
2013-05-26 09:00:00+00:00,USGS-05480986,34.2,67.5
2013-05-26 09:15:00+00:00,USGS-05480986,34.3,65.3
2013-05-26 09:30:00+00:00,USGS-05480986,34.2,66.4
2013-05-26 09:45:00+00:00,USGS-05480986,34.3,64.7
2013-05-26 10:00:00+00:00,USGS-05480986,34.4,65.3
2013-05-26 10:15:00+00:00,USGS-05480986,34.4,64.7
2013-05-26 10:30:00+00:00,USGS-05480986,34.4,63.6
2013-05-26 10:45:00+00:00,USGS-05480986,34.5,64.7
2013-05-26 11:00:00+00:00,USGS-05480986,34.6,65.3
2013-05-26 11:15:00+00:00,USGS-05480986,34.8,64.7
2013-05-26 11:30:00+00:00,USGS-05480986,34.8,63.6
2013-05-26 11:45:00+00:00,USGS-05480986,34.8,63.0
2013-05-26 12:00:00+00:00,USGS-05480986,34.8,63.0
2013-05-26 12:15:00+00:00,USGS-05480986,35.0,63.6
2013-05-26 12:30:00+00:00,USGS-05480986,34.9,63.0
2013-05-26 12:45:00+00:00,USGS-05480986,34.9,64.1
2013-05-26 13:00:00+00:00,USGS-05480986,35.0,63.0
2013-05-26 13:15:00+00:00,USGS-05480986,34.6,64.7
2013-05-26 13:30:00+00:00,USGS-05480986,34.4,66.4
2013-05-26 13:45:00+00:00,USGS-05480986,34.0,65.8
2013-05-26 14:00:00+00:00,USGS-05480986,34.2,65.8
2013-05-26 14:15:00+00:00,USGS-05480986,34.3,67.5
2013-05-26 14:30:00+00:00,USGS-05480986,34.0,70.9
2013-05-26 14:45:00+00:00,USGS-05480986,33.8,74.3
2013-05-26 15:00:00+00:00,USGS-05480986,32.8,88.1
2013-05-26 15:15:00+00:00,USGS-05480986,30.0,94.4
2013-05-26 15:30:00+00:00,USGS-05480986,29.7,102.0
2013-05-26 15:45:00+00:00,USGS-05480986,29.1,112.0
2013-05-26 16:00:00+00:00,USGS-05480986,28.1,122.0
2013-05-26 16:15:00+00:00,USGS-05480986,26.0,131.0
2013-05-26 16:30:00+00:00,USGS-05480986,23.6,139.0
2013-05-26 16:45:00+00:00,USGS-05480986,22.6,147.0
2013-05-26 17:00:00+00:00,USGS-05480986,22.6,155.0
2013-05-26 17:15:00+00:00,USGS-05480986,21.8,170.0
2013-05-26 17:30:00+00:00,USGS-05480986,21.1,181.0
2013-05-26 17:45:00+00:00,USGS-05480986,20.4,193.0
2013-05-26 18:00:00+00:00,USGS-05480986,19.7,198.0
2013-05-26 18:15:00+00:00,USGS-05480986,19.5,204.0
2013-05-26 18:30:00+00:00,USGS-05480986,19.2,210.0
2013-05-26 18:45:00+00:00,USGS-05480986,19.4,207.0
2013-05-26 19:00:00+00:00,USGS-05480986,19.2,206.0
2013-05-26 19:15:00+00:00,USGS-05480986,19.4,199.0
2013-05-26 19:30:00+00:00,USGS-05480986,19.7,197.0
2013-05-26 19:45:00+00:00,USGS-05480986,20.2,190.0
2013-05-26 20:00:00+00:00,USGS-05480986,20.9,187.0
2013-05-26 20:15:00+00:00,USGS-05480986,21.4,185.0
2013-05-26 20:30:00+00:00,USGS-05480986,21.4,179.0
2013-05-26 20:45:00+00:00,USGS-05480986,21.9,171.0
2013-05-26 21:00:00+00:00,USGS-05480986,22.5,163.0
2013-05-26 21:15:00+00:00,USGS-05480986,22.8,158.0
2013-05-26 21:30:00+00:00,USGS-05480986,23.0,154.0
2013-05-26 21:45:00+00:00,USGS-05480986,22.9,148.0
2013-05-26 22:00:00+00:00,USGS-05480986,22.8,143.0
2013-05-26 22:15:00+00:00,USGS-05480986,23.0,143.0
2013-05-26 22:30:00+00:00,USGS-05480986,22.9,141.0
2013-05-26 22:45:00+00:00,USGS-05480986,23.1,141.0
2013-05-26 23:00:00+00:00,USGS-05480986,23.2,136.0
2013-05-26 23:15:00+00:00,USGS-05480986,23.3,137.0
2013-05-26 23:30:00+00:00,USGS-05480986,23.4,134.0
2013-05-26 23:45:00+00:00,USGS-05480986,23.6,132.0
2013-05-27 00:00:00+00:00,USGS-05480986,23.8,132.0
2013-05-27 00:15:00+00:00,USGS-05480986,23.9,130.0
2013-05-27 00:30:00+00:00,USGS-05480986,24.0,129.0
2013-05-27 00:45:00+00:00,USGS-05480986,24.1,
2013-05-27 01:00:00+00:00,USGS-05480986,24.3,131.0
2013-05-27 01:15:00+00:00,USGS-05480986,24.5,128.0
2013-05-27 01:30:00+00:00,USGS-05480986,24.5,127.0
2013-05-27 01:45:00+00:00,USGS-05480986,24.6,129.0
2013-05-27 02:00:00+00:00,USGS-05480986,24.6,124.0
2013-05-27 02:15:00+00:00,USGS-05480986,24.9,125.0
2013-05-27 02:30:00+00:00,USGS-05480986,24.8,122.0
2013-05-27 02:45:00+00:00,USGS-05480986,25.1,122.0
2013-05-27 03:00:00+00:00,USGS-05480986,25.2,123.0
2013-05-27 03:15:00+00:00,USGS-05480986,25.2,125.0
2013-05-27 03:30:00+00:00,USGS-05480986,25.2,126.0
2013-05-27 03:45:00+00:00,USGS-05480986,24.8,127.0
2013-05-27 04:00:00+00:00,USGS-05480986,24.2,127.0
2013-05-27 04:15:00+00:00,USGS-05480986,24.8,131.0
2013-05-27 04:30:00+00:00,USGS-05480986,24.5,131.0
2013-05-27 04:45:00+00:00,USGS-05480986,24.9,131.0
2013-05-27 05:00:00+00:00,USGS-05480986,24.8,133.0
2013-05-27 05:15:00+00:00,USGS-05480986,24.8,133.0
2013-05-27 05:30:00+00:00,USGS-05480986,24.6,133.0
2013-05-27 05:45:00+00:00,USGS-05480986,24.7,131.0
2013-05-27 06:00:00+00:00,USGS-05480986,24.7,133.0
2013-05-27 06:15:00+00:00,USGS-05480986,25.0,133.0
2013-05-27 06:30:00+00:00,USGS-05480986,24.7,131.0
2013-05-27 06:45:00+00:00,USGS-05480986,24.9,133.0
2013-05-27 07:00:00+00:00,USGS-05480986,24.8,133.0
2013-05-27 07:15:00+00:00,USGS-05480986,24.9,132.0
2013-05-27 07:30:00+00:00,USGS-05480986,24.6,133.0
2013-05-27 07:45:00+00:00,USGS-05480986,24.6,133.0
2013-05-27 08:00:00+00:00,USGS-05480986,24.6,131.0
2013-05-27 08:15:00+00:00,USGS-05480986,24.5,131.0
2013-05-27 08:30:00+00:00,USGS-05480986,24.4,131.0
2013-05-27 08:45:00+00:00,USGS-05480986,24.3,130.0
2013-05-27 09:00:00+00:00,USGS-05480986,24.7,130.0
2013-05-27 09:15:00+00:00,USGS-05480986,24.5,133.0
2013-05-27 09:30:00+00:00,USGS-05480986,24.4,132.0
2013-05-27 09:45:00+00:00,USGS-05480986,25.2,131.0
2013-05-27 10:00:00+00:00,USGS-05480986,24.6,135.0
2013-05-27 10:15:00+00:00,USGS-05480986,24.2,135.0
2013-05-27 10:30:00+00:00,USGS-05480986,24.1,136.0
2013-05-27 10:45:00+00:00,USGS-05480986,24.1,135.0
2013-05-27 11:00:00+00:00,USGS-05480986,24.2,140.0
2013-05-27 11:15:00+00:00,USGS-05480986,24.1,142.0
2013-05-27 11:30:00+00:00,USGS-05480986,23.8,144.0
2013-05-27 11:45:00+00:00,USGS-05480986,23.4,154.0
2013-05-27 12:00:00+00:00,USGS-05480986,23.1,155.0
2013-05-27 12:15:00+00:00,USGS-05480986,22.9,158.0
2013-05-27 12:30:00+00:00,USGS-05480986,22.7,183.0
2013-05-27 12:45:00+00:00,USGS-05480986,22.4,190.0
2013-05-27 13:00:00+00:00,USGS-05480986,21.9,190.0
2013-05-27 13:15:00+00:00,USGS-05480986,21.7,196.0
2013-05-27 13:30:00+00:00,USGS-05480986,21.3,210.0
2013-05-27 13:45:00+00:00,USGS-05480986,20.9,214.0
2013-05-27 14:00:00+00:00,USGS-05480986,20.7,210.0
2013-05-27 14:15:00+00:00,USGS-05480986,20.5,214.0
2013-05-27 14:30:00+00:00,USGS-05480986,20.5,224.0
2013-05-27 14:45:00+00:00,USGS-05480986,20.4,223.0
2013-05-27 15:00:00+00:00,USGS-05480986,20.3,227.0
2013-05-27 15:15:00+00:00,USGS-05480986,20.4,225.0
2013-05-27 15:30:00+00:00,USGS-05480986,20.3,233.0
2013-05-27 15:45:00+00:00,USGS-05480986,20.6,235.0
2013-05-27 16:00:00+00:00,USGS-05480986,20.7,228.0
2013-05-27 16:15:00+00:00,USGS-05480986,21.0,219.0
2013-05-27 16:30:00+00:00,USGS-05480986,21.5,215.0
2013-05-27 16:45:00+00:00,USGS-05480986,21.8,211.0
2013-05-27 17:00:00+00:00,USGS-05480986,22.0,207.0
2013-05-27 17:15:00+00:00,USGS-05480986,22.3,208.0
2013-05-27 17:30:00+00:00,USGS-05480986,22.4,204.0
2013-05-27 17:45:00+00:00,USGS-05480986,22.6,202.0
2013-05-27 18:00:00+00:00,USGS-05480986,22.6,202.0
2013-05-27 18:15:00+00:00,USGS-05480986,22.6,193.0
2013-05-27 18:30:00+00:00,USGS-05480986,22.7,194.0
2013-05-27 18:45:00+00:00,USGS-05480986,22.7,195.0
2013-05-27 19:00:00+00:00,USGS-05480986,22.6,192.0
2013-05-27 19:15:00+00:00,USGS-05480986,22.6,190.0
2013-05-27 19:30:00+00:00,USGS-05480986,22.7,185.0
2013-05-27 19:45:00+00:00,USGS-05480986,22.7,193.0
2013-05-27 20:00:00+00:00,USGS-05480986,22.7,189.0
2013-05-27 20:15:00+00:00,USGS-05480986,22.7,187.0
2013-05-27 20:30:00+00:00,USGS-05480986,22.7,190.0
2013-05-27 20:45:00+00:00,USGS-05480986,22.7,189.0
2013-05-27 21:00:00+00:00,USGS-05480986,22.8,190.0
2013-05-27 21:15:00+00:00,USGS-05480986,22.8,194.0
2013-05-27 21:30:00+00:00,USGS-05480986,22.6,186.0
2013-05-27 21:45:00+00:00,USGS-05480986,22.7,192.0
2013-05-27 22:00:00+00:00,USGS-05480986,22.6,184.0
2013-05-27 22:15:00+00:00,USGS-05480986,22.6,183.0
2013-05-27 22:30:00+00:00,USGS-05480986,22.6,186.0
2013-05-27 22:45:00+00:00,USGS-05480986,22.5,184.0
2013-05-27 23:00:00+00:00,USGS-05480986,22.4,187.0
2013-05-27 23:15:00+00:00,USGS-05480986,22.6,181.0
2013-05-27 23:30:00+00:00,USGS-05480986,22.7,185.0
2013-05-27 23:45:00+00:00,USGS-05480986,22.6,180.0
2013-05-28 00:00:00+00:00,USGS-05480986,22.8,176.0
2013-05-28 00:15:00+00:00,USGS-05480986,22.6,179.0
2013-05-28 00:30:00+00:00,USGS-05480986,22.7,173.0
2013-05-28 00:45:00+00:00,USGS-05480986,22.7,177.0
2013-05-28 01:00:00+00:00,USGS-05480986,22.8,173.0
2013-05-28 01:15:00+00:00,USGS-05480986,22.9,172.0
2013-05-28 01:30:00+00:00,USGS-05480986,22.8,170.0
2013-05-28 01:45:00+00:00,USGS-05480986,22.6,168.0
2013-05-28 02:00:00+00:00,USGS-05480986,22.5,169.0
2013-05-28 02:15:00+00:00,USGS-05480986,23.0,164.0
2013-05-28 02:30:00+00:00,USGS-05480986,22.7,164.0
2013-05-28 02:45:00+00:00,USGS-05480986,22.8,165.0
2013-05-28 03:00:00+00:00,USGS-05480986,22.8,160.0
2013-05-28 03:15:00+00:00,USGS-05480986,22.7,160.0
2013-05-28 03:30:00+00:00,USGS-05480986,22.7,160.0
2013-05-28 03:45:00+00:00,USGS-05480986,22.7,159.0
2013-05-28 04:00:00+00:00,USGS-05480986,22.7,157.0
2013-05-28 04:15:00+00:00,USGS-05480986,22.2,157.0
2013-05-28 04:30:00+00:00,USGS-05480986,22.4,158.0
2013-05-28 04:45:00+00:00,USGS-05480986,22.2,157.0
2013-05-28 05:00:00+00:00,USGS-05480986,22.4,153.0
2013-05-28 05:15:00+00:00,USGS-05480986,22.4,152.0
2013-05-28 05:30:00+00:00,USGS-05480986,22.6,151.0
2013-05-28 05:45:00+00:00,USGS-05480986,22.7,151.0
2013-05-28 06:00:00+00:00,USGS-05480986,22.4,148.0
2013-05-28 06:15:00+00:00,USGS-05480986,22.4,150.0
2013-05-28 06:30:00+00:00,USGS-05480986,22.2,146.0
2013-05-28 06:45:00+00:00,USGS-05480986,22.1,146.0
2013-05-28 07:00:00+00:00,USGS-05480986,22.2,147.0
2013-05-28 07:15:00+00:00,USGS-05480986,22.1,143.0
2013-05-28 07:30:00+00:00,USGS-05480986,22.3,144.0
2013-05-28 07:45:00+00:00,USGS-05480986,22.1,143.0
2013-05-28 08:00:00+00:00,USGS-05480986,22.3,144.0
2013-05-28 08:15:00+00:00,USGS-05480986,22.1,144.0
2013-05-28 08:30:00+00:00,USGS-05480986,22.4,143.0
2013-05-28 08:45:00+00:00,USGS-05480986,22.2,146.0
2013-05-28 09:00:00+00:00,USGS-05480986,22.2,143.0
2013-05-28 09:15:00+00:00,USGS-05480986,22.4,142.0
2013-05-28 09:30:00+00:00,USGS-05480986,22.4,141.0
2013-05-28 09:45:00+00:00,USGS-05480986,22.4,142.0
2013-05-28 10:00:00+00:00,USGS-05480986,22.3,142.0
2013-05-28 10:15:00+00:00,USGS-05480986,22.4,142.0
2013-05-28 10:30:00+00:00,USGS-05480986,22.6,141.0
2013-05-28 10:45:00+00:00,USGS-05480986,22.4,139.0
2013-05-28 11:00:00+00:00,USGS-05480986,22.7,140.0
2013-05-28 11:15:00+00:00,USGS-05480986,22.3,141.0
2013-05-28 11:30:00+00:00,USGS-05480986,22.4,139.0
2013-05-28 11:45:00+00:00,USGS-05480986,22.3,141.0
2013-05-28 12:00:00+00:00,USGS-05480986,22.4,138.0
2013-05-28 12:15:00+00:00,USGS-05480986,23.0,138.0
2013-05-28 12:30:00+00:00,USGS-05480986,22.6,140.0
2013-05-28 12:45:00+00:00,USGS-05480986,22.6,138.0
2013-05-28 13:00:00+00:00,USGS-05480986,22.6,138.0
2013-05-28 13:15:00+00:00,USGS-05480986,22.5,141.0
2013-05-28 13:30:00+00:00,USGS-05480986,22.6,139.0
2013-05-28 13:45:00+00:00,USGS-05480986,22.6,137.0
2013-05-28 14:00:00+00:00,USGS-05480986,22.7,138.0
2013-05-28 14:15:00+00:00,USGS-05480986,22.7,136.0
2013-05-28 14:30:00+00:00,USGS-05480986,22.8,135.0
2013-05-28 14:45:00+00:00,USGS-05480986,22.8,136.0
2013-05-28 15:00:00+00:00,USGS-05480986,22.8,136.0
2013-05-28 15:15:00+00:00,USGS-05480986,22.8,135.0
2013-05-28 15:30:00+00:00,USGS-05480986,22.9,134.0
2013-05-28 15:45:00+00:00,USGS-05480986,23.0,135.0
2013-05-28 16:00:00+00:00,USGS-05480986,22.9,135.0
2013-05-28 16:15:00+00:00,USGS-05480986,22.8,134.0
2013-05-28 16:30:00+00:00,USGS-05480986,22.8,133.0
2013-05-28 16:45:00+00:00,USGS-05480986,22.9,132.0
2013-05-28 17:00:00+00:00,USGS-05480986,22.9,134.0
2013-05-28 17:15:00+00:00,USGS-05480986,23.1,133.0
2013-05-28 17:30:00+00:00,USGS-05480986,23.1,133.0
2013-05-28 17:45:00+00:00,USGS-05480986,23.0,130.0
2013-05-28 18:00:00+00:00,USGS-05480986,23.1,132.0
2013-05-28 18:15:00+00:00,USGS-05480986,23.0,131.0
2013-05-28 18:30:00+00:00,USGS-05480986,23.0,131.0
2013-05-28 18:45:00+00:00,USGS-05480986,23.1,131.0
2013-05-28 19:00:00+00:00,USGS-05480986,23.0,131.0
2013-05-28 19:15:00+00:00,USGS-05480986,23.0,129.0
2013-05-28 19:30:00+00:00,USGS-05480986,23.0,131.0
2013-05-28 19:45:00+00:00,USGS-05480986,23.1,130.0
2013-05-28 20:00:00+00:00,USGS-05480986,23.3,128.0
2013-05-28 20:15:00+00:00,USGS-05480986,23.2,128.0
2013-05-28 20:30:00+00:00,USGS-05480986,23.2,127.0
2013-05-28 20:45:00+00:00,USGS-05480986,23.2,127.0
2013-05-28 21:00:00+00:00,USGS-05480986,23.2,128.0
2013-05-28 21:15:00+00:00,USGS-05480986,23.1,126.0
2013-05-28 21:30:00+00:00,USGS-05480986,23.2,124.0
2013-05-28 21:45:00+00:00,USGS-05480986,23.1,127.0
2013-05-28 22:00:00+00:00,USGS-05480986,23.1,126.0
2013-05-28 22:15:00+00:00,USGS-05480986,23.4,124.0
2013-05-28 22:30:00+00:00,USGS-05480986,23.2,122.0
2013-05-28 22:45:00+00:00,USGS-05480986,23.2,120.0
2013-05-28 23:00:00+00:00,USGS-05480986,23.3,123.0
2013-05-28 23:15:00+00:00,USGS-05480986,23.2,123.0
2013-05-28 23:30:00+00:00,USGS-05480986,23.2,120.0
2013-05-28 23:45:00+00:00,USGS-05480986,23.3,122.0
2013-05-29 00:00:00+00:00,USGS-05480986,23.2,122.0
2013-05-29 00:15:00+00:00,USGS-05480986,23.3,120.0
2013-05-29 00:30:00+00:00,USGS-05480986,23.3,120.0
2013-05-29 00:45:00+00:00,USGS-05480986,23.2,119.0
2013-05-29 01:00:00+00:00,USGS-05480986,23.4,121.0
2013-05-29 01:15:00+00:00,USGS-05480986,23.2,118.0
2013-05-29 01:30:00+00:00,USGS-05480986,23.4,117.0
2013-05-29 01:45:00+00:00,USGS-05480986,23.2,118.0
2013-05-29 02:00:00+00:00,USGS-05480986,23.2,116.0
2013-05-29 02:15:00+00:00,USGS-05480986,23.2,117.0
2013-05-29 02:30:00+00:00,USGS-05480986,23.2,116.0
2013-05-29 02:45:00+00:00,USGS-05480986,23.2,116.0
2013-05-29 03:00:00+00:00,USGS-05480986,23.2,116.0
2013-05-29 03:15:00+00:00,USGS-05480986,23.2,118.0
2013-05-29 03:30:00+00:00,USGS-05480986,23.2,118.0
2013-05-29 03:45:00+00:00,USGS-05480986,23.0,117.0
2013-05-29 04:00:00+00:00,USGS-05480986,23.1,117.0
2013-05-29 04:15:00+00:00,USGS-05480986,23.1,117.0
2013-05-29 04:30:00+00:00,USGS-05480986,23.1,115.0
2013-05-29 04:45:00+00:00,USGS-05480986,23.1,115.0
2013-05-29 05:00:00+00:00,USGS-05480986,23.0,118.0
2013-05-29 05:15:00+00:00,USGS-05480986,23.0,116.0
2013-05-29 05:30:00+00:00,USGS-05480986,23.0,115.0
2013-05-29 05:45:00+00:00,USGS-05480986,23.0,114.0
2013-05-29 06:00:00+00:00,USGS-05480986,23.2,114.0
2013-05-29 06:15:00+00:00,USGS-05480986,23.0,116.0
2013-05-29 06:30:00+00:00,USGS-05480986,22.9,114.0
2013-05-29 06:45:00+00:00,USGS-05480986,22.9,114.0
2013-05-29 07:00:00+00:00,USGS-05480986,22.9,116.0
2013-05-29 07:15:00+00:00,USGS-05480986,22.9,112.0
2013-05-29 07:30:00+00:00,USGS-05480986,22.9,112.0
2013-05-29 07:45:00+00:00,USGS-05480986,22.9,114.0
2013-05-29 08:00:00+00:00,USGS-05480986,22.8,114.0
2013-05-29 08:15:00+00:00,USGS-05480986,22.7,111.0
2013-05-29 08:30:00+00:00,USGS-05480986,22.7,111.0
2013-05-29 08:45:00+00:00,USGS-05480986,22.8,111.0
2013-05-29 09:00:00+00:00,USGS-05480986,22.9,110.0
2013-05-29 09:15:00+00:00,USGS-05480986,22.9,113.0
2013-05-29 09:30:00+00:00,USGS-05480986,22.8,110.0
2013-05-29 09:45:00+00:00,USGS-05480986,22.8,110.0
2013-05-29 10:00:00+00:00,USGS-05480986,22.8,109.0
2013-05-29 10:15:00+00:00,USGS-05480986,22.7,108.0
2013-05-29 10:30:00+00:00,USGS-05480986,22.7,106.0
2013-05-29 10:45:00+00:00,USGS-05480986,22.7,106.0
2013-05-29 11:00:00+00:00,USGS-05480986,22.7,106.0
2013-05-29 11:15:00+00:00,USGS-05480986,22.8,104.0
2013-05-29 11:30:00+00:00,USGS-05480986,22.8,106.0
2013-05-29 11:45:00+00:00,USGS-05480986,22.8,104.0
2013-05-29 12:00:00+00:00,USGS-05480986,23.0,103.0
2013-05-29 12:15:00+00:00,USGS-05480986,22.9,106.0
2013-05-29 12:30:00+00:00,USGS-05480986,23.1,104.0
2013-05-29 12:45:00+00:00,USGS-05480986,22.9,102.0
2013-05-29 13:00:00+00:00,USGS-05480986,23.0,103.0
2013-05-29 13:15:00+00:00,USGS-05480986,22.9,103.0
2013-05-29 13:30:00+00:00,USGS-05480986,22.9,104.0
2013-05-29 13:45:00+00:00,USGS-05480986,23.0,101.0
2013-05-29 14:00:00+00:00,USGS-05480986,22.9,101.0
2013-05-29 14:15:00+00:00,USGS-05480986,22.9,104.0
2013-05-29 14:30:00+00:00,USGS-05480986,22.8,104.0
2013-05-29 14:45:00+00:00,USGS-05480986,23.0,102.0
2013-05-29 15:00:00+00:00,USGS-05480986,22.9,101.0
2013-05-29 15:15:00+00:00,USGS-05480986,22.9,99.3
2013-05-29 15:30:00+00:00,USGS-05480986,23.0,100.0
2013-05-29 15:45:00+00:00,USGS-05480986,23.0,99.3
2013-05-29 16:00:00+00:00,USGS-05480986,23.0,99.3
2013-05-29 16:15:00+00:00,USGS-05480986,22.9,98.1
2013-05-29 16:30:00+00:00,USGS-05480986,23.0,100.0
2013-05-29 16:45:00+00:00,USGS-05480986,22.9,98.7
2013-05-29 17:00:00+00:00,USGS-05480986,22.9,98.1
2013-05-29 17:15:00+00:00,USGS-05480986,22.9,99.3
2013-05-29 17:30:00+00:00,USGS-05480986,23.1,99.3
2013-05-29 17:45:00+00:00,USGS-05480986,23.2,98.1
2013-05-29 18:00:00+00:00,USGS-05480986,23.2,99.3
2013-05-29 18:15:00+00:00,USGS-05480986,23.3,98.1
2013-05-29 18:30:00+00:00,USGS-05480986,23.2,96.8
2013-05-29 18:45:00+00:00,USGS-05480986,23.3,98.1
2013-05-29 19:00:00+00:00,USGS-05480986,23.2,98.1
2013-05-29 19:15:00+00:00,USGS-05480986,23.2,96.2
2013-05-29 19:30:00+00:00,USGS-05480986,23.2,98.1
2013-05-29 19:45:00+00:00,USGS-05480986,23.2,97.5
2013-05-29 20:00:00+00:00,USGS-05480986,23.2,95.6
2013-05-29 20:15:00+00:00,USGS-05480986,23.3,96.2
2013-05-29 20:30:00+00:00,USGS-05480986,23.2,98.1
2013-05-29 20:45:00+00:00,USGS-05480986,23.2,96.8
2013-05-29 21:00:00+00:00,USGS-05480986,23.2,95.6
2013-05-29 21:15:00+00:00,USGS-05480986,23.2,97.5
2013-05-29 21:30:00+00:00,USGS-05480986,23.2,97.5
2013-05-29 21:45:00+00:00,USGS-05480986,23.3,95.0
2013-05-29 22:00:00+00:00,USGS-05480986,23.4,96.8
2013-05-29 22:15:00+00:00,USGS-05480986,23.3,95.0
2013-05-29 22:30:00+00:00,USGS-05480986,23.2,94.4
2013-05-29 22:45:00+00:00,USGS-05480986,23.2,98.1
2013-05-29 23:00:00+00:00,USGS-05480986,23.3,96.2
2013-05-29 23:15:00+00:00,USGS-05480986,23.3,94.4
2013-05-29 23:30:00+00:00,USGS-05480986,23.4,97.5
2013-05-29 23:45:00+00:00,USGS-05480986,23.3,96.2
2013-05-30 00:00:00+00:00,USGS-05480986,23.3,93.8
2013-05-30 00:15:00+00:00,USGS-05480986,23.4,98.1
2013-05-30 00:30:00+00:00,USGS-05480986,23.5,96.8
2013-05-30 00:45:00+00:00,USGS-05480986,23.4,96.2
2013-05-30 01:00:00+00:00,USGS-05480986,23.3,100.0
2013-05-30 01:15:00+00:00,USGS-05480986,23.5,101.0
2013-05-30 01:30:00+00:00,USGS-05480986,23.5,102.0
2013-05-30 01:45:00+00:00,USGS-05480986,23.5,102.0
2013-05-30 02:00:00+00:00,USGS-05480986,23.4,106.0
2013-05-30 02:15:00+00:00,USGS-05480986,23.3,106.0
2013-05-30 02:30:00+00:00,USGS-05480986,23.0,104.0
2013-05-30 02:45:00+00:00,USGS-05480986,22.6,108.0
2013-05-30 03:00:00+00:00,USGS-05480986,22.2,107.0
2013-05-30 03:15:00+00:00,USGS-05480986,21.9,106.0
2013-05-30 03:30:00+00:00,USGS-05480986,21.6,106.0
2013-05-30 03:45:00+00:00,USGS-05480986,21.0,105.0
2013-05-30 04:00:00+00:00,USGS-05480986,20.7,103.0
2013-05-30 04:15:00+00:00,USGS-05480986,20.8,105.0
2013-05-30 04:30:00+00:00,USGS-05480986,21.0,104.0
2013-05-30 04:45:00+00:00,USGS-05480986,21.1,102.0
2013-05-30 05:00:00+00:00,USGS-05480986,21.3,105.0
2013-05-30 05:15:00+00:00,USGS-05480986,21.6,103.0
2013-05-30 05:30:00+00:00,USGS-05480986,22.0,104.0
2013-05-30 05:45:00+00:00,USGS-05480986,22.0,104.0
2013-05-30 06:00:00+00:00,USGS-05480986,22.2,102.0
2013-05-30 06:15:00+00:00,USGS-05480986,22.3,102.0
2013-05-30 06:30:00+00:00,USGS-05480986,22.5,102.0
2013-05-30 06:45:00+00:00,USGS-05480986,22.6,101.0
2013-05-30 07:00:00+00:00,USGS-05480986,22.8,101.0
2013-05-30 07:15:00+00:00,USGS-05480986,22.7,102.0
2013-05-30 07:30:00+00:00,USGS-05480986,22.8,101.0
2013-05-30 07:45:00+00:00,USGS-05480986,22.9,98.7
2013-05-30 08:00:00+00:00,USGS-05480986,23.1,101.0
2013-05-30 08:15:00+00:00,USGS-05480986,23.2,101.0
2013-05-30 08:30:00+00:00,USGS-05480986,23.2,98.7
2013-05-30 08:45:00+00:00,USGS-05480986,23.3,101.0
2013-05-30 09:00:00+00:00,USGS-05480986,23.5,99.3
2013-05-30 09:15:00+00:00,USGS-05480986,23.5,98.7
2013-05-30 09:30:00+00:00,USGS-05480986,23.6,98.7
2013-05-30 09:45:00+00:00,USGS-05480986,23.7,96.8
2013-05-30 10:00:00+00:00,USGS-05480986,23.7,96.2
2013-05-30 10:15:00+00:00,USGS-05480986,23.8,98.7
2013-05-30 10:30:00+00:00,USGS-05480986,23.9,97.5
2013-05-30 10:45:00+00:00,USGS-05480986,23.9,99.3
2013-05-30 11:00:00+00:00,USGS-05480986,24.1,99.3
2013-05-30 11:15:00+00:00,USGS-05480986,24.0,101.0
2013-05-30 11:30:00+00:00,USGS-05480986,24.1,97.5
2013-05-30 11:45:00+00:00,USGS-05480986,24.1,101.0
2013-05-30 12:00:00+00:00,USGS-05480986,24.0,97.5
2013-05-30 12:15:00+00:00,USGS-05480986,23.8,98.1
2013-05-30 12:30:00+00:00,USGS-05480986,23.9,98.7
2013-05-30 12:45:00+00:00,USGS-05480986,23.9,98.1
2013-05-30 13:00:00+00:00,USGS-05480986,24.0,95.6
2013-05-30 13:15:00+00:00,USGS-05480986,24.0,98.1
2013-05-30 13:30:00+00:00,USGS-05480986,24.1,97.5
2013-05-30 13:45:00+00:00,USGS-05480986,24.1,96.2
2013-05-30 14:00:00+00:00,USGS-05480986,24.2,95.0
2013-05-30 14:15:00+00:00,USGS-05480986,24.3,97.5
2013-05-30 14:30:00+00:00,USGS-05480986,24.3,96.2
2013-05-30 14:45:00+00:00,USGS-05480986,24.3,93.8
2013-05-30 15:00:00+00:00,USGS-05480986,24.4,95.0
2013-05-30 15:15:00+00:00,USGS-05480986,24.5,96.8
2013-05-30 15:30:00+00:00,USGS-05480986,24.6,95.0
2013-05-30 15:45:00+00:00,USGS-05480986,24.7,93.8
2013-05-30 16:00:00+00:00,USGS-05480986,24.7,89.9
2013-05-30 16:15:00+00:00,USGS-05480986,24.8,91.8
2013-05-30 16:30:00+00:00,USGS-05480986,24.7,92.5
2013-05-30 16:45:00+00:00,USGS-05480986,24.8,92.5
2013-05-30 17:00:00+00:00,USGS-05480986,24.8,92.5
2013-05-30 17:15:00+00:00,USGS-05480986,24.7,89.9
2013-05-30 17:30:00+00:00,USGS-05480986,24.8,89.9
2013-05-30 17:45:00+00:00,USGS-05480986,24.8,92.5
2013-05-30 18:00:00+00:00,USGS-05480986,24.8,90.6
2013-05-30 18:15:00+00:00,USGS-05480986,24.9,89.3
2013-05-30 18:30:00+00:00,USGS-05480986,24.8,92.5
2013-05-30 18:45:00+00:00,USGS-05480986,24.9,91.2
2013-05-30 19:00:00+00:00,USGS-05480986,25.0,89.9
2013-05-30 19:15:00+00:00,USGS-05480986,25.0,88.7
2013-05-30 19:30:00+00:00,USGS-05480986,25.0,87.4
2013-05-30 19:45:00+00:00,USGS-05480986,25.1,90.6
2013-05-30 20:00:00+00:00,USGS-05480986,25.0,88.1
2013-05-30 20:15:00+00:00,USGS-05480986,25.1,86.2
2013-05-30 20:30:00+00:00,USGS-05480986,25.0,85.6
2013-05-30 20:45:00+00:00,USGS-05480986,25.1,89.3
2013-05-30 21:00:00+00:00,USGS-05480986,25.2,88.7
2013-05-30 21:15:00+00:00,USGS-05480986,25.2,86.8
2013-05-30 21:30:00+00:00,USGS-05480986,25.2,85.6
2013-05-30 21:45:00+00:00,USGS-05480986,25.2,89.3
2013-05-30 22:00:00+00:00,USGS-05480986,25.2,87.4
2013-05-30 22:15:00+00:00,USGS-05480986,25.2,86.8
2013-05-30 22:30:00+00:00,USGS-05480986,25.2,86.2
2013-05-30 22:45:00+00:00,USGS-05480986,25.2,88.7
2013-05-30 23:00:00+00:00,USGS-05480986,25.3,87.4
2013-05-30 23:15:00+00:00,USGS-05480986,25.2,84.3
2013-05-30 23:30:00+00:00,USGS-05480986,25.4,86.8
2013-05-30 23:45:00+00:00,USGS-05480986,25.4,85.0
2013-05-31 00:00:00+00:00,USGS-05480986,25.3,84.3
2013-05-31 00:15:00+00:00,USGS-05480986,25.3,83.7
2013-05-31 00:30:00+00:00,USGS-05480986,25.3,86.8
2013-05-31 00:45:00+00:00,USGS-05480986,25.4,85.6
2013-05-31 01:00:00+00:00,USGS-05480986,25.4,84.3
2013-05-31 01:15:00+00:00,USGS-05480986,25.4,86.2
2013-05-31 01:30:00+00:00,USGS-05480986,25.5,85.0
2013-05-31 01:45:00+00:00,USGS-05480986,25.5,83.7
2013-05-31 02:00:00+00:00,USGS-05480986,25.5,85.6
2013-05-31 02:15:00+00:00,USGS-05480986,25.4,84.3
2013-05-31 02:30:00+00:00,USGS-05480986,25.5,83.7
2013-05-31 02:45:00+00:00,USGS-05480986,25.5,85.6
2013-05-31 03:00:00+00:00,USGS-05480986,25.6,83.7
2013-05-31 03:15:00+00:00,USGS-05480986,25.5,81.9
2013-05-31 03:30:00+00:00,USGS-05480986,25.5,85.0
2013-05-31 03:45:00+00:00,USGS-05480986,25.6,82.5
2013-05-31 04:00:00+00:00,USGS-05480986,25.6,80.7
2013-05-31 04:15:00+00:00,USGS-05480986,25.5,81.9
2013-05-31 04:30:00+00:00,USGS-05480986,25.5,80.1
2013-05-31 04:45:00+00:00,USGS-05480986,25.5,79.5
2013-05-31 05:00:00+00:00,USGS-05480986,25.5,
2013-05-31 05:15:00+00:00,USGS-05480986,25.6,
2013-05-31 05:30:00+00:00,USGS-05480986,25.6,
2013-05-31 05:45:00+00:00,USGS-05480986,25.6,
2013-05-31 06:00:00+00:00,USGS-05480986,25.5,
2013-05-31 06:15:00+00:00,USGS-05480986,25.5,
2013-05-31 06:30:00+00:00,USGS-05480986,25.5,
2013-05-31 06:45:00+00:00,USGS-05480986,25.5,
2013-05-31 07:00:00+00:00,USGS-05480986,25.6,
2013-05-31 07:15:00+00:00,USGS-05480986,25.6,
2013-05-31 07:30:00+00:00,USGS-05480986,25.6,
2013-05-31 07:45:00+00:00,USGS-05480986,25.7,
2013-05-31 08:00:00+00:00,USGS-05480986,25.8,
2013-05-31 08:15:00+00:00,USGS-05480986,25.9,
2013-05-31 08:30:00+00:00,USGS-05480986,26.0,
2013-05-31 08:45:00+00:00,USGS-05480986,26.0,
2013-05-31 09:00:00+00:00,USGS-05480986,26.0,
2013-05-31 09:15:00+00:00,USGS-05480986,26.0,
2013-05-31 09:30:00+00:00,USGS-05480986,26.0,
2013-05-31 09:45:00+00:00,USGS-05480986,26.0,
2013-05-31 10:00:00+00:00,USGS-05480986,26.1,
2013-05-31 10:15:00+00:00,USGS-05480986,26.1,
2013-05-31 10:30:00+00:00,USGS-05480986,26.2,
2013-05-31 10:45:00+00:00,USGS-05480986,26.2,
2013-05-31 11:00:00+00:00,USGS-05480986,26.1,
2013-05-31 11:15:00+00:00,USGS-05480986,26.0,
2013-05-31 11:30:00+00:00,USGS-05480986,26.1,
2013-05-31 11:45:00+00:00,USGS-05480986,26.2,
2013-05-31 12:00:00+00:00,USGS-05480986,26.1,
2013-05-31 12:15:00+00:00,USGS-05480986,26.2,
2013-05-31 12:30:00+00:00,USGS-05480986,26.2,
2013-05-31 12:45:00+00:00,USGS-05480986,26.3,
2013-05-31 13:00:00+00:00,USGS-05480986,26.3,
2013-05-31 13:15:00+00:00,USGS-05480986,26.3,
2013-05-31 13:30:00+00:00,USGS-05480986,26.3,
2013-05-31 13:45:00+00:00,USGS-05480986,26.3,
2013-05-31 14:00:00+00:00,USGS-05480986,26.4,
2013-05-31 14:15:00+00:00,USGS-05480986,26.3,
2013-05-31 14:30:00+00:00,USGS-05480986,26.4,
2013-05-31 14:45:00+00:00,USGS-05480986,26.3,
2013-05-31 15:00:00+00:00,USGS-05480986,26.4,
2013-05-31 15:15:00+00:00,USGS-05480986,26.4,
2013-05-31 15:30:00+00:00,USGS-05480986,26.5,
2013-05-31 15:45:00+00:00,USGS-05480986,26.3,
2013-05-31 16:00:00+00:00,USGS-05480986,26.4,
2013-05-31 16:15:00+00:00,USGS-05480986,26.4,
2013-05-31 16:30:00+00:00,USGS-05480986,26.4,
2013-05-31 16:45:00+00:00,USGS-05480986,26.5,
2013-05-31 17:00:00+00:00,USGS-05480986,26.4,
2013-05-31 17:15:00+00:00,USGS-05480986,26.5,
2013-05-31 17:30:00+00:00,USGS-05480986,26.5,
2013-05-31 17:45:00+00:00,USGS-05480986,26.5,
2013-05-31 18:00:00+00:00,USGS-05480986,26.4,
2013-05-31 18:15:00+00:00,USGS-05480986,26.4,
2013-05-31 18:30:00+00:00,USGS-05480986,26.7,
2013-05-31 18:45:00+00:00,USGS-05480986,26.6,
2013-05-31 19:00:00+00:00,USGS-05480986,26.8,
2013-05-31 19:15:00+00:00,USGS-05480986,26.6,
2013-05-31 19:30:00+00:00,USGS-05480986,26.8,
2013-05-31 19:45:00+00:00,USGS-05480986,26.7,
2013-05-31 20:00:00+00:00,USGS-05480986,26.9,
2013-05-31 20:15:00+00:00,USGS-05480986,26.8,
2013-05-31 20:30:00+00:00,USGS-05480986,26.8,
2013-05-31 20:45:00+00:00,USGS-05480986,26.9,
2013-05-31 21:00:00+00:00,USGS-05480986,26.9,
2013-05-31 21:15:00+00:00,USGS-05480986,27.0,
2013-05-31 21:30:00+00:00,USGS-05480986,27.0,
2013-05-31 21:45:00+00:00,USGS-05480986,27.0,
2013-05-31 22:00:00+00:00,USGS-05480986,27.1,
2013-05-31 22:15:00+00:00,USGS-05480986,27.1,
2013-05-31 22:30:00+00:00,USGS-05480986,27.1,
2013-05-31 22:45:00+00:00,USGS-05480986,27.2,
2013-05-31 23:00:00+00:00,USGS-05480986,27.1,
2013-05-31 23:15:00+00:00,USGS-05480986,27.2,
2013-05-31 23:30:00+00:00,USGS-05480986,27.1,
2013-05-31 23:45:00+00:00,USGS-05480986,27.2,
2013-06-01 00:00:00+00:00,USGS-05480986,27.2,
2013-06-01 00:15:00+00:00,USGS-05480986,27.1,
2013-06-01 00:30:00+00:00,USGS-05480986,27.1,
2013-06-01 00:45:00+00:00,USGS-05480986,27.2,
2013-06-01 01:00:00+00:00,USGS-05480986,27.1,
2013-06-01 01:15:00+00:00,USGS-05480986,27.2,
2013-06-01 01:30:00+00:00,USGS-05480986,27.2,
2013-06-01 01:45:00+00:00,USGS-05480986,27.2,
2013-06-01 02:00:00+00:00,USGS-05480986,27.4,
2013-06-01 02:15:00+00:00,USGS-05480986,27.2,
2013-06-01 02:30:00+00:00,USGS-05480986,27.2,
2013-06-01 02:45:00+00:00,USGS-05480986,27.2,
2013-06-01 03:00:00+00:00,USGS-05480986,27.2,
2013-06-01 03:15:00+00:00,USGS-05480986,27.0,
2013-06-01 03:30:00+00:00,USGS-05480986,27.1,
2013-06-01 03:45:00+00:00,USGS-05480986,27.2,
2013-06-01 04:00:00+00:00,USGS-05480986,27.2,
2013-06-01 04:15:00+00:00,USGS-05480986,27.2,
2013-06-01 04:30:00+00:00,USGS-05480986,27.2,
2013-06-01 04:45:00+00:00,USGS-05480986,27.1,
2013-06-01 05:00:00+00:00,USGS-05480986,27.1,
2013-06-01 05:15:00+00:00,USGS-05480986,27.1,
2013-06-01 05:30:00+00:00,USGS-05480986,27.0,
2013-06-01 05:45:00+00:00,USGS-05480986,27.1,
2013-06-01 06:00:00+00:00,USGS-05480986,27.0,
2013-06-01 06:15:00+00:00,USGS-05480986,27.0,
2013-06-01 06:30:00+00:00,USGS-05480986,27.0,
2013-06-01 06:45:00+00:00,USGS-05480986,27.0,
2013-06-01 07:00:00+00:00,USGS-05480986,27.1,
2013-06-01 07:15:00+00:00,USGS-05480986,27.1,
2013-06-01 07:30:00+00:00,USGS-05480986,27.1,
2013-06-01 07:45:00+00:00,USGS-05480986,27.0,
2013-06-01 08:00:00+00:00,USGS-05480986,27.1,
2013-06-01 08:15:00+00:00,USGS-05480986,27.2,
2013-06-01 08:30:00+00:00,USGS-05480986,27.2,
2013-06-01 08:45:00+00:00,USGS-05480986,27.2,
2013-06-01 09:00:00+00:00,USGS-05480986,27.2,
2013-06-01 09:15:00+00:00,USGS-05480986,27.2,
2013-06-01 09:30:00+00:00,USGS-05480986,27.3,
2013-06-01 09:45:00+00:00,USGS-05480986,27.3,
2013-06-01 10:00:00+00:00,USGS-05480986,27.3,
2013-06-01 10:15:00+00:00,USGS-05480986,27.4,
2013-06-01 10:30:00+00:00,USGS-05480986,27.4,
2013-06-01 10:45:00+00:00,USGS-05480986,27.4,
2013-06-01 11:00:00+00:00,USGS-05480986,27.4,
2013-06-01 11:15:00+00:00,USGS-05480986,27.5,
2013-06-01 11:30:00+00:00,USGS-05480986,27.5,
2013-06-01 11:45:00+00:00,USGS-05480986,27.5,
2013-06-01 12:00:00+00:00,USGS-05480986,27.4,
2013-06-01 12:15:00+00:00,USGS-05480986,27.4,
2013-06-01 12:30:00+00:00,USGS-05480986,27.5,
2013-06-01 12:45:00+00:00,USGS-05480986,27.5,
2013-06-01 13:00:00+00:00,USGS-05480986,27.4,
2013-06-01 13:15:00+00:00,USGS-05480986,27.5,
2013-06-01 13:30:00+00:00,USGS-05480986,27.5,
2013-06-01 13:45:00+00:00,USGS-05480986,27.5,
2013-06-01 14:00:00+00:00,USGS-05480986,27.6,
2013-06-01 14:15:00+00:00,USGS-05480986,27.6,
2013-06-01 14:30:00+00:00,USGS-05480986,27.5,
2013-06-01 14:45:00+00:00,USGS-05480986,27.5,
2013-06-01 15:00:00+00:00,USGS-05480986,27.4,
2013-06-01 15:15:00+00:00,USGS-05480986,27.5,
2013-06-01 15:30:00+00:00,USGS-05480986,27.5,
2013-06-01 15:45:00+00:00,USGS-05480986,27.5,
2013-06-01 16:00:00+00:00,USGS-05480986,27.5,
2013-06-01 16:15:00+00:00,USGS-05480986,27.6,
2013-06-01 16:30:00+00:00,USGS-05480986,27.6,
2013-06-01 16:45:00+00:00,USGS-05480986,27.4,
2013-06-01 17:00:00+00:00,USGS-05480986,27.3,
2013-06-01 17:15:00+00:00,USGS-05480986,27.5,
2013-06-01 17:30:00+00:00,USGS-05480986,27.5,
2013-06-01 17:45:00+00:00,USGS-05480986,27.5,
2013-06-01 18:00:00+00:00,USGS-05480986,27.5,
2013-06-01 18:15:00+00:00,USGS-05480986,27.5,
2013-06-01 18:30:00+00:00,USGS-05480986,27.5,
2013-06-01 18:45:00+00:00,USGS-05480986,27.4,
2013-06-01 19:00:00+00:00,USGS-05480986,27.4,
2013-06-01 19:15:00+00:00,USGS-05480986,27.5,
2013-06-01 19:30:00+00:00,USGS-05480986,27.5,
2013-06-01 19:45:00+00:00,USGS-05480986,27.5,
2013-06-01 20:00:00+00:00,USGS-05480986,27.4,
2013-06-01 20:15:00+00:00,USGS-05480986,27.5,
2013-06-01 20:30:00+00:00,USGS-05480986,27.3,
2013-06-01 20:45:00+00:00,USGS-05480986,27.1,
2013-06-01 21:00:00+00:00,USGS-05480986,27.1,
2013-06-01 21:15:00+00:00,USGS-05480986,27.0,
2013-06-01 21:30:00+00:00,USGS-05480986,27.2,
2013-06-01 21:45:00+00:00,USGS-05480986,27.2,
2013-06-01 22:00:00+00:00,USGS-05480986,27.3,
2013-06-01 22:15:00+00:00,USGS-05480986,27.1,
2013-06-01 22:30:00+00:00,USGS-05480986,27.2,
2013-06-01 22:45:00+00:00,USGS-05480986,27.2,
2013-06-01 23:00:00+00:00,USGS-05480986,27.2,
2013-06-01 23:15:00+00:00,USGS-05480986,27.4,
2013-06-01 23:30:00+00:00,USGS-05480986,27.3,
2013-06-01 23:45:00+00:00,USGS-05480986,27.3,
2013-06-02 00:00:00+00:00,USGS-05480986,27.3,
2013-06-02 00:15:00+00:00,USGS-05480986,27.3,
2013-06-02 00:30:00+00:00,USGS-05480986,27.4,
2013-06-02 00:45:00+00:00,USGS-05480986,27.4,
2013-06-02 01:00:00+00:00,USGS-05480986,27.4,
2013-06-02 01:15:00+00:00,USGS-05480986,27.4,
2013-06-02 01:30:00+00:00,USGS-05480986,27.3,
2013-06-02 01:45:00+00:00,USGS-05480986,27.4,
2013-06-02 02:00:00+00:00,USGS-05480986,27.4,
2013-06-02 02:15:00+00:00,USGS-05480986,27.4,
2013-06-02 02:30:00+00:00,USGS-05480986,27.3,
2013-06-02 02:45:00+00:00,USGS-05480986,27.5,
2013-06-02 03:00:00+00:00,USGS-05480986,27.4,
2013-06-02 03:15:00+00:00,USGS-05480986,27.5,
2013-06-02 03:30:00+00:00,USGS-05480986,27.5,
2013-06-02 03:45:00+00:00,USGS-05480986,27.4,
2013-06-02 04:00:00+00:00,USGS-05480986,27.4,
2013-06-02 04:15:00+00:00,USGS-05480986,27.4,
2013-06-02 04:30:00+00:00,USGS-05480986,27.4,
2013-06-02 04:45:00+00:00,USGS-05480986,27.4,
2013-06-02 05:00:00+00:00,USGS-05480986,27.4,
2013-06-02 05:15:00+00:00,USGS-05480986,27.5,
2013-06-02 05:30:00+00:00,USGS-05480986,27.3,
2013-06-02 05:45:00+00:00,USGS-05480986,27.3,
2013-06-02 06:00:00+00:00,USGS-05480986,27.4,
2013-06-02 06:15:00+00:00,USGS-05480986,27.3,
2013-06-02 06:30:00+00:00,USGS-05480986,27.5,
2013-06-02 06:45:00+00:00,USGS-05480986,27.4,
2013-06-02 07:00:00+00:00,USGS-05480986,27.4,
2013-06-02 07:15:00+00:00,USGS-05480986,27.5,
2013-06-02 07:30:00+00:00,USGS-05480986,27.4,
2013-06-02 07:45:00+00:00,USGS-05480986,27.4,
2013-06-02 08:00:00+00:00,USGS-05480986,27.4,
2013-06-02 08:15:00+00:00,USGS-05480986,27.4,
2013-06-02 08:30:00+00:00,USGS-05480986,27.4,
2013-06-02 08:45:00+00:00,USGS-05480986,27.5,
2013-06-02 09:00:00+00:00,USGS-05480986,27.4,
2013-06-02 09:15:00+00:00,USGS-05480986,27.6,
2013-06-02 09:30:00+00:00,USGS-05480986,27.6,
2013-06-02 09:45:00+00:00,USGS-05480986,27.6,
2013-06-02 10:00:00+00:00,USGS-05480986,27.6,
2013-06-02 10:15:00+00:00,USGS-05480986,27.6,
2013-06-02 10:30:00+00:00,USGS-05480986,27.6,
2013-06-02 10:45:00+00:00,USGS-05480986,27.6,
2013-06-02 11:00:00+00:00,USGS-05480986,27.6,
2013-06-02 11:15:00+00:00,USGS-05480986,27.6,
2013-06-02 11:30:00+00:00,USGS-05480986,27.6,
2013-06-02 11:45:00+00:00,USGS-05480986,27.6,
2013-06-02 12:00:00+00:00,USGS-05480986,27.6,
2013-06-02 12:15:00+00:00,USGS-05480986,27.7,
2013-06-02 12:30:00+00:00,USGS-05480986,27.6,
2013-06-02 12:45:00+00:00,USGS-05480986,27.7,
2013-06-02 13:00:00+00:00,USGS-05480986,27.6,
2013-06-02 13:15:00+00:00,USGS-05480986,27.7,
2013-06-02 13:30:00+00:00,USGS-05480986,27.7,
2013-06-02 13:45:00+00:00,USGS-05480986,27.7,
2013-06-02 14:00:00+00:00,USGS-05480986,27.7,
2013-06-02 14:15:00+00:00,USGS-05480986,27.8,
2013-06-02 14:30:00+00:00,USGS-05480986,27.9,
2013-06-02 14:45:00+00:00,USGS-05480986,27.9,
2013-06-02 15:00:00+00:00,USGS-05480986,27.9,
2013-06-02 15:15:00+00:00,USGS-05480986,27.9,
2013-06-02 15:30:00+00:00,USGS-05480986,28.0,
2013-06-02 15:45:00+00:00,USGS-05480986,28.0,
2013-06-02 16:00:00+00:00,USGS-05480986,28.1,
2013-06-02 16:15:00+00:00,USGS-05480986,28.1,
2013-06-02 16:30:00+00:00,USGS-05480986,28.1,
2013-06-02 16:45:00+00:00,USGS-05480986,28.1,
2013-06-02 17:00:00+00:00,USGS-05480986,28.2,
2013-06-02 17:15:00+00:00,USGS-05480986,28.2,
2013-06-02 17:30:00+00:00,USGS-05480986,28.3,
2013-06-02 17:45:00+00:00,USGS-05480986,28.3,
2013-06-02 18:00:00+00:00,USGS-05480986,28.3,
2013-06-02 18:15:00+00:00,USGS-05480986,28.3,
2013-06-02 18:30:00+00:00,USGS-05480986,28.4,
2013-06-02 18:45:00+00:00,USGS-05480986,28.4,
2013-06-02 19:00:00+00:00,USGS-05480986,28.4,
2013-06-02 19:15:00+00:00,USGS-05480986,28.5,
2013-06-02 19:30:00+00:00,USGS-05480986,28.5,
2013-06-02 19:45:00+00:00,USGS-05480986,28.6,
2013-06-02 20:00:00+00:00,USGS-05480986,28.5,
2013-06-02 20:15:00+00:00,USGS-05480986,28.5,
2013-06-02 20:30:00+00:00,USGS-05480986,28.6,
2013-06-02 20:45:00+00:00,USGS-05480986,28.6,
2013-06-02 21:00:00+00:00,USGS-05480986,28.7,
2013-06-02 21:15:00+00:00,USGS-05480986,28.7,
2013-06-02 21:30:00+00:00,USGS-05480986,28.7,
2013-06-02 21:45:00+00:00,USGS-05480986,28.7,
2013-06-02 22:00:00+00:00,USGS-05480986,28.7,
2013-06-02 22:15:00+00:00,USGS-05480986,28.8,
2013-06-02 22:30:00+00:00,USGS-05480986,28.9,
2013-06-02 22:45:00+00:00,USGS-05480986,28.8,
2013-06-02 23:00:00+00:00,USGS-05480986,28.8,
2013-06-02 23:15:00+00:00,USGS-05480986,28.9,
2013-06-02 23:30:00+00:00,USGS-05480986,28.9,
2013-06-02 23:45:00+00:00,USGS-05480986,28.9,
2013-06-03 00:00:00+00:00,USGS-05480986,29.0,
2013-06-03 00:15:00+00:00,USGS-05480986,29.0,
2013-06-03 00:30:00+00:00,USGS-05480986,29.0,
2013-06-03 00:45:00+00:00,USGS-05480986,29.0,
2013-06-03 01:00:00+00:00,USGS-05480986,29.1,
2013-06-03 01:15:00+00:00,USGS-05480986,29.2,
2013-06-03 01:30:00+00:00,USGS-05480986,29.2,
2013-06-03 01:45:00+00:00,USGS-05480986,29.3,
2013-06-03 02:00:00+00:00,USGS-05480986,29.5,
2013-06-03 02:15:00+00:00,USGS-05480986,29.5,
2013-06-03 02:30:00+00:00,USGS-05480986,29.6,
2013-06-03 02:45:00+00:00,USGS-05480986,29.7,
2013-06-03 03:00:00+00:00,USGS-05480986,29.7,
2013-06-03 03:15:00+00:00,USGS-05480986,29.8,
2013-06-03 03:30:00+00:00,USGS-05480986,29.8,
2013-06-03 03:45:00+00:00,USGS-05480986,29.9,
2013-06-03 04:00:00+00:00,USGS-05480986,29.9,
2013-06-03 04:15:00+00:00,USGS-05480986,29.9,
2013-06-03 04:30:00+00:00,USGS-05480986,29.9,
2013-06-03 04:45:00+00:00,USGS-05480986,30.0,
2013-06-03 05:00:00+00:00,USGS-05480986,29.9,
2013-06-03 05:15:00+00:00,USGS-05480986,29.9,
2013-06-03 05:30:00+00:00,USGS-05480986,30.0,
2013-06-03 05:45:00+00:00,USGS-05480986,30.0,
2013-06-03 06:00:00+00:00,USGS-05480986,30.1,
2013-06-03 06:15:00+00:00,USGS-05480986,30.1,
2013-06-03 06:30:00+00:00,USGS-05480986,30.1,
2013-06-03 06:45:00+00:00,USGS-05480986,30.1,
2013-06-03 07:00:00+00:00,USGS-05480986,30.0,
2013-06-03 07:15:00+00:00,USGS-05480986,30.1,
2013-06-03 07:30:00+00:00,USGS-05480986,30.1,
2013-06-03 07:45:00+00:00,USGS-05480986,30.1,
2013-06-03 08:00:00+00:00,USGS-05480986,30.1,
2013-06-03 08:15:00+00:00,USGS-05480986,30.1,
2013-06-03 08:30:00+00:00,USGS-05480986,30.1,
2013-06-03 08:45:00+00:00,USGS-05480986,30.1,
2013-06-03 09:00:00+00:00,USGS-05480986,30.1,
2013-06-03 09:15:00+00:00,USGS-05480986,30.2,
2013-06-03 09:30:00+00:00,USGS-05480986,30.2,
2013-06-03 09:45:00+00:00,USGS-05480986,30.2,
2013-06-03 10:00:00+00:00,USGS-05480986,30.2,
2013-06-03 10:15:00+00:00,USGS-05480986,30.2,
2013-06-03 10:30:00+00:00,USGS-05480986,30.2,
2013-06-03 10:45:00+00:00,USGS-05480986,30.2,
2013-06-03 11:00:00+00:00,USGS-05480986,30.2,
2013-06-03 11:15:00+00:00,USGS-05480986,30.2,
2013-06-03 11:30:00+00:00,USGS-05480986,30.2,
2013-06-03 11:45:00+00:00,USGS-05480986,30.2,
2013-06-03 12:00:00+00:00,USGS-05480986,30.2,
2013-06-03 12:15:00+00:00,USGS-05480986,30.2,
2013-06-03 12:30:00+00:00,USGS-05480986,30.3,
2013-06-03 12:45:00+00:00,USGS-05480986,30.2,
2013-06-03 13:00:00+00:00,USGS-05480986,30.2,
2013-06-03 13:15:00+00:00,USGS-05480986,30.2,
2013-06-03 13:30:00+00:00,USGS-05480986,30.2,
2013-06-03 13:45:00+00:00,USGS-05480986,30.3,
2013-06-03 14:00:00+00:00,USGS-05480986,30.2,
2013-06-03 14:45:00+00:00,USGS-05480986,30.3,
2013-06-03 15:00:00+00:00,USGS-05480986,30.4,
2013-06-03 15:15:00+00:00,USGS-05480986,30.4,
2013-06-03 15:30:00+00:00,USGS-05480986,30.4,
2013-06-03 15:45:00+00:00,USGS-05480986,30.4,
2013-06-03 16:00:00+00:00,USGS-05480986,30.4,
2013-06-03 16:15:00+00:00,USGS-05480986,30.5,
2013-06-03 16:30:00+00:00,USGS-05480986,30.5,
2013-06-03 16:45:00+00:00,USGS-05480986,30.5,
2013-06-03 17:00:00+00:00,USGS-05480986,30.5,
2013-06-03 17:15:00+00:00,USGS-05480986,30.6,
2013-06-03 17:30:00+00:00,USGS-05480986,30.6,
2013-06-03 17:45:00+00:00,USGS-05480986,30.6,
2013-06-03 18:00:00+00:00,USGS-05480986,30.7,
2013-06-03 18:15:00+00:00,USGS-05480986,30.6,
2013-06-03 18:30:00+00:00,USGS-05480986,30.6,
2013-06-03 18:45:00+00:00,USGS-05480986,30.7,
2013-06-03 19:00:00+00:00,USGS-05480986,30.7,
2013-06-03 19:15:00+00:00,USGS-05480986,30.8,
2013-06-03 19:30:00+00:00,USGS-05480986,30.8,
2013-06-03 19:45:00+00:00,USGS-05480986,30.8,
2013-06-03 20:00:00+00:00,USGS-05480986,30.8,
2013-06-03 20:15:00+00:00,USGS-05480986,30.8,
2013-06-03 20:30:00+00:00,USGS-05480986,30.8,
2013-06-03 20:45:00+00:00,USGS-05480986,30.8,
2013-06-03 21:00:00+00:00,USGS-05480986,30.9,
2013-06-03 21:15:00+00:00,USGS-05480986,30.8,
2013-06-03 21:30:00+00:00,USGS-05480986,30.9,
2013-06-03 21:45:00+00:00,USGS-05480986,30.9,
2013-06-03 22:00:00+00:00,USGS-05480986,30.9,
2013-06-03 22:15:00+00:00,USGS-05480986,31.0,
2013-06-03 22:30:00+00:00,USGS-05480986,30.9,
2013-06-03 22:45:00+00:00,USGS-05480986,31.0,
2013-06-03 23:00:00+00:00,USGS-05480986,31.0,
2013-06-03 23:15:00+00:00,USGS-05480986,31.0,
2013-06-03 23:30:00+00:00,USGS-05480986,31.0,
2013-06-03 23:45:00+00:00,USGS-05480986,31.0,
2013-06-04 00:00:00+00:00,USGS-05480986,31.1,
2013-06-04 00:15:00+00:00,USGS-05480986,31.0,
2013-06-04 00:30:00+00:00,USGS-05480986,31.1,
2013-06-04 00:45:00+00:00,USGS-05480986,31.1,
2013-06-04 01:00:00+00:00,USGS-05480986,31.1,
2013-06-04 01:15:00+00:00,USGS-05480986,31.1,
2013-06-04 01:30:00+00:00,USGS-05480986,31.1,
2013-06-04 01:45:00+00:00,USGS-05480986,31.1,
2013-06-04 02:00:00+00:00,USGS-05480986,31.1,
2013-06-04 02:15:00+00:00,USGS-05480986,31.1,
2013-06-04 02:30:00+00:00,USGS-05480986,31.1,
2013-06-04 02:45:00+00:00,USGS-05480986,31.1,
2013-06-04 03:00:00+00:00,USGS-05480986,31.1,
2013-06-04 03:15:00+00:00,USGS-05480986,31.2,
2013-06-04 03:30:00+00:00,USGS-05480986,31.2,
2013-06-04 03:45:00+00:00,USGS-05480986,31.2,
2013-06-04 04:00:00+00:00,USGS-05480986,31.3,
2013-06-04 04:15:00+00:00,USGS-05480986,31.3,
2013-06-04 04:30:00+00:00,USGS-05480986,31.3,
2013-06-04 04:45:00+00:00,USGS-05480986,31.3,
2013-06-04 05:00:00+00:00,USGS-05480986,31.3,16.0
2013-06-04 05:15:00+00:00,USGS-05480986,31.4,16.0
2013-06-04 05:30:00+00:00,USGS-05480986,31.4,16.0
2013-06-04 05:45:00+00:00,USGS-05480986,31.4,16.9
2013-06-04 06:00:00+00:00,USGS-05480986,31.4,16.0
2013-06-04 06:15:00+00:00,USGS-05480986,31.4,16.0
2013-06-04 06:30:00+00:00,USGS-05480986,31.5,15.7
2013-06-04 06:45:00+00:00,USGS-05480986,31.5,15.7
2013-06-04 07:00:00+00:00,USGS-05480986,31.5,15.7
2013-06-04 07:15:00+00:00,USGS-05480986,31.5,16.0
2013-06-04 07:30:00+00:00,USGS-05480986,31.5,15.7
2013-06-04 07:45:00+00:00,USGS-05480986,31.5,15.7
2013-06-04 08:00:00+00:00,USGS-05480986,31.5,15.7
2013-06-04 08:15:00+00:00,USGS-05480986,31.5,15.4
2013-06-04 08:30:00+00:00,USGS-05480986,31.5,15.4
2013-06-04 08:45:00+00:00,USGS-05480986,31.5,15.4
2013-06-04 09:00:00+00:00,USGS-05480986,31.5,15.4
2013-06-04 09:15:00+00:00,USGS-05480986,31.6,15.4
2013-06-04 09:30:00+00:00,USGS-05480986,31.6,15.4
2013-06-04 09:45:00+00:00,USGS-05480986,31.6,15.4
2013-06-04 10:00:00+00:00,USGS-05480986,31.6,15.4
2013-06-04 10:15:00+00:00,USGS-05480986,31.6,15.4
2013-06-04 10:30:00+00:00,USGS-05480986,31.6,15.4
2013-06-04 10:45:00+00:00,USGS-05480986,31.6,15.4
2013-06-04 11:00:00+00:00,USGS-05480986,31.6,15.1
2013-06-04 11:15:00+00:00,USGS-05480986,31.6,15.4
2013-06-04 11:30:00+00:00,USGS-05480986,31.6,15.1
2013-06-04 11:45:00+00:00,USGS-05480986,31.5,15.4
2013-06-04 12:00:00+00:00,USGS-05480986,31.5,15.4
2013-06-04 12:15:00+00:00,USGS-05480986,31.4,15.4
2013-06-04 12:30:00+00:00,USGS-05480986,31.3,15.4
2013-06-04 12:45:00+00:00,USGS-05480986,31.3,15.4
2013-06-04 13:00:00+00:00,USGS-05480986,31.1,15.7
2013-06-04 13:15:00+00:00,USGS-05480986,31.1,15.7
2013-06-04 13:30:00+00:00,USGS-05480986,31.1,15.7
2013-06-04 13:45:00+00:00,USGS-05480986,31.1,16.0
2013-06-04 14:00:00+00:00,USGS-05480986,31.1,15.7
2013-06-04 14:15:00+00:00,USGS-05480986,31.1,15.4
2013-06-04 14:30:00+00:00,USGS-05480986,31.1,15.4
2013-06-04 14:45:00+00:00,USGS-05480986,31.2,15.4
2013-06-04 15:00:00+00:00,USGS-05480986,31.2,15.4
2013-06-04 15:15:00+00:00,USGS-05480986,31.2,15.4
2013-06-04 15:30:00+00:00,USGS-05480986,31.2,15.4
2013-06-04 15:45:00+00:00,USGS-05480986,31.2,15.7
2013-06-04 16:00:00+00:00,USGS-05480986,31.3,15.4
2013-06-04 16:15:00+00:00,USGS-05480986,31.2,15.4
2013-06-04 16:30:00+00:00,USGS-05480986,31.2,15.4
2013-06-04 16:45:00+00:00,USGS-05480986,31.3,15.1
2013-06-04 17:00:00+00:00,USGS-05480986,31.3,14.8
2013-06-04 17:15:00+00:00,USGS-05480986,31.2,15.1
2013-06-04 17:30:00+00:00,USGS-05480986,31.2,15.1
2013-06-04 17:45:00+00:00,USGS-05480986,31.3,15.1
2013-06-04 18:00:00+00:00,USGS-05480986,31.3,15.1
2013-06-04 18:15:00+00:00,USGS-05480986,31.3,15.1
2013-06-04 18:30:00+00:00,USGS-05480986,31.3,15.1
2013-06-04 18:45:00+00:00,USGS-05480986,31.3,15.1
2013-06-04 19:00:00+00:00,USGS-05480986,31.3,15.1
2013-06-04 19:15:00+00:00,USGS-05480986,31.4,15.1
2013-06-04 19:30:00+00:00,USGS-05480986,31.4,14.8
2013-06-04 19:45:00+00:00,USGS-05480986,31.4,14.8
2013-06-04 20:00:00+00:00,USGS-05480986,31.4,14.8
2013-06-04 20:15:00+00:00,USGS-05480986,31.4,14.8
2013-06-04 20:30:00+00:00,USGS-05480986,31.5,15.1
2013-06-04 20:45:00+00:00,USGS-05480986,31.4,14.8
2013-06-04 21:00:00+00:00,USGS-05480986,31.4,14.8
2013-06-04 21:15:00+00:00,USGS-05480986,31.5,14.8
2013-06-04 21:30:00+00:00,USGS-05480986,31.5,14.8
2013-06-04 21:45:00+00:00,USGS-05480986,31.5,14.8
2013-06-04 22:00:00+00:00,USGS-05480986,31.5,14.8
2013-06-04 22:15:00+00:00,USGS-05480986,31.6,14.8
2013-06-04 22:30:00+00:00,USGS-05480986,31.6,14.8
2013-06-04 22:45:00+00:00,USGS-05480986,31.6,14.5
2013-06-04 23:00:00+00:00,USGS-05480986,31.6,14.5
2013-06-04 23:15:00+00:00,USGS-05480986,31.6,14.5
2013-06-04 23:30:00+00:00,USGS-05480986,31.6,14.5
2013-06-04 23:45:00+00:00,USGS-05480986,31.5,14.5
2013-06-05 00:00:00+00:00,USGS-05480986,31.5,14.8
2013-06-05 00:15:00+00:00,USGS-05480986,31.5,14.5
2013-06-05 00:30:00+00:00,USGS-05480986,31.4,14.8
2013-06-05 00:45:00+00:00,USGS-05480986,31.5,14.5
2013-06-05 01:00:00+00:00,USGS-05480986,31.5,14.5
2013-06-05 01:15:00+00:00,USGS-05480986,31.5,14.5
2013-06-05 01:30:00+00:00,USGS-05480986,31.5,14.5
2013-06-05 01:45:00+00:00,USGS-05480986,31.5,14.5
2013-06-05 02:00:00+00:00,USGS-05480986,31.5,14.5
2013-06-05 02:15:00+00:00,USGS-05480986,31.5,14.5
2013-06-05 02:30:00+00:00,USGS-05480986,31.6,14.5
2013-06-05 02:45:00+00:00,USGS-05480986,31.6,14.2
2013-06-05 03:00:00+00:00,USGS-05480986,31.6,14.2
2013-06-05 03:15:00+00:00,USGS-05480986,31.6,14.2
2013-06-05 03:30:00+00:00,USGS-05480986,31.6,14.2
2013-06-05 03:45:00+00:00,USGS-05480986,31.6,14.2
2013-06-05 04:00:00+00:00,USGS-05480986,31.6,14.2
2013-06-05 04:15:00+00:00,USGS-05480986,31.6,14.2
2013-06-05 04:30:00+00:00,USGS-05480986,31.7,14.0
2013-06-05 04:45:00+00:00,USGS-05480986,31.7,14.2
2013-06-05 05:00:00+00:00,USGS-05480986,31.7,14.2
2013-06-05 05:15:00+00:00,USGS-05480986,31.7,14.0
2013-06-05 05:30:00+00:00,USGS-05480986,31.7,14.2
2013-06-05 05:45:00+00:00,USGS-05480986,31.7,14.2
2013-06-05 06:00:00+00:00,USGS-05480986,31.7,14.2
2013-06-05 06:15:00+00:00,USGS-05480986,31.7,14.2
2013-06-05 06:30:00+00:00,USGS-05480986,31.7,14.0
2013-06-05 06:45:00+00:00,USGS-05480986,31.7,14.0
2013-06-05 07:00:00+00:00,USGS-05480986,31.7,14.0
2013-06-05 07:15:00+00:00,USGS-05480986,31.7,14.0
2013-06-05 07:30:00+00:00,USGS-05480986,31.8,14.0
2013-06-05 07:45:00+00:00,USGS-05480986,31.8,14.0
2013-06-05 08:00:00+00:00,USGS-05480986,31.8,14.0
2013-06-05 08:15:00+00:00,USGS-05480986,31.8,14.2
2013-06-05 08:30:00+00:00,USGS-05480986,31.9,14.0
2013-06-05 08:45:00+00:00,USGS-05480986,31.9,14.0
2013-06-05 09:00:00+00:00,USGS-05480986,31.9,14.0
2013-06-05 09:15:00+00:00,USGS-05480986,31.9,14.0
2013-06-05 09:30:00+00:00,USGS-05480986,31.9,14.0
2013-06-05 09:45:00+00:00,USGS-05480986,31.9,14.0
2013-06-05 10:00:00+00:00,USGS-05480986,31.9,14.0
2013-06-05 10:15:00+00:00,USGS-05480986,31.9,14.0
2013-06-05 10:30:00+00:00,USGS-05480986,31.9,14.0
2013-06-05 10:45:00+00:00,USGS-05480986,31.9,14.0
2013-06-05 11:00:00+00:00,USGS-05480986,31.9,14.0
2013-06-05 11:15:00+00:00,USGS-05480986,31.9,14.2
2013-06-05 11:30:00+00:00,USGS-05480986,31.9,14.0
2013-06-05 11:45:00+00:00,USGS-05480986,31.9,14.0
2013-06-05 12:00:00+00:00,USGS-05480986,31.9,14.0
2013-06-05 12:15:00+00:00,USGS-05480986,31.9,14.0
2013-06-05 12:30:00+00:00,USGS-05480986,31.9,14.0
2013-06-05 12:45:00+00:00,USGS-05480986,32.0,14.0
2013-06-05 13:00:00+00:00,USGS-05480986,32.0,14.0
2013-06-05 13:15:00+00:00,USGS-05480986,32.0,13.7
2013-06-05 13:30:00+00:00,USGS-05480986,32.0,14.0
2013-06-05 13:45:00+00:00,USGS-05480986,32.0,14.0
2013-06-05 14:00:00+00:00,USGS-05480986,32.0,13.7
2013-06-05 14:15:00+00:00,USGS-05480986,32.1,13.7
2013-06-05 14:30:00+00:00,USGS-05480986,32.1,13.7
2013-06-05 14:45:00+00:00,USGS-05480986,32.0,13.7
2013-06-05 15:00:00+00:00,USGS-05480986,32.0,14.0
2013-06-05 15:15:00+00:00,USGS-05480986,32.1,13.7
2013-06-05 15:30:00+00:00,USGS-05480986,32.1,13.7
2013-06-05 15:45:00+00:00,USGS-05480986,32.1,13.7
2013-06-05 16:00:00+00:00,USGS-05480986,32.1,13.7
2013-06-05 16:15:00+00:00,USGS-05480986,32.1,13.7
2013-06-05 16:30:00+00:00,USGS-05480986,32.1,13.7
2013-06-05 16:45:00+00:00,USGS-05480986,32.1,13.4
2013-06-05 17:00:00+00:00,USGS-05480986,32.1,13.4
2013-06-05 17:15:00+00:00,USGS-05480986,32.1,13.7
2013-06-05 17:30:00+00:00,USGS-05480986,32.1,13.4
2013-06-05 17:45:00+00:00,USGS-05480986,32.1,13.7
2013-06-05 18:00:00+00:00,USGS-05480986,32.1,13.4
2013-06-05 18:15:00+00:00,USGS-05480986,32.1,13.4
2013-06-05 18:30:00+00:00,USGS-05480986,32.1,13.4
2013-06-05 18:45:00+00:00,USGS-05480986,32.1,13.4
2013-06-05 19:00:00+00:00,USGS-05480986,32.2,13.7
2013-06-05 19:15:00+00:00,USGS-05480986,32.2,13.4
2013-06-05 19:30:00+00:00,USGS-05480986,32.2,13.4
2013-06-05 19:45:00+00:00,USGS-05480986,32.2,13.4
2013-06-05 20:00:00+00:00,USGS-05480986,32.2,13.4
2013-06-05 20:15:00+00:00,USGS-05480986,32.2,13.4
2013-06-05 20:30:00+00:00,USGS-05480986,32.2,13.4
2013-06-05 20:45:00+00:00,USGS-05480986,32.2,13.4
2013-06-05 21:00:00+00:00,USGS-05480986,32.2,13.4
2013-06-05 21:15:00+00:00,USGS-05480986,32.2,13.4
2013-06-05 21:30:00+00:00,USGS-05480986,32.2,13.4
2013-06-05 21:45:00+00:00,USGS-05480986,32.2,13.4
2013-06-05 22:00:00+00:00,USGS-05480986,32.3,13.1
2013-06-05 22:15:00+00:00,USGS-05480986,32.3,13.4
2013-06-05 22:30:00+00:00,USGS-05480986,32.3,13.1
2013-06-05 22:45:00+00:00,USGS-05480986,32.3,13.4
2013-06-05 23:00:00+00:00,USGS-05480986,32.3,13.4
2013-06-05 23:15:00+00:00,USGS-05480986,32.4,13.1
2013-06-05 23:30:00+00:00,USGS-05480986,32.4,13.1
2013-06-05 23:45:00+00:00,USGS-05480986,32.4,13.4
2013-06-06 00:00:00+00:00,USGS-05480986,32.4,13.1
2013-06-06 00:15:00+00:00,USGS-05480986,32.4,13.4
2013-06-06 00:30:00+00:00,USGS-05480986,32.4,13.4
2013-06-06 00:45:00+00:00,USGS-05480986,32.4,13.1
2013-06-06 01:00:00+00:00,USGS-05480986,32.4,13.1
2013-06-06 01:15:00+00:00,USGS-05480986,32.4,13.4
2013-06-06 01:30:00+00:00,USGS-05480986,32.4,13.1
2013-06-06 01:45:00+00:00,USGS-05480986,32.4,13.1
2013-06-06 02:00:00+00:00,USGS-05480986,32.4,13.4
2013-06-06 02:15:00+00:00,USGS-05480986,32.4,13.1
2013-06-06 02:30:00+00:00,USGS-05480986,32.4,13.1
2013-06-06 02:45:00+00:00,USGS-05480986,32.4,13.1
2013-06-06 03:00:00+00:00,USGS-05480986,32.4,13.1
2013-06-06 03:15:00+00:00,USGS-05480986,32.4,13.1
2013-06-06 03:30:00+00:00,USGS-05480986,32.4,13.1
2013-06-06 03:45:00+00:00,USGS-05480986,32.4,13.1
2013-06-06 04:00:00+00:00,USGS-05480986,32.4,13.1
2013-06-06 04:15:00+00:00,USGS-05480986,32.4,13.1
2013-06-06 04:30:00+00:00,USGS-05480986,32.4,13.1
2013-06-06 04:45:00+00:00,USGS-05480986,32.4,12.9
2013-06-06 05:00:00+00:00,USGS-05480986,32.4,13.1
2013-06-06 05:15:00+00:00,USGS-05480986,32.4,13.1
2013-06-06 05:30:00+00:00,USGS-05480986,32.4,13.1
2013-06-06 05:45:00+00:00,USGS-05480986,32.5,13.1
2013-06-06 06:00:00+00:00,USGS-05480986,32.4,13.1
2013-06-06 06:15:00+00:00,USGS-05480986,32.5,13.1
2013-06-06 06:30:00+00:00,USGS-05480986,32.5,13.1
2013-06-06 06:45:00+00:00,USGS-05480986,32.4,12.9
2013-06-06 07:00:00+00:00,USGS-05480986,32.5,12.9
2013-06-06 07:15:00+00:00,USGS-05480986,32.5,12.9
2013-06-06 07:30:00+00:00,USGS-05480986,32.5,12.9
2013-06-06 07:45:00+00:00,USGS-05480986,32.5,12.9
2013-06-06 08:00:00+00:00,USGS-05480986,32.5,12.9
2013-06-06 08:15:00+00:00,USGS-05480986,32.5,12.9
2013-06-06 08:30:00+00:00,USGS-05480986,32.5,12.9
2013-06-06 08:45:00+00:00,USGS-05480986,32.5,12.9
2013-06-06 09:00:00+00:00,USGS-05480986,32.5,12.9
2013-06-06 09:15:00+00:00,USGS-05480986,32.5,12.9
2013-06-06 09:30:00+00:00,USGS-05480986,32.5,12.9
2013-06-06 09:45:00+00:00,USGS-05480986,32.5,12.9
2013-06-06 10:00:00+00:00,USGS-05480986,32.5,12.9
2013-06-06 10:15:00+00:00,USGS-05480986,32.5,12.9
2013-06-06 10:30:00+00:00,USGS-05480986,32.5,12.9
2013-06-06 10:45:00+00:00,USGS-05480986,32.5,12.9
2013-06-06 11:00:00+00:00,USGS-05480986,32.5,12.9
2013-06-06 11:15:00+00:00,USGS-05480986,32.5,12.9
2013-06-06 11:30:00+00:00,USGS-05480986,32.5,12.9
2013-06-06 11:45:00+00:00,USGS-05480986,32.5,12.6
2013-06-06 12:00:00+00:00,USGS-05480986,32.5,12.6
2013-06-06 12:15:00+00:00,USGS-05480986,32.5,12.9
2013-06-06 12:30:00+00:00,USGS-05480986,32.5,12.9
2013-06-06 12:45:00+00:00,USGS-05480986,32.5,12.9
2013-06-06 13:00:00+00:00,USGS-05480986,32.5,12.6
2013-06-06 13:15:00+00:00,USGS-05480986,32.6,12.9
2013-06-06 13:30:00+00:00,USGS-05480986,32.6,12.9
2013-06-06 13:45:00+00:00,USGS-05480986,32.6,12.6
2013-06-06 14:00:00+00:00,USGS-05480986,32.6,12.6
2013-06-06 14:15:00+00:00,USGS-05480986,32.6,12.6
2013-06-06 14:30:00+00:00,USGS-05480986,32.6,12.6
2013-06-06 14:45:00+00:00,USGS-05480986,32.6,12.6
2013-06-06 15:00:00+00:00,USGS-05480986,32.6,12.6
2013-06-06 15:15:00+00:00,USGS-05480986,32.6,12.6
2013-06-06 15:30:00+00:00,USGS-05480986,32.6,12.4
2013-06-06 15:45:00+00:00,USGS-05480986,32.6,12.6
2013-06-06 16:00:00+00:00,USGS-05480986,32.6,12.6
2013-06-06 16:15:00+00:00,USGS-05480986,32.6,12.6
2013-06-06 16:30:00+00:00,USGS-05480986,32.6,12.4
2013-06-06 16:45:00+00:00,USGS-05480986,32.6,12.4
2013-06-06 17:00:00+00:00,USGS-05480986,32.6,12.4
2013-06-06 17:15:00+00:00,USGS-05480986,32.6,12.4
2013-06-06 17:30:00+00:00,USGS-05480986,32.6,12.4
2013-06-06 17:45:00+00:00,USGS-05480986,32.6,12.4
2013-06-06 18:00:00+00:00,USGS-05480986,32.6,12.4
2013-06-06 18:15:00+00:00,USGS-05480986,32.6,12.1
2013-06-06 18:30:00+00:00,USGS-05480986,32.7,12.4
2013-06-06 18:45:00+00:00,USGS-05480986,32.7,12.1
2013-06-06 19:00:00+00:00,USGS-05480986,32.7,12.1
2013-06-06 19:15:00+00:00,USGS-05480986,32.7,12.1
2013-06-06 19:30:00+00:00,USGS-05480986,32.7,12.1
2013-06-06 19:45:00+00:00,USGS-05480986,32.7,12.1
2013-06-06 20:00:00+00:00,USGS-05480986,32.7,11.9
2013-06-06 20:15:00+00:00,USGS-05480986,32.7,11.9
2013-06-06 20:30:00+00:00,USGS-05480986,32.7,11.9
2013-06-06 20:45:00+00:00,USGS-05480986,32.7,11.9
2013-06-06 21:00:00+00:00,USGS-05480986,32.7,11.9
2013-06-06 21:15:00+00:00,USGS-05480986,32.7,11.9
2013-06-06 21:30:00+00:00,USGS-05480986,32.7,11.6
2013-06-06 21:45:00+00:00,USGS-05480986,32.7,11.9
2013-06-06 22:00:00+00:00,USGS-05480986,32.7,11.6
2013-06-06 22:15:00+00:00,USGS-05480986,32.7,11.6
2013-06-06 22:30:00+00:00,USGS-05480986,32.8,11.6
2013-06-06 22:45:00+00:00,USGS-05480986,32.8,11.6
2013-06-06 23:00:00+00:00,USGS-05480986,32.9,11.4
2013-06-06 23:15:00+00:00,USGS-05480986,32.9,11.4
2013-06-06 23:30:00+00:00,USGS-05480986,32.9,11.4
2013-06-06 23:45:00+00:00,USGS-05480986,32.9,11.4
2013-06-07 00:00:00+00:00,USGS-05480986,32.9,11.4
2013-06-07 00:15:00+00:00,USGS-05480986,33.0,11.1
2013-06-07 00:30:00+00:00,USGS-05480986,33.0,11.1
2013-06-07 00:45:00+00:00,USGS-05480986,33.1,11.1
2013-06-07 01:00:00+00:00,USGS-05480986,33.1,11.1
2013-06-07 01:15:00+00:00,USGS-05480986,33.1,11.1
2013-06-07 01:30:00+00:00,USGS-05480986,33.2,10.9
2013-06-07 01:45:00+00:00,USGS-05480986,33.2,10.9
2013-06-07 02:00:00+00:00,USGS-05480986,33.3,10.9
2013-06-07 02:15:00+00:00,USGS-05480986,33.3,10.9
2013-06-07 02:30:00+00:00,USGS-05480986,33.4,10.9
2013-06-07 02:45:00+00:00,USGS-05480986,33.4,10.9
2013-06-07 03:00:00+00:00,USGS-05480986,33.5,10.9
2013-06-07 03:15:00+00:00,USGS-05480986,33.5,10.9
2013-06-07 03:30:00+00:00,USGS-05480986,33.5,10.9
2013-06-07 03:45:00+00:00,USGS-05480986,33.5,10.9
2013-06-07 04:00:00+00:00,USGS-05480986,33.6,10.6
2013-06-07 04:15:00+00:00,USGS-05480986,33.6,10.9
2013-06-07 04:30:00+00:00,USGS-05480986,33.7,10.6
2013-06-07 04:45:00+00:00,USGS-05480986,33.7,10.6
2013-06-07 05:00:00+00:00,USGS-05480986,33.7,10.6
2013-06-07 05:15:00+00:00,USGS-05480986,33.8,10.6
2013-06-07 05:30:00+00:00,USGS-05480986,33.9,10.6
2013-06-07 05:45:00+00:00,USGS-05480986,34.0,10.6
2013-06-07 06:00:00+00:00,USGS-05480986,34.1,10.6
2013-06-07 06:15:00+00:00,USGS-05480986,34.2,10.6
2013-06-07 06:30:00+00:00,USGS-05480986,34.4,10.6
2013-06-07 06:45:00+00:00,USGS-05480986,34.4,10.6
2013-06-07 07:00:00+00:00,USGS-05480986,34.6,10.6
2013-06-07 07:15:00+00:00,USGS-05480986,34.8,10.6
2013-06-07 07:30:00+00:00,USGS-05480986,34.8,10.6
2013-06-07 07:45:00+00:00,USGS-05480986,34.9,10.4
2013-06-07 08:00:00+00:00,USGS-05480986,34.9,10.4
2013-06-07 08:15:00+00:00,USGS-05480986,35.0,10.4
2013-06-07 08:30:00+00:00,USGS-05480986,35.1,10.6
2013-06-07 08:45:00+00:00,USGS-05480986,35.1,10.6
2013-06-07 09:00:00+00:00,USGS-05480986,35.1,10.6
2013-06-07 09:15:00+00:00,USGS-05480986,35.2,10.4
2013-06-07 09:30:00+00:00,USGS-05480986,35.2,10.4
2013-06-07 09:45:00+00:00,USGS-05480986,35.2,10.4
2013-06-07 10:00:00+00:00,USGS-05480986,35.3,10.4
2013-06-07 10:15:00+00:00,USGS-05480986,35.3,10.4
2013-06-07 10:30:00+00:00,USGS-05480986,35.3,10.4
2013-06-07 10:45:00+00:00,USGS-05480986,35.3,10.4
2013-06-07 11:00:00+00:00,USGS-05480986,35.3,10.4
2013-06-07 11:15:00+00:00,USGS-05480986,35.4,10.4
2013-06-07 11:30:00+00:00,USGS-05480986,35.4,10.4
2013-06-07 11:45:00+00:00,USGS-05480986,35.4,10.4
2013-06-07 12:00:00+00:00,USGS-05480986,35.4,10.4
2013-06-07 12:15:00+00:00,USGS-05480986,35.4,10.2
2013-06-07 12:30:00+00:00,USGS-05480986,35.4,10.4
2013-06-07 12:45:00+00:00,USGS-05480986,35.4,10.6
2013-06-07 13:00:00+00:00,USGS-05480986,35.5,10.2
2013-06-07 13:15:00+00:00,USGS-05480986,35.5,10.2
2013-06-07 13:30:00+00:00,USGS-05480986,35.6,10.2
2013-06-07 13:45:00+00:00,USGS-05480986,35.6,10.2
2013-06-07 14:00:00+00:00,USGS-05480986,35.6,10.2
2013-06-07 14:15:00+00:00,USGS-05480986,35.6,10.2
2013-06-07 14:30:00+00:00,USGS-05480986,35.6,9.91
2013-06-07 14:45:00+00:00,USGS-05480986,35.6,9.91
2013-06-07 15:00:00+00:00,USGS-05480986,35.6,9.91
2013-06-07 15:15:00+00:00,USGS-05480986,35.6,9.91
2013-06-07 15:30:00+00:00,USGS-05480986,35.6,9.91
2013-06-07 15:45:00+00:00,USGS-05480986,35.6,9.91
2013-06-07 16:00:00+00:00,USGS-05480986,35.6,9.91
2013-06-07 16:15:00+00:00,USGS-05480986,35.6,9.91
2013-06-07 16:30:00+00:00,USGS-05480986,35.6,9.91
2013-06-07 16:45:00+00:00,USGS-05480986,35.6,9.64
2013-06-07 17:00:00+00:00,USGS-05480986,35.6,9.91
2013-06-07 17:15:00+00:00,USGS-05480986,35.7,9.64
2013-06-07 17:30:00+00:00,USGS-05480986,35.6,9.64
2013-06-07 17:45:00+00:00,USGS-05480986,35.7,9.64
2013-06-07 18:00:00+00:00,USGS-05480986,35.7,9.91
2013-06-07 18:15:00+00:00,USGS-05480986,35.7,9.64
2013-06-07 18:30:00+00:00,USGS-05480986,35.7,9.64
2013-06-07 18:45:00+00:00,USGS-05480986,35.7,9.64
2013-06-07 19:00:00+00:00,USGS-05480986,35.8,9.64
2013-06-07 19:15:00+00:00,USGS-05480986,35.8,9.64
2013-06-07 19:30:00+00:00,USGS-05480986,35.8,9.64
2013-06-07 19:45:00+00:00,USGS-05480986,35.9,9.64
2013-06-07 20:00:00+00:00,USGS-05480986,35.9,9.64
2013-06-07 20:15:00+00:00,USGS-05480986,35.9,9.64
2013-06-07 20:30:00+00:00,USGS-05480986,35.9,9.64
2013-06-07 20:45:00+00:00,USGS-05480986,35.9,9.64
2013-06-07 21:00:00+00:00,USGS-05480986,35.9,9.64
2013-06-07 21:15:00+00:00,USGS-05480986,35.9,9.64
2013-06-07 21:30:00+00:00,USGS-05480986,35.9,9.64
2013-06-07 21:45:00+00:00,USGS-05480986,35.9,9.38
2013-06-07 22:00:00+00:00,USGS-05480986,35.9,9.64
2013-06-07 22:15:00+00:00,USGS-05480986,35.9,9.38
2013-06-07 22:30:00+00:00,USGS-05480986,35.9,9.38
2013-06-07 22:45:00+00:00,USGS-05480986,35.9,9.38
2013-06-07 23:00:00+00:00,USGS-05480986,35.9,9.38
2013-06-07 23:15:00+00:00,USGS-05480986,36.0,9.38
2013-06-07 23:30:00+00:00,USGS-05480986,36.0,9.38
2013-06-07 23:45:00+00:00,USGS-05480986,36.0,9.38
2013-06-08 00:00:00+00:00,USGS-05480986,36.0,9.64
2013-06-08 00:15:00+00:00,USGS-05480986,36.0,9.64
2013-06-08 00:30:00+00:00,USGS-05480986,36.0,9.38
2013-06-08 00:45:00+00:00,USGS-05480986,36.0,9.38
2013-06-08 01:00:00+00:00,USGS-05480986,36.1,9.38
2013-06-08 01:15:00+00:00,USGS-05480986,36.1,9.38
2013-06-08 01:30:00+00:00,USGS-05480986,36.1,9.64
2013-06-08 01:45:00+00:00,USGS-05480986,36.1,9.38
2013-06-08 02:00:00+00:00,USGS-05480986,36.1,9.38
2013-06-08 02:15:00+00:00,USGS-05480986,36.1,9.38
2013-06-08 02:30:00+00:00,USGS-05480986,36.1,9.38
2013-06-08 02:45:00+00:00,USGS-05480986,36.1,9.38
2013-06-08 03:00:00+00:00,USGS-05480986,36.1,9.38
2013-06-08 03:15:00+00:00,USGS-05480986,36.1,9.38
2013-06-08 03:30:00+00:00,USGS-05480986,36.1,9.38
2013-06-08 03:45:00+00:00,USGS-05480986,36.1,9.38
2013-06-08 04:00:00+00:00,USGS-05480986,36.1,9.38
2013-06-08 04:15:00+00:00,USGS-05480986,36.1,9.38
2013-06-08 04:30:00+00:00,USGS-05480986,36.1,9.38
2013-06-08 04:45:00+00:00,USGS-05480986,36.1,9.38
2013-06-08 05:00:00+00:00,USGS-05480986,36.1,9.38
2013-06-08 05:15:00+00:00,USGS-05480986,36.1,9.38
2013-06-08 05:30:00+00:00,USGS-05480986,36.1,9.38
2013-06-08 05:45:00+00:00,USGS-05480986,36.1,9.38
2013-06-08 06:00:00+00:00,USGS-05480986,36.1,9.38
2013-06-08 06:15:00+00:00,USGS-05480986,36.1,9.38
2013-06-08 06:30:00+00:00,USGS-05480986,36.1,9.38
2013-06-08 06:45:00+00:00,USGS-05480986,36.1,9.38
2013-06-08 07:00:00+00:00,USGS-05480986,36.2,9.38
2013-06-08 07:15:00+00:00,USGS-05480986,36.1,9.12
2013-06-08 07:30:00+00:00,USGS-05480986,36.1,9.12
2013-06-08 07:45:00+00:00,USGS-05480986,36.1,9.12
2013-06-08 08:00:00+00:00,USGS-05480986,36.1,9.12
2013-06-08 08:15:00+00:00,USGS-05480986,36.1,9.12
2013-06-08 08:30:00+00:00,USGS-05480986,36.1,9.12
2013-06-08 08:45:00+00:00,USGS-05480986,36.1,9.38
2013-06-08 09:00:00+00:00,USGS-05480986,36.1,9.12
2013-06-08 09:15:00+00:00,USGS-05480986,36.2,9.12
2013-06-08 09:30:00+00:00,USGS-05480986,36.1,9.12
2013-06-08 09:45:00+00:00,USGS-05480986,36.1,9.12
2013-06-08 10:00:00+00:00,USGS-05480986,36.2,9.12
2013-06-08 10:15:00+00:00,USGS-05480986,36.1,9.12
2013-06-08 10:30:00+00:00,USGS-05480986,36.2,9.12
2013-06-08 10:45:00+00:00,USGS-05480986,36.1,9.12
2013-06-08 11:00:00+00:00,USGS-05480986,36.1,9.12
2013-06-08 11:15:00+00:00,USGS-05480986,36.1,9.12
2013-06-08 11:30:00+00:00,USGS-05480986,36.1,9.12
2013-06-08 11:45:00+00:00,USGS-05480986,36.1,9.12
2013-06-08 12:00:00+00:00,USGS-05480986,36.1,9.12
2013-06-08 12:15:00+00:00,USGS-05480986,36.1,9.12
2013-06-08 12:30:00+00:00,USGS-05480986,36.1,9.12
2013-06-08 12:45:00+00:00,USGS-05480986,36.2,9.12
2013-06-08 13:00:00+00:00,USGS-05480986,36.2,9.12
2013-06-08 13:15:00+00:00,USGS-05480986,36.2,9.12
2013-06-08 13:30:00+00:00,USGS-05480986,36.2,9.12
2013-06-08 13:45:00+00:00,USGS-05480986,36.2,9.12
2013-06-08 14:00:00+00:00,USGS-05480986,36.2,9.12
2013-06-08 14:15:00+00:00,USGS-05480986,36.2,9.12
2013-06-08 14:30:00+00:00,USGS-05480986,36.2,8.87
2013-06-08 14:45:00+00:00,USGS-05480986,36.2,9.12
2013-06-08 15:00:00+00:00,USGS-05480986,36.2,9.12
2013-06-08 15:15:00+00:00,USGS-05480986,36.2,9.12
2013-06-08 15:30:00+00:00,USGS-05480986,36.2,8.87
2013-06-08 15:45:00+00:00,USGS-05480986,36.2,9.12
2013-06-08 16:00:00+00:00,USGS-05480986,36.2,8.87
2013-06-08 16:15:00+00:00,USGS-05480986,36.2,8.87
2013-06-08 16:30:00+00:00,USGS-05480986,36.2,8.87
2013-06-08 16:45:00+00:00,USGS-05480986,36.2,8.87
2013-06-08 17:00:00+00:00,USGS-05480986,36.2,8.87
2013-06-08 17:15:00+00:00,USGS-05480986,36.2,8.87
2013-06-08 17:30:00+00:00,USGS-05480986,36.2,8.87
2013-06-08 17:45:00+00:00,USGS-05480986,36.2,8.87
2013-06-08 18:00:00+00:00,USGS-05480986,36.2,8.87
2013-06-08 18:15:00+00:00,USGS-05480986,36.2,8.87
2013-06-08 18:30:00+00:00,USGS-05480986,36.2,8.87
2013-06-08 18:45:00+00:00,USGS-05480986,36.2,8.87
2013-06-08 19:00:00+00:00,USGS-05480986,36.2,8.62
2013-06-08 19:15:00+00:00,USGS-05480986,36.2,8.87
2013-06-08 19:30:00+00:00,USGS-05480986,36.2,8.62
2013-06-08 19:45:00+00:00,USGS-05480986,36.1,8.62
2013-06-08 20:00:00+00:00,USGS-05480986,36.1,8.62
2013-06-08 20:15:00+00:00,USGS-05480986,36.0,8.87
2013-06-08 20:30:00+00:00,USGS-05480986,36.0,8.87
2013-06-08 20:45:00+00:00,USGS-05480986,36.0,8.62
2013-06-08 21:00:00+00:00,USGS-05480986,36.0,8.62
2013-06-08 21:15:00+00:00,USGS-05480986,36.0,8.62
2013-06-08 21:30:00+00:00,USGS-05480986,36.0,8.62
2013-06-08 21:45:00+00:00,USGS-05480986,36.0,8.62
2013-06-08 22:00:00+00:00,USGS-05480986,36.0,8.62
2013-06-08 22:15:00+00:00,USGS-05480986,36.0,8.87
2013-06-08 22:30:00+00:00,USGS-05480986,36.0,8.62
2013-06-08 22:45:00+00:00,USGS-05480986,36.1,8.62
2013-06-08 23:00:00+00:00,USGS-05480986,36.0,8.87
2013-06-08 23:15:00+00:00,USGS-05480986,36.1,8.62
2013-06-08 23:30:00+00:00,USGS-05480986,36.2,8.62
2013-06-08 23:45:00+00:00,USGS-05480986,36.2,8.62
2013-06-09 00:00:00+00:00,USGS-05480986,36.2,8.62
2013-06-09 00:15:00+00:00,USGS-05480986,36.2,8.62
2013-06-09 00:30:00+00:00,USGS-05480986,36.2,8.62
2013-06-09 00:45:00+00:00,USGS-05480986,36.2,8.87
2013-06-09 01:00:00+00:00,USGS-05480986,36.2,8.87
2013-06-09 01:15:00+00:00,USGS-05480986,36.2,8.62
2013-06-09 01:30:00+00:00,USGS-05480986,36.2,8.62
2013-06-09 01:45:00+00:00,USGS-05480986,36.2,8.87
2013-06-09 02:00:00+00:00,USGS-05480986,36.2,8.62
2013-06-09 02:15:00+00:00,USGS-05480986,36.2,8.62
2013-06-09 02:30:00+00:00,USGS-05480986,36.2,8.62
2013-06-09 02:45:00+00:00,USGS-05480986,36.2,8.62
2013-06-09 03:00:00+00:00,USGS-05480986,36.2,8.62
2013-06-09 03:15:00+00:00,USGS-05480986,36.2,8.62
2013-06-09 03:30:00+00:00,USGS-05480986,36.2,8.62
2013-06-09 03:45:00+00:00,USGS-05480986,36.0,8.87
2013-06-09 04:00:00+00:00,USGS-05480986,36.0,8.87
2013-06-09 04:15:00+00:00,USGS-05480986,36.0,8.87
2013-06-09 04:30:00+00:00,USGS-05480986,36.0,8.87
2013-06-09 04:45:00+00:00,USGS-05480986,35.9,8.87
2013-06-09 05:00:00+00:00,USGS-05480986,36.0,8.87
2013-06-09 05:15:00+00:00,USGS-05480986,35.9,8.87
2013-06-09 05:30:00+00:00,USGS-05480986,36.0,9.12
2013-06-09 05:45:00+00:00,USGS-05480986,35.9,8.87
2013-06-09 06:00:00+00:00,USGS-05480986,36.0,8.87
2013-06-09 06:15:00+00:00,USGS-05480986,36.0,8.87
2013-06-09 06:30:00+00:00,USGS-05480986,35.9,8.87
2013-06-09 06:45:00+00:00,USGS-05480986,35.8,9.12
2013-06-09 07:00:00+00:00,USGS-05480986,35.8,8.87
2013-06-09 07:15:00+00:00,USGS-05480986,35.8,9.12
2013-06-09 07:30:00+00:00,USGS-05480986,35.8,9.12
2013-06-09 07:45:00+00:00,USGS-05480986,35.8,8.87
2013-06-09 08:00:00+00:00,USGS-05480986,35.8,8.87
2013-06-09 08:15:00+00:00,USGS-05480986,35.8,8.87
2013-06-09 08:30:00+00:00,USGS-05480986,35.8,9.12
2013-06-09 08:45:00+00:00,USGS-05480986,35.8,8.87
2013-06-09 09:00:00+00:00,USGS-05480986,35.8,9.12
2013-06-09 09:15:00+00:00,USGS-05480986,35.8,9.12
2013-06-09 09:30:00+00:00,USGS-05480986,35.8,8.87
2013-06-09 09:45:00+00:00,USGS-05480986,35.8,8.87
2013-06-09 10:00:00+00:00,USGS-05480986,35.7,8.87
2013-06-09 10:15:00+00:00,USGS-05480986,35.7,8.87
2013-06-09 10:30:00+00:00,USGS-05480986,35.7,8.87
2013-06-09 10:45:00+00:00,USGS-05480986,35.7,8.87
2013-06-09 11:00:00+00:00,USGS-05480986,35.7,8.87
2013-06-09 11:15:00+00:00,USGS-05480986,35.8,8.87
2013-06-09 11:30:00+00:00,USGS-05480986,35.8,8.87
2013-06-09 11:45:00+00:00,USGS-05480986,35.8,8.87
2013-06-09 12:00:00+00:00,USGS-05480986,35.8,8.87
2013-06-09 12:15:00+00:00,USGS-05480986,35.8,8.87
2013-06-09 12:30:00+00:00,USGS-05480986,35.7,8.87
2013-06-09 12:45:00+00:00,USGS-05480986,35.7,8.87
2013-06-09 13:00:00+00:00,USGS-05480986,35.8,8.87
2013-06-09 13:15:00+00:00,USGS-05480986,35.8,8.87
2013-06-09 13:30:00+00:00,USGS-05480986,35.8,8.87
2013-06-09 13:45:00+00:00,USGS-05480986,35.8,8.87
2013-06-09 14:00:00+00:00,USGS-05480986,35.8,8.87
2013-06-09 14:15:00+00:00,USGS-05480986,35.8,8.87
2013-06-09 14:30:00+00:00,USGS-05480986,35.8,8.87
2013-06-09 14:45:00+00:00,USGS-05480986,35.8,8.87
2013-06-09 15:00:00+00:00,USGS-05480986,35.8,8.87
2013-06-09 15:15:00+00:00,USGS-05480986,35.8,8.87
2013-06-09 15:30:00+00:00,USGS-05480986,35.8,8.87
2013-06-09 15:45:00+00:00,USGS-05480986,35.8,8.87
2013-06-09 16:00:00+00:00,USGS-05480986,35.8,8.87
2013-06-09 16:15:00+00:00,USGS-05480986,35.8,8.87
2013-06-09 16:30:00+00:00,USGS-05480986,35.9,8.87
2013-06-09 16:45:00+00:00,USGS-05480986,35.9,8.87
2013-06-09 17:00:00+00:00,USGS-05480986,35.9,8.87
2013-06-09 17:15:00+00:00,USGS-05480986,35.8,8.87
2013-06-09 17:30:00+00:00,USGS-05480986,35.8,8.87
2013-06-09 17:45:00+00:00,USGS-05480986,35.8,8.62
2013-06-09 18:00:00+00:00,USGS-05480986,35.8,8.87
2013-06-09 18:15:00+00:00,USGS-05480986,35.9,8.87
2013-06-09 18:30:00+00:00,USGS-05480986,35.9,8.62
2013-06-09 18:45:00+00:00,USGS-05480986,35.9,8.87
2013-06-09 19:00:00+00:00,USGS-05480986,35.9,8.87
2013-06-09 19:15:00+00:00,USGS-05480986,35.9,8.87
2013-06-09 19:30:00+00:00,USGS-05480986,36.0,8.62
2013-06-09 19:45:00+00:00,USGS-05480986,36.0,8.62
2013-06-09 20:00:00+00:00,USGS-05480986,36.0,8.62
2013-06-09 20:15:00+00:00,USGS-05480986,36.0,8.62
2013-06-09 20:30:00+00:00,USGS-05480986,36.0,8.62
2013-06-09 20:45:00+00:00,USGS-05480986,36.0,8.62
2013-06-09 21:00:00+00:00,USGS-05480986,36.0,8.62
2013-06-09 21:15:00+00:00,USGS-05480986,36.1,8.62
2013-06-09 21:30:00+00:00,USGS-05480986,36.1,8.62
2013-06-09 21:45:00+00:00,USGS-05480986,36.1,8.62
2013-06-09 22:00:00+00:00,USGS-05480986,36.1,8.62
2013-06-09 22:15:00+00:00,USGS-05480986,36.1,8.62
2013-06-09 22:30:00+00:00,USGS-05480986,36.1,8.62
2013-06-09 22:45:00+00:00,USGS-05480986,35.8,8.62
2013-06-09 23:00:00+00:00,USGS-05480986,35.9,8.62
2013-06-09 23:15:00+00:00,USGS-05480986,36.1,8.37
2013-06-09 23:30:00+00:00,USGS-05480986,36.1,8.62
2013-06-09 23:45:00+00:00,USGS-05480986,36.1,8.62
2013-06-10 00:00:00+00:00,USGS-05480986,36.1,8.62
2013-06-10 00:15:00+00:00,USGS-05480986,36.1,8.37
2013-06-10 00:30:00+00:00,USGS-05480986,36.1,8.37
2013-06-10 00:45:00+00:00,USGS-05480986,36.1,8.37
2013-06-10 01:00:00+00:00,USGS-05480986,36.1,8.37
2013-06-10 01:15:00+00:00,USGS-05480986,36.1,8.62
2013-06-10 01:30:00+00:00,USGS-05480986,36.1,8.62
2013-06-10 01:45:00+00:00,USGS-05480986,36.1,8.37
2013-06-10 02:00:00+00:00,USGS-05480986,36.2,8.37
2013-06-10 02:15:00+00:00,USGS-05480986,36.3,8.62
2013-06-10 02:30:00+00:00,USGS-05480986,36.3,8.37
2013-06-10 02:45:00+00:00,USGS-05480986,36.3,8.37
2013-06-10 03:00:00+00:00,USGS-05480986,36.3,8.37
2013-06-10 03:15:00+00:00,USGS-05480986,36.4,8.37
2013-06-10 03:30:00+00:00,USGS-05480986,36.4,8.37
2013-06-10 03:45:00+00:00,USGS-05480986,36.4,8.37
2013-06-10 04:00:00+00:00,USGS-05480986,36.4,8.37
2013-06-10 04:15:00+00:00,USGS-05480986,36.4,8.37
2013-06-10 04:30:00+00:00,USGS-05480986,36.4,8.37
2013-06-10 04:45:00+00:00,USGS-05480986,36.4,8.37
2013-06-10 05:00:00+00:00,USGS-05480986,,8.37
2013-06-10 05:15:00+00:00,USGS-05480986,,8.37
2013-06-10 05:30:00+00:00,USGS-05480986,,8.37
2013-06-10 05:45:00+00:00,USGS-05480986,,8.13
2013-06-10 06:00:00+00:00,USGS-05480986,,8.13
2013-06-10 06:15:00+00:00,USGS-05480986,,8.37
2013-06-10 06:30:00+00:00,USGS-05480986,,8.13
2013-06-10 06:45:00+00:00,USGS-05480986,,8.37
2013-06-10 07:00:00+00:00,USGS-05480986,,8.37
2013-06-10 07:15:00+00:00,USGS-05480986,,8.13
2013-06-10 07:30:00+00:00,USGS-05480986,,8.13
2013-06-10 07:45:00+00:00,USGS-05480986,,8.13
2013-06-10 08:00:00+00:00,USGS-05480986,,8.13
2013-06-10 08:15:00+00:00,USGS-05480986,,8.13
2013-06-10 08:30:00+00:00,USGS-05480986,,8.13
2013-06-10 08:45:00+00:00,USGS-05480986,,8.13
2013-06-10 09:00:00+00:00,USGS-05480986,,8.13
2013-06-10 09:15:00+00:00,USGS-05480986,,8.13
2013-06-10 09:30:00+00:00,USGS-05480986,,8.13
2013-06-10 09:45:00+00:00,USGS-05480986,,8.13
2013-06-10 10:00:00+00:00,USGS-05480986,,8.13
2013-06-10 10:15:00+00:00,USGS-05480986,,8.13
2013-06-10 10:30:00+00:00,USGS-05480986,,8.13
2013-06-10 10:45:00+00:00,USGS-05480986,,8.13
2013-06-10 11:00:00+00:00,USGS-05480986,,8.13
2013-06-10 11:15:00+00:00,USGS-05480986,,8.13
2013-06-10 11:30:00+00:00,USGS-05480986,,8.13
2013-06-10 11:45:00+00:00,USGS-05480986,,8.13
2013-06-10 12:00:00+00:00,USGS-05480986,,8.13
2013-06-10 12:15:00+00:00,USGS-05480986,,8.13
2013-06-10 12:30:00+00:00,USGS-05480986,,8.13
2013-06-10 12:45:00+00:00,USGS-05480986,,8.13
2013-06-10 13:00:00+00:00,USGS-05480986,,8.13
2013-06-10 13:15:00+00:00,USGS-05480986,,8.13
2013-06-10 13:30:00+00:00,USGS-05480986,,8.13
2013-06-10 13:45:00+00:00,USGS-05480986,,8.13
2013-06-10 14:00:00+00:00,USGS-05480986,,8.13
2013-06-10 14:15:00+00:00,USGS-05480986,,8.13
2013-06-10 14:30:00+00:00,USGS-05480986,,8.13
2013-06-10 14:45:00+00:00,USGS-05480986,,8.13
2013-06-10 15:00:00+00:00,USGS-05480986,,8.13
2013-06-10 15:15:00+00:00,USGS-05480986,,8.13
2013-06-10 15:30:00+00:00,USGS-05480986,,8.13
2013-06-10 15:45:00+00:00,USGS-05480986,,8.13
2013-06-10 16:00:00+00:00,USGS-05480986,,8.13
2013-06-10 16:15:00+00:00,USGS-05480986,,8.13
2013-06-10 16:30:00+00:00,USGS-05480986,,8.13
2013-06-10 16:45:00+00:00,USGS-05480986,,8.13
2013-06-10 17:00:00+00:00,USGS-05480986,,8.13
2013-06-10 17:15:00+00:00,USGS-05480986,,7.9
2013-06-10 17:30:00+00:00,USGS-05480986,,7.9
2013-06-10 17:45:00+00:00,USGS-05480986,,7.9
2013-06-10 18:00:00+00:00,USGS-05480986,,7.9
2013-06-10 18:15:00+00:00,USGS-05480986,,7.9
2013-06-10 18:30:00+00:00,USGS-05480986,,7.9
2013-06-10 18:45:00+00:00,USGS-05480986,,7.9
2013-06-10 19:00:00+00:00,USGS-05480986,,7.9
2013-06-10 19:15:00+00:00,USGS-05480986,,7.9
2013-06-10 19:30:00+00:00,USGS-05480986,,7.9
2013-06-10 19:45:00+00:00,USGS-05480986,,7.9
2013-06-10 20:00:00+00:00,USGS-05480986,,7.9
2013-06-10 20:15:00+00:00,USGS-05480986,,7.9
2013-06-10 20:30:00+00:00,USGS-05480986,,7.9
2013-06-10 20:45:00+00:00,USGS-05480986,,7.9
2013-06-10 21:00:00+00:00,USGS-05480986,,7.67
2013-06-10 21:15:00+00:00,USGS-05480986,,7.67
2013-06-10 21:30:00+00:00,USGS-05480986,,7.67
2013-06-10 21:45:00+00:00,USGS-05480986,,7.67
2013-06-10 22:00:00+00:00,USGS-05480986,,7.67
2013-06-10 22:15:00+00:00,USGS-05480986,,7.67
2013-06-10 22:30:00+00:00,USGS-05480986,,7.67
2013-06-10 22:45:00+00:00,USGS-05480986,,7.67
2013-06-10 23:00:00+00:00,USGS-05480986,,7.67
2013-06-10 23:15:00+00:00,USGS-05480986,,7.67
2013-06-10 23:30:00+00:00,USGS-05480986,,7.67
2013-06-10 23:45:00+00:00,USGS-05480986,,7.67
2013-06-11 00:00:00+00:00,USGS-05480986,,7.67
2013-06-11 00:15:00+00:00,USGS-05480986,,7.67
2013-06-11 00:30:00+00:00,USGS-05480986,,7.67
2013-06-11 00:45:00+00:00,USGS-05480986,,7.67
2013-06-11 01:00:00+00:00,USGS-05480986,,7.67
2013-06-11 01:15:00+00:00,USGS-05480986,,7.67
2013-06-11 01:30:00+00:00,USGS-05480986,,7.67
2013-06-11 01:45:00+00:00,USGS-05480986,,7.67
2013-06-11 02:00:00+00:00,USGS-05480986,,7.67
2013-06-11 02:15:00+00:00,USGS-05480986,,7.67
2013-06-11 02:30:00+00:00,USGS-05480986,,7.67
2013-06-11 02:45:00+00:00,USGS-05480986,,7.67
2013-06-11 03:00:00+00:00,USGS-05480986,,7.67
2013-06-11 03:15:00+00:00,USGS-05480986,,7.67
2013-06-11 03:30:00+00:00,USGS-05480986,,7.67
2013-06-11 03:45:00+00:00,USGS-05480986,,7.67
2013-06-11 04:00:00+00:00,USGS-05480986,,7.67
2013-06-11 04:15:00+00:00,USGS-05480986,,7.67
2013-06-11 04:30:00+00:00,USGS-05480986,,7.67
2013-06-11 04:45:00+00:00,USGS-05480986,,7.67
2013-06-11 05:00:00+00:00,USGS-05480986,,7.67
2013-06-11 05:15:00+00:00,USGS-05480986,,7.67
2013-06-11 05:30:00+00:00,USGS-05480986,,7.67
2013-06-11 05:45:00+00:00,USGS-05480986,,7.67
2013-06-11 06:00:00+00:00,USGS-05480986,,7.67
2013-06-11 06:15:00+00:00,USGS-05480986,,7.67
2013-06-11 06:30:00+00:00,USGS-05480986,,7.44
2013-06-11 06:45:00+00:00,USGS-05480986,,7.67
2013-06-11 07:00:00+00:00,USGS-05480986,,7.67
2013-06-11 07:15:00+00:00,USGS-05480986,,7.67
2013-06-11 07:30:00+00:00,USGS-05480986,,7.67
2013-06-11 07:45:00+00:00,USGS-05480986,,7.67
2013-06-11 08:00:00+00:00,USGS-05480986,,7.67
2013-06-11 08:15:00+00:00,USGS-05480986,,7.67
2013-06-11 08:30:00+00:00,USGS-05480986,,7.67
2013-06-11 08:45:00+00:00,USGS-05480986,,7.67
2013-06-11 09:00:00+00:00,USGS-05480986,,7.67
2013-06-11 09:15:00+00:00,USGS-05480986,,7.67
2013-06-11 09:30:00+00:00,USGS-05480986,,7.67
2013-06-11 09:45:00+00:00,USGS-05480986,,7.67
2013-06-11 10:00:00+00:00,USGS-05480986,,7.67
2013-06-11 10:15:00+00:00,USGS-05480986,,7.67
2013-06-11 10:30:00+00:00,USGS-05480986,,7.67
2013-06-11 10:45:00+00:00,USGS-05480986,,7.67
2013-06-11 11:00:00+00:00,USGS-05480986,,7.67
2013-06-11 11:15:00+00:00,USGS-05480986,,7.67
2013-06-11 11:30:00+00:00,USGS-05480986,,7.67
2013-06-11 11:45:00+00:00,USGS-05480986,,7.67
2013-06-11 12:00:00+00:00,USGS-05480986,,7.67
2013-06-11 12:15:00+00:00,USGS-05480986,,7.67
2013-06-11 12:30:00+00:00,USGS-05480986,,7.67
2013-06-11 12:45:00+00:00,USGS-05480986,,7.67
2013-06-11 13:00:00+00:00,USGS-05480986,,7.67
2013-06-11 13:15:00+00:00,USGS-05480986,,7.67
2013-06-11 13:30:00+00:00,USGS-05480986,,7.67
2013-06-11 13:45:00+00:00,USGS-05480986,,7.67
2013-06-11 14:00:00+00:00,USGS-05480986,,7.67
2013-06-11 14:15:00+00:00,USGS-05480986,,7.67
2013-06-11 14:30:00+00:00,USGS-05480986,,7.67
2013-06-11 14:45:00+00:00,USGS-05480986,,7.67
2013-06-11 15:00:00+00:00,USGS-05480986,,7.67
2013-06-11 15:15:00+00:00,USGS-05480986,,7.67
2013-06-11 15:30:00+00:00,USGS-05480986,,7.67
2013-06-11 15:45:00+00:00,USGS-05480986,,7.67
2013-06-11 16:00:00+00:00,USGS-05480986,,7.67
2013-06-11 16:15:00+00:00,USGS-05480986,,7.67
2013-06-11 16:30:00+00:00,USGS-05480986,,7.67
2013-06-11 16:45:00+00:00,USGS-05480986,,7.67
2013-06-11 17:00:00+00:00,USGS-05480986,,7.67
2013-06-11 17:15:00+00:00,USGS-05480986,,7.67
2013-06-11 17:30:00+00:00,USGS-05480986,,7.44
2013-06-11 17:45:00+00:00,USGS-05480986,,7.44
2013-06-11 18:00:00+00:00,USGS-05480986,,7.44
2013-06-11 18:15:00+00:00,USGS-05480986,,7.44
2013-06-11 18:30:00+00:00,USGS-05480986,,7.44
2013-06-11 18:45:00+00:00,USGS-05480986,,7.44
2013-06-11 19:00:00+00:00,USGS-05480986,,7.44
2013-06-11 19:15:00+00:00,USGS-05480986,,7.22
2013-06-11 19:30:00+00:00,USGS-05480986,,7.44
2013-06-11 19:45:00+00:00,USGS-05480986,,7.44
2013-06-11 20:00:00+00:00,USGS-05480986,,7.22
2013-06-11 20:15:00+00:00,USGS-05480986,,7.22
2013-06-11 20:30:00+00:00,USGS-05480986,,7.22
2013-06-11 20:45:00+00:00,USGS-05480986,,7.22
2013-06-11 21:00:00+00:00,USGS-05480986,,7.22
2013-06-11 21:15:00+00:00,USGS-05480986,,7.22
2013-06-11 21:30:00+00:00,USGS-05480986,,7.22
2013-06-11 21:45:00+00:00,USGS-05480986,,7.22
2013-06-11 22:00:00+00:00,USGS-05480986,,7.22
2013-06-11 22:15:00+00:00,USGS-05480986,,7.22
2013-06-11 22:30:00+00:00,USGS-05480986,,7.22
2013-06-11 22:45:00+00:00,USGS-05480986,,7.22
2013-06-11 23:00:00+00:00,USGS-05480986,,7.22
2013-06-11 23:15:00+00:00,USGS-05480986,,7.22
2013-06-11 23:30:00+00:00,USGS-05480986,,7.22
2013-06-11 23:45:00+00:00,USGS-05480986,,7.22
2013-06-12 00:00:00+00:00,USGS-05480986,,7.22
2013-06-12 00:15:00+00:00,USGS-05480986,,7.22
2013-06-12 00:30:00+00:00,USGS-05480986,,7.22
2013-06-12 00:45:00+00:00,USGS-05480986,,7.22
2013-06-12 01:00:00+00:00,USGS-05480986,,7.22
2013-06-12 01:15:00+00:00,USGS-05480986,,7.22
2013-06-12 01:30:00+00:00,USGS-05480986,,7.22
2013-06-12 01:45:00+00:00,USGS-05480986,,7.22
2013-06-12 02:00:00+00:00,USGS-05480986,,7.22
2013-06-12 02:15:00+00:00,USGS-05480986,,7.22
2013-06-12 02:30:00+00:00,USGS-05480986,,7.22
2013-06-12 02:45:00+00:00,USGS-05480986,,7.22
2013-06-12 03:00:00+00:00,USGS-05480986,,7.22
2013-06-12 03:15:00+00:00,USGS-05480986,,7.22
2013-06-12 03:30:00+00:00,USGS-05480986,,7.22
2013-06-12 03:45:00+00:00,USGS-05480986,,7.22
2013-06-12 04:00:00+00:00,USGS-05480986,,7.22
2013-06-12 04:15:00+00:00,USGS-05480986,,7.22
2013-06-12 04:30:00+00:00,USGS-05480986,,7.22
2013-06-12 04:45:00+00:00,USGS-05480986,,7.22
2013-06-12 05:00:00+00:00,USGS-05480986,,7.22
2013-06-12 05:15:00+00:00,USGS-05480986,,7.44
2013-06-12 05:30:00+00:00,USGS-05480986,,7.44
2013-06-12 05:45:00+00:00,USGS-05480986,,7.44
2013-06-12 06:00:00+00:00,USGS-05480986,,7.44
2013-06-12 06:15:00+00:00,USGS-05480986,,7.44
2013-06-12 06:30:00+00:00,USGS-05480986,,7.22
2013-06-12 06:45:00+00:00,USGS-05480986,,7.22
2013-06-12 07:00:00+00:00,USGS-05480986,,7.22
2013-06-12 07:15:00+00:00,USGS-05480986,,7.22
2013-06-12 07:30:00+00:00,USGS-05480986,,7.22
2013-06-12 07:45:00+00:00,USGS-05480986,,7.22
2013-06-12 08:00:00+00:00,USGS-05480986,,7.22
2013-06-12 08:15:00+00:00,USGS-05480986,,7.44
2013-06-12 08:30:00+00:00,USGS-05480986,,7.22
2013-06-12 08:45:00+00:00,USGS-05480986,,7.22
2013-06-12 09:00:00+00:00,USGS-05480986,,7.44
2013-06-12 09:15:00+00:00,USGS-05480986,,7.9
2013-06-12 09:30:00+00:00,USGS-05480986,,8.87
2013-06-12 09:45:00+00:00,USGS-05480986,,8.37
2013-06-12 10:00:00+00:00,USGS-05480986,,8.37
2013-06-12 10:15:00+00:00,USGS-05480986,,8.37
2013-06-12 10:30:00+00:00,USGS-05480986,,8.37
2013-06-12 10:45:00+00:00,USGS-05480986,,8.37
2013-06-12 11:00:00+00:00,USGS-05480986,,8.37
2013-06-12 11:15:00+00:00,USGS-05480986,,8.37
2013-06-12 11:30:00+00:00,USGS-05480986,,8.62
2013-06-12 11:45:00+00:00,USGS-05480986,,8.62
2013-06-12 12:00:00+00:00,USGS-05480986,,8.62
2013-06-12 12:15:00+00:00,USGS-05480986,,8.62
2013-06-12 12:30:00+00:00,USGS-05480986,,8.62
2013-06-12 12:45:00+00:00,USGS-05480986,,8.62
2013-06-12 13:00:00+00:00,USGS-05480986,,8.62
2013-06-12 13:15:00+00:00,USGS-05480986,,8.62
2013-06-12 13:30:00+00:00,USGS-05480986,,8.87
2013-06-12 13:45:00+00:00,USGS-05480986,,8.87
2013-06-12 14:00:00+00:00,USGS-05480986,,8.87
2013-06-12 14:15:00+00:00,USGS-05480986,,8.87
2013-06-12 14:30:00+00:00,USGS-05480986,,9.12
2013-06-12 14:45:00+00:00,USGS-05480986,,8.87
2013-06-12 15:00:00+00:00,USGS-05480986,,8.87
2013-06-12 15:15:00+00:00,USGS-05480986,,8.87
2013-06-12 15:30:00+00:00,USGS-05480986,,8.87
2013-06-12 15:45:00+00:00,USGS-05480986,,8.87
2013-06-12 16:00:00+00:00,USGS-05480986,,8.87
2013-06-12 16:15:00+00:00,USGS-05480986,,8.87
2013-06-12 16:30:00+00:00,USGS-05480986,,8.87
2013-06-12 16:45:00+00:00,USGS-05480986,,8.87
2013-06-12 17:00:00+00:00,USGS-05480986,,8.87
2013-06-12 17:15:00+00:00,USGS-05480986,,8.87
2013-06-12 17:30:00+00:00,USGS-05480986,,9.12
2013-06-12 17:45:00+00:00,USGS-05480986,,9.12
2013-06-12 18:00:00+00:00,USGS-05480986,,9.12
2013-06-12 18:15:00+00:00,USGS-05480986,,9.12
2013-06-12 18:30:00+00:00,USGS-05480986,,9.12
2013-06-12 18:45:00+00:00,USGS-05480986,,9.38
2013-06-12 19:00:00+00:00,USGS-05480986,,9.38
2013-06-12 19:15:00+00:00,USGS-05480986,,9.12
2013-06-12 19:30:00+00:00,USGS-05480986,,9.38
2013-06-12 19:45:00+00:00,USGS-05480986,,9.38
2013-06-12 20:00:00+00:00,USGS-05480986,,9.12
2013-06-12 20:15:00+00:00,USGS-05480986,,9.38
2013-06-12 20:30:00+00:00,USGS-05480986,,9.12
2013-06-12 20:45:00+00:00,USGS-05480986,,9.12
2013-06-12 21:00:00+00:00,USGS-05480986,,9.12
2013-06-12 21:15:00+00:00,USGS-05480986,,9.12
2013-06-12 21:30:00+00:00,USGS-05480986,,9.12
2013-06-12 21:45:00+00:00,USGS-05480986,,9.12
2013-06-12 22:00:00+00:00,USGS-05480986,,9.38
2013-06-12 22:15:00+00:00,USGS-05480986,,9.12
2013-06-12 22:30:00+00:00,USGS-05480986,,9.12
2013-06-12 22:45:00+00:00,USGS-05480986,,9.12
2013-06-12 23:00:00+00:00,USGS-05480986,,9.38
2013-06-12 23:15:00+00:00,USGS-05480986,,9.38
2013-06-12 23:30:00+00:00,USGS-05480986,,9.12
2013-06-12 23:45:00+00:00,USGS-05480986,,9.12
2013-06-13 00:00:00+00:00,USGS-05480986,,9.12
2013-06-13 00:15:00+00:00,USGS-05480986,,9.12
2013-06-13 00:30:00+00:00,USGS-05480986,,9.12
2013-06-13 00:45:00+00:00,USGS-05480986,,9.12
2013-06-13 01:00:00+00:00,USGS-05480986,,9.12
2013-06-13 01:15:00+00:00,USGS-05480986,,9.12
2013-06-13 01:30:00+00:00,USGS-05480986,,9.12
2013-06-13 01:45:00+00:00,USGS-05480986,,9.12
2013-06-13 02:00:00+00:00,USGS-05480986,,9.12
2013-06-13 02:15:00+00:00,USGS-05480986,,9.12
2013-06-13 02:30:00+00:00,USGS-05480986,,9.12
2013-06-13 02:45:00+00:00,USGS-05480986,,9.12
2013-06-13 03:00:00+00:00,USGS-05480986,,9.12
2013-06-13 03:15:00+00:00,USGS-05480986,,9.12
2013-06-13 03:30:00+00:00,USGS-05480986,,9.12
2013-06-13 03:45:00+00:00,USGS-05480986,,9.12
2013-06-13 04:00:00+00:00,USGS-05480986,,9.12
2013-06-13 04:15:00+00:00,USGS-05480986,,8.87
2013-06-13 04:30:00+00:00,USGS-05480986,,8.87
2013-06-13 04:45:00+00:00,USGS-05480986,,8.87
2013-06-13 05:00:00+00:00,USGS-05480986,,8.87
2013-06-13 05:15:00+00:00,USGS-05480986,,8.87
2013-06-13 05:30:00+00:00,USGS-05480986,,8.87
2013-06-13 05:45:00+00:00,USGS-05480986,,8.87
2013-06-13 06:00:00+00:00,USGS-05480986,,8.87
2013-06-13 06:15:00+00:00,USGS-05480986,,8.87
2013-06-13 06:30:00+00:00,USGS-05480986,,8.62
2013-06-13 06:45:00+00:00,USGS-05480986,,8.62
2013-06-13 07:00:00+00:00,USGS-05480986,,8.87
2013-06-13 07:15:00+00:00,USGS-05480986,,8.87
2013-06-13 07:30:00+00:00,USGS-05480986,,8.87
2013-06-13 07:45:00+00:00,USGS-05480986,,8.62
2013-06-13 08:00:00+00:00,USGS-05480986,,8.87
2013-06-13 08:15:00+00:00,USGS-05480986,,8.62
2013-06-13 08:30:00+00:00,USGS-05480986,,8.62
2013-06-13 08:45:00+00:00,USGS-05480986,,8.62
2013-06-13 09:00:00+00:00,USGS-05480986,,8.62
2013-06-13 09:15:00+00:00,USGS-05480986,,8.37
2013-06-13 09:30:00+00:00,USGS-05480986,,8.37
2013-06-13 09:45:00+00:00,USGS-05480986,,8.37
2013-06-13 10:00:00+00:00,USGS-05480986,,8.37
2013-06-13 10:15:00+00:00,USGS-05480986,,8.62
2013-06-13 10:30:00+00:00,USGS-05480986,,8.62
2013-06-13 10:45:00+00:00,USGS-05480986,,8.62
2013-06-13 11:00:00+00:00,USGS-05480986,,8.62
2013-06-13 11:15:00+00:00,USGS-05480986,,8.62
2013-06-13 11:30:00+00:00,USGS-05480986,,8.62
2013-06-13 11:45:00+00:00,USGS-05480986,,8.62
2013-06-13 12:00:00+00:00,USGS-05480986,,8.37
2013-06-13 12:15:00+00:00,USGS-05480986,,8.62
2013-06-13 12:30:00+00:00,USGS-05480986,,8.37
2013-06-13 12:45:00+00:00,USGS-05480986,,8.62
2013-06-13 13:00:00+00:00,USGS-05480986,,8.37
2013-06-13 13:15:00+00:00,USGS-05480986,,8.37
2013-06-13 13:30:00+00:00,USGS-05480986,,8.37
2013-06-13 13:45:00+00:00,USGS-05480986,,8.87
2013-06-13 14:00:00+00:00,USGS-05480986,,8.87
2013-06-13 14:15:00+00:00,USGS-05480986,,8.62
2013-06-13 14:30:00+00:00,USGS-05480986,,8.62
2013-06-13 14:45:00+00:00,USGS-05480986,,8.37
2013-06-13 15:00:00+00:00,USGS-05480986,,8.37
2013-06-13 15:15:00+00:00,USGS-05480986,,8.37
2013-06-13 15:30:00+00:00,USGS-05480986,,8.62
2013-06-13 15:45:00+00:00,USGS-05480986,,8.13
2013-06-13 16:00:00+00:00,USGS-05480986,,8.13
2013-06-13 16:15:00+00:00,USGS-05480986,,8.13
2013-06-13 16:30:00+00:00,USGS-05480986,,8.13
2013-06-13 16:45:00+00:00,USGS-05480986,,7.9
2013-06-13 17:00:00+00:00,USGS-05480986,,7.9
2013-06-13 17:15:00+00:00,USGS-05480986,,7.9
2013-06-13 17:30:00+00:00,USGS-05480986,,7.9
2013-06-13 17:45:00+00:00,USGS-05480986,,7.9
2013-06-13 18:00:00+00:00,USGS-05480986,,7.9
2013-06-13 18:15:00+00:00,USGS-05480986,,7.9
2013-06-13 18:30:00+00:00,USGS-05480986,,8.87
2013-06-13 18:45:00+00:00,USGS-05480986,,7.44
2013-06-13 19:00:00+00:00,USGS-05480986,,7.22
2013-06-13 19:15:00+00:00,USGS-05480986,,7.44
2013-06-13 19:30:00+00:00,USGS-05480986,,7.22
2013-06-13 19:45:00+00:00,USGS-05480986,,7.22
2013-06-13 20:00:00+00:00,USGS-05480986,,7.22
2013-06-13 20:15:00+00:00,USGS-05480986,,7.22
2013-06-13 20:30:00+00:00,USGS-05480986,,7.22
2013-06-13 20:45:00+00:00,USGS-05480986,,7.22
2013-06-13 21:00:00+00:00,USGS-05480986,,7.22
2013-06-13 21:15:00+00:00,USGS-05480986,,7.22
2013-06-13 21:30:00+00:00,USGS-05480986,,7.22
2013-06-13 21:45:00+00:00,USGS-05480986,,7.22
2013-06-13 22:00:00+00:00,USGS-05480986,,7.22
2013-06-13 22:15:00+00:00,USGS-05480986,,7.22
2013-06-13 22:30:00+00:00,USGS-05480986,,7.22
2013-06-13 22:45:00+00:00,USGS-05480986,,7.22
2013-06-13 23:00:00+00:00,USGS-05480986,,7.22
2013-06-13 23:15:00+00:00,USGS-05480986,,7.22
2013-06-13 23:30:00+00:00,USGS-05480986,,7.22
2013-06-13 23:45:00+00:00,USGS-05480986,,7.22
2013-06-14 00:00:00+00:00,USGS-05480986,,7.22
2013-06-14 00:15:00+00:00,USGS-05480986,,7.22
2013-06-14 00:30:00+00:00,USGS-05480986,,7.22
2013-06-14 00:45:00+00:00,USGS-05480986,,7.22
2013-06-14 01:00:00+00:00,USGS-05480986,,7.22
2013-06-14 01:15:00+00:00,USGS-05480986,,7.01
2013-06-14 01:30:00+00:00,USGS-05480986,,7.22
2013-06-14 01:45:00+00:00,USGS-05480986,,7.22
2013-06-14 02:00:00+00:00,USGS-05480986,,7.22
2013-06-14 02:15:00+00:00,USGS-05480986,,7.22
2013-06-14 02:30:00+00:00,USGS-05480986,,7.22
2013-06-14 02:45:00+00:00,USGS-05480986,,7.22
2013-06-14 03:00:00+00:00,USGS-05480986,,7.22
2013-06-14 03:15:00+00:00,USGS-05480986,,7.22
2013-06-14 03:30:00+00:00,USGS-05480986,,7.01
2013-06-14 03:45:00+00:00,USGS-05480986,,7.01
2013-06-14 04:00:00+00:00,USGS-05480986,,7.22
2013-06-14 04:15:00+00:00,USGS-05480986,,7.22
2013-06-14 04:30:00+00:00,USGS-05480986,,7.22
2013-06-14 04:45:00+00:00,USGS-05480986,,7.22
2013-06-14 05:00:00+00:00,USGS-05480986,,7.22
2013-06-14 05:15:00+00:00,USGS-05480986,,7.22
2013-06-14 05:30:00+00:00,USGS-05480986,,7.22
2013-06-14 05:45:00+00:00,USGS-05480986,,7.22
2013-06-14 06:00:00+00:00,USGS-05480986,,7.22
2013-06-14 06:15:00+00:00,USGS-05480986,,7.22
2013-06-14 06:30:00+00:00,USGS-05480986,,7.22
2013-06-14 06:45:00+00:00,USGS-05480986,,7.22
2013-06-14 07:00:00+00:00,USGS-05480986,,7.22
2013-06-14 07:15:00+00:00,USGS-05480986,,7.22
2013-06-14 07:30:00+00:00,USGS-05480986,,7.22
2013-06-14 07:45:00+00:00,USGS-05480986,,7.22
2013-06-14 08:00:00+00:00,USGS-05480986,,7.22
2013-06-14 08:15:00+00:00,USGS-05480986,,7.22
2013-06-14 08:30:00+00:00,USGS-05480986,,7.22
2013-06-14 08:45:00+00:00,USGS-05480986,,7.22
2013-06-14 09:00:00+00:00,USGS-05480986,,7.22
2013-06-14 09:15:00+00:00,USGS-05480986,,7.22
2013-06-14 09:30:00+00:00,USGS-05480986,,7.22
2013-06-14 09:45:00+00:00,USGS-05480986,,7.22
2013-06-14 10:00:00+00:00,USGS-05480986,,7.22
2013-06-14 10:15:00+00:00,USGS-05480986,,7.22
2013-06-14 10:30:00+00:00,USGS-05480986,,7.22
2013-06-14 10:45:00+00:00,USGS-05480986,,7.22
2013-06-14 11:00:00+00:00,USGS-05480986,,7.22
2013-06-14 11:15:00+00:00,USGS-05480986,,7.22
2013-06-14 11:30:00+00:00,USGS-05480986,,7.22
2013-06-14 11:45:00+00:00,USGS-05480986,,7.22
2013-06-14 12:00:00+00:00,USGS-05480986,,7.22
2013-06-14 12:15:00+00:00,USGS-05480986,,7.22
2013-06-14 12:30:00+00:00,USGS-05480986,,7.22
2013-06-14 12:45:00+00:00,USGS-05480986,,7.22
2013-06-14 13:00:00+00:00,USGS-05480986,,7.22
2013-06-14 13:15:00+00:00,USGS-05480986,,7.22
2013-06-14 13:30:00+00:00,USGS-05480986,,7.22
2013-06-14 13:45:00+00:00,USGS-05480986,,7.22
2013-06-14 14:00:00+00:00,USGS-05480986,,7.22
2013-06-14 14:15:00+00:00,USGS-05480986,,7.22
2013-06-14 14:30:00+00:00,USGS-05480986,,7.22
2013-06-14 14:45:00+00:00,USGS-05480986,,7.22
2013-06-14 15:00:00+00:00,USGS-05480986,,7.22
2013-06-14 15:15:00+00:00,USGS-05480986,,7.22
2013-06-14 15:30:00+00:00,USGS-05480986,,7.22
2013-06-14 15:45:00+00:00,USGS-05480986,,7.22
2013-06-14 16:00:00+00:00,USGS-05480986,,7.22
2013-06-14 16:15:00+00:00,USGS-05480986,,7.22
2013-06-14 16:30:00+00:00,USGS-05480986,,7.01
2013-06-14 16:45:00+00:00,USGS-05480986,,7.01
2013-06-14 17:00:00+00:00,USGS-05480986,,7.01
2013-06-14 17:15:00+00:00,USGS-05480986,,7.22
2013-06-14 17:30:00+00:00,USGS-05480986,,7.01
2013-06-14 17:45:00+00:00,USGS-05480986,,7.01
2013-06-14 18:00:00+00:00,USGS-05480986,,7.01
2013-06-14 18:15:00+00:00,USGS-05480986,,7.01
2013-06-14 18:30:00+00:00,USGS-05480986,,7.01
2013-06-14 18:45:00+00:00,USGS-05480986,,7.01
2013-06-14 19:00:00+00:00,USGS-05480986,,7.01
2013-06-14 19:15:00+00:00,USGS-05480986,,7.01
2013-06-14 19:30:00+00:00,USGS-05480986,,7.01
2013-06-14 19:45:00+00:00,USGS-05480986,,7.01
2013-06-14 20:00:00+00:00,USGS-05480986,,7.01
2013-06-14 20:15:00+00:00,USGS-05480986,,7.01
2013-06-14 20:30:00+00:00,USGS-05480986,,7.01
2013-06-14 20:45:00+00:00,USGS-05480986,,7.01
2013-06-14 21:00:00+00:00,USGS-05480986,,7.01
2013-06-14 21:15:00+00:00,USGS-05480986,,7.01
2013-06-14 21:30:00+00:00,USGS-05480986,,7.01
2013-06-14 21:45:00+00:00,USGS-05480986,,7.01
2013-06-14 22:00:00+00:00,USGS-05480986,,7.01
2013-06-14 22:15:00+00:00,USGS-05480986,,7.01
2013-06-14 22:30:00+00:00,USGS-05480986,,7.01
2013-06-14 22:45:00+00:00,USGS-05480986,,7.01
2013-06-14 23:00:00+00:00,USGS-05480986,,7.01
2013-06-14 23:15:00+00:00,USGS-05480986,,7.22
2013-06-14 23:30:00+00:00,USGS-05480986,,7.01
2013-06-14 23:45:00+00:00,USGS-05480986,,7.01
2013-06-15 00:00:00+00:00,USGS-05480986,,7.01
2013-06-15 00:15:00+00:00,USGS-05480986,,7.01
2013-06-15 00:30:00+00:00,USGS-05480986,,7.01
2013-06-15 00:45:00+00:00,USGS-05480986,,7.01
2013-06-15 01:00:00+00:00,USGS-05480986,,7.01
2013-06-15 01:15:00+00:00,USGS-05480986,,7.01
2013-06-15 01:30:00+00:00,USGS-05480986,,7.01
2013-06-15 01:45:00+00:00,USGS-05480986,,7.01
2013-06-15 02:00:00+00:00,USGS-05480986,,7.01
2013-06-15 02:15:00+00:00,USGS-05480986,,7.01
2013-06-15 02:30:00+00:00,USGS-05480986,,7.01
2013-06-15 02:45:00+00:00,USGS-05480986,,7.01
2013-06-15 03:00:00+00:00,USGS-05480986,,7.01
2013-06-15 03:15:00+00:00,USGS-05480986,,7.01
2013-06-15 03:30:00+00:00,USGS-05480986,,7.01
2013-06-15 03:45:00+00:00,USGS-05480986,,7.01
2013-06-15 04:00:00+00:00,USGS-05480986,,7.01
2013-06-15 04:15:00+00:00,USGS-05480986,,7.01
2013-06-15 04:30:00+00:00,USGS-05480986,,7.01
2013-06-15 04:45:00+00:00,USGS-05480986,,7.01
2013-06-15 05:00:00+00:00,USGS-05480986,,7.01
2013-06-15 05:15:00+00:00,USGS-05480986,,7.22
2013-06-15 05:30:00+00:00,USGS-05480986,,7.22
2013-06-15 05:45:00+00:00,USGS-05480986,,7.22
2013-06-15 06:00:00+00:00,USGS-05480986,,7.22
2013-06-15 06:15:00+00:00,USGS-05480986,,7.22
2013-06-15 06:30:00+00:00,USGS-05480986,,7.22
2013-06-15 06:45:00+00:00,USGS-05480986,,7.22
2013-06-15 07:00:00+00:00,USGS-05480986,,7.44
2013-06-15 07:15:00+00:00,USGS-05480986,,7.22
2013-06-15 07:30:00+00:00,USGS-05480986,,7.22
2013-06-15 07:45:00+00:00,USGS-05480986,,7.22
2013-06-15 08:00:00+00:00,USGS-05480986,,7.01
2013-06-15 08:15:00+00:00,USGS-05480986,,7.01
2013-06-15 08:30:00+00:00,USGS-05480986,,7.01
2013-06-15 08:45:00+00:00,USGS-05480986,,7.01
2013-06-15 09:00:00+00:00,USGS-05480986,,7.01
2013-06-15 09:15:00+00:00,USGS-05480986,,7.01
2013-06-15 09:30:00+00:00,USGS-05480986,,7.01
2013-06-15 09:45:00+00:00,USGS-05480986,,7.01
2013-06-15 10:00:00+00:00,USGS-05480986,,6.8
2013-06-15 10:15:00+00:00,USGS-05480986,,6.59
2013-06-15 10:30:00+00:00,USGS-05480986,,6.8
2013-06-15 10:45:00+00:00,USGS-05480986,,6.8
2013-06-15 11:00:00+00:00,USGS-05480986,,6.8
2013-06-15 11:15:00+00:00,USGS-05480986,,6.8
2013-06-15 11:30:00+00:00,USGS-05480986,,6.8
2013-06-15 11:45:00+00:00,USGS-05480986,,6.8
2013-06-15 12:00:00+00:00,USGS-05480986,,6.8
2013-06-15 12:15:00+00:00,USGS-05480986,,6.8
2013-06-15 12:30:00+00:00,USGS-05480986,,6.8
2013-06-15 12:45:00+00:00,USGS-05480986,,6.8
2013-06-15 13:00:00+00:00,USGS-05480986,,6.8
2013-06-15 13:15:00+00:00,USGS-05480986,,6.8
2013-06-15 13:30:00+00:00,USGS-05480986,,6.8
2013-06-15 13:45:00+00:00,USGS-05480986,,6.8
2013-06-15 14:00:00+00:00,USGS-05480986,,6.8
2013-06-15 14:15:00+00:00,USGS-05480986,,6.8
2013-06-15 14:30:00+00:00,USGS-05480986,,6.8
2013-06-15 14:45:00+00:00,USGS-05480986,,6.8
2013-06-15 15:00:00+00:00,USGS-05480986,,6.8
2013-06-15 15:15:00+00:00,USGS-05480986,,6.8
2013-06-15 15:30:00+00:00,USGS-05480986,,6.8
2013-06-15 15:45:00+00:00,USGS-05480986,,6.8
2013-06-15 16:00:00+00:00,USGS-05480986,,6.8
2013-06-15 16:15:00+00:00,USGS-05480986,,6.8
2013-06-15 16:30:00+00:00,USGS-05480986,,6.8
2013-06-15 16:45:00+00:00,USGS-05480986,,6.8
2013-06-15 17:00:00+00:00,USGS-05480986,,6.8
2013-06-15 17:15:00+00:00,USGS-05480986,,6.8
2013-06-15 17:30:00+00:00,USGS-05480986,,6.8
2013-06-15 17:45:00+00:00,USGS-05480986,,6.8
2013-06-15 18:00:00+00:00,USGS-05480986,,6.8
2013-06-15 18:15:00+00:00,USGS-05480986,,6.8
2013-06-15 18:30:00+00:00,USGS-05480986,,6.8
2013-06-15 18:45:00+00:00,USGS-05480986,,6.8
2013-06-15 19:00:00+00:00,USGS-05480986,,6.8
2013-06-15 19:15:00+00:00,USGS-05480986,,6.8
2013-06-15 19:30:00+00:00,USGS-05480986,,6.8
2013-06-15 19:45:00+00:00,USGS-05480986,,6.8
2013-06-15 20:00:00+00:00,USGS-05480986,,6.8
2013-06-15 20:15:00+00:00,USGS-05480986,,6.8
2013-06-15 20:30:00+00:00,USGS-05480986,,6.8
2013-06-15 20:45:00+00:00,USGS-05480986,,6.8
2013-06-15 21:00:00+00:00,USGS-05480986,,6.8
2013-06-15 21:15:00+00:00,USGS-05480986,,6.8
2013-06-15 21:30:00+00:00,USGS-05480986,,6.59
2013-06-15 21:45:00+00:00,USGS-05480986,,6.59
2013-06-15 22:00:00+00:00,USGS-05480986,,6.59
2013-06-15 22:15:00+00:00,USGS-05480986,,6.59
2013-06-15 22:30:00+00:00,USGS-05480986,,6.59
2013-06-15 22:45:00+00:00,USGS-05480986,,6.59
2013-06-15 23:00:00+00:00,USGS-05480986,,6.59
2013-06-15 23:15:00+00:00,USGS-05480986,,6.59
2013-06-15 23:30:00+00:00,USGS-05480986,,6.59
2013-06-15 23:45:00+00:00,USGS-05480986,,6.59
2013-06-16 00:00:00+00:00,USGS-05480986,,6.59
2013-06-16 00:15:00+00:00,USGS-05480986,,6.59
2013-06-16 00:30:00+00:00,USGS-05480986,,6.59
2013-06-16 00:45:00+00:00,USGS-05480986,,6.59
2013-06-16 01:00:00+00:00,USGS-05480986,,6.59
2013-06-16 01:15:00+00:00,USGS-05480986,,6.59
2013-06-16 01:30:00+00:00,USGS-05480986,,6.59
2013-06-16 01:45:00+00:00,USGS-05480986,,6.59
2013-06-16 02:00:00+00:00,USGS-05480986,,6.59
2013-06-16 02:15:00+00:00,USGS-05480986,,6.59
2013-06-16 02:30:00+00:00,USGS-05480986,,6.59
2013-06-16 02:45:00+00:00,USGS-05480986,,6.59
2013-06-16 03:00:00+00:00,USGS-05480986,,6.59
2013-06-16 03:15:00+00:00,USGS-05480986,,6.59
2013-06-16 03:30:00+00:00,USGS-05480986,,6.59
2013-06-16 03:45:00+00:00,USGS-05480986,,6.59
2013-06-16 04:00:00+00:00,USGS-05480986,,6.59
2013-06-16 04:15:00+00:00,USGS-05480986,,6.59
2013-06-16 04:30:00+00:00,USGS-05480986,,6.59
2013-06-16 04:45:00+00:00,USGS-05480986,,6.59
2013-06-16 05:00:00+00:00,USGS-05480986,,6.59
2013-06-16 05:15:00+00:00,USGS-05480986,,6.59
2013-06-16 05:30:00+00:00,USGS-05480986,,6.59
2013-06-16 05:45:00+00:00,USGS-05480986,,6.38
2013-06-16 06:00:00+00:00,USGS-05480986,,6.38
2013-06-16 06:15:00+00:00,USGS-05480986,,6.59
2013-06-16 06:30:00+00:00,USGS-05480986,,6.59
2013-06-16 06:45:00+00:00,USGS-05480986,,6.59
2013-06-16 07:00:00+00:00,USGS-05480986,,6.38
2013-06-16 07:15:00+00:00,USGS-05480986,,6.38
2013-06-16 07:30:00+00:00,USGS-05480986,,6.38
2013-06-16 07:45:00+00:00,USGS-05480986,,6.38
2013-06-16 08:00:00+00:00,USGS-05480986,,6.38
2013-06-16 08:15:00+00:00,USGS-05480986,,6.38
2013-06-16 08:30:00+00:00,USGS-05480986,,6.38
2013-06-16 08:45:00+00:00,USGS-05480986,,6.38
2013-06-16 09:00:00+00:00,USGS-05480986,,6.38
2013-06-16 09:15:00+00:00,USGS-05480986,,6.38
2013-06-16 09:30:00+00:00,USGS-05480986,,6.59
2013-06-16 09:45:00+00:00,USGS-05480986,,6.59
2013-06-16 10:00:00+00:00,USGS-05480986,,6.59
2013-06-16 10:15:00+00:00,USGS-05480986,,6.59
2013-06-16 10:30:00+00:00,USGS-05480986,,6.59
2013-06-16 10:45:00+00:00,USGS-05480986,,6.38
2013-06-16 11:00:00+00:00,USGS-05480986,,6.38
2013-06-16 11:15:00+00:00,USGS-05480986,,6.38
2013-06-16 11:30:00+00:00,USGS-05480986,,6.38
2013-06-16 11:45:00+00:00,USGS-05480986,,6.38
2013-06-16 12:00:00+00:00,USGS-05480986,,6.38
2013-06-16 12:15:00+00:00,USGS-05480986,,6.38
2013-06-16 12:30:00+00:00,USGS-05480986,,6.38
2013-06-16 12:45:00+00:00,USGS-05480986,,6.38
2013-06-16 13:00:00+00:00,USGS-05480986,,6.38
2013-06-16 13:15:00+00:00,USGS-05480986,,6.59
2013-06-16 13:30:00+00:00,USGS-05480986,,6.8
2013-06-16 13:45:00+00:00,USGS-05480986,,6.8
2013-06-16 14:00:00+00:00,USGS-05480986,,6.59
2013-06-16 14:15:00+00:00,USGS-05480986,,6.38
2013-06-16 14:30:00+00:00,USGS-05480986,,6.59
2013-06-16 14:45:00+00:00,USGS-05480986,,6.38
2013-06-16 15:00:00+00:00,USGS-05480986,,6.19
2013-06-16 15:15:00+00:00,USGS-05480986,,6.19
2013-06-16 15:30:00+00:00,USGS-05480986,,6.19
2013-06-16 15:45:00+00:00,USGS-05480986,,6.19
2013-06-16 16:00:00+00:00,USGS-05480986,,6.19
2013-06-16 16:15:00+00:00,USGS-05480986,,6.19
2013-06-16 16:30:00+00:00,USGS-05480986,,6.19
2013-06-16 16:45:00+00:00,USGS-05480986,,6.19
2013-06-16 17:00:00+00:00,USGS-05480986,,6.19
2013-06-16 17:15:00+00:00,USGS-05480986,,6.19
2013-06-16 17:30:00+00:00,USGS-05480986,,5.99
2013-06-16 17:45:00+00:00,USGS-05480986,,5.99
2013-06-16 18:00:00+00:00,USGS-05480986,,5.99
2013-06-16 18:15:00+00:00,USGS-05480986,,5.99
2013-06-16 18:30:00+00:00,USGS-05480986,,5.99
2013-06-16 18:45:00+00:00,USGS-05480986,,5.99
2013-06-16 19:00:00+00:00,USGS-05480986,,5.99
2013-06-16 19:15:00+00:00,USGS-05480986,,5.99
2013-06-16 19:30:00+00:00,USGS-05480986,,5.99
2013-06-16 19:45:00+00:00,USGS-05480986,,5.99
2013-06-16 20:00:00+00:00,USGS-05480986,,5.99
2013-06-16 20:15:00+00:00,USGS-05480986,,5.99
2013-06-16 20:30:00+00:00,USGS-05480986,,5.99
2013-06-16 20:45:00+00:00,USGS-05480986,,5.99
2013-06-16 21:00:00+00:00,USGS-05480986,,5.99
2013-06-16 21:15:00+00:00,USGS-05480986,,5.8
2013-06-16 21:30:00+00:00,USGS-05480986,,5.8
2013-06-16 21:45:00+00:00,USGS-05480986,,5.8
2013-06-16 22:00:00+00:00,USGS-05480986,,5.8
2013-06-16 22:15:00+00:00,USGS-05480986,,5.8
2013-06-16 22:30:00+00:00,USGS-05480986,,5.8
2013-06-16 22:45:00+00:00,USGS-05480986,,5.8
2013-06-16 23:00:00+00:00,USGS-05480986,,5.8
2013-06-16 23:15:00+00:00,USGS-05480986,,5.8
2013-06-16 23:30:00+00:00,USGS-05480986,,5.8
2013-06-16 23:45:00+00:00,USGS-05480986,,5.8
2013-06-17 00:00:00+00:00,USGS-05480986,,5.8
2013-06-17 00:15:00+00:00,USGS-05480986,,5.8
2013-06-17 00:30:00+00:00,USGS-05480986,,5.8
2013-06-17 00:45:00+00:00,USGS-05480986,,5.8
2013-06-17 01:00:00+00:00,USGS-05480986,,5.8
2013-06-17 01:15:00+00:00,USGS-05480986,,5.8
2013-06-17 01:30:00+00:00,USGS-05480986,,5.8
2013-06-17 01:45:00+00:00,USGS-05480986,,5.8
2013-06-17 02:00:00+00:00,USGS-05480986,,5.8
2013-06-17 02:15:00+00:00,USGS-05480986,,5.8
2013-06-17 02:30:00+00:00,USGS-05480986,,5.8
2013-06-17 02:45:00+00:00,USGS-05480986,,5.8
2013-06-17 03:00:00+00:00,USGS-05480986,,5.8
2013-06-17 03:15:00+00:00,USGS-05480986,,5.8
2013-06-17 03:30:00+00:00,USGS-05480986,,5.8
2013-06-17 03:45:00+00:00,USGS-05480986,,5.8
2013-06-17 04:00:00+00:00,USGS-05480986,,5.8
2013-06-17 04:15:00+00:00,USGS-05480986,,5.8
2013-06-17 04:30:00+00:00,USGS-05480986,,5.8
2013-06-17 04:45:00+00:00,USGS-05480986,,5.99
2013-06-17 05:00:00+00:00,USGS-05480986,,5.99
2013-06-17 05:15:00+00:00,USGS-05480986,,5.99
2013-06-17 05:30:00+00:00,USGS-05480986,,5.99
2013-06-17 05:45:00+00:00,USGS-05480986,,5.99
2013-06-17 06:00:00+00:00,USGS-05480986,,5.99
2013-06-17 06:15:00+00:00,USGS-05480986,,5.99
2013-06-17 06:30:00+00:00,USGS-05480986,,5.99
2013-06-17 06:45:00+00:00,USGS-05480986,,5.99
2013-06-17 07:00:00+00:00,USGS-05480986,,5.99
2013-06-17 07:15:00+00:00,USGS-05480986,,5.99
2013-06-17 07:30:00+00:00,USGS-05480986,,5.99
2013-06-17 07:45:00+00:00,USGS-05480986,,5.99
2013-06-17 08:00:00+00:00,USGS-05480986,,5.8
2013-06-17 08:15:00+00:00,USGS-05480986,,5.8
2013-06-17 08:30:00+00:00,USGS-05480986,,5.99
2013-06-17 08:45:00+00:00,USGS-05480986,,5.99
2013-06-17 09:00:00+00:00,USGS-05480986,,5.99
2013-06-17 09:15:00+00:00,USGS-05480986,,5.99
2013-06-17 09:30:00+00:00,USGS-05480986,,5.99
2013-06-17 09:45:00+00:00,USGS-05480986,,5.8
2013-06-17 10:00:00+00:00,USGS-05480986,,5.8
2013-06-17 10:15:00+00:00,USGS-05480986,,5.99
2013-06-17 10:30:00+00:00,USGS-05480986,,5.99
2013-06-17 10:45:00+00:00,USGS-05480986,,5.99
2013-06-17 11:00:00+00:00,USGS-05480986,,5.8
2013-06-17 11:15:00+00:00,USGS-05480986,,5.99
2013-06-17 11:30:00+00:00,USGS-05480986,,5.8
2013-06-17 11:45:00+00:00,USGS-05480986,,5.8
2013-06-17 12:00:00+00:00,USGS-05480986,,5.99
2013-06-17 12:15:00+00:00,USGS-05480986,,5.8
2013-06-17 12:30:00+00:00,USGS-05480986,,5.99
2013-06-17 12:45:00+00:00,USGS-05480986,,5.8
2013-06-17 13:00:00+00:00,USGS-05480986,,5.99
2013-06-17 13:15:00+00:00,USGS-05480986,,5.99
2013-06-17 13:30:00+00:00,USGS-05480986,,5.99
2013-06-17 13:45:00+00:00,USGS-05480986,,5.99
2013-06-17 14:00:00+00:00,USGS-05480986,,5.8
2013-06-17 14:15:00+00:00,USGS-05480986,,5.99
2013-06-17 14:30:00+00:00,USGS-05480986,,5.8
2013-06-17 14:45:00+00:00,USGS-05480986,,5.8
2013-06-17 15:00:00+00:00,USGS-05480986,,5.8
2013-06-17 15:15:00+00:00,USGS-05480986,,5.8
2013-06-17 15:30:00+00:00,USGS-05480986,,5.8
2013-06-17 15:45:00+00:00,USGS-05480986,,5.8
2013-06-17 16:00:00+00:00,USGS-05480986,,5.8
2013-06-17 16:15:00+00:00,USGS-05480986,,5.8
2013-06-17 16:30:00+00:00,USGS-05480986,,5.8
2013-06-17 16:45:00+00:00,USGS-05480986,,5.8
2013-06-17 17:00:00+00:00,USGS-05480986,,5.61
2013-06-17 17:15:00+00:00,USGS-05480986,,5.61
2013-06-17 17:30:00+00:00,USGS-05480986,,5.61
2013-06-17 17:45:00+00:00,USGS-05480986,,5.61
2013-06-17 18:00:00+00:00,USGS-05480986,,5.61
2013-06-17 18:15:00+00:00,USGS-05480986,,5.61
2013-06-17 18:30:00+00:00,USGS-05480986,,5.61
2013-06-17 18:45:00+00:00,USGS-05480986,,5.61
2013-06-17 19:00:00+00:00,USGS-05480986,,5.61
2013-06-17 19:15:00+00:00,USGS-05480986,,5.61
2013-06-17 19:30:00+00:00,USGS-05480986,,5.61
2013-06-17 19:45:00+00:00,USGS-05480986,,5.61
2013-06-17 20:00:00+00:00,USGS-05480986,,5.43
2013-06-17 20:15:00+00:00,USGS-05480986,,5.43
2013-06-17 20:30:00+00:00,USGS-05480986,,5.43
2013-06-17 20:45:00+00:00,USGS-05480986,,5.43
2013-06-17 21:00:00+00:00,USGS-05480986,,5.43
2013-06-17 21:15:00+00:00,USGS-05480986,,5.43
2013-06-17 21:30:00+00:00,USGS-05480986,,5.43
2013-06-17 21:45:00+00:00,USGS-05480986,,5.43
2013-06-17 22:00:00+00:00,USGS-05480986,,5.43
2013-06-17 22:15:00+00:00,USGS-05480986,,5.43
2013-06-17 22:30:00+00:00,USGS-05480986,,5.43
2013-06-17 22:45:00+00:00,USGS-05480986,,5.43
2013-06-17 23:00:00+00:00,USGS-05480986,,5.43
2013-06-17 23:15:00+00:00,USGS-05480986,,5.43
2013-06-17 23:30:00+00:00,USGS-05480986,,5.43
2013-06-17 23:45:00+00:00,USGS-05480986,,5.43
2013-06-18 00:00:00+00:00,USGS-05480986,,5.43
2013-06-18 00:15:00+00:00,USGS-05480986,,5.43
2013-06-18 00:30:00+00:00,USGS-05480986,,5.43
2013-06-18 00:45:00+00:00,USGS-05480986,,5.43
2013-06-18 01:00:00+00:00,USGS-05480986,,5.43
2013-06-18 01:15:00+00:00,USGS-05480986,,5.43
2013-06-18 01:30:00+00:00,USGS-05480986,,5.43
2013-06-18 01:45:00+00:00,USGS-05480986,,5.43
2013-06-18 02:00:00+00:00,USGS-05480986,,5.43
2013-06-18 02:15:00+00:00,USGS-05480986,,5.43
2013-06-18 02:30:00+00:00,USGS-05480986,,5.43
2013-06-18 02:45:00+00:00,USGS-05480986,,5.43
2013-06-18 03:00:00+00:00,USGS-05480986,,5.43
2013-06-18 03:15:00+00:00,USGS-05480986,,5.43
2013-06-18 03:30:00+00:00,USGS-05480986,,5.43
2013-06-18 03:45:00+00:00,USGS-05480986,,5.43
2013-06-18 04:00:00+00:00,USGS-05480986,,5.43
2013-06-18 04:15:00+00:00,USGS-05480986,,5.43
2013-06-18 04:30:00+00:00,USGS-05480986,,5.43
2013-06-18 04:45:00+00:00,USGS-05480986,,5.43
2013-06-18 05:00:00+00:00,USGS-05480986,,5.61
2013-06-18 05:15:00+00:00,USGS-05480986,,5.61
2013-06-18 05:30:00+00:00,USGS-05480986,,5.61
2013-06-18 05:45:00+00:00,USGS-05480986,,5.43
2013-06-18 06:00:00+00:00,USGS-05480986,,5.43
2013-06-18 06:15:00+00:00,USGS-05480986,,5.43
2013-06-18 06:30:00+00:00,USGS-05480986,,5.43
2013-06-18 06:45:00+00:00,USGS-05480986,,5.43
2013-06-18 07:00:00+00:00,USGS-05480986,,5.43
2013-06-18 07:15:00+00:00,USGS-05480986,,5.61
2013-06-18 07:30:00+00:00,USGS-05480986,,5.43
2013-06-18 07:45:00+00:00,USGS-05480986,,5.43
2013-06-18 08:00:00+00:00,USGS-05480986,,5.43
2013-06-18 08:15:00+00:00,USGS-05480986,,5.43
2013-06-18 08:30:00+00:00,USGS-05480986,,5.43
2013-06-18 08:45:00+00:00,USGS-05480986,,5.43
2013-06-18 09:00:00+00:00,USGS-05480986,,5.43
2013-06-18 09:15:00+00:00,USGS-05480986,,5.43
2013-06-18 09:30:00+00:00,USGS-05480986,,5.43
2013-06-18 09:45:00+00:00,USGS-05480986,,5.43
2013-06-18 10:00:00+00:00,USGS-05480986,,5.43
2013-06-18 10:15:00+00:00,USGS-05480986,,5.43
2013-06-18 10:30:00+00:00,USGS-05480986,,5.43
2013-06-18 10:45:00+00:00,USGS-05480986,,5.43
2013-06-18 11:00:00+00:00,USGS-05480986,,5.43
2013-06-18 11:15:00+00:00,USGS-05480986,,5.43
2013-06-18 11:30:00+00:00,USGS-05480986,,5.43
2013-06-18 11:45:00+00:00,USGS-05480986,,5.25
2013-06-18 12:00:00+00:00,USGS-05480986,,5.43
2013-06-18 12:15:00+00:00,USGS-05480986,,5.43
2013-06-18 12:30:00+00:00,USGS-05480986,,5.43
2013-06-18 12:45:00+00:00,USGS-05480986,,5.43
2013-06-18 13:00:00+00:00,USGS-05480986,,5.43
2013-06-18 13:15:00+00:00,USGS-05480986,,5.43
2013-06-18 13:30:00+00:00,USGS-05480986,,5.43
2013-06-18 13:45:00+00:00,USGS-05480986,,5.43
2013-06-18 14:00:00+00:00,USGS-05480986,,5.43
2013-06-18 14:15:00+00:00,USGS-05480986,,5.43
2013-06-18 14:30:00+00:00,USGS-05480986,,5.25
2013-06-18 14:45:00+00:00,USGS-05480986,,5.43
2013-06-18 15:00:00+00:00,USGS-05480986,,5.43
2013-06-18 15:15:00+00:00,USGS-05480986,,5.43
2013-06-18 15:30:00+00:00,USGS-05480986,,5.43
2013-06-18 15:45:00+00:00,USGS-05480986,,5.43
2013-06-18 16:00:00+00:00,USGS-05480986,,5.25
2013-06-18 16:15:00+00:00,USGS-05480986,,5.43
2013-06-18 16:30:00+00:00,USGS-05480986,,5.25
2013-06-18 16:45:00+00:00,USGS-05480986,,5.43
2013-06-18 17:00:00+00:00,USGS-05480986,,5.43
2013-06-18 17:15:00+00:00,USGS-05480986,,5.25
2013-06-18 17:30:00+00:00,USGS-05480986,,5.25
2013-06-18 17:45:00+00:00,USGS-05480986,,5.08
2013-06-18 18:00:00+00:00,USGS-05480986,,5.08
2013-06-18 18:15:00+00:00,USGS-05480986,,5.08
2013-06-18 18:30:00+00:00,USGS-05480986,,5.08
2013-06-18 18:45:00+00:00,USGS-05480986,,5.08
2013-06-18 19:00:00+00:00,USGS-05480986,,5.08
2013-06-18 19:15:00+00:00,USGS-05480986,,5.08
2013-06-18 19:30:00+00:00,USGS-05480986,,5.08
2013-06-18 19:45:00+00:00,USGS-05480986,,5.08
2013-06-18 20:00:00+00:00,USGS-05480986,,5.08
2013-06-18 20:15:00+00:00,USGS-05480986,,5.08
2013-06-18 20:30:00+00:00,USGS-05480986,,5.08
2013-06-18 20:45:00+00:00,USGS-05480986,,5.08
2013-06-18 21:00:00+00:00,USGS-05480986,,5.08
2013-06-18 21:15:00+00:00,USGS-05480986,,5.08
2013-06-18 21:30:00+00:00,USGS-05480986,,5.08
2013-06-18 21:45:00+00:00,USGS-05480986,,4.91
2013-06-18 22:00:00+00:00,USGS-05480986,,5.08
2013-06-18 22:15:00+00:00,USGS-05480986,,4.91
2013-06-18 22:30:00+00:00,USGS-05480986,,4.91
2013-06-18 22:45:00+00:00,USGS-05480986,,4.91
2013-06-18 23:00:00+00:00,USGS-05480986,,4.91
2013-06-18 23:15:00+00:00,USGS-05480986,,4.91
2013-06-18 23:30:00+00:00,USGS-05480986,,4.91
2013-06-18 23:45:00+00:00,USGS-05480986,,4.91
2013-06-19 00:00:00+00:00,USGS-05480986,,4.91
2013-06-19 00:15:00+00:00,USGS-05480986,,5.08
2013-06-19 00:30:00+00:00,USGS-05480986,,4.91
2013-06-19 00:45:00+00:00,USGS-05480986,,4.91
2013-06-19 01:00:00+00:00,USGS-05480986,,5.08
2013-06-19 01:15:00+00:00,USGS-05480986,,4.91
2013-06-19 01:30:00+00:00,USGS-05480986,,4.91
2013-06-19 01:45:00+00:00,USGS-05480986,,4.91
2013-06-19 02:00:00+00:00,USGS-05480986,,4.91
2013-06-19 02:15:00+00:00,USGS-05480986,,4.91
2013-06-19 02:30:00+00:00,USGS-05480986,,4.91
2013-06-19 02:45:00+00:00,USGS-05480986,,4.91
2013-06-19 03:00:00+00:00,USGS-05480986,,5.08
2013-06-19 03:15:00+00:00,USGS-05480986,,5.08
2013-06-19 03:30:00+00:00,USGS-05480986,,5.08
2013-06-19 03:45:00+00:00,USGS-05480986,,5.08
2013-06-19 04:00:00+00:00,USGS-05480986,,5.08
2013-06-19 04:15:00+00:00,USGS-05480986,,5.08
2013-06-19 04:30:00+00:00,USGS-05480986,,5.08
2013-06-19 04:45:00+00:00,USGS-05480986,,5.08
2013-06-19 05:00:00+00:00,USGS-05480986,,5.08
2013-06-19 05:15:00+00:00,USGS-05480986,,5.08
2013-06-19 05:30:00+00:00,USGS-05480986,,5.08
2013-06-19 05:45:00+00:00,USGS-05480986,,5.08
2013-06-19 06:00:00+00:00,USGS-05480986,,5.08
2013-06-19 06:15:00+00:00,USGS-05480986,,5.08
2013-06-19 06:30:00+00:00,USGS-05480986,,5.08
2013-06-19 06:45:00+00:00,USGS-05480986,,5.08
2013-06-19 07:00:00+00:00,USGS-05480986,,5.08
2013-06-19 07:15:00+00:00,USGS-05480986,,5.08
2013-06-19 07:30:00+00:00,USGS-05480986,,5.08
2013-06-19 07:45:00+00:00,USGS-05480986,,5.08
2013-06-19 08:00:00+00:00,USGS-05480986,,5.08
2013-06-19 08:15:00+00:00,USGS-05480986,,5.08
2013-06-19 08:30:00+00:00,USGS-05480986,,5.08
2013-06-19 08:45:00+00:00,USGS-05480986,,5.08
2013-06-19 09:00:00+00:00,USGS-05480986,,5.08
2013-06-19 09:15:00+00:00,USGS-05480986,,5.08
2013-06-19 09:30:00+00:00,USGS-05480986,,5.08
2013-06-19 09:45:00+00:00,USGS-05480986,,4.91
2013-06-19 10:00:00+00:00,USGS-05480986,,4.91
2013-06-19 10:15:00+00:00,USGS-05480986,,4.91
2013-06-19 10:30:00+00:00,USGS-05480986,,4.91
2013-06-19 10:45:00+00:00,USGS-05480986,,4.91
2013-06-19 11:00:00+00:00,USGS-05480986,,4.91
2013-06-19 11:15:00+00:00,USGS-05480986,,4.91
2013-06-19 11:30:00+00:00,USGS-05480986,,5.08
2013-06-19 11:45:00+00:00,USGS-05480986,,5.08
2013-06-19 12:00:00+00:00,USGS-05480986,,5.08
2013-06-19 12:15:00+00:00,USGS-05480986,,5.08
2013-06-19 12:30:00+00:00,USGS-05480986,,5.08
2013-06-19 12:45:00+00:00,USGS-05480986,,5.08
2013-06-19 13:00:00+00:00,USGS-05480986,,5.08
2013-06-19 13:15:00+00:00,USGS-05480986,,5.08
2013-06-19 13:30:00+00:00,USGS-05480986,,5.08
2013-06-19 13:45:00+00:00,USGS-05480986,,4.91
2013-06-19 14:00:00+00:00,USGS-05480986,,5.08
2013-06-19 14:15:00+00:00,USGS-05480986,,5.08
2013-06-19 14:30:00+00:00,USGS-05480986,,4.91
2013-06-19 14:45:00+00:00,USGS-05480986,,4.91
2013-06-19 15:00:00+00:00,USGS-05480986,,5.08
2013-06-19 15:15:00+00:00,USGS-05480986,,4.91
2013-06-19 15:30:00+00:00,USGS-05480986,,5.08
2013-06-19 15:45:00+00:00,USGS-05480986,,4.91
2013-06-19 16:00:00+00:00,USGS-05480986,,5.08
2013-06-19 16:15:00+00:00,USGS-05480986,,4.91
2013-06-19 16:30:00+00:00,USGS-05480986,,4.91
2013-06-19 16:45:00+00:00,USGS-05480986,,4.91
2013-06-19 17:00:00+00:00,USGS-05480986,,4.91
2013-06-19 17:15:00+00:00,USGS-05480986,,4.91
2013-06-19 17:30:00+00:00,USGS-05480986,,4.91
2013-06-19 17:45:00+00:00,USGS-05480986,,4.91
2013-06-19 18:00:00+00:00,USGS-05480986,,4.91
2013-06-19 18:15:00+00:00,USGS-05480986,,4.91
2013-06-19 18:30:00+00:00,USGS-05480986,,4.91
2013-06-19 18:45:00+00:00,USGS-05480986,,4.74
2013-06-19 19:00:00+00:00,USGS-05480986,,4.91
2013-06-19 19:15:00+00:00,USGS-05480986,,4.91
2013-06-19 19:30:00+00:00,USGS-05480986,,4.91
2013-06-19 19:45:00+00:00,USGS-05480986,,4.74
2013-06-19 20:00:00+00:00,USGS-05480986,,4.74
2013-06-19 20:15:00+00:00,USGS-05480986,,4.74
2013-06-19 20:30:00+00:00,USGS-05480986,,4.74
2013-06-19 20:45:00+00:00,USGS-05480986,,4.74
2013-06-19 21:00:00+00:00,USGS-05480986,,4.74
2013-06-19 21:15:00+00:00,USGS-05480986,,4.74
2013-06-19 21:30:00+00:00,USGS-05480986,,4.74
2013-06-19 21:45:00+00:00,USGS-05480986,,4.74
2013-06-19 22:00:00+00:00,USGS-05480986,,4.74
2013-06-19 22:15:00+00:00,USGS-05480986,,4.74
2013-06-19 22:30:00+00:00,USGS-05480986,,4.74
2013-06-19 22:45:00+00:00,USGS-05480986,,4.74
2013-06-19 23:00:00+00:00,USGS-05480986,,4.74
2013-06-19 23:15:00+00:00,USGS-05480986,,4.74
2013-06-19 23:30:00+00:00,USGS-05480986,,4.74
2013-06-19 23:45:00+00:00,USGS-05480986,,4.91
2013-06-20 00:00:00+00:00,USGS-05480986,,4.74
2013-06-20 00:15:00+00:00,USGS-05480986,,4.74
2013-06-20 00:30:00+00:00,USGS-05480986,,4.74
2013-06-20 00:45:00+00:00,USGS-05480986,,4.74
2013-06-20 01:00:00+00:00,USGS-05480986,,4.74
2013-06-20 01:15:00+00:00,USGS-05480986,,4.74
2013-06-20 01:30:00+00:00,USGS-05480986,,4.58
2013-06-20 01:45:00+00:00,USGS-05480986,,4.42
2013-06-20 02:00:00+00:00,USGS-05480986,,4.58
2013-06-20 02:15:00+00:00,USGS-05480986,,4.58
2013-06-20 02:30:00+00:00,USGS-05480986,,4.74
2013-06-20 02:45:00+00:00,USGS-05480986,,4.74
2013-06-20 03:00:00+00:00,USGS-05480986,,4.74
2013-06-20 03:15:00+00:00,USGS-05480986,,4.74
2013-06-20 03:30:00+00:00,USGS-05480986,,4.74
2013-06-20 03:45:00+00:00,USGS-05480986,,4.74
2013-06-20 04:00:00+00:00,USGS-05480986,,4.91
2013-06-20 04:15:00+00:00,USGS-05480986,,4.91
2013-06-20 04:30:00+00:00,USGS-05480986,,4.74
2013-06-20 04:45:00+00:00,USGS-05480986,,4.74
2013-06-20 05:00:00+00:00,USGS-05480986,,4.74
2013-06-20 05:15:00+00:00,USGS-05480986,,4.74
2013-06-20 05:30:00+00:00,USGS-05480986,,4.74
2013-06-20 05:45:00+00:00,USGS-05480986,,4.74
2013-06-20 06:00:00+00:00,USGS-05480986,,4.91
2013-06-20 06:15:00+00:00,USGS-05480986,,4.91
2013-06-20 06:30:00+00:00,USGS-05480986,,4.91
2013-06-20 06:45:00+00:00,USGS-05480986,,4.91
2013-06-20 07:00:00+00:00,USGS-05480986,,4.74
2013-06-20 07:15:00+00:00,USGS-05480986,,4.91
2013-06-20 07:30:00+00:00,USGS-05480986,,4.91
2013-06-20 07:45:00+00:00,USGS-05480986,,4.91
2013-06-20 08:00:00+00:00,USGS-05480986,,4.74
2013-06-20 08:15:00+00:00,USGS-05480986,,4.74
2013-06-20 08:30:00+00:00,USGS-05480986,,4.74
2013-06-20 08:45:00+00:00,USGS-05480986,,4.74
2013-06-20 09:00:00+00:00,USGS-05480986,,4.74
2013-06-20 09:15:00+00:00,USGS-05480986,,4.91
2013-06-20 09:30:00+00:00,USGS-05480986,,4.91
2013-06-20 09:45:00+00:00,USGS-05480986,,4.74
2013-06-20 10:00:00+00:00,USGS-05480986,,4.74
2013-06-20 10:15:00+00:00,USGS-05480986,,4.74
2013-06-20 10:30:00+00:00,USGS-05480986,,4.74
2013-06-20 10:45:00+00:00,USGS-05480986,,4.74
2013-06-20 11:00:00+00:00,USGS-05480986,,4.74
2013-06-20 11:15:00+00:00,USGS-05480986,,4.74
2013-06-20 11:30:00+00:00,USGS-05480986,,4.74
2013-06-20 11:45:00+00:00,USGS-05480986,,4.74
2013-06-20 12:00:00+00:00,USGS-05480986,,4.74
2013-06-20 12:15:00+00:00,USGS-05480986,,4.74
2013-06-20 12:30:00+00:00,USGS-05480986,,4.74
2013-06-20 12:45:00+00:00,USGS-05480986,,4.74
2013-06-20 13:00:00+00:00,USGS-05480986,,4.74
2013-06-20 13:15:00+00:00,USGS-05480986,,4.74
2013-06-20 13:30:00+00:00,USGS-05480986,,4.74
2013-06-20 13:45:00+00:00,USGS-05480986,,4.74
2013-06-20 14:00:00+00:00,USGS-05480986,,4.74
2013-06-20 14:15:00+00:00,USGS-05480986,,4.74
2013-06-20 14:30:00+00:00,USGS-05480986,,4.74
2013-06-20 14:45:00+00:00,USGS-05480986,,4.74
2013-06-20 15:00:00+00:00,USGS-05480986,,4.74
2013-06-20 15:15:00+00:00,USGS-05480986,,4.74
2013-06-20 15:30:00+00:00,USGS-05480986,,4.74
2013-06-20 15:45:00+00:00,USGS-05480986,,4.74
2013-06-20 16:00:00+00:00,USGS-05480986,,4.74
2013-06-20 16:15:00+00:00,USGS-05480986,,4.74
2013-06-20 16:30:00+00:00,USGS-05480986,,4.74
2013-06-20 16:45:00+00:00,USGS-05480986,,4.74
2013-06-20 17:00:00+00:00,USGS-05480986,,4.74
2013-06-20 17:15:00+00:00,USGS-05480986,,4.74
2013-06-20 17:30:00+00:00,USGS-05480986,,4.74
2013-06-20 17:45:00+00:00,USGS-05480986,,4.74
2013-06-20 18:00:00+00:00,USGS-05480986,,4.74
2013-06-20 18:15:00+00:00,USGS-05480986,,4.74
2013-06-20 18:30:00+00:00,USGS-05480986,,4.74
2013-06-20 18:45:00+00:00,USGS-05480986,,4.74
2013-06-20 19:00:00+00:00,USGS-05480986,,4.58
2013-06-20 19:15:00+00:00,USGS-05480986,,4.58
2013-06-20 19:30:00+00:00,USGS-05480986,,4.58
2013-06-20 19:45:00+00:00,USGS-05480986,,4.58
2013-06-20 20:00:00+00:00,USGS-05480986,,4.58
2013-06-20 20:15:00+00:00,USGS-05480986,,4.58
2013-06-20 20:30:00+00:00,USGS-05480986,,4.58
2013-06-20 20:45:00+00:00,USGS-05480986,,4.58
2013-06-20 21:00:00+00:00,USGS-05480986,,4.42
2013-06-20 21:15:00+00:00,USGS-05480986,,4.42
2013-06-20 21:30:00+00:00,USGS-05480986,,4.42
2013-06-20 21:45:00+00:00,USGS-05480986,,4.42
2013-06-20 22:00:00+00:00,USGS-05480986,,4.42
2013-06-20 22:15:00+00:00,USGS-05480986,,4.42
2013-06-20 22:30:00+00:00,USGS-05480986,,4.42
2013-06-20 22:45:00+00:00,USGS-05480986,,4.42
2013-06-20 23:00:00+00:00,USGS-05480986,,4.42
2013-06-20 23:15:00+00:00,USGS-05480986,,4.42
2013-06-20 23:30:00+00:00,USGS-05480986,,4.42
2013-06-20 23:45:00+00:00,USGS-05480986,,4.58
2013-06-21 00:00:00+00:00,USGS-05480986,,4.42
2013-06-21 00:15:00+00:00,USGS-05480986,,4.42
2013-06-21 00:30:00+00:00,USGS-05480986,,4.42
2013-06-21 00:45:00+00:00,USGS-05480986,,4.42
2013-06-21 01:00:00+00:00,USGS-05480986,,4.42
2013-06-21 01:15:00+00:00,USGS-05480986,,4.42
2013-06-21 01:30:00+00:00,USGS-05480986,,4.42
2013-06-21 01:45:00+00:00,USGS-05480986,,4.58
2013-06-21 02:00:00+00:00,USGS-05480986,,4.42
2013-06-21 02:15:00+00:00,USGS-05480986,,4.42
2013-06-21 02:30:00+00:00,USGS-05480986,,4.26
2013-06-21 02:45:00+00:00,USGS-05480986,,4.42
2013-06-21 03:00:00+00:00,USGS-05480986,,4.42
2013-06-21 03:15:00+00:00,USGS-05480986,,4.58
2013-06-21 03:30:00+00:00,USGS-05480986,,4.58
2013-06-21 03:45:00+00:00,USGS-05480986,,4.58
2013-06-21 04:00:00+00:00,USGS-05480986,,4.58
2013-06-21 04:15:00+00:00,USGS-05480986,,4.42
2013-06-21 04:30:00+00:00,USGS-05480986,,4.42
2013-06-21 04:45:00+00:00,USGS-05480986,,4.42
2013-06-21 05:00:00+00:00,USGS-05480986,,4.58
2013-06-21 05:15:00+00:00,USGS-05480986,,4.58
2013-06-21 05:30:00+00:00,USGS-05480986,,4.58
2013-06-21 05:45:00+00:00,USGS-05480986,,4.58
2013-06-21 06:00:00+00:00,USGS-05480986,,4.58
2013-06-21 06:15:00+00:00,USGS-05480986,,4.58
2013-06-21 06:30:00+00:00,USGS-05480986,,4.58
2013-06-21 06:45:00+00:00,USGS-05480986,,4.58
2013-06-21 07:00:00+00:00,USGS-05480986,,4.58
2013-06-21 07:15:00+00:00,USGS-05480986,,4.58
2013-06-21 07:30:00+00:00,USGS-05480986,,4.58
2013-06-21 07:45:00+00:00,USGS-05480986,,4.58
2013-06-21 08:00:00+00:00,USGS-05480986,,4.58
2013-06-21 08:15:00+00:00,USGS-05480986,,4.58
2013-06-21 08:30:00+00:00,USGS-05480986,,4.42
2013-06-21 08:45:00+00:00,USGS-05480986,,4.58
2013-06-21 09:00:00+00:00,USGS-05480986,,4.58
2013-06-21 09:15:00+00:00,USGS-05480986,,4.58
2013-06-21 09:30:00+00:00,USGS-05480986,,4.58
2013-06-21 09:45:00+00:00,USGS-05480986,,4.42
2013-06-21 10:00:00+00:00,USGS-05480986,,4.58
2013-06-21 10:15:00+00:00,USGS-05480986,,4.58
2013-06-21 10:30:00+00:00,USGS-05480986,,4.58
2013-06-21 10:45:00+00:00,USGS-05480986,,4.58
2013-06-21 11:00:00+00:00,USGS-05480986,,4.58
2013-06-21 11:15:00+00:00,USGS-05480986,,4.58
2013-06-21 11:30:00+00:00,USGS-05480986,,4.58
2013-06-21 11:45:00+00:00,USGS-05480986,,4.58
2013-06-21 12:00:00+00:00,USGS-05480986,,4.58
2013-06-21 12:15:00+00:00,USGS-05480986,,4.58
2013-06-21 12:30:00+00:00,USGS-05480986,,4.58
2013-06-21 12:45:00+00:00,USGS-05480986,,4.58
2013-06-21 13:00:00+00:00,USGS-05480986,,4.58
2013-06-21 13:15:00+00:00,USGS-05480986,,4.58
2013-06-21 13:30:00+00:00,USGS-05480986,,4.58
2013-06-21 13:45:00+00:00,USGS-05480986,,4.58
2013-06-21 14:00:00+00:00,USGS-05480986,,4.58
2013-06-21 14:15:00+00:00,USGS-05480986,,4.58
2013-06-21 14:30:00+00:00,USGS-05480986,,4.58
2013-06-21 14:45:00+00:00,USGS-05480986,,4.58
2013-06-21 15:00:00+00:00,USGS-05480986,,4.58
2013-06-21 15:15:00+00:00,USGS-05480986,,4.58
2013-06-21 15:30:00+00:00,USGS-05480986,,4.58
2013-06-21 15:45:00+00:00,USGS-05480986,,4.58
2013-06-21 16:00:00+00:00,USGS-05480986,,4.58
2013-06-21 16:15:00+00:00,USGS-05480986,,4.58
2013-06-21 16:30:00+00:00,USGS-05480986,,4.58
2013-06-21 16:45:00+00:00,USGS-05480986,,4.58
2013-06-21 17:00:00+00:00,USGS-05480986,,4.58
2013-06-21 17:15:00+00:00,USGS-05480986,,4.58
2013-06-21 17:30:00+00:00,USGS-05480986,,4.42
2013-06-21 17:45:00+00:00,USGS-05480986,,4.42
2013-06-21 18:00:00+00:00,USGS-05480986,,4.42
2013-06-21 18:15:00+00:00,USGS-05480986,,4.42
2013-06-21 18:30:00+00:00,USGS-05480986,,4.42
2013-06-21 18:45:00+00:00,USGS-05480986,,4.42
2013-06-21 19:00:00+00:00,USGS-05480986,,4.42
2013-06-21 19:15:00+00:00,USGS-05480986,,4.42
2013-06-21 19:30:00+00:00,USGS-05480986,,4.42
2013-06-21 19:45:00+00:00,USGS-05480986,,4.42
2013-06-21 20:00:00+00:00,USGS-05480986,,4.42
2013-06-21 20:15:00+00:00,USGS-05480986,,4.42
2013-06-21 20:30:00+00:00,USGS-05480986,,4.42
2013-06-21 20:45:00+00:00,USGS-05480986,,4.42
2013-06-21 21:00:00+00:00,USGS-05480986,,4.42
2013-06-21 21:15:00+00:00,USGS-05480986,,4.26
2013-06-21 21:30:00+00:00,USGS-05480986,,4.26
2013-06-21 21:45:00+00:00,USGS-05480986,,4.26
2013-06-21 22:00:00+00:00,USGS-05480986,,4.42
2013-06-21 22:15:00+00:00,USGS-05480986,,4.26
2013-06-21 22:30:00+00:00,USGS-05480986,,4.42
2013-06-21 22:45:00+00:00,USGS-05480986,,4.42
2013-06-21 23:00:00+00:00,USGS-05480986,,4.26
2013-06-21 23:15:00+00:00,USGS-05480986,,4.26
2013-06-21 23:30:00+00:00,USGS-05480986,,4.26
2013-06-21 23:45:00+00:00,USGS-05480986,,4.26
2013-06-22 00:00:00+00:00,USGS-05480986,,4.26
2013-06-22 00:15:00+00:00,USGS-05480986,,4.26
2013-06-22 00:30:00+00:00,USGS-05480986,,4.26
2013-06-22 00:45:00+00:00,USGS-05480986,,4.26
2013-06-22 01:00:00+00:00,USGS-05480986,,4.26
2013-06-22 01:15:00+00:00,USGS-05480986,,4.26
2013-06-22 01:30:00+00:00,USGS-05480986,,4.26
2013-06-22 01:45:00+00:00,USGS-05480986,,4.26
2013-06-22 02:00:00+00:00,USGS-05480986,,4.26
2013-06-22 02:15:00+00:00,USGS-05480986,,4.26
2013-06-22 02:30:00+00:00,USGS-05480986,,4.26
2013-06-22 02:45:00+00:00,USGS-05480986,,4.42
2013-06-22 03:00:00+00:00,USGS-05480986,,4.42
2013-06-22 03:15:00+00:00,USGS-05480986,,4.42
2013-06-22 03:30:00+00:00,USGS-05480986,,4.42
2013-06-22 03:45:00+00:00,USGS-05480986,,4.42
2013-06-22 04:00:00+00:00,USGS-05480986,,4.42
2013-06-22 04:15:00+00:00,USGS-05480986,,4.42
2013-06-22 04:30:00+00:00,USGS-05480986,,4.42
2013-06-22 04:45:00+00:00,USGS-05480986,,4.42
2013-06-22 05:00:00+00:00,USGS-05480986,,4.58
2013-06-22 05:15:00+00:00,USGS-05480986,,4.42
2013-06-22 05:30:00+00:00,USGS-05480986,,4.42
2013-06-22 05:45:00+00:00,USGS-05480986,,4.42
2013-06-22 06:00:00+00:00,USGS-05480986,,4.42
2013-06-22 06:15:00+00:00,USGS-05480986,,4.42
2013-06-22 06:30:00+00:00,USGS-05480986,,4.42
2013-06-22 06:45:00+00:00,USGS-05480986,,4.42
2013-06-22 07:00:00+00:00,USGS-05480986,,4.42
2013-06-22 07:15:00+00:00,USGS-05480986,,4.42
2013-06-22 07:30:00+00:00,USGS-05480986,,4.42
2013-06-22 07:45:00+00:00,USGS-05480986,,4.42
2013-06-22 08:00:00+00:00,USGS-05480986,,4.42
2013-06-22 08:15:00+00:00,USGS-05480986,,4.26
2013-06-22 08:30:00+00:00,USGS-05480986,,4.26
2013-06-22 08:45:00+00:00,USGS-05480986,,4.26
2013-06-22 09:00:00+00:00,USGS-05480986,,4.11
2013-06-22 09:15:00+00:00,USGS-05480986,,4.26
2013-06-22 09:30:00+00:00,USGS-05480986,,4.26
2013-06-22 09:45:00+00:00,USGS-05480986,,4.26
2013-06-22 10:00:00+00:00,USGS-05480986,,4.26
2013-06-22 10:15:00+00:00,USGS-05480986,,4.26
2013-06-22 10:30:00+00:00,USGS-05480986,,4.26
2013-06-22 10:45:00+00:00,USGS-05480986,,4.26
2013-06-22 11:00:00+00:00,USGS-05480986,,4.26
2013-06-22 11:15:00+00:00,USGS-05480986,,4.26
2013-06-22 11:30:00+00:00,USGS-05480986,,4.26
2013-06-22 11:45:00+00:00,USGS-05480986,,4.26
2013-06-22 12:00:00+00:00,USGS-05480986,,4.26
2013-06-22 12:15:00+00:00,USGS-05480986,,4.26
2013-06-22 12:30:00+00:00,USGS-05480986,,4.26
2013-06-22 12:45:00+00:00,USGS-05480986,,4.26
2013-06-22 13:00:00+00:00,USGS-05480986,,4.26
2013-06-22 13:15:00+00:00,USGS-05480986,,4.26
2013-06-22 13:30:00+00:00,USGS-05480986,,4.26
2013-06-22 13:45:00+00:00,USGS-05480986,,4.26
2013-06-22 14:00:00+00:00,USGS-05480986,,4.26
2013-06-22 14:15:00+00:00,USGS-05480986,,4.26
2013-06-22 14:30:00+00:00,USGS-05480986,,4.26
2013-06-22 14:45:00+00:00,USGS-05480986,,4.26
2013-06-22 15:00:00+00:00,USGS-05480986,,4.26
2013-06-22 15:15:00+00:00,USGS-05480986,,4.26
2013-06-22 15:30:00+00:00,USGS-05480986,,4.26
2013-06-22 15:45:00+00:00,USGS-05480986,,4.26
2013-06-22 16:00:00+00:00,USGS-05480986,,4.26
2013-06-22 16:15:00+00:00,USGS-05480986,,4.26
2013-06-22 16:30:00+00:00,USGS-05480986,,4.11
2013-06-22 16:45:00+00:00,USGS-05480986,,4.11
2013-06-22 17:00:00+00:00,USGS-05480986,,4.11
2013-06-22 17:15:00+00:00,USGS-05480986,,4.11
2013-06-22 17:30:00+00:00,USGS-05480986,,4.11
2013-06-22 17:45:00+00:00,USGS-05480986,,4.11
2013-06-22 18:00:00+00:00,USGS-05480986,,4.11
2013-06-22 18:15:00+00:00,USGS-05480986,,4.11
2013-06-22 18:30:00+00:00,USGS-05480986,,4.11
2013-06-22 18:45:00+00:00,USGS-05480986,,4.11
2013-06-22 19:00:00+00:00,USGS-05480986,,4.11
2013-06-22 19:15:00+00:00,USGS-05480986,,4.11
2013-06-22 19:30:00+00:00,USGS-05480986,,4.11
2013-06-22 19:45:00+00:00,USGS-05480986,,4.11
2013-06-22 20:00:00+00:00,USGS-05480986,,4.11
2013-06-22 20:15:00+00:00,USGS-05480986,,4.11
2013-06-22 20:30:00+00:00,USGS-05480986,,4.11
2013-06-22 20:45:00+00:00,USGS-05480986,,4.11
2013-06-22 21:00:00+00:00,USGS-05480986,,4.11
2013-06-22 21:15:00+00:00,USGS-05480986,,4.11
2013-06-22 21:30:00+00:00,USGS-05480986,,3.95
2013-06-22 21:45:00+00:00,USGS-05480986,,3.95
2013-06-22 22:00:00+00:00,USGS-05480986,,3.95
2013-06-22 22:15:00+00:00,USGS-05480986,,3.95
2013-06-22 22:30:00+00:00,USGS-05480986,,3.95
2013-06-22 22:45:00+00:00,USGS-05480986,,3.95
2013-06-22 23:00:00+00:00,USGS-05480986,,3.95
2013-06-22 23:15:00+00:00,USGS-05480986,,3.95
2013-06-22 23:30:00+00:00,USGS-05480986,,3.95
2013-06-22 23:45:00+00:00,USGS-05480986,,3.95
2013-06-23 00:00:00+00:00,USGS-05480986,,3.95
2013-06-23 00:15:00+00:00,USGS-05480986,,4.11
2013-06-23 00:30:00+00:00,USGS-05480986,,4.11
2013-06-23 00:45:00+00:00,USGS-05480986,,4.11
2013-06-23 01:00:00+00:00,USGS-05480986,,4.11
2013-06-23 01:15:00+00:00,USGS-05480986,,4.11
2013-06-23 01:30:00+00:00,USGS-05480986,,4.11
2013-06-23 01:45:00+00:00,USGS-05480986,,4.11
2013-06-23 02:00:00+00:00,USGS-05480986,,4.11
2013-06-23 02:15:00+00:00,USGS-05480986,,4.11
2013-06-23 02:30:00+00:00,USGS-05480986,,4.11
2013-06-23 02:45:00+00:00,USGS-05480986,,4.11
2013-06-23 03:00:00+00:00,USGS-05480986,,4.11
2013-06-23 03:15:00+00:00,USGS-05480986,,4.11
2013-06-23 03:30:00+00:00,USGS-05480986,,4.11
2013-06-23 03:45:00+00:00,USGS-05480986,,4.26
2013-06-23 04:00:00+00:00,USGS-05480986,,4.11
2013-06-23 04:15:00+00:00,USGS-05480986,,4.11
2013-06-23 04:30:00+00:00,USGS-05480986,,4.11
2013-06-23 04:45:00+00:00,USGS-05480986,,4.11
2013-06-23 05:00:00+00:00,USGS-05480986,41.1,4.11
2013-06-23 05:15:00+00:00,USGS-05480986,41.2,4.11
2013-06-23 05:30:00+00:00,USGS-05480986,41.1,4.11
2013-06-23 05:45:00+00:00,USGS-05480986,41.1,4.11
2013-06-23 06:00:00+00:00,USGS-05480986,41.1,4.11
2013-06-23 06:15:00+00:00,USGS-05480986,41.1,4.26
2013-06-23 06:30:00+00:00,USGS-05480986,41.0,4.11
2013-06-23 06:45:00+00:00,USGS-05480986,41.0,4.11
2013-06-23 07:00:00+00:00,USGS-05480986,40.9,4.11
2013-06-23 07:15:00+00:00,USGS-05480986,40.9,4.11
2013-06-23 07:30:00+00:00,USGS-05480986,40.9,4.11
2013-06-23 07:45:00+00:00,USGS-05480986,40.9,4.11
2013-06-23 08:00:00+00:00,USGS-05480986,40.9,4.11
2013-06-23 08:15:00+00:00,USGS-05480986,40.9,4.11
2013-06-23 08:30:00+00:00,USGS-05480986,40.9,4.11
2013-06-23 08:45:00+00:00,USGS-05480986,40.9,4.11
2013-06-23 09:00:00+00:00,USGS-05480986,40.9,4.11
2013-06-23 09:15:00+00:00,USGS-05480986,40.8,4.11
2013-06-23 09:30:00+00:00,USGS-05480986,40.9,4.11
2013-06-23 09:45:00+00:00,USGS-05480986,40.8,4.11
2013-06-23 10:00:00+00:00,USGS-05480986,40.8,4.11
2013-06-23 10:15:00+00:00,USGS-05480986,40.8,4.11
2013-06-23 10:30:00+00:00,USGS-05480986,40.8,4.11
2013-06-23 10:45:00+00:00,USGS-05480986,40.8,4.11
2013-06-23 11:00:00+00:00,USGS-05480986,40.8,4.11
2013-06-23 11:15:00+00:00,USGS-05480986,40.8,4.11
2013-06-23 11:30:00+00:00,USGS-05480986,40.8,4.11
2013-06-23 11:45:00+00:00,USGS-05480986,40.8,4.11
2013-06-23 12:00:00+00:00,USGS-05480986,40.6,4.26
2013-06-23 12:15:00+00:00,USGS-05480986,40.5,4.11
2013-06-23 12:30:00+00:00,USGS-05480986,39.9,4.42
2013-06-23 12:45:00+00:00,USGS-05480986,39.8,4.42
2013-06-23 13:00:00+00:00,USGS-05480986,39.8,4.42
2013-06-23 13:15:00+00:00,USGS-05480986,39.8,4.42
2013-06-23 13:30:00+00:00,USGS-05480986,39.8,4.42
2013-06-23 13:45:00+00:00,USGS-05480986,39.8,4.58
2013-06-23 14:00:00+00:00,USGS-05480986,40.0,4.42
2013-06-23 14:15:00+00:00,USGS-05480986,40.0,4.58
2013-06-23 14:30:00+00:00,USGS-05480986,40.0,4.58
2013-06-23 14:45:00+00:00,USGS-05480986,39.9,4.58
2013-06-23 15:00:00+00:00,USGS-05480986,39.7,4.58
2013-06-23 15:15:00+00:00,USGS-05480986,39.6,4.42
2013-06-23 15:30:00+00:00,USGS-05480986,39.5,4.42
2013-06-23 15:45:00+00:00,USGS-05480986,39.5,4.42
2013-06-23 16:00:00+00:00,USGS-05480986,39.5,4.42
2013-06-23 16:15:00+00:00,USGS-05480986,39.5,4.42
2013-06-23 16:30:00+00:00,USGS-05480986,39.5,4.42
2013-06-23 16:45:00+00:00,USGS-05480986,39.5,4.42
2013-06-23 17:00:00+00:00,USGS-05480986,39.5,4.42
2013-06-23 17:15:00+00:00,USGS-05480986,39.5,4.42
2013-06-23 17:30:00+00:00,USGS-05480986,39.5,4.42
2013-06-23 17:45:00+00:00,USGS-05480986,39.5,4.42
2013-06-23 18:00:00+00:00,USGS-05480986,39.5,4.26
2013-06-23 18:15:00+00:00,USGS-05480986,39.5,4.26
2013-06-23 18:30:00+00:00,USGS-05480986,39.5,4.26
2013-06-23 18:45:00+00:00,USGS-05480986,39.5,4.26
2013-06-23 19:00:00+00:00,USGS-05480986,39.6,4.26
2013-06-23 19:15:00+00:00,USGS-05480986,39.6,4.26
2013-06-23 19:30:00+00:00,USGS-05480986,39.7,4.11
2013-06-23 19:45:00+00:00,USGS-05480986,39.7,4.11
2013-06-23 20:00:00+00:00,USGS-05480986,39.8,4.11
2013-06-23 20:15:00+00:00,USGS-05480986,39.8,4.11
2013-06-23 20:30:00+00:00,USGS-05480986,39.8,3.95
2013-06-23 20:45:00+00:00,USGS-05480986,39.9,3.95
2013-06-23 21:00:00+00:00,USGS-05480986,40.0,3.95
2013-06-23 21:15:00+00:00,USGS-05480986,40.0,3.95
2013-06-23 21:30:00+00:00,USGS-05480986,40.0,3.95
2013-06-23 21:45:00+00:00,USGS-05480986,40.0,3.95
2013-06-23 22:00:00+00:00,USGS-05480986,39.9,3.95
2013-06-23 22:15:00+00:00,USGS-05480986,39.9,3.95
2013-06-23 22:30:00+00:00,USGS-05480986,39.8,3.95
2013-06-23 22:45:00+00:00,USGS-05480986,39.8,3.95
2013-06-23 23:00:00+00:00,USGS-05480986,39.8,3.95
2013-06-23 23:15:00+00:00,USGS-05480986,39.8,3.95
2013-06-23 23:30:00+00:00,USGS-05480986,39.8,3.95
2013-06-23 23:45:00+00:00,USGS-05480986,39.8,3.95
2013-06-24 00:00:00+00:00,USGS-05480986,39.8,3.95
2013-06-24 00:15:00+00:00,USGS-05480986,39.8,3.95
2013-06-24 00:30:00+00:00,USGS-05480986,39.8,3.95
2013-06-24 00:45:00+00:00,USGS-05480986,39.8,3.95
2013-06-24 01:00:00+00:00,USGS-05480986,39.8,3.95
2013-06-24 01:15:00+00:00,USGS-05480986,39.9,3.95
2013-06-24 01:30:00+00:00,USGS-05480986,39.9,3.95
2013-06-24 01:45:00+00:00,USGS-05480986,40.0,3.95
2013-06-24 02:00:00+00:00,USGS-05480986,40.0,3.79
2013-06-24 02:15:00+00:00,USGS-05480986,40.0,3.79
2013-06-24 02:30:00+00:00,USGS-05480986,40.0,3.79
2013-06-24 02:45:00+00:00,USGS-05480986,40.0,3.95
2013-06-24 03:00:00+00:00,USGS-05480986,40.0,3.79
2013-06-24 03:15:00+00:00,USGS-05480986,40.1,3.79
2013-06-24 03:30:00+00:00,USGS-05480986,40.0,3.95
2013-06-24 03:45:00+00:00,USGS-05480986,40.0,3.95
2013-06-24 04:00:00+00:00,USGS-05480986,40.0,3.95
2013-06-24 04:15:00+00:00,USGS-05480986,40.0,3.95
2013-06-24 04:30:00+00:00,USGS-05480986,40.0,3.95
2013-06-24 04:45:00+00:00,USGS-05480986,40.0,3.95
2013-06-24 05:00:00+00:00,USGS-05480986,40.0,3.95
2013-06-24 05:15:00+00:00,USGS-05480986,40.0,3.95
2013-06-24 05:30:00+00:00,USGS-05480986,40.0,3.95
2013-06-24 05:45:00+00:00,USGS-05480986,40.0,3.95
2013-06-24 06:00:00+00:00,USGS-05480986,40.0,3.95
2013-06-24 06:15:00+00:00,USGS-05480986,40.0,3.95
2013-06-24 06:30:00+00:00,USGS-05480986,40.0,3.95
2013-06-24 06:45:00+00:00,USGS-05480986,40.0,3.95
2013-06-24 07:00:00+00:00,USGS-05480986,40.0,3.79
2013-06-24 07:15:00+00:00,USGS-05480986,40.0,3.95
2013-06-24 07:30:00+00:00,USGS-05480986,40.0,3.95
2013-06-24 07:45:00+00:00,USGS-05480986,40.0,3.95
2013-06-24 08:00:00+00:00,USGS-05480986,40.0,3.95
2013-06-24 08:15:00+00:00,USGS-05480986,40.0,3.95
2013-06-24 08:30:00+00:00,USGS-05480986,40.1,3.95
2013-06-24 08:45:00+00:00,USGS-05480986,40.1,3.95
2013-06-24 09:00:00+00:00,USGS-05480986,40.1,3.95
2013-06-24 09:15:00+00:00,USGS-05480986,40.2,3.79
2013-06-24 09:30:00+00:00,USGS-05480986,40.2,3.79
2013-06-24 09:45:00+00:00,USGS-05480986,40.3,3.79
2013-06-24 10:00:00+00:00,USGS-05480986,40.3,3.95
2013-06-24 10:15:00+00:00,USGS-05480986,40.3,3.95
2013-06-24 10:30:00+00:00,USGS-05480986,40.3,3.95
2013-06-24 10:45:00+00:00,USGS-05480986,40.3,3.95
2013-06-24 11:00:00+00:00,USGS-05480986,40.3,3.95
2013-06-24 11:15:00+00:00,USGS-05480986,40.3,3.95
2013-06-24 11:30:00+00:00,USGS-05480986,40.3,3.79
2013-06-24 11:45:00+00:00,USGS-05480986,40.3,3.95
2013-06-24 12:00:00+00:00,USGS-05480986,40.3,3.79
2013-06-24 12:15:00+00:00,USGS-05480986,40.3,3.95
2013-06-24 12:30:00+00:00,USGS-05480986,40.3,3.95
2013-06-24 12:45:00+00:00,USGS-05480986,40.3,3.79
2013-06-24 13:00:00+00:00,USGS-05480986,40.3,3.79
2013-06-24 13:15:00+00:00,USGS-05480986,40.3,3.79
2013-06-24 13:30:00+00:00,USGS-05480986,40.3,3.79
2013-06-24 13:45:00+00:00,USGS-05480986,40.3,3.95
2013-06-24 14:00:00+00:00,USGS-05480986,40.3,3.95
2013-06-24 14:15:00+00:00,USGS-05480986,40.2,3.95
2013-06-24 14:30:00+00:00,USGS-05480986,40.3,3.95
2013-06-24 14:45:00+00:00,USGS-05480986,40.2,3.95
2013-06-24 15:00:00+00:00,USGS-05480986,40.2,3.95
2013-06-24 15:15:00+00:00,USGS-05480986,39.0,4.91
2013-06-24 15:30:00+00:00,USGS-05480986,10.5,15.4
2013-06-24 15:45:00+00:00,USGS-05480986,23.1,11.6
2013-06-24 16:00:00+00:00,USGS-05480986,29.7,9.38
2013-06-24 16:15:00+00:00,USGS-05480986,30.2,8.37
2013-06-24 16:30:00+00:00,USGS-05480986,30.9,8.62
2013-06-24 16:45:00+00:00,USGS-05480986,32.8,9.38
2013-06-24 17:00:00+00:00,USGS-05480986,34.7,10.9
2013-06-24 17:15:00+00:00,USGS-05480986,34.9,15.4
2013-06-24 17:30:00+00:00,USGS-05480986,34.9,20.1
2013-06-24 17:45:00+00:00,USGS-05480986,33.1,24.9
2013-06-24 18:00:00+00:00,USGS-05480986,10.1,96.2
2013-06-24 18:15:00+00:00,USGS-05480986,,153.0
2013-06-24 18:30:00+00:00,USGS-05480986,,177.0
2013-06-24 18:45:00+00:00,USGS-05480986,,198.0
2013-06-24 19:00:00+00:00,USGS-05480986,8.77,222.0
2013-06-24 19:15:00+00:00,USGS-05480986,,246.0
2013-06-24 19:30:00+00:00,USGS-05480986,11.3,260.0
2013-06-24 19:45:00+00:00,USGS-05480986,9.15,293.0
2013-06-24 20:00:00+00:00,USGS-05480986,8.39,306.0
2013-06-24 20:15:00+00:00,USGS-05480986,8.29,316.0
2013-06-24 20:30:00+00:00,USGS-05480986,8.52,322.0
2013-06-24 20:45:00+00:00,USGS-05480986,8.1,320.0
2013-06-24 21:00:00+00:00,USGS-05480986,8.0,318.0
2013-06-24 21:15:00+00:00,USGS-05480986,8.02,316.0
2013-06-24 21:30:00+00:00,USGS-05480986,8.21,317.0
2013-06-24 21:45:00+00:00,USGS-05480986,8.48,304.0
2013-06-24 22:00:00+00:00,USGS-05480986,8.79,300.0
2013-06-24 22:15:00+00:00,USGS-05480986,9.18,291.0
2013-06-24 22:30:00+00:00,USGS-05480986,9.15,286.0
2013-06-24 22:45:00+00:00,USGS-05480986,9.57,274.0
2013-06-24 23:00:00+00:00,USGS-05480986,11.2,258.0
2013-06-24 23:15:00+00:00,USGS-05480986,11.4,247.0
2013-06-24 23:30:00+00:00,USGS-05480986,,235.0
2013-06-24 23:45:00+00:00,USGS-05480986,13.9,222.0
2013-06-25 00:00:00+00:00,USGS-05480986,14.8,209.0
2013-06-25 00:15:00+00:00,USGS-05480986,15.7,193.0
2013-06-25 00:30:00+00:00,USGS-05480986,16.3,182.0
2013-06-25 00:45:00+00:00,USGS-05480986,16.7,170.0
2013-06-25 01:00:00+00:00,USGS-05480986,17.4,159.0
2013-06-25 01:15:00+00:00,USGS-05480986,17.5,149.0
2013-06-25 01:30:00+00:00,USGS-05480986,17.8,142.0
2013-06-25 01:45:00+00:00,USGS-05480986,18.0,137.0
2013-06-25 02:00:00+00:00,USGS-05480986,18.1,132.0
2013-06-25 02:15:00+00:00,USGS-05480986,18.1,130.0
2013-06-25 02:30:00+00:00,USGS-05480986,18.2,128.0
2013-06-25 02:45:00+00:00,USGS-05480986,18.0,130.0
2013-06-25 03:00:00+00:00,USGS-05480986,17.6,129.0
2013-06-25 03:15:00+00:00,USGS-05480986,17.1,128.0
2013-06-25 03:30:00+00:00,USGS-05480986,17.0,127.0
2013-06-25 03:45:00+00:00,USGS-05480986,16.8,128.0
2013-06-25 04:00:00+00:00,USGS-05480986,16.7,127.0
2013-06-25 04:15:00+00:00,USGS-05480986,16.8,126.0
2013-06-25 04:30:00+00:00,USGS-05480986,16.8,126.0
2013-06-25 04:45:00+00:00,USGS-05480986,16.7,126.0
2013-06-25 05:00:00+00:00,USGS-05480986,16.7,122.0
2013-06-25 05:15:00+00:00,USGS-05480986,16.8,125.0
2013-06-25 05:30:00+00:00,USGS-05480986,16.8,122.0
2013-06-25 05:45:00+00:00,USGS-05480986,16.8,122.0
2013-06-25 06:00:00+00:00,USGS-05480986,16.9,121.0
2013-06-25 06:15:00+00:00,USGS-05480986,16.9,120.0
2013-06-25 06:30:00+00:00,USGS-05480986,16.9,118.0
2013-06-25 06:45:00+00:00,USGS-05480986,16.9,116.0
2013-06-25 07:00:00+00:00,USGS-05480986,16.9,117.0
2013-06-25 07:15:00+00:00,USGS-05480986,16.9,116.0
2013-06-25 07:30:00+00:00,USGS-05480986,16.9,115.0
2013-06-25 07:45:00+00:00,USGS-05480986,17.0,114.0
2013-06-25 08:00:00+00:00,USGS-05480986,17.1,114.0
2013-06-25 08:15:00+00:00,USGS-05480986,17.1,114.0
2013-06-25 08:30:00+00:00,USGS-05480986,17.1,113.0
2013-06-25 08:45:00+00:00,USGS-05480986,17.1,111.0
2013-06-25 09:00:00+00:00,USGS-05480986,17.2,111.0
2013-06-25 09:15:00+00:00,USGS-05480986,17.3,111.0
2013-06-25 09:30:00+00:00,USGS-05480986,17.3,110.0
2013-06-25 09:45:00+00:00,USGS-05480986,17.3,110.0
2013-06-25 10:00:00+00:00,USGS-05480986,17.3,108.0
2013-06-25 10:15:00+00:00,USGS-05480986,17.3,108.0
2013-06-25 10:30:00+00:00,USGS-05480986,17.3,109.0
2013-06-25 10:45:00+00:00,USGS-05480986,17.3,107.0
2013-06-25 11:00:00+00:00,USGS-05480986,17.3,108.0
2013-06-25 11:15:00+00:00,USGS-05480986,17.3,106.0
2013-06-25 11:30:00+00:00,USGS-05480986,17.3,105.0
2013-06-25 11:45:00+00:00,USGS-05480986,17.4,105.0
2013-06-25 12:00:00+00:00,USGS-05480986,17.4,104.0
2013-06-25 12:15:00+00:00,USGS-05480986,17.4,105.0
2013-06-25 12:30:00+00:00,USGS-05480986,17.4,104.0
2013-06-25 12:45:00+00:00,USGS-05480986,17.4,104.0
2013-06-25 13:00:00+00:00,USGS-05480986,17.4,103.0
2013-06-25 13:15:00+00:00,USGS-05480986,17.4,104.0
2013-06-25 13:30:00+00:00,USGS-05480986,17.4,103.0
2013-06-25 13:45:00+00:00,USGS-05480986,17.4,101.0
2013-06-25 14:00:00+00:00,USGS-05480986,17.4,104.0
2013-06-25 14:15:00+00:00,USGS-05480986,17.4,104.0
2013-06-25 14:30:00+00:00,USGS-05480986,17.4,102.0
2013-06-25 14:45:00+00:00,USGS-05480986,17.5,101.0
2013-06-25 15:00:00+00:00,USGS-05480986,17.5,101.0
2013-06-25 15:15:00+00:00,USGS-05480986,17.7,102.0
2013-06-25 15:30:00+00:00,USGS-05480986,17.8,102.0
2013-06-25 15:45:00+00:00,USGS-05480986,17.9,103.0
2013-06-25 16:00:00+00:00,USGS-05480986,17.9,101.0
2013-06-25 16:15:00+00:00,USGS-05480986,18.0,101.0
2013-06-25 16:30:00+00:00,USGS-05480986,18.1,101.0
2013-06-25 16:45:00+00:00,USGS-05480986,18.3,101.0
2013-06-25 17:00:00+00:00,USGS-05480986,18.3,99.5
2013-06-25 17:15:00+00:00,USGS-05480986,18.3,100.0
2013-06-25 17:30:00+00:00,USGS-05480986,18.3,100.0
2013-06-25 17:45:00+00:00,USGS-05480986,18.3,101.0
2013-06-25 18:00:00+00:00,USGS-05480986,18.3,100.0
2013-06-25 18:15:00+00:00,USGS-05480986,18.3,99.5
2013-06-25 18:30:00+00:00,USGS-05480986,,100.0
2013-06-25 18:45:00+00:00,USGS-05480986,18.5,98.3
2013-06-25 19:00:00+00:00,USGS-05480986,18.6,99.0
2013-06-25 19:15:00+00:00,USGS-05480986,18.6,99.0
2013-06-25 19:30:00+00:00,USGS-05480986,18.7,99.0
2013-06-25 19:45:00+00:00,USGS-05480986,18.7,97.2
2013-06-25 20:00:00+00:00,USGS-05480986,18.8,97.2
2013-06-25 20:15:00+00:00,USGS-05480986,18.9,96.5
2013-06-25 20:30:00+00:00,USGS-05480986,18.9,95.9
2013-06-25 20:45:00+00:00,USGS-05480986,19.0,96.5
2013-06-25 21:00:00+00:00,USGS-05480986,19.0,96.0
2013-06-25 21:15:00+00:00,USGS-05480986,19.0,94.7
2013-06-25 21:30:00+00:00,USGS-05480986,19.0,96.0
2013-06-25 21:45:00+00:00,USGS-05480986,19.0,94.1
2013-06-25 22:00:00+00:00,USGS-05480986,19.0,95.4
2013-06-25 22:15:00+00:00,USGS-05480986,19.0,94.8
2013-06-25 22:30:00+00:00,USGS-05480986,19.0,93.6
2013-06-25 22:45:00+00:00,USGS-05480986,18.9,94.2
2013-06-25 23:00:00+00:00,USGS-05480986,18.9,94.2
2013-06-25 23:15:00+00:00,USGS-05480986,18.9,91.7
2013-06-25 23:30:00+00:00,USGS-05480986,18.9,93.0
2013-06-25 23:45:00+00:00,USGS-05480986,18.9,93.6
2013-06-26 00:00:00+00:00,USGS-05480986,18.8,92.4
2013-06-26 00:15:00+00:00,USGS-05480986,18.9,91.1
2013-06-26 00:30:00+00:00,USGS-05480986,,91.1
2013-06-26 00:45:00+00:00,USGS-05480986,18.8,91.8
2013-06-26 01:00:00+00:00,USGS-05480986,18.8,91.8
2013-06-26 01:15:00+00:00,USGS-05480986,18.7,91.8
2013-06-26 01:30:00+00:00,USGS-05480986,18.7,91.1
2013-06-26 01:45:00+00:00,USGS-05480986,18.7,91.8
2013-06-26 02:00:00+00:00,USGS-05480986,18.7,89.3
2013-06-26 02:15:00+00:00,USGS-05480986,18.7,89.3
2013-06-26 02:30:00+00:00,USGS-05480986,18.7,89.9
2013-06-26 02:45:00+00:00,USGS-05480986,18.6,89.3
2013-06-26 03:00:00+00:00,USGS-05480986,18.6,90.0
2013-06-26 03:15:00+00:00,USGS-05480986,18.6,88.1
2013-06-26 03:30:00+00:00,USGS-05480986,18.6,89.4
2013-06-26 03:45:00+00:00,USGS-05480986,18.6,88.1
2013-06-26 04:00:00+00:00,USGS-05480986,18.7,88.8
2013-06-26 04:15:00+00:00,USGS-05480986,18.7,87.6
2013-06-26 04:30:00+00:00,USGS-05480986,18.8,86.9
2013-06-26 04:45:00+00:00,USGS-05480986,18.8,86.3
2013-06-26 05:00:00+00:00,USGS-05480986,,85.1
2013-06-26 05:15:00+00:00,USGS-05480986,,85.8
2013-06-26 05:30:00+00:00,USGS-05480986,,85.1
2013-06-26 05:45:00+00:00,USGS-05480986,,85.1
2013-06-26 06:00:00+00:00,USGS-05480986,,83.9
2013-06-26 06:15:00+00:00,USGS-05480986,,83.9
2013-06-26 06:30:00+00:00,USGS-05480986,,83.4
2013-06-26 06:45:00+00:00,USGS-05480986,,82.8
2013-06-26 07:00:00+00:00,USGS-05480986,,82.2
2013-06-26 07:15:00+00:00,USGS-05480986,,82.8
2013-06-26 07:30:00+00:00,USGS-05480986,,82.2
2013-06-26 07:45:00+00:00,USGS-05480986,,81.0
2013-06-26 08:00:00+00:00,USGS-05480986,,81.6
2013-06-26 08:15:00+00:00,USGS-05480986,,81.0
2013-06-26 08:30:00+00:00,USGS-05480986,,81.0
2013-06-26 08:45:00+00:00,USGS-05480986,,79.8
2013-06-26 09:00:00+00:00,USGS-05480986,,79.9
2013-06-26 09:15:00+00:00,USGS-05480986,,79.3
2013-06-26 09:30:00+00:00,USGS-05480986,,79.3
2013-06-26 09:45:00+00:00,USGS-05480986,,77.5
2013-06-26 10:00:00+00:00,USGS-05480986,,78.8
2013-06-26 10:15:00+00:00,USGS-05480986,,76.4
2013-06-26 10:30:00+00:00,USGS-05480986,,74.7
2013-06-26 10:45:00+00:00,USGS-05480986,,75.8
2013-06-26 11:00:00+00:00,USGS-05480986,,75.8
2013-06-26 11:15:00+00:00,USGS-05480986,,73.6
2013-06-26 11:30:00+00:00,USGS-05480986,,73.6
2013-06-26 11:45:00+00:00,USGS-05480986,,71.9
2013-06-26 12:00:00+00:00,USGS-05480986,,72.5
2013-06-26 12:15:00+00:00,USGS-05480986,,71.9
2013-06-26 12:30:00+00:00,USGS-05480986,,70.3
2013-06-26 12:45:00+00:00,USGS-05480986,,69.7
2013-06-26 13:00:00+00:00,USGS-05480986,,69.1
2013-06-26 13:15:00+00:00,USGS-05480986,,69.1
2013-06-26 13:30:00+00:00,USGS-05480986,,69.1
2013-06-26 13:45:00+00:00,USGS-05480986,,67.5
2013-06-26 14:00:00+00:00,USGS-05480986,,67.5
2013-06-26 14:15:00+00:00,USGS-05480986,,67.0
2013-06-26 14:30:00+00:00,USGS-05480986,,65.8
2013-06-26 14:45:00+00:00,USGS-05480986,,64.7
2013-06-26 15:00:00+00:00,USGS-05480986,,64.2
2013-06-26 15:15:00+00:00,USGS-05480986,,63.6
2013-06-26 15:30:00+00:00,USGS-05480986,,63.6
2013-06-26 15:45:00+00:00,USGS-05480986,,64.2
2013-06-26 16:00:00+00:00,USGS-05480986,,63.1
2013-06-26 16:15:00+00:00,USGS-05480986,,62.6
2013-06-26 16:30:00+00:00,USGS-05480986,,62.6
2013-06-26 16:45:00+00:00,USGS-05480986,,62.0
2013-06-26 17:00:00+00:00,USGS-05480986,,62.6
2013-06-26 17:15:00+00:00,USGS-05480986,,62.1
2013-06-26 17:30:00+00:00,USGS-05480986,,62.6
2013-06-26 17:45:00+00:00,USGS-05480986,,62.6
2013-06-26 18:00:00+00:00,USGS-05480986,,62.1
2013-06-26 18:15:00+00:00,USGS-05480986,,62.1
2013-06-26 18:30:00+00:00,USGS-05480986,,61.0
2013-06-26 18:45:00+00:00,USGS-05480986,,60.0
2013-06-26 19:00:00+00:00,USGS-05480986,,60.0
2013-06-26 19:15:00+00:00,USGS-05480986,,58.4
2013-06-26 19:30:00+00:00,USGS-05480986,,58.9
2013-06-26 19:45:00+00:00,USGS-05480986,,57.9
2013-06-26 20:00:00+00:00,USGS-05480986,,57.4
2013-06-26 20:15:00+00:00,USGS-05480986,,57.4
2013-06-26 20:30:00+00:00,USGS-05480986,,55.8
2013-06-26 20:45:00+00:00,USGS-05480986,,54.8
2013-06-26 21:00:00+00:00,USGS-05480986,,54.8
2013-06-26 21:15:00+00:00,USGS-05480986,,53.8
2013-06-26 21:30:00+00:00,USGS-05480986,,53.8
2013-06-26 21:45:00+00:00,USGS-05480986,,53.3
2013-06-26 22:00:00+00:00,USGS-05480986,,51.8
2013-06-26 22:15:00+00:00,USGS-05480986,,51.8
2013-06-26 22:30:00+00:00,USGS-05480986,,51.8
2013-06-26 22:45:00+00:00,USGS-05480986,,51.3
2013-06-26 23:00:00+00:00,USGS-05480986,,51.3
2013-06-26 23:15:00+00:00,USGS-05480986,,50.4
2013-06-26 23:30:00+00:00,USGS-05480986,,49.8
2013-06-26 23:45:00+00:00,USGS-05480986,,49.3
2013-06-27 00:00:00+00:00,USGS-05480986,,49.3
2013-06-27 00:15:00+00:00,USGS-05480986,,48.3
2013-06-27 00:30:00+00:00,USGS-05480986,,48.3
2013-06-27 00:45:00+00:00,USGS-05480986,,48.3
2013-06-27 01:00:00+00:00,USGS-05480986,,48.3
2013-06-27 01:15:00+00:00,USGS-05480986,,47.8
2013-06-27 01:30:00+00:00,USGS-05480986,,47.8
2013-06-27 01:45:00+00:00,USGS-05480986,,47.9
2013-06-27 02:00:00+00:00,USGS-05480986,,46.8
2013-06-27 02:15:00+00:00,USGS-05480986,,46.8
2013-06-27 02:30:00+00:00,USGS-05480986,,46.8
2013-06-27 02:45:00+00:00,USGS-05480986,,45.8
2013-06-27 03:00:00+00:00,USGS-05480986,,45.4
2013-06-27 03:15:00+00:00,USGS-05480986,,46.4
2013-06-27 03:30:00+00:00,USGS-05480986,,45.4
2013-06-27 03:45:00+00:00,USGS-05480986,,45.4
2013-06-27 04:00:00+00:00,USGS-05480986,,44.9
2013-06-27 04:15:00+00:00,USGS-05480986,,44.9
2013-06-27 04:30:00+00:00,USGS-05480986,,45.4
2013-06-27 04:45:00+00:00,USGS-05480986,,44.4
2013-06-27 05:00:00+00:00,USGS-05480986,,44.4
2013-06-27 05:15:00+00:00,USGS-05480986,,44.0
2013-06-27 05:30:00+00:00,USGS-05480986,,45.0
2013-06-27 05:45:00+00:00,USGS-05480986,,44.0
2013-06-27 06:00:00+00:00,USGS-05480986,,43.5
2013-06-27 06:15:00+00:00,USGS-05480986,,43.0
2013-06-27 06:30:00+00:00,USGS-05480986,,42.6
2013-06-27 06:45:00+00:00,USGS-05480986,,43.1
2013-06-27 07:00:00+00:00,USGS-05480986,,42.6
2013-06-27 07:15:00+00:00,USGS-05480986,,43.1
2013-06-27 07:30:00+00:00,USGS-05480986,,42.6
2013-06-27 07:45:00+00:00,USGS-05480986,,42.2
2013-06-27 08:00:00+00:00,USGS-05480986,,42.2
2013-06-27 08:15:00+00:00,USGS-05480986,,42.2
2013-06-27 08:30:00+00:00,USGS-05480986,,42.2
2013-06-27 08:45:00+00:00,USGS-05480986,,41.7
2013-06-27 09:00:00+00:00,USGS-05480986,,40.8
2013-06-27 09:15:00+00:00,USGS-05480986,,41.7
2013-06-27 09:30:00+00:00,USGS-05480986,,41.3
2013-06-27 09:45:00+00:00,USGS-05480986,,40.8
2013-06-27 10:00:00+00:00,USGS-05480986,,41.3
2013-06-27 10:15:00+00:00,USGS-05480986,,40.4
2013-06-27 10:30:00+00:00,USGS-05480986,,40.4
2013-06-27 10:45:00+00:00,USGS-05480986,,40.8
2013-06-27 11:00:00+00:00,USGS-05480986,,39.9
2013-06-27 11:15:00+00:00,USGS-05480986,,39.9
2013-06-27 11:30:00+00:00,USGS-05480986,,39.5
2013-06-27 11:45:00+00:00,USGS-05480986,,39.5
2013-06-27 12:00:00+00:00,USGS-05480986,,39.5
2013-06-27 12:15:00+00:00,USGS-05480986,,39.0
2013-06-27 12:30:00+00:00,USGS-05480986,,38.5
2013-06-27 12:45:00+00:00,USGS-05480986,,39.0
2013-06-27 13:00:00+00:00,USGS-05480986,,38.5
2013-06-27 13:15:00+00:00,USGS-05480986,,38.5
2013-06-27 13:30:00+00:00,USGS-05480986,,37.6
2013-06-27 13:45:00+00:00,USGS-05480986,,37.6
2013-06-27 14:00:00+00:00,USGS-05480986,,37.6
2013-06-27 14:15:00+00:00,USGS-05480986,,37.6
2013-06-27 14:30:00+00:00,USGS-05480986,,36.7
2013-06-27 14:45:00+00:00,USGS-05480986,,36.7
2013-06-27 15:00:00+00:00,USGS-05480986,,36.7
2013-06-27 15:15:00+00:00,USGS-05480986,,37.2
2013-06-27 15:30:00+00:00,USGS-05480986,,36.7
2013-06-27 15:45:00+00:00,USGS-05480986,,37.2
2013-06-27 16:00:00+00:00,USGS-05480986,,36.2
2013-06-27 16:15:00+00:00,USGS-05480986,,36.7
2013-06-27 16:30:00+00:00,USGS-05480986,,35.8
2013-06-27 16:45:00+00:00,USGS-05480986,,35.8
2013-06-27 17:00:00+00:00,USGS-05480986,,35.3
2013-06-27 17:15:00+00:00,USGS-05480986,,35.8
2013-06-27 17:30:00+00:00,USGS-05480986,,34.9
2013-06-27 17:45:00+00:00,USGS-05480986,,35.3
2013-06-27 18:00:00+00:00,USGS-05480986,,34.9
2013-06-27 18:15:00+00:00,USGS-05480986,,34.4
2013-06-27 18:30:00+00:00,USGS-05480986,,34.4
2013-06-27 18:45:00+00:00,USGS-05480986,,34.4
2013-06-27 19:00:00+00:00,USGS-05480986,,34.4
2013-06-27 19:15:00+00:00,USGS-05480986,,34.0
2013-06-27 19:30:00+00:00,USGS-05480986,,34.0
2013-06-27 19:45:00+00:00,USGS-05480986,,34.0
2013-06-27 20:00:00+00:00,USGS-05480986,,34.0
2013-06-27 20:15:00+00:00,USGS-05480986,,34.0
2013-06-27 20:30:00+00:00,USGS-05480986,,33.5
2013-06-27 20:45:00+00:00,USGS-05480986,,33.5
2013-06-27 21:00:00+00:00,USGS-05480986,,33.1
2013-06-27 21:15:00+00:00,USGS-05480986,,32.6
2013-06-27 21:30:00+00:00,USGS-05480986,,32.6
2013-06-27 21:45:00+00:00,USGS-05480986,,31.8
2013-06-27 22:00:00+00:00,USGS-05480986,,31.8
2013-06-27 22:15:00+00:00,USGS-05480986,,31.3
2013-06-27 22:30:00+00:00,USGS-05480986,,31.3
2013-06-27 22:45:00+00:00,USGS-05480986,,30.5
2013-06-27 23:00:00+00:00,USGS-05480986,,30.9
2013-06-27 23:15:00+00:00,USGS-05480986,,30.5
2013-06-27 23:30:00+00:00,USGS-05480986,,30.1
2013-06-27 23:45:00+00:00,USGS-05480986,,30.1
2013-06-28 00:00:00+00:00,USGS-05480986,,29.7
2013-06-28 00:15:00+00:00,USGS-05480986,,28.8
2013-06-28 00:30:00+00:00,USGS-05480986,,28.4
2013-06-28 00:45:00+00:00,USGS-05480986,,27.6
2013-06-28 01:00:00+00:00,USGS-05480986,,27.6
2013-06-28 01:15:00+00:00,USGS-05480986,,26.9
2013-06-28 01:30:00+00:00,USGS-05480986,,26.9
2013-06-28 01:45:00+00:00,USGS-05480986,,26.5
2013-06-28 02:00:00+00:00,USGS-05480986,,26.1
2013-06-28 02:15:00+00:00,USGS-05480986,,25.7
2013-06-28 02:30:00+00:00,USGS-05480986,,25.7
2013-06-28 02:45:00+00:00,USGS-05480986,,25.7
2013-06-28 03:00:00+00:00,USGS-05480986,,25.7
2013-06-28 03:15:00+00:00,USGS-05480986,,24.9
2013-06-28 03:30:00+00:00,USGS-05480986,,24.9
2013-06-28 03:45:00+00:00,USGS-05480986,,24.5
2013-06-28 04:00:00+00:00,USGS-05480986,,24.9
2013-06-28 04:15:00+00:00,USGS-05480986,,24.5
2013-06-28 04:30:00+00:00,USGS-05480986,,23.8
2013-06-28 04:45:00+00:00,USGS-05480986,,23.8
2013-06-28 05:00:00+00:00,USGS-05480986,,23.8
2013-06-28 05:15:00+00:00,USGS-05480986,,24.1
2013-06-28 05:30:00+00:00,USGS-05480986,,23.4
2013-06-28 05:45:00+00:00,USGS-05480986,,23.4
2013-06-28 06:00:00+00:00,USGS-05480986,,23.4
2013-06-28 06:15:00+00:00,USGS-05480986,,23.4
2013-06-28 06:30:00+00:00,USGS-05480986,,23.4
2013-06-28 06:45:00+00:00,USGS-05480986,,23.0
2013-06-28 07:00:00+00:00,USGS-05480986,,22.6
2013-06-28 07:15:00+00:00,USGS-05480986,,22.6
2013-06-28 07:30:00+00:00,USGS-05480986,,23.0
2013-06-28 07:45:00+00:00,USGS-05480986,,22.6
2013-06-28 08:00:00+00:00,USGS-05480986,,22.3
2013-06-28 08:15:00+00:00,USGS-05480986,,22.3
2013-06-28 08:30:00+00:00,USGS-05480986,,21.9
2013-06-28 08:45:00+00:00,USGS-05480986,,22.3
2013-06-28 09:00:00+00:00,USGS-05480986,,21.6
2013-06-28 09:15:00+00:00,USGS-05480986,,21.6
2013-06-28 09:30:00+00:00,USGS-05480986,,21.9
2013-06-28 09:45:00+00:00,USGS-05480986,,21.6
2013-06-28 10:00:00+00:00,USGS-05480986,,21.6
2013-06-28 10:15:00+00:00,USGS-05480986,,21.2
2013-06-28 10:30:00+00:00,USGS-05480986,,21.2
2013-06-28 10:45:00+00:00,USGS-05480986,,21.6
2013-06-28 11:00:00+00:00,USGS-05480986,,21.2
2013-06-28 11:15:00+00:00,USGS-05480986,,20.8
2013-06-28 11:30:00+00:00,USGS-05480986,,20.8
2013-06-28 11:45:00+00:00,USGS-05480986,,20.8
2013-06-28 12:00:00+00:00,USGS-05480986,,20.5
2013-06-28 12:15:00+00:00,USGS-05480986,,20.5
2013-06-28 12:30:00+00:00,USGS-05480986,,20.5
2013-06-28 12:45:00+00:00,USGS-05480986,,20.1
2013-06-28 13:00:00+00:00,USGS-05480986,,20.1
2013-06-28 13:15:00+00:00,USGS-05480986,,19.8
2013-06-28 13:30:00+00:00,USGS-05480986,,19.8
2013-06-28 13:45:00+00:00,USGS-05480986,,19.8
2013-06-28 14:00:00+00:00,USGS-05480986,,19.8
2013-06-28 14:15:00+00:00,USGS-05480986,,19.8
2013-06-28 14:30:00+00:00,USGS-05480986,,19.8
2013-06-28 14:45:00+00:00,USGS-05480986,,19.8
2013-06-28 15:00:00+00:00,USGS-05480986,,19.5
2013-06-28 15:15:00+00:00,USGS-05480986,,19.5
2013-06-28 15:30:00+00:00,USGS-05480986,,19.5
2013-06-28 15:45:00+00:00,USGS-05480986,,19.8
2013-06-28 16:00:00+00:00,USGS-05480986,,19.1
2013-06-28 16:15:00+00:00,USGS-05480986,,19.5
2013-06-28 16:30:00+00:00,USGS-05480986,,19.1
2013-06-28 16:45:00+00:00,USGS-05480986,,18.8
2013-06-28 17:00:00+00:00,USGS-05480986,,18.8
2013-06-28 17:15:00+00:00,USGS-05480986,,18.8
2013-06-28 17:30:00+00:00,USGS-05480986,,18.8
2013-06-28 17:45:00+00:00,USGS-05480986,,18.5
2013-06-28 18:00:00+00:00,USGS-05480986,,18.5
2013-06-28 18:15:00+00:00,USGS-05480986,,18.5
2013-06-28 18:30:00+00:00,USGS-05480986,,18.5
2013-06-28 18:45:00+00:00,USGS-05480986,,18.1
2013-06-28 19:00:00+00:00,USGS-05480986,,18.1
2013-06-28 19:15:00+00:00,USGS-05480986,,18.1
2013-06-28 19:30:00+00:00,USGS-05480986,,18.1
2013-06-28 19:45:00+00:00,USGS-05480986,,18.1
2013-06-28 20:00:00+00:00,USGS-05480986,,18.1
2013-06-28 20:15:00+00:00,USGS-05480986,,17.8
2013-06-28 20:30:00+00:00,USGS-05480986,,17.8
2013-06-28 20:45:00+00:00,USGS-05480986,,17.5
2013-06-28 21:00:00+00:00,USGS-05480986,,17.5
2013-06-28 21:15:00+00:00,USGS-05480986,,17.5
2013-06-28 21:30:00+00:00,USGS-05480986,,17.5
2013-06-28 21:45:00+00:00,USGS-05480986,,17.2
2013-06-28 22:00:00+00:00,USGS-05480986,,17.2
2013-06-28 22:15:00+00:00,USGS-05480986,,16.9
2013-06-28 22:30:00+00:00,USGS-05480986,,16.9
2013-06-28 22:45:00+00:00,USGS-05480986,,16.9
2013-06-28 23:00:00+00:00,USGS-05480986,,16.6
2013-06-28 23:15:00+00:00,USGS-05480986,,16.6
2013-06-28 23:30:00+00:00,USGS-05480986,,16.9
2013-06-28 23:45:00+00:00,USGS-05480986,,16.6
2013-06-29 00:00:00+00:00,USGS-05480986,,16.3
2013-06-29 00:15:00+00:00,USGS-05480986,,16.3
2013-06-29 00:30:00+00:00,USGS-05480986,,16.3
2013-06-29 00:45:00+00:00,USGS-05480986,,16.3
2013-06-29 01:00:00+00:00,USGS-05480986,,16.0
2013-06-29 01:15:00+00:00,USGS-05480986,,16.0
2013-06-29 01:30:00+00:00,USGS-05480986,,16.0
2013-06-29 01:45:00+00:00,USGS-05480986,,16.0
2013-06-29 02:00:00+00:00,USGS-05480986,,15.7
2013-06-29 02:15:00+00:00,USGS-05480986,,15.7
2013-06-29 02:30:00+00:00,USGS-05480986,,15.4
2013-06-29 02:45:00+00:00,USGS-05480986,,15.7
2013-06-29 03:00:00+00:00,USGS-05480986,,15.4
2013-06-29 03:15:00+00:00,USGS-05480986,,15.4
2013-06-29 03:30:00+00:00,USGS-05480986,,15.7
2013-06-29 03:45:00+00:00,USGS-05480986,,15.1
2013-06-29 04:00:00+00:00,USGS-05480986,,15.1
2013-06-29 04:15:00+00:00,USGS-05480986,,15.1
2013-06-29 04:30:00+00:00,USGS-05480986,,15.1
2013-06-29 04:45:00+00:00,USGS-05480986,,14.8
2013-06-29 05:00:00+00:00,USGS-05480986,30.1,14.8
2013-06-29 05:15:00+00:00,USGS-05480986,30.2,14.5
2013-06-29 05:30:00+00:00,USGS-05480986,30.3,14.8
2013-06-29 05:45:00+00:00,USGS-05480986,30.4,14.5
2013-06-29 06:00:00+00:00,USGS-05480986,30.4,14.5
2013-06-29 06:15:00+00:00,USGS-05480986,30.6,14.8
2013-06-29 06:30:00+00:00,USGS-05480986,30.8,14.2
2013-06-29 06:45:00+00:00,USGS-05480986,30.9,14.2
2013-06-29 07:00:00+00:00,USGS-05480986,31.0,14.2
2013-06-29 07:15:00+00:00,USGS-05480986,30.9,14.2
2013-06-29 07:30:00+00:00,USGS-05480986,31.0,14.2
2013-06-29 07:45:00+00:00,USGS-05480986,31.0,14.0
2013-06-29 08:00:00+00:00,USGS-05480986,31.2,14.2
2013-06-29 08:15:00+00:00,USGS-05480986,31.2,14.0
2013-06-29 08:30:00+00:00,USGS-05480986,31.3,14.0
2013-06-29 08:45:00+00:00,USGS-05480986,31.4,13.7
2013-06-29 09:00:00+00:00,USGS-05480986,31.4,13.7
2013-06-29 09:15:00+00:00,USGS-05480986,31.5,13.7
2013-06-29 09:30:00+00:00,USGS-05480986,31.5,14.0
2013-06-29 09:45:00+00:00,USGS-05480986,31.6,13.7
2013-06-29 10:00:00+00:00,USGS-05480986,31.6,13.7
2013-06-29 10:15:00+00:00,USGS-05480986,31.6,13.7
2013-06-29 10:30:00+00:00,USGS-05480986,31.8,13.7
2013-06-29 10:45:00+00:00,USGS-05480986,31.7,13.4
2013-06-29 11:00:00+00:00,USGS-05480986,31.8,13.7
2013-06-29 11:15:00+00:00,USGS-05480986,31.8,13.4
2013-06-29 11:30:00+00:00,USGS-05480986,31.8,13.4
2013-06-29 11:45:00+00:00,USGS-05480986,31.9,13.4
2013-06-29 12:00:00+00:00,USGS-05480986,31.9,13.1
2013-06-29 12:15:00+00:00,USGS-05480986,31.9,13.1
2013-06-29 12:30:00+00:00,USGS-05480986,32.0,13.1
2013-06-29 12:45:00+00:00,USGS-05480986,32.0,13.1
2013-06-29 13:00:00+00:00,USGS-05480986,32.1,13.1
2013-06-29 13:15:00+00:00,USGS-05480986,32.1,13.1
2013-06-29 13:30:00+00:00,USGS-05480986,32.1,13.1
2013-06-29 13:45:00+00:00,USGS-05480986,32.2,13.1
2013-06-29 14:00:00+00:00,USGS-05480986,32.1,12.9
2013-06-29 14:15:00+00:00,USGS-05480986,32.3,12.9
2013-06-29 14:30:00+00:00,USGS-05480986,32.3,12.9
2013-06-29 14:45:00+00:00,USGS-05480986,32.3,12.9
2013-06-29 15:00:00+00:00,USGS-05480986,32.3,12.6
2013-06-29 15:15:00+00:00,USGS-05480986,32.3,12.6
2013-06-29 15:30:00+00:00,USGS-05480986,32.4,12.9
2013-06-29 15:45:00+00:00,USGS-05480986,32.4,12.6
2013-06-29 16:00:00+00:00,USGS-05480986,32.5,12.4
2013-06-29 16:15:00+00:00,USGS-05480986,32.5,12.4
2013-06-29 16:30:00+00:00,USGS-05480986,32.5,12.4
2013-06-29 16:45:00+00:00,USGS-05480986,32.5,12.4
2013-06-29 17:00:00+00:00,USGS-05480986,32.5,12.4
2013-06-29 17:15:00+00:00,USGS-05480986,32.6,12.4
2013-06-29 17:30:00+00:00,USGS-05480986,32.7,12.6
2013-06-29 17:45:00+00:00,USGS-05480986,32.7,12.1
2013-06-29 18:00:00+00:00,USGS-05480986,32.7,12.1
2013-06-29 18:15:00+00:00,USGS-05480986,32.8,12.1
2013-06-29 18:30:00+00:00,USGS-05480986,32.8,12.6
2013-06-29 18:45:00+00:00,USGS-05480986,32.7,12.1
2013-06-29 19:00:00+00:00,USGS-05480986,32.8,11.9
2013-06-29 19:15:00+00:00,USGS-05480986,32.8,11.9
2013-06-29 19:30:00+00:00,USGS-05480986,32.8,11.6
2013-06-29 19:45:00+00:00,USGS-05480986,33.0,11.9
2013-06-29 20:00:00+00:00,USGS-05480986,32.8,11.6
2013-06-29 20:15:00+00:00,USGS-05480986,33.0,11.6
2013-06-29 20:30:00+00:00,USGS-05480986,33.0,11.6
2013-06-29 20:45:00+00:00,USGS-05480986,33.1,11.6
2013-06-29 21:00:00+00:00,USGS-05480986,33.0,11.4
2013-06-29 21:15:00+00:00,USGS-05480986,33.0,11.4
2013-06-29 21:30:00+00:00,USGS-05480986,33.1,11.4
2013-06-29 21:45:00+00:00,USGS-05480986,33.0,11.4
2013-06-29 22:00:00+00:00,USGS-05480986,33.1,11.4
2013-06-29 22:15:00+00:00,USGS-05480986,33.2,11.1
2013-06-29 22:30:00+00:00,USGS-05480986,33.2,11.1
2013-06-29 22:45:00+00:00,USGS-05480986,33.1,11.1
2013-06-29 23:00:00+00:00,USGS-05480986,33.2,11.1
2013-06-29 23:15:00+00:00,USGS-05480986,33.3,11.1
2013-06-29 23:30:00+00:00,USGS-05480986,33.3,10.9
2013-06-29 23:45:00+00:00,USGS-05480986,33.2,10.9
2013-06-30 00:00:00+00:00,USGS-05480986,33.3,10.9
2013-06-30 00:15:00+00:00,USGS-05480986,33.4,10.9
2013-06-30 00:30:00+00:00,USGS-05480986,33.4,10.9
2013-06-30 00:45:00+00:00,USGS-05480986,33.4,10.9
2013-06-30 01:00:00+00:00,USGS-05480986,33.4,10.9
2013-06-30 01:15:00+00:00,USGS-05480986,33.4,10.9
2013-06-30 01:30:00+00:00,USGS-05480986,33.4,10.9
2013-06-30 01:45:00+00:00,USGS-05480986,33.5,10.9
2013-06-30 02:00:00+00:00,USGS-05480986,33.5,10.6
2013-06-30 02:15:00+00:00,USGS-05480986,33.5,10.6
2013-06-30 02:30:00+00:00,USGS-05480986,33.5,10.6
2013-06-30 02:45:00+00:00,USGS-05480986,33.6,10.6
2013-06-30 03:00:00+00:00,USGS-05480986,33.6,10.6
2013-06-30 03:15:00+00:00,USGS-05480986,33.5,10.6
2013-06-30 03:30:00+00:00,USGS-05480986,33.7,10.6
2013-06-30 03:45:00+00:00,USGS-05480986,33.6,10.6
2013-06-30 04:00:00+00:00,USGS-05480986,33.6,10.6
2013-06-30 04:15:00+00:00,USGS-05480986,33.5,10.4
2013-06-30 04:30:00+00:00,USGS-05480986,33.5,10.6
2013-06-30 04:45:00+00:00,USGS-05480986,33.5,10.4
2013-06-30 05:00:00+00:00,USGS-05480986,33.6,10.4
2013-06-30 05:15:00+00:00,USGS-05480986,33.5,10.4
2013-06-30 05:30:00+00:00,USGS-05480986,33.6,10.4
2013-06-30 05:45:00+00:00,USGS-05480986,33.6,10.4
2013-06-30 06:00:00+00:00,USGS-05480986,33.6,10.4
2013-06-30 06:15:00+00:00,USGS-05480986,33.6,10.4
2013-06-30 06:30:00+00:00,USGS-05480986,33.5,10.4
2013-06-30 06:45:00+00:00,USGS-05480986,33.6,10.4
2013-06-30 07:00:00+00:00,USGS-05480986,33.7,10.4
2013-06-30 07:15:00+00:00,USGS-05480986,33.6,10.2
2013-06-30 07:30:00+00:00,USGS-05480986,33.7,10.2
2013-06-30 07:45:00+00:00,USGS-05480986,33.6,10.2
2013-06-30 08:00:00+00:00,USGS-05480986,33.6,10.2
2013-06-30 08:15:00+00:00,USGS-05480986,33.6,10.2
2013-06-30 08:30:00+00:00,USGS-05480986,33.7,10.2
2013-06-30 08:45:00+00:00,USGS-05480986,33.6,10.2
2013-06-30 09:00:00+00:00,USGS-05480986,33.7,10.2
2013-06-30 09:15:00+00:00,USGS-05480986,33.7,10.2
2013-06-30 09:30:00+00:00,USGS-05480986,33.8,10.2
2013-06-30 09:45:00+00:00,USGS-05480986,33.7,10.2
2013-06-30 10:00:00+00:00,USGS-05480986,33.8,10.2
2013-06-30 10:15:00+00:00,USGS-05480986,33.7,10.2
2013-06-30 10:30:00+00:00,USGS-05480986,33.7,9.91
2013-06-30 10:45:00+00:00,USGS-05480986,33.7,9.91
2013-06-30 11:00:00+00:00,USGS-05480986,33.8,9.91
2013-06-30 11:15:00+00:00,USGS-05480986,33.8,9.91
2013-06-30 11:30:00+00:00,USGS-05480986,33.7,9.91
2013-06-30 11:45:00+00:00,USGS-05480986,33.8,9.91
2013-06-30 12:00:00+00:00,USGS-05480986,33.8,9.91
2013-06-30 12:15:00+00:00,USGS-05480986,33.8,9.91
2013-06-30 12:30:00+00:00,USGS-05480986,33.8,9.91
2013-06-30 12:45:00+00:00,USGS-05480986,33.8,9.91
2013-06-30 13:00:00+00:00,USGS-05480986,33.8,9.64
2013-06-30 13:15:00+00:00,USGS-05480986,33.8,9.64
2013-06-30 13:30:00+00:00,USGS-05480986,33.9,9.64
2013-06-30 13:45:00+00:00,USGS-05480986,33.9,9.64
2013-06-30 14:00:00+00:00,USGS-05480986,33.8,9.64
2013-06-30 14:15:00+00:00,USGS-05480986,33.9,9.64
2013-06-30 14:30:00+00:00,USGS-05480986,33.9,9.64
2013-06-30 14:45:00+00:00,USGS-05480986,33.9,9.64
2013-06-30 15:00:00+00:00,USGS-05480986,33.9,9.64
2013-06-30 15:15:00+00:00,USGS-05480986,33.9,9.64
2013-06-30 15:30:00+00:00,USGS-05480986,34.0,9.38
2013-06-30 15:45:00+00:00,USGS-05480986,33.9,9.38
2013-06-30 16:00:00+00:00,USGS-05480986,33.9,9.38
2013-06-30 16:15:00+00:00,USGS-05480986,33.9,9.38
2013-06-30 16:30:00+00:00,USGS-05480986,34.0,9.38
2013-06-30 16:45:00+00:00,USGS-05480986,33.9,9.38
2013-06-30 17:00:00+00:00,USGS-05480986,34.0,9.38
2013-06-30 17:15:00+00:00,USGS-05480986,34.0,9.12
2013-06-30 17:30:00+00:00,USGS-05480986,34.0,9.12
2013-06-30 17:45:00+00:00,USGS-05480986,34.0,9.12
2013-06-30 18:00:00+00:00,USGS-05480986,34.0,9.12
2013-06-30 18:15:00+00:00,USGS-05480986,34.0,9.12
2013-06-30 18:30:00+00:00,USGS-05480986,34.1,9.12
2013-06-30 18:45:00+00:00,USGS-05480986,34.1,9.38
2013-06-30 19:00:00+00:00,USGS-05480986,34.0,9.12
2013-06-30 19:15:00+00:00,USGS-05480986,34.2,9.38
2013-06-30 19:30:00+00:00,USGS-05480986,34.1,9.12
2013-06-30 19:45:00+00:00,USGS-05480986,34.2,8.87
2013-06-30 20:00:00+00:00,USGS-05480986,34.2,8.87
2013-06-30 20:15:00+00:00,USGS-05480986,34.2,8.87
2013-06-30 20:30:00+00:00,USGS-05480986,34.3,8.87
2013-06-30 20:45:00+00:00,USGS-05480986,34.2,8.87
2013-06-30 21:00:00+00:00,USGS-05480986,34.3,8.87
2013-06-30 21:15:00+00:00,USGS-05480986,34.3,8.62
2013-06-30 21:30:00+00:00,USGS-05480986,34.3,8.62
2013-06-30 21:45:00+00:00,USGS-05480986,34.3,8.87
2013-06-30 22:00:00+00:00,USGS-05480986,34.4,8.62
2013-06-30 22:15:00+00:00,USGS-05480986,34.4,8.62
2013-06-30 22:30:00+00:00,USGS-05480986,34.4,8.62
2013-06-30 22:45:00+00:00,USGS-05480986,34.4,8.62
2013-06-30 23:00:00+00:00,USGS-05480986,34.5,8.62
2013-06-30 23:15:00+00:00,USGS-05480986,34.4,8.62
2013-06-30 23:30:00+00:00,USGS-05480986,34.4,8.37
2013-06-30 23:45:00+00:00,USGS-05480986,34.5,8.37
2013-07-01 00:00:00+00:00,USGS-05480986,34.5,8.37
2013-07-01 00:15:00+00:00,USGS-05480986,34.5,8.62
2013-07-01 00:30:00+00:00,USGS-05480986,34.4,8.37
2013-07-01 00:45:00+00:00,USGS-05480986,34.5,8.37
2013-07-01 01:00:00+00:00,USGS-05480986,34.6,8.37
2013-07-01 01:15:00+00:00,USGS-05480986,34.5,8.37
2013-07-01 01:30:00+00:00,USGS-05480986,34.4,8.37
2013-07-01 01:45:00+00:00,USGS-05480986,34.5,8.37
2013-07-01 02:00:00+00:00,USGS-05480986,34.5,8.37
2013-07-01 02:15:00+00:00,USGS-05480986,34.6,8.37
2013-07-01 02:30:00+00:00,USGS-05480986,34.5,8.37
2013-07-01 02:45:00+00:00,USGS-05480986,34.6,8.37
2013-07-01 03:00:00+00:00,USGS-05480986,34.6,8.37
2013-07-01 03:15:00+00:00,USGS-05480986,34.6,8.37
2013-07-01 03:30:00+00:00,USGS-05480986,34.6,8.37
2013-07-01 03:45:00+00:00,USGS-05480986,34.8,8.37
2013-07-01 04:00:00+00:00,USGS-05480986,34.6,8.37
2013-07-01 04:15:00+00:00,USGS-05480986,34.7,8.37
2013-07-01 04:30:00+00:00,USGS-05480986,34.8,8.37
2013-07-01 04:45:00+00:00,USGS-05480986,34.8,8.37
2013-07-01 05:00:00+00:00,USGS-05480986,34.8,8.37
2013-07-01 05:15:00+00:00,USGS-05480986,34.8,8.37
2013-07-01 05:30:00+00:00,USGS-05480986,34.8,8.37
2013-07-01 05:45:00+00:00,USGS-05480986,34.8,8.13
2013-07-01 06:00:00+00:00,USGS-05480986,34.7,8.13
2013-07-01 06:15:00+00:00,USGS-05480986,34.7,8.13
2013-07-01 06:30:00+00:00,USGS-05480986,34.8,8.13
2013-07-01 06:45:00+00:00,USGS-05480986,34.8,8.13
2013-07-01 07:00:00+00:00,USGS-05480986,34.6,8.13
2013-07-01 07:15:00+00:00,USGS-05480986,34.8,8.13
2013-07-01 07:30:00+00:00,USGS-05480986,34.8,8.13
2013-07-01 07:45:00+00:00,USGS-05480986,34.8,8.13
2013-07-01 08:00:00+00:00,USGS-05480986,34.8,8.13
2013-07-01 08:15:00+00:00,USGS-05480986,34.8,8.13
2013-07-01 08:30:00+00:00,USGS-05480986,34.8,8.13
2013-07-01 08:45:00+00:00,USGS-05480986,34.9,8.13
2013-07-01 09:00:00+00:00,USGS-05480986,34.8,8.13
2013-07-01 09:15:00+00:00,USGS-05480986,34.8,8.13
2013-07-01 09:30:00+00:00,USGS-05480986,34.8,7.9
2013-07-01 09:45:00+00:00,USGS-05480986,34.9,8.13
2013-07-01 10:00:00+00:00,USGS-05480986,34.8,7.9
2013-07-01 10:15:00+00:00,USGS-05480986,34.8,7.9
2013-07-01 10:30:00+00:00,USGS-05480986,34.9,8.13
2013-07-01 10:45:00+00:00,USGS-05480986,34.9,7.9
2013-07-01 11:00:00+00:00,USGS-05480986,34.8,8.13
2013-07-01 11:15:00+00:00,USGS-05480986,34.9,7.9
2013-07-01 11:30:00+00:00,USGS-05480986,34.9,7.9
2013-07-01 11:45:00+00:00,USGS-05480986,34.9,7.9
2013-07-01 12:00:00+00:00,USGS-05480986,34.8,7.9
2013-07-01 12:15:00+00:00,USGS-05480986,34.8,7.9
2013-07-01 12:30:00+00:00,USGS-05480986,35.0,7.9
2013-07-01 12:45:00+00:00,USGS-05480986,34.9,7.9
2013-07-01 13:00:00+00:00,USGS-05480986,35.0,7.9
2013-07-01 13:15:00+00:00,USGS-05480986,34.9,7.9
2013-07-01 13:30:00+00:00,USGS-05480986,34.9,7.9
2013-07-01 13:45:00+00:00,USGS-05480986,34.9,7.9
2013-07-01 14:00:00+00:00,USGS-05480986,35.0,7.9
2013-07-01 14:15:00+00:00,USGS-05480986,35.0,7.9
2013-07-01 14:30:00+00:00,USGS-05480986,35.0,7.9
2013-07-01 14:45:00+00:00,USGS-05480986,35.0,7.67
2013-07-01 15:00:00+00:00,USGS-05480986,35.0,7.67
2013-07-01 15:15:00+00:00,USGS-05480986,35.0,7.67
2013-07-01 15:30:00+00:00,USGS-05480986,35.0,7.67
2013-07-01 15:45:00+00:00,USGS-05480986,35.1,7.67
2013-07-01 16:00:00+00:00,USGS-05480986,35.0,7.67
2013-07-01 16:15:00+00:00,USGS-05480986,35.2,7.67
2013-07-01 16:30:00+00:00,USGS-05480986,35.1,7.67
2013-07-01 16:45:00+00:00,USGS-05480986,35.2,7.67
2013-07-01 17:00:00+00:00,USGS-05480986,35.1,7.44
2013-07-01 17:15:00+00:00,USGS-05480986,35.1,7.44
2013-07-01 17:30:00+00:00,USGS-05480986,35.2,7.44
2013-07-01 17:45:00+00:00,USGS-05480986,35.2,7.44
2013-07-01 18:00:00+00:00,USGS-05480986,35.3,7.44
2013-07-01 18:15:00+00:00,USGS-05480986,35.2,7.44
2013-07-01 18:30:00+00:00,USGS-05480986,35.3,7.44
2013-07-01 18:45:00+00:00,USGS-05480986,35.4,7.44
2013-07-01 19:00:00+00:00,USGS-05480986,35.3,7.22
2013-07-01 19:15:00+00:00,USGS-05480986,35.3,7.22
2013-07-01 19:30:00+00:00,USGS-05480986,35.3,7.22
2013-07-01 19:45:00+00:00,USGS-05480986,35.5,7.44
2013-07-01 20:00:00+00:00,USGS-05480986,35.4,7.22
2013-07-01 20:15:00+00:00,USGS-05480986,35.4,7.22
2013-07-01 20:30:00+00:00,USGS-05480986,35.4,7.22
2013-07-01 20:45:00+00:00,USGS-05480986,35.4,7.22
2013-07-01 21:00:00+00:00,USGS-05480986,35.4,7.22
2013-07-01 21:15:00+00:00,USGS-05480986,35.5,7.01
2013-07-01 21:30:00+00:00,USGS-05480986,35.5,7.01
2013-07-01 21:45:00+00:00,USGS-05480986,35.5,7.22
2013-07-01 22:00:00+00:00,USGS-05480986,35.6,7.01
2013-07-01 22:15:00+00:00,USGS-05480986,35.6,7.01
2013-07-01 22:30:00+00:00,USGS-05480986,35.5,7.01
2013-07-01 22:45:00+00:00,USGS-05480986,35.6,7.01
2013-07-01 23:00:00+00:00,USGS-05480986,35.6,7.22
2013-07-01 23:15:00+00:00,USGS-05480986,35.6,7.01
2013-07-01 23:30:00+00:00,USGS-05480986,35.7,7.01
2013-07-01 23:45:00+00:00,USGS-05480986,35.6,7.01
2013-07-02 00:00:00+00:00,USGS-05480986,35.7,7.01
2013-07-02 00:15:00+00:00,USGS-05480986,35.6,7.01
2013-07-02 00:30:00+00:00,USGS-05480986,35.7,7.01
2013-07-02 00:45:00+00:00,USGS-05480986,35.7,7.01
2013-07-02 01:00:00+00:00,USGS-05480986,35.6,7.01
2013-07-02 01:15:00+00:00,USGS-05480986,35.7,7.01
2013-07-02 01:30:00+00:00,USGS-05480986,35.6,7.01
2013-07-02 01:45:00+00:00,USGS-05480986,35.6,7.01
2013-07-02 02:00:00+00:00,USGS-05480986,35.7,7.01
2013-07-02 02:15:00+00:00,USGS-05480986,35.7,7.01
2013-07-02 02:30:00+00:00,USGS-05480986,35.7,6.8
2013-07-02 02:45:00+00:00,USGS-05480986,35.5,6.8
2013-07-02 03:00:00+00:00,USGS-05480986,35.7,7.01
2013-07-02 03:15:00+00:00,USGS-05480986,35.7,6.8
2013-07-02 03:30:00+00:00,USGS-05480986,35.8,6.8
2013-07-02 03:45:00+00:00,USGS-05480986,35.7,7.01
2013-07-02 04:00:00+00:00,USGS-05480986,35.7,6.8
2013-07-02 04:15:00+00:00,USGS-05480986,35.7,6.8
2013-07-02 04:30:00+00:00,USGS-05480986,35.7,7.01
2013-07-02 04:45:00+00:00,USGS-05480986,35.7,7.01
2013-07-02 05:00:00+00:00,USGS-05480986,35.7,6.8
2013-07-02 05:15:00+00:00,USGS-05480986,35.8,6.8
2013-07-02 05:30:00+00:00,USGS-05480986,35.7,6.8
2013-07-02 05:45:00+00:00,USGS-05480986,35.7,7.01
2013-07-02 06:00:00+00:00,USGS-05480986,35.7,6.8
2013-07-02 06:15:00+00:00,USGS-05480986,35.8,6.8
2013-07-02 06:30:00+00:00,USGS-05480986,35.7,6.8
2013-07-02 06:45:00+00:00,USGS-05480986,35.8,6.59
2013-07-02 07:00:00+00:00,USGS-05480986,35.8,6.59
2013-07-02 07:15:00+00:00,USGS-05480986,35.8,6.59
2013-07-02 07:30:00+00:00,USGS-05480986,35.8,6.8
2013-07-02 07:45:00+00:00,USGS-05480986,35.9,6.8
2013-07-02 08:00:00+00:00,USGS-05480986,35.8,6.8
2013-07-02 08:15:00+00:00,USGS-05480986,36.0,6.8
2013-07-02 08:30:00+00:00,USGS-05480986,35.9,6.8
2013-07-02 08:45:00+00:00,USGS-05480986,35.8,6.8
2013-07-02 09:00:00+00:00,USGS-05480986,35.9,6.59
2013-07-02 09:15:00+00:00,USGS-05480986,36.0,6.8
2013-07-02 09:30:00+00:00,USGS-05480986,36.0,6.8
2013-07-02 09:45:00+00:00,USGS-05480986,35.9,6.59
2013-07-02 10:00:00+00:00,USGS-05480986,35.8,6.59
2013-07-02 10:15:00+00:00,USGS-05480986,35.9,6.59
2013-07-02 10:30:00+00:00,USGS-05480986,36.0,6.59
2013-07-02 10:45:00+00:00,USGS-05480986,36.0,6.59
2013-07-02 11:00:00+00:00,USGS-05480986,36.0,6.8
2013-07-02 11:15:00+00:00,USGS-05480986,36.0,6.59
2013-07-02 11:30:00+00:00,USGS-05480986,36.1,6.8
2013-07-02 11:45:00+00:00,USGS-05480986,36.0,6.59
2013-07-02 12:00:00+00:00,USGS-05480986,36.1,6.8
2013-07-02 12:15:00+00:00,USGS-05480986,36.0,6.59
2013-07-02 12:30:00+00:00,USGS-05480986,36.1,6.59
2013-07-02 12:45:00+00:00,USGS-05480986,36.1,6.59
2013-07-02 13:00:00+00:00,USGS-05480986,36.1,6.59
2013-07-02 13:15:00+00:00,USGS-05480986,36.1,6.59
2013-07-02 13:30:00+00:00,USGS-05480986,36.1,6.59
2013-07-02 13:45:00+00:00,USGS-05480986,36.1,6.8
2013-07-02 14:00:00+00:00,USGS-05480986,36.1,6.59
2013-07-02 14:15:00+00:00,USGS-05480986,36.2,6.59
2013-07-02 14:30:00+00:00,USGS-05480986,36.2,6.59
2013-07-02 14:45:00+00:00,USGS-05480986,36.2,6.59
2013-07-02 15:00:00+00:00,USGS-05480986,36.3,6.59
2013-07-02 15:15:00+00:00,USGS-05480986,36.3,6.59
2013-07-02 15:30:00+00:00,USGS-05480986,36.3,6.59
2013-07-02 15:45:00+00:00,USGS-05480986,36.3,6.59
2013-07-02 16:00:00+00:00,USGS-05480986,36.4,6.38
2013-07-02 16:15:00+00:00,USGS-05480986,36.3,6.38
2013-07-02 16:30:00+00:00,USGS-05480986,36.3,6.38
2013-07-02 16:45:00+00:00,USGS-05480986,36.3,6.38
2013-07-02 17:00:00+00:00,USGS-05480986,36.5,6.38
2013-07-02 17:15:00+00:00,USGS-05480986,36.4,6.38
2013-07-02 17:30:00+00:00,USGS-05480986,36.4,6.38
2013-07-02 17:45:00+00:00,USGS-05480986,36.5,6.38
2013-07-02 18:00:00+00:00,USGS-05480986,36.5,6.38
2013-07-02 18:15:00+00:00,USGS-05480986,36.5,6.19
2013-07-02 18:30:00+00:00,USGS-05480986,36.6,6.38
2013-07-02 18:45:00+00:00,USGS-05480986,36.5,6.38
2013-07-02 19:00:00+00:00,USGS-05480986,36.6,6.38
2013-07-02 19:15:00+00:00,USGS-05480986,36.6,6.19
2013-07-02 19:30:00+00:00,USGS-05480986,36.6,6.19
2013-07-02 19:45:00+00:00,USGS-05480986,36.6,6.19
2013-07-02 20:00:00+00:00,USGS-05480986,36.6,6.19
2013-07-02 20:15:00+00:00,USGS-05480986,36.6,6.19
2013-07-02 20:30:00+00:00,USGS-05480986,36.7,5.99
2013-07-02 20:45:00+00:00,USGS-05480986,36.7,5.99
2013-07-02 21:00:00+00:00,USGS-05480986,36.8,5.99
2013-07-02 21:15:00+00:00,USGS-05480986,36.8,5.99
2013-07-02 21:30:00+00:00,USGS-05480986,36.8,5.99
2013-07-02 21:45:00+00:00,USGS-05480986,36.8,5.99
2013-07-02 22:00:00+00:00,USGS-05480986,36.8,5.99
2013-07-02 22:15:00+00:00,USGS-05480986,36.8,5.99
2013-07-02 22:30:00+00:00,USGS-05480986,36.9,5.99
2013-07-02 22:45:00+00:00,USGS-05480986,37.0,5.99
2013-07-02 23:00:00+00:00,USGS-05480986,36.9,5.99
2013-07-02 23:15:00+00:00,USGS-05480986,36.8,5.99
2013-07-02 23:30:00+00:00,USGS-05480986,37.0,5.99
2013-07-02 23:45:00+00:00,USGS-05480986,37.0,5.99
2013-07-03 00:00:00+00:00,USGS-05480986,36.9,5.99
2013-07-03 00:15:00+00:00,USGS-05480986,36.8,5.8
2013-07-03 00:30:00+00:00,USGS-05480986,37.0,5.99
2013-07-03 00:45:00+00:00,USGS-05480986,37.1,5.99
2013-07-03 01:00:00+00:00,USGS-05480986,37.0,5.8
2013-07-03 01:15:00+00:00,USGS-05480986,37.0,5.8
2013-07-03 01:30:00+00:00,USGS-05480986,36.9,5.8
2013-07-03 01:45:00+00:00,USGS-05480986,37.0,5.99
2013-07-03 02:00:00+00:00,USGS-05480986,37.0,5.99
2013-07-03 02:15:00+00:00,USGS-05480986,37.0,5.8
2013-07-03 02:30:00+00:00,USGS-05480986,37.0,5.8
2013-07-03 02:45:00+00:00,USGS-05480986,37.0,5.99
2013-07-03 03:00:00+00:00,USGS-05480986,36.9,5.8
2013-07-03 03:15:00+00:00,USGS-05480986,37.0,5.8
2013-07-03 03:30:00+00:00,USGS-05480986,37.1,5.8
2013-07-03 03:45:00+00:00,USGS-05480986,37.0,5.99
2013-07-03 04:00:00+00:00,USGS-05480986,37.0,5.99
2013-07-03 04:15:00+00:00,USGS-05480986,37.0,5.8
2013-07-03 04:30:00+00:00,USGS-05480986,37.1,5.8
2013-07-03 04:45:00+00:00,USGS-05480986,37.0,5.99
2013-07-03 05:00:00+00:00,USGS-05480986,37.0,5.8
2013-07-03 05:15:00+00:00,USGS-05480986,37.0,5.99
2013-07-03 05:30:00+00:00,USGS-05480986,37.0,5.8
2013-07-03 05:45:00+00:00,USGS-05480986,37.1,5.8
2013-07-03 06:00:00+00:00,USGS-05480986,37.1,5.8
2013-07-03 06:15:00+00:00,USGS-05480986,37.1,5.8
2013-07-03 06:30:00+00:00,USGS-05480986,37.1,5.8
2013-07-03 06:45:00+00:00,USGS-05480986,37.1,5.8
2013-07-03 07:00:00+00:00,USGS-05480986,37.0,5.8
2013-07-03 07:15:00+00:00,USGS-05480986,37.0,5.8
2013-07-03 07:30:00+00:00,USGS-05480986,37.0,5.8
2013-07-03 07:45:00+00:00,USGS-05480986,37.0,5.8
2013-07-03 08:00:00+00:00,USGS-05480986,37.0,5.8
2013-07-03 08:15:00+00:00,USGS-05480986,37.0,5.8
2013-07-03 08:30:00+00:00,USGS-05480986,37.0,5.8
2013-07-03 08:45:00+00:00,USGS-05480986,37.0,5.8
2013-07-03 09:00:00+00:00,USGS-05480986,37.2,5.99
2013-07-03 09:15:00+00:00,USGS-05480986,37.0,5.61
2013-07-03 09:30:00+00:00,USGS-05480986,37.0,5.61
2013-07-03 09:45:00+00:00,USGS-05480986,37.0,5.61
2013-07-03 10:00:00+00:00,USGS-05480986,37.0,5.61
2013-07-03 10:15:00+00:00,USGS-05480986,37.0,5.8
2013-07-03 10:30:00+00:00,USGS-05480986,37.1,5.8
2013-07-03 10:45:00+00:00,USGS-05480986,37.0,5.8
2013-07-03 11:00:00+00:00,USGS-05480986,37.1,5.8
2013-07-03 11:15:00+00:00,USGS-05480986,37.0,5.61
2013-07-03 11:30:00+00:00,USGS-05480986,37.1,5.8
2013-07-03 11:45:00+00:00,USGS-05480986,37.1,5.8
2013-07-03 12:00:00+00:00,USGS-05480986,37.1,5.61
2013-07-03 12:15:00+00:00,USGS-05480986,37.1,5.61
2013-07-03 12:30:00+00:00,USGS-05480986,37.1,5.61
2013-07-03 12:45:00+00:00,USGS-05480986,37.0,5.8
2013-07-03 13:00:00+00:00,USGS-05480986,37.0,5.61
2013-07-03 13:15:00+00:00,USGS-05480986,37.1,5.8
2013-07-03 13:30:00+00:00,USGS-05480986,37.1,5.61
2013-07-03 13:45:00+00:00,USGS-05480986,37.1,5.61
2013-07-03 14:00:00+00:00,USGS-05480986,37.0,5.61
2013-07-03 14:15:00+00:00,USGS-05480986,37.1,5.61
2013-07-03 14:30:00+00:00,USGS-05480986,37.1,5.61
2013-07-03 14:45:00+00:00,USGS-05480986,37.1,5.61
2013-07-03 15:00:00+00:00,USGS-05480986,37.2,5.61
2013-07-03 15:15:00+00:00,USGS-05480986,37.2,5.61
2013-07-03 15:30:00+00:00,USGS-05480986,37.1,5.61
2013-07-03 15:45:00+00:00,USGS-05480986,37.1,5.61
2013-07-03 16:00:00+00:00,USGS-05480986,37.1,5.61
2013-07-03 16:15:00+00:00,USGS-05480986,37.2,5.61
2013-07-03 16:30:00+00:00,USGS-05480986,37.2,5.43
2013-07-03 16:45:00+00:00,USGS-05480986,37.1,5.61
2013-07-03 17:00:00+00:00,USGS-05480986,37.2,5.43
2013-07-03 17:15:00+00:00,USGS-05480986,37.1,5.43
2013-07-03 17:30:00+00:00,USGS-05480986,37.2,5.43
2013-07-03 17:45:00+00:00,USGS-05480986,37.2,5.43
2013-07-03 18:00:00+00:00,USGS-05480986,37.2,5.43
2013-07-03 18:15:00+00:00,USGS-05480986,37.2,5.43
2013-07-03 18:30:00+00:00,USGS-05480986,37.2,5.43
2013-07-03 18:45:00+00:00,USGS-05480986,37.2,5.43
2013-07-03 19:00:00+00:00,USGS-05480986,37.2,5.43
2013-07-03 19:15:00+00:00,USGS-05480986,37.2,5.25
2013-07-03 19:30:00+00:00,USGS-05480986,37.2,5.25
2013-07-03 19:45:00+00:00,USGS-05480986,37.2,5.25
2013-07-03 20:00:00+00:00,USGS-05480986,37.2,5.25
2013-07-03 20:15:00+00:00,USGS-05480986,37.3,5.25
2013-07-03 20:30:00+00:00,USGS-05480986,37.4,5.25
2013-07-03 20:45:00+00:00,USGS-05480986,37.2,5.25
2013-07-03 21:00:00+00:00,USGS-05480986,37.3,5.25
2013-07-03 21:15:00+00:00,USGS-05480986,37.3,5.25
2013-07-03 21:30:00+00:00,USGS-05480986,37.3,5.25
2013-07-03 21:45:00+00:00,USGS-05480986,37.4,5.25
2013-07-03 22:00:00+00:00,USGS-05480986,37.4,5.25
2013-07-03 22:15:00+00:00,USGS-05480986,37.3,5.25
2013-07-03 22:30:00+00:00,USGS-05480986,37.4,5.25
2013-07-03 22:45:00+00:00,USGS-05480986,37.4,5.25
2013-07-03 23:00:00+00:00,USGS-05480986,37.4,5.25
2013-07-03 23:15:00+00:00,USGS-05480986,37.4,5.25
2013-07-03 23:30:00+00:00,USGS-05480986,37.3,5.25
2013-07-03 23:45:00+00:00,USGS-05480986,37.4,5.08
2013-07-04 00:00:00+00:00,USGS-05480986,37.4,5.25
2013-07-04 00:15:00+00:00,USGS-05480986,37.4,5.08
2013-07-04 00:30:00+00:00,USGS-05480986,37.4,5.08
2013-07-04 00:45:00+00:00,USGS-05480986,37.4,5.08
2013-07-04 01:00:00+00:00,USGS-05480986,37.4,5.25
2013-07-04 01:15:00+00:00,USGS-05480986,37.4,5.08
2013-07-04 01:30:00+00:00,USGS-05480986,37.3,5.08
2013-07-04 01:45:00+00:00,USGS-05480986,37.3,5.08
2013-07-04 02:00:00+00:00,USGS-05480986,37.5,5.08
2013-07-04 02:15:00+00:00,USGS-05480986,37.4,5.08
2013-07-04 02:30:00+00:00,USGS-05480986,37.5,5.08
2013-07-04 02:45:00+00:00,USGS-05480986,37.4,5.08
2013-07-04 03:00:00+00:00,USGS-05480986,37.4,5.08
2013-07-04 03:15:00+00:00,USGS-05480986,37.4,5.08
2013-07-04 03:30:00+00:00,USGS-05480986,37.4,5.08
2013-07-04 03:45:00+00:00,USGS-05480986,37.4,5.08
2013-07-04 04:00:00+00:00,USGS-05480986,37.4,5.08
2013-07-04 04:15:00+00:00,USGS-05480986,37.5,5.08
2013-07-04 04:30:00+00:00,USGS-05480986,37.4,5.08
2013-07-04 04:45:00+00:00,USGS-05480986,37.4,5.08
2013-07-04 05:00:00+00:00,USGS-05480986,37.5,5.08
2013-07-04 05:15:00+00:00,USGS-05480986,37.5,5.08
2013-07-04 05:30:00+00:00,USGS-05480986,37.4,5.08
2013-07-04 05:45:00+00:00,USGS-05480986,37.5,5.08
2013-07-04 06:00:00+00:00,USGS-05480986,37.6,5.08
2013-07-04 06:15:00+00:00,USGS-05480986,37.5,5.08
2013-07-04 06:30:00+00:00,USGS-05480986,37.5,5.08
2013-07-04 06:45:00+00:00,USGS-05480986,37.4,5.08
2013-07-04 07:00:00+00:00,USGS-05480986,37.5,5.08
2013-07-04 07:15:00+00:00,USGS-05480986,37.5,5.08
2013-07-04 07:30:00+00:00,USGS-05480986,37.5,5.08
2013-07-04 07:45:00+00:00,USGS-05480986,37.4,5.08
2013-07-04 08:00:00+00:00,USGS-05480986,37.4,5.08
2013-07-04 08:15:00+00:00,USGS-05480986,37.4,4.91
2013-07-04 08:30:00+00:00,USGS-05480986,37.4,4.91
2013-07-04 08:45:00+00:00,USGS-05480986,37.5,4.91
2013-07-04 09:00:00+00:00,USGS-05480986,37.4,4.91
2013-07-04 09:15:00+00:00,USGS-05480986,37.4,4.91
2013-07-04 09:30:00+00:00,USGS-05480986,37.4,4.91
2013-07-04 09:45:00+00:00,USGS-05480986,37.4,4.91
2013-07-04 10:00:00+00:00,USGS-05480986,37.5,4.91
2013-07-04 10:15:00+00:00,USGS-05480986,37.4,5.08
2013-07-04 10:30:00+00:00,USGS-05480986,37.4,4.91
2013-07-04 10:45:00+00:00,USGS-05480986,37.5,4.91
2013-07-04 11:00:00+00:00,USGS-05480986,37.4,4.91
2013-07-04 11:15:00+00:00,USGS-05480986,37.5,4.91
2013-07-04 11:30:00+00:00,USGS-05480986,37.4,5.08
2013-07-04 11:45:00+00:00,USGS-05480986,37.4,4.91
2013-07-04 12:00:00+00:00,USGS-05480986,37.5,4.91
2013-07-04 12:15:00+00:00,USGS-05480986,37.4,4.91
2013-07-04 12:30:00+00:00,USGS-05480986,37.4,4.91
2013-07-04 12:45:00+00:00,USGS-05480986,37.5,4.91
2013-07-04 13:00:00+00:00,USGS-05480986,37.4,5.08
2013-07-04 13:15:00+00:00,USGS-05480986,37.4,4.91
2013-07-04 13:30:00+00:00,USGS-05480986,37.5,4.91
2013-07-04 13:45:00+00:00,USGS-05480986,37.5,4.91
2013-07-04 14:00:00+00:00,USGS-05480986,37.5,4.91
2013-07-04 14:15:00+00:00,USGS-05480986,37.5,4.91
2013-07-04 14:30:00+00:00,USGS-05480986,37.6,4.91
2013-07-04 14:45:00+00:00,USGS-05480986,37.5,4.91
2013-07-04 15:00:00+00:00,USGS-05480986,37.6,4.91
2013-07-04 15:15:00+00:00,USGS-05480986,37.6,4.91
2013-07-04 15:30:00+00:00,USGS-05480986,37.5,4.91
2013-07-04 15:45:00+00:00,USGS-05480986,37.6,4.91
2013-07-04 16:00:00+00:00,USGS-05480986,37.6,4.91
2013-07-04 16:15:00+00:00,USGS-05480986,37.7,4.91
2013-07-04 16:30:00+00:00,USGS-05480986,37.6,4.91
2013-07-04 16:45:00+00:00,USGS-05480986,37.7,4.74
2013-07-04 17:00:00+00:00,USGS-05480986,37.6,4.74
2013-07-04 17:15:00+00:00,USGS-05480986,37.7,4.74
2013-07-04 17:30:00+00:00,USGS-05480986,37.6,4.74
2013-07-04 17:45:00+00:00,USGS-05480986,37.7,4.74
2013-07-04 18:00:00+00:00,USGS-05480986,37.8,4.74
2013-07-04 18:15:00+00:00,USGS-05480986,37.7,4.74
2013-07-04 18:30:00+00:00,USGS-05480986,37.6,4.74
2013-07-04 18:45:00+00:00,USGS-05480986,37.7,4.74
2013-07-04 19:00:00+00:00,USGS-05480986,37.7,4.58
2013-07-04 19:15:00+00:00,USGS-05480986,37.7,4.58
2013-07-04 19:30:00+00:00,USGS-05480986,37.7,4.58
2013-07-04 19:45:00+00:00,USGS-05480986,37.7,4.58
2013-07-04 20:00:00+00:00,USGS-05480986,37.7,4.58
2013-07-04 20:15:00+00:00,USGS-05480986,37.8,4.58
2013-07-04 20:30:00+00:00,USGS-05480986,37.7,4.58
2013-07-04 20:45:00+00:00,USGS-05480986,37.7,4.58
2013-07-04 21:00:00+00:00,USGS-05480986,37.7,4.58
2013-07-04 21:15:00+00:00,USGS-05480986,37.8,4.58
2013-07-04 21:30:00+00:00,USGS-05480986,37.7,4.58
2013-07-04 21:45:00+00:00,USGS-05480986,37.8,4.58
2013-07-04 22:00:00+00:00,USGS-05480986,37.7,4.58
2013-07-04 22:15:00+00:00,USGS-05480986,37.7,4.58
2013-07-04 22:30:00+00:00,USGS-05480986,37.8,4.58
2013-07-04 22:45:00+00:00,USGS-05480986,37.8,4.58
2013-07-04 23:00:00+00:00,USGS-05480986,37.8,4.58
2013-07-04 23:15:00+00:00,USGS-05480986,37.8,4.58
2013-07-04 23:30:00+00:00,USGS-05480986,37.8,4.58
2013-07-04 23:45:00+00:00,USGS-05480986,37.9,4.42
2013-07-05 00:00:00+00:00,USGS-05480986,37.9,4.42
2013-07-05 00:15:00+00:00,USGS-05480986,37.9,4.42
2013-07-05 00:30:00+00:00,USGS-05480986,37.8,4.42
2013-07-05 00:45:00+00:00,USGS-05480986,37.7,4.42
2013-07-05 01:00:00+00:00,USGS-05480986,37.9,4.42
2013-07-05 01:15:00+00:00,USGS-05480986,37.8,4.42
2013-07-05 01:30:00+00:00,USGS-05480986,37.8,4.42
2013-07-05 01:45:00+00:00,USGS-05480986,37.9,4.42
2013-07-05 02:00:00+00:00,USGS-05480986,37.9,4.42
2013-07-05 02:15:00+00:00,USGS-05480986,37.8,4.42
2013-07-05 02:30:00+00:00,USGS-05480986,37.9,4.42
2013-07-05 02:45:00+00:00,USGS-05480986,37.9,4.42
2013-07-05 03:00:00+00:00,USGS-05480986,37.9,4.42
2013-07-05 03:15:00+00:00,USGS-05480986,37.8,4.42
2013-07-05 03:30:00+00:00,USGS-05480986,38.0,4.42
2013-07-05 03:45:00+00:00,USGS-05480986,37.8,4.42
2013-07-05 04:00:00+00:00,USGS-05480986,37.9,4.42
2013-07-05 04:15:00+00:00,USGS-05480986,37.9,4.42
2013-07-05 04:30:00+00:00,USGS-05480986,38.0,4.42
2013-07-05 04:45:00+00:00,USGS-05480986,37.9,4.42
2013-07-05 05:00:00+00:00,USGS-05480986,37.9,4.42
2013-07-05 05:15:00+00:00,USGS-05480986,37.8,4.42
2013-07-05 05:30:00+00:00,USGS-05480986,37.9,4.42
2013-07-05 05:45:00+00:00,USGS-05480986,37.9,4.58
2013-07-05 06:00:00+00:00,USGS-05480986,37.9,4.42
2013-07-05 06:15:00+00:00,USGS-05480986,37.8,4.42
2013-07-05 06:30:00+00:00,USGS-05480986,37.9,4.42
2013-07-05 06:45:00+00:00,USGS-05480986,37.9,4.42
2013-07-05 07:00:00+00:00,USGS-05480986,37.9,4.42
2013-07-05 07:15:00+00:00,USGS-05480986,37.9,4.42
2013-07-05 07:30:00+00:00,USGS-05480986,37.9,4.42
2013-07-05 07:45:00+00:00,USGS-05480986,38.0,4.42
2013-07-05 08:00:00+00:00,USGS-05480986,37.9,4.58
2013-07-05 08:15:00+00:00,USGS-05480986,37.9,4.42
2013-07-05 08:30:00+00:00,USGS-05480986,37.9,4.42
2013-07-05 08:45:00+00:00,USGS-05480986,37.9,4.42
2013-07-05 09:00:00+00:00,USGS-05480986,37.9,4.42
2013-07-05 09:15:00+00:00,USGS-05480986,37.9,4.42
2013-07-05 09:30:00+00:00,USGS-05480986,37.9,4.42
2013-07-05 09:45:00+00:00,USGS-05480986,37.9,4.42
2013-07-05 10:00:00+00:00,USGS-05480986,37.9,4.42
2013-07-05 10:15:00+00:00,USGS-05480986,37.9,4.42
2013-07-05 10:30:00+00:00,USGS-05480986,37.9,4.42
2013-07-05 10:45:00+00:00,USGS-05480986,37.9,4.42
2013-07-05 11:00:00+00:00,USGS-05480986,37.9,4.42
2013-07-05 11:15:00+00:00,USGS-05480986,37.9,4.42
2013-07-05 11:30:00+00:00,USGS-05480986,38.0,4.42
2013-07-05 11:45:00+00:00,USGS-05480986,37.9,4.42
2013-07-05 12:00:00+00:00,USGS-05480986,37.9,4.42
2013-07-05 12:15:00+00:00,USGS-05480986,37.9,4.42
2013-07-05 12:30:00+00:00,USGS-05480986,37.8,4.42
2013-07-05 12:45:00+00:00,USGS-05480986,37.9,4.42
2013-07-05 13:00:00+00:00,USGS-05480986,37.9,4.42
2013-07-05 13:15:00+00:00,USGS-05480986,37.9,4.42
2013-07-05 13:30:00+00:00,USGS-05480986,37.9,4.42
2013-07-05 13:45:00+00:00,USGS-05480986,37.9,4.42
2013-07-05 14:00:00+00:00,USGS-05480986,37.9,4.42
2013-07-05 14:15:00+00:00,USGS-05480986,37.9,4.42
2013-07-05 14:30:00+00:00,USGS-05480986,37.9,4.42
2013-07-05 14:45:00+00:00,USGS-05480986,38.0,4.42
2013-07-05 15:00:00+00:00,USGS-05480986,38.0,4.42
2013-07-05 15:15:00+00:00,USGS-05480986,37.9,4.42
2013-07-05 15:30:00+00:00,USGS-05480986,37.9,4.42
2013-07-05 15:45:00+00:00,USGS-05480986,37.9,4.42
2013-07-05 16:00:00+00:00,USGS-05480986,37.9,4.26
2013-07-05 16:15:00+00:00,USGS-05480986,37.9,4.26
2013-07-05 16:30:00+00:00,USGS-05480986,37.9,4.26
2013-07-05 16:45:00+00:00,USGS-05480986,37.9,4.26
2013-07-05 17:00:00+00:00,USGS-05480986,37.9,4.26
2013-07-05 17:15:00+00:00,USGS-05480986,37.9,4.26
2013-07-05 17:30:00+00:00,USGS-05480986,37.9,4.26
2013-07-05 17:45:00+00:00,USGS-05480986,38.0,4.26
2013-07-05 18:00:00+00:00,USGS-05480986,38.0,4.26
2013-07-05 18:15:00+00:00,USGS-05480986,38.0,4.26
2013-07-05 18:30:00+00:00,USGS-05480986,38.0,4.26
2013-07-05 18:45:00+00:00,USGS-05480986,38.0,4.11
2013-07-05 19:00:00+00:00,USGS-05480986,37.9,4.11
2013-07-05 19:15:00+00:00,USGS-05480986,38.0,4.11
2013-07-05 19:30:00+00:00,USGS-05480986,38.1,4.11
2013-07-05 19:45:00+00:00,USGS-05480986,38.1,4.11
2013-07-05 20:00:00+00:00,USGS-05480986,38.0,4.11
2013-07-05 20:15:00+00:00,USGS-05480986,38.1,4.11
2013-07-05 20:30:00+00:00,USGS-05480986,38.1,4.11
2013-07-05 20:45:00+00:00,USGS-05480986,38.1,4.11
2013-07-05 21:00:00+00:00,USGS-05480986,38.1,4.11
2013-07-05 21:15:00+00:00,USGS-05480986,38.1,4.11
2013-07-05 21:30:00+00:00,USGS-05480986,38.0,4.11
2013-07-05 21:45:00+00:00,USGS-05480986,38.0,4.11
2013-07-05 22:00:00+00:00,USGS-05480986,38.1,3.95
2013-07-05 22:15:00+00:00,USGS-05480986,38.0,4.11
2013-07-05 22:30:00+00:00,USGS-05480986,38.0,3.95
2013-07-05 22:45:00+00:00,USGS-05480986,38.0,3.95
2013-07-05 23:00:00+00:00,USGS-05480986,37.9,3.95
2013-07-05 23:15:00+00:00,USGS-05480986,38.0,3.95
2013-07-05 23:30:00+00:00,USGS-05480986,38.1,3.95
2013-07-05 23:45:00+00:00,USGS-05480986,38.1,3.95
2013-07-06 00:00:00+00:00,USGS-05480986,38.1,3.95
2013-07-06 00:15:00+00:00,USGS-05480986,38.0,3.95
2013-07-06 00:30:00+00:00,USGS-05480986,38.0,3.95
2013-07-06 00:45:00+00:00,USGS-05480986,38.0,3.95
2013-07-06 01:00:00+00:00,USGS-05480986,38.1,3.95
2013-07-06 01:15:00+00:00,USGS-05480986,38.0,3.95
2013-07-06 01:30:00+00:00,USGS-05480986,38.1,3.95
2013-07-06 01:45:00+00:00,USGS-05480986,38.0,3.95
2013-07-06 02:00:00+00:00,USGS-05480986,37.9,3.95
2013-07-06 02:15:00+00:00,USGS-05480986,37.9,3.95
2013-07-06 02:30:00+00:00,USGS-05480986,38.0,3.95
2013-07-06 02:45:00+00:00,USGS-05480986,38.0,3.95
2013-07-06 03:00:00+00:00,USGS-05480986,38.0,3.95
2013-07-06 03:15:00+00:00,USGS-05480986,37.9,3.79
2013-07-06 03:30:00+00:00,USGS-05480986,37.9,3.79
2013-07-06 03:45:00+00:00,USGS-05480986,38.0,3.95
2013-07-06 04:00:00+00:00,USGS-05480986,38.0,3.79
2013-07-06 04:15:00+00:00,USGS-05480986,37.9,3.79
2013-07-06 04:30:00+00:00,USGS-05480986,38.0,3.79
2013-07-06 04:45:00+00:00,USGS-05480986,37.9,3.95
2013-07-06 05:00:00+00:00,USGS-05480986,38.0,3.95
2013-07-06 05:15:00+00:00,USGS-05480986,37.9,3.95
2013-07-06 05:30:00+00:00,USGS-05480986,37.9,3.95
2013-07-06 05:45:00+00:00,USGS-05480986,37.9,3.95
2013-07-06 06:00:00+00:00,USGS-05480986,37.9,3.95
2013-07-06 06:15:00+00:00,USGS-05480986,37.9,3.95
2013-07-06 06:30:00+00:00,USGS-05480986,38.0,3.95
2013-07-06 06:45:00+00:00,USGS-05480986,38.0,3.95
2013-07-06 07:00:00+00:00,USGS-05480986,37.9,3.95
2013-07-06 07:15:00+00:00,USGS-05480986,38.0,3.95
2013-07-06 07:30:00+00:00,USGS-05480986,38.0,3.95
2013-07-06 07:45:00+00:00,USGS-05480986,38.0,3.95
2013-07-06 08:00:00+00:00,USGS-05480986,37.9,3.95
2013-07-06 08:15:00+00:00,USGS-05480986,37.9,3.95
2013-07-06 08:30:00+00:00,USGS-05480986,37.9,3.95
2013-07-06 08:45:00+00:00,USGS-05480986,37.9,3.95
2013-07-06 09:00:00+00:00,USGS-05480986,37.8,3.95
2013-07-06 09:15:00+00:00,USGS-05480986,38.0,3.95
2013-07-06 09:30:00+00:00,USGS-05480986,38.0,3.79
2013-07-06 09:45:00+00:00,USGS-05480986,37.9,3.79
2013-07-06 10:00:00+00:00,USGS-05480986,37.9,3.79
2013-07-06 10:15:00+00:00,USGS-05480986,37.9,3.79
2013-07-06 10:30:00+00:00,USGS-05480986,37.9,3.79
2013-07-06 10:45:00+00:00,USGS-05480986,37.9,3.79
2013-07-06 11:00:00+00:00,USGS-05480986,38.0,3.95
2013-07-06 11:15:00+00:00,USGS-05480986,37.9,3.79
2013-07-06 11:30:00+00:00,USGS-05480986,37.9,3.79
2013-07-06 11:45:00+00:00,USGS-05480986,37.9,3.79
2013-07-06 12:00:00+00:00,USGS-05480986,38.0,3.95
2013-07-06 12:15:00+00:00,USGS-05480986,38.0,3.95
2013-07-06 12:30:00+00:00,USGS-05480986,37.9,3.95
2013-07-06 12:45:00+00:00,USGS-05480986,37.9,3.95
2013-07-06 13:00:00+00:00,USGS-05480986,37.8,3.79
2013-07-06 13:15:00+00:00,USGS-05480986,37.8,3.95
2013-07-06 13:30:00+00:00,USGS-05480986,37.9,3.79
2013-07-06 13:45:00+00:00,USGS-05480986,37.8,3.95
2013-07-06 14:00:00+00:00,USGS-05480986,37.9,3.95
2013-07-06 14:15:00+00:00,USGS-05480986,38.0,3.95
2013-07-06 14:30:00+00:00,USGS-05480986,37.9,3.95
2013-07-06 14:45:00+00:00,USGS-05480986,37.9,3.79
2013-07-06 15:00:00+00:00,USGS-05480986,37.8,3.95
2013-07-06 15:15:00+00:00,USGS-05480986,37.9,3.79
2013-07-06 15:30:00+00:00,USGS-05480986,37.9,3.79
2013-07-06 15:45:00+00:00,USGS-05480986,37.8,3.79
2013-07-06 16:00:00+00:00,USGS-05480986,37.9,3.79
2013-07-06 16:15:00+00:00,USGS-05480986,38.0,3.79
2013-07-06 16:30:00+00:00,USGS-05480986,37.9,3.79
2013-07-06 16:45:00+00:00,USGS-05480986,37.9,3.79
2013-07-06 17:00:00+00:00,USGS-05480986,38.0,3.79
2013-07-06 17:15:00+00:00,USGS-05480986,37.9,3.79
2013-07-06 17:30:00+00:00,USGS-05480986,38.0,3.79
2013-07-06 17:45:00+00:00,USGS-05480986,37.9,3.79
2013-07-06 18:00:00+00:00,USGS-05480986,38.1,3.79
2013-07-06 18:15:00+00:00,USGS-05480986,37.9,3.64
2013-07-06 18:30:00+00:00,USGS-05480986,38.0,3.64
2013-07-06 18:45:00+00:00,USGS-05480986,38.0,3.79
2013-07-06 19:00:00+00:00,USGS-05480986,38.0,3.64
2013-07-06 19:15:00+00:00,USGS-05480986,38.0,3.64
2013-07-06 19:30:00+00:00,USGS-05480986,38.0,3.64
2013-07-06 19:45:00+00:00,USGS-05480986,38.0,3.64
2013-07-06 20:00:00+00:00,USGS-05480986,38.0,3.64
2013-07-06 20:15:00+00:00,USGS-05480986,38.1,3.64
2013-07-06 20:30:00+00:00,USGS-05480986,38.0,3.64
2013-07-06 20:45:00+00:00,USGS-05480986,38.0,3.64
2013-07-06 21:00:00+00:00,USGS-05480986,38.0,3.64
2013-07-06 21:15:00+00:00,USGS-05480986,38.0,3.64
2013-07-06 21:30:00+00:00,USGS-05480986,38.1,3.49
2013-07-06 21:45:00+00:00,USGS-05480986,38.0,3.49
2013-07-06 22:00:00+00:00,USGS-05480986,38.1,3.64
2013-07-06 22:15:00+00:00,USGS-05480986,38.1,3.49
2013-07-06 22:30:00+00:00,USGS-05480986,38.0,3.49
2013-07-06 22:45:00+00:00,USGS-05480986,38.0,3.49
2013-07-06 23:00:00+00:00,USGS-05480986,38.0,3.49
2013-07-06 23:15:00+00:00,USGS-05480986,38.0,3.49
2013-07-06 23:30:00+00:00,USGS-05480986,38.0,3.49
2013-07-06 23:45:00+00:00,USGS-05480986,38.1,3.49
2013-07-07 00:00:00+00:00,USGS-05480986,38.0,3.49
2013-07-07 00:15:00+00:00,USGS-05480986,38.0,3.49
2013-07-07 00:30:00+00:00,USGS-05480986,38.1,3.49
2013-07-07 00:45:00+00:00,USGS-05480986,38.0,3.49
2013-07-07 01:00:00+00:00,USGS-05480986,38.0,3.49
2013-07-07 01:15:00+00:00,USGS-05480986,38.2,3.49
2013-07-07 01:30:00+00:00,USGS-05480986,38.0,3.49
2013-07-07 01:45:00+00:00,USGS-05480986,38.0,3.49
2013-07-07 02:00:00+00:00,USGS-05480986,38.0,3.49
2013-07-07 02:15:00+00:00,USGS-05480986,38.0,3.49
2013-07-07 02:30:00+00:00,USGS-05480986,38.0,3.49
2013-07-07 02:45:00+00:00,USGS-05480986,38.0,3.49
2013-07-07 03:00:00+00:00,USGS-05480986,38.0,3.49
2013-07-07 03:15:00+00:00,USGS-05480986,38.0,3.49
2013-07-07 03:30:00+00:00,USGS-05480986,38.0,3.49
2013-07-07 03:45:00+00:00,USGS-05480986,38.0,3.49
2013-07-07 04:00:00+00:00,USGS-05480986,38.0,3.49
2013-07-07 04:15:00+00:00,USGS-05480986,38.0,3.49
2013-07-07 04:30:00+00:00,USGS-05480986,38.0,3.49
2013-07-07 04:45:00+00:00,USGS-05480986,38.1,3.49
2013-07-07 05:00:00+00:00,USGS-05480986,38.0,3.49
2013-07-07 05:15:00+00:00,USGS-05480986,38.0,3.49
2013-07-07 05:30:00+00:00,USGS-05480986,38.0,3.49
2013-07-07 05:45:00+00:00,USGS-05480986,38.0,3.49
2013-07-07 06:00:00+00:00,USGS-05480986,38.0,3.49
2013-07-07 06:15:00+00:00,USGS-05480986,38.0,3.49
2013-07-07 06:30:00+00:00,USGS-05480986,38.0,3.49
2013-07-07 06:45:00+00:00,USGS-05480986,38.0,3.49
2013-07-07 07:00:00+00:00,USGS-05480986,38.0,3.49
2013-07-07 07:15:00+00:00,USGS-05480986,38.0,3.49
2013-07-07 07:30:00+00:00,USGS-05480986,37.9,3.49
2013-07-07 07:45:00+00:00,USGS-05480986,38.0,3.49
2013-07-07 08:00:00+00:00,USGS-05480986,37.9,3.49
2013-07-07 08:15:00+00:00,USGS-05480986,37.9,3.49
2013-07-07 08:30:00+00:00,USGS-05480986,37.8,3.34
2013-07-07 08:45:00+00:00,USGS-05480986,37.8,3.34
2013-07-07 09:00:00+00:00,USGS-05480986,37.9,3.49
2013-07-07 09:15:00+00:00,USGS-05480986,37.8,3.34
2013-07-07 09:30:00+00:00,USGS-05480986,37.9,3.34
2013-07-07 09:45:00+00:00,USGS-05480986,37.8,3.49
2013-07-07 10:00:00+00:00,USGS-05480986,37.8,3.49
2013-07-07 10:15:00+00:00,USGS-05480986,37.9,3.49
2013-07-07 10:30:00+00:00,USGS-05480986,37.8,3.49
2013-07-07 10:45:00+00:00,USGS-05480986,37.9,3.49
2013-07-07 11:00:00+00:00,USGS-05480986,37.9,3.34
2013-07-07 11:15:00+00:00,USGS-05480986,37.8,3.34
2013-07-07 11:30:00+00:00,USGS-05480986,37.9,3.34
2013-07-07 11:45:00+00:00,USGS-05480986,37.8,3.49
2013-07-07 12:00:00+00:00,USGS-05480986,37.8,3.49
2013-07-07 12:15:00+00:00,USGS-05480986,37.8,3.49
2013-07-07 12:30:00+00:00,USGS-05480986,37.8,3.49
2013-07-07 12:45:00+00:00,USGS-05480986,37.8,3.49
2013-07-07 13:00:00+00:00,USGS-05480986,37.9,3.49
2013-07-07 13:15:00+00:00,USGS-05480986,37.8,3.49
2013-07-07 13:30:00+00:00,USGS-05480986,37.8,3.49
2013-07-07 13:45:00+00:00,USGS-05480986,37.8,3.49
2013-07-07 14:00:00+00:00,USGS-05480986,37.9,3.49
2013-07-07 14:15:00+00:00,USGS-05480986,37.8,3.34
2013-07-07 14:30:00+00:00,USGS-05480986,37.8,3.49
2013-07-07 14:45:00+00:00,USGS-05480986,37.8,3.34
2013-07-07 15:00:00+00:00,USGS-05480986,37.8,3.49
2013-07-07 15:15:00+00:00,USGS-05480986,37.8,3.49
2013-07-07 15:30:00+00:00,USGS-05480986,37.8,3.34
2013-07-07 15:45:00+00:00,USGS-05480986,37.9,3.34
2013-07-07 16:00:00+00:00,USGS-05480986,37.8,3.34
2013-07-07 16:15:00+00:00,USGS-05480986,37.8,3.34
2013-07-07 16:30:00+00:00,USGS-05480986,37.9,3.34
2013-07-07 16:45:00+00:00,USGS-05480986,37.9,3.34
2013-07-07 17:00:00+00:00,USGS-05480986,37.9,3.34
2013-07-07 17:15:00+00:00,USGS-05480986,37.9,3.34
2013-07-07 17:30:00+00:00,USGS-05480986,37.9,3.34
2013-07-07 17:45:00+00:00,USGS-05480986,37.9,3.34
2013-07-07 18:00:00+00:00,USGS-05480986,37.8,3.34
2013-07-07 18:15:00+00:00,USGS-05480986,38.0,3.34
2013-07-07 18:30:00+00:00,USGS-05480986,38.0,3.2
2013-07-07 18:45:00+00:00,USGS-05480986,38.0,3.2
2013-07-07 19:00:00+00:00,USGS-05480986,37.9,3.2
2013-07-07 19:15:00+00:00,USGS-05480986,38.0,3.2
2013-07-07 19:30:00+00:00,USGS-05480986,38.0,3.2
2013-07-07 19:45:00+00:00,USGS-05480986,38.0,3.2
2013-07-07 20:00:00+00:00,USGS-05480986,38.0,3.2
2013-07-07 20:15:00+00:00,USGS-05480986,38.0,3.2
2013-07-07 20:30:00+00:00,USGS-05480986,38.0,3.2
2013-07-07 20:45:00+00:00,USGS-05480986,38.0,3.2
2013-07-07 21:00:00+00:00,USGS-05480986,38.0,3.2
2013-07-07 21:15:00+00:00,USGS-05480986,38.0,3.07
2013-07-07 21:30:00+00:00,USGS-05480986,38.0,3.2
2013-07-07 21:45:00+00:00,USGS-05480986,38.0,3.2
2013-07-07 22:00:00+00:00,USGS-05480986,38.0,3.07
2013-07-07 22:15:00+00:00,USGS-05480986,38.0,3.07
2013-07-07 22:30:00+00:00,USGS-05480986,38.1,3.07
2013-07-07 22:45:00+00:00,USGS-05480986,38.0,3.07
2013-07-07 23:00:00+00:00,USGS-05480986,38.0,3.07
2013-07-07 23:15:00+00:00,USGS-05480986,38.0,3.07
2013-07-07 23:30:00+00:00,USGS-05480986,38.0,3.07
2013-07-07 23:45:00+00:00,USGS-05480986,37.9,3.07
2013-07-08 00:00:00+00:00,USGS-05480986,38.0,3.07
2013-07-08 00:15:00+00:00,USGS-05480986,38.0,3.07
2013-07-08 00:30:00+00:00,USGS-05480986,38.0,3.07
2013-07-08 00:45:00+00:00,USGS-05480986,38.0,3.07
2013-07-08 01:00:00+00:00,USGS-05480986,38.0,3.07
2013-07-08 01:15:00+00:00,USGS-05480986,38.0,3.07
2013-07-08 01:30:00+00:00,USGS-05480986,37.9,3.07
2013-07-08 01:45:00+00:00,USGS-05480986,38.0,3.07
2013-07-08 02:00:00+00:00,USGS-05480986,38.0,3.07
2013-07-08 02:15:00+00:00,USGS-05480986,38.0,3.07
2013-07-08 02:30:00+00:00,USGS-05480986,37.9,3.07
2013-07-08 02:45:00+00:00,USGS-05480986,37.9,3.07
2013-07-08 03:00:00+00:00,USGS-05480986,37.9,3.07
2013-07-08 03:15:00+00:00,USGS-05480986,37.9,3.07
2013-07-08 03:30:00+00:00,USGS-05480986,37.9,3.07
2013-07-08 03:45:00+00:00,USGS-05480986,37.9,3.07
2013-07-08 04:00:00+00:00,USGS-05480986,37.8,3.07
2013-07-08 04:15:00+00:00,USGS-05480986,37.9,3.07
2013-07-08 04:30:00+00:00,USGS-05480986,37.9,3.07
2013-07-08 04:45:00+00:00,USGS-05480986,37.9,3.07
2013-07-08 05:00:00+00:00,USGS-05480986,37.8,3.07
2013-07-08 05:15:00+00:00,USGS-05480986,37.8,3.07
2013-07-08 05:30:00+00:00,USGS-05480986,37.9,3.07
2013-07-08 05:45:00+00:00,USGS-05480986,37.8,3.07
2013-07-08 06:00:00+00:00,USGS-05480986,37.8,3.07
2013-07-08 06:15:00+00:00,USGS-05480986,37.8,3.07
2013-07-08 06:30:00+00:00,USGS-05480986,37.9,3.07
2013-07-08 06:45:00+00:00,USGS-05480986,37.8,3.07
2013-07-08 07:00:00+00:00,USGS-05480986,37.9,3.07
2013-07-08 07:15:00+00:00,USGS-05480986,37.8,3.07
2013-07-08 07:30:00+00:00,USGS-05480986,37.8,3.07
2013-07-08 07:45:00+00:00,USGS-05480986,37.8,3.07
2013-07-08 08:00:00+00:00,USGS-05480986,37.8,3.07
2013-07-08 08:15:00+00:00,USGS-05480986,37.8,3.07
2013-07-08 08:30:00+00:00,USGS-05480986,37.8,3.07
2013-07-08 08:45:00+00:00,USGS-05480986,37.7,3.07
2013-07-08 09:00:00+00:00,USGS-05480986,37.7,3.07
2013-07-08 09:15:00+00:00,USGS-05480986,37.8,3.07
2013-07-08 09:30:00+00:00,USGS-05480986,37.7,3.07
2013-07-08 09:45:00+00:00,USGS-05480986,37.7,3.07
2013-07-08 10:00:00+00:00,USGS-05480986,37.8,3.07
2013-07-08 10:15:00+00:00,USGS-05480986,37.8,2.94
2013-07-08 10:30:00+00:00,USGS-05480986,37.7,2.94
2013-07-08 10:45:00+00:00,USGS-05480986,37.7,3.07
2013-07-08 11:00:00+00:00,USGS-05480986,37.7,3.07
2013-07-08 11:15:00+00:00,USGS-05480986,37.7,3.07
2013-07-08 11:30:00+00:00,USGS-05480986,37.7,3.07
2013-07-08 11:45:00+00:00,USGS-05480986,37.7,3.07
2013-07-08 12:00:00+00:00,USGS-05480986,37.7,3.07
2013-07-08 12:15:00+00:00,USGS-05480986,37.7,3.07
2013-07-08 12:30:00+00:00,USGS-05480986,37.7,3.07
2013-07-08 12:45:00+00:00,USGS-05480986,37.7,3.07
2013-07-08 13:00:00+00:00,USGS-05480986,37.7,3.07
2013-07-08 13:15:00+00:00,USGS-05480986,37.7,3.07
2013-07-08 13:30:00+00:00,USGS-05480986,37.7,3.07
2013-07-08 13:45:00+00:00,USGS-05480986,37.7,3.07
2013-07-08 14:00:00+00:00,USGS-05480986,37.7,3.07
2013-07-08 14:15:00+00:00,USGS-05480986,37.7,3.2
2013-07-08 14:30:00+00:00,USGS-05480986,37.7,3.34
2013-07-08 14:45:00+00:00,USGS-05480986,37.7,3.2
2013-07-08 15:00:00+00:00,USGS-05480986,37.7,3.2
2013-07-08 15:15:00+00:00,USGS-05480986,37.7,3.2
2013-07-08 15:30:00+00:00,USGS-05480986,37.7,3.07
2013-07-08 15:45:00+00:00,USGS-05480986,37.7,3.07
2013-07-08 16:00:00+00:00,USGS-05480986,37.7,3.07
2013-07-08 16:15:00+00:00,USGS-05480986,37.7,3.07
2013-07-08 16:30:00+00:00,USGS-05480986,37.8,3.07
2013-07-08 16:45:00+00:00,USGS-05480986,37.7,3.07
2013-07-08 17:00:00+00:00,USGS-05480986,37.8,3.07
2013-07-08 17:15:00+00:00,USGS-05480986,37.7,3.07
2013-07-08 17:30:00+00:00,USGS-05480986,37.8,2.94
2013-07-08 17:45:00+00:00,USGS-05480986,37.8,2.94
2013-07-08 18:00:00+00:00,USGS-05480986,37.8,2.94
2013-07-08 18:15:00+00:00,USGS-05480986,37.8,2.94
2013-07-08 18:30:00+00:00,USGS-05480986,37.8,2.94
2013-07-08 18:45:00+00:00,USGS-05480986,37.9,2.94
2013-07-08 19:00:00+00:00,USGS-05480986,37.8,2.94
2013-07-08 19:15:00+00:00,USGS-05480986,37.9,2.94
2013-07-08 19:30:00+00:00,USGS-05480986,37.9,2.94
2013-07-08 19:45:00+00:00,USGS-05480986,38.0,2.94
2013-07-08 20:00:00+00:00,USGS-05480986,38.0,2.81
2013-07-08 20:15:00+00:00,USGS-05480986,37.9,2.81
2013-07-08 20:30:00+00:00,USGS-05480986,37.9,2.81
2013-07-08 20:45:00+00:00,USGS-05480986,37.9,2.81
2013-07-08 21:00:00+00:00,USGS-05480986,38.0,2.81
2013-07-08 21:15:00+00:00,USGS-05480986,38.0,2.81
2013-07-08 21:30:00+00:00,USGS-05480986,37.9,2.81
2013-07-08 21:45:00+00:00,USGS-05480986,38.0,2.81
2013-07-08 22:00:00+00:00,USGS-05480986,37.8,2.81
2013-07-08 22:15:00+00:00,USGS-05480986,37.5,3.07
2013-07-08 22:30:00+00:00,USGS-05480986,37.0,3.07
2013-07-08 22:45:00+00:00,USGS-05480986,36.9,3.2
2013-07-08 23:00:00+00:00,USGS-05480986,36.7,3.2
2013-07-08 23:15:00+00:00,USGS-05480986,36.5,3.34
2013-07-08 23:30:00+00:00,USGS-05480986,36.5,3.49
2013-07-08 23:45:00+00:00,USGS-05480986,36.8,3.49
2013-07-09 00:00:00+00:00,USGS-05480986,37.0,3.64
2013-07-09 00:15:00+00:00,USGS-05480986,37.0,3.64
2013-07-09 00:30:00+00:00,USGS-05480986,36.7,3.64
2013-07-09 00:45:00+00:00,USGS-05480986,36.5,3.64
2013-07-09 01:00:00+00:00,USGS-05480986,36.4,3.64
2013-07-09 01:15:00+00:00,USGS-05480986,36.2,3.79
2013-07-09 01:30:00+00:00,USGS-05480986,36.2,4.74
2013-07-09 01:45:00+00:00,USGS-05480986,36.2,11.4
2013-07-09 02:00:00+00:00,USGS-05480986,36.1,22.3
2013-07-09 02:15:00+00:00,USGS-05480986,36.2,32.2
2013-07-09 02:30:00+00:00,USGS-05480986,36.1,40.5
2013-07-09 02:45:00+00:00,USGS-05480986,28.5,47.4
2013-07-09 03:00:00+00:00,USGS-05480986,27.4,53.5
2013-07-09 03:15:00+00:00,USGS-05480986,21.6,57.6
2013-07-09 03:30:00+00:00,USGS-05480986,19.1,60.3
2013-07-09 03:45:00+00:00,USGS-05480986,16.7,61.4
2013-07-09 04:00:00+00:00,USGS-05480986,,61.9
2013-07-09 04:15:00+00:00,USGS-05480986,19.1,61.4
2013-07-09 04:30:00+00:00,USGS-05480986,19.0,60.8
2013-07-09 04:45:00+00:00,USGS-05480986,19.4,61.9
2013-07-09 05:00:00+00:00,USGS-05480986,19.8,60.8
2013-07-09 05:15:00+00:00,USGS-05480986,20.4,59.2
2013-07-09 05:30:00+00:00,USGS-05480986,20.8,58.7
2013-07-09 05:45:00+00:00,USGS-05480986,21.0,58.1
2013-07-09 06:00:00+00:00,USGS-05480986,21.3,56.0
2013-07-09 06:15:00+00:00,USGS-05480986,21.6,55.0
2013-07-09 06:30:00+00:00,USGS-05480986,22.1,54.5
2013-07-09 06:45:00+00:00,USGS-05480986,22.5,54.0
2013-07-09 07:00:00+00:00,USGS-05480986,22.7,54.0
2013-07-09 07:15:00+00:00,USGS-05480986,22.8,52.0
2013-07-09 07:30:00+00:00,USGS-05480986,22.8,51.5
2013-07-09 07:45:00+00:00,USGS-05480986,22.8,50.5
2013-07-09 08:00:00+00:00,USGS-05480986,22.7,48.9
2013-07-09 08:15:00+00:00,USGS-05480986,22.6,47.9
2013-07-09 08:30:00+00:00,USGS-05480986,22.6,47.4
2013-07-09 08:45:00+00:00,USGS-05480986,22.5,45.8
2013-07-09 09:00:00+00:00,USGS-05480986,22.5,45.3
2013-07-09 09:15:00+00:00,USGS-05480986,22.7,44.3
2013-07-09 09:30:00+00:00,USGS-05480986,22.8,43.9
2013-07-09 09:45:00+00:00,USGS-05480986,22.8,43.4
2013-07-09 10:00:00+00:00,USGS-05480986,22.8,42.4
2013-07-09 10:15:00+00:00,USGS-05480986,22.8,41.9
2013-07-09 10:30:00+00:00,USGS-05480986,22.8,41.4
2013-07-09 10:45:00+00:00,USGS-05480986,22.9,41.4
2013-07-09 11:00:00+00:00,USGS-05480986,23.2,40.5
2013-07-09 11:15:00+00:00,USGS-05480986,23.3,40.0
2013-07-09 11:30:00+00:00,USGS-05480986,23.3,39.6
2013-07-09 11:45:00+00:00,USGS-05480986,23.4,39.1
2013-07-09 12:00:00+00:00,USGS-05480986,23.3,39.1
2013-07-09 12:15:00+00:00,USGS-05480986,23.3,38.1
2013-07-09 12:30:00+00:00,USGS-05480986,23.3,38.1
2013-07-09 12:45:00+00:00,USGS-05480986,23.3,37.6
2013-07-09 13:00:00+00:00,USGS-05480986,23.3,37.2
2013-07-09 13:15:00+00:00,USGS-05480986,23.3,36.7
2013-07-09 13:30:00+00:00,USGS-05480986,23.3,36.2
2013-07-09 13:45:00+00:00,USGS-05480986,23.2,36.7
2013-07-09 14:00:00+00:00,USGS-05480986,23.1,36.2
2013-07-09 14:15:00+00:00,USGS-05480986,23.1,35.8
2013-07-09 14:30:00+00:00,USGS-05480986,23.1,35.8
2013-07-09 14:45:00+00:00,USGS-05480986,23.1,35.3
2013-07-09 15:00:00+00:00,USGS-05480986,23.1,34.4
2013-07-09 15:15:00+00:00,USGS-05480986,23.1,34.0
2013-07-09 15:30:00+00:00,USGS-05480986,23.1,33.5
2013-07-09 15:45:00+00:00,USGS-05480986,23.0,33.5
2013-07-09 16:00:00+00:00,USGS-05480986,23.1,33.1
2013-07-09 16:15:00+00:00,USGS-05480986,23.2,32.6
2013-07-09 16:30:00+00:00,USGS-05480986,23.4,32.6
2013-07-09 16:45:00+00:00,USGS-05480986,23.4,32.2
2013-07-09 17:00:00+00:00,USGS-05480986,23.6,32.6
2013-07-09 17:15:00+00:00,USGS-05480986,23.8,32.6
2013-07-09 17:30:00+00:00,USGS-05480986,23.8,33.5
2013-07-09 17:45:00+00:00,USGS-05480986,23.9,33.5
2013-07-09 18:00:00+00:00,USGS-05480986,23.9,33.5
2013-07-09 18:15:00+00:00,USGS-05480986,23.7,34.4
2013-07-09 18:30:00+00:00,USGS-05480986,23.9,34.4
2013-07-09 18:45:00+00:00,USGS-05480986,24.0,35.3
2013-07-09 19:00:00+00:00,USGS-05480986,24.1,34.4
2013-07-09 19:15:00+00:00,USGS-05480986,24.1,34.4
2013-07-09 19:30:00+00:00,USGS-05480986,24.0,34.9
2013-07-09 19:45:00+00:00,USGS-05480986,23.9,34.4
2013-07-09 20:00:00+00:00,USGS-05480986,23.9,34.0
2013-07-09 20:15:00+00:00,USGS-05480986,24.0,33.1
2013-07-09 20:30:00+00:00,USGS-05480986,24.1,31.8
2013-07-09 20:45:00+00:00,USGS-05480986,24.1,32.2
2013-07-09 21:00:00+00:00,USGS-05480986,24.2,31.3
2013-07-09 21:15:00+00:00,USGS-05480986,24.3,30.5
2013-07-09 21:30:00+00:00,USGS-05480986,24.5,30.1
2013-07-09 21:45:00+00:00,USGS-05480986,24.7,28.8
2013-07-09 22:00:00+00:00,USGS-05480986,24.8,28.8
2013-07-09 22:15:00+00:00,USGS-05480986,24.9,28.4
2013-07-09 22:30:00+00:00,USGS-05480986,25.0,27.6
2013-07-09 22:45:00+00:00,USGS-05480986,25.1,27.3
2013-07-09 23:00:00+00:00,USGS-05480986,25.4,27.3
2013-07-09 23:15:00+00:00,USGS-05480986,25.6,26.5
2013-07-09 23:30:00+00:00,USGS-05480986,25.9,26.1
2013-07-09 23:45:00+00:00,USGS-05480986,26.1,25.7
2013-07-10 00:00:00+00:00,USGS-05480986,26.3,25.7
2013-07-10 00:15:00+00:00,USGS-05480986,26.5,24.9
2013-07-10 00:30:00+00:00,USGS-05480986,26.6,24.5
2013-07-10 00:45:00+00:00,USGS-05480986,26.8,24.5
2013-07-10 01:00:00+00:00,USGS-05480986,26.9,23.8
2013-07-10 01:15:00+00:00,USGS-05480986,27.0,23.8
2013-07-10 01:30:00+00:00,USGS-05480986,27.1,23.4
2013-07-10 01:45:00+00:00,USGS-05480986,27.2,23.0
2013-07-10 02:00:00+00:00,USGS-05480986,27.2,23.0
2013-07-10 02:15:00+00:00,USGS-05480986,27.3,22.6
2013-07-10 02:30:00+00:00,USGS-05480986,27.4,22.3
2013-07-10 02:45:00+00:00,USGS-05480986,27.4,21.9
2013-07-10 03:00:00+00:00,USGS-05480986,27.5,21.6
2013-07-10 03:15:00+00:00,USGS-05480986,27.6,21.6
2013-07-10 03:30:00+00:00,USGS-05480986,27.6,21.6
2013-07-10 03:45:00+00:00,USGS-05480986,27.7,21.2
2013-07-10 04:00:00+00:00,USGS-05480986,27.7,20.8
2013-07-10 04:15:00+00:00,USGS-05480986,27.7,20.8
2013-07-10 04:30:00+00:00,USGS-05480986,27.8,20.5
2013-07-10 04:45:00+00:00,USGS-05480986,27.9,20.5
2013-07-10 05:00:00+00:00,USGS-05480986,27.9,20.1
2013-07-10 05:15:00+00:00,USGS-05480986,28.0,19.8
2013-07-10 05:30:00+00:00,USGS-05480986,28.0,19.8
2013-07-10 05:45:00+00:00,USGS-05480986,28.1,19.5
2013-07-10 06:00:00+00:00,USGS-05480986,28.1,19.1
2013-07-10 06:15:00+00:00,USGS-05480986,28.2,19.1
2013-07-10 06:30:00+00:00,USGS-05480986,28.2,19.1
2013-07-10 06:45:00+00:00,USGS-05480986,28.2,18.8
2013-07-10 07:00:00+00:00,USGS-05480986,28.3,18.8
2013-07-10 07:15:00+00:00,USGS-05480986,28.4,18.5
2013-07-10 07:30:00+00:00,USGS-05480986,28.4,18.5
2013-07-10 07:45:00+00:00,USGS-05480986,28.4,18.5
2013-07-10 08:00:00+00:00,USGS-05480986,28.4,18.1
2013-07-10 08:15:00+00:00,USGS-05480986,28.4,17.8
2013-07-10 08:30:00+00:00,USGS-05480986,28.5,17.8
2013-07-10 08:45:00+00:00,USGS-05480986,28.5,17.8
2013-07-10 09:00:00+00:00,USGS-05480986,28.5,17.5
2013-07-10 09:15:00+00:00,USGS-05480986,28.5,17.5
2013-07-10 09:30:00+00:00,USGS-05480986,28.6,17.5
2013-07-10 09:45:00+00:00,USGS-05480986,28.6,17.2
2013-07-10 10:00:00+00:00,USGS-05480986,28.7,16.9
2013-07-10 10:15:00+00:00,USGS-05480986,28.7,16.9
2013-07-10 10:30:00+00:00,USGS-05480986,28.7,16.9
2013-07-10 10:45:00+00:00,USGS-05480986,28.7,16.9
2013-07-10 11:00:00+00:00,USGS-05480986,28.8,16.6
2013-07-10 11:15:00+00:00,USGS-05480986,28.8,16.3
2013-07-10 11:30:00+00:00,USGS-05480986,28.8,16.6
2013-07-10 11:45:00+00:00,USGS-05480986,28.9,16.3
2013-07-10 12:00:00+00:00,USGS-05480986,28.9,16.0
2013-07-10 12:15:00+00:00,USGS-05480986,28.9,16.0
2013-07-10 12:30:00+00:00,USGS-05480986,28.9,15.7
2013-07-10 12:45:00+00:00,USGS-05480986,29.0,15.7
2013-07-10 13:00:00+00:00,USGS-05480986,29.0,15.7
2013-07-10 13:15:00+00:00,USGS-05480986,29.0,15.4
2013-07-10 13:30:00+00:00,USGS-05480986,29.0,15.1
2013-07-10 13:45:00+00:00,USGS-05480986,29.1,15.4
2013-07-10 14:00:00+00:00,USGS-05480986,29.2,15.1
2013-07-10 14:15:00+00:00,USGS-05480986,29.2,15.1
2013-07-10 14:30:00+00:00,USGS-05480986,29.3,14.8
2013-07-10 14:45:00+00:00,USGS-05480986,29.4,14.8
2013-07-10 15:00:00+00:00,USGS-05480986,29.4,14.5
2013-07-10 15:15:00+00:00,USGS-05480986,29.4,14.5
2013-07-10 15:30:00+00:00,USGS-05480986,29.5,14.5
2013-07-10 15:45:00+00:00,USGS-05480986,29.6,14.2
2013-07-10 16:00:00+00:00,USGS-05480986,29.6,14.2
2013-07-10 16:15:00+00:00,USGS-05480986,29.7,14.2
2013-07-10 16:30:00+00:00,USGS-05480986,29.7,14.0
2013-07-10 16:45:00+00:00,USGS-05480986,29.8,14.0
2013-07-10 17:00:00+00:00,USGS-05480986,29.9,14.0
2013-07-10 17:15:00+00:00,USGS-05480986,29.9,13.7
2013-07-10 17:30:00+00:00,USGS-05480986,30.0,13.7
2013-07-10 17:45:00+00:00,USGS-05480986,30.1,13.7
2013-07-10 18:00:00+00:00,USGS-05480986,30.1,13.7
2013-07-10 18:15:00+00:00,USGS-05480986,30.2,13.4
2013-07-10 18:30:00+00:00,USGS-05480986,30.3,13.4
2013-07-10 18:45:00+00:00,USGS-05480986,30.3,13.4
2013-07-10 19:00:00+00:00,USGS-05480986,30.4,13.1
2013-07-10 19:15:00+00:00,USGS-05480986,30.4,13.1
2013-07-10 19:30:00+00:00,USGS-05480986,30.5,12.9
2013-07-10 19:45:00+00:00,USGS-05480986,30.6,12.9
2013-07-10 20:00:00+00:00,USGS-05480986,30.6,12.9
2013-07-10 20:15:00+00:00,USGS-05480986,30.7,12.9
2013-07-10 20:30:00+00:00,USGS-05480986,30.8,12.9
2013-07-10 20:45:00+00:00,USGS-05480986,30.8,12.6
2013-07-10 21:00:00+00:00,USGS-05480986,30.8,12.6
2013-07-10 21:15:00+00:00,USGS-05480986,30.9,12.4
2013-07-10 21:30:00+00:00,USGS-05480986,31.0,12.6
2013-07-10 21:45:00+00:00,USGS-05480986,31.0,12.4
2013-07-10 22:00:00+00:00,USGS-05480986,31.0,12.4
2013-07-10 22:15:00+00:00,USGS-05480986,31.0,12.4
2013-07-10 22:30:00+00:00,USGS-05480986,31.1,12.1
2013-07-10 22:45:00+00:00,USGS-05480986,31.2,12.1
2013-07-10 23:00:00+00:00,USGS-05480986,31.2,11.9
2013-07-10 23:15:00+00:00,USGS-05480986,31.2,11.9
2013-07-10 23:30:00+00:00,USGS-05480986,31.2,11.9
2013-07-10 23:45:00+00:00,USGS-05480986,31.2,11.9
2013-07-11 00:00:00+00:00,USGS-05480986,31.3,11.9
2013-07-11 00:15:00+00:00,USGS-05480986,31.4,11.6
2013-07-11 00:30:00+00:00,USGS-05480986,31.4,11.6
2013-07-11 00:45:00+00:00,USGS-05480986,31.4,11.6
2013-07-11 01:00:00+00:00,USGS-05480986,31.4,11.6
2013-07-11 01:15:00+00:00,USGS-05480986,31.5,11.6
2013-07-11 01:30:00+00:00,USGS-05480986,31.5,11.4
2013-07-11 01:45:00+00:00,USGS-05480986,31.6,11.4
2013-07-11 02:00:00+00:00,USGS-05480986,31.6,11.4
2013-07-11 02:15:00+00:00,USGS-05480986,31.6,11.1
2013-07-11 02:30:00+00:00,USGS-05480986,31.6,11.4
2013-07-11 02:45:00+00:00,USGS-05480986,31.7,11.1
2013-07-11 03:00:00+00:00,USGS-05480986,31.7,11.1
2013-07-11 03:15:00+00:00,USGS-05480986,31.7,11.1
2013-07-11 03:30:00+00:00,USGS-05480986,31.8,11.1
2013-07-11 03:45:00+00:00,USGS-05480986,31.8,11.1
2013-07-11 04:00:00+00:00,USGS-05480986,31.9,11.1
2013-07-11 04:15:00+00:00,USGS-05480986,31.9,11.1
2013-07-11 04:30:00+00:00,USGS-05480986,31.9,10.9
2013-07-11 04:45:00+00:00,USGS-05480986,31.9,10.9
2013-07-11 05:00:00+00:00,USGS-05480986,32.0,10.9
2013-07-11 05:15:00+00:00,USGS-05480986,32.1,10.9
2013-07-11 05:30:00+00:00,USGS-05480986,32.1,10.6
2013-07-11 05:45:00+00:00,USGS-05480986,32.1,10.6
2013-07-11 06:00:00+00:00,USGS-05480986,32.2,10.6
2013-07-11 06:15:00+00:00,USGS-05480986,32.3,10.6
2013-07-11 06:30:00+00:00,USGS-05480986,32.3,10.6
2013-07-11 06:45:00+00:00,USGS-05480986,32.3,10.6
2013-07-11 07:00:00+00:00,USGS-05480986,32.3,10.6
2013-07-11 07:15:00+00:00,USGS-05480986,32.4,10.4
2013-07-11 07:30:00+00:00,USGS-05480986,32.4,10.4
2013-07-11 07:45:00+00:00,USGS-05480986,32.5,10.4
2013-07-11 08:00:00+00:00,USGS-05480986,32.5,10.4
2013-07-11 08:15:00+00:00,USGS-05480986,32.5,10.4
2013-07-11 08:30:00+00:00,USGS-05480986,32.5,10.4
2013-07-11 08:45:00+00:00,USGS-05480986,32.5,10.2
2013-07-11 09:00:00+00:00,USGS-05480986,32.5,10.2
2013-07-11 09:15:00+00:00,USGS-05480986,32.6,10.2
2013-07-11 09:30:00+00:00,USGS-05480986,32.6,10.2
2013-07-11 09:45:00+00:00,USGS-05480986,32.7,10.2
2013-07-11 10:00:00+00:00,USGS-05480986,32.7,9.91
2013-07-11 10:15:00+00:00,USGS-05480986,32.7,9.91
2013-07-11 10:30:00+00:00,USGS-05480986,32.7,9.91
2013-07-11 10:45:00+00:00,USGS-05480986,32.7,9.91
2013-07-11 11:00:00+00:00,USGS-05480986,32.7,9.91
2013-07-11 11:15:00+00:00,USGS-05480986,32.8,9.64
2013-07-11 11:30:00+00:00,USGS-05480986,32.8,9.64
2013-07-11 11:45:00+00:00,USGS-05480986,32.8,9.64
2013-07-11 12:00:00+00:00,USGS-05480986,32.8,9.64
2013-07-11 12:15:00+00:00,USGS-05480986,32.8,9.64
2013-07-11 12:30:00+00:00,USGS-05480986,32.9,9.64
2013-07-11 12:45:00+00:00,USGS-05480986,32.9,9.38
2013-07-11 13:00:00+00:00,USGS-05480986,32.9,9.38
2013-07-11 13:15:00+00:00,USGS-05480986,32.9,9.64
2013-07-11 13:30:00+00:00,USGS-05480986,33.0,9.38
2013-07-11 13:45:00+00:00,USGS-05480986,33.0,9.38
2013-07-11 14:00:00+00:00,USGS-05480986,33.0,9.38
2013-07-11 14:15:00+00:00,USGS-05480986,33.0,9.38
2013-07-11 14:30:00+00:00,USGS-05480986,33.1,9.38
2013-07-11 14:45:00+00:00,USGS-05480986,33.1,9.38
2013-07-11 15:00:00+00:00,USGS-05480986,33.1,9.12
2013-07-11 15:15:00+00:00,USGS-05480986,33.1,9.12
2013-07-11 15:30:00+00:00,USGS-05480986,33.2,9.12
2013-07-11 15:45:00+00:00,USGS-05480986,33.2,9.12
2013-07-11 16:00:00+00:00,USGS-05480986,33.3,9.12
2013-07-11 16:15:00+00:00,USGS-05480986,33.3,8.87
2013-07-11 16:30:00+00:00,USGS-05480986,33.3,8.87
2013-07-11 16:45:00+00:00,USGS-05480986,33.3,8.87
2013-07-11 17:00:00+00:00,USGS-05480986,33.3,8.87
2013-07-11 17:15:00+00:00,USGS-05480986,33.4,8.62
2013-07-11 17:30:00+00:00,USGS-05480986,33.4,8.87
2013-07-11 17:45:00+00:00,USGS-05480986,33.5,8.62
2013-07-11 18:00:00+00:00,USGS-05480986,33.5,8.62
2013-07-11 18:15:00+00:00,USGS-05480986,33.5,8.37
2013-07-11 18:30:00+00:00,USGS-05480986,33.5,8.62
2013-07-11 18:45:00+00:00,USGS-05480986,33.5,8.37
2013-07-11 19:00:00+00:00,USGS-05480986,33.6,8.62
2013-07-11 19:15:00+00:00,USGS-05480986,33.7,8.37
2013-07-11 19:30:00+00:00,USGS-05480986,33.7,8.62
2013-07-11 19:45:00+00:00,USGS-05480986,33.7,8.37
2013-07-11 20:00:00+00:00,USGS-05480986,33.7,8.37
2013-07-11 20:15:00+00:00,USGS-05480986,33.8,8.13
2013-07-11 20:30:00+00:00,USGS-05480986,33.8,8.37
2013-07-11 20:45:00+00:00,USGS-05480986,33.9,8.37
2013-07-11 21:00:00+00:00,USGS-05480986,33.9,8.13
2013-07-11 21:15:00+00:00,USGS-05480986,33.9,8.13
2013-07-11 21:30:00+00:00,USGS-05480986,33.9,8.13
2013-07-11 21:45:00+00:00,USGS-05480986,33.9,8.13
2013-07-11 22:00:00+00:00,USGS-05480986,33.9,8.13
2013-07-11 22:15:00+00:00,USGS-05480986,34.0,8.13
2013-07-11 22:30:00+00:00,USGS-05480986,34.0,8.13
2013-07-11 22:45:00+00:00,USGS-05480986,34.1,8.13
2013-07-11 23:00:00+00:00,USGS-05480986,34.1,7.9
2013-07-11 23:15:00+00:00,USGS-05480986,34.1,7.9
2013-07-11 23:30:00+00:00,USGS-05480986,34.1,7.9
2013-07-11 23:45:00+00:00,USGS-05480986,34.1,7.9
2013-07-12 00:00:00+00:00,USGS-05480986,34.1,7.9
2013-07-12 00:15:00+00:00,USGS-05480986,34.2,7.9
2013-07-12 00:30:00+00:00,USGS-05480986,34.2,7.67
2013-07-12 00:45:00+00:00,USGS-05480986,34.3,7.67
2013-07-12 01:00:00+00:00,USGS-05480986,34.3,7.67
2013-07-12 01:15:00+00:00,USGS-05480986,34.3,7.67
2013-07-12 01:30:00+00:00,USGS-05480986,34.3,7.67
2013-07-12 01:45:00+00:00,USGS-05480986,34.3,7.67
2013-07-12 02:00:00+00:00,USGS-05480986,34.3,7.67
2013-07-12 02:15:00+00:00,USGS-05480986,34.3,7.67
2013-07-12 02:30:00+00:00,USGS-05480986,34.3,7.67
2013-07-12 02:45:00+00:00,USGS-05480986,34.3,7.44
2013-07-12 03:00:00+00:00,USGS-05480986,34.4,7.67
2013-07-12 03:15:00+00:00,USGS-05480986,34.4,7.44
2013-07-12 03:30:00+00:00,USGS-05480986,34.4,7.44
2013-07-12 03:45:00+00:00,USGS-05480986,34.4,7.44
2013-07-12 04:00:00+00:00,USGS-05480986,34.5,7.44
2013-07-12 04:15:00+00:00,USGS-05480986,34.5,7.67
2013-07-12 04:30:00+00:00,USGS-05480986,34.5,7.44
2013-07-12 04:45:00+00:00,USGS-05480986,34.5,7.44
2013-07-12 05:00:00+00:00,USGS-05480986,34.5,7.22
2013-07-12 05:15:00+00:00,USGS-05480986,34.5,7.44
2013-07-12 05:30:00+00:00,USGS-05480986,34.5,7.44
2013-07-12 05:45:00+00:00,USGS-05480986,34.6,7.44
2013-07-12 06:00:00+00:00,USGS-05480986,34.6,7.44
2013-07-12 06:15:00+00:00,USGS-05480986,34.6,7.22
2013-07-12 06:30:00+00:00,USGS-05480986,34.7,7.44
2013-07-12 06:45:00+00:00,USGS-05480986,34.7,7.44
2013-07-12 07:00:00+00:00,USGS-05480986,34.7,7.22
2013-07-12 07:15:00+00:00,USGS-05480986,34.7,7.44
2013-07-12 07:30:00+00:00,USGS-05480986,34.7,7.22
2013-07-12 07:45:00+00:00,USGS-05480986,34.7,7.22
2013-07-12 08:00:00+00:00,USGS-05480986,34.7,7.22
2013-07-12 08:15:00+00:00,USGS-05480986,34.7,7.22
2013-07-12 08:30:00+00:00,USGS-05480986,34.7,7.22
2013-07-12 08:45:00+00:00,USGS-05480986,34.7,7.22
2013-07-12 09:00:00+00:00,USGS-05480986,34.7,7.22
2013-07-12 09:15:00+00:00,USGS-05480986,34.7,7.01
2013-07-12 09:30:00+00:00,USGS-05480986,34.7,7.01
2013-07-12 09:45:00+00:00,USGS-05480986,34.8,7.01
2013-07-12 10:00:00+00:00,USGS-05480986,34.8,7.01
2013-07-12 10:15:00+00:00,USGS-05480986,34.8,7.01
2013-07-12 10:30:00+00:00,USGS-05480986,34.8,7.01
2013-07-12 10:45:00+00:00,USGS-05480986,34.9,7.01
2013-07-12 11:00:00+00:00,USGS-05480986,34.9,7.01
2013-07-12 11:15:00+00:00,USGS-05480986,34.9,7.01
2013-07-12 11:30:00+00:00,USGS-05480986,34.9,7.01
2013-07-12 11:45:00+00:00,USGS-05480986,34.9,6.8
2013-07-12 12:00:00+00:00,USGS-05480986,34.9,7.01
2013-07-12 12:15:00+00:00,USGS-05480986,34.9,6.8
2013-07-12 12:30:00+00:00,USGS-05480986,34.9,6.8
2013-07-12 12:45:00+00:00,USGS-05480986,34.9,7.01
2013-07-12 13:00:00+00:00,USGS-05480986,35.0,6.8
2013-07-12 13:15:00+00:00,USGS-05480986,35.0,6.8
2013-07-12 13:30:00+00:00,USGS-05480986,35.0,6.8
2013-07-12 13:45:00+00:00,USGS-05480986,35.0,6.8
2013-07-12 14:00:00+00:00,USGS-05480986,35.0,6.8
2013-07-12 14:15:00+00:00,USGS-05480986,35.1,6.8
2013-07-12 14:30:00+00:00,USGS-05480986,35.1,6.8
2013-07-12 14:45:00+00:00,USGS-05480986,35.1,6.8
2013-07-12 15:00:00+00:00,USGS-05480986,35.1,6.59
2013-07-12 15:15:00+00:00,USGS-05480986,35.2,6.8
2013-07-12 15:30:00+00:00,USGS-05480986,35.2,6.59
2013-07-12 15:45:00+00:00,USGS-05480986,35.2,6.59
2013-07-12 16:00:00+00:00,USGS-05480986,35.2,6.59
2013-07-12 16:15:00+00:00,USGS-05480986,35.2,6.59
2013-07-12 16:30:00+00:00,USGS-05480986,35.2,6.59
2013-07-12 16:45:00+00:00,USGS-05480986,35.2,6.59
2013-07-12 17:00:00+00:00,USGS-05480986,35.2,6.38
2013-07-12 17:15:00+00:00,USGS-05480986,35.2,6.59
2013-07-12 17:30:00+00:00,USGS-05480986,35.3,6.38
2013-07-12 17:45:00+00:00,USGS-05480986,35.3,6.38
2013-07-12 18:00:00+00:00,USGS-05480986,35.3,6.38
2013-07-12 18:15:00+00:00,USGS-05480986,35.4,6.38
2013-07-12 18:30:00+00:00,USGS-05480986,35.4,6.38
2013-07-12 18:45:00+00:00,USGS-05480986,35.4,6.19
2013-07-12 19:00:00+00:00,USGS-05480986,35.4,6.19
2013-07-12 19:15:00+00:00,USGS-05480986,35.4,6.19
2013-07-12 19:30:00+00:00,USGS-05480986,35.4,6.19
2013-07-12 19:45:00+00:00,USGS-05480986,35.4,6.19
2013-07-12 20:00:00+00:00,USGS-05480986,35.4,6.19
2013-07-12 20:15:00+00:00,USGS-05480986,35.5,6.19
2013-07-12 20:30:00+00:00,USGS-05480986,35.5,6.19
2013-07-12 20:45:00+00:00,USGS-05480986,35.6,5.99
2013-07-12 21:00:00+00:00,USGS-05480986,35.6,6.19
2013-07-12 21:15:00+00:00,USGS-05480986,35.6,6.19
2013-07-12 21:30:00+00:00,USGS-05480986,35.6,5.99
2013-07-12 21:45:00+00:00,USGS-05480986,35.6,5.99
2013-07-12 22:00:00+00:00,USGS-05480986,35.6,5.99
2013-07-12 22:15:00+00:00,USGS-05480986,35.6,5.99
2013-07-12 22:30:00+00:00,USGS-05480986,35.7,5.99
2013-07-12 22:45:00+00:00,USGS-05480986,35.7,5.8
2013-07-12 23:00:00+00:00,USGS-05480986,35.7,5.8
2013-07-12 23:15:00+00:00,USGS-05480986,35.7,5.99
2013-07-12 23:30:00+00:00,USGS-05480986,35.8,5.8
2013-07-12 23:45:00+00:00,USGS-05480986,35.8,5.8
2013-07-13 00:00:00+00:00,USGS-05480986,35.8,5.8
2013-07-13 00:15:00+00:00,USGS-05480986,35.8,5.8
2013-07-13 00:30:00+00:00,USGS-05480986,35.8,5.8
2013-07-13 00:45:00+00:00,USGS-05480986,35.8,5.8
2013-07-13 01:00:00+00:00,USGS-05480986,35.8,5.8
2013-07-13 01:15:00+00:00,USGS-05480986,35.8,5.8
2013-07-13 01:30:00+00:00,USGS-05480986,35.8,5.8
2013-07-13 01:45:00+00:00,USGS-05480986,35.8,5.8
2013-07-13 02:00:00+00:00,USGS-05480986,35.9,5.8
2013-07-13 02:15:00+00:00,USGS-05480986,35.9,5.61
2013-07-13 02:30:00+00:00,USGS-05480986,35.9,5.61
2013-07-13 02:45:00+00:00,USGS-05480986,35.9,5.61
2013-07-13 03:00:00+00:00,USGS-05480986,35.9,5.61
2013-07-13 03:15:00+00:00,USGS-05480986,35.9,5.8
2013-07-13 03:30:00+00:00,USGS-05480986,36.0,5.8
2013-07-13 03:45:00+00:00,USGS-05480986,36.0,5.8
2013-07-13 04:00:00+00:00,USGS-05480986,36.0,5.61
2013-07-13 04:15:00+00:00,USGS-05480986,36.1,5.61
2013-07-13 04:30:00+00:00,USGS-05480986,36.0,5.61
2013-07-13 04:45:00+00:00,USGS-05480986,36.1,5.8
2013-07-13 05:00:00+00:00,USGS-05480986,36.1,5.61
2013-07-13 05:15:00+00:00,USGS-05480986,36.1,5.61
2013-07-13 05:30:00+00:00,USGS-05480986,36.1,5.61
2013-07-13 05:45:00+00:00,USGS-05480986,36.1,5.61
2013-07-13 06:00:00+00:00,USGS-05480986,36.1,5.61
2013-07-13 06:15:00+00:00,USGS-05480986,36.1,5.61
2013-07-13 06:30:00+00:00,USGS-05480986,36.1,5.61
2013-07-13 06:45:00+00:00,USGS-05480986,36.1,5.61
2013-07-13 07:00:00+00:00,USGS-05480986,36.0,5.43
2013-07-13 07:15:00+00:00,USGS-05480986,36.0,5.43
2013-07-13 07:30:00+00:00,USGS-05480986,36.1,5.43
2013-07-13 07:45:00+00:00,USGS-05480986,36.1,5.61
2013-07-13 08:00:00+00:00,USGS-05480986,36.0,5.43
2013-07-13 08:15:00+00:00,USGS-05480986,36.1,5.61
2013-07-13 08:30:00+00:00,USGS-05480986,36.1,5.61
2013-07-13 08:45:00+00:00,USGS-05480986,36.1,5.43
2013-07-13 09:00:00+00:00,USGS-05480986,36.1,5.43
2013-07-13 09:15:00+00:00,USGS-05480986,36.1,5.43
2013-07-13 09:30:00+00:00,USGS-05480986,36.1,5.25
2013-07-13 09:45:00+00:00,USGS-05480986,36.1,5.25
2013-07-13 10:00:00+00:00,USGS-05480986,36.1,5.25
2013-07-13 10:15:00+00:00,USGS-05480986,36.2,5.43
2013-07-13 10:30:00+00:00,USGS-05480986,36.1,5.43
2013-07-13 10:45:00+00:00,USGS-05480986,36.2,5.43
2013-07-13 11:00:00+00:00,USGS-05480986,36.2,5.43
2013-07-13 11:15:00+00:00,USGS-05480986,36.2,5.43
2013-07-13 11:30:00+00:00,USGS-05480986,36.2,5.43
2013-07-13 11:45:00+00:00,USGS-05480986,36.2,5.43
2013-07-13 12:00:00+00:00,USGS-05480986,36.2,5.43
2013-07-13 12:15:00+00:00,USGS-05480986,36.2,5.25
2013-07-13 12:30:00+00:00,USGS-05480986,36.2,5.43
2013-07-13 12:45:00+00:00,USGS-05480986,36.2,5.25
2013-07-13 13:00:00+00:00,USGS-05480986,36.2,5.43
2013-07-13 13:15:00+00:00,USGS-05480986,36.2,5.25
2013-07-13 13:30:00+00:00,USGS-05480986,36.2,5.25
2013-07-13 13:45:00+00:00,USGS-05480986,36.2,5.25
2013-07-13 14:00:00+00:00,USGS-05480986,36.2,5.25
2013-07-13 14:15:00+00:00,USGS-05480986,36.2,5.25
2013-07-13 14:30:00+00:00,USGS-05480986,36.2,5.25
2013-07-13 14:45:00+00:00,USGS-05480986,36.2,5.25
2013-07-13 15:00:00+00:00,USGS-05480986,36.2,5.25
2013-07-13 15:15:00+00:00,USGS-05480986,36.2,5.25
2013-07-13 15:30:00+00:00,USGS-05480986,36.2,5.25
2013-07-13 15:45:00+00:00,USGS-05480986,36.3,5.25
2013-07-13 16:00:00+00:00,USGS-05480986,36.3,5.25
2013-07-13 16:15:00+00:00,USGS-05480986,36.3,5.25
2013-07-13 16:30:00+00:00,USGS-05480986,36.3,5.25
2013-07-13 16:45:00+00:00,USGS-05480986,36.3,5.25
2013-07-13 17:00:00+00:00,USGS-05480986,36.3,5.08
2013-07-13 17:15:00+00:00,USGS-05480986,36.2,5.08
2013-07-13 17:30:00+00:00,USGS-05480986,36.2,5.25
2013-07-13 17:45:00+00:00,USGS-05480986,36.3,5.08
2013-07-13 18:00:00+00:00,USGS-05480986,36.2,5.08
2013-07-13 18:15:00+00:00,USGS-05480986,36.2,5.08
2013-07-13 18:30:00+00:00,USGS-05480986,36.2,5.08
2013-07-13 18:45:00+00:00,USGS-05480986,36.2,5.08
2013-07-13 19:00:00+00:00,USGS-05480986,36.2,5.08
2013-07-13 19:15:00+00:00,USGS-05480986,36.2,5.08
2013-07-13 19:30:00+00:00,USGS-05480986,36.2,5.08
2013-07-13 19:45:00+00:00,USGS-05480986,36.3,5.08
2013-07-13 20:00:00+00:00,USGS-05480986,36.2,5.08
2013-07-13 20:15:00+00:00,USGS-05480986,36.3,5.08
2013-07-13 20:30:00+00:00,USGS-05480986,36.2,5.08
2013-07-13 20:45:00+00:00,USGS-05480986,36.2,5.08
2013-07-13 21:00:00+00:00,USGS-05480986,36.3,4.91
2013-07-13 21:15:00+00:00,USGS-05480986,36.3,4.91
2013-07-13 21:30:00+00:00,USGS-05480986,36.3,4.91
2013-07-13 21:45:00+00:00,USGS-05480986,36.3,4.91
2013-07-13 22:00:00+00:00,USGS-05480986,36.3,4.91
2013-07-13 22:15:00+00:00,USGS-05480986,36.3,4.91
2013-07-13 22:30:00+00:00,USGS-05480986,36.3,4.91
2013-07-13 22:45:00+00:00,USGS-05480986,36.3,4.91
2013-07-13 23:00:00+00:00,USGS-05480986,36.3,4.91
2013-07-13 23:15:00+00:00,USGS-05480986,36.3,4.91
2013-07-13 23:30:00+00:00,USGS-05480986,36.3,4.91
2013-07-13 23:45:00+00:00,USGS-05480986,36.3,4.91
2013-07-14 00:00:00+00:00,USGS-05480986,36.3,4.91
2013-07-14 00:15:00+00:00,USGS-05480986,36.3,4.74
2013-07-14 00:30:00+00:00,USGS-05480986,36.3,4.91
2013-07-14 00:45:00+00:00,USGS-05480986,36.3,4.74
2013-07-14 01:00:00+00:00,USGS-05480986,36.3,4.91
2013-07-14 01:15:00+00:00,USGS-05480986,36.3,4.74
2013-07-14 01:30:00+00:00,USGS-05480986,36.3,4.91
2013-07-14 01:45:00+00:00,USGS-05480986,36.3,4.91
2013-07-14 02:00:00+00:00,USGS-05480986,36.3,4.91
2013-07-14 02:15:00+00:00,USGS-05480986,36.3,4.91
2013-07-14 02:30:00+00:00,USGS-05480986,36.3,4.91
2013-07-14 02:45:00+00:00,USGS-05480986,36.3,4.91
2013-07-14 03:00:00+00:00,USGS-05480986,36.2,4.91
2013-07-14 03:15:00+00:00,USGS-05480986,36.2,4.74
2013-07-14 03:30:00+00:00,USGS-05480986,36.2,4.74
2013-07-14 03:45:00+00:00,USGS-05480986,36.2,4.74
2013-07-14 04:00:00+00:00,USGS-05480986,36.2,4.74
2013-07-14 04:15:00+00:00,USGS-05480986,36.3,4.74
2013-07-14 04:30:00+00:00,USGS-05480986,36.3,4.74
2013-07-14 04:45:00+00:00,USGS-05480986,36.3,4.74
2013-07-14 05:00:00+00:00,USGS-05480986,36.3,4.74
2013-07-14 05:15:00+00:00,USGS-05480986,36.3,4.74
2013-07-14 05:30:00+00:00,USGS-05480986,36.3,4.74
2013-07-14 05:45:00+00:00,USGS-05480986,36.2,4.74
2013-07-14 06:00:00+00:00,USGS-05480986,36.2,4.74
2013-07-14 06:15:00+00:00,USGS-05480986,36.2,4.74
2013-07-14 06:30:00+00:00,USGS-05480986,36.2,4.74
2013-07-14 06:45:00+00:00,USGS-05480986,36.2,4.74
2013-07-14 07:00:00+00:00,USGS-05480986,36.2,4.58
2013-07-14 07:15:00+00:00,USGS-05480986,36.2,4.58
2013-07-14 07:30:00+00:00,USGS-05480986,36.2,4.58
2013-07-14 07:45:00+00:00,USGS-05480986,36.2,4.58
2013-07-14 08:00:00+00:00,USGS-05480986,36.2,4.58
2013-07-14 08:15:00+00:00,USGS-05480986,36.2,4.58
2013-07-14 08:30:00+00:00,USGS-05480986,36.2,4.58
2013-07-14 08:45:00+00:00,USGS-05480986,36.2,4.58
2013-07-14 09:00:00+00:00,USGS-05480986,36.2,4.58
2013-07-14 09:15:00+00:00,USGS-05480986,36.2,4.42
2013-07-14 09:30:00+00:00,USGS-05480986,36.2,4.58
2013-07-14 09:45:00+00:00,USGS-05480986,36.2,4.58
2013-07-14 10:00:00+00:00,USGS-05480986,36.2,4.58
2013-07-14 10:15:00+00:00,USGS-05480986,36.2,4.42
2013-07-14 10:30:00+00:00,USGS-05480986,36.2,4.58
2013-07-14 10:45:00+00:00,USGS-05480986,36.2,4.58
2013-07-14 11:00:00+00:00,USGS-05480986,36.2,4.58
2013-07-14 11:15:00+00:00,USGS-05480986,36.2,4.58
2013-07-14 11:30:00+00:00,USGS-05480986,36.2,4.58
2013-07-14 11:45:00+00:00,USGS-05480986,36.2,4.58
2013-07-14 12:00:00+00:00,USGS-05480986,36.2,4.58
2013-07-14 12:15:00+00:00,USGS-05480986,36.2,4.58
2013-07-14 12:30:00+00:00,USGS-05480986,36.2,4.58
2013-07-14 12:45:00+00:00,USGS-05480986,36.2,4.58
2013-07-14 13:00:00+00:00,USGS-05480986,36.2,4.58
2013-07-14 13:15:00+00:00,USGS-05480986,36.1,4.58
2013-07-14 13:30:00+00:00,USGS-05480986,36.1,4.58
2013-07-14 13:45:00+00:00,USGS-05480986,36.1,4.58
2013-07-14 14:00:00+00:00,USGS-05480986,36.1,4.58
2013-07-14 14:15:00+00:00,USGS-05480986,36.2,4.58
2013-07-14 14:30:00+00:00,USGS-05480986,36.1,4.58
2013-07-14 14:45:00+00:00,USGS-05480986,36.1,4.58
2013-07-14 15:00:00+00:00,USGS-05480986,36.1,4.58
2013-07-14 15:15:00+00:00,USGS-05480986,36.2,4.58
2013-07-14 15:30:00+00:00,USGS-05480986,36.2,4.58
2013-07-14 15:45:00+00:00,USGS-05480986,36.2,4.42
2013-07-14 16:00:00+00:00,USGS-05480986,36.2,4.42
2013-07-14 16:15:00+00:00,USGS-05480986,36.2,4.42
2013-07-14 16:30:00+00:00,USGS-05480986,36.2,4.42
2013-07-14 16:45:00+00:00,USGS-05480986,36.2,4.42
2013-07-14 17:00:00+00:00,USGS-05480986,36.2,4.42
2013-07-14 17:15:00+00:00,USGS-05480986,36.2,4.42
2013-07-14 17:30:00+00:00,USGS-05480986,36.2,4.42
2013-07-14 17:45:00+00:00,USGS-05480986,36.2,4.42
2013-07-14 18:00:00+00:00,USGS-05480986,36.2,4.26
2013-07-14 18:15:00+00:00,USGS-05480986,36.2,4.42
2013-07-14 18:30:00+00:00,USGS-05480986,36.2,4.42
2013-07-14 18:45:00+00:00,USGS-05480986,36.2,4.26
2013-07-14 19:00:00+00:00,USGS-05480986,36.2,4.26
2013-07-14 19:15:00+00:00,USGS-05480986,36.2,4.26
2013-07-14 19:30:00+00:00,USGS-05480986,36.3,4.26
2013-07-14 19:45:00+00:00,USGS-05480986,36.3,4.26
2013-07-14 20:00:00+00:00,USGS-05480986,36.3,4.26
2013-07-14 20:15:00+00:00,USGS-05480986,36.3,4.26
2013-07-14 20:30:00+00:00,USGS-05480986,36.3,4.26
2013-07-14 20:45:00+00:00,USGS-05480986,36.3,4.11
2013-07-14 21:00:00+00:00,USGS-05480986,36.3,4.11
2013-07-14 21:15:00+00:00,USGS-05480986,36.3,4.11
2013-07-14 21:30:00+00:00,USGS-05480986,36.3,4.11
2013-07-14 21:45:00+00:00,USGS-05480986,36.3,4.11
2013-07-14 22:00:00+00:00,USGS-05480986,36.3,4.11
2013-07-14 22:15:00+00:00,USGS-05480986,36.3,4.11
2013-07-14 22:30:00+00:00,USGS-05480986,36.3,4.11
2013-07-14 22:45:00+00:00,USGS-05480986,36.3,4.11
2013-07-14 23:00:00+00:00,USGS-05480986,36.3,4.11
2013-07-14 23:15:00+00:00,USGS-05480986,36.3,3.95
2013-07-14 23:30:00+00:00,USGS-05480986,36.3,3.95
2013-07-14 23:45:00+00:00,USGS-05480986,36.3,4.11
2013-07-15 00:00:00+00:00,USGS-05480986,36.3,3.95
2013-07-15 00:15:00+00:00,USGS-05480986,36.3,3.95
2013-07-15 00:30:00+00:00,USGS-05480986,36.3,3.95
2013-07-15 00:45:00+00:00,USGS-05480986,36.3,3.95
2013-07-15 01:00:00+00:00,USGS-05480986,36.3,4.11
2013-07-15 01:15:00+00:00,USGS-05480986,36.3,3.95
2013-07-15 01:30:00+00:00,USGS-05480986,36.3,3.95
2013-07-15 01:45:00+00:00,USGS-05480986,36.3,3.95
2013-07-15 02:00:00+00:00,USGS-05480986,36.3,3.95
2013-07-15 02:15:00+00:00,USGS-05480986,36.3,3.95
2013-07-15 02:30:00+00:00,USGS-05480986,36.3,3.95
2013-07-15 02:45:00+00:00,USGS-05480986,36.3,3.95
2013-07-15 03:00:00+00:00,USGS-05480986,36.3,3.95
2013-07-15 03:15:00+00:00,USGS-05480986,36.3,3.95
2013-07-15 03:30:00+00:00,USGS-05480986,36.3,3.95
2013-07-15 03:45:00+00:00,USGS-05480986,36.3,3.95
2013-07-15 04:00:00+00:00,USGS-05480986,36.3,3.95
2013-07-15 04:15:00+00:00,USGS-05480986,36.3,3.95
2013-07-15 04:30:00+00:00,USGS-05480986,36.3,3.95
2013-07-15 04:45:00+00:00,USGS-05480986,36.3,3.95
2013-07-15 05:00:00+00:00,USGS-05480986,36.3,3.95
2013-07-15 05:15:00+00:00,USGS-05480986,36.3,3.95
2013-07-15 05:30:00+00:00,USGS-05480986,36.3,3.95
2013-07-15 05:45:00+00:00,USGS-05480986,36.3,3.95
2013-07-15 06:00:00+00:00,USGS-05480986,36.3,3.95
2013-07-15 06:15:00+00:00,USGS-05480986,36.3,3.95
2013-07-15 06:30:00+00:00,USGS-05480986,36.2,3.95
2013-07-15 06:45:00+00:00,USGS-05480986,36.3,3.95
2013-07-15 07:00:00+00:00,USGS-05480986,36.2,3.95
2013-07-15 07:15:00+00:00,USGS-05480986,36.2,3.95
2013-07-15 07:30:00+00:00,USGS-05480986,36.2,3.95
2013-07-15 07:45:00+00:00,USGS-05480986,36.2,3.95
2013-07-15 08:00:00+00:00,USGS-05480986,36.2,3.95
2013-07-15 08:15:00+00:00,USGS-05480986,36.2,3.95
2013-07-15 08:30:00+00:00,USGS-05480986,36.2,3.95
2013-07-15 08:45:00+00:00,USGS-05480986,36.2,3.95
2013-07-15 09:00:00+00:00,USGS-05480986,36.2,3.95
2013-07-15 09:15:00+00:00,USGS-05480986,36.2,3.95
2013-07-15 09:30:00+00:00,USGS-05480986,36.2,3.95
2013-07-15 09:45:00+00:00,USGS-05480986,36.2,3.95
2013-07-15 10:00:00+00:00,USGS-05480986,36.2,3.79
2013-07-15 10:15:00+00:00,USGS-05480986,36.2,3.95
2013-07-15 10:30:00+00:00,USGS-05480986,36.2,3.95
2013-07-15 10:45:00+00:00,USGS-05480986,36.2,3.79
2013-07-15 11:00:00+00:00,USGS-05480986,36.2,3.79
2013-07-15 11:15:00+00:00,USGS-05480986,36.2,3.79
2013-07-15 11:30:00+00:00,USGS-05480986,36.2,3.79
2013-07-15 11:45:00+00:00,USGS-05480986,36.2,3.79
2013-07-15 12:00:00+00:00,USGS-05480986,36.2,3.79
2013-07-15 12:15:00+00:00,USGS-05480986,36.2,3.79
2013-07-15 12:30:00+00:00,USGS-05480986,36.2,3.79
2013-07-15 12:45:00+00:00,USGS-05480986,36.2,3.79
2013-07-15 13:00:00+00:00,USGS-05480986,36.2,3.79
2013-07-15 13:15:00+00:00,USGS-05480986,36.2,3.79
2013-07-15 13:30:00+00:00,USGS-05480986,36.2,3.79
2013-07-15 13:45:00+00:00,USGS-05480986,36.2,3.79
2013-07-15 14:00:00+00:00,USGS-05480986,36.2,3.79
2013-07-15 14:15:00+00:00,USGS-05480986,36.2,3.95
2013-07-15 14:30:00+00:00,USGS-05480986,36.2,4.11
2013-07-15 14:45:00+00:00,USGS-05480986,36.2,3.79
2013-07-15 15:00:00+00:00,USGS-05480986,36.2,3.79
2013-07-15 15:15:00+00:00,USGS-05480986,36.2,3.79
2013-07-15 15:30:00+00:00,USGS-05480986,36.2,3.79
2013-07-15 15:45:00+00:00,USGS-05480986,36.2,3.79
2013-07-15 16:00:00+00:00,USGS-05480986,36.2,3.79
2013-07-15 16:15:00+00:00,USGS-05480986,36.2,3.79
2013-07-15 16:30:00+00:00,USGS-05480986,36.2,3.79
2013-07-15 16:45:00+00:00,USGS-05480986,36.2,3.79
2013-07-15 17:00:00+00:00,USGS-05480986,36.2,3.64
2013-07-15 17:15:00+00:00,USGS-05480986,36.2,3.64
2013-07-15 17:30:00+00:00,USGS-05480986,36.2,3.64
2013-07-15 17:45:00+00:00,USGS-05480986,36.2,3.64
2013-07-15 18:00:00+00:00,USGS-05480986,36.2,3.64
2013-07-15 18:15:00+00:00,USGS-05480986,36.2,3.64
2013-07-15 18:30:00+00:00,USGS-05480986,36.2,3.64
2013-07-15 18:45:00+00:00,USGS-05480986,36.2,3.64
2013-07-15 19:00:00+00:00,USGS-05480986,36.2,3.64
2013-07-15 19:15:00+00:00,USGS-05480986,36.2,3.64
2013-07-15 19:30:00+00:00,USGS-05480986,36.2,3.64
2013-07-15 19:45:00+00:00,USGS-05480986,36.2,3.64
2013-07-15 20:00:00+00:00,USGS-05480986,36.2,3.49
2013-07-15 20:15:00+00:00,USGS-05480986,36.2,3.49
2013-07-15 20:30:00+00:00,USGS-05480986,36.2,3.49
2013-07-15 20:45:00+00:00,USGS-05480986,36.2,3.49
2013-07-15 21:00:00+00:00,USGS-05480986,36.2,3.49
2013-07-15 21:15:00+00:00,USGS-05480986,36.2,3.49
2013-07-15 21:30:00+00:00,USGS-05480986,36.2,3.49
2013-07-15 21:45:00+00:00,USGS-05480986,36.2,3.49
2013-07-15 22:00:00+00:00,USGS-05480986,36.2,3.49
2013-07-15 22:15:00+00:00,USGS-05480986,36.2,3.49
2013-07-15 22:30:00+00:00,USGS-05480986,36.2,3.49
2013-07-15 22:45:00+00:00,USGS-05480986,36.2,3.49
2013-07-15 23:00:00+00:00,USGS-05480986,36.2,3.49
2013-07-15 23:15:00+00:00,USGS-05480986,36.2,3.49
2013-07-15 23:30:00+00:00,USGS-05480986,36.2,3.49
2013-07-15 23:45:00+00:00,USGS-05480986,36.2,3.34
2013-07-16 00:00:00+00:00,USGS-05480986,36.2,3.49
2013-07-16 00:15:00+00:00,USGS-05480986,36.2,3.34
2013-07-16 00:30:00+00:00,USGS-05480986,36.2,3.34
2013-07-16 00:45:00+00:00,USGS-05480986,36.2,3.34
2013-07-16 01:00:00+00:00,USGS-05480986,36.2,3.34
2013-07-16 01:15:00+00:00,USGS-05480986,36.2,3.34
2013-07-16 01:30:00+00:00,USGS-05480986,36.2,3.34
2013-07-16 01:45:00+00:00,USGS-05480986,36.2,3.34
2013-07-16 02:00:00+00:00,USGS-05480986,36.2,3.34
2013-07-16 02:15:00+00:00,USGS-05480986,36.2,3.34
2013-07-16 02:30:00+00:00,USGS-05480986,36.2,3.34
2013-07-16 02:45:00+00:00,USGS-05480986,36.2,3.34
2013-07-16 03:00:00+00:00,USGS-05480986,36.1,3.34
2013-07-16 03:15:00+00:00,USGS-05480986,36.1,3.34
2013-07-16 03:30:00+00:00,USGS-05480986,36.1,3.34
2013-07-16 03:45:00+00:00,USGS-05480986,36.2,3.34
2013-07-16 04:00:00+00:00,USGS-05480986,36.2,3.34
2013-07-16 04:15:00+00:00,USGS-05480986,36.2,3.34
2013-07-16 04:30:00+00:00,USGS-05480986,36.2,3.34
2013-07-16 04:45:00+00:00,USGS-05480986,36.2,3.49
2013-07-16 05:00:00+00:00,USGS-05480986,36.1,3.34
2013-07-16 05:15:00+00:00,USGS-05480986,36.1,3.49
2013-07-16 05:30:00+00:00,USGS-05480986,36.1,3.34
2013-07-16 05:45:00+00:00,USGS-05480986,36.1,3.34
2013-07-16 06:00:00+00:00,USGS-05480986,36.1,3.49
2013-07-16 06:15:00+00:00,USGS-05480986,36.1,3.49
2013-07-16 06:30:00+00:00,USGS-05480986,36.1,3.49
2013-07-16 06:45:00+00:00,USGS-05480986,36.1,3.34
2013-07-16 07:00:00+00:00,USGS-05480986,36.1,3.34
2013-07-16 07:15:00+00:00,USGS-05480986,36.1,3.49
2013-07-16 07:30:00+00:00,USGS-05480986,36.1,3.34
2013-07-16 07:45:00+00:00,USGS-05480986,36.0,3.49
2013-07-16 08:00:00+00:00,USGS-05480986,36.0,3.34
2013-07-16 08:15:00+00:00,USGS-05480986,36.0,3.34
2013-07-16 08:30:00+00:00,USGS-05480986,36.0,3.34
2013-07-16 08:45:00+00:00,USGS-05480986,36.0,3.34
2013-07-16 09:00:00+00:00,USGS-05480986,36.0,3.34
2013-07-16 09:15:00+00:00,USGS-05480986,36.0,3.34
2013-07-16 09:30:00+00:00,USGS-05480986,36.0,3.34
2013-07-16 09:45:00+00:00,USGS-05480986,36.0,3.34
2013-07-16 10:00:00+00:00,USGS-05480986,36.0,3.34
2013-07-16 10:15:00+00:00,USGS-05480986,36.0,3.34
2013-07-16 10:30:00+00:00,USGS-05480986,36.0,3.34
2013-07-16 10:45:00+00:00,USGS-05480986,36.0,3.34
2013-07-16 11:00:00+00:00,USGS-05480986,36.0,3.34
2013-07-16 11:15:00+00:00,USGS-05480986,35.9,3.34
2013-07-16 11:30:00+00:00,USGS-05480986,35.9,3.34
2013-07-16 11:45:00+00:00,USGS-05480986,36.0,3.34
2013-07-16 12:00:00+00:00,USGS-05480986,35.9,3.34
2013-07-16 12:15:00+00:00,USGS-05480986,35.9,3.34
2013-07-16 12:30:00+00:00,USGS-05480986,35.9,3.34
2013-07-16 12:45:00+00:00,USGS-05480986,35.9,3.34
2013-07-16 13:00:00+00:00,USGS-05480986,35.9,3.34
2013-07-16 13:15:00+00:00,USGS-05480986,35.9,3.34
2013-07-16 13:30:00+00:00,USGS-05480986,35.9,3.34
2013-07-16 13:45:00+00:00,USGS-05480986,35.9,3.34
2013-07-16 14:00:00+00:00,USGS-05480986,,3.34
2013-07-16 14:15:00+00:00,USGS-05480986,35.7,3.34
2013-07-16 14:30:00+00:00,USGS-05480986,,3.34
2013-07-16 14:45:00+00:00,USGS-05480986,35.7,3.34
2013-07-16 15:00:00+00:00,USGS-05480986,35.8,3.34
2013-07-16 15:15:00+00:00,USGS-05480986,35.8,3.34
2013-07-16 15:30:00+00:00,USGS-05480986,35.8,3.34
2013-07-16 15:45:00+00:00,USGS-05480986,35.8,3.34
2013-07-16 16:00:00+00:00,USGS-05480986,35.8,3.2
2013-07-16 16:15:00+00:00,USGS-05480986,35.8,3.2
2013-07-16 16:30:00+00:00,USGS-05480986,35.8,3.2
2013-07-16 16:45:00+00:00,USGS-05480986,35.9,3.2
2013-07-16 17:00:00+00:00,USGS-05480986,35.9,3.2
2013-07-16 17:15:00+00:00,USGS-05480986,35.9,3.2
2013-07-16 17:30:00+00:00,USGS-05480986,35.9,3.2
2013-07-16 17:45:00+00:00,USGS-05480986,35.9,3.2
2013-07-16 18:00:00+00:00,USGS-05480986,35.9,3.2
2013-07-16 18:15:00+00:00,USGS-05480986,35.9,3.2
2013-07-16 18:30:00+00:00,USGS-05480986,35.9,3.2
2013-07-16 18:45:00+00:00,USGS-05480986,35.9,3.2
2013-07-16 19:00:00+00:00,USGS-05480986,35.9,3.07
2013-07-16 19:15:00+00:00,USGS-05480986,35.9,3.07
2013-07-16 19:30:00+00:00,USGS-05480986,35.9,3.07
2013-07-16 19:45:00+00:00,USGS-05480986,35.9,3.07
2013-07-16 20:00:00+00:00,USGS-05480986,35.9,3.07
2013-07-16 20:15:00+00:00,USGS-05480986,35.9,3.07
2013-07-16 20:30:00+00:00,USGS-05480986,35.9,3.07
2013-07-16 20:45:00+00:00,USGS-05480986,36.0,3.07
2013-07-16 21:00:00+00:00,USGS-05480986,35.9,3.07
2013-07-16 21:15:00+00:00,USGS-05480986,36.0,3.07
2013-07-16 21:30:00+00:00,USGS-05480986,35.9,2.94
2013-07-16 21:45:00+00:00,USGS-05480986,35.9,2.94
2013-07-16 22:00:00+00:00,USGS-05480986,35.9,2.94
2013-07-16 22:15:00+00:00,USGS-05480986,35.9,2.94
2013-07-16 22:30:00+00:00,USGS-05480986,35.9,2.94
2013-07-16 22:45:00+00:00,USGS-05480986,35.9,2.94
2013-07-16 23:00:00+00:00,USGS-05480986,35.9,2.94
2013-07-16 23:15:00+00:00,USGS-05480986,35.8,2.94
2013-07-16 23:30:00+00:00,USGS-05480986,35.8,2.94
2013-07-16 23:45:00+00:00,USGS-05480986,35.8,2.94
2013-07-17 00:00:00+00:00,USGS-05480986,35.8,2.94
2013-07-17 00:15:00+00:00,USGS-05480986,35.8,2.94
2013-07-17 00:30:00+00:00,USGS-05480986,35.8,2.94
2013-07-17 00:45:00+00:00,USGS-05480986,35.8,2.94
2013-07-17 01:00:00+00:00,USGS-05480986,35.8,2.94
2013-07-17 01:15:00+00:00,USGS-05480986,35.8,2.94
2013-07-17 01:30:00+00:00,USGS-05480986,35.8,2.94
2013-07-17 01:45:00+00:00,USGS-05480986,35.8,2.94
2013-07-17 02:00:00+00:00,USGS-05480986,35.8,2.94
2013-07-17 02:15:00+00:00,USGS-05480986,35.8,2.94
2013-07-17 02:30:00+00:00,USGS-05480986,35.8,2.94
2013-07-17 02:45:00+00:00,USGS-05480986,35.8,2.94
2013-07-17 03:00:00+00:00,USGS-05480986,35.8,2.94
2013-07-17 03:15:00+00:00,USGS-05480986,35.8,2.94
2013-07-17 03:30:00+00:00,USGS-05480986,35.8,2.94
2013-07-17 03:45:00+00:00,USGS-05480986,35.8,2.94
2013-07-17 04:00:00+00:00,USGS-05480986,35.8,2.94
2013-07-17 04:15:00+00:00,USGS-05480986,35.8,2.94
2013-07-17 04:30:00+00:00,USGS-05480986,35.8,2.94
2013-07-17 04:45:00+00:00,USGS-05480986,35.8,2.94
2013-07-17 05:00:00+00:00,USGS-05480986,35.8,2.94
2013-07-17 05:15:00+00:00,USGS-05480986,35.8,2.94
2013-07-17 05:30:00+00:00,USGS-05480986,35.8,2.94
2013-07-17 05:45:00+00:00,USGS-05480986,35.8,2.94
2013-07-17 06:00:00+00:00,USGS-05480986,35.8,2.94
2013-07-17 06:15:00+00:00,USGS-05480986,35.8,2.94
2013-07-17 06:30:00+00:00,USGS-05480986,35.8,2.94
2013-07-17 06:45:00+00:00,USGS-05480986,35.8,2.94
2013-07-17 07:00:00+00:00,USGS-05480986,35.8,2.94
2013-07-17 07:15:00+00:00,USGS-05480986,35.8,2.94
2013-07-17 07:30:00+00:00,USGS-05480986,35.8,2.94
2013-07-17 07:45:00+00:00,USGS-05480986,35.8,2.94
2013-07-17 08:00:00+00:00,USGS-05480986,35.8,2.94
2013-07-17 08:15:00+00:00,USGS-05480986,35.8,2.94
2013-07-17 08:30:00+00:00,USGS-05480986,35.8,2.94
2013-07-17 08:45:00+00:00,USGS-05480986,35.8,2.94
2013-07-17 09:00:00+00:00,USGS-05480986,35.8,2.94
2013-07-17 09:15:00+00:00,USGS-05480986,35.8,2.94
2013-07-17 09:30:00+00:00,USGS-05480986,35.8,2.94
2013-07-17 09:45:00+00:00,USGS-05480986,35.8,2.94
2013-07-17 10:00:00+00:00,USGS-05480986,35.8,2.94
2013-07-17 10:15:00+00:00,USGS-05480986,35.8,2.94
2013-07-17 10:30:00+00:00,USGS-05480986,35.8,2.94
2013-07-17 10:45:00+00:00,USGS-05480986,35.7,2.94
2013-07-17 11:00:00+00:00,USGS-05480986,35.7,2.94
2013-07-17 11:15:00+00:00,USGS-05480986,35.7,2.94
2013-07-17 11:30:00+00:00,USGS-05480986,35.7,2.94
2013-07-17 11:45:00+00:00,USGS-05480986,35.7,2.94
2013-07-17 12:00:00+00:00,USGS-05480986,35.7,2.94
2013-07-17 12:15:00+00:00,USGS-05480986,35.7,2.94
2013-07-17 12:30:00+00:00,USGS-05480986,35.7,2.94
2013-07-17 12:45:00+00:00,USGS-05480986,35.7,2.94
2013-07-17 13:00:00+00:00,USGS-05480986,35.7,2.94
2013-07-17 13:15:00+00:00,USGS-05480986,35.7,2.94
2013-07-17 13:30:00+00:00,USGS-05480986,35.7,2.94
2013-07-17 13:45:00+00:00,USGS-05480986,35.7,2.94
2013-07-17 14:00:00+00:00,USGS-05480986,35.6,2.94
2013-07-17 14:15:00+00:00,USGS-05480986,35.6,2.94
2013-07-17 14:30:00+00:00,USGS-05480986,35.7,2.94
2013-07-17 14:45:00+00:00,USGS-05480986,35.7,2.94
2013-07-17 15:00:00+00:00,USGS-05480986,35.7,2.94
2013-07-17 15:15:00+00:00,USGS-05480986,35.7,2.94
2013-07-17 15:30:00+00:00,USGS-05480986,35.7,2.94
2013-07-17 15:45:00+00:00,USGS-05480986,35.7,2.94
2013-07-17 16:00:00+00:00,USGS-05480986,35.7,2.94
2013-07-17 16:15:00+00:00,USGS-05480986,35.7,2.94
2013-07-17 16:30:00+00:00,USGS-05480986,35.7,2.94
2013-07-17 16:45:00+00:00,USGS-05480986,35.8,2.94
2013-07-17 17:00:00+00:00,USGS-05480986,35.8,2.81
2013-07-17 17:15:00+00:00,USGS-05480986,35.8,2.81
2013-07-17 17:30:00+00:00,USGS-05480986,35.8,2.81
2013-07-17 17:45:00+00:00,USGS-05480986,35.8,2.81
2013-07-17 18:00:00+00:00,USGS-05480986,35.8,2.81
2013-07-17 18:15:00+00:00,USGS-05480986,35.8,2.81
2013-07-17 18:30:00+00:00,USGS-05480986,35.8,2.81
2013-07-17 18:45:00+00:00,USGS-05480986,35.8,2.81
2013-07-17 19:00:00+00:00,USGS-05480986,35.8,2.81
2013-07-17 19:15:00+00:00,USGS-05480986,35.8,2.81
2013-07-17 19:30:00+00:00,USGS-05480986,35.8,2.81
2013-07-17 19:45:00+00:00,USGS-05480986,35.8,2.68
2013-07-17 20:00:00+00:00,USGS-05480986,35.8,2.68
2013-07-17 20:15:00+00:00,USGS-05480986,35.8,2.68
2013-07-17 20:30:00+00:00,USGS-05480986,35.8,2.68
2013-07-17 20:45:00+00:00,USGS-05480986,35.8,2.68
2013-07-17 21:00:00+00:00,USGS-05480986,35.8,2.68
2013-07-17 21:15:00+00:00,USGS-05480986,35.8,2.68
2013-07-17 21:30:00+00:00,USGS-05480986,35.8,2.68
2013-07-17 21:45:00+00:00,USGS-05480986,35.8,2.68
2013-07-17 22:00:00+00:00,USGS-05480986,35.8,2.68
2013-07-17 22:15:00+00:00,USGS-05480986,35.8,2.68
2013-07-17 22:30:00+00:00,USGS-05480986,35.8,2.68
2013-07-17 22:45:00+00:00,USGS-05480986,35.8,2.68
2013-07-17 23:00:00+00:00,USGS-05480986,35.8,2.68
2013-07-17 23:15:00+00:00,USGS-05480986,35.8,2.56
2013-07-17 23:30:00+00:00,USGS-05480986,35.8,2.56
2013-07-17 23:45:00+00:00,USGS-05480986,35.8,2.68
2013-07-18 00:00:00+00:00,USGS-05480986,35.8,2.56
2013-07-18 00:15:00+00:00,USGS-05480986,35.8,2.56
2013-07-18 00:30:00+00:00,USGS-05480986,35.8,2.56
2013-07-18 00:45:00+00:00,USGS-05480986,35.8,2.56
2013-07-18 01:00:00+00:00,USGS-05480986,35.7,2.56
2013-07-18 01:15:00+00:00,USGS-05480986,35.7,2.56
2013-07-18 01:30:00+00:00,USGS-05480986,35.7,2.56
2013-07-18 01:45:00+00:00,USGS-05480986,35.7,2.56
2013-07-18 02:00:00+00:00,USGS-05480986,35.7,2.56
2013-07-18 02:15:00+00:00,USGS-05480986,35.7,2.56
2013-07-18 02:30:00+00:00,USGS-05480986,35.7,2.56
2013-07-18 02:45:00+00:00,USGS-05480986,35.7,2.56
2013-07-18 03:00:00+00:00,USGS-05480986,35.7,2.56
2013-07-18 03:15:00+00:00,USGS-05480986,35.7,2.56
2013-07-18 03:30:00+00:00,USGS-05480986,35.7,2.56
2013-07-18 03:45:00+00:00,USGS-05480986,35.7,2.56
2013-07-18 04:00:00+00:00,USGS-05480986,35.7,2.56
2013-07-18 04:15:00+00:00,USGS-05480986,35.6,2.56
2013-07-18 04:30:00+00:00,USGS-05480986,35.7,2.56
2013-07-18 04:45:00+00:00,USGS-05480986,35.6,2.45
2013-07-18 05:00:00+00:00,USGS-05480986,35.7,2.45
2013-07-18 05:15:00+00:00,USGS-05480986,35.7,2.56
2013-07-18 05:30:00+00:00,USGS-05480986,35.7,2.56
2013-07-18 05:45:00+00:00,USGS-05480986,35.7,2.56
2013-07-18 06:00:00+00:00,USGS-05480986,35.7,2.56
2013-07-18 06:15:00+00:00,USGS-05480986,35.7,2.68
2013-07-18 06:30:00+00:00,USGS-05480986,35.7,2.68
2013-07-18 06:45:00+00:00,USGS-05480986,35.7,2.68
2013-07-18 07:00:00+00:00,USGS-05480986,35.7,2.68
2013-07-18 07:15:00+00:00,USGS-05480986,35.7,2.68
2013-07-18 07:30:00+00:00,USGS-05480986,35.7,2.56
2013-07-18 07:45:00+00:00,USGS-05480986,35.7,2.56
2013-07-18 08:00:00+00:00,USGS-05480986,35.7,2.56
2013-07-18 08:15:00+00:00,USGS-05480986,35.7,2.56
2013-07-18 08:30:00+00:00,USGS-05480986,35.7,2.56
2013-07-18 08:45:00+00:00,USGS-05480986,35.7,2.56
2013-07-18 09:00:00+00:00,USGS-05480986,35.7,2.56
2013-07-18 09:15:00+00:00,USGS-05480986,35.7,2.56
2013-07-18 09:30:00+00:00,USGS-05480986,35.7,2.56
2013-07-18 09:45:00+00:00,USGS-05480986,35.7,2.56
2013-07-18 10:00:00+00:00,USGS-05480986,35.7,2.56
2013-07-18 10:15:00+00:00,USGS-05480986,35.7,2.56
2013-07-18 10:30:00+00:00,USGS-05480986,35.7,2.45
2013-07-18 10:45:00+00:00,USGS-05480986,35.7,2.45
2013-07-18 11:00:00+00:00,USGS-05480986,35.7,2.56
2013-07-18 11:15:00+00:00,USGS-05480986,35.7,2.56
2013-07-18 11:30:00+00:00,USGS-05480986,35.7,2.56
2013-07-18 11:45:00+00:00,USGS-05480986,35.7,2.56
2013-07-18 12:00:00+00:00,USGS-05480986,35.7,2.56
2013-07-18 12:15:00+00:00,USGS-05480986,35.7,2.56
2013-07-18 12:30:00+00:00,USGS-05480986,35.7,2.56
2013-07-18 12:45:00+00:00,USGS-05480986,35.7,2.56
2013-07-18 13:00:00+00:00,USGS-05480986,35.7,2.56
2013-07-18 13:15:00+00:00,USGS-05480986,35.7,2.56
2013-07-18 13:30:00+00:00,USGS-05480986,35.7,2.68
2013-07-18 13:45:00+00:00,USGS-05480986,35.7,2.56
2013-07-18 14:00:00+00:00,USGS-05480986,35.7,2.56
2013-07-18 14:15:00+00:00,USGS-05480986,35.7,2.56
2013-07-18 14:30:00+00:00,USGS-05480986,35.7,2.56
2013-07-18 14:45:00+00:00,USGS-05480986,35.7,2.56
2013-07-18 15:00:00+00:00,USGS-05480986,35.7,2.56
2013-07-18 15:15:00+00:00,USGS-05480986,35.7,2.56
2013-07-18 15:30:00+00:00,USGS-05480986,35.7,2.56
2013-07-18 15:45:00+00:00,USGS-05480986,35.8,2.56
2013-07-18 16:00:00+00:00,USGS-05480986,35.8,2.56
2013-07-18 16:15:00+00:00,USGS-05480986,35.8,2.56
2013-07-18 16:30:00+00:00,USGS-05480986,35.8,2.56
2013-07-18 16:45:00+00:00,USGS-05480986,35.8,2.56
2013-07-18 17:00:00+00:00,USGS-05480986,35.8,2.56
2013-07-18 17:15:00+00:00,USGS-05480986,35.8,2.56
2013-07-18 17:30:00+00:00,USGS-05480986,35.8,2.56
2013-07-18 17:45:00+00:00,USGS-05480986,35.8,2.56
2013-07-18 18:00:00+00:00,USGS-05480986,35.9,2.56
2013-07-18 18:15:00+00:00,USGS-05480986,35.9,2.56
2013-07-18 18:30:00+00:00,USGS-05480986,35.9,2.45
2013-07-18 18:45:00+00:00,USGS-05480986,35.9,2.45
2013-07-18 19:00:00+00:00,USGS-05480986,35.9,2.45
2013-07-18 19:15:00+00:00,USGS-05480986,35.9,2.45
2013-07-18 19:30:00+00:00,USGS-05480986,36.0,2.45
2013-07-18 19:45:00+00:00,USGS-05480986,36.0,2.45
2013-07-18 20:00:00+00:00,USGS-05480986,36.0,2.45
2013-07-18 20:15:00+00:00,USGS-05480986,36.0,2.45
2013-07-18 20:30:00+00:00,USGS-05480986,36.0,2.45
2013-07-18 20:45:00+00:00,USGS-05480986,36.0,2.33
2013-07-18 21:00:00+00:00,USGS-05480986,36.0,2.33
2013-07-18 21:15:00+00:00,USGS-05480986,36.0,2.33
2013-07-18 21:30:00+00:00,USGS-05480986,36.0,2.33
2013-07-18 21:45:00+00:00,USGS-05480986,36.0,2.33
2013-07-18 22:00:00+00:00,USGS-05480986,36.0,2.33
2013-07-18 22:15:00+00:00,USGS-05480986,36.0,2.33
2013-07-18 22:30:00+00:00,USGS-05480986,36.0,2.33
2013-07-18 22:45:00+00:00,USGS-05480986,36.0,2.33
2013-07-18 23:00:00+00:00,USGS-05480986,36.0,2.33
2013-07-18 23:15:00+00:00,USGS-05480986,36.0,2.33
2013-07-18 23:30:00+00:00,USGS-05480986,36.0,2.33
2013-07-18 23:45:00+00:00,USGS-05480986,36.0,2.33
2013-07-19 00:00:00+00:00,USGS-05480986,36.0,2.33
2013-07-19 00:15:00+00:00,USGS-05480986,36.0,2.33
2013-07-19 00:30:00+00:00,USGS-05480986,36.0,2.33
2013-07-19 00:45:00+00:00,USGS-05480986,36.0,2.33
2013-07-19 01:00:00+00:00,USGS-05480986,36.0,2.33
2013-07-19 01:15:00+00:00,USGS-05480986,36.0,2.23
2013-07-19 01:30:00+00:00,USGS-05480986,36.0,2.23
2013-07-19 01:45:00+00:00,USGS-05480986,36.0,2.23
2013-07-19 02:00:00+00:00,USGS-05480986,36.0,2.23
2013-07-19 02:15:00+00:00,USGS-05480986,36.0,2.23
2013-07-19 02:30:00+00:00,USGS-05480986,36.0,2.23
2013-07-19 02:45:00+00:00,USGS-05480986,36.0,2.23
2013-07-19 03:00:00+00:00,USGS-05480986,36.0,2.12
2013-07-19 03:15:00+00:00,USGS-05480986,36.0,2.12
2013-07-19 03:30:00+00:00,USGS-05480986,36.0,2.23
2013-07-19 03:45:00+00:00,USGS-05480986,36.0,2.23
2013-07-19 04:00:00+00:00,USGS-05480986,36.0,2.23
2013-07-19 04:15:00+00:00,USGS-05480986,36.0,2.23
2013-07-19 04:30:00+00:00,USGS-05480986,36.0,2.23
2013-07-19 04:45:00+00:00,USGS-05480986,36.0,2.23
2013-07-19 05:00:00+00:00,USGS-05480986,36.0,2.23
2013-07-19 05:15:00+00:00,USGS-05480986,36.0,2.23
2013-07-19 05:30:00+00:00,USGS-05480986,36.0,2.23
2013-07-19 05:45:00+00:00,USGS-05480986,36.0,2.23
2013-07-19 06:00:00+00:00,USGS-05480986,36.0,2.23
2013-07-19 06:15:00+00:00,USGS-05480986,36.0,2.23
2013-07-19 06:30:00+00:00,USGS-05480986,36.0,2.23
2013-07-19 06:45:00+00:00,USGS-05480986,36.0,2.33
2013-07-19 07:00:00+00:00,USGS-05480986,36.0,2.33
2013-07-19 07:15:00+00:00,USGS-05480986,36.0,2.33
2013-07-19 07:30:00+00:00,USGS-05480986,36.0,2.33
2013-07-19 07:45:00+00:00,USGS-05480986,36.0,2.33
2013-07-19 08:00:00+00:00,USGS-05480986,36.0,2.33
2013-07-19 08:15:00+00:00,USGS-05480986,36.0,2.23
2013-07-19 08:30:00+00:00,USGS-05480986,36.0,2.23
2013-07-19 08:45:00+00:00,USGS-05480986,36.0,2.23
2013-07-19 09:00:00+00:00,USGS-05480986,36.0,2.33
2013-07-19 09:15:00+00:00,USGS-05480986,36.0,2.33
2013-07-19 09:30:00+00:00,USGS-05480986,36.0,2.23
2013-07-19 09:45:00+00:00,USGS-05480986,36.0,2.33
2013-07-19 10:00:00+00:00,USGS-05480986,36.0,2.33
2013-07-19 10:15:00+00:00,USGS-05480986,36.0,2.33
2013-07-19 10:30:00+00:00,USGS-05480986,36.0,2.23
2013-07-19 10:45:00+00:00,USGS-05480986,36.0,2.12
2013-07-19 11:00:00+00:00,USGS-05480986,36.0,2.23
2013-07-19 11:15:00+00:00,USGS-05480986,36.0,2.23
2013-07-19 11:30:00+00:00,USGS-05480986,36.0,2.12
2013-07-19 11:45:00+00:00,USGS-05480986,36.0,2.23
2013-07-19 12:00:00+00:00,USGS-05480986,36.0,2.23
2013-07-19 12:15:00+00:00,USGS-05480986,35.9,2.23
2013-07-19 12:30:00+00:00,USGS-05480986,35.8,2.33
2013-07-19 12:45:00+00:00,USGS-05480986,35.8,2.33
2013-07-19 13:00:00+00:00,USGS-05480986,35.8,2.33
2013-07-19 13:15:00+00:00,USGS-05480986,35.8,2.33
2013-07-19 13:30:00+00:00,USGS-05480986,35.8,2.33
2013-07-19 13:45:00+00:00,USGS-05480986,35.8,2.33
2013-07-19 14:00:00+00:00,USGS-05480986,35.8,2.33
2013-07-19 14:15:00+00:00,USGS-05480986,35.8,2.23
2013-07-19 14:30:00+00:00,USGS-05480986,35.8,2.33
2013-07-19 14:45:00+00:00,USGS-05480986,35.8,2.33
2013-07-19 15:00:00+00:00,USGS-05480986,35.8,2.23
2013-07-19 15:15:00+00:00,USGS-05480986,35.8,2.33
2013-07-19 15:30:00+00:00,USGS-05480986,35.8,2.33
2013-07-19 15:45:00+00:00,USGS-05480986,35.8,2.33
2013-07-19 16:00:00+00:00,USGS-05480986,35.8,2.33
2013-07-19 16:15:00+00:00,USGS-05480986,35.7,2.23
2013-07-19 16:30:00+00:00,USGS-05480986,35.7,2.23
2013-07-19 16:45:00+00:00,USGS-05480986,35.7,2.23
2013-07-19 17:00:00+00:00,USGS-05480986,35.8,2.23
2013-07-19 17:15:00+00:00,USGS-05480986,35.7,2.23
2013-07-19 17:30:00+00:00,USGS-05480986,35.8,2.23
2013-07-19 17:45:00+00:00,USGS-05480986,35.8,2.23
2013-07-19 18:00:00+00:00,USGS-05480986,35.8,2.23
2013-07-19 18:15:00+00:00,USGS-05480986,35.8,2.23
2013-07-19 18:30:00+00:00,USGS-05480986,35.8,2.23
2013-07-19 18:45:00+00:00,USGS-05480986,35.9,2.23
2013-07-19 19:00:00+00:00,USGS-05480986,35.9,2.12
2013-07-19 19:15:00+00:00,USGS-05480986,35.9,2.12
2013-07-19 19:30:00+00:00,USGS-05480986,35.9,2.12
2013-07-19 19:45:00+00:00,USGS-05480986,35.9,2.12
2013-07-19 20:00:00+00:00,USGS-05480986,35.9,2.12
2013-07-19 20:15:00+00:00,USGS-05480986,35.9,2.12
2013-07-19 20:30:00+00:00,USGS-05480986,35.9,2.12
2013-07-19 20:45:00+00:00,USGS-05480986,35.9,2.12
2013-07-19 21:00:00+00:00,USGS-05480986,35.9,2.12
2013-07-19 21:15:00+00:00,USGS-05480986,35.9,2.02
2013-07-19 21:30:00+00:00,USGS-05480986,36.0,2.02
2013-07-19 21:45:00+00:00,USGS-05480986,36.0,2.02
2013-07-19 22:00:00+00:00,USGS-05480986,36.0,2.02
2013-07-19 22:15:00+00:00,USGS-05480986,36.0,2.02
2013-07-19 22:30:00+00:00,USGS-05480986,36.0,2.02
2013-07-19 22:45:00+00:00,USGS-05480986,36.0,2.02
2013-07-19 23:00:00+00:00,USGS-05480986,36.0,2.02
2013-07-19 23:15:00+00:00,USGS-05480986,35.9,2.02
2013-07-19 23:30:00+00:00,USGS-05480986,35.9,1.92
2013-07-19 23:45:00+00:00,USGS-05480986,35.9,1.92
2013-07-20 00:00:00+00:00,USGS-05480986,35.9,1.92
2013-07-20 00:15:00+00:00,USGS-05480986,35.9,2.02
2013-07-20 00:30:00+00:00,USGS-05480986,35.9,1.92
2013-07-20 00:45:00+00:00,USGS-05480986,35.9,1.92
2013-07-20 01:00:00+00:00,USGS-05480986,35.9,2.02
2013-07-20 01:15:00+00:00,USGS-05480986,35.9,1.92
2013-07-20 01:30:00+00:00,USGS-05480986,35.9,1.92
2013-07-20 01:45:00+00:00,USGS-05480986,35.8,1.92
2013-07-20 02:00:00+00:00,USGS-05480986,35.8,1.92
2013-07-20 02:15:00+00:00,USGS-05480986,35.8,1.83
2013-07-20 02:30:00+00:00,USGS-05480986,35.8,1.92
2013-07-20 02:45:00+00:00,USGS-05480986,35.8,1.92
2013-07-20 03:00:00+00:00,USGS-05480986,35.8,1.92
2013-07-20 03:15:00+00:00,USGS-05480986,35.8,1.83
2013-07-20 03:30:00+00:00,USGS-05480986,35.8,1.83
2013-07-20 03:45:00+00:00,USGS-05480986,35.8,1.83
2013-07-20 04:00:00+00:00,USGS-05480986,35.8,1.83
2013-07-20 04:15:00+00:00,USGS-05480986,35.8,1.92
2013-07-20 04:30:00+00:00,USGS-05480986,35.7,1.92
2013-07-20 04:45:00+00:00,USGS-05480986,35.8,2.02
2013-07-20 05:00:00+00:00,USGS-05480986,35.8,2.02
2013-07-20 05:15:00+00:00,USGS-05480986,35.8,1.92
2013-07-20 05:30:00+00:00,USGS-05480986,35.8,1.92
2013-07-20 05:45:00+00:00,USGS-05480986,35.8,1.92
2013-07-20 06:00:00+00:00,USGS-05480986,35.8,1.92
2013-07-20 06:15:00+00:00,USGS-05480986,35.8,1.92
2013-07-20 06:30:00+00:00,USGS-05480986,35.8,1.92
2013-07-20 06:45:00+00:00,USGS-05480986,35.8,1.92
2013-07-20 07:00:00+00:00,USGS-05480986,35.8,1.92
2013-07-20 07:15:00+00:00,USGS-05480986,35.8,1.92
2013-07-20 07:30:00+00:00,USGS-05480986,35.8,1.92
2013-07-20 07:45:00+00:00,USGS-05480986,35.8,1.92
2013-07-20 08:00:00+00:00,USGS-05480986,35.7,1.92
2013-07-20 08:15:00+00:00,USGS-05480986,35.7,1.92
2013-07-20 08:30:00+00:00,USGS-05480986,35.7,1.92
2013-07-20 08:45:00+00:00,USGS-05480986,35.7,1.83
2013-07-20 09:00:00+00:00,USGS-05480986,35.7,1.83
2013-07-20 09:15:00+00:00,USGS-05480986,35.7,1.83
2013-07-20 09:30:00+00:00,USGS-05480986,35.7,1.92
2013-07-20 09:45:00+00:00,USGS-05480986,35.7,1.92
2013-07-20 10:00:00+00:00,USGS-05480986,35.7,1.92
2013-07-20 10:15:00+00:00,USGS-05480986,35.7,1.92
2013-07-20 10:30:00+00:00,USGS-05480986,35.7,1.92
2013-07-20 10:45:00+00:00,USGS-05480986,35.7,1.92
2013-07-20 11:00:00+00:00,USGS-05480986,35.7,1.92
2013-07-20 11:15:00+00:00,USGS-05480986,35.7,1.92
2013-07-20 11:30:00+00:00,USGS-05480986,35.7,1.92
2013-07-20 11:45:00+00:00,USGS-05480986,35.7,1.92
2013-07-20 12:00:00+00:00,USGS-05480986,35.7,1.92
2013-07-20 12:15:00+00:00,USGS-05480986,35.7,1.92
2013-07-20 12:30:00+00:00,USGS-05480986,35.7,1.92
2013-07-20 12:45:00+00:00,USGS-05480986,35.7,1.92
2013-07-20 13:00:00+00:00,USGS-05480986,35.7,1.92
2013-07-20 13:15:00+00:00,USGS-05480986,35.7,1.92
2013-07-20 13:30:00+00:00,USGS-05480986,35.7,1.92
2013-07-20 13:45:00+00:00,USGS-05480986,35.7,1.92
2013-07-20 14:00:00+00:00,USGS-05480986,35.7,1.92
2013-07-20 14:15:00+00:00,USGS-05480986,35.7,1.92
2013-07-20 14:30:00+00:00,USGS-05480986,35.7,1.92
2013-07-20 14:45:00+00:00,USGS-05480986,35.7,1.92
2013-07-20 15:00:00+00:00,USGS-05480986,35.7,1.92
2013-07-20 15:15:00+00:00,USGS-05480986,35.7,1.92
2013-07-20 15:30:00+00:00,USGS-05480986,35.7,1.92
2013-07-20 15:45:00+00:00,USGS-05480986,35.7,1.92
2013-07-20 16:00:00+00:00,USGS-05480986,35.7,1.92
2013-07-20 16:15:00+00:00,USGS-05480986,35.7,1.92
2013-07-20 16:30:00+00:00,USGS-05480986,35.7,1.92
2013-07-20 16:45:00+00:00,USGS-05480986,35.7,1.92
2013-07-20 17:00:00+00:00,USGS-05480986,35.7,1.92
2013-07-20 17:15:00+00:00,USGS-05480986,35.7,1.92
2013-07-20 17:30:00+00:00,USGS-05480986,35.7,1.92
2013-07-20 17:45:00+00:00,USGS-05480986,35.8,1.92
2013-07-20 18:00:00+00:00,USGS-05480986,35.8,1.92
2013-07-20 18:15:00+00:00,USGS-05480986,35.8,1.92
2013-07-20 18:30:00+00:00,USGS-05480986,35.7,1.92
2013-07-20 18:45:00+00:00,USGS-05480986,35.8,1.92
2013-07-20 19:00:00+00:00,USGS-05480986,35.7,1.83
2013-07-20 19:15:00+00:00,USGS-05480986,35.7,1.83
2013-07-20 19:30:00+00:00,USGS-05480986,35.8,1.83
2013-07-20 19:45:00+00:00,USGS-05480986,35.8,1.83
2013-07-20 20:00:00+00:00,USGS-05480986,35.8,1.83
2013-07-20 20:15:00+00:00,USGS-05480986,35.8,1.83
2013-07-20 20:30:00+00:00,USGS-05480986,35.8,1.83
2013-07-20 20:45:00+00:00,USGS-05480986,35.8,1.83
2013-07-20 21:00:00+00:00,USGS-05480986,35.8,1.83
2013-07-20 21:15:00+00:00,USGS-05480986,35.8,1.83
2013-07-20 21:30:00+00:00,USGS-05480986,35.8,1.73
2013-07-20 21:45:00+00:00,USGS-05480986,35.8,1.73
2013-07-20 22:00:00+00:00,USGS-05480986,35.8,1.73
2013-07-20 22:15:00+00:00,USGS-05480986,35.8,1.73
2013-07-20 22:30:00+00:00,USGS-05480986,35.8,1.73
2013-07-20 22:45:00+00:00,USGS-05480986,35.8,1.73
2013-07-20 23:00:00+00:00,USGS-05480986,35.8,1.73
2013-07-20 23:15:00+00:00,USGS-05480986,35.8,1.73
2013-07-20 23:30:00+00:00,USGS-05480986,35.8,1.73
2013-07-20 23:45:00+00:00,USGS-05480986,35.8,1.73
2013-07-21 00:00:00+00:00,USGS-05480986,35.8,1.73
2013-07-21 00:15:00+00:00,USGS-05480986,35.8,1.73
2013-07-21 00:30:00+00:00,USGS-05480986,35.8,1.73
2013-07-21 00:45:00+00:00,USGS-05480986,35.8,1.73
2013-07-21 01:00:00+00:00,USGS-05480986,35.8,1.73
2013-07-21 01:15:00+00:00,USGS-05480986,35.8,1.73
2013-07-21 01:30:00+00:00,USGS-05480986,35.8,1.73
2013-07-21 01:45:00+00:00,USGS-05480986,35.8,1.73
2013-07-21 02:00:00+00:00,USGS-05480986,35.8,1.73
2013-07-21 02:15:00+00:00,USGS-05480986,35.8,1.73
2013-07-21 02:30:00+00:00,USGS-05480986,35.8,1.65
2013-07-21 02:45:00+00:00,USGS-05480986,35.8,1.65
2013-07-21 03:00:00+00:00,USGS-05480986,35.8,1.65
2013-07-21 03:15:00+00:00,USGS-05480986,35.8,1.65
2013-07-21 03:30:00+00:00,USGS-05480986,35.8,1.65
2013-07-21 03:45:00+00:00,USGS-05480986,35.8,1.65
2013-07-21 04:00:00+00:00,USGS-05480986,35.7,1.65
2013-07-21 04:15:00+00:00,USGS-05480986,35.7,1.65
2013-07-21 04:30:00+00:00,USGS-05480986,35.7,1.65
2013-07-21 04:45:00+00:00,USGS-05480986,35.7,1.65
2013-07-21 05:00:00+00:00,USGS-05480986,35.6,1.73
2013-07-21 05:15:00+00:00,USGS-05480986,35.6,1.73
2013-07-21 05:30:00+00:00,USGS-05480986,35.6,1.65
2013-07-21 05:45:00+00:00,USGS-05480986,35.6,1.65
2013-07-21 06:00:00+00:00,USGS-05480986,35.6,1.65
2013-07-21 06:15:00+00:00,USGS-05480986,35.6,1.65
2013-07-21 06:30:00+00:00,USGS-05480986,35.6,1.73
2013-07-21 06:45:00+00:00,USGS-05480986,35.6,1.73
2013-07-21 07:00:00+00:00,USGS-05480986,35.6,1.73
2013-07-21 07:15:00+00:00,USGS-05480986,35.6,1.73
2013-07-21 07:30:00+00:00,USGS-05480986,35.6,1.73
2013-07-21 07:45:00+00:00,USGS-05480986,35.6,1.73
2013-07-21 08:00:00+00:00,USGS-05480986,35.6,1.73
2013-07-21 08:15:00+00:00,USGS-05480986,35.6,1.73
2013-07-21 08:30:00+00:00,USGS-05480986,35.6,1.65
2013-07-21 08:45:00+00:00,USGS-05480986,35.6,1.73
2013-07-21 09:00:00+00:00,USGS-05480986,35.6,1.73
2013-07-21 09:15:00+00:00,USGS-05480986,35.6,1.73
2013-07-21 09:30:00+00:00,USGS-05480986,35.6,1.73
2013-07-21 09:45:00+00:00,USGS-05480986,35.6,1.73
2013-07-21 10:00:00+00:00,USGS-05480986,35.6,1.73
2013-07-21 10:15:00+00:00,USGS-05480986,35.6,1.73
2013-07-21 10:30:00+00:00,USGS-05480986,35.6,1.73
2013-07-21 10:45:00+00:00,USGS-05480986,35.6,1.73
2013-07-21 11:00:00+00:00,USGS-05480986,35.6,1.73
2013-07-21 11:15:00+00:00,USGS-05480986,35.6,1.73
2013-07-21 11:30:00+00:00,USGS-05480986,35.6,1.73
2013-07-21 11:45:00+00:00,USGS-05480986,35.6,1.73
2013-07-21 12:00:00+00:00,USGS-05480986,35.6,1.73
2013-07-21 12:15:00+00:00,USGS-05480986,35.6,1.73
2013-07-21 12:30:00+00:00,USGS-05480986,35.6,1.73
2013-07-21 12:45:00+00:00,USGS-05480986,35.6,1.73
2013-07-21 13:00:00+00:00,USGS-05480986,35.6,1.73
2013-07-21 13:15:00+00:00,USGS-05480986,35.6,1.73
2013-07-21 13:30:00+00:00,USGS-05480986,35.6,1.73
2013-07-21 13:45:00+00:00,USGS-05480986,35.6,1.73
2013-07-21 14:00:00+00:00,USGS-05480986,35.6,1.73
2013-07-21 14:15:00+00:00,USGS-05480986,35.6,1.73
2013-07-21 14:30:00+00:00,USGS-05480986,35.6,1.73
2013-07-21 14:45:00+00:00,USGS-05480986,35.6,1.73
2013-07-21 15:00:00+00:00,USGS-05480986,35.6,1.73
2013-07-21 15:15:00+00:00,USGS-05480986,35.6,1.73
2013-07-21 15:30:00+00:00,USGS-05480986,35.6,1.73
2013-07-21 15:45:00+00:00,USGS-05480986,35.6,1.73
2013-07-21 16:00:00+00:00,USGS-05480986,35.6,1.73
2013-07-21 16:15:00+00:00,USGS-05480986,35.6,1.73
2013-07-21 16:30:00+00:00,USGS-05480986,35.5,1.73
2013-07-21 16:45:00+00:00,USGS-05480986,35.6,1.73
2013-07-21 17:00:00+00:00,USGS-05480986,35.5,1.73
2013-07-21 17:15:00+00:00,USGS-05480986,35.5,1.73
2013-07-21 17:30:00+00:00,USGS-05480986,35.5,1.73
2013-07-21 17:45:00+00:00,USGS-05480986,35.5,1.73
2013-07-21 18:00:00+00:00,USGS-05480986,35.5,1.73
2013-07-21 18:15:00+00:00,USGS-05480986,35.4,1.73
2013-07-21 18:30:00+00:00,USGS-05480986,35.5,1.73
2013-07-21 18:45:00+00:00,USGS-05480986,35.4,1.73
2013-07-21 19:00:00+00:00,USGS-05480986,35.5,1.73
2013-07-21 19:15:00+00:00,USGS-05480986,35.4,1.73
2013-07-21 19:30:00+00:00,USGS-05480986,35.4,1.73
2013-07-21 19:45:00+00:00,USGS-05480986,35.4,1.73
2013-07-21 20:00:00+00:00,USGS-05480986,35.4,1.73
2013-07-21 20:15:00+00:00,USGS-05480986,35.4,1.65
2013-07-21 20:30:00+00:00,USGS-05480986,35.5,1.65
2013-07-21 20:45:00+00:00,USGS-05480986,35.5,1.65
2013-07-21 21:00:00+00:00,USGS-05480986,35.5,1.65
2013-07-21 21:15:00+00:00,USGS-05480986,35.5,1.65
2013-07-21 21:30:00+00:00,USGS-05480986,35.5,1.65
2013-07-21 21:45:00+00:00,USGS-05480986,35.6,1.65
2013-07-21 22:00:00+00:00,USGS-05480986,35.6,1.65
2013-07-21 22:15:00+00:00,USGS-05480986,35.6,1.56
2013-07-21 22:30:00+00:00,USGS-05480986,35.6,1.56
2013-07-21 22:45:00+00:00,USGS-05480986,35.6,1.56
2013-07-21 23:00:00+00:00,USGS-05480986,35.6,1.56
2013-07-21 23:15:00+00:00,USGS-05480986,35.6,1.56
2013-07-21 23:30:00+00:00,USGS-05480986,35.6,1.56
2013-07-21 23:45:00+00:00,USGS-05480986,35.6,1.56
2013-07-22 00:00:00+00:00,USGS-05480986,35.6,1.56
2013-07-22 00:15:00+00:00,USGS-05480986,35.6,1.56
2013-07-22 00:30:00+00:00,USGS-05480986,35.6,1.56
2013-07-22 00:45:00+00:00,USGS-05480986,35.6,1.56
2013-07-22 01:00:00+00:00,USGS-05480986,35.6,1.56
2013-07-22 01:15:00+00:00,USGS-05480986,35.6,1.56
2013-07-22 01:30:00+00:00,USGS-05480986,35.6,1.56
2013-07-22 01:45:00+00:00,USGS-05480986,35.6,1.56
2013-07-22 02:00:00+00:00,USGS-05480986,35.6,1.56
2013-07-22 02:15:00+00:00,USGS-05480986,35.6,1.48
2013-07-22 02:30:00+00:00,USGS-05480986,35.6,1.48
2013-07-22 02:45:00+00:00,USGS-05480986,35.6,1.48
2013-07-22 03:00:00+00:00,USGS-05480986,35.5,1.48
2013-07-22 03:15:00+00:00,USGS-05480986,35.5,1.48
2013-07-22 03:30:00+00:00,USGS-05480986,35.5,1.48
2013-07-22 03:45:00+00:00,USGS-05480986,35.5,1.48
2013-07-22 04:00:00+00:00,USGS-05480986,35.5,1.48
2013-07-22 04:15:00+00:00,USGS-05480986,35.5,1.48
2013-07-22 04:30:00+00:00,USGS-05480986,35.5,1.48
2013-07-22 04:45:00+00:00,USGS-05480986,35.5,1.48
2013-07-22 05:00:00+00:00,USGS-05480986,35.5,1.48
2013-07-22 05:15:00+00:00,USGS-05480986,35.5,1.56
2013-07-22 05:30:00+00:00,USGS-05480986,35.5,1.48
2013-07-22 05:45:00+00:00,USGS-05480986,35.5,1.48
2013-07-22 06:00:00+00:00,USGS-05480986,35.4,1.48
2013-07-22 06:15:00+00:00,USGS-05480986,35.4,1.48
2013-07-22 06:30:00+00:00,USGS-05480986,35.4,1.56
2013-07-22 06:45:00+00:00,USGS-05480986,35.4,1.56
2013-07-22 07:00:00+00:00,USGS-05480986,35.4,1.56
2013-07-22 07:15:00+00:00,USGS-05480986,35.4,1.48
2013-07-22 07:30:00+00:00,USGS-05480986,35.4,1.56
2013-07-22 07:45:00+00:00,USGS-05480986,35.4,1.56
2013-07-22 08:00:00+00:00,USGS-05480986,35.4,1.56
2013-07-22 08:15:00+00:00,USGS-05480986,35.4,1.56
2013-07-22 08:30:00+00:00,USGS-05480986,35.4,1.56
2013-07-22 08:45:00+00:00,USGS-05480986,35.4,1.56
2013-07-22 09:00:00+00:00,USGS-05480986,35.4,1.56
2013-07-22 09:15:00+00:00,USGS-05480986,35.4,1.56
2013-07-22 09:30:00+00:00,USGS-05480986,35.4,1.56
2013-07-22 09:45:00+00:00,USGS-05480986,35.4,1.56
2013-07-22 10:00:00+00:00,USGS-05480986,35.4,1.56
2013-07-22 10:15:00+00:00,USGS-05480986,35.4,1.56
2013-07-22 10:30:00+00:00,USGS-05480986,35.3,1.48
2013-07-22 10:45:00+00:00,USGS-05480986,35.3,1.48
2013-07-22 11:00:00+00:00,USGS-05480986,35.3,1.56
2013-07-22 11:15:00+00:00,USGS-05480986,35.4,1.56
2013-07-22 11:30:00+00:00,USGS-05480986,35.4,1.56
2013-07-22 11:45:00+00:00,USGS-05480986,35.4,1.56
2013-07-22 12:00:00+00:00,USGS-05480986,35.3,1.56
2013-07-22 12:15:00+00:00,USGS-05480986,35.3,1.56
2013-07-22 12:30:00+00:00,USGS-05480986,35.3,1.56
2013-07-22 12:45:00+00:00,USGS-05480986,35.3,1.56
2013-07-22 13:00:00+00:00,USGS-05480986,35.3,1.56
2013-07-22 13:15:00+00:00,USGS-05480986,35.3,1.56
2013-07-22 13:30:00+00:00,USGS-05480986,35.3,1.56
2013-07-22 13:45:00+00:00,USGS-05480986,35.3,1.56
2013-07-22 14:00:00+00:00,USGS-05480986,35.3,1.56
2013-07-22 14:15:00+00:00,USGS-05480986,35.3,1.56
2013-07-22 14:30:00+00:00,USGS-05480986,35.3,1.56
2013-07-22 14:45:00+00:00,USGS-05480986,35.3,1.56
2013-07-22 15:00:00+00:00,USGS-05480986,35.3,1.56
2013-07-22 15:15:00+00:00,USGS-05480986,35.3,1.56
2013-07-22 15:30:00+00:00,USGS-05480986,35.3,1.56
2013-07-22 15:45:00+00:00,USGS-05480986,35.3,1.56
2013-07-22 16:00:00+00:00,USGS-05480986,35.3,1.56
2013-07-22 16:15:00+00:00,USGS-05480986,35.3,1.56
2013-07-22 16:30:00+00:00,USGS-05480986,35.3,1.56
2013-07-22 16:45:00+00:00,USGS-05480986,35.3,1.56
2013-07-22 17:00:00+00:00,USGS-05480986,35.3,1.56
2013-07-22 17:15:00+00:00,USGS-05480986,35.3,1.56
2013-07-22 17:30:00+00:00,USGS-05480986,35.3,1.65
2013-07-22 17:45:00+00:00,USGS-05480986,35.3,1.56
2013-07-22 18:00:00+00:00,USGS-05480986,35.3,1.56
2013-07-22 18:15:00+00:00,USGS-05480986,35.3,1.56
2013-07-22 18:30:00+00:00,USGS-05480986,35.3,1.56
2013-07-22 18:45:00+00:00,USGS-05480986,35.3,1.56
2013-07-22 19:00:00+00:00,USGS-05480986,35.3,1.56
2013-07-22 19:15:00+00:00,USGS-05480986,35.3,1.56
2013-07-22 19:30:00+00:00,USGS-05480986,35.3,1.56
2013-07-22 19:45:00+00:00,USGS-05480986,35.3,1.48
2013-07-22 20:00:00+00:00,USGS-05480986,35.3,1.48
2013-07-22 20:15:00+00:00,USGS-05480986,35.3,1.48
2013-07-22 20:30:00+00:00,USGS-05480986,35.3,1.48
2013-07-22 20:45:00+00:00,USGS-05480986,35.3,1.48
2013-07-22 21:00:00+00:00,USGS-05480986,35.3,1.48
2013-07-22 21:15:00+00:00,USGS-05480986,35.3,1.48
2013-07-22 21:30:00+00:00,USGS-05480986,35.3,1.48
2013-07-22 21:45:00+00:00,USGS-05480986,35.3,1.48
2013-07-22 22:00:00+00:00,USGS-05480986,35.3,1.48
2013-07-22 22:15:00+00:00,USGS-05480986,35.3,1.4
2013-07-22 22:30:00+00:00,USGS-05480986,35.3,1.4
2013-07-22 22:45:00+00:00,USGS-05480986,35.3,1.4
2013-07-22 23:00:00+00:00,USGS-05480986,35.3,1.4
2013-07-22 23:15:00+00:00,USGS-05480986,35.3,1.4
2013-07-22 23:30:00+00:00,USGS-05480986,35.3,1.4
2013-07-22 23:45:00+00:00,USGS-05480986,32.7,2.12
2013-07-23 00:00:00+00:00,USGS-05480986,31.2,2.12
2013-07-23 00:15:00+00:00,USGS-05480986,31.8,2.02
2013-07-23 00:30:00+00:00,USGS-05480986,31.6,2.12
2013-07-23 00:45:00+00:00,USGS-05480986,31.6,2.12
2013-07-23 01:00:00+00:00,USGS-05480986,31.6,2.23
2013-07-23 01:15:00+00:00,USGS-05480986,31.3,2.23
2013-07-23 01:30:00+00:00,USGS-05480986,31.7,2.33
2013-07-23 01:45:00+00:00,USGS-05480986,32.8,2.45
2013-07-23 02:00:00+00:00,USGS-05480986,33.2,2.56
2013-07-23 02:15:00+00:00,USGS-05480986,33.0,2.56
2013-07-23 02:30:00+00:00,USGS-05480986,32.8,2.56
2013-07-23 02:45:00+00:00,USGS-05480986,32.3,2.56
2013-07-23 03:00:00+00:00,USGS-05480986,31.9,2.68
2013-07-23 03:15:00+00:00,USGS-05480986,31.6,2.68
2013-07-23 03:30:00+00:00,USGS-05480986,31.5,2.68
2013-07-23 03:45:00+00:00,USGS-05480986,31.4,2.68
2013-07-23 04:00:00+00:00,USGS-05480986,31.4,2.56
2013-07-23 04:15:00+00:00,USGS-05480986,31.5,2.56
2013-07-23 04:30:00+00:00,USGS-05480986,31.6,2.56
2013-07-23 04:45:00+00:00,USGS-05480986,31.8,2.45
2013-07-23 05:00:00+00:00,USGS-05480986,31.9,2.56
2013-07-23 05:15:00+00:00,USGS-05480986,32.0,2.56
2013-07-23 05:30:00+00:00,USGS-05480986,31.9,2.56
2013-07-23 05:45:00+00:00,USGS-05480986,31.8,2.56
2013-07-23 06:00:00+00:00,USGS-05480986,31.6,2.56
2013-07-23 06:15:00+00:00,USGS-05480986,31.6,2.45
2013-07-23 06:30:00+00:00,USGS-05480986,31.5,2.45
2013-07-23 06:45:00+00:00,USGS-05480986,31.5,2.33
2013-07-23 07:00:00+00:00,USGS-05480986,31.5,2.23
2013-07-23 07:15:00+00:00,USGS-05480986,31.5,2.23
2013-07-23 07:30:00+00:00,USGS-05480986,31.5,2.23
2013-07-23 07:45:00+00:00,USGS-05480986,31.5,2.33
2013-07-23 08:00:00+00:00,USGS-05480986,31.5,2.45
2013-07-23 08:15:00+00:00,USGS-05480986,31.6,2.68
2013-07-23 08:30:00+00:00,USGS-05480986,31.8,2.81
2013-07-23 08:45:00+00:00,USGS-05480986,32.0,2.94
2013-07-23 09:00:00+00:00,USGS-05480986,32.3,2.94
2013-07-23 09:15:00+00:00,USGS-05480986,32.4,2.94
2013-07-23 09:30:00+00:00,USGS-05480986,32.4,2.81
2013-07-23 09:45:00+00:00,USGS-05480986,32.1,2.81
2013-07-23 10:00:00+00:00,USGS-05480986,31.8,2.68
2013-07-23 10:15:00+00:00,USGS-05480986,31.4,2.68
2013-07-23 10:30:00+00:00,USGS-05480986,31.2,2.56
2013-07-23 10:45:00+00:00,USGS-05480986,30.9,2.56
2013-07-23 11:00:00+00:00,USGS-05480986,30.7,2.56
2013-07-23 11:15:00+00:00,USGS-05480986,30.5,2.56
2013-07-23 11:30:00+00:00,USGS-05480986,30.5,2.56
2013-07-23 11:45:00+00:00,USGS-05480986,30.5,2.56
2013-07-23 12:00:00+00:00,USGS-05480986,30.6,2.56
2013-07-23 12:15:00+00:00,USGS-05480986,30.7,2.56
2013-07-23 12:30:00+00:00,USGS-05480986,30.9,2.56
2013-07-23 12:45:00+00:00,USGS-05480986,31.0,2.56
2013-07-23 13:00:00+00:00,USGS-05480986,31.0,2.56
2013-07-23 13:15:00+00:00,USGS-05480986,31.2,2.56
2013-07-23 13:30:00+00:00,USGS-05480986,31.2,2.45
2013-07-23 13:45:00+00:00,USGS-05480986,31.3,2.45
2013-07-23 14:00:00+00:00,USGS-05480986,31.4,2.45
2013-07-23 14:15:00+00:00,USGS-05480986,31.4,2.45
2013-07-23 14:30:00+00:00,USGS-05480986,31.5,2.45
2013-07-23 14:45:00+00:00,USGS-05480986,31.6,2.45
2013-07-23 15:00:00+00:00,USGS-05480986,31.6,2.45
2013-07-23 15:15:00+00:00,USGS-05480986,31.6,2.45
2013-07-23 15:30:00+00:00,USGS-05480986,31.5,2.33
2013-07-23 15:45:00+00:00,USGS-05480986,31.5,2.33
2013-07-23 16:00:00+00:00,USGS-05480986,31.3,2.33
2013-07-23 16:15:00+00:00,USGS-05480986,31.2,2.33
2013-07-23 16:30:00+00:00,USGS-05480986,31.1,2.33
2013-07-23 16:45:00+00:00,USGS-05480986,31.0,2.33
2013-07-23 17:00:00+00:00,USGS-05480986,30.8,2.33
2013-07-23 17:15:00+00:00,USGS-05480986,30.6,2.33
2013-07-23 17:30:00+00:00,USGS-05480986,30.4,2.23
2013-07-23 17:45:00+00:00,USGS-05480986,30.2,2.23
2013-07-23 18:00:00+00:00,USGS-05480986,30.0,2.23
2013-07-23 18:15:00+00:00,USGS-05480986,29.9,2.23
2013-07-23 18:30:00+00:00,USGS-05480986,29.7,2.23
2013-07-23 18:45:00+00:00,USGS-05480986,29.8,2.23
2013-07-23 19:00:00+00:00,USGS-05480986,29.8,2.23
2013-07-23 19:15:00+00:00,USGS-05480986,29.8,2.23
2013-07-23 19:30:00+00:00,USGS-05480986,29.9,2.12
2013-07-23 19:45:00+00:00,USGS-05480986,30.0,2.12
2013-07-23 20:00:00+00:00,USGS-05480986,30.1,2.12
2013-07-23 20:15:00+00:00,USGS-05480986,30.3,2.12
2013-07-23 20:30:00+00:00,USGS-05480986,30.4,2.12
2013-07-23 20:45:00+00:00,USGS-05480986,30.5,2.12
2013-07-23 21:00:00+00:00,USGS-05480986,30.7,2.12
2013-07-23 21:15:00+00:00,USGS-05480986,30.9,2.12
2013-07-23 21:30:00+00:00,USGS-05480986,31.1,2.12
2013-07-23 21:45:00+00:00,USGS-05480986,31.2,2.02
2013-07-23 22:00:00+00:00,USGS-05480986,31.3,2.02
2013-07-23 22:15:00+00:00,USGS-05480986,31.3,2.02
2013-07-23 22:30:00+00:00,USGS-05480986,31.4,2.02
2013-07-23 22:45:00+00:00,USGS-05480986,31.4,2.02
2013-07-23 23:00:00+00:00,USGS-05480986,31.4,2.02
2013-07-23 23:15:00+00:00,USGS-05480986,31.3,2.02
2013-07-23 23:30:00+00:00,USGS-05480986,31.3,2.02
2013-07-23 23:45:00+00:00,USGS-05480986,31.1,2.02
2013-07-24 00:00:00+00:00,USGS-05480986,31.0,2.02
2013-07-24 00:15:00+00:00,USGS-05480986,30.9,2.02
2013-07-24 00:30:00+00:00,USGS-05480986,30.7,2.02
2013-07-24 00:45:00+00:00,USGS-05480986,30.5,2.02
2013-07-24 01:00:00+00:00,USGS-05480986,30.4,1.92
2013-07-24 01:15:00+00:00,USGS-05480986,30.2,1.92
2013-07-24 01:30:00+00:00,USGS-05480986,30.0,2.02
2013-07-24 01:45:00+00:00,USGS-05480986,29.8,2.02
2013-07-24 02:00:00+00:00,USGS-05480986,29.6,2.02
2013-07-24 02:15:00+00:00,USGS-05480986,29.5,1.92
2013-07-24 02:30:00+00:00,USGS-05480986,29.4,1.92
2013-07-24 02:45:00+00:00,USGS-05480986,29.4,1.92
2013-07-24 03:00:00+00:00,USGS-05480986,29.3,1.92
2013-07-24 03:15:00+00:00,USGS-05480986,29.3,1.92
2013-07-24 03:30:00+00:00,USGS-05480986,29.4,1.92
2013-07-24 03:45:00+00:00,USGS-05480986,29.4,1.92
2013-07-24 04:00:00+00:00,USGS-05480986,29.5,1.92
2013-07-24 04:15:00+00:00,USGS-05480986,29.6,1.92
2013-07-24 04:30:00+00:00,USGS-05480986,29.8,1.92
2013-07-24 04:45:00+00:00,USGS-05480986,29.8,1.92
2013-07-24 05:00:00+00:00,USGS-05480986,30.0,1.92
2013-07-24 05:15:00+00:00,USGS-05480986,30.1,1.92
2013-07-24 05:30:00+00:00,USGS-05480986,30.2,1.92
2013-07-24 05:45:00+00:00,USGS-05480986,30.4,1.92
2013-07-24 06:00:00+00:00,USGS-05480986,30.4,1.92
2013-07-24 06:15:00+00:00,USGS-05480986,30.5,1.92
2013-07-24 06:30:00+00:00,USGS-05480986,30.6,1.92
2013-07-24 06:45:00+00:00,USGS-05480986,30.7,1.83
2013-07-24 07:00:00+00:00,USGS-05480986,30.7,1.83
2013-07-24 07:15:00+00:00,USGS-05480986,30.8,1.83
2013-07-24 07:30:00+00:00,USGS-05480986,30.9,1.83
2013-07-24 07:45:00+00:00,USGS-05480986,30.9,1.83
2013-07-24 08:00:00+00:00,USGS-05480986,30.9,1.83
2013-07-24 08:15:00+00:00,USGS-05480986,31.0,1.83
2013-07-24 08:30:00+00:00,USGS-05480986,31.1,1.83
2013-07-24 08:45:00+00:00,USGS-05480986,31.1,1.83
2013-07-24 09:00:00+00:00,USGS-05480986,31.1,1.83
2013-07-24 09:15:00+00:00,USGS-05480986,31.2,1.83
2013-07-24 09:30:00+00:00,USGS-05480986,31.3,1.83
2013-07-24 09:45:00+00:00,USGS-05480986,31.3,1.83
2013-07-24 10:00:00+00:00,USGS-05480986,31.3,1.83
2013-07-24 10:15:00+00:00,USGS-05480986,31.3,1.83
2013-07-24 10:30:00+00:00,USGS-05480986,31.4,1.83
2013-07-24 10:45:00+00:00,USGS-05480986,31.5,1.73
2013-07-24 11:00:00+00:00,USGS-05480986,31.5,1.73
2013-07-24 11:15:00+00:00,USGS-05480986,31.5,1.83
2013-07-24 11:30:00+00:00,USGS-05480986,31.5,1.83
2013-07-24 11:45:00+00:00,USGS-05480986,31.6,1.83
2013-07-24 12:00:00+00:00,USGS-05480986,31.6,1.83
2013-07-24 12:15:00+00:00,USGS-05480986,31.6,1.83
2013-07-24 12:30:00+00:00,USGS-05480986,31.7,1.83
2013-07-24 12:45:00+00:00,USGS-05480986,31.7,1.83
2013-07-24 13:00:00+00:00,USGS-05480986,31.7,1.83
2013-07-24 13:15:00+00:00,USGS-05480986,31.7,1.83
2013-07-24 13:30:00+00:00,USGS-05480986,31.7,1.83
2013-07-24 13:45:00+00:00,USGS-05480986,31.7,1.83
2013-07-24 14:00:00+00:00,USGS-05480986,31.7,1.83
2013-07-24 14:15:00+00:00,USGS-05480986,31.8,1.83
2013-07-24 14:30:00+00:00,USGS-05480986,31.8,1.83
2013-07-24 14:45:00+00:00,USGS-05480986,31.9,1.83
2013-07-24 15:00:00+00:00,USGS-05480986,31.9,1.83
2013-07-24 15:15:00+00:00,USGS-05480986,31.9,1.83
2013-07-24 15:30:00+00:00,USGS-05480986,31.9,1.83
2013-07-24 15:45:00+00:00,USGS-05480986,31.9,1.83
2013-07-24 16:00:00+00:00,USGS-05480986,32.0,1.83
2013-07-24 16:15:00+00:00,USGS-05480986,32.0,1.83
2013-07-24 16:30:00+00:00,USGS-05480986,32.0,1.83
2013-07-24 16:45:00+00:00,USGS-05480986,32.1,1.73
2013-07-24 17:00:00+00:00,USGS-05480986,32.1,1.73
2013-07-24 17:15:00+00:00,USGS-05480986,32.1,1.73
2013-07-24 17:30:00+00:00,USGS-05480986,32.1,1.73
2013-07-24 17:45:00+00:00,USGS-05480986,32.1,1.73
2013-07-24 18:00:00+00:00,USGS-05480986,32.1,1.73
2013-07-24 18:15:00+00:00,USGS-05480986,32.1,1.73
2013-07-24 18:30:00+00:00,USGS-05480986,32.1,1.73
2013-07-24 18:45:00+00:00,USGS-05480986,32.2,1.73
2013-07-24 19:00:00+00:00,USGS-05480986,32.2,1.73
2013-07-24 19:15:00+00:00,USGS-05480986,32.2,1.73
2013-07-24 19:30:00+00:00,USGS-05480986,32.3,1.73
2013-07-24 19:45:00+00:00,USGS-05480986,32.3,1.73
2013-07-24 20:00:00+00:00,USGS-05480986,32.3,1.73
2013-07-24 20:15:00+00:00,USGS-05480986,32.3,1.65
2013-07-24 20:30:00+00:00,USGS-05480986,32.3,1.65
2013-07-24 20:45:00+00:00,USGS-05480986,32.3,1.65
2013-07-24 21:00:00+00:00,USGS-05480986,32.3,1.65
2013-07-24 21:15:00+00:00,USGS-05480986,32.4,1.65
2013-07-24 21:30:00+00:00,USGS-05480986,32.4,1.65
2013-07-24 21:45:00+00:00,USGS-05480986,32.4,1.65
2013-07-24 22:00:00+00:00,USGS-05480986,32.4,1.65
2013-07-24 22:15:00+00:00,USGS-05480986,32.4,1.65
2013-07-24 22:30:00+00:00,USGS-05480986,32.5,1.65
2013-07-24 22:45:00+00:00,USGS-05480986,32.5,1.65
2013-07-24 23:00:00+00:00,USGS-05480986,32.5,1.65
2013-07-24 23:15:00+00:00,USGS-05480986,32.5,1.65
2013-07-24 23:30:00+00:00,USGS-05480986,32.5,1.65
2013-07-24 23:45:00+00:00,USGS-05480986,32.5,1.65
2013-07-25 00:00:00+00:00,USGS-05480986,32.5,1.65
2013-07-25 00:15:00+00:00,USGS-05480986,32.5,1.65
2013-07-25 00:30:00+00:00,USGS-05480986,32.5,1.65
2013-07-25 00:45:00+00:00,USGS-05480986,32.6,1.65
2013-07-25 01:00:00+00:00,USGS-05480986,32.6,1.65
2013-07-25 01:15:00+00:00,USGS-05480986,32.6,1.65
2013-07-25 01:30:00+00:00,USGS-05480986,32.6,1.65
2013-07-25 01:45:00+00:00,USGS-05480986,32.6,1.65
2013-07-25 02:00:00+00:00,USGS-05480986,32.6,1.65
2013-07-25 02:15:00+00:00,USGS-05480986,32.7,1.65
2013-07-25 02:30:00+00:00,USGS-05480986,32.7,1.65
2013-07-25 02:45:00+00:00,USGS-05480986,32.7,1.65
2013-07-25 03:00:00+00:00,USGS-05480986,32.7,1.65
2013-07-25 03:15:00+00:00,USGS-05480986,32.7,1.65
2013-07-25 03:30:00+00:00,USGS-05480986,32.7,1.56
2013-07-25 03:45:00+00:00,USGS-05480986,32.7,1.56
2013-07-25 04:00:00+00:00,USGS-05480986,32.7,1.65
2013-07-25 04:15:00+00:00,USGS-05480986,32.7,1.56
2013-07-25 04:30:00+00:00,USGS-05480986,32.7,1.65
2013-07-25 04:45:00+00:00,USGS-05480986,32.7,1.65
2013-07-25 05:00:00+00:00,USGS-05480986,32.7,1.65
2013-07-25 05:15:00+00:00,USGS-05480986,32.7,1.65
2013-07-25 05:30:00+00:00,USGS-05480986,32.7,1.65
2013-07-25 05:45:00+00:00,USGS-05480986,32.7,1.65
2013-07-25 06:00:00+00:00,USGS-05480986,32.7,1.56
2013-07-25 06:15:00+00:00,USGS-05480986,32.7,1.56
2013-07-25 06:30:00+00:00,USGS-05480986,32.7,1.65
2013-07-25 06:45:00+00:00,USGS-05480986,32.7,1.65
2013-07-25 07:00:00+00:00,USGS-05480986,32.8,1.65
2013-07-25 07:15:00+00:00,USGS-05480986,32.8,1.65
2013-07-25 07:30:00+00:00,USGS-05480986,32.8,1.65
2013-07-25 07:45:00+00:00,USGS-05480986,32.8,1.56
2013-07-25 08:00:00+00:00,USGS-05480986,32.8,1.48
2013-07-25 08:15:00+00:00,USGS-05480986,32.8,1.56
2013-07-25 08:30:00+00:00,USGS-05480986,32.8,1.56
2013-07-25 08:45:00+00:00,USGS-05480986,32.8,1.56
2013-07-25 09:00:00+00:00,USGS-05480986,32.8,1.56
2013-07-25 09:15:00+00:00,USGS-05480986,32.8,1.56
2013-07-25 09:30:00+00:00,USGS-05480986,32.8,1.56
2013-07-25 09:45:00+00:00,USGS-05480986,32.8,1.65
2013-07-25 10:00:00+00:00,USGS-05480986,32.9,1.56
2013-07-25 10:15:00+00:00,USGS-05480986,32.9,1.56
2013-07-25 10:30:00+00:00,USGS-05480986,32.9,1.56
2013-07-25 10:45:00+00:00,USGS-05480986,32.9,1.56
2013-07-25 11:00:00+00:00,USGS-05480986,32.9,1.56
2013-07-25 11:15:00+00:00,USGS-05480986,32.9,1.65
2013-07-25 11:30:00+00:00,USGS-05480986,32.9,1.65
2013-07-25 11:45:00+00:00,USGS-05480986,32.9,1.65
2013-07-25 12:00:00+00:00,USGS-05480986,32.9,1.65
2013-07-25 12:15:00+00:00,USGS-05480986,32.9,1.65
2013-07-25 12:30:00+00:00,USGS-05480986,32.9,1.65
2013-07-25 12:45:00+00:00,USGS-05480986,32.9,1.65
2013-07-25 13:00:00+00:00,USGS-05480986,32.9,1.65
2013-07-25 13:15:00+00:00,USGS-05480986,33.0,1.65
2013-07-25 13:30:00+00:00,USGS-05480986,33.0,1.65
2013-07-25 13:45:00+00:00,USGS-05480986,33.0,1.65
2013-07-25 14:00:00+00:00,USGS-05480986,33.0,1.65
2013-07-25 14:15:00+00:00,USGS-05480986,33.0,1.65
2013-07-25 14:30:00+00:00,USGS-05480986,33.0,1.65
2013-07-25 14:45:00+00:00,USGS-05480986,33.0,1.65
2013-07-25 15:00:00+00:00,USGS-05480986,33.0,1.65
2013-07-25 15:15:00+00:00,USGS-05480986,33.0,1.65
2013-07-25 15:30:00+00:00,USGS-05480986,33.0,1.65
2013-07-25 15:45:00+00:00,USGS-05480986,33.0,1.65
2013-07-25 16:00:00+00:00,USGS-05480986,33.0,1.65
2013-07-25 16:15:00+00:00,USGS-05480986,33.1,1.65
2013-07-25 16:30:00+00:00,USGS-05480986,33.1,1.56
2013-07-25 16:45:00+00:00,USGS-05480986,33.1,1.56
2013-07-25 17:00:00+00:00,USGS-05480986,33.1,1.56
2013-07-25 17:15:00+00:00,USGS-05480986,33.1,1.56
2013-07-25 17:30:00+00:00,USGS-05480986,33.1,1.56
2013-07-25 17:45:00+00:00,USGS-05480986,33.1,1.56
2013-07-25 18:00:00+00:00,USGS-05480986,33.1,1.56
2013-07-25 18:15:00+00:00,USGS-05480986,33.2,1.56
2013-07-25 18:30:00+00:00,USGS-05480986,33.2,1.56
2013-07-25 18:45:00+00:00,USGS-05480986,33.2,1.56
2013-07-25 19:00:00+00:00,USGS-05480986,33.2,1.56
2013-07-25 19:15:00+00:00,USGS-05480986,33.2,1.56
2013-07-25 19:30:00+00:00,USGS-05480986,33.2,1.56
2013-07-25 19:45:00+00:00,USGS-05480986,33.2,1.56
2013-07-25 20:00:00+00:00,USGS-05480986,33.2,1.56
2013-07-25 20:15:00+00:00,USGS-05480986,33.2,1.56
2013-07-25 20:30:00+00:00,USGS-05480986,33.2,1.48
2013-07-25 20:45:00+00:00,USGS-05480986,33.2,1.56
2013-07-25 21:00:00+00:00,USGS-05480986,33.2,1.48
2013-07-25 21:15:00+00:00,USGS-05480986,33.2,1.48
2013-07-25 21:30:00+00:00,USGS-05480986,33.2,1.48
2013-07-25 21:45:00+00:00,USGS-05480986,33.2,1.48
2013-07-25 22:00:00+00:00,USGS-05480986,33.2,1.48
2013-07-25 22:15:00+00:00,USGS-05480986,33.2,1.48
2013-07-25 22:30:00+00:00,USGS-05480986,33.2,1.48
2013-07-25 22:45:00+00:00,USGS-05480986,33.2,1.48
2013-07-25 23:00:00+00:00,USGS-05480986,33.2,1.48
2013-07-25 23:15:00+00:00,USGS-05480986,33.2,1.48
2013-07-25 23:30:00+00:00,USGS-05480986,33.2,1.48
2013-07-25 23:45:00+00:00,USGS-05480986,33.2,1.48
2013-07-26 00:00:00+00:00,USGS-05480986,33.2,1.4
2013-07-26 00:15:00+00:00,USGS-05480986,33.2,1.4
2013-07-26 00:30:00+00:00,USGS-05480986,33.2,1.4
2013-07-26 00:45:00+00:00,USGS-05480986,33.2,1.4
2013-07-26 01:00:00+00:00,USGS-05480986,33.2,1.4
2013-07-26 01:15:00+00:00,USGS-05480986,33.2,1.4
2013-07-26 01:30:00+00:00,USGS-05480986,33.2,1.4
2013-07-26 01:45:00+00:00,USGS-05480986,33.2,1.4
2013-07-26 02:00:00+00:00,USGS-05480986,33.2,1.4
2013-07-26 02:15:00+00:00,USGS-05480986,33.2,1.4
2013-07-26 02:30:00+00:00,USGS-05480986,33.2,1.4
2013-07-26 02:45:00+00:00,USGS-05480986,33.1,1.4
2013-07-26 03:00:00+00:00,USGS-05480986,33.0,1.4
2013-07-26 03:15:00+00:00,USGS-05480986,32.9,1.4
2013-07-26 03:30:00+00:00,USGS-05480986,32.8,1.48
2013-07-26 03:45:00+00:00,USGS-05480986,32.8,1.48
2013-07-26 04:00:00+00:00,USGS-05480986,32.8,1.48
2013-07-26 04:15:00+00:00,USGS-05480986,32.8,1.56
2013-07-26 04:30:00+00:00,USGS-05480986,32.8,1.48
2013-07-26 04:45:00+00:00,USGS-05480986,32.8,1.56
2013-07-26 05:00:00+00:00,USGS-05480986,32.9,1.56
2013-07-26 05:15:00+00:00,USGS-05480986,33.0,1.48
2013-07-26 05:30:00+00:00,USGS-05480986,33.0,1.48
2013-07-26 05:45:00+00:00,USGS-05480986,33.0,1.56
2013-07-26 06:00:00+00:00,USGS-05480986,33.2,1.56
2013-07-26 06:15:00+00:00,USGS-05480986,33.2,1.56
2013-07-26 06:30:00+00:00,USGS-05480986,33.2,1.48
2013-07-26 06:45:00+00:00,USGS-05480986,33.2,1.48
2013-07-26 07:00:00+00:00,USGS-05480986,33.2,1.48
2013-07-26 07:15:00+00:00,USGS-05480986,33.2,1.48
2013-07-26 07:30:00+00:00,USGS-05480986,33.2,1.56
2013-07-26 07:45:00+00:00,USGS-05480986,33.1,1.56
2013-07-26 08:00:00+00:00,USGS-05480986,33.1,1.56
2013-07-26 08:15:00+00:00,USGS-05480986,33.1,1.56
2013-07-26 08:30:00+00:00,USGS-05480986,33.0,1.56
2013-07-26 08:45:00+00:00,USGS-05480986,33.0,1.56
2013-07-26 09:00:00+00:00,USGS-05480986,33.0,1.56
2013-07-26 09:15:00+00:00,USGS-05480986,33.0,1.56
2013-07-26 09:30:00+00:00,USGS-05480986,33.1,1.56
2013-07-26 09:45:00+00:00,USGS-05480986,33.1,1.48
2013-07-26 10:00:00+00:00,USGS-05480986,33.1,1.48
2013-07-26 10:15:00+00:00,USGS-05480986,33.1,1.48
2013-07-26 10:30:00+00:00,USGS-05480986,33.1,1.48
2013-07-26 10:45:00+00:00,USGS-05480986,33.1,1.48
2013-07-26 11:00:00+00:00,USGS-05480986,33.1,1.48
2013-07-26 11:15:00+00:00,USGS-05480986,33.1,1.48
2013-07-26 11:30:00+00:00,USGS-05480986,33.0,1.48
2013-07-26 11:45:00+00:00,USGS-05480986,33.0,1.48
2013-07-26 12:00:00+00:00,USGS-05480986,33.0,1.48
2013-07-26 12:15:00+00:00,USGS-05480986,33.0,1.48
2013-07-26 12:30:00+00:00,USGS-05480986,33.0,1.48
2013-07-26 12:45:00+00:00,USGS-05480986,33.0,1.48
2013-07-26 13:00:00+00:00,USGS-05480986,33.0,1.48
2013-07-26 13:15:00+00:00,USGS-05480986,33.0,1.48
2013-07-26 13:30:00+00:00,USGS-05480986,33.0,1.48
2013-07-26 13:45:00+00:00,USGS-05480986,33.0,1.48
2013-07-26 14:00:00+00:00,USGS-05480986,33.0,1.48
2013-07-26 14:15:00+00:00,USGS-05480986,33.0,1.48
2013-07-26 14:30:00+00:00,USGS-05480986,33.0,1.48
2013-07-26 14:45:00+00:00,USGS-05480986,33.0,1.48
2013-07-26 15:00:00+00:00,USGS-05480986,33.0,1.48
2013-07-26 15:15:00+00:00,USGS-05480986,33.1,1.48
2013-07-26 15:30:00+00:00,USGS-05480986,33.1,1.48
2013-07-26 15:45:00+00:00,USGS-05480986,33.1,1.48
2013-07-26 16:00:00+00:00,USGS-05480986,33.1,1.48
2013-07-26 16:15:00+00:00,USGS-05480986,33.2,1.48
2013-07-26 16:30:00+00:00,USGS-05480986,33.2,1.48
2013-07-26 16:45:00+00:00,USGS-05480986,33.2,1.48
2013-07-26 17:00:00+00:00,USGS-05480986,33.2,1.48
2013-07-26 17:15:00+00:00,USGS-05480986,33.2,1.48
2013-07-26 17:30:00+00:00,USGS-05480986,33.2,1.48
2013-07-26 17:45:00+00:00,USGS-05480986,33.2,1.48
2013-07-26 18:00:00+00:00,USGS-05480986,33.2,1.48
2013-07-26 18:15:00+00:00,USGS-05480986,33.2,1.48
2013-07-26 18:30:00+00:00,USGS-05480986,33.1,1.4
2013-07-26 18:45:00+00:00,USGS-05480986,33.1,1.4
2013-07-26 19:00:00+00:00,USGS-05480986,33.0,1.4
2013-07-26 19:15:00+00:00,USGS-05480986,33.0,1.4
2013-07-26 19:30:00+00:00,USGS-05480986,33.0,1.4
2013-07-26 19:45:00+00:00,USGS-05480986,33.0,1.4
2013-07-26 20:00:00+00:00,USGS-05480986,33.0,1.4
2013-07-26 20:15:00+00:00,USGS-05480986,32.9,1.4
2013-07-26 20:30:00+00:00,USGS-05480986,32.9,1.4
2013-07-26 20:45:00+00:00,USGS-05480986,32.8,1.4
2013-07-26 21:00:00+00:00,USGS-05480986,32.8,1.4
2013-07-26 21:15:00+00:00,USGS-05480986,32.8,1.4
2013-07-26 21:30:00+00:00,USGS-05480986,32.8,1.32
2013-07-26 21:45:00+00:00,USGS-05480986,32.8,1.32
2013-07-26 22:00:00+00:00,USGS-05480986,32.8,1.32
2013-07-26 22:15:00+00:00,USGS-05480986,32.8,1.32
2013-07-26 22:30:00+00:00,USGS-05480986,32.8,1.32
2013-07-26 22:45:00+00:00,USGS-05480986,32.8,1.32
2013-07-26 23:00:00+00:00,USGS-05480986,32.8,1.32
2013-07-26 23:15:00+00:00,USGS-05480986,32.8,1.32
2013-07-26 23:30:00+00:00,USGS-05480986,32.8,1.32
2013-07-26 23:45:00+00:00,USGS-05480986,32.8,1.32
2013-07-27 00:00:00+00:00,USGS-05480986,32.8,1.32
2013-07-27 00:15:00+00:00,USGS-05480986,32.8,1.25
2013-07-27 00:30:00+00:00,USGS-05480986,32.9,1.32
2013-07-27 00:45:00+00:00,USGS-05480986,32.9,1.25
2013-07-27 01:00:00+00:00,USGS-05480986,32.9,1.25
2013-07-27 01:15:00+00:00,USGS-05480986,32.9,1.25
2013-07-27 01:30:00+00:00,USGS-05480986,32.9,1.25
2013-07-27 01:45:00+00:00,USGS-05480986,33.0,1.25
2013-07-27 02:00:00+00:00,USGS-05480986,33.0,1.25
2013-07-27 02:15:00+00:00,USGS-05480986,33.0,1.25
2013-07-27 02:30:00+00:00,USGS-05480986,33.0,1.25
2013-07-27 02:45:00+00:00,USGS-05480986,33.0,1.25
2013-07-27 03:00:00+00:00,USGS-05480986,33.0,1.25
2013-07-27 03:15:00+00:00,USGS-05480986,33.0,1.25
2013-07-27 03:30:00+00:00,USGS-05480986,33.0,1.25
2013-07-27 03:45:00+00:00,USGS-05480986,33.0,1.18
2013-07-27 04:00:00+00:00,USGS-05480986,33.0,1.18
2013-07-27 04:15:00+00:00,USGS-05480986,33.0,1.25
2013-07-27 04:30:00+00:00,USGS-05480986,33.0,1.25
2013-07-27 04:45:00+00:00,USGS-05480986,33.0,1.25
2013-07-27 05:00:00+00:00,USGS-05480986,33.1,1.25
2013-07-27 05:15:00+00:00,USGS-05480986,33.0,1.25
2013-07-27 05:30:00+00:00,USGS-05480986,33.0,1.25
2013-07-27 05:45:00+00:00,USGS-05480986,33.0,1.25
2013-07-27 06:00:00+00:00,USGS-05480986,33.0,1.25
2013-07-27 06:15:00+00:00,USGS-05480986,33.0,1.25
2013-07-27 06:30:00+00:00,USGS-05480986,33.0,1.32
2013-07-27 06:45:00+00:00,USGS-05480986,33.0,1.25
2013-07-27 07:00:00+00:00,USGS-05480986,33.0,1.25
2013-07-27 07:15:00+00:00,USGS-05480986,33.0,1.25
2013-07-27 07:30:00+00:00,USGS-05480986,33.0,1.25
2013-07-27 07:45:00+00:00,USGS-05480986,33.0,1.25
2013-07-27 08:00:00+00:00,USGS-05480986,33.0,1.25
2013-07-27 08:15:00+00:00,USGS-05480986,33.0,1.25
2013-07-27 08:30:00+00:00,USGS-05480986,33.0,1.25
2013-07-27 08:45:00+00:00,USGS-05480986,33.0,1.25
2013-07-27 09:00:00+00:00,USGS-05480986,33.0,1.25
2013-07-27 09:15:00+00:00,USGS-05480986,32.9,1.25
2013-07-27 09:30:00+00:00,USGS-05480986,32.9,1.25
2013-07-27 09:45:00+00:00,USGS-05480986,32.9,1.25
2013-07-27 10:00:00+00:00,USGS-05480986,32.9,1.25
2013-07-27 10:15:00+00:00,USGS-05480986,32.9,1.25
2013-07-27 10:30:00+00:00,USGS-05480986,32.9,1.25
2013-07-27 10:45:00+00:00,USGS-05480986,32.9,1.25
2013-07-27 11:00:00+00:00,USGS-05480986,33.0,1.25
2013-07-27 11:15:00+00:00,USGS-05480986,33.0,1.25
2013-07-27 11:30:00+00:00,USGS-05480986,33.0,1.25
2013-07-27 11:45:00+00:00,USGS-05480986,33.0,1.25
2013-07-27 12:00:00+00:00,USGS-05480986,33.0,1.25
2013-07-27 12:15:00+00:00,USGS-05480986,33.0,1.25
2013-07-27 12:30:00+00:00,USGS-05480986,33.0,1.25
2013-07-27 12:45:00+00:00,USGS-05480986,33.0,1.25
2013-07-27 13:00:00+00:00,USGS-05480986,33.0,1.25
2013-07-27 13:15:00+00:00,USGS-05480986,33.1,1.25
2013-07-27 13:30:00+00:00,USGS-05480986,33.1,1.25
2013-07-27 13:45:00+00:00,USGS-05480986,33.1,1.25
2013-07-27 14:00:00+00:00,USGS-05480986,33.1,1.25
2013-07-27 14:15:00+00:00,USGS-05480986,33.1,1.25
2013-07-27 14:30:00+00:00,USGS-05480986,33.1,1.25
2013-07-27 14:45:00+00:00,USGS-05480986,33.1,1.25
2013-07-27 15:00:00+00:00,USGS-05480986,33.1,1.25
2013-07-27 15:15:00+00:00,USGS-05480986,33.1,1.32
2013-07-27 15:30:00+00:00,USGS-05480986,33.2,1.32
2013-07-27 15:45:00+00:00,USGS-05480986,33.2,1.32
2013-07-27 16:00:00+00:00,USGS-05480986,33.2,1.32
2013-07-27 16:15:00+00:00,USGS-05480986,33.3,1.25
2013-07-27 16:30:00+00:00,USGS-05480986,33.3,1.25
2013-07-27 16:45:00+00:00,USGS-05480986,33.3,1.25
2013-07-27 17:00:00+00:00,USGS-05480986,33.3,1.25
2013-07-27 17:15:00+00:00,USGS-05480986,33.3,1.25
2013-07-27 17:30:00+00:00,USGS-05480986,33.3,1.25
2013-07-27 17:45:00+00:00,USGS-05480986,33.3,1.25
2013-07-27 18:00:00+00:00,USGS-05480986,33.3,1.25
2013-07-27 18:15:00+00:00,USGS-05480986,33.3,1.25
2013-07-27 18:30:00+00:00,USGS-05480986,33.3,1.25
2013-07-27 18:45:00+00:00,USGS-05480986,33.3,1.25
2013-07-27 19:00:00+00:00,USGS-05480986,33.3,1.25
2013-07-27 19:15:00+00:00,USGS-05480986,33.3,1.25
2013-07-27 19:30:00+00:00,USGS-05480986,33.3,1.25
2013-07-27 19:45:00+00:00,USGS-05480986,33.3,1.25
2013-07-27 20:00:00+00:00,USGS-05480986,33.3,1.25
2013-07-27 20:15:00+00:00,USGS-05480986,33.3,1.25
2013-07-27 20:30:00+00:00,USGS-05480986,33.3,1.25
2013-07-27 20:45:00+00:00,USGS-05480986,33.4,1.25
2013-07-27 21:00:00+00:00,USGS-05480986,33.4,1.25
2013-07-27 21:15:00+00:00,USGS-05480986,33.4,1.18
2013-07-27 21:30:00+00:00,USGS-05480986,33.4,1.18
2013-07-27 21:45:00+00:00,USGS-05480986,33.4,1.18
2013-07-27 22:00:00+00:00,USGS-05480986,33.4,1.18
2013-07-27 22:15:00+00:00,USGS-05480986,33.4,1.18
2013-07-27 22:30:00+00:00,USGS-05480986,33.4,1.18
2013-07-27 22:45:00+00:00,USGS-05480986,33.4,1.18
2013-07-27 23:00:00+00:00,USGS-05480986,33.4,1.18
2013-07-27 23:15:00+00:00,USGS-05480986,33.4,1.18
2013-07-27 23:30:00+00:00,USGS-05480986,33.4,1.18
2013-07-27 23:45:00+00:00,USGS-05480986,33.4,1.18
2013-07-28 00:00:00+00:00,USGS-05480986,33.4,1.18
2013-07-28 00:15:00+00:00,USGS-05480986,33.4,1.18
2013-07-28 00:30:00+00:00,USGS-05480986,33.4,1.18
2013-07-28 00:45:00+00:00,USGS-05480986,33.4,1.18
2013-07-28 01:00:00+00:00,USGS-05480986,33.4,1.11
2013-07-28 01:15:00+00:00,USGS-05480986,33.4,1.18
2013-07-28 01:30:00+00:00,USGS-05480986,33.4,1.11
2013-07-28 01:45:00+00:00,USGS-05480986,33.4,1.11
2013-07-28 02:00:00+00:00,USGS-05480986,33.4,1.05
2013-07-28 02:15:00+00:00,USGS-05480986,33.4,1.05
2013-07-28 02:30:00+00:00,USGS-05480986,33.4,1.05
2013-07-28 02:45:00+00:00,USGS-05480986,33.4,1.11
2013-07-28 03:00:00+00:00,USGS-05480986,33.4,1.11
2013-07-28 03:15:00+00:00,USGS-05480986,33.4,1.11
2013-07-28 03:30:00+00:00,USGS-05480986,33.4,1.11
2013-07-28 03:45:00+00:00,USGS-05480986,33.4,1.11
2013-07-28 04:00:00+00:00,USGS-05480986,33.4,1.11
2013-07-28 04:15:00+00:00,USGS-05480986,33.4,1.11
2013-07-28 04:30:00+00:00,USGS-05480986,33.4,1.18
2013-07-28 04:45:00+00:00,USGS-05480986,33.4,1.18
2013-07-28 05:00:00+00:00,USGS-05480986,33.4,1.18
2013-07-28 05:15:00+00:00,USGS-05480986,33.4,1.18
2013-07-28 05:30:00+00:00,USGS-05480986,33.4,1.18
2013-07-28 05:45:00+00:00,USGS-05480986,33.4,1.18
2013-07-28 06:00:00+00:00,USGS-05480986,33.4,1.18
2013-07-28 06:15:00+00:00,USGS-05480986,33.4,1.18
2013-07-28 06:30:00+00:00,USGS-05480986,33.4,1.18
2013-07-28 06:45:00+00:00,USGS-05480986,33.4,1.11
2013-07-28 07:00:00+00:00,USGS-05480986,33.4,1.05
2013-07-28 07:15:00+00:00,USGS-05480986,33.3,1.11
2013-07-28 07:30:00+00:00,USGS-05480986,33.3,1.18
2013-07-28 07:45:00+00:00,USGS-05480986,33.3,1.25
2013-07-28 08:00:00+00:00,USGS-05480986,33.3,1.25
2013-07-28 08:15:00+00:00,USGS-05480986,33.3,1.11
2013-07-28 08:30:00+00:00,USGS-05480986,33.3,1.11
2013-07-28 08:45:00+00:00,USGS-05480986,33.3,1.18
2013-07-28 09:00:00+00:00,USGS-05480986,33.3,1.18
2013-07-28 09:15:00+00:00,USGS-05480986,33.3,1.18
2013-07-28 09:30:00+00:00,USGS-05480986,33.3,1.18
2013-07-28 09:45:00+00:00,USGS-05480986,33.3,1.18
2013-07-28 10:00:00+00:00,USGS-05480986,33.3,1.18
2013-07-28 10:15:00+00:00,USGS-05480986,33.3,1.18
2013-07-28 10:30:00+00:00,USGS-05480986,33.3,1.18
2013-07-28 10:45:00+00:00,USGS-05480986,33.3,1.18
2013-07-28 11:00:00+00:00,USGS-05480986,33.3,1.18
2013-07-28 11:15:00+00:00,USGS-05480986,33.3,1.18
2013-07-28 11:30:00+00:00,USGS-05480986,33.3,1.18
2013-07-28 11:45:00+00:00,USGS-05480986,33.3,1.18
2013-07-28 12:00:00+00:00,USGS-05480986,33.3,1.18
2013-07-28 12:15:00+00:00,USGS-05480986,33.3,1.18
2013-07-28 12:30:00+00:00,USGS-05480986,33.3,1.18
2013-07-28 12:45:00+00:00,USGS-05480986,33.3,1.18
2013-07-28 13:00:00+00:00,USGS-05480986,33.3,1.18
2013-07-28 13:15:00+00:00,USGS-05480986,33.3,1.18
2013-07-28 13:30:00+00:00,USGS-05480986,33.3,1.18
2013-07-28 13:45:00+00:00,USGS-05480986,33.3,1.18
2013-07-28 14:00:00+00:00,USGS-05480986,33.3,1.18
2013-07-28 14:15:00+00:00,USGS-05480986,33.3,1.18
2013-07-28 14:30:00+00:00,USGS-05480986,33.3,1.18
2013-07-28 14:45:00+00:00,USGS-05480986,33.3,1.18
2013-07-28 15:00:00+00:00,USGS-05480986,33.3,1.18
2013-07-28 15:15:00+00:00,USGS-05480986,33.3,1.18
2013-07-28 15:30:00+00:00,USGS-05480986,33.4,1.18
2013-07-28 15:45:00+00:00,USGS-05480986,33.4,1.18
2013-07-28 16:00:00+00:00,USGS-05480986,33.4,1.18
2013-07-28 16:15:00+00:00,USGS-05480986,33.4,1.18
2013-07-28 16:30:00+00:00,USGS-05480986,33.4,1.18
2013-07-28 16:45:00+00:00,USGS-05480986,33.4,1.18
2013-07-28 17:00:00+00:00,USGS-05480986,33.4,1.18
2013-07-28 17:15:00+00:00,USGS-05480986,33.4,1.18
2013-07-28 17:30:00+00:00,USGS-05480986,33.4,1.18
2013-07-28 17:45:00+00:00,USGS-05480986,33.4,1.18
2013-07-28 18:00:00+00:00,USGS-05480986,33.4,1.18
2013-07-28 18:15:00+00:00,USGS-05480986,33.4,1.18
2013-07-28 18:30:00+00:00,USGS-05480986,33.4,1.18
2013-07-28 18:45:00+00:00,USGS-05480986,33.4,1.18
2013-07-28 19:00:00+00:00,USGS-05480986,33.4,1.18
2013-07-28 19:15:00+00:00,USGS-05480986,33.4,1.18
2013-07-28 19:30:00+00:00,USGS-05480986,33.4,1.11
2013-07-28 19:45:00+00:00,USGS-05480986,33.4,1.11
2013-07-28 20:00:00+00:00,USGS-05480986,33.4,1.11
2013-07-28 20:15:00+00:00,USGS-05480986,33.4,1.11
2013-07-28 20:30:00+00:00,USGS-05480986,33.4,1.11
2013-07-28 20:45:00+00:00,USGS-05480986,33.4,1.18
2013-07-28 21:00:00+00:00,USGS-05480986,33.4,1.11
2013-07-28 21:15:00+00:00,USGS-05480986,33.4,1.11
2013-07-28 21:30:00+00:00,USGS-05480986,33.4,1.11
2013-07-28 21:45:00+00:00,USGS-05480986,33.4,1.11
2013-07-28 22:00:00+00:00,USGS-05480986,33.4,1.11
2013-07-28 22:15:00+00:00,USGS-05480986,33.4,1.11
2013-07-28 22:30:00+00:00,USGS-05480986,33.4,1.11
2013-07-28 22:45:00+00:00,USGS-05480986,33.4,1.11
2013-07-28 23:00:00+00:00,USGS-05480986,33.4,1.11
2013-07-28 23:15:00+00:00,USGS-05480986,33.4,1.11
2013-07-28 23:30:00+00:00,USGS-05480986,33.4,1.11
2013-07-28 23:45:00+00:00,USGS-05480986,33.4,1.11
2013-07-29 00:00:00+00:00,USGS-05480986,33.4,1.11
2013-07-29 00:15:00+00:00,USGS-05480986,33.3,1.11
2013-07-29 00:30:00+00:00,USGS-05480986,33.3,1.11
2013-07-29 00:45:00+00:00,USGS-05480986,33.3,1.05
2013-07-29 01:00:00+00:00,USGS-05480986,33.3,1.05
2013-07-29 01:15:00+00:00,USGS-05480986,33.2,1.05
2013-07-29 01:30:00+00:00,USGS-05480986,33.2,1.05
2013-07-29 01:45:00+00:00,USGS-05480986,33.2,1.05
2013-07-29 02:00:00+00:00,USGS-05480986,33.2,1.05
2013-07-29 02:15:00+00:00,USGS-05480986,33.2,1.05
2013-07-29 02:30:00+00:00,USGS-05480986,33.2,1.05
2013-07-29 02:45:00+00:00,USGS-05480986,33.2,1.11
2013-07-29 03:00:00+00:00,USGS-05480986,33.2,1.11
2013-07-29 03:15:00+00:00,USGS-05480986,33.2,1.11
2013-07-29 03:30:00+00:00,USGS-05480986,33.2,1.05
2013-07-29 03:45:00+00:00,USGS-05480986,33.2,1.05
2013-07-29 04:00:00+00:00,USGS-05480986,33.2,1.05
2013-07-29 04:15:00+00:00,USGS-05480986,33.2,1.05
2013-07-29 04:30:00+00:00,USGS-05480986,33.2,0.99
2013-07-29 04:45:00+00:00,USGS-05480986,33.2,0.99
2013-07-29 05:00:00+00:00,USGS-05480986,33.2,1.05
2013-07-29 05:15:00+00:00,USGS-05480986,33.2,1.05
2013-07-29 05:30:00+00:00,USGS-05480986,33.2,1.05
2013-07-29 05:45:00+00:00,USGS-05480986,33.1,1.05
2013-07-29 06:00:00+00:00,USGS-05480986,33.2,1.05
2013-07-29 06:15:00+00:00,USGS-05480986,33.2,1.05
2013-07-29 06:30:00+00:00,USGS-05480986,33.2,1.05
2013-07-29 06:45:00+00:00,USGS-05480986,33.2,1.05
2013-07-29 07:00:00+00:00,USGS-05480986,33.2,1.05
2013-07-29 07:15:00+00:00,USGS-05480986,33.2,1.05
2013-07-29 07:30:00+00:00,USGS-05480986,33.2,1.05
2013-07-29 07:45:00+00:00,USGS-05480986,33.1,1.05
2013-07-29 08:00:00+00:00,USGS-05480986,33.1,1.11
2013-07-29 08:15:00+00:00,USGS-05480986,33.1,1.11
2013-07-29 08:30:00+00:00,USGS-05480986,33.1,1.05
2013-07-29 08:45:00+00:00,USGS-05480986,33.1,1.05
2013-07-29 09:00:00+00:00,USGS-05480986,33.1,1.05
2013-07-29 09:15:00+00:00,USGS-05480986,33.0,1.05
2013-07-29 09:30:00+00:00,USGS-05480986,33.0,1.05
2013-07-29 09:45:00+00:00,USGS-05480986,33.0,1.05
2013-07-29 10:00:00+00:00,USGS-05480986,33.0,1.05
2013-07-29 10:15:00+00:00,USGS-05480986,33.0,1.05
2013-07-29 10:30:00+00:00,USGS-05480986,33.0,1.05
2013-07-29 10:45:00+00:00,USGS-05480986,33.0,1.05
2013-07-29 11:00:00+00:00,USGS-05480986,33.0,1.05
2013-07-29 11:15:00+00:00,USGS-05480986,33.0,1.05
2013-07-29 11:30:00+00:00,USGS-05480986,33.0,1.05
2013-07-29 11:45:00+00:00,USGS-05480986,33.0,1.05
2013-07-29 12:00:00+00:00,USGS-05480986,33.0,1.05
2013-07-29 12:15:00+00:00,USGS-05480986,33.0,1.05
2013-07-29 12:30:00+00:00,USGS-05480986,33.0,1.05
2013-07-29 12:45:00+00:00,USGS-05480986,33.0,1.05
2013-07-29 13:00:00+00:00,USGS-05480986,33.1,1.05
2013-07-29 13:15:00+00:00,USGS-05480986,33.0,1.05
2013-07-29 13:30:00+00:00,USGS-05480986,33.1,1.05
2013-07-29 13:45:00+00:00,USGS-05480986,33.1,1.05
2013-07-29 14:00:00+00:00,USGS-05480986,33.1,1.05
2013-07-29 14:15:00+00:00,USGS-05480986,33.1,1.05
2013-07-29 14:30:00+00:00,USGS-05480986,33.1,1.05
2013-07-29 14:45:00+00:00,USGS-05480986,33.1,1.05
2013-07-29 15:00:00+00:00,USGS-05480986,33.2,1.05
2013-07-29 15:15:00+00:00,USGS-05480986,33.2,1.05
2013-07-29 15:30:00+00:00,USGS-05480986,33.0,1.05
2013-07-29 15:45:00+00:00,USGS-05480986,33.0,1.05
2013-07-29 16:00:00+00:00,USGS-05480986,33.1,1.05
2013-07-29 16:15:00+00:00,USGS-05480986,33.1,1.05
2013-07-29 16:30:00+00:00,USGS-05480986,33.1,1.05
2013-07-29 16:45:00+00:00,USGS-05480986,33.1,1.05
2013-07-29 17:00:00+00:00,USGS-05480986,33.1,1.05
2013-07-29 17:15:00+00:00,USGS-05480986,33.1,1.05
2013-07-29 17:30:00+00:00,USGS-05480986,33.1,1.05
2013-07-29 17:45:00+00:00,USGS-05480986,33.1,1.05
2013-07-29 18:00:00+00:00,USGS-05480986,33.1,1.05
2013-07-29 18:15:00+00:00,USGS-05480986,33.1,1.05
2013-07-29 18:30:00+00:00,USGS-05480986,33.1,1.05
2013-07-29 18:45:00+00:00,USGS-05480986,33.1,1.05
2013-07-29 19:00:00+00:00,USGS-05480986,33.1,1.05
2013-07-29 19:15:00+00:00,USGS-05480986,33.1,1.05
2013-07-29 19:30:00+00:00,USGS-05480986,33.1,1.05
2013-07-29 19:45:00+00:00,USGS-05480986,33.1,1.05
2013-07-29 20:00:00+00:00,USGS-05480986,33.1,1.05
2013-07-29 20:15:00+00:00,USGS-05480986,33.1,1.05
2013-07-29 20:30:00+00:00,USGS-05480986,33.0,1.05
2013-07-29 20:45:00+00:00,USGS-05480986,33.0,0.99
2013-07-29 21:00:00+00:00,USGS-05480986,33.0,0.99
2013-07-29 21:15:00+00:00,USGS-05480986,33.0,0.99
2013-07-29 21:30:00+00:00,USGS-05480986,33.0,0.99
2013-07-29 21:45:00+00:00,USGS-05480986,33.0,0.99
2013-07-29 22:00:00+00:00,USGS-05480986,33.0,0.99
2013-07-29 22:15:00+00:00,USGS-05480986,33.0,0.99
2013-07-29 22:30:00+00:00,USGS-05480986,33.0,0.99
2013-07-29 22:45:00+00:00,USGS-05480986,33.0,0.99
2013-07-29 23:00:00+00:00,USGS-05480986,33.0,0.99
2013-07-29 23:15:00+00:00,USGS-05480986,33.0,0.99
2013-07-29 23:30:00+00:00,USGS-05480986,32.9,0.99
2013-07-29 23:45:00+00:00,USGS-05480986,32.9,0.99
2013-07-30 00:00:00+00:00,USGS-05480986,32.9,0.99
2013-07-30 00:15:00+00:00,USGS-05480986,32.9,0.99
2013-07-30 00:30:00+00:00,USGS-05480986,32.9,0.99
2013-07-30 00:45:00+00:00,USGS-05480986,32.8,0.99
2013-07-30 01:00:00+00:00,USGS-05480986,32.8,0.99
2013-07-30 01:15:00+00:00,USGS-05480986,32.8,0.99
2013-07-30 01:30:00+00:00,USGS-05480986,32.8,0.93
2013-07-30 01:45:00+00:00,USGS-05480986,32.8,0.93
2013-07-30 02:00:00+00:00,USGS-05480986,32.8,0.93
2013-07-30 02:15:00+00:00,USGS-05480986,32.8,0.87
2013-07-30 02:30:00+00:00,USGS-05480986,32.8,0.87
2013-07-30 02:45:00+00:00,USGS-05480986,32.8,0.87
2013-07-30 03:00:00+00:00,USGS-05480986,32.8,0.87
2013-07-30 03:15:00+00:00,USGS-05480986,32.8,0.93
2013-07-30 03:30:00+00:00,USGS-05480986,32.8,0.93
2013-07-30 03:45:00+00:00,USGS-05480986,32.8,0.93
2013-07-30 04:00:00+00:00,USGS-05480986,32.8,0.87
2013-07-30 04:15:00+00:00,USGS-05480986,32.8,0.93
2013-07-30 04:30:00+00:00,USGS-05480986,32.8,0.93
2013-07-30 04:45:00+00:00,USGS-05480986,32.8,0.99
2013-07-30 05:00:00+00:00,USGS-05480986,32.7,0.99
2013-07-30 05:15:00+00:00,USGS-05480986,32.7,0.99
2013-07-30 05:30:00+00:00,USGS-05480986,32.7,0.93
2013-07-30 05:45:00+00:00,USGS-05480986,32.7,0.93
2013-07-30 06:00:00+00:00,USGS-05480986,32.7,0.99
2013-07-30 06:15:00+00:00,USGS-05480986,32.7,0.99
2013-07-30 06:30:00+00:00,USGS-05480986,32.7,0.99
2013-07-30 06:45:00+00:00,USGS-05480986,32.7,0.99
2013-07-30 07:00:00+00:00,USGS-05480986,32.7,0.99
2013-07-30 07:15:00+00:00,USGS-05480986,32.7,0.99
2013-07-30 07:30:00+00:00,USGS-05480986,32.7,0.99
2013-07-30 07:45:00+00:00,USGS-05480986,32.7,0.99
2013-07-30 08:00:00+00:00,USGS-05480986,32.7,0.99
2013-07-30 08:15:00+00:00,USGS-05480986,32.7,0.99
2013-07-30 08:30:00+00:00,USGS-05480986,32.7,0.99
2013-07-30 08:45:00+00:00,USGS-05480986,32.6,0.93
2013-07-30 09:00:00+00:00,USGS-05480986,32.6,0.87
2013-07-30 09:15:00+00:00,USGS-05480986,32.7,0.87
2013-07-30 09:30:00+00:00,USGS-05480986,32.6,0.87
2013-07-30 09:45:00+00:00,USGS-05480986,32.6,0.93
2013-07-30 10:00:00+00:00,USGS-05480986,32.6,0.93
2013-07-30 10:15:00+00:00,USGS-05480986,32.6,0.93
2013-07-30 10:30:00+00:00,USGS-05480986,32.6,0.99
2013-07-30 10:45:00+00:00,USGS-05480986,32.6,0.99
2013-07-30 11:00:00+00:00,USGS-05480986,32.6,0.93
2013-07-30 11:15:00+00:00,USGS-05480986,32.5,0.93
2013-07-30 11:30:00+00:00,USGS-05480986,32.5,0.93
2013-07-30 11:45:00+00:00,USGS-05480986,32.5,0.93
2013-07-30 12:00:00+00:00,USGS-05480986,32.5,0.99
2013-07-30 12:15:00+00:00,USGS-05480986,32.5,0.99
2013-07-30 12:30:00+00:00,USGS-05480986,32.5,0.99
2013-07-30 12:45:00+00:00,USGS-05480986,32.5,0.99
2013-07-30 13:00:00+00:00,USGS-05480986,32.5,0.99
2013-07-30 13:15:00+00:00,USGS-05480986,32.5,0.99
2013-07-30 13:30:00+00:00,USGS-05480986,32.4,0.99
2013-07-30 13:45:00+00:00,USGS-05480986,32.4,0.99
2013-07-30 14:00:00+00:00,USGS-05480986,32.5,0.99
2013-07-30 14:15:00+00:00,USGS-05480986,32.5,0.99
2013-07-30 14:30:00+00:00,USGS-05480986,32.5,0.99
2013-07-30 14:45:00+00:00,USGS-05480986,32.5,0.99
2013-07-30 15:00:00+00:00,USGS-05480986,32.5,0.99
2013-07-30 15:15:00+00:00,USGS-05480986,32.4,0.99
2013-07-30 15:30:00+00:00,USGS-05480986,32.4,0.99
2013-07-30 15:45:00+00:00,USGS-05480986,32.4,0.99
2013-07-30 16:00:00+00:00,USGS-05480986,32.4,0.99
2013-07-30 16:15:00+00:00,USGS-05480986,32.4,0.99
2013-07-30 16:30:00+00:00,USGS-05480986,32.4,0.99
2013-07-30 16:45:00+00:00,USGS-05480986,32.4,0.99
2013-07-30 17:00:00+00:00,USGS-05480986,32.4,0.99
2013-07-30 17:15:00+00:00,USGS-05480986,32.4,0.99
2013-07-30 17:30:00+00:00,USGS-05480986,32.4,0.99
2013-07-30 17:45:00+00:00,USGS-05480986,32.4,0.99
2013-07-30 18:00:00+00:00,USGS-05480986,32.4,0.99
2013-07-30 18:15:00+00:00,USGS-05480986,32.4,0.99
2013-07-30 18:30:00+00:00,USGS-05480986,32.4,0.99
2013-07-30 18:45:00+00:00,USGS-05480986,32.4,0.99
2013-07-30 19:00:00+00:00,USGS-05480986,32.4,0.99
2013-07-30 19:15:00+00:00,USGS-05480986,32.4,0.99
2013-07-30 19:30:00+00:00,USGS-05480986,32.4,0.99
2013-07-30 19:45:00+00:00,USGS-05480986,32.4,0.99
2013-07-30 20:00:00+00:00,USGS-05480986,32.4,0.99
2013-07-30 20:15:00+00:00,USGS-05480986,32.4,0.99
2013-07-30 20:30:00+00:00,USGS-05480986,32.4,0.99
2013-07-30 20:45:00+00:00,USGS-05480986,32.4,0.99
2013-07-30 21:00:00+00:00,USGS-05480986,32.4,0.99
2013-07-30 21:15:00+00:00,USGS-05480986,32.4,0.99
2013-07-30 21:30:00+00:00,USGS-05480986,32.4,0.99
2013-07-30 21:45:00+00:00,USGS-05480986,32.4,0.99
2013-07-30 22:00:00+00:00,USGS-05480986,32.4,0.99
2013-07-30 22:15:00+00:00,USGS-05480986,32.4,0.99
2013-07-30 22:30:00+00:00,USGS-05480986,32.4,0.99
2013-07-30 22:45:00+00:00,USGS-05480986,32.4,0.99
2013-07-30 23:00:00+00:00,USGS-05480986,32.4,0.99
2013-07-30 23:15:00+00:00,USGS-05480986,32.4,0.99
2013-07-30 23:30:00+00:00,USGS-05480986,32.4,0.99
2013-07-30 23:45:00+00:00,USGS-05480986,32.4,0.99
2013-07-31 00:00:00+00:00,USGS-05480986,32.4,0.99
2013-07-31 00:15:00+00:00,USGS-05480986,32.4,0.99
2013-07-31 00:30:00+00:00,USGS-05480986,32.4,0.99
2013-07-31 00:45:00+00:00,USGS-05480986,32.4,0.99
2013-07-31 01:00:00+00:00,USGS-05480986,32.4,0.99
2013-07-31 01:15:00+00:00,USGS-05480986,32.4,0.99
2013-07-31 01:30:00+00:00,USGS-05480986,32.4,0.99
2013-07-31 01:45:00+00:00,USGS-05480986,32.4,0.99
2013-07-31 02:00:00+00:00,USGS-05480986,32.4,0.99
2013-07-31 02:15:00+00:00,USGS-05480986,32.4,0.99
2013-07-31 02:30:00+00:00,USGS-05480986,32.4,0.99
2013-07-31 02:45:00+00:00,USGS-05480986,32.3,0.99
2013-07-31 03:00:00+00:00,USGS-05480986,32.3,0.99
2013-07-31 03:15:00+00:00,USGS-05480986,32.3,0.99
2013-07-31 03:30:00+00:00,USGS-05480986,32.3,0.99
2013-07-31 03:45:00+00:00,USGS-05480986,32.3,0.93
2013-07-31 04:00:00+00:00,USGS-05480986,32.3,0.93
2013-07-31 04:15:00+00:00,USGS-05480986,32.3,0.99
2013-07-31 04:30:00+00:00,USGS-05480986,32.2,0.99
2013-07-31 04:45:00+00:00,USGS-05480986,32.3,0.99
2013-07-31 05:00:00+00:00,USGS-05480986,32.3,0.99
2013-07-31 05:15:00+00:00,USGS-05480986,32.2,0.99
2013-07-31 05:30:00+00:00,USGS-05480986,32.2,0.99
2013-07-31 05:45:00+00:00,USGS-05480986,32.2,0.99
2013-07-31 06:00:00+00:00,USGS-05480986,32.2,0.99
2013-07-31 06:15:00+00:00,USGS-05480986,32.2,0.99
2013-07-31 06:30:00+00:00,USGS-05480986,32.2,0.99
2013-07-31 06:45:00+00:00,USGS-05480986,32.2,0.99
2013-07-31 07:00:00+00:00,USGS-05480986,32.2,0.99
2013-07-31 07:15:00+00:00,USGS-05480986,32.2,0.93
2013-07-31 07:30:00+00:00,USGS-05480986,32.2,0.93
2013-07-31 07:45:00+00:00,USGS-05480986,32.2,0.99
2013-07-31 08:00:00+00:00,USGS-05480986,32.2,0.99
2013-07-31 08:15:00+00:00,USGS-05480986,32.2,0.99
2013-07-31 08:30:00+00:00,USGS-05480986,32.2,0.99
2013-07-31 08:45:00+00:00,USGS-05480986,32.2,0.99
2013-07-31 09:00:00+00:00,USGS-05480986,32.2,0.99
2013-07-31 09:15:00+00:00,USGS-05480986,32.2,0.99
2013-07-31 09:30:00+00:00,USGS-05480986,32.2,0.99
2013-07-31 09:45:00+00:00,USGS-05480986,32.2,0.99
2013-07-31 10:00:00+00:00,USGS-05480986,32.2,0.99
2013-07-31 10:15:00+00:00,USGS-05480986,32.2,0.93
2013-07-31 10:30:00+00:00,USGS-05480986,32.2,0.93
2013-07-31 10:45:00+00:00,USGS-05480986,32.2,0.93
2013-07-31 11:00:00+00:00,USGS-05480986,32.2,0.93
2013-07-31 11:15:00+00:00,USGS-05480986,32.2,0.93
2013-07-31 11:30:00+00:00,USGS-05480986,32.1,0.93
2013-07-31 11:45:00+00:00,USGS-05480986,32.1,0.93
2013-07-31 12:00:00+00:00,USGS-05480986,32.1,0.93
2013-07-31 12:15:00+00:00,USGS-05480986,32.1,0.93
2013-07-31 12:30:00+00:00,USGS-05480986,32.1,0.93
2013-07-31 12:45:00+00:00,USGS-05480986,32.1,0.93
2013-07-31 13:00:00+00:00,USGS-05480986,32.1,0.93
2013-07-31 13:15:00+00:00,USGS-05480986,32.0,0.93
2013-07-31 13:30:00+00:00,USGS-05480986,32.0,0.99
2013-07-31 13:45:00+00:00,USGS-05480986,32.1,0.93
2013-07-31 14:00:00+00:00,USGS-05480986,32.0,0.93
2013-07-31 14:15:00+00:00,USGS-05480986,32.0,0.93
2013-07-31 14:30:00+00:00,USGS-05480986,32.0,0.93
2013-07-31 14:45:00+00:00,USGS-05480986,32.0,0.93
2013-07-31 15:00:00+00:00,USGS-05480986,32.0,0.99
2013-07-31 15:15:00+00:00,USGS-05480986,32.0,0.99
2013-07-31 15:30:00+00:00,USGS-05480986,32.0,0.99
2013-07-31 15:45:00+00:00,USGS-05480986,32.0,0.93
2013-07-31 16:00:00+00:00,USGS-05480986,32.0,0.93
2013-07-31 16:15:00+00:00,USGS-05480986,32.0,0.93
2013-07-31 16:30:00+00:00,USGS-05480986,32.0,0.93
2013-07-31 16:45:00+00:00,USGS-05480986,32.0,0.93
2013-07-31 17:00:00+00:00,USGS-05480986,32.0,0.93
2013-07-31 17:15:00+00:00,USGS-05480986,32.0,0.93
2013-07-31 17:30:00+00:00,USGS-05480986,32.0,0.93
2013-07-31 17:45:00+00:00,USGS-05480986,32.0,0.93
2013-07-31 18:00:00+00:00,USGS-05480986,32.0,0.93
2013-07-31 18:15:00+00:00,USGS-05480986,32.0,0.93
2013-07-31 18:30:00+00:00,USGS-05480986,32.0,0.93
2013-07-31 18:45:00+00:00,USGS-05480986,32.0,0.93
2013-07-31 19:00:00+00:00,USGS-05480986,32.0,0.93
2013-07-31 19:15:00+00:00,USGS-05480986,32.0,0.93
2013-07-31 19:30:00+00:00,USGS-05480986,32.0,0.93
2013-07-31 19:45:00+00:00,USGS-05480986,32.0,0.93
2013-07-31 20:00:00+00:00,USGS-05480986,32.0,0.93
2013-07-31 20:15:00+00:00,USGS-05480986,32.0,0.93
2013-07-31 20:30:00+00:00,USGS-05480986,32.0,0.93
2013-07-31 20:45:00+00:00,USGS-05480986,32.0,0.93
2013-07-31 21:00:00+00:00,USGS-05480986,32.0,0.93
2013-07-31 21:15:00+00:00,USGS-05480986,32.0,0.93
2013-07-31 21:30:00+00:00,USGS-05480986,32.0,0.87
2013-07-31 21:45:00+00:00,USGS-05480986,32.0,0.87
2013-07-31 22:00:00+00:00,USGS-05480986,32.0,0.87
2013-07-31 22:15:00+00:00,USGS-05480986,32.0,0.87
2013-07-31 22:30:00+00:00,USGS-05480986,32.0,0.87
2013-07-31 22:45:00+00:00,USGS-05480986,32.0,0.87
2013-07-31 23:00:00+00:00,USGS-05480986,32.0,0.87
2013-07-31 23:15:00+00:00,USGS-05480986,32.0,0.87
2013-07-31 23:30:00+00:00,USGS-05480986,32.0,0.87
2013-07-31 23:45:00+00:00,USGS-05480986,32.0,0.87
2013-08-01 00:00:00+00:00,USGS-05480986,32.0,0.87
2013-08-01 00:15:00+00:00,USGS-05480986,32.0,0.87
2013-08-01 00:30:00+00:00,USGS-05480986,32.0,0.87
2013-08-01 00:45:00+00:00,USGS-05480986,32.0,0.87
2013-08-01 01:00:00+00:00,USGS-05480986,32.0,0.87
2013-08-01 01:15:00+00:00,USGS-05480986,32.0,0.87
2013-08-01 01:30:00+00:00,USGS-05480986,32.0,0.81
2013-08-01 01:45:00+00:00,USGS-05480986,32.0,0.81
2013-08-01 02:00:00+00:00,USGS-05480986,32.0,0.81
2013-08-01 02:15:00+00:00,USGS-05480986,32.0,0.81
2013-08-01 02:30:00+00:00,USGS-05480986,32.0,0.81
2013-08-01 02:45:00+00:00,USGS-05480986,32.0,0.81
2013-08-01 03:00:00+00:00,USGS-05480986,32.0,0.81
2013-08-01 03:15:00+00:00,USGS-05480986,32.0,0.81
2013-08-01 03:30:00+00:00,USGS-05480986,31.9,0.81
2013-08-01 03:45:00+00:00,USGS-05480986,32.0,0.81
2013-08-01 04:00:00+00:00,USGS-05480986,32.0,0.81
2013-08-01 04:15:00+00:00,USGS-05480986,31.9,0.81
2013-08-01 04:30:00+00:00,USGS-05480986,31.9,0.81
2013-08-01 04:45:00+00:00,USGS-05480986,31.9,0.81
2013-08-01 05:00:00+00:00,USGS-05480986,31.9,0.81
2013-08-01 05:15:00+00:00,USGS-05480986,31.9,0.81
2013-08-01 05:30:00+00:00,USGS-05480986,31.9,0.81
2013-08-01 05:45:00+00:00,USGS-05480986,31.9,0.87
2013-08-01 06:00:00+00:00,USGS-05480986,31.9,0.87
2013-08-01 06:15:00+00:00,USGS-05480986,31.9,0.87
2013-08-01 06:30:00+00:00,USGS-05480986,31.9,0.87
2013-08-01 06:45:00+00:00,USGS-05480986,31.9,0.81
2013-08-01 07:00:00+00:00,USGS-05480986,31.9,0.76
2013-08-01 07:15:00+00:00,USGS-05480986,31.9,0.81
2013-08-01 07:30:00+00:00,USGS-05480986,31.9,0.81
2013-08-01 07:45:00+00:00,USGS-05480986,31.9,0.81
2013-08-01 08:00:00+00:00,USGS-05480986,31.8,0.81
2013-08-01 08:15:00+00:00,USGS-05480986,31.8,0.87
2013-08-01 08:30:00+00:00,USGS-05480986,31.8,0.87
2013-08-01 08:45:00+00:00,USGS-05480986,31.9,0.87
2013-08-01 09:00:00+00:00,USGS-05480986,31.8,0.87
2013-08-01 09:15:00+00:00,USGS-05480986,31.8,0.87
2013-08-01 09:30:00+00:00,USGS-05480986,31.8,0.87
2013-08-01 09:45:00+00:00,USGS-05480986,31.8,0.87
2013-08-01 10:00:00+00:00,USGS-05480986,31.8,0.87
2013-08-01 10:15:00+00:00,USGS-05480986,31.8,0.87
2013-08-01 10:30:00+00:00,USGS-05480986,31.8,0.81
2013-08-01 10:45:00+00:00,USGS-05480986,31.8,0.81
2013-08-01 11:00:00+00:00,USGS-05480986,31.8,0.76
2013-08-01 11:15:00+00:00,USGS-05480986,31.8,0.76
2013-08-01 11:30:00+00:00,USGS-05480986,31.8,0.76
2013-08-01 11:45:00+00:00,USGS-05480986,31.8,0.81
2013-08-01 12:00:00+00:00,USGS-05480986,31.8,0.81
2013-08-01 12:15:00+00:00,USGS-05480986,31.8,0.81
2013-08-01 12:30:00+00:00,USGS-05480986,31.8,0.81
2013-08-01 12:45:00+00:00,USGS-05480986,31.8,0.81
2013-08-01 13:00:00+00:00,USGS-05480986,31.7,0.87
2013-08-01 13:15:00+00:00,USGS-05480986,31.7,0.87
2013-08-01 13:30:00+00:00,USGS-05480986,31.7,0.87
2013-08-01 13:45:00+00:00,USGS-05480986,31.7,0.87
2013-08-01 14:00:00+00:00,USGS-05480986,31.7,0.87
2013-08-01 14:15:00+00:00,USGS-05480986,31.7,0.87
2013-08-01 14:30:00+00:00,USGS-05480986,31.7,0.87
2013-08-01 14:45:00+00:00,USGS-05480986,31.7,0.87
2013-08-01 15:00:00+00:00,USGS-05480986,31.7,0.87
2013-08-01 15:15:00+00:00,USGS-05480986,31.7,0.81
2013-08-01 15:30:00+00:00,USGS-05480986,31.8,0.81
2013-08-01 15:45:00+00:00,USGS-05480986,31.8,0.81
2013-08-01 16:00:00+00:00,USGS-05480986,31.8,0.81
2013-08-01 16:15:00+00:00,USGS-05480986,31.7,0.81
2013-08-01 16:30:00+00:00,USGS-05480986,31.7,0.81
2013-08-01 16:45:00+00:00,USGS-05480986,31.8,0.81
2013-08-01 17:00:00+00:00,USGS-05480986,31.7,0.81
2013-08-01 17:15:00+00:00,USGS-05480986,31.7,0.81
2013-08-01 17:30:00+00:00,USGS-05480986,31.8,0.81
2013-08-01 17:45:00+00:00,USGS-05480986,31.8,0.81
2013-08-01 18:00:00+00:00,USGS-05480986,31.8,0.87
2013-08-01 18:15:00+00:00,USGS-05480986,31.8,0.87
2013-08-01 18:30:00+00:00,USGS-05480986,31.8,0.87
2013-08-01 18:45:00+00:00,USGS-05480986,31.7,0.87
2013-08-01 19:00:00+00:00,USGS-05480986,31.8,0.81
2013-08-01 19:15:00+00:00,USGS-05480986,31.8,0.81
2013-08-01 19:30:00+00:00,USGS-05480986,31.8,0.81
2013-08-01 19:45:00+00:00,USGS-05480986,31.8,0.81
2013-08-01 20:00:00+00:00,USGS-05480986,31.8,0.81
2013-08-01 20:15:00+00:00,USGS-05480986,31.8,0.81
2013-08-01 20:30:00+00:00,USGS-05480986,31.8,0.81
2013-08-01 20:45:00+00:00,USGS-05480986,31.8,0.81
2013-08-01 21:00:00+00:00,USGS-05480986,31.8,0.81
2013-08-01 21:15:00+00:00,USGS-05480986,31.8,0.81
2013-08-01 21:30:00+00:00,USGS-05480986,31.8,0.81
2013-08-01 21:45:00+00:00,USGS-05480986,31.8,0.81
2013-08-01 22:00:00+00:00,USGS-05480986,31.8,0.76
2013-08-01 22:15:00+00:00,USGS-05480986,31.8,0.76
2013-08-01 22:30:00+00:00,USGS-05480986,31.7,0.76
2013-08-01 22:45:00+00:00,USGS-05480986,31.7,0.76
2013-08-01 23:00:00+00:00,USGS-05480986,31.7,0.76
2013-08-01 23:15:00+00:00,USGS-05480986,31.7,0.76
2013-08-01 23:30:00+00:00,USGS-05480986,31.6,0.76
2013-08-01 23:45:00+00:00,USGS-05480986,31.6,0.76
2013-08-02 00:00:00+00:00,USGS-05480986,31.6,0.76
2013-08-02 00:15:00+00:00,USGS-05480986,31.6,0.76
2013-08-02 00:30:00+00:00,USGS-05480986,31.6,0.76
2013-08-02 00:45:00+00:00,USGS-05480986,31.6,0.76
2013-08-02 01:00:00+00:00,USGS-05480986,31.6,0.76
2013-08-02 01:15:00+00:00,USGS-05480986,31.6,0.76
2013-08-02 01:30:00+00:00,USGS-05480986,31.6,0.76
2013-08-02 01:45:00+00:00,USGS-05480986,31.6,0.76
2013-08-02 02:00:00+00:00,USGS-05480986,31.6,0.76
2013-08-02 02:15:00+00:00,USGS-05480986,31.6,0.76
2013-08-02 02:30:00+00:00,USGS-05480986,31.6,0.71
2013-08-02 02:45:00+00:00,USGS-05480986,31.6,0.71
2013-08-02 03:00:00+00:00,USGS-05480986,31.5,0.71
2013-08-02 03:15:00+00:00,USGS-05480986,31.6,0.71
2013-08-02 03:30:00+00:00,USGS-05480986,31.5,0.71
2013-08-02 03:45:00+00:00,USGS-05480986,31.6,0.71
2013-08-02 04:00:00+00:00,USGS-05480986,31.5,0.71
2013-08-02 04:15:00+00:00,USGS-05480986,31.5,0.71
2013-08-02 04:30:00+00:00,USGS-05480986,31.5,0.71
2013-08-02 04:45:00+00:00,USGS-05480986,31.5,0.66
2013-08-02 05:00:00+00:00,USGS-05480986,31.5,0.66
2013-08-02 05:15:00+00:00,USGS-05480986,31.5,0.71
2013-08-02 05:30:00+00:00,USGS-05480986,31.5,0.71
2013-08-02 05:45:00+00:00,USGS-05480986,31.5,0.71
2013-08-02 06:00:00+00:00,USGS-05480986,31.5,0.71
2013-08-02 06:15:00+00:00,USGS-05480986,31.5,0.71
2013-08-02 06:30:00+00:00,USGS-05480986,31.5,0.71
2013-08-02 06:45:00+00:00,USGS-05480986,31.5,0.71
2013-08-02 07:00:00+00:00,USGS-05480986,31.4,0.71
2013-08-02 07:15:00+00:00,USGS-05480986,31.4,0.71
2013-08-02 07:30:00+00:00,USGS-05480986,31.4,0.76
2013-08-02 07:45:00+00:00,USGS-05480986,31.5,0.76
2013-08-02 08:00:00+00:00,USGS-05480986,31.4,0.76
2013-08-02 08:15:00+00:00,USGS-05480986,31.5,0.76
2013-08-02 08:30:00+00:00,USGS-05480986,31.5,0.76
2013-08-02 08:45:00+00:00,USGS-05480986,31.5,0.76
2013-08-02 09:00:00+00:00,USGS-05480986,31.5,0.76
2013-08-02 09:15:00+00:00,USGS-05480986,31.5,0.76
2013-08-02 09:30:00+00:00,USGS-05480986,31.4,0.76
2013-08-02 09:45:00+00:00,USGS-05480986,31.5,0.76
2013-08-02 10:00:00+00:00,USGS-05480986,31.5,0.76
2013-08-02 10:15:00+00:00,USGS-05480986,31.5,0.76
2013-08-02 10:30:00+00:00,USGS-05480986,31.4,0.76
2013-08-02 10:45:00+00:00,USGS-05480986,31.5,0.71
2013-08-02 11:00:00+00:00,USGS-05480986,31.4,0.71
2013-08-02 11:15:00+00:00,USGS-05480986,31.4,0.66
2013-08-02 11:30:00+00:00,USGS-05480986,31.4,0.66
2013-08-02 11:45:00+00:00,USGS-05480986,31.4,0.66
2013-08-02 12:00:00+00:00,USGS-05480986,31.4,0.71
2013-08-02 12:15:00+00:00,USGS-05480986,31.4,0.71
2013-08-02 12:30:00+00:00,USGS-05480986,31.4,0.71
2013-08-02 12:45:00+00:00,USGS-05480986,31.4,0.76
2013-08-02 13:00:00+00:00,USGS-05480986,31.4,0.76
2013-08-02 13:15:00+00:00,USGS-05480986,31.4,0.76
2013-08-02 13:30:00+00:00,USGS-05480986,31.4,0.76
2013-08-02 13:45:00+00:00,USGS-05480986,31.4,0.76
2013-08-02 14:00:00+00:00,USGS-05480986,31.4,0.76
2013-08-02 14:15:00+00:00,USGS-05480986,31.4,0.76
2013-08-02 14:30:00+00:00,USGS-05480986,31.4,0.76
2013-08-02 14:45:00+00:00,USGS-05480986,31.4,0.76
2013-08-02 15:00:00+00:00,USGS-05480986,31.4,0.76
2013-08-02 15:15:00+00:00,USGS-05480986,31.4,0.71
2013-08-02 15:30:00+00:00,USGS-05480986,31.4,0.71
2013-08-02 15:45:00+00:00,USGS-05480986,31.4,0.71
2013-08-02 16:00:00+00:00,USGS-05480986,31.4,0.71
2013-08-02 16:15:00+00:00,USGS-05480986,31.4,0.71
2013-08-02 16:30:00+00:00,USGS-05480986,31.4,0.71
2013-08-02 16:45:00+00:00,USGS-05480986,31.4,0.76
2013-08-02 17:00:00+00:00,USGS-05480986,31.4,0.76
2013-08-02 17:15:00+00:00,USGS-05480986,31.4,0.76
2013-08-02 17:30:00+00:00,USGS-05480986,31.5,0.76
2013-08-02 17:45:00+00:00,USGS-05480986,31.5,0.76
2013-08-02 18:00:00+00:00,USGS-05480986,31.5,0.76
2013-08-02 18:15:00+00:00,USGS-05480986,31.5,0.76
2013-08-02 18:30:00+00:00,USGS-05480986,31.5,0.76
2013-08-02 18:45:00+00:00,USGS-05480986,31.5,0.76
2013-08-02 19:00:00+00:00,USGS-05480986,31.5,0.76
2013-08-02 19:15:00+00:00,USGS-05480986,31.6,0.76
2013-08-02 19:30:00+00:00,USGS-05480986,31.6,0.76
2013-08-02 19:45:00+00:00,USGS-05480986,31.6,0.76
2013-08-02 20:00:00+00:00,USGS-05480986,31.6,0.76
2013-08-02 20:15:00+00:00,USGS-05480986,31.6,0.76
2013-08-02 20:30:00+00:00,USGS-05480986,31.6,0.76
2013-08-02 20:45:00+00:00,USGS-05480986,31.6,0.76
2013-08-02 21:00:00+00:00,USGS-05480986,31.5,0.76
2013-08-02 21:15:00+00:00,USGS-05480986,31.4,0.76
2013-08-02 21:30:00+00:00,USGS-05480986,31.4,0.76
2013-08-02 21:45:00+00:00,USGS-05480986,31.4,0.76
2013-08-02 22:00:00+00:00,USGS-05480986,31.4,0.76
2013-08-02 22:15:00+00:00,USGS-05480986,31.4,0.71
2013-08-02 22:30:00+00:00,USGS-05480986,31.4,0.71
2013-08-02 22:45:00+00:00,USGS-05480986,31.3,0.76
2013-08-02 23:00:00+00:00,USGS-05480986,31.2,0.76
2013-08-02 23:15:00+00:00,USGS-05480986,31.2,0.76
2013-08-02 23:30:00+00:00,USGS-05480986,31.2,0.76
2013-08-02 23:45:00+00:00,USGS-05480986,31.2,0.76
2013-08-03 00:00:00+00:00,USGS-05480986,31.2,0.76
2013-08-03 00:15:00+00:00,USGS-05480986,31.2,0.76
2013-08-03 00:30:00+00:00,USGS-05480986,31.2,0.76
2013-08-03 00:45:00+00:00,USGS-05480986,31.1,0.76
2013-08-03 01:00:00+00:00,USGS-05480986,31.1,0.76
2013-08-03 01:15:00+00:00,USGS-05480986,31.1,0.76
2013-08-03 01:30:00+00:00,USGS-05480986,31.1,0.76
2013-08-03 01:45:00+00:00,USGS-05480986,31.1,0.76
2013-08-03 02:00:00+00:00,USGS-05480986,31.1,0.76
2013-08-03 02:15:00+00:00,USGS-05480986,31.1,0.76
2013-08-03 02:30:00+00:00,USGS-05480986,31.1,0.76
2013-08-03 02:45:00+00:00,USGS-05480986,31.1,0.76
2013-08-03 03:00:00+00:00,USGS-05480986,31.1,0.71
2013-08-03 03:15:00+00:00,USGS-05480986,31.1,0.71
2013-08-03 03:30:00+00:00,USGS-05480986,31.1,0.71
2013-08-03 03:45:00+00:00,USGS-05480986,31.1,0.71
2013-08-03 04:00:00+00:00,USGS-05480986,31.1,0.71
2013-08-03 04:15:00+00:00,USGS-05480986,31.0,0.71
2013-08-03 04:30:00+00:00,USGS-05480986,31.0,0.66
2013-08-03 04:45:00+00:00,USGS-05480986,31.0,0.71
2013-08-03 05:00:00+00:00,USGS-05480986,31.0,0.71
2013-08-03 05:15:00+00:00,USGS-05480986,31.0,0.76
2013-08-03 05:30:00+00:00,USGS-05480986,31.0,0.76
2013-08-03 05:45:00+00:00,USGS-05480986,31.0,0.76
2013-08-03 06:00:00+00:00,USGS-05480986,31.0,0.76
2013-08-03 06:15:00+00:00,USGS-05480986,31.0,0.76
2013-08-03 06:30:00+00:00,USGS-05480986,31.0,0.76
2013-08-03 06:45:00+00:00,USGS-05480986,31.0,0.76
2013-08-03 07:00:00+00:00,USGS-05480986,31.0,0.71
2013-08-03 07:15:00+00:00,USGS-05480986,31.0,0.71
2013-08-03 07:30:00+00:00,USGS-05480986,31.0,0.71
2013-08-03 07:45:00+00:00,USGS-05480986,30.9,0.71
2013-08-03 08:00:00+00:00,USGS-05480986,30.9,0.71
2013-08-03 08:15:00+00:00,USGS-05480986,30.9,0.71
2013-08-03 08:30:00+00:00,USGS-05480986,30.9,0.71
2013-08-03 08:45:00+00:00,USGS-05480986,30.9,0.71
2013-08-03 09:00:00+00:00,USGS-05480986,30.9,0.66
2013-08-03 09:15:00+00:00,USGS-05480986,30.9,0.71
2013-08-03 09:30:00+00:00,USGS-05480986,30.9,0.71
2013-08-03 09:45:00+00:00,USGS-05480986,30.9,0.71
2013-08-03 10:00:00+00:00,USGS-05480986,30.9,0.71
2013-08-03 10:15:00+00:00,USGS-05480986,30.8,0.71
2013-08-03 10:30:00+00:00,USGS-05480986,30.8,0.71
2013-08-03 10:45:00+00:00,USGS-05480986,30.9,0.71
2013-08-03 11:00:00+00:00,USGS-05480986,30.9,0.71
2013-08-03 11:15:00+00:00,USGS-05480986,30.9,0.71
2013-08-03 11:30:00+00:00,USGS-05480986,30.9,0.71
2013-08-03 11:45:00+00:00,USGS-05480986,30.9,0.71
2013-08-03 12:00:00+00:00,USGS-05480986,30.9,0.71
2013-08-03 12:15:00+00:00,USGS-05480986,31.0,0.71
2013-08-03 12:30:00+00:00,USGS-05480986,31.0,0.71
2013-08-03 12:45:00+00:00,USGS-05480986,31.0,0.71
2013-08-03 13:00:00+00:00,USGS-05480986,31.0,0.71
2013-08-03 13:15:00+00:00,USGS-05480986,31.0,0.71
2013-08-03 13:30:00+00:00,USGS-05480986,31.0,0.71
2013-08-03 13:45:00+00:00,USGS-05480986,31.0,0.71
2013-08-03 14:00:00+00:00,USGS-05480986,31.0,0.71
2013-08-03 14:15:00+00:00,USGS-05480986,31.0,0.71
2013-08-03 14:30:00+00:00,USGS-05480986,31.0,0.71
2013-08-03 14:45:00+00:00,USGS-05480986,31.0,0.71
2013-08-03 15:00:00+00:00,USGS-05480986,31.0,0.71
2013-08-03 15:15:00+00:00,USGS-05480986,31.0,0.71
2013-08-03 15:30:00+00:00,USGS-05480986,31.0,0.71
2013-08-03 15:45:00+00:00,USGS-05480986,31.0,0.71
2013-08-03 16:00:00+00:00,USGS-05480986,31.0,0.66
2013-08-03 16:15:00+00:00,USGS-05480986,31.0,0.66
2013-08-03 16:30:00+00:00,USGS-05480986,31.0,0.66
2013-08-03 16:45:00+00:00,USGS-05480986,31.0,0.66
2013-08-03 17:00:00+00:00,USGS-05480986,31.0,0.66
2013-08-03 17:15:00+00:00,USGS-05480986,31.0,0.71
2013-08-03 17:30:00+00:00,USGS-05480986,31.0,0.66
2013-08-03 17:45:00+00:00,USGS-05480986,31.0,0.71
2013-08-03 18:00:00+00:00,USGS-05480986,31.0,0.71
2013-08-03 18:15:00+00:00,USGS-05480986,31.0,0.71
2013-08-03 18:30:00+00:00,USGS-05480986,31.0,0.71
2013-08-03 18:45:00+00:00,USGS-05480986,31.0,0.71
2013-08-03 19:00:00+00:00,USGS-05480986,31.0,0.71
2013-08-03 19:15:00+00:00,USGS-05480986,31.0,0.71
2013-08-03 19:30:00+00:00,USGS-05480986,31.0,0.71
2013-08-03 19:45:00+00:00,USGS-05480986,31.0,0.71
2013-08-03 20:00:00+00:00,USGS-05480986,31.0,0.71
2013-08-03 20:15:00+00:00,USGS-05480986,31.0,0.66
2013-08-03 20:30:00+00:00,USGS-05480986,31.0,0.66
2013-08-03 20:45:00+00:00,USGS-05480986,31.0,0.66
2013-08-03 21:00:00+00:00,USGS-05480986,31.0,0.66
2013-08-03 21:15:00+00:00,USGS-05480986,31.0,0.66
2013-08-03 21:30:00+00:00,USGS-05480986,31.0,0.66
2013-08-03 21:45:00+00:00,USGS-05480986,31.0,0.66
2013-08-03 22:00:00+00:00,USGS-05480986,30.9,0.66
2013-08-03 22:15:00+00:00,USGS-05480986,30.9,0.66
2013-08-03 22:30:00+00:00,USGS-05480986,30.9,0.66
2013-08-03 22:45:00+00:00,USGS-05480986,30.9,0.66
2013-08-03 23:00:00+00:00,USGS-05480986,30.8,0.66
2013-08-03 23:15:00+00:00,USGS-05480986,30.8,0.61
2013-08-03 23:30:00+00:00,USGS-05480986,30.8,0.61
2013-08-03 23:45:00+00:00,USGS-05480986,30.8,0.61
2013-08-04 00:00:00+00:00,USGS-05480986,30.8,0.61
2013-08-04 00:15:00+00:00,USGS-05480986,30.8,0.61
2013-08-04 00:30:00+00:00,USGS-05480986,30.8,0.61
2013-08-04 00:45:00+00:00,USGS-05480986,30.8,0.61
2013-08-04 01:00:00+00:00,USGS-05480986,30.8,0.61
2013-08-04 01:15:00+00:00,USGS-05480986,30.8,0.61
2013-08-04 01:30:00+00:00,USGS-05480986,30.7,0.61
2013-08-04 01:45:00+00:00,USGS-05480986,30.7,0.61
2013-08-04 02:00:00+00:00,USGS-05480986,30.7,0.56
2013-08-04 02:15:00+00:00,USGS-05480986,30.6,0.56
2013-08-04 02:30:00+00:00,USGS-05480986,30.6,0.56
2013-08-04 02:45:00+00:00,USGS-05480986,30.6,0.56
2013-08-04 03:00:00+00:00,USGS-05480986,30.6,0.56
2013-08-04 03:15:00+00:00,USGS-05480986,30.6,0.51
2013-08-04 03:30:00+00:00,USGS-05480986,30.6,0.51
2013-08-04 03:45:00+00:00,USGS-05480986,30.5,0.56
2013-08-04 04:00:00+00:00,USGS-05480986,30.5,0.56
2013-08-04 04:15:00+00:00,USGS-05480986,30.4,0.56
2013-08-04 04:30:00+00:00,USGS-05480986,30.4,0.56
2013-08-04 04:45:00+00:00,USGS-05480986,30.4,0.56
2013-08-04 05:00:00+00:00,USGS-05480986,30.4,0.61
2013-08-04 05:15:00+00:00,USGS-05480986,30.4,0.61
2013-08-04 05:30:00+00:00,USGS-05480986,30.4,0.61
2013-08-04 05:45:00+00:00,USGS-05480986,30.4,0.56
2013-08-04 06:00:00+00:00,USGS-05480986,30.4,0.61
2013-08-04 06:15:00+00:00,USGS-05480986,30.4,0.61
2013-08-04 06:30:00+00:00,USGS-05480986,30.4,0.61
2013-08-04 06:45:00+00:00,USGS-05480986,30.4,0.61
2013-08-04 07:00:00+00:00,USGS-05480986,30.3,0.61
2013-08-04 07:15:00+00:00,USGS-05480986,30.3,0.56
2013-08-04 07:30:00+00:00,USGS-05480986,30.3,0.56
2013-08-04 07:45:00+00:00,USGS-05480986,30.2,0.56
2013-08-04 08:00:00+00:00,USGS-05480986,30.2,0.56
2013-08-04 08:15:00+00:00,USGS-05480986,30.2,0.61
2013-08-04 08:30:00+00:00,USGS-05480986,30.2,0.61
2013-08-04 08:45:00+00:00,USGS-05480986,30.2,0.61
2013-08-04 09:00:00+00:00,USGS-05480986,30.2,0.61
2013-08-04 09:15:00+00:00,USGS-05480986,30.2,0.61
2013-08-04 09:30:00+00:00,USGS-05480986,30.2,0.61
2013-08-04 09:45:00+00:00,USGS-05480986,30.2,0.61
2013-08-04 10:00:00+00:00,USGS-05480986,30.1,0.56
2013-08-04 10:15:00+00:00,USGS-05480986,30.1,0.56
2013-08-04 10:30:00+00:00,USGS-05480986,30.1,0.56
2013-08-04 10:45:00+00:00,USGS-05480986,30.1,0.56
2013-08-04 11:00:00+00:00,USGS-05480986,30.0,0.56
2013-08-04 11:15:00+00:00,USGS-05480986,30.0,0.56
2013-08-04 11:30:00+00:00,USGS-05480986,30.0,0.61
2013-08-04 11:45:00+00:00,USGS-05480986,30.0,0.61
2013-08-04 12:00:00+00:00,USGS-05480986,30.0,0.61
2013-08-04 12:15:00+00:00,USGS-05480986,29.9,0.61
2013-08-04 12:30:00+00:00,USGS-05480986,29.9,0.61
2013-08-04 12:45:00+00:00,USGS-05480986,29.9,0.61
2013-08-04 13:00:00+00:00,USGS-05480986,29.9,0.61
2013-08-04 13:15:00+00:00,USGS-05480986,29.9,0.61
2013-08-04 13:30:00+00:00,USGS-05480986,29.9,0.61
2013-08-04 13:45:00+00:00,USGS-05480986,29.8,0.61
2013-08-04 14:00:00+00:00,USGS-05480986,29.8,0.61
2013-08-04 14:15:00+00:00,USGS-05480986,29.8,0.61
2013-08-04 14:30:00+00:00,USGS-05480986,29.8,0.61
2013-08-04 14:45:00+00:00,USGS-05480986,29.8,0.61
2013-08-04 15:00:00+00:00,USGS-05480986,29.8,0.61
2013-08-04 15:15:00+00:00,USGS-05480986,29.8,0.61
2013-08-04 15:30:00+00:00,USGS-05480986,29.8,0.61
2013-08-04 15:45:00+00:00,USGS-05480986,29.8,0.61
2013-08-04 16:00:00+00:00,USGS-05480986,29.8,0.61
2013-08-04 16:15:00+00:00,USGS-05480986,29.7,0.61
2013-08-04 16:30:00+00:00,USGS-05480986,29.7,0.61
2013-08-04 16:45:00+00:00,USGS-05480986,29.8,0.61
2013-08-04 17:00:00+00:00,USGS-05480986,29.8,0.61
2013-08-04 17:15:00+00:00,USGS-05480986,29.8,0.61
2013-08-04 17:30:00+00:00,USGS-05480986,29.8,0.61
2013-08-04 17:45:00+00:00,USGS-05480986,29.8,0.61
2013-08-04 18:00:00+00:00,USGS-05480986,29.8,0.61
2013-08-04 18:15:00+00:00,USGS-05480986,29.8,0.61
2013-08-04 18:30:00+00:00,USGS-05480986,29.8,0.61
2013-08-04 18:45:00+00:00,USGS-05480986,29.8,0.61
2013-08-04 19:00:00+00:00,USGS-05480986,29.8,0.61
2013-08-04 19:15:00+00:00,USGS-05480986,29.8,0.61
2013-08-04 19:30:00+00:00,USGS-05480986,29.8,0.61
2013-08-04 19:45:00+00:00,USGS-05480986,29.8,0.61
2013-08-04 20:00:00+00:00,USGS-05480986,29.8,0.61
2013-08-04 20:15:00+00:00,USGS-05480986,29.9,0.61
2013-08-04 20:30:00+00:00,USGS-05480986,29.9,0.61
2013-08-04 20:45:00+00:00,USGS-05480986,29.9,0.61
2013-08-04 21:00:00+00:00,USGS-05480986,29.9,0.61
2013-08-04 21:15:00+00:00,USGS-05480986,29.9,0.61
2013-08-04 21:30:00+00:00,USGS-05480986,29.9,0.61
2013-08-04 21:45:00+00:00,USGS-05480986,29.9,0.61
2013-08-04 22:00:00+00:00,USGS-05480986,30.0,0.56
2013-08-04 22:15:00+00:00,USGS-05480986,30.0,0.56
2013-08-04 22:30:00+00:00,USGS-05480986,30.0,0.56
2013-08-04 22:45:00+00:00,USGS-05480986,30.0,0.56
2013-08-04 23:00:00+00:00,USGS-05480986,30.0,0.56
2013-08-04 23:15:00+00:00,USGS-05480986,30.0,0.56
2013-08-04 23:30:00+00:00,USGS-05480986,30.0,0.56
2013-08-04 23:45:00+00:00,USGS-05480986,30.0,0.56
2013-08-05 00:00:00+00:00,USGS-05480986,30.0,0.56
2013-08-05 00:15:00+00:00,USGS-05480986,30.0,0.51
2013-08-05 00:30:00+00:00,USGS-05480986,30.0,0.51
2013-08-05 00:45:00+00:00,USGS-05480986,30.0,0.51
2013-08-05 01:00:00+00:00,USGS-05480986,29.9,0.51
2013-08-05 01:15:00+00:00,USGS-05480986,29.9,0.51
2013-08-05 01:30:00+00:00,USGS-05480986,29.9,0.51
2013-08-05 01:45:00+00:00,USGS-05480986,29.9,0.51
2013-08-05 02:00:00+00:00,USGS-05480986,29.9,0.51
2013-08-05 02:15:00+00:00,USGS-05480986,29.9,0.51
2013-08-05 02:30:00+00:00,USGS-05480986,29.9,0.51
2013-08-05 02:45:00+00:00,USGS-05480986,29.9,0.51
2013-08-05 03:00:00+00:00,USGS-05480986,29.9,0.47
2013-08-05 03:15:00+00:00,USGS-05480986,29.9,0.47
2013-08-05 03:30:00+00:00,USGS-05480986,29.9,0.47
2013-08-05 03:45:00+00:00,USGS-05480986,29.9,0.47
2013-08-05 04:00:00+00:00,USGS-05480986,29.9,0.47
2013-08-05 04:15:00+00:00,USGS-05480986,29.9,0.47
2013-08-05 04:30:00+00:00,USGS-05480986,29.9,0.47
2013-08-05 04:45:00+00:00,USGS-05480986,29.8,0.47
2013-08-05 05:00:00+00:00,USGS-05480986,29.8,0.51
2013-08-05 05:15:00+00:00,USGS-05480986,29.8,0.51
2013-08-05 05:30:00+00:00,USGS-05480986,29.8,0.51
2013-08-05 05:45:00+00:00,USGS-05480986,29.8,0.51
2013-08-05 06:00:00+00:00,USGS-05480986,29.8,0.51
2013-08-05 06:15:00+00:00,USGS-05480986,29.8,0.51
2013-08-05 06:30:00+00:00,USGS-05480986,29.8,0.51
2013-08-05 06:45:00+00:00,USGS-05480986,29.8,0.51
2013-08-05 07:00:00+00:00,USGS-05480986,29.8,0.56
2013-08-05 07:15:00+00:00,USGS-05480986,29.8,0.56
2013-08-05 07:30:00+00:00,USGS-05480986,29.8,0.56
2013-08-05 07:45:00+00:00,USGS-05480986,29.8,0.56
2013-08-05 08:00:00+00:00,USGS-05480986,29.8,0.56
2013-08-05 08:15:00+00:00,USGS-05480986,29.8,0.56
2013-08-05 08:30:00+00:00,USGS-05480986,29.8,0.56
2013-08-05 08:45:00+00:00,USGS-05480986,29.8,0.56
2013-08-05 09:00:00+00:00,USGS-05480986,29.8,0.56
2013-08-05 09:15:00+00:00,USGS-05480986,29.8,0.51
2013-08-05 09:30:00+00:00,USGS-05480986,29.8,0.51
2013-08-05 09:45:00+00:00,USGS-05480986,29.8,0.47
2013-08-05 10:00:00+00:00,USGS-05480986,29.7,0.47
2013-08-05 10:15:00+00:00,USGS-05480986,29.7,0.47
2013-08-05 10:30:00+00:00,USGS-05480986,29.7,0.47
2013-08-05 10:45:00+00:00,USGS-05480986,29.7,0.47
2013-08-05 11:00:00+00:00,USGS-05480986,29.7,0.51
2013-08-05 11:15:00+00:00,USGS-05480986,29.7,0.51
2013-08-05 11:30:00+00:00,USGS-05480986,29.7,0.51
2013-08-05 11:45:00+00:00,USGS-05480986,29.6,0.56
2013-08-05 12:00:00+00:00,USGS-05480986,29.6,0.56
2013-08-05 12:15:00+00:00,USGS-05480986,29.6,0.51
2013-08-05 12:30:00+00:00,USGS-05480986,29.6,0.51
2013-08-05 12:45:00+00:00,USGS-05480986,29.5,0.51
2013-08-05 13:00:00+00:00,USGS-05480986,29.5,0.56
2013-08-05 13:15:00+00:00,USGS-05480986,29.5,0.56
2013-08-05 13:30:00+00:00,USGS-05480986,29.5,0.56
2013-08-05 13:45:00+00:00,USGS-05480986,29.5,0.56
2013-08-05 14:00:00+00:00,USGS-05480986,29.5,0.56
2013-08-05 14:15:00+00:00,USGS-05480986,29.4,0.56
2013-08-05 14:30:00+00:00,USGS-05480986,29.4,0.56
2013-08-05 14:45:00+00:00,USGS-05480986,29.4,0.56
2013-08-05 15:00:00+00:00,USGS-05480986,29.3,0.56
2013-08-05 15:15:00+00:00,USGS-05480986,29.3,0.56
2013-08-05 15:30:00+00:00,USGS-05480986,29.3,0.56
2013-08-05 15:45:00+00:00,USGS-05480986,29.3,0.56
2013-08-05 16:00:00+00:00,USGS-05480986,29.3,0.56
2013-08-05 16:15:00+00:00,USGS-05480986,29.3,0.56
2013-08-05 16:30:00+00:00,USGS-05480986,29.3,0.56
2013-08-05 16:45:00+00:00,USGS-05480986,29.3,0.56
2013-08-05 17:00:00+00:00,USGS-05480986,29.3,0.56
2013-08-05 17:15:00+00:00,USGS-05480986,29.3,0.56
2013-08-05 17:30:00+00:00,USGS-05480986,29.3,0.56
2013-08-05 17:45:00+00:00,USGS-05480986,29.3,0.56
2013-08-05 18:00:00+00:00,USGS-05480986,29.2,0.56
2013-08-05 18:15:00+00:00,USGS-05480986,29.2,0.56
2013-08-05 18:30:00+00:00,USGS-05480986,29.2,0.61
2013-08-05 18:45:00+00:00,USGS-05480986,29.2,0.61
2013-08-05 19:00:00+00:00,USGS-05480986,29.2,0.61
2013-08-05 19:15:00+00:00,USGS-05480986,29.2,0.61
2013-08-05 19:30:00+00:00,USGS-05480986,29.2,0.61
2013-08-05 19:45:00+00:00,USGS-05480986,29.2,0.61
2013-08-05 20:00:00+00:00,USGS-05480986,29.3,0.61
2013-08-05 20:15:00+00:00,USGS-05480986,29.3,0.61
2013-08-05 20:30:00+00:00,USGS-05480986,29.3,0.61
2013-08-05 20:45:00+00:00,USGS-05480986,29.3,0.61
2013-08-05 21:00:00+00:00,USGS-05480986,29.3,0.61
2013-08-05 21:15:00+00:00,USGS-05480986,29.3,0.61
2013-08-05 21:30:00+00:00,USGS-05480986,29.3,0.61
2013-08-05 21:45:00+00:00,USGS-05480986,29.3,0.61
2013-08-05 22:00:00+00:00,USGS-05480986,29.3,0.61
2013-08-05 22:15:00+00:00,USGS-05480986,29.3,0.61
2013-08-05 22:30:00+00:00,USGS-05480986,29.4,0.61
2013-08-05 22:45:00+00:00,USGS-05480986,29.4,0.61
2013-08-05 23:00:00+00:00,USGS-05480986,29.4,0.61
2013-08-05 23:15:00+00:00,USGS-05480986,29.4,0.61
2013-08-05 23:30:00+00:00,USGS-05480986,29.4,0.61
2013-08-05 23:45:00+00:00,USGS-05480986,29.4,0.61
2013-08-06 00:00:00+00:00,USGS-05480986,29.4,0.61
2013-08-06 00:15:00+00:00,USGS-05480986,29.4,0.61
2013-08-06 00:30:00+00:00,USGS-05480986,29.5,0.61
2013-08-06 00:45:00+00:00,USGS-05480986,29.5,0.56
2013-08-06 01:00:00+00:00,USGS-05480986,29.5,0.56
2013-08-06 01:15:00+00:00,USGS-05480986,29.5,0.56
2013-08-06 01:30:00+00:00,USGS-05480986,29.5,0.56
2013-08-06 01:45:00+00:00,USGS-05480986,29.5,0.56
2013-08-06 02:00:00+00:00,USGS-05480986,29.5,0.56
2013-08-06 02:15:00+00:00,USGS-05480986,29.5,0.56
2013-08-06 02:30:00+00:00,USGS-05480986,29.5,0.56
2013-08-06 02:45:00+00:00,USGS-05480986,29.5,0.56
2013-08-06 03:00:00+00:00,USGS-05480986,29.5,0.56
2013-08-06 03:15:00+00:00,USGS-05480986,29.5,0.56
2013-08-06 03:30:00+00:00,USGS-05480986,29.5,0.56
2013-08-06 03:45:00+00:00,USGS-05480986,29.5,0.56
2013-08-06 04:00:00+00:00,USGS-05480986,29.5,0.56
2013-08-06 04:15:00+00:00,USGS-05480986,29.5,0.51
2013-08-06 04:30:00+00:00,USGS-05480986,29.5,0.51
2013-08-06 04:45:00+00:00,USGS-05480986,29.5,0.51
2013-08-06 05:00:00+00:00,USGS-05480986,29.5,0.51
2013-08-06 05:15:00+00:00,USGS-05480986,29.5,0.51
2013-08-06 05:30:00+00:00,USGS-05480986,29.5,0.51
2013-08-06 05:45:00+00:00,USGS-05480986,29.5,0.51
2013-08-06 06:00:00+00:00,USGS-05480986,29.5,0.51
2013-08-06 06:15:00+00:00,USGS-05480986,29.5,0.56
2013-08-06 06:30:00+00:00,USGS-05480986,29.5,0.56
2013-08-06 06:45:00+00:00,USGS-05480986,29.5,0.56
2013-08-06 07:00:00+00:00,USGS-05480986,29.5,0.56
2013-08-06 07:15:00+00:00,USGS-05480986,29.5,0.56
2013-08-06 07:30:00+00:00,USGS-05480986,29.5,0.56
2013-08-06 07:45:00+00:00,USGS-05480986,29.5,0.56
2013-08-06 08:00:00+00:00,USGS-05480986,29.5,0.56
2013-08-06 08:15:00+00:00,USGS-05480986,29.5,0.56
2013-08-06 08:30:00+00:00,USGS-05480986,29.5,0.56
2013-08-06 08:45:00+00:00,USGS-05480986,29.5,0.56
2013-08-06 09:00:00+00:00,USGS-05480986,29.5,0.56
2013-08-06 09:15:00+00:00,USGS-05480986,29.5,0.56
2013-08-06 09:30:00+00:00,USGS-05480986,29.5,0.56
2013-08-06 09:45:00+00:00,USGS-05480986,29.5,0.51
2013-08-06 10:00:00+00:00,USGS-05480986,29.5,0.51
2013-08-06 10:15:00+00:00,USGS-05480986,29.5,0.51
2013-08-06 10:30:00+00:00,USGS-05480986,29.5,0.51
2013-08-06 10:45:00+00:00,USGS-05480986,29.5,0.51
2013-08-06 11:00:00+00:00,USGS-05480986,29.5,0.56
2013-08-06 11:15:00+00:00,USGS-05480986,29.5,0.56
2013-08-06 11:30:00+00:00,USGS-05480986,29.5,0.56
2013-08-06 11:45:00+00:00,USGS-05480986,29.5,0.56
2013-08-06 12:00:00+00:00,USGS-05480986,29.5,0.56
2013-08-06 12:15:00+00:00,USGS-05480986,29.5,0.56
2013-08-06 12:30:00+00:00,USGS-05480986,29.5,0.56
2013-08-06 12:45:00+00:00,USGS-05480986,29.5,0.56
2013-08-06 13:00:00+00:00,USGS-05480986,29.4,0.56
2013-08-06 13:15:00+00:00,USGS-05480986,29.4,0.56
2013-08-06 13:30:00+00:00,USGS-05480986,29.4,0.56
2013-08-06 13:45:00+00:00,USGS-05480986,29.4,0.56
2013-08-06 14:00:00+00:00,USGS-05480986,29.3,0.56
2013-08-06 14:15:00+00:00,USGS-05480986,29.3,0.56
2013-08-06 14:30:00+00:00,USGS-05480986,29.3,0.56
2013-08-06 14:45:00+00:00,USGS-05480986,29.3,0.56
2013-08-06 15:00:00+00:00,USGS-05480986,29.3,0.56
2013-08-06 15:15:00+00:00,USGS-05480986,29.3,0.56
2013-08-06 15:30:00+00:00,USGS-05480986,29.2,0.56
2013-08-06 15:45:00+00:00,USGS-05480986,29.1,0.56
2013-08-06 16:00:00+00:00,USGS-05480986,29.1,0.56
2013-08-06 16:15:00+00:00,USGS-05480986,29.1,0.56
2013-08-06 16:30:00+00:00,USGS-05480986,29.1,0.56
2013-08-06 16:45:00+00:00,USGS-05480986,29.1,0.56
2013-08-06 17:00:00+00:00,USGS-05480986,29.1,0.56
2013-08-06 17:15:00+00:00,USGS-05480986,29.1,0.56
2013-08-06 17:30:00+00:00,USGS-05480986,29.1,0.56
2013-08-06 17:45:00+00:00,USGS-05480986,29.1,0.56
2013-08-06 18:00:00+00:00,USGS-05480986,29.1,0.56
2013-08-06 18:15:00+00:00,USGS-05480986,29.1,0.56
2013-08-06 18:30:00+00:00,USGS-05480986,29.1,0.56
2013-08-06 18:45:00+00:00,USGS-05480986,29.1,0.56
2013-08-06 19:00:00+00:00,USGS-05480986,29.1,0.56
2013-08-06 19:15:00+00:00,USGS-05480986,29.1,0.56
2013-08-06 19:30:00+00:00,USGS-05480986,29.1,0.56
2013-08-06 19:45:00+00:00,USGS-05480986,29.1,0.56
2013-08-06 20:00:00+00:00,USGS-05480986,29.1,0.56
2013-08-06 20:15:00+00:00,USGS-05480986,29.1,0.56
2013-08-06 20:30:00+00:00,USGS-05480986,29.1,0.56
2013-08-06 20:45:00+00:00,USGS-05480986,29.1,0.56
2013-08-06 21:00:00+00:00,USGS-05480986,29.1,0.56
2013-08-06 21:15:00+00:00,USGS-05480986,29.1,0.56
2013-08-06 21:30:00+00:00,USGS-05480986,29.1,0.56
2013-08-06 21:45:00+00:00,USGS-05480986,29.1,0.51
2013-08-06 22:00:00+00:00,USGS-05480986,29.1,0.51
2013-08-06 22:15:00+00:00,USGS-05480986,29.1,0.51
2013-08-06 22:30:00+00:00,USGS-05480986,29.1,0.51
2013-08-06 22:45:00+00:00,USGS-05480986,29.1,0.51
2013-08-06 23:00:00+00:00,USGS-05480986,29.1,0.51
2013-08-06 23:15:00+00:00,USGS-05480986,29.1,0.51
2013-08-06 23:30:00+00:00,USGS-05480986,29.1,0.51
2013-08-06 23:45:00+00:00,USGS-05480986,29.1,0.51
2013-08-07 00:00:00+00:00,USGS-05480986,29.1,0.51
2013-08-07 00:15:00+00:00,USGS-05480986,29.1,0.47
2013-08-07 00:30:00+00:00,USGS-05480986,29.1,0.47
2013-08-07 00:45:00+00:00,USGS-05480986,29.1,0.47
2013-08-07 01:00:00+00:00,USGS-05480986,29.1,0.47
2013-08-07 01:15:00+00:00,USGS-05480986,29.1,0.47
2013-08-07 01:30:00+00:00,USGS-05480986,29.1,0.47
2013-08-07 01:45:00+00:00,USGS-05480986,29.1,0.47
2013-08-07 02:00:00+00:00,USGS-05480986,29.1,0.43
2013-08-07 02:15:00+00:00,USGS-05480986,29.1,0.43
2013-08-07 02:30:00+00:00,USGS-05480986,29.1,0.38
2013-08-07 02:45:00+00:00,USGS-05480986,29.1,0.38
2013-08-07 03:00:00+00:00,USGS-05480986,29.1,0.38
2013-08-07 03:15:00+00:00,USGS-05480986,29.1,0.38
2013-08-07 03:30:00+00:00,USGS-05480986,29.0,0.38
2013-08-07 03:45:00+00:00,USGS-05480986,29.0,0.43
2013-08-07 04:00:00+00:00,USGS-05480986,29.0,0.43
2013-08-07 04:15:00+00:00,USGS-05480986,29.0,0.43
2013-08-07 04:30:00+00:00,USGS-05480986,29.0,0.47
2013-08-07 04:45:00+00:00,USGS-05480986,28.8,0.43
2013-08-07 05:00:00+00:00,USGS-05480986,28.7,0.43
2013-08-07 05:15:00+00:00,USGS-05480986,28.7,0.43
2013-08-07 05:30:00+00:00,USGS-05480986,28.6,0.47
2013-08-07 05:45:00+00:00,USGS-05480986,28.6,0.47
2013-08-07 06:00:00+00:00,USGS-05480986,28.6,0.47
2013-08-07 06:15:00+00:00,USGS-05480986,28.6,0.47
2013-08-07 06:30:00+00:00,USGS-05480986,28.6,0.47
2013-08-07 06:45:00+00:00,USGS-05480986,28.6,0.47
2013-08-07 07:00:00+00:00,USGS-05480986,28.6,0.47
2013-08-07 07:15:00+00:00,USGS-05480986,28.6,0.47
2013-08-07 07:30:00+00:00,USGS-05480986,28.6,0.43
2013-08-07 07:45:00+00:00,USGS-05480986,28.6,0.43
2013-08-07 08:00:00+00:00,USGS-05480986,28.6,0.43
2013-08-07 08:15:00+00:00,USGS-05480986,28.6,0.43
2013-08-07 08:30:00+00:00,USGS-05480986,28.6,0.43
2013-08-07 08:45:00+00:00,USGS-05480986,28.6,0.43
2013-08-07 09:00:00+00:00,USGS-05480986,28.6,0.43
2013-08-07 09:15:00+00:00,USGS-05480986,28.6,0.47
2013-08-07 09:30:00+00:00,USGS-05480986,28.6,0.47
2013-08-07 09:45:00+00:00,USGS-05480986,28.6,0.47
2013-08-07 10:00:00+00:00,USGS-05480986,28.6,0.47
2013-08-07 10:15:00+00:00,USGS-05480986,28.6,0.47
2013-08-07 10:30:00+00:00,USGS-05480986,28.6,0.47
2013-08-07 10:45:00+00:00,USGS-05480986,28.6,0.51
2013-08-07 11:00:00+00:00,USGS-05480986,28.6,0.51
2013-08-07 11:15:00+00:00,USGS-05480986,28.6,0.51
2013-08-07 11:30:00+00:00,USGS-05480986,28.6,0.51
2013-08-07 11:45:00+00:00,USGS-05480986,28.6,0.51
2013-08-07 12:00:00+00:00,USGS-05480986,28.7,0.51
2013-08-07 12:15:00+00:00,USGS-05480986,28.7,0.51
2013-08-07 12:30:00+00:00,USGS-05480986,28.7,0.51
2013-08-07 12:45:00+00:00,USGS-05480986,28.7,0.51
2013-08-07 13:00:00+00:00,USGS-05480986,28.7,0.51
2013-08-07 13:15:00+00:00,USGS-05480986,28.7,0.51
2013-08-07 13:30:00+00:00,USGS-05480986,28.7,0.51
2013-08-07 13:45:00+00:00,USGS-05480986,28.7,0.51
2013-08-07 14:00:00+00:00,USGS-05480986,28.7,0.51
2013-08-07 14:15:00+00:00,USGS-05480986,28.6,0.51
2013-08-07 14:30:00+00:00,USGS-05480986,28.6,0.51
2013-08-07 14:45:00+00:00,USGS-05480986,28.6,0.51
2013-08-07 15:00:00+00:00,USGS-05480986,28.6,0.51
2013-08-07 15:15:00+00:00,USGS-05480986,28.6,0.51
2013-08-07 15:30:00+00:00,USGS-05480986,28.6,0.51
2013-08-07 15:45:00+00:00,USGS-05480986,28.6,0.51
2013-08-07 16:00:00+00:00,USGS-05480986,28.6,0.51
2013-08-07 16:15:00+00:00,USGS-05480986,28.6,0.51
2013-08-07 16:30:00+00:00,USGS-05480986,28.5,0.51
2013-08-07 16:45:00+00:00,USGS-05480986,28.5,0.51
2013-08-07 17:00:00+00:00,USGS-05480986,28.4,0.51
2013-08-07 17:15:00+00:00,USGS-05480986,28.4,0.51
2013-08-07 17:30:00+00:00,USGS-05480986,28.4,0.51
2013-08-07 17:45:00+00:00,USGS-05480986,28.4,0.51
2013-08-07 18:00:00+00:00,USGS-05480986,28.3,0.47
2013-08-07 18:15:00+00:00,USGS-05480986,28.3,0.47
2013-08-07 18:30:00+00:00,USGS-05480986,28.3,0.47
2013-08-07 18:45:00+00:00,USGS-05480986,28.2,0.47
2013-08-07 19:00:00+00:00,USGS-05480986,28.2,0.47
2013-08-07 19:15:00+00:00,USGS-05480986,28.1,0.47
2013-08-07 19:30:00+00:00,USGS-05480986,28.1,0.47
2013-08-07 19:45:00+00:00,USGS-05480986,28.1,0.47
2013-08-07 20:00:00+00:00,USGS-05480986,28.1,0.47
2013-08-07 20:15:00+00:00,USGS-05480986,28.0,0.47
2013-08-07 20:30:00+00:00,USGS-05480986,28.0,0.47
2013-08-07 20:45:00+00:00,USGS-05480986,28.0,0.47
2013-08-07 21:00:00+00:00,USGS-05480986,27.9,0.47
2013-08-07 21:15:00+00:00,USGS-05480986,27.9,0.47
2013-08-07 21:30:00+00:00,USGS-05480986,27.9,0.47
2013-08-07 21:45:00+00:00,USGS-05480986,27.8,0.47
2013-08-07 22:00:00+00:00,USGS-05480986,27.8,0.47
2013-08-07 22:15:00+00:00,USGS-05480986,27.8,0.47
2013-08-07 22:30:00+00:00,USGS-05480986,27.8,0.47
2013-08-07 22:45:00+00:00,USGS-05480986,27.7,0.47
2013-08-07 23:00:00+00:00,USGS-05480986,27.7,0.47
2013-08-07 23:15:00+00:00,USGS-05480986,27.6,0.47
2013-08-07 23:30:00+00:00,USGS-05480986,27.6,0.47
2013-08-07 23:45:00+00:00,USGS-05480986,27.6,0.43
2013-08-08 00:00:00+00:00,USGS-05480986,27.6,0.43
2013-08-08 00:15:00+00:00,USGS-05480986,27.6,0.47
2013-08-08 00:30:00+00:00,USGS-05480986,27.6,0.43
2013-08-08 00:45:00+00:00,USGS-05480986,27.6,0.43
2013-08-08 01:00:00+00:00,USGS-05480986,27.5,0.47
2013-08-08 01:15:00+00:00,USGS-05480986,27.5,0.43
2013-08-08 01:30:00+00:00,USGS-05480986,27.5,0.43
2013-08-08 01:45:00+00:00,USGS-05480986,27.4,0.43
2013-08-08 02:00:00+00:00,USGS-05480986,27.4,0.43
2013-08-08 02:15:00+00:00,USGS-05480986,27.4,0.43
2013-08-08 02:30:00+00:00,USGS-05480986,27.4,0.43
2013-08-08 02:45:00+00:00,USGS-05480986,27.4,0.43
2013-08-08 03:00:00+00:00,USGS-05480986,27.4,0.43
2013-08-08 03:15:00+00:00,USGS-05480986,27.4,0.43
2013-08-08 03:30:00+00:00,USGS-05480986,27.4,0.38
2013-08-08 03:45:00+00:00,USGS-05480986,27.4,0.38
2013-08-08 04:00:00+00:00,USGS-05480986,27.4,0.38
2013-08-08 04:15:00+00:00,USGS-05480986,27.4,0.38
2013-08-08 04:30:00+00:00,USGS-05480986,27.4,0.43
2013-08-08 04:45:00+00:00,USGS-05480986,27.4,0.43
2013-08-08 05:00:00+00:00,USGS-05480986,27.4,0.47
2013-08-08 05:15:00+00:00,USGS-05480986,27.4,0.47
2013-08-08 05:30:00+00:00,USGS-05480986,27.4,0.47
2013-08-08 05:45:00+00:00,USGS-05480986,27.4,0.43
2013-08-08 06:00:00+00:00,USGS-05480986,27.4,0.43
2013-08-08 06:15:00+00:00,USGS-05480986,27.4,0.43
2013-08-08 06:30:00+00:00,USGS-05480986,27.4,0.43
2013-08-08 06:45:00+00:00,USGS-05480986,27.4,0.47
2013-08-08 07:00:00+00:00,USGS-05480986,27.4,0.47
2013-08-08 07:15:00+00:00,USGS-05480986,27.4,0.47
2013-08-08 07:30:00+00:00,USGS-05480986,27.4,0.43
2013-08-08 07:45:00+00:00,USGS-05480986,27.4,0.43
2013-08-08 08:00:00+00:00,USGS-05480986,27.4,0.43
2013-08-08 08:15:00+00:00,USGS-05480986,27.4,0.47
2013-08-08 08:30:00+00:00,USGS-05480986,27.4,0.43
2013-08-08 08:45:00+00:00,USGS-05480986,27.4,0.43
2013-08-08 09:00:00+00:00,USGS-05480986,27.4,0.43
2013-08-08 09:15:00+00:00,USGS-05480986,27.4,0.43
2013-08-08 09:30:00+00:00,USGS-05480986,27.4,0.43
2013-08-08 09:45:00+00:00,USGS-05480986,27.4,0.43
2013-08-08 10:00:00+00:00,USGS-05480986,27.4,0.43
2013-08-08 10:15:00+00:00,USGS-05480986,27.4,0.43
2013-08-08 10:30:00+00:00,USGS-05480986,27.3,0.43
2013-08-08 10:45:00+00:00,USGS-05480986,27.3,0.43
2013-08-08 11:00:00+00:00,USGS-05480986,27.3,0.43
2013-08-08 11:15:00+00:00,USGS-05480986,27.4,0.43
2013-08-08 11:30:00+00:00,USGS-05480986,27.3,0.38
2013-08-08 11:45:00+00:00,USGS-05480986,27.3,0.38
2013-08-08 12:00:00+00:00,USGS-05480986,27.2,0.34
2013-08-08 12:15:00+00:00,USGS-05480986,27.2,0.29
2013-08-08 12:30:00+00:00,USGS-05480986,27.2,0.25
2013-08-08 12:45:00+00:00,USGS-05480986,27.2,0.25
2013-08-08 13:00:00+00:00,USGS-05480986,27.2,0.21
2013-08-08 13:15:00+00:00,USGS-05480986,27.2,0.21
2013-08-08 13:30:00+00:00,USGS-05480986,27.2,0.21
2013-08-08 13:45:00+00:00,USGS-05480986,27.2,0.21
2013-08-08 14:00:00+00:00,USGS-05480986,27.1,0.21
2013-08-08 14:15:00+00:00,USGS-05480986,27.1,0.25
2013-08-08 14:30:00+00:00,USGS-05480986,27.1,0.25
2013-08-08 14:45:00+00:00,USGS-05480986,27.1,0.29
2013-08-08 15:00:00+00:00,USGS-05480986,27.1,0.29
2013-08-08 15:15:00+00:00,USGS-05480986,27.1,0.34
2013-08-08 15:30:00+00:00,USGS-05480986,27.1,0.34
2013-08-08 15:45:00+00:00,USGS-05480986,27.0,0.34
2013-08-08 16:00:00+00:00,USGS-05480986,27.0,0.34
2013-08-08 16:15:00+00:00,USGS-05480986,27.0,0.38
2013-08-08 16:30:00+00:00,USGS-05480986,27.0,0.38
2013-08-08 16:45:00+00:00,USGS-05480986,27.0,0.38
2013-08-08 17:00:00+00:00,USGS-05480986,27.0,0.38
2013-08-08 17:15:00+00:00,USGS-05480986,27.1,0.38
2013-08-08 17:30:00+00:00,USGS-05480986,27.0,0.38
2013-08-08 17:45:00+00:00,USGS-05480986,27.0,0.38
2013-08-08 18:00:00+00:00,USGS-05480986,27.1,0.38
2013-08-08 18:15:00+00:00,USGS-05480986,27.0,0.38
2013-08-08 18:30:00+00:00,USGS-05480986,27.0,0.38
2013-08-08 18:45:00+00:00,USGS-05480986,27.1,0.38
2013-08-08 19:00:00+00:00,USGS-05480986,27.1,0.38
2013-08-08 19:15:00+00:00,USGS-05480986,27.1,0.38
2013-08-08 19:30:00+00:00,USGS-05480986,27.1,0.38
2013-08-08 19:45:00+00:00,USGS-05480986,27.1,0.34
2013-08-08 20:00:00+00:00,USGS-05480986,27.1,0.38
2013-08-08 20:15:00+00:00,USGS-05480986,27.1,0.38
2013-08-08 20:30:00+00:00,USGS-05480986,27.1,0.38
2013-08-08 20:45:00+00:00,USGS-05480986,27.1,0.38
2013-08-08 21:00:00+00:00,USGS-05480986,27.1,0.38
2013-08-08 21:15:00+00:00,USGS-05480986,27.1,0.38
2013-08-08 21:30:00+00:00,USGS-05480986,27.1,0.38
2013-08-08 21:45:00+00:00,USGS-05480986,27.1,0.38
2013-08-08 22:00:00+00:00,USGS-05480986,27.1,0.38
2013-08-08 22:15:00+00:00,USGS-05480986,27.1,0.38
2013-08-08 22:30:00+00:00,USGS-05480986,27.1,0.38
2013-08-08 22:45:00+00:00,USGS-05480986,27.1,0.38
2013-08-08 23:00:00+00:00,USGS-05480986,27.1,0.38
2013-08-08 23:15:00+00:00,USGS-05480986,27.0,0.38
2013-08-08 23:30:00+00:00,USGS-05480986,27.0,0.38
2013-08-08 23:45:00+00:00,USGS-05480986,27.0,0.38
2013-08-09 00:00:00+00:00,USGS-05480986,27.0,0.38
2013-08-09 00:15:00+00:00,USGS-05480986,27.0,0.38
2013-08-09 00:30:00+00:00,USGS-05480986,27.0,0.38
2013-08-09 00:45:00+00:00,USGS-05480986,27.0,0.38
2013-08-09 01:00:00+00:00,USGS-05480986,26.9,0.38
2013-08-09 01:15:00+00:00,USGS-05480986,26.9,0.38
2013-08-09 01:30:00+00:00,USGS-05480986,26.9,0.38
2013-08-09 01:45:00+00:00,USGS-05480986,26.9,0.38
2013-08-09 02:00:00+00:00,USGS-05480986,26.9,0.34
2013-08-09 02:15:00+00:00,USGS-05480986,26.9,0.34
2013-08-09 02:30:00+00:00,USGS-05480986,26.9,0.34
2013-08-09 02:45:00+00:00,USGS-05480986,26.9,0.34
2013-08-09 03:00:00+00:00,USGS-05480986,26.9,0.34
2013-08-09 03:15:00+00:00,USGS-05480986,26.9,0.29
2013-08-09 03:30:00+00:00,USGS-05480986,26.8,0.29
2013-08-09 03:45:00+00:00,USGS-05480986,26.8,0.29
2013-08-09 04:00:00+00:00,USGS-05480986,26.8,0.29
2013-08-09 04:15:00+00:00,USGS-05480986,26.8,0.29
2013-08-09 04:30:00+00:00,USGS-05480986,26.7,0.29
2013-08-09 04:45:00+00:00,USGS-05480986,26.7,0.29
2013-08-09 05:00:00+00:00,USGS-05480986,26.7,0.29
2013-08-09 05:15:00+00:00,USGS-05480986,26.7,0.29
2013-08-09 05:30:00+00:00,USGS-05480986,26.6,0.29
2013-08-09 05:45:00+00:00,USGS-05480986,26.6,0.29
2013-08-09 06:00:00+00:00,USGS-05480986,26.6,0.29
2013-08-09 06:15:00+00:00,USGS-05480986,26.6,0.29
2013-08-09 06:30:00+00:00,USGS-05480986,26.6,0.29
2013-08-09 06:45:00+00:00,USGS-05480986,26.6,0.29
2013-08-09 07:00:00+00:00,USGS-05480986,26.5,0.29
2013-08-09 07:15:00+00:00,USGS-05480986,26.5,0.29
2013-08-09 07:30:00+00:00,USGS-05480986,26.4,0.34
2013-08-09 07:45:00+00:00,USGS-05480986,26.4,0.34
2013-08-09 08:00:00+00:00,USGS-05480986,26.4,0.34
2013-08-09 08:15:00+00:00,USGS-05480986,26.4,0.34
2013-08-09 08:30:00+00:00,USGS-05480986,26.4,0.34
2013-08-09 08:45:00+00:00,USGS-05480986,26.4,0.34
2013-08-09 09:00:00+00:00,USGS-05480986,26.4,0.34
2013-08-09 09:15:00+00:00,USGS-05480986,26.4,0.34
2013-08-09 09:30:00+00:00,USGS-05480986,26.3,0.34
2013-08-09 09:45:00+00:00,USGS-05480986,26.3,0.34
2013-08-09 10:00:00+00:00,USGS-05480986,26.3,0.34
2013-08-09 10:15:00+00:00,USGS-05480986,26.2,0.29
2013-08-09 10:30:00+00:00,USGS-05480986,26.2,0.29
2013-08-09 10:45:00+00:00,USGS-05480986,26.2,0.29
2013-08-09 11:00:00+00:00,USGS-05480986,26.2,0.29
2013-08-09 11:15:00+00:00,USGS-05480986,26.2,0.29
2013-08-09 11:30:00+00:00,USGS-05480986,26.2,0.29
2013-08-09 11:45:00+00:00,USGS-05480986,26.2,0.29
2013-08-09 12:00:00+00:00,USGS-05480986,26.2,0.34
2013-08-09 12:15:00+00:00,USGS-05480986,26.2,0.34
2013-08-09 12:30:00+00:00,USGS-05480986,26.2,0.34
2013-08-09 12:45:00+00:00,USGS-05480986,26.2,0.34
2013-08-09 13:00:00+00:00,USGS-05480986,26.2,0.34
2013-08-09 13:15:00+00:00,USGS-05480986,26.2,0.38
2013-08-09 13:30:00+00:00,USGS-05480986,26.2,0.38
2013-08-09 13:45:00+00:00,USGS-05480986,26.2,0.38
2013-08-09 14:00:00+00:00,USGS-05480986,26.2,0.38
2013-08-09 14:15:00+00:00,USGS-05480986,26.2,0.38
2013-08-09 14:30:00+00:00,USGS-05480986,26.2,0.38
2013-08-09 14:45:00+00:00,USGS-05480986,26.1,0.38
2013-08-09 15:00:00+00:00,USGS-05480986,26.1,0.38
2013-08-09 15:15:00+00:00,USGS-05480986,26.1,0.38
2013-08-09 15:30:00+00:00,USGS-05480986,26.1,0.38
2013-08-09 15:45:00+00:00,USGS-05480986,26.1,0.38
2013-08-09 16:00:00+00:00,USGS-05480986,26.1,0.38
2013-08-09 16:15:00+00:00,USGS-05480986,26.2,0.38
2013-08-09 16:30:00+00:00,USGS-05480986,26.2,0.38
2013-08-09 16:45:00+00:00,USGS-05480986,26.2,0.38
2013-08-09 17:00:00+00:00,USGS-05480986,26.2,0.38
2013-08-09 17:15:00+00:00,USGS-05480986,26.2,0.38
2013-08-09 17:30:00+00:00,USGS-05480986,26.2,0.38
2013-08-09 17:45:00+00:00,USGS-05480986,26.2,0.38
2013-08-09 18:00:00+00:00,USGS-05480986,26.1,0.38
2013-08-09 18:15:00+00:00,USGS-05480986,26.2,0.38
2013-08-09 18:30:00+00:00,USGS-05480986,26.1,0.38
2013-08-09 18:45:00+00:00,USGS-05480986,26.2,0.38
2013-08-09 19:00:00+00:00,USGS-05480986,26.1,0.38
2013-08-09 19:15:00+00:00,USGS-05480986,26.1,0.38
2013-08-09 19:30:00+00:00,USGS-05480986,26.1,0.38
2013-08-09 19:45:00+00:00,USGS-05480986,26.1,0.38
2013-08-09 20:00:00+00:00,USGS-05480986,26.1,0.38
2013-08-09 20:15:00+00:00,USGS-05480986,26.1,0.38
2013-08-09 20:30:00+00:00,USGS-05480986,26.1,0.38
2013-08-09 20:45:00+00:00,USGS-05480986,26.1,0.38
2013-08-09 21:00:00+00:00,USGS-05480986,26.1,0.38
2013-08-09 21:15:00+00:00,USGS-05480986,26.1,0.38
2013-08-09 21:30:00+00:00,USGS-05480986,26.0,0.38
2013-08-09 21:45:00+00:00,USGS-05480986,26.0,0.38
2013-08-09 22:00:00+00:00,USGS-05480986,26.0,0.38
2013-08-09 22:15:00+00:00,USGS-05480986,26.0,0.38
2013-08-09 22:30:00+00:00,USGS-05480986,26.0,0.38
2013-08-09 22:45:00+00:00,USGS-05480986,26.0,0.38
2013-08-09 23:00:00+00:00,USGS-05480986,25.9,0.38
2013-08-09 23:15:00+00:00,USGS-05480986,25.9,0.38
2013-08-09 23:30:00+00:00,USGS-05480986,25.9,0.38
2013-08-09 23:45:00+00:00,USGS-05480986,25.8,0.38
2013-08-10 00:00:00+00:00,USGS-05480986,25.8,0.38
2013-08-10 00:15:00+00:00,USGS-05480986,25.8,0.38
2013-08-10 00:30:00+00:00,USGS-05480986,25.8,0.38
2013-08-10 00:45:00+00:00,USGS-05480986,25.8,0.38
2013-08-10 01:00:00+00:00,USGS-05480986,25.8,0.38
2013-08-10 01:15:00+00:00,USGS-05480986,25.8,0.38
2013-08-10 01:30:00+00:00,USGS-05480986,25.8,0.34
2013-08-10 01:45:00+00:00,USGS-05480986,25.8,0.34
2013-08-10 02:00:00+00:00,USGS-05480986,25.8,0.34
2013-08-10 02:15:00+00:00,USGS-05480986,25.8,0.34
2013-08-10 02:30:00+00:00,USGS-05480986,25.8,0.34
2013-08-10 02:45:00+00:00,USGS-05480986,25.7,0.34
2013-08-10 03:00:00+00:00,USGS-05480986,25.7,0.34
2013-08-10 03:15:00+00:00,USGS-05480986,25.6,0.29
2013-08-10 03:30:00+00:00,USGS-05480986,25.6,0.29
2013-08-10 03:45:00+00:00,USGS-05480986,25.6,0.29
2013-08-10 04:00:00+00:00,USGS-05480986,25.6,0.29
2013-08-10 04:15:00+00:00,USGS-05480986,25.6,0.29
2013-08-10 04:30:00+00:00,USGS-05480986,25.6,0.29
2013-08-10 04:45:00+00:00,USGS-05480986,25.6,0.29
2013-08-10 05:00:00+00:00,USGS-05480986,25.6,0.25
2013-08-10 05:15:00+00:00,USGS-05480986,25.5,0.25
2013-08-10 05:30:00+00:00,USGS-05480986,25.5,0.25
2013-08-10 05:45:00+00:00,USGS-05480986,25.5,0.25
2013-08-10 06:00:00+00:00,USGS-05480986,25.5,0.25
2013-08-10 06:15:00+00:00,USGS-05480986,25.5,0.25
2013-08-10 06:30:00+00:00,USGS-05480986,25.4,0.25
2013-08-10 06:45:00+00:00,USGS-05480986,25.4,0.25
2013-08-10 07:00:00+00:00,USGS-05480986,25.4,0.25
2013-08-10 07:15:00+00:00,USGS-05480986,25.3,0.25
2013-08-10 07:30:00+00:00,USGS-05480986,25.3,0.25
2013-08-10 07:45:00+00:00,USGS-05480986,25.3,0.29
2013-08-10 08:00:00+00:00,USGS-05480986,25.3,0.29
2013-08-10 08:15:00+00:00,USGS-05480986,25.3,0.29
2013-08-10 08:30:00+00:00,USGS-05480986,25.3,0.29
2013-08-10 08:45:00+00:00,USGS-05480986,25.3,0.29
2013-08-10 09:00:00+00:00,USGS-05480986,25.3,0.25
2013-08-10 09:15:00+00:00,USGS-05480986,25.3,0.25
2013-08-10 09:30:00+00:00,USGS-05480986,25.2,0.25
2013-08-10 09:45:00+00:00,USGS-05480986,25.2,0.25
2013-08-10 10:00:00+00:00,USGS-05480986,25.2,0.25
2013-08-10 10:15:00+00:00,USGS-05480986,25.2,0.25
2013-08-10 10:30:00+00:00,USGS-05480986,25.2,0.25
2013-08-10 10:45:00+00:00,USGS-05480986,25.2,0.25
2013-08-10 11:00:00+00:00,USGS-05480986,25.2,0.25
2013-08-10 11:15:00+00:00,USGS-05480986,25.2,0.25
2013-08-10 11:30:00+00:00,USGS-05480986,25.2,0.29
2013-08-10 11:45:00+00:00,USGS-05480986,25.2,0.29
2013-08-10 12:00:00+00:00,USGS-05480986,25.2,0.29
2013-08-10 12:15:00+00:00,USGS-05480986,25.2,0.29
2013-08-10 12:30:00+00:00,USGS-05480986,25.1,0.29
2013-08-10 12:45:00+00:00,USGS-05480986,25.1,0.29
2013-08-10 13:00:00+00:00,USGS-05480986,25.1,0.29
2013-08-10 13:15:00+00:00,USGS-05480986,25.0,0.29
2013-08-10 13:30:00+00:00,USGS-05480986,25.0,0.29
2013-08-10 13:45:00+00:00,USGS-05480986,25.0,0.29
2013-08-10 14:00:00+00:00,USGS-05480986,25.0,0.29
2013-08-10 14:15:00+00:00,USGS-05480986,25.0,0.34
2013-08-10 14:30:00+00:00,USGS-05480986,25.0,0.34
2013-08-10 14:45:00+00:00,USGS-05480986,25.0,0.34
2013-08-10 15:00:00+00:00,USGS-05480986,25.0,0.34
2013-08-10 15:15:00+00:00,USGS-05480986,25.0,0.34
2013-08-10 15:30:00+00:00,USGS-05480986,25.0,0.34
2013-08-10 15:45:00+00:00,USGS-05480986,25.0,0.34
2013-08-10 16:00:00+00:00,USGS-05480986,25.0,0.34
2013-08-10 16:15:00+00:00,USGS-05480986,25.0,0.34
2013-08-10 16:30:00+00:00,USGS-05480986,25.0,0.34
2013-08-10 16:45:00+00:00,USGS-05480986,25.0,0.34
2013-08-10 17:00:00+00:00,USGS-05480986,25.0,0.34
2013-08-10 17:15:00+00:00,USGS-05480986,25.0,0.34
2013-08-10 17:30:00+00:00,USGS-05480986,25.1,0.34
2013-08-10 17:45:00+00:00,USGS-05480986,25.1,0.34
2013-08-10 18:00:00+00:00,USGS-05480986,25.2,0.34
2013-08-10 18:15:00+00:00,USGS-05480986,25.2,0.34
2013-08-10 18:30:00+00:00,USGS-05480986,25.2,0.34
2013-08-10 18:45:00+00:00,USGS-05480986,25.2,0.34
2013-08-10 19:00:00+00:00,USGS-05480986,25.2,0.34
2013-08-10 19:15:00+00:00,USGS-05480986,25.2,0.34
2013-08-10 19:30:00+00:00,USGS-05480986,25.2,0.34
2013-08-10 19:45:00+00:00,USGS-05480986,25.2,0.34
2013-08-10 20:00:00+00:00,USGS-05480986,25.2,0.34
2013-08-10 20:15:00+00:00,USGS-05480986,25.2,0.34
2013-08-10 20:30:00+00:00,USGS-05480986,25.2,0.34
2013-08-10 20:45:00+00:00,USGS-05480986,25.2,0.34
2013-08-10 21:00:00+00:00,USGS-05480986,25.2,0.34
2013-08-10 21:15:00+00:00,USGS-05480986,25.2,0.34
2013-08-10 21:30:00+00:00,USGS-05480986,25.2,0.34
2013-08-10 21:45:00+00:00,USGS-05480986,25.2,0.29
2013-08-10 22:00:00+00:00,USGS-05480986,25.2,0.29
2013-08-10 22:15:00+00:00,USGS-05480986,25.2,0.29
2013-08-10 22:30:00+00:00,USGS-05480986,25.2,0.29
2013-08-10 22:45:00+00:00,USGS-05480986,25.2,0.29
2013-08-10 23:00:00+00:00,USGS-05480986,25.1,0.29
2013-08-10 23:15:00+00:00,USGS-05480986,25.1,0.29
2013-08-10 23:30:00+00:00,USGS-05480986,25.1,0.29
2013-08-10 23:45:00+00:00,USGS-05480986,25.1,0.29
2013-08-11 00:00:00+00:00,USGS-05480986,25.0,0.29
2013-08-11 00:15:00+00:00,USGS-05480986,25.0,0.29
2013-08-11 00:30:00+00:00,USGS-05480986,25.0,0.29
2013-08-11 00:45:00+00:00,USGS-05480986,25.0,0.29
2013-08-11 01:00:00+00:00,USGS-05480986,25.0,0.29
2013-08-11 01:15:00+00:00,USGS-05480986,25.0,0.29
2013-08-11 01:30:00+00:00,USGS-05480986,25.0,0.29
2013-08-11 01:45:00+00:00,USGS-05480986,24.9,0.29
2013-08-11 02:00:00+00:00,USGS-05480986,24.9,0.29
2013-08-11 02:15:00+00:00,USGS-05480986,24.9,0.34
2013-08-11 02:30:00+00:00,USGS-05480986,24.9,0.34
2013-08-11 02:45:00+00:00,USGS-05480986,24.9,0.34
2013-08-11 03:00:00+00:00,USGS-05480986,24.9,0.34
2013-08-11 03:15:00+00:00,USGS-05480986,24.9,0.34
2013-08-11 03:30:00+00:00,USGS-05480986,24.8,0.29
2013-08-11 03:45:00+00:00,USGS-05480986,24.8,0.29
2013-08-11 04:00:00+00:00,USGS-05480986,24.8,0.29
2013-08-11 04:15:00+00:00,USGS-05480986,24.7,0.29
2013-08-11 04:30:00+00:00,USGS-05480986,24.7,0.29
2013-08-11 04:45:00+00:00,USGS-05480986,24.7,0.25
2013-08-11 05:00:00+00:00,USGS-05480986,24.7,0.25
2013-08-11 05:15:00+00:00,USGS-05480986,24.7,0.25
2013-08-11 05:30:00+00:00,USGS-05480986,24.7,0.25
2013-08-11 05:45:00+00:00,USGS-05480986,24.7,0.25
2013-08-11 06:00:00+00:00,USGS-05480986,24.7,0.25
2013-08-11 06:15:00+00:00,USGS-05480986,24.7,0.25
2013-08-11 06:30:00+00:00,USGS-05480986,24.6,0.25
2013-08-11 06:45:00+00:00,USGS-05480986,24.6,0.25
2013-08-11 07:00:00+00:00,USGS-05480986,24.6,0.25
2013-08-11 07:15:00+00:00,USGS-05480986,24.6,0.25
2013-08-11 07:30:00+00:00,USGS-05480986,24.6,0.29
2013-08-11 07:45:00+00:00,USGS-05480986,24.6,0.29
2013-08-11 08:00:00+00:00,USGS-05480986,24.6,0.29
2013-08-11 08:15:00+00:00,USGS-05480986,24.6,0.29
2013-08-11 08:30:00+00:00,USGS-05480986,24.6,0.25
2013-08-11 08:45:00+00:00,USGS-05480986,24.5,0.25
2013-08-11 09:00:00+00:00,USGS-05480986,24.5,0.25
2013-08-11 09:15:00+00:00,USGS-05480986,24.4,0.25
2013-08-11 09:30:00+00:00,USGS-05480986,24.4,0.25
2013-08-11 09:45:00+00:00,USGS-05480986,24.4,0.21
2013-08-11 10:00:00+00:00,USGS-05480986,24.4,0.21
2013-08-11 10:15:00+00:00,USGS-05480986,24.4,0.21
2013-08-11 10:30:00+00:00,USGS-05480986,24.4,0.21
2013-08-11 10:45:00+00:00,USGS-05480986,24.4,0.18
2013-08-11 11:00:00+00:00,USGS-05480986,24.4,0.18
2013-08-11 11:15:00+00:00,USGS-05480986,24.4,0.18
2013-08-11 11:30:00+00:00,USGS-05480986,24.4,0.18
2013-08-11 11:45:00+00:00,USGS-05480986,24.4,0.18
2013-08-11 12:00:00+00:00,USGS-05480986,24.4,0.18
2013-08-11 12:15:00+00:00,USGS-05480986,24.3,0.18
2013-08-11 12:30:00+00:00,USGS-05480986,24.3,0.18
2013-08-11 12:45:00+00:00,USGS-05480986,24.3,0.21
2013-08-11 13:00:00+00:00,USGS-05480986,24.3,0.21
2013-08-11 13:15:00+00:00,USGS-05480986,24.3,0.21
2013-08-11 13:30:00+00:00,USGS-05480986,24.3,0.21
2013-08-11 13:45:00+00:00,USGS-05480986,24.2,0.21
2013-08-11 14:00:00+00:00,USGS-05480986,24.2,0.25
2013-08-11 14:15:00+00:00,USGS-05480986,24.2,0.25
2013-08-11 14:30:00+00:00,USGS-05480986,24.2,0.25
2013-08-11 14:45:00+00:00,USGS-05480986,24.2,0.25
2013-08-11 15:00:00+00:00,USGS-05480986,24.1,0.25
2013-08-11 15:15:00+00:00,USGS-05480986,24.1,0.29
2013-08-11 15:30:00+00:00,USGS-05480986,24.1,0.29
2013-08-11 15:45:00+00:00,USGS-05480986,24.1,0.29
2013-08-11 16:00:00+00:00,USGS-05480986,24.1,0.29
2013-08-11 16:15:00+00:00,USGS-05480986,24.1,0.29
2013-08-11 16:30:00+00:00,USGS-05480986,24.1,0.29
2013-08-11 16:45:00+00:00,USGS-05480986,24.1,0.29
2013-08-11 17:00:00+00:00,USGS-05480986,24.1,0.29
2013-08-11 17:15:00+00:00,USGS-05480986,24.1,0.29
2013-08-11 17:30:00+00:00,USGS-05480986,24.1,0.34
2013-08-11 17:45:00+00:00,USGS-05480986,24.1,0.34
2013-08-11 18:00:00+00:00,USGS-05480986,24.2,0.34
2013-08-11 18:15:00+00:00,USGS-05480986,24.2,0.34
2013-08-11 18:30:00+00:00,USGS-05480986,24.2,0.34
2013-08-11 18:45:00+00:00,USGS-05480986,24.3,0.34
2013-08-11 19:00:00+00:00,USGS-05480986,24.3,0.34
2013-08-11 19:15:00+00:00,USGS-05480986,24.3,0.34
2013-08-11 19:30:00+00:00,USGS-05480986,24.3,0.34
2013-08-11 19:45:00+00:00,USGS-05480986,24.3,0.34
2013-08-11 20:00:00+00:00,USGS-05480986,24.3,0.34
2013-08-11 20:15:00+00:00,USGS-05480986,24.4,0.34
2013-08-11 20:30:00+00:00,USGS-05480986,24.4,0.34
2013-08-11 20:45:00+00:00,USGS-05480986,24.4,0.34
2013-08-11 21:00:00+00:00,USGS-05480986,24.4,0.34
2013-08-11 21:15:00+00:00,USGS-05480986,24.4,0.34
2013-08-11 21:30:00+00:00,USGS-05480986,24.4,0.34
2013-08-11 21:45:00+00:00,USGS-05480986,24.5,0.34
2013-08-11 22:00:00+00:00,USGS-05480986,24.5,0.34
2013-08-11 22:15:00+00:00,USGS-05480986,24.5,0.34
2013-08-11 22:30:00+00:00,USGS-05480986,24.5,0.34
2013-08-11 22:45:00+00:00,USGS-05480986,24.5,0.34
2013-08-11 23:00:00+00:00,USGS-05480986,24.5,0.34
2013-08-11 23:15:00+00:00,USGS-05480986,24.5,0.34
2013-08-11 23:30:00+00:00,USGS-05480986,24.5,0.34
2013-08-11 23:45:00+00:00,USGS-05480986,24.5,0.34
2013-08-12 00:00:00+00:00,USGS-05480986,24.4,0.34
2013-08-12 00:15:00+00:00,USGS-05480986,24.4,0.29
2013-08-12 00:30:00+00:00,USGS-05480986,24.4,0.29
2013-08-12 00:45:00+00:00,USGS-05480986,24.4,0.29
2013-08-12 01:00:00+00:00,USGS-05480986,24.4,0.29
2013-08-12 01:15:00+00:00,USGS-05480986,24.4,0.29
2013-08-12 01:30:00+00:00,USGS-05480986,24.4,0.29
2013-08-12 01:45:00+00:00,USGS-05480986,24.4,0.29
2013-08-12 02:00:00+00:00,USGS-05480986,24.4,0.29
2013-08-12 02:15:00+00:00,USGS-05480986,24.4,0.29
2013-08-12 02:30:00+00:00,USGS-05480986,24.3,0.29
2013-08-12 02:45:00+00:00,USGS-05480986,24.3,0.29
2013-08-12 03:00:00+00:00,USGS-05480986,24.3,0.29
2013-08-12 03:15:00+00:00,USGS-05480986,24.2,0.25
2013-08-12 03:30:00+00:00,USGS-05480986,24.1,0.25
2013-08-12 03:45:00+00:00,USGS-05480986,24.1,0.25
2013-08-12 04:00:00+00:00,USGS-05480986,24.1,0.25
2013-08-12 04:15:00+00:00,USGS-05480986,24.1,0.21
2013-08-12 04:30:00+00:00,USGS-05480986,24.0,0.21
2013-08-12 04:45:00+00:00,USGS-05480986,24.0,0.21
2013-08-12 05:00:00+00:00,USGS-05480986,24.0,0.21
2013-08-12 05:15:00+00:00,USGS-05480986,24.0,0.21
2013-08-12 05:30:00+00:00,USGS-05480986,23.9,0.21
2013-08-12 05:45:00+00:00,USGS-05480986,23.9,0.21
2013-08-12 06:00:00+00:00,USGS-05480986,23.9,0.21
2013-08-12 06:15:00+00:00,USGS-05480986,23.8,0.21
2013-08-12 06:30:00+00:00,USGS-05480986,23.8,0.21
2013-08-12 06:45:00+00:00,USGS-05480986,23.8,0.21
2013-08-12 07:00:00+00:00,USGS-05480986,23.8,0.21
2013-08-12 07:15:00+00:00,USGS-05480986,23.8,0.21
2013-08-12 07:30:00+00:00,USGS-05480986,23.7,0.18
2013-08-12 07:45:00+00:00,USGS-05480986,23.7,0.18
2013-08-12 08:00:00+00:00,USGS-05480986,23.7,0.18
2013-08-12 08:15:00+00:00,USGS-05480986,23.6,0.18
2013-08-12 08:30:00+00:00,USGS-05480986,23.6,0.18
2013-08-12 08:45:00+00:00,USGS-05480986,23.6,0.21
2013-08-12 09:00:00+00:00,USGS-05480986,23.5,0.21
2013-08-12 09:15:00+00:00,USGS-05480986,23.5,0.21
2013-08-12 09:30:00+00:00,USGS-05480986,23.4,0.21
2013-08-12 09:45:00+00:00,USGS-05480986,23.4,0.21
2013-08-12 10:00:00+00:00,USGS-05480986,23.4,0.21
2013-08-12 10:15:00+00:00,USGS-05480986,23.4,0.21
2013-08-12 10:30:00+00:00,USGS-05480986,23.3,0.21
2013-08-12 10:45:00+00:00,USGS-05480986,23.3,0.21
2013-08-12 11:00:00+00:00,USGS-05480986,23.3,0.21
2013-08-12 11:15:00+00:00,USGS-05480986,23.2,0.25
2013-08-12 11:30:00+00:00,USGS-05480986,23.2,0.25
2013-08-12 11:45:00+00:00,USGS-05480986,23.2,0.25
2013-08-12 12:00:00+00:00,USGS-05480986,23.1,0.25
2013-08-12 12:15:00+00:00,USGS-05480986,23.1,0.25
2013-08-12 12:30:00+00:00,USGS-05480986,23.1,0.25
2013-08-12 12:45:00+00:00,USGS-05480986,23.0,0.25
2013-08-12 13:00:00+00:00,USGS-05480986,23.0,0.25
2013-08-12 13:15:00+00:00,USGS-05480986,23.0,0.25
2013-08-12 13:30:00+00:00,USGS-05480986,22.9,0.25
2013-08-12 13:45:00+00:00,USGS-05480986,22.9,0.25
2013-08-12 14:00:00+00:00,USGS-05480986,22.8,0.25
2013-08-12 14:15:00+00:00,USGS-05480986,22.8,0.25
2013-08-12 14:30:00+00:00,USGS-05480986,22.8,0.25
2013-08-12 14:45:00+00:00,USGS-05480986,22.8,0.25
2013-08-12 15:00:00+00:00,USGS-05480986,22.7,0.25
2013-08-12 15:15:00+00:00,USGS-05480986,22.7,0.25
2013-08-12 15:30:00+00:00,USGS-05480986,22.7,0.25
2013-08-12 15:45:00+00:00,USGS-05480986,22.7,0.29
2013-08-12 16:00:00+00:00,USGS-05480986,22.7,0.29
2013-08-12 16:15:00+00:00,USGS-05480986,22.7,0.29
2013-08-12 16:30:00+00:00,USGS-05480986,22.6,0.29
2013-08-12 16:45:00+00:00,USGS-05480986,22.6,0.29
2013-08-12 17:00:00+00:00,USGS-05480986,22.6,0.29
2013-08-12 17:15:00+00:00,USGS-05480986,22.6,0.29
2013-08-12 17:30:00+00:00,USGS-05480986,22.6,0.29
2013-08-12 17:45:00+00:00,USGS-05480986,22.6,0.29
2013-08-12 18:00:00+00:00,USGS-05480986,22.6,0.29
2013-08-12 18:15:00+00:00,USGS-05480986,22.6,0.29
2013-08-12 18:30:00+00:00,USGS-05480986,22.7,0.29
2013-08-12 18:45:00+00:00,USGS-05480986,22.7,0.29
2013-08-12 19:00:00+00:00,USGS-05480986,22.8,0.29
2013-08-12 19:15:00+00:00,USGS-05480986,22.8,0.29
2013-08-12 19:30:00+00:00,USGS-05480986,22.9,0.29
2013-08-12 19:45:00+00:00,USGS-05480986,22.9,0.29
2013-08-12 20:00:00+00:00,USGS-05480986,22.9,0.29
2013-08-12 20:15:00+00:00,USGS-05480986,23.0,0.29
2013-08-12 20:30:00+00:00,USGS-05480986,23.0,0.29
2013-08-12 20:45:00+00:00,USGS-05480986,22.9,0.29
2013-08-12 21:00:00+00:00,USGS-05480986,22.9,0.29
2013-08-12 21:15:00+00:00,USGS-05480986,22.8,0.29
2013-08-12 21:30:00+00:00,USGS-05480986,22.9,0.29
2013-08-12 21:45:00+00:00,USGS-05480986,23.0,0.29
2013-08-12 22:00:00+00:00,USGS-05480986,23.1,0.25
2013-08-12 22:15:00+00:00,USGS-05480986,23.1,0.25
2013-08-12 22:30:00+00:00,USGS-05480986,23.1,0.25
2013-08-12 22:45:00+00:00,USGS-05480986,23.1,0.25
2013-08-12 23:00:00+00:00,USGS-05480986,23.1,0.25
2013-08-12 23:15:00+00:00,USGS-05480986,23.1,0.25
2013-08-12 23:30:00+00:00,USGS-05480986,23.1,0.25
2013-08-12 23:45:00+00:00,USGS-05480986,23.1,0.25
2013-08-13 00:00:00+00:00,USGS-05480986,23.1,0.25
2013-08-13 00:15:00+00:00,USGS-05480986,23.1,0.25
2013-08-13 00:30:00+00:00,USGS-05480986,23.1,0.25
2013-08-13 00:45:00+00:00,USGS-05480986,23.1,0.25
2013-08-13 01:00:00+00:00,USGS-05480986,23.1,0.25
2013-08-13 01:15:00+00:00,USGS-05480986,23.1,0.25
2013-08-13 01:30:00+00:00,USGS-05480986,23.1,0.25
2013-08-13 01:45:00+00:00,USGS-05480986,23.1,0.25
2013-08-13 02:00:00+00:00,USGS-05480986,23.1,0.25
2013-08-13 02:15:00+00:00,USGS-05480986,23.1,0.25
2013-08-13 02:30:00+00:00,USGS-05480986,23.1,0.25
2013-08-13 02:45:00+00:00,USGS-05480986,23.1,0.21
2013-08-13 03:00:00+00:00,USGS-05480986,23.1,0.21
2013-08-13 03:15:00+00:00,USGS-05480986,23.1,0.21
2013-08-13 03:30:00+00:00,USGS-05480986,23.1,0.21
2013-08-13 03:45:00+00:00,USGS-05480986,23.0,0.21
2013-08-13 04:00:00+00:00,USGS-05480986,23.0,0.21
2013-08-13 04:15:00+00:00,USGS-05480986,23.0,0.21
2013-08-13 04:30:00+00:00,USGS-05480986,23.0,0.21
2013-08-13 04:45:00+00:00,USGS-05480986,23.0,0.21
2013-08-13 05:00:00+00:00,USGS-05480986,23.0,0.21
2013-08-13 05:15:00+00:00,USGS-05480986,23.0,0.21
2013-08-13 05:30:00+00:00,USGS-05480986,23.0,0.21
2013-08-13 05:45:00+00:00,USGS-05480986,23.0,0.21
2013-08-13 06:00:00+00:00,USGS-05480986,23.0,0.21
2013-08-13 06:15:00+00:00,USGS-05480986,22.9,0.18
2013-08-13 06:30:00+00:00,USGS-05480986,22.9,0.18
2013-08-13 06:45:00+00:00,USGS-05480986,22.8,0.18
2013-08-13 07:00:00+00:00,USGS-05480986,22.8,0.18
2013-08-13 07:15:00+00:00,USGS-05480986,22.8,0.18
2013-08-13 07:30:00+00:00,USGS-05480986,22.8,0.18
2013-08-13 07:45:00+00:00,USGS-05480986,22.8,0.18
2013-08-13 08:00:00+00:00,USGS-05480986,22.8,0.18
2013-08-13 08:15:00+00:00,USGS-05480986,22.7,0.18
2013-08-13 08:30:00+00:00,USGS-05480986,22.7,0.18
2013-08-13 08:45:00+00:00,USGS-05480986,22.7,0.18
2013-08-13 09:00:00+00:00,USGS-05480986,22.7,0.18
2013-08-13 09:15:00+00:00,USGS-05480986,22.6,0.18
2013-08-13 09:30:00+00:00,USGS-05480986,22.6,0.18
2013-08-13 09:45:00+00:00,USGS-05480986,22.6,0.18
2013-08-13 10:00:00+00:00,USGS-05480986,22.6,0.18
2013-08-13 10:15:00+00:00,USGS-05480986,22.6,0.18
2013-08-13 10:30:00+00:00,USGS-05480986,22.5,0.18
2013-08-13 10:45:00+00:00,USGS-05480986,22.4,0.18
2013-08-13 11:00:00+00:00,USGS-05480986,22.4,0.18
2013-08-13 11:15:00+00:00,USGS-05480986,22.4,0.18
2013-08-13 11:30:00+00:00,USGS-05480986,22.4,0.18
2013-08-13 11:45:00+00:00,USGS-05480986,22.3,0.18
2013-08-13 12:00:00+00:00,USGS-05480986,22.3,0.18
2013-08-13 12:15:00+00:00,USGS-05480986,22.3,0.18
2013-08-13 12:30:00+00:00,USGS-05480986,22.2,0.18
2013-08-13 12:45:00+00:00,USGS-05480986,22.2,0.18
2013-08-13 13:00:00+00:00,USGS-05480986,22.2,0.18
2013-08-13 13:15:00+00:00,USGS-05480986,22.2,0.18
2013-08-13 13:30:00+00:00,USGS-05480986,22.1,0.18
2013-08-13 13:45:00+00:00,USGS-05480986,22.1,0.18
2013-08-13 14:00:00+00:00,USGS-05480986,22.1,0.18
2013-08-13 14:15:00+00:00,USGS-05480986,22.0,0.18
2013-08-13 14:30:00+00:00,USGS-05480986,22.0,0.18
2013-08-13 14:45:00+00:00,USGS-05480986,22.0,0.18
2013-08-13 15:00:00+00:00,USGS-05480986,22.0,0.21
2013-08-13 15:15:00+00:00,USGS-05480986,22.0,0.21
2013-08-13 15:30:00+00:00,USGS-05480986,21.9,0.21
2013-08-13 15:45:00+00:00,USGS-05480986,21.9,0.21
2013-08-13 16:00:00+00:00,USGS-05480986,21.9,0.21
2013-08-13 16:15:00+00:00,USGS-05480986,21.9,0.21
2013-08-13 16:30:00+00:00,USGS-05480986,21.9,0.21
2013-08-13 16:45:00+00:00,USGS-05480986,21.9,0.21
2013-08-13 17:00:00+00:00,USGS-05480986,21.9,0.21
2013-08-13 17:15:00+00:00,USGS-05480986,21.9,0.21
2013-08-13 17:30:00+00:00,USGS-05480986,21.9,0.21
2013-08-13 17:45:00+00:00,USGS-05480986,21.9,0.21
2013-08-13 18:00:00+00:00,USGS-05480986,21.9,0.21
2013-08-13 18:15:00+00:00,USGS-05480986,21.9,0.21
2013-08-13 18:30:00+00:00,USGS-05480986,21.9,0.21
2013-08-13 18:45:00+00:00,USGS-05480986,21.9,0.21
2013-08-13 19:00:00+00:00,USGS-05480986,21.9,0.21
2013-08-13 19:15:00+00:00,USGS-05480986,21.9,0.21
2013-08-13 19:30:00+00:00,USGS-05480986,21.9,0.21
2013-08-13 19:45:00+00:00,USGS-05480986,21.9,0.21
2013-08-13 20:00:00+00:00,USGS-05480986,21.8,0.21
2013-08-13 20:15:00+00:00,USGS-05480986,21.8,0.21
2013-08-13 20:30:00+00:00,USGS-05480986,21.8,0.21
2013-08-13 20:45:00+00:00,USGS-05480986,21.8,0.21
2013-08-13 21:00:00+00:00,USGS-05480986,21.8,0.21
2013-08-13 21:15:00+00:00,USGS-05480986,21.9,0.21
2013-08-13 21:30:00+00:00,USGS-05480986,21.9,0.21
2013-08-13 21:45:00+00:00,USGS-05480986,21.9,0.21
2013-08-13 22:00:00+00:00,USGS-05480986,21.9,0.21
2013-08-13 22:15:00+00:00,USGS-05480986,21.9,0.21
2013-08-13 22:30:00+00:00,USGS-05480986,21.9,0.21
2013-08-13 22:45:00+00:00,USGS-05480986,21.9,0.21
2013-08-13 23:00:00+00:00,USGS-05480986,21.9,0.21
2013-08-13 23:15:00+00:00,USGS-05480986,21.9,0.18
2013-08-13 23:30:00+00:00,USGS-05480986,21.9,0.18
2013-08-13 23:45:00+00:00,USGS-05480986,21.9,0.18
2013-08-14 00:00:00+00:00,USGS-05480986,21.9,0.18
2013-08-14 00:15:00+00:00,USGS-05480986,21.9,0.18
2013-08-14 00:30:00+00:00,USGS-05480986,21.9,0.18
2013-08-14 00:45:00+00:00,USGS-05480986,21.9,0.18
2013-08-14 01:00:00+00:00,USGS-05480986,21.9,0.18
2013-08-14 01:15:00+00:00,USGS-05480986,21.9,0.18
2013-08-14 01:30:00+00:00,USGS-05480986,21.9,0.18
2013-08-14 01:45:00+00:00,USGS-05480986,21.9,0.18
2013-08-14 02:00:00+00:00,USGS-05480986,21.9,0.18
2013-08-14 02:15:00+00:00,USGS-05480986,21.8,0.18
2013-08-14 02:30:00+00:00,USGS-05480986,21.8,0.18
2013-08-14 02:45:00+00:00,USGS-05480986,21.8,0.18
2013-08-14 03:00:00+00:00,USGS-05480986,21.8,0.18
2013-08-14 03:15:00+00:00,USGS-05480986,21.8,0.18
2013-08-14 03:30:00+00:00,USGS-05480986,21.7,0.18
2013-08-14 03:45:00+00:00,USGS-05480986,21.7,0.18
2013-08-14 04:00:00+00:00,USGS-05480986,21.7,0.18
2013-08-14 04:15:00+00:00,USGS-05480986,21.7,0.15
2013-08-14 04:30:00+00:00,USGS-05480986,21.7,0.15
2013-08-14 04:45:00+00:00,USGS-05480986,21.6,0.15
2013-08-14 05:00:00+00:00,USGS-05480986,21.6,0.15
2013-08-14 05:15:00+00:00,USGS-05480986,21.6,0.15
2013-08-14 05:30:00+00:00,USGS-05480986,21.6,0.15
2013-08-14 05:45:00+00:00,USGS-05480986,21.5,0.15
2013-08-14 06:00:00+00:00,USGS-05480986,21.5,0.15
2013-08-14 06:15:00+00:00,USGS-05480986,21.5,0.15
2013-08-14 06:30:00+00:00,USGS-05480986,21.4,0.15
2013-08-14 06:45:00+00:00,USGS-05480986,21.4,0.15
2013-08-14 07:00:00+00:00,USGS-05480986,21.4,0.15
2013-08-14 07:15:00+00:00,USGS-05480986,21.4,0.15
2013-08-14 07:30:00+00:00,USGS-05480986,21.4,0.15
2013-08-14 07:45:00+00:00,USGS-05480986,21.4,0.15
2013-08-14 08:00:00+00:00,USGS-05480986,21.4,0.15
2013-08-14 08:15:00+00:00,USGS-05480986,21.4,0.15
2013-08-14 08:30:00+00:00,USGS-05480986,21.4,0.15
2013-08-14 08:45:00+00:00,USGS-05480986,21.4,0.15
2013-08-14 09:00:00+00:00,USGS-05480986,21.4,0.15
2013-08-14 09:15:00+00:00,USGS-05480986,21.4,0.15
2013-08-14 09:30:00+00:00,USGS-05480986,21.3,0.15
2013-08-14 09:45:00+00:00,USGS-05480986,21.3,0.15
2013-08-14 10:00:00+00:00,USGS-05480986,21.3,0.15
2013-08-14 10:15:00+00:00,USGS-05480986,21.3,0.15
2013-08-14 10:30:00+00:00,USGS-05480986,21.3,0.15
2013-08-14 10:45:00+00:00,USGS-05480986,21.3,0.15
2013-08-14 11:00:00+00:00,USGS-05480986,21.3,0.15
2013-08-14 11:15:00+00:00,USGS-05480986,21.2,0.15
2013-08-14 11:30:00+00:00,USGS-05480986,21.2,0.15
2013-08-14 11:45:00+00:00,USGS-05480986,21.2,0.15
2013-08-14 12:00:00+00:00,USGS-05480986,21.2,0.15
2013-08-14 12:15:00+00:00,USGS-05480986,21.2,0.15
2013-08-14 12:30:00+00:00,USGS-05480986,21.2,0.15
2013-08-14 12:45:00+00:00,USGS-05480986,21.2,0.15
2013-08-14 13:00:00+00:00,USGS-05480986,21.2,0.15
2013-08-14 13:15:00+00:00,USGS-05480986,21.1,0.15
2013-08-14 13:30:00+00:00,USGS-05480986,21.1,0.15
2013-08-14 13:45:00+00:00,USGS-05480986,21.1,0.15
2013-08-14 14:00:00+00:00,USGS-05480986,21.1,0.15
2013-08-14 14:15:00+00:00,USGS-05480986,21.1,0.15
2013-08-14 14:30:00+00:00,USGS-05480986,21.1,0.15
2013-08-14 14:45:00+00:00,USGS-05480986,21.1,0.15
2013-08-14 15:00:00+00:00,USGS-05480986,21.1,0.15
2013-08-14 15:15:00+00:00,USGS-05480986,21.1,0.15
2013-08-14 15:30:00+00:00,USGS-05480986,21.1,0.15
2013-08-14 15:45:00+00:00,USGS-05480986,21.1,0.15
2013-08-14 16:00:00+00:00,USGS-05480986,21.0,0.15
2013-08-14 16:15:00+00:00,USGS-05480986,21.0,0.15
2013-08-14 16:30:00+00:00,USGS-05480986,21.0,0.15
2013-08-14 16:45:00+00:00,USGS-05480986,21.0,0.15
2013-08-14 17:00:00+00:00,USGS-05480986,21.0,0.15
2013-08-14 17:15:00+00:00,USGS-05480986,21.0,0.15
2013-08-14 17:30:00+00:00,USGS-05480986,21.0,0.15
2013-08-14 17:45:00+00:00,USGS-05480986,21.0,0.15
2013-08-14 18:00:00+00:00,USGS-05480986,21.0,0.15
2013-08-14 18:15:00+00:00,USGS-05480986,21.0,0.15
2013-08-14 18:30:00+00:00,USGS-05480986,21.0,0.15
2013-08-14 18:45:00+00:00,USGS-05480986,21.0,0.15
2013-08-14 19:00:00+00:00,USGS-05480986,21.0,0.15
2013-08-14 19:15:00+00:00,USGS-05480986,21.0,0.18
2013-08-14 19:30:00+00:00,USGS-05480986,21.0,0.18
2013-08-14 19:45:00+00:00,USGS-05480986,21.0,0.18
2013-08-14 20:00:00+00:00,USGS-05480986,21.0,0.18
2013-08-14 20:15:00+00:00,USGS-05480986,21.0,0.15
2013-08-14 20:30:00+00:00,USGS-05480986,21.0,0.18
2013-08-14 20:45:00+00:00,USGS-05480986,21.0,0.15
2013-08-14 21:00:00+00:00,USGS-05480986,21.1,0.18
2013-08-14 21:15:00+00:00,USGS-05480986,21.1,0.15
2013-08-14 21:30:00+00:00,USGS-05480986,21.1,0.18
2013-08-14 21:45:00+00:00,USGS-05480986,21.1,0.15
2013-08-14 22:00:00+00:00,USGS-05480986,21.1,0.15
2013-08-14 22:15:00+00:00,USGS-05480986,21.1,0.15
2013-08-14 22:30:00+00:00,USGS-05480986,21.2,0.15
2013-08-14 22:45:00+00:00,USGS-05480986,21.2,0.15
2013-08-14 23:00:00+00:00,USGS-05480986,21.2,0.15
2013-08-14 23:15:00+00:00,USGS-05480986,21.2,0.15
2013-08-14 23:30:00+00:00,USGS-05480986,21.2,0.15
2013-08-14 23:45:00+00:00,USGS-05480986,21.2,0.15
2013-08-15 00:00:00+00:00,USGS-05480986,21.2,0.15
2013-08-15 00:15:00+00:00,USGS-05480986,21.2,0.15
2013-08-15 00:30:00+00:00,USGS-05480986,21.6,0.15
2013-08-15 00:45:00+00:00,USGS-05480986,21.6,0.15
2013-08-15 01:00:00+00:00,USGS-05480986,21.6,0.15
2013-08-15 01:15:00+00:00,USGS-05480986,21.6,0.15
2013-08-15 01:30:00+00:00,USGS-05480986,21.6,0.15
2013-08-15 01:45:00+00:00,USGS-05480986,21.6,0.15
2013-08-15 02:00:00+00:00,USGS-05480986,21.7,0.15
2013-08-15 02:15:00+00:00,USGS-05480986,21.7,0.15
2013-08-15 02:30:00+00:00,USGS-05480986,21.6,0.15
2013-08-15 02:45:00+00:00,USGS-05480986,21.6,0.15
2013-08-15 03:00:00+00:00,USGS-05480986,21.6,0.15
2013-08-15 03:15:00+00:00,USGS-05480986,21.6,0.15
2013-08-15 03:30:00+00:00,USGS-05480986,21.6,0.15
2013-08-15 03:45:00+00:00,USGS-05480986,21.6,0.13
2013-08-15 04:00:00+00:00,USGS-05480986,21.6,0.13
2013-08-15 04:15:00+00:00,USGS-05480986,21.6,0.13
2013-08-15 04:30:00+00:00,USGS-05480986,21.6,0.13
2013-08-15 04:45:00+00:00,USGS-05480986,21.6,0.13
2013-08-15 05:00:00+00:00,USGS-05480986,21.5,0.13
2013-08-15 05:15:00+00:00,USGS-05480986,21.5,0.13
2013-08-15 05:30:00+00:00,USGS-05480986,21.4,0.13
2013-08-15 05:45:00+00:00,USGS-05480986,21.4,0.13
2013-08-15 06:00:00+00:00,USGS-05480986,21.4,0.13
2013-08-15 06:15:00+00:00,USGS-05480986,21.4,0.13
2013-08-15 06:30:00+00:00,USGS-05480986,21.4,0.13
2013-08-15 06:45:00+00:00,USGS-05480986,21.3,0.13
2013-08-15 07:00:00+00:00,USGS-05480986,21.3,0.13
2013-08-15 07:15:00+00:00,USGS-05480986,21.3,0.13
2013-08-15 07:30:00+00:00,USGS-05480986,21.3,0.1
2013-08-15 07:45:00+00:00,USGS-05480986,21.3,0.1
2013-08-15 08:00:00+00:00,USGS-05480986,21.2,0.1
2013-08-15 08:15:00+00:00,USGS-05480986,21.2,0.1
2013-08-15 08:30:00+00:00,USGS-05480986,21.2,0.1
2013-08-15 08:45:00+00:00,USGS-05480986,21.2,0.1
2013-08-15 09:00:00+00:00,USGS-05480986,21.1,0.1
2013-08-15 09:15:00+00:00,USGS-05480986,21.1,0.1
2013-08-15 09:30:00+00:00,USGS-05480986,21.1,0.1
2013-08-15 09:45:00+00:00,USGS-05480986,21.0,0.13
2013-08-15 10:00:00+00:00,USGS-05480986,20.9,0.13
2013-08-15 10:15:00+00:00,USGS-05480986,20.9,0.13
2013-08-15 10:30:00+00:00,USGS-05480986,20.9,0.13
2013-08-15 10:45:00+00:00,USGS-05480986,20.9,0.13
2013-08-15 11:00:00+00:00,USGS-05480986,20.8,0.15
2013-08-15 11:15:00+00:00,USGS-05480986,20.8,0.13
2013-08-15 11:30:00+00:00,USGS-05480986,20.8,0.13
2013-08-15 11:45:00+00:00,USGS-05480986,20.7,0.13
2013-08-15 12:00:00+00:00,USGS-05480986,20.7,0.13
2013-08-15 12:15:00+00:00,USGS-05480986,20.7,0.13
2013-08-15 12:30:00+00:00,USGS-05480986,20.6,0.13
2013-08-15 12:45:00+00:00,USGS-05480986,20.6,0.13
2013-08-15 13:00:00+00:00,USGS-05480986,20.5,0.13
2013-08-15 13:15:00+00:00,USGS-05480986,20.5,0.13
2013-08-15 13:30:00+00:00,USGS-05480986,20.5,0.13
2013-08-15 13:45:00+00:00,USGS-05480986,20.5,0.13
2013-08-15 14:00:00+00:00,USGS-05480986,20.5,0.13
2013-08-15 14:15:00+00:00,USGS-05480986,20.4,0.13
2013-08-15 14:30:00+00:00,USGS-05480986,20.4,0.13
2013-08-15 14:45:00+00:00,USGS-05480986,20.3,0.13
2013-08-15 15:00:00+00:00,USGS-05480986,20.4,0.13
2013-08-15 15:15:00+00:00,USGS-05480986,20.3,0.13
2013-08-15 15:30:00+00:00,USGS-05480986,20.2,0.13
2013-08-15 15:45:00+00:00,USGS-05480986,20.2,0.13
2013-08-15 16:00:00+00:00,USGS-05480986,20.2,0.13
2013-08-15 16:15:00+00:00,USGS-05480986,20.2,0.13
2013-08-15 16:30:00+00:00,USGS-05480986,20.2,0.13
2013-08-15 16:45:00+00:00,USGS-05480986,20.2,0.13
2013-08-15 17:00:00+00:00,USGS-05480986,20.2,0.13
2013-08-15 17:15:00+00:00,USGS-05480986,20.1,0.13
2013-08-15 17:30:00+00:00,USGS-05480986,20.1,0.13
2013-08-15 17:45:00+00:00,USGS-05480986,20.1,0.13
2013-08-15 18:00:00+00:00,USGS-05480986,20.1,0.15
2013-08-15 18:15:00+00:00,USGS-05480986,20.1,0.15
2013-08-15 18:30:00+00:00,USGS-05480986,20.1,0.15
2013-08-15 18:45:00+00:00,USGS-05480986,20.1,0.15
2013-08-15 19:00:00+00:00,USGS-05480986,20.1,0.15
2013-08-15 19:15:00+00:00,USGS-05480986,20.1,0.15
2013-08-15 19:30:00+00:00,USGS-05480986,20.1,0.15
2013-08-15 19:45:00+00:00,USGS-05480986,20.1,0.15
2013-08-15 20:00:00+00:00,USGS-05480986,20.1,0.15
2013-08-15 20:15:00+00:00,USGS-05480986,20.1,0.15
2013-08-15 20:30:00+00:00,USGS-05480986,20.1,0.15
2013-08-15 20:45:00+00:00,USGS-05480986,20.2,0.18
2013-08-15 21:00:00+00:00,USGS-05480986,20.1,0.18
2013-08-15 21:15:00+00:00,USGS-05480986,20.2,0.18
2013-08-15 21:30:00+00:00,USGS-05480986,20.2,0.18
2013-08-15 21:45:00+00:00,USGS-05480986,20.2,0.18
2013-08-15 22:00:00+00:00,USGS-05480986,20.2,0.18
2013-08-15 22:15:00+00:00,USGS-05480986,20.3,0.18
2013-08-15 22:30:00+00:00,USGS-05480986,20.3,0.18
2013-08-15 22:45:00+00:00,USGS-05480986,20.4,0.18
2013-08-15 23:00:00+00:00,USGS-05480986,20.4,0.18
2013-08-15 23:15:00+00:00,USGS-05480986,20.4,0.18
2013-08-15 23:30:00+00:00,USGS-05480986,20.3,0.18
2013-08-15 23:45:00+00:00,USGS-05480986,20.4,0.18
2013-08-16 00:00:00+00:00,USGS-05480986,20.4,0.15
2013-08-16 00:15:00+00:00,USGS-05480986,20.4,0.15
2013-08-16 00:30:00+00:00,USGS-05480986,20.4,0.15
2013-08-16 00:45:00+00:00,USGS-05480986,20.4,0.15
2013-08-16 01:00:00+00:00,USGS-05480986,20.4,0.15
2013-08-16 01:15:00+00:00,USGS-05480986,20.4,0.15
2013-08-16 01:30:00+00:00,USGS-05480986,20.4,0.15
2013-08-16 01:45:00+00:00,USGS-05480986,20.4,0.15
2013-08-16 02:00:00+00:00,USGS-05480986,20.4,0.15
2013-08-16 02:15:00+00:00,USGS-05480986,20.4,0.15
2013-08-16 02:30:00+00:00,USGS-05480986,20.4,0.15
2013-08-16 02:45:00+00:00,USGS-05480986,20.4,0.15
2013-08-16 03:00:00+00:00,USGS-05480986,20.4,0.15
2013-08-16 03:15:00+00:00,USGS-05480986,20.4,0.15
2013-08-16 03:30:00+00:00,USGS-05480986,20.4,0.15
2013-08-16 03:45:00+00:00,USGS-05480986,20.4,0.15
2013-08-16 04:00:00+00:00,USGS-05480986,20.4,0.15
2013-08-16 04:15:00+00:00,USGS-05480986,20.4,0.13
2013-08-16 04:30:00+00:00,USGS-05480986,20.3,0.13
2013-08-16 04:45:00+00:00,USGS-05480986,20.4,0.13
2013-08-16 05:00:00+00:00,USGS-05480986,20.3,0.13
2013-08-16 05:15:00+00:00,USGS-05480986,20.3,0.13
2013-08-16 05:30:00+00:00,USGS-05480986,20.2,0.13
2013-08-16 05:45:00+00:00,USGS-05480986,20.2,0.13
2013-08-16 06:00:00+00:00,USGS-05480986,20.2,0.13
2013-08-16 06:15:00+00:00,USGS-05480986,20.2,0.13
2013-08-16 06:30:00+00:00,USGS-05480986,20.1,0.13
2013-08-16 06:45:00+00:00,USGS-05480986,20.1,0.13
2013-08-16 07:00:00+00:00,USGS-05480986,20.1,0.13
2013-08-16 07:15:00+00:00,USGS-05480986,20.0,0.13
2013-08-16 07:30:00+00:00,USGS-05480986,20.0,0.13
2013-08-16 07:45:00+00:00,USGS-05480986,20.0,0.13
2013-08-16 08:00:00+00:00,USGS-05480986,20.0,0.13
2013-08-16 08:15:00+00:00,USGS-05480986,20.0,0.13
2013-08-16 08:30:00+00:00,USGS-05480986,19.9,0.13
2013-08-16 08:45:00+00:00,USGS-05480986,19.9,0.13
2013-08-16 09:00:00+00:00,USGS-05480986,19.9,0.13
2013-08-16 09:15:00+00:00,USGS-05480986,19.9,0.13
2013-08-16 09:30:00+00:00,USGS-05480986,19.9,0.13
2013-08-16 09:45:00+00:00,USGS-05480986,19.8,0.13
2013-08-16 10:00:00+00:00,USGS-05480986,19.8,0.13
2013-08-16 10:15:00+00:00,USGS-05480986,19.8,0.13
2013-08-16 10:30:00+00:00,USGS-05480986,19.8,0.13
2013-08-16 10:45:00+00:00,USGS-05480986,19.8,0.13
2013-08-16 11:00:00+00:00,USGS-05480986,19.7,0.1
2013-08-16 11:15:00+00:00,USGS-05480986,19.7,0.13
2013-08-16 11:30:00+00:00,USGS-05480986,19.8,0.1
2013-08-16 11:45:00+00:00,USGS-05480986,19.8,0.13
2013-08-16 12:00:00+00:00,USGS-05480986,19.8,0.13
2013-08-16 12:15:00+00:00,USGS-05480986,19.7,0.13
2013-08-16 12:30:00+00:00,USGS-05480986,19.7,0.13
2013-08-16 12:45:00+00:00,USGS-05480986,19.7,0.13
2013-08-16 13:00:00+00:00,USGS-05480986,19.6,0.13
2013-08-16 13:15:00+00:00,USGS-05480986,19.6,0.13
2013-08-16 13:30:00+00:00,USGS-05480986,19.6,0.13
2013-08-16 13:45:00+00:00,USGS-05480986,19.6,0.13
2013-08-16 14:00:00+00:00,USGS-05480986,19.6,0.13
2013-08-16 14:15:00+00:00,USGS-05480986,19.6,0.13
2013-08-16 14:30:00+00:00,USGS-05480986,19.6,0.13
2013-08-16 14:45:00+00:00,USGS-05480986,19.6,0.13
2013-08-16 15:00:00+00:00,USGS-05480986,19.5,0.13
2013-08-16 15:15:00+00:00,USGS-05480986,19.6,0.13
2013-08-16 15:30:00+00:00,USGS-05480986,19.5,0.13
2013-08-16 15:45:00+00:00,USGS-05480986,19.5,0.13
2013-08-16 16:00:00+00:00,USGS-05480986,19.5,0.1
2013-08-16 16:15:00+00:00,USGS-05480986,19.5,0.13
2013-08-16 16:30:00+00:00,USGS-05480986,19.5,0.1
2013-08-16 16:45:00+00:00,USGS-05480986,19.5,0.1
2013-08-16 17:00:00+00:00,USGS-05480986,19.4,0.1
2013-08-16 17:15:00+00:00,USGS-05480986,19.4,0.15
2013-08-16 17:30:00+00:00,USGS-05480986,19.4,0.1
2013-08-16 17:45:00+00:00,USGS-05480986,19.4,0.1
2013-08-16 18:00:00+00:00,USGS-05480986,19.4,0.1
2013-08-16 18:15:00+00:00,USGS-05480986,19.4,0.1
2013-08-16 18:30:00+00:00,USGS-05480986,19.4,0.13
2013-08-16 18:45:00+00:00,USGS-05480986,19.4,0.13
2013-08-16 19:00:00+00:00,USGS-05480986,19.4,0.13
2013-08-16 19:15:00+00:00,USGS-05480986,19.3,0.13
2013-08-16 19:30:00+00:00,USGS-05480986,19.3,0.13
2013-08-16 19:45:00+00:00,USGS-05480986,19.3,0.13
2013-08-16 20:00:00+00:00,USGS-05480986,19.3,0.13
2013-08-16 20:15:00+00:00,USGS-05480986,19.3,0.13
2013-08-16 20:30:00+00:00,USGS-05480986,19.3,0.13
2013-08-16 20:45:00+00:00,USGS-05480986,19.3,0.13
2013-08-16 21:00:00+00:00,USGS-05480986,19.3,0.13
2013-08-16 21:15:00+00:00,USGS-05480986,19.3,0.13
2013-08-16 21:30:00+00:00,USGS-05480986,19.3,0.13
2013-08-16 21:45:00+00:00,USGS-05480986,19.2,0.13
2013-08-16 22:00:00+00:00,USGS-05480986,19.2,0.13
2013-08-16 22:15:00+00:00,USGS-05480986,19.3,0.13
2013-08-16 22:30:00+00:00,USGS-05480986,19.3,0.13
2013-08-16 22:45:00+00:00,USGS-05480986,19.3,0.13
2013-08-16 23:00:00+00:00,USGS-05480986,19.3,0.13
2013-08-16 23:15:00+00:00,USGS-05480986,19.3,0.13
2013-08-16 23:30:00+00:00,USGS-05480986,19.3,0.13
2013-08-16 23:45:00+00:00,USGS-05480986,19.3,0.13
2013-08-17 00:00:00+00:00,USGS-05480986,19.3,0.13
2013-08-17 00:15:00+00:00,USGS-05480986,19.2,0.13
2013-08-17 00:30:00+00:00,USGS-05480986,19.2,0.13
2013-08-17 00:45:00+00:00,USGS-05480986,19.2,0.13
2013-08-17 01:00:00+00:00,USGS-05480986,19.2,0.13
2013-08-17 01:15:00+00:00,USGS-05480986,19.3,0.13
2013-08-17 01:30:00+00:00,USGS-05480986,19.3,0.13
2013-08-17 01:45:00+00:00,USGS-05480986,19.3,0.13
2013-08-17 02:00:00+00:00,USGS-05480986,19.2,0.13
2013-08-17 02:15:00+00:00,USGS-05480986,19.3,0.13
2013-08-17 02:30:00+00:00,USGS-05480986,19.4,0.13
2013-08-17 02:45:00+00:00,USGS-05480986,19.5,0.13
2013-08-17 03:00:00+00:00,USGS-05480986,19.4,0.13
2013-08-17 03:15:00+00:00,USGS-05480986,19.5,0.13
2013-08-17 03:30:00+00:00,USGS-05480986,19.5,0.13
2013-08-17 03:45:00+00:00,USGS-05480986,19.4,0.13
2013-08-17 04:00:00+00:00,USGS-05480986,19.4,0.13
2013-08-17 04:15:00+00:00,USGS-05480986,19.4,0.13
2013-08-17 04:30:00+00:00,USGS-05480986,19.4,0.13
2013-08-17 04:45:00+00:00,USGS-05480986,19.4,0.13
2013-08-17 05:00:00+00:00,USGS-05480986,19.3,0.13
2013-08-17 05:15:00+00:00,USGS-05480986,19.3,0.1
2013-08-17 05:30:00+00:00,USGS-05480986,19.3,0.1
2013-08-17 05:45:00+00:00,USGS-05480986,19.3,0.1
2013-08-17 06:00:00+00:00,USGS-05480986,19.2,0.1
2013-08-17 06:15:00+00:00,USGS-05480986,19.2,0.1
2013-08-17 06:30:00+00:00,USGS-05480986,19.2,0.1
2013-08-17 06:45:00+00:00,USGS-05480986,19.2,0.1
2013-08-17 07:00:00+00:00,USGS-05480986,19.1,0.1
2013-08-17 07:15:00+00:00,USGS-05480986,19.1,0.1
2013-08-17 07:30:00+00:00,USGS-05480986,19.1,0.1
2013-08-17 07:45:00+00:00,USGS-05480986,19.1,0.1
2013-08-17 08:00:00+00:00,USGS-05480986,19.1,0.1
2013-08-17 08:15:00+00:00,USGS-05480986,19.0,0.1
2013-08-17 08:30:00+00:00,USGS-05480986,19.0,0.1
2013-08-17 08:45:00+00:00,USGS-05480986,19.0,0.08
2013-08-17 09:00:00+00:00,USGS-05480986,19.0,0.08
2013-08-17 09:15:00+00:00,USGS-05480986,18.9,0.08
2013-08-17 09:30:00+00:00,USGS-05480986,18.9,0.08
2013-08-17 09:45:00+00:00,USGS-05480986,18.9,0.08
2013-08-17 10:00:00+00:00,USGS-05480986,18.9,0.08
2013-08-17 10:15:00+00:00,USGS-05480986,18.8,0.1
2013-08-17 10:30:00+00:00,USGS-05480986,18.8,0.1
2013-08-17 10:45:00+00:00,USGS-05480986,18.8,0.1
2013-08-17 11:00:00+00:00,USGS-05480986,18.8,0.08
2013-08-17 11:15:00+00:00,USGS-05480986,18.7,0.1
2013-08-17 11:30:00+00:00,USGS-05480986,18.6,0.1
2013-08-17 11:45:00+00:00,USGS-05480986,18.6,0.08
2013-08-17 12:00:00+00:00,USGS-05480986,18.6,0.08
2013-08-17 12:15:00+00:00,USGS-05480986,18.6,0.08
2013-08-17 12:30:00+00:00,USGS-05480986,18.5,0.1
2013-08-17 12:45:00+00:00,USGS-05480986,18.5,0.1
2013-08-17 13:00:00+00:00,USGS-05480986,18.5,0.1
2013-08-17 13:15:00+00:00,USGS-05480986,18.4,0.1
2013-08-17 13:30:00+00:00,USGS-05480986,18.4,0.1
2013-08-17 13:45:00+00:00,USGS-05480986,18.4,0.1
2013-08-17 14:00:00+00:00,USGS-05480986,18.4,0.1
2013-08-17 14:15:00+00:00,USGS-05480986,18.3,0.1
2013-08-17 14:30:00+00:00,USGS-05480986,18.3,0.1
2013-08-17 14:45:00+00:00,USGS-05480986,18.3,0.1
2013-08-17 15:00:00+00:00,USGS-05480986,18.3,0.1
2013-08-17 15:15:00+00:00,USGS-05480986,18.3,0.1
2013-08-17 15:30:00+00:00,USGS-05480986,18.3,0.1
2013-08-17 15:45:00+00:00,USGS-05480986,18.2,0.1
2013-08-17 16:00:00+00:00,USGS-05480986,18.2,0.1
2013-08-17 16:15:00+00:00,USGS-05480986,18.2,0.1
2013-08-17 16:30:00+00:00,USGS-05480986,18.2,0.1
2013-08-17 16:45:00+00:00,USGS-05480986,18.2,0.1
2013-08-17 17:00:00+00:00,USGS-05480986,18.2,0.1
2013-08-17 17:15:00+00:00,USGS-05480986,18.2,0.1
2013-08-17 17:30:00+00:00,USGS-05480986,18.2,0.1
2013-08-17 17:45:00+00:00,USGS-05480986,18.1,0.1
2013-08-17 18:00:00+00:00,USGS-05480986,18.1,0.1
2013-08-17 18:15:00+00:00,USGS-05480986,18.1,0.1
2013-08-17 18:30:00+00:00,USGS-05480986,18.1,0.1
2013-08-17 18:45:00+00:00,USGS-05480986,18.0,0.1
2013-08-17 19:00:00+00:00,USGS-05480986,18.0,0.13
2013-08-17 19:15:00+00:00,USGS-05480986,18.0,0.1
2013-08-17 19:30:00+00:00,USGS-05480986,18.0,0.1
2013-08-17 19:45:00+00:00,USGS-05480986,18.0,0.13
2013-08-17 20:00:00+00:00,USGS-05480986,18.0,0.13
2013-08-17 20:15:00+00:00,USGS-05480986,18.0,0.13
2013-08-17 20:30:00+00:00,USGS-05480986,17.9,0.13
2013-08-17 20:45:00+00:00,USGS-05480986,17.9,0.1
2013-08-17 21:00:00+00:00,USGS-05480986,17.9,0.1
2013-08-17 21:15:00+00:00,USGS-05480986,17.9,0.1
2013-08-17 21:30:00+00:00,USGS-05480986,17.9,0.1
2013-08-17 21:45:00+00:00,USGS-05480986,17.9,0.1
2013-08-17 22:00:00+00:00,USGS-05480986,17.9,0.1
2013-08-17 22:15:00+00:00,USGS-05480986,17.9,0.1
2013-08-17 22:30:00+00:00,USGS-05480986,18.0,0.1
2013-08-17 22:45:00+00:00,USGS-05480986,18.0,0.1
2013-08-17 23:00:00+00:00,USGS-05480986,18.0,0.1
2013-08-17 23:15:00+00:00,USGS-05480986,18.0,0.1
2013-08-17 23:30:00+00:00,USGS-05480986,17.9,0.1
2013-08-17 23:45:00+00:00,USGS-05480986,17.9,0.1
2013-08-18 00:00:00+00:00,USGS-05480986,17.9,0.1
2013-08-18 00:15:00+00:00,USGS-05480986,17.9,0.1
2013-08-18 00:30:00+00:00,USGS-05480986,17.9,0.1
2013-08-18 00:45:00+00:00,USGS-05480986,17.9,0.1
2013-08-18 01:00:00+00:00,USGS-05480986,17.9,0.1
2013-08-18 01:15:00+00:00,USGS-05480986,17.9,0.1
2013-08-18 01:30:00+00:00,USGS-05480986,17.8,0.1
2013-08-18 01:45:00+00:00,USGS-05480986,17.8,0.1
2013-08-18 02:00:00+00:00,USGS-05480986,17.8,0.1
2013-08-18 02:15:00+00:00,USGS-05480986,17.8,0.1
2013-08-18 02:30:00+00:00,USGS-05480986,17.9,0.1
2013-08-18 02:45:00+00:00,USGS-05480986,17.9,0.1
2013-08-18 03:00:00+00:00,USGS-05480986,18.0,0.1
2013-08-18 03:15:00+00:00,USGS-05480986,18.0,0.1
2013-08-18 03:30:00+00:00,USGS-05480986,17.9,0.1
2013-08-18 03:45:00+00:00,USGS-05480986,17.9,0.1
2013-08-18 04:00:00+00:00,USGS-05480986,17.9,0.1
2013-08-18 04:15:00+00:00,USGS-05480986,17.9,0.1
2013-08-18 04:30:00+00:00,USGS-05480986,17.9,0.1
2013-08-18 04:45:00+00:00,USGS-05480986,17.9,0.1
2013-08-18 05:00:00+00:00,USGS-05480986,17.9,0.1
2013-08-18 05:15:00+00:00,USGS-05480986,17.8,0.1
2013-08-18 05:30:00+00:00,USGS-05480986,17.8,0.08
2013-08-18 05:45:00+00:00,USGS-05480986,17.8,0.08
2013-08-18 06:00:00+00:00,USGS-05480986,17.8,0.08
2013-08-18 06:15:00+00:00,USGS-05480986,17.8,0.08
2013-08-18 06:30:00+00:00,USGS-05480986,17.7,0.08
2013-08-18 06:45:00+00:00,USGS-05480986,17.7,0.08
2013-08-18 07:00:00+00:00,USGS-05480986,17.7,0.08
2013-08-18 07:15:00+00:00,USGS-05480986,17.6,0.08
2013-08-18 07:30:00+00:00,USGS-05480986,17.6,0.08
2013-08-18 07:45:00+00:00,USGS-05480986,17.6,0.08
2013-08-18 08:00:00+00:00,USGS-05480986,17.6,0.08
2013-08-18 08:15:00+00:00,USGS-05480986,17.5,0.08
2013-08-18 08:30:00+00:00,USGS-05480986,17.5,0.1
2013-08-18 08:45:00+00:00,USGS-05480986,17.4,0.1
2013-08-18 09:00:00+00:00,USGS-05480986,17.4,0.1
2013-08-18 09:15:00+00:00,USGS-05480986,17.4,0.1
2013-08-18 09:30:00+00:00,USGS-05480986,17.4,0.1
2013-08-18 09:45:00+00:00,USGS-05480986,17.4,0.1
2013-08-18 10:00:00+00:00,USGS-05480986,17.4,0.1
2013-08-18 10:15:00+00:00,USGS-05480986,17.3,0.1
2013-08-18 10:30:00+00:00,USGS-05480986,17.3,0.1
2013-08-18 10:45:00+00:00,USGS-05480986,17.3,0.1
2013-08-18 11:00:00+00:00,USGS-05480986,17.3,0.1
2013-08-18 11:15:00+00:00,USGS-05480986,17.2,0.08
2013-08-18 11:30:00+00:00,USGS-05480986,17.2,0.1
2013-08-18 11:45:00+00:00,USGS-05480986,17.2,0.1
2013-08-18 12:00:00+00:00,USGS-05480986,17.2,0.1
2013-08-18 12:15:00+00:00,USGS-05480986,17.1,0.1
2013-08-18 12:30:00+00:00,USGS-05480986,17.1,0.1
2013-08-18 12:45:00+00:00,USGS-05480986,17.1,0.1
2013-08-18 13:00:00+00:00,USGS-05480986,17.1,0.1
2013-08-18 13:15:00+00:00,USGS-05480986,17.0,0.1
2013-08-18 13:30:00+00:00,USGS-05480986,17.0,0.1
2013-08-18 13:45:00+00:00,USGS-05480986,16.9,0.1
2013-08-18 14:00:00+00:00,USGS-05480986,16.9,0.1
2013-08-18 14:15:00+00:00,USGS-05480986,16.9,0.1
2013-08-18 14:30:00+00:00,USGS-05480986,16.9,0.1
2013-08-18 14:45:00+00:00,USGS-05480986,16.9,0.1
2013-08-18 15:00:00+00:00,USGS-05480986,16.9,0.08
2013-08-18 15:15:00+00:00,USGS-05480986,16.9,0.08
2013-08-18 15:30:00+00:00,USGS-05480986,17.0,0.08
2013-08-18 15:45:00+00:00,USGS-05480986,17.0,0.08
2013-08-18 16:00:00+00:00,USGS-05480986,17.1,0.08
2013-08-18 16:15:00+00:00,USGS-05480986,17.1,0.08
2013-08-18 16:30:00+00:00,USGS-05480986,17.0,0.08
2013-08-18 16:45:00+00:00,USGS-05480986,17.0,0.08
2013-08-18 17:00:00+00:00,USGS-05480986,17.0,0.08
2013-08-18 17:15:00+00:00,USGS-05480986,17.0,0.08
2013-08-18 17:30:00+00:00,USGS-05480986,17.0,0.08
2013-08-18 17:45:00+00:00,USGS-05480986,17.0,0.06
2013-08-18 18:00:00+00:00,USGS-05480986,17.0,0.06
2013-08-18 18:15:00+00:00,USGS-05480986,16.9,0.06
2013-08-18 18:30:00+00:00,USGS-05480986,16.9,0.06
2013-08-18 18:45:00+00:00,USGS-05480986,16.9,0.06
2013-08-18 19:00:00+00:00,USGS-05480986,16.9,0.08
2013-08-18 19:15:00+00:00,USGS-05480986,16.9,0.08
2013-08-18 19:30:00+00:00,USGS-05480986,16.9,0.08
2013-08-18 19:45:00+00:00,USGS-05480986,16.9,0.08
2013-08-18 20:00:00+00:00,USGS-05480986,16.8,0.08
2013-08-18 20:15:00+00:00,USGS-05480986,16.8,0.08
2013-08-18 20:30:00+00:00,USGS-05480986,16.8,0.08
2013-08-18 20:45:00+00:00,USGS-05480986,16.8,0.08
2013-08-18 21:00:00+00:00,USGS-05480986,16.8,0.08
2013-08-18 21:15:00+00:00,USGS-05480986,16.7,0.08
2013-08-18 21:30:00+00:00,USGS-05480986,16.7,0.08
2013-08-18 21:45:00+00:00,USGS-05480986,16.7,0.08
2013-08-18 22:00:00+00:00,USGS-05480986,16.7,0.08
2013-08-18 22:15:00+00:00,USGS-05480986,16.7,0.08
2013-08-18 22:30:00+00:00,USGS-05480986,16.7,0.08
2013-08-18 22:45:00+00:00,USGS-05480986,16.6,0.06
2013-08-18 23:00:00+00:00,USGS-05480986,16.7,0.06
2013-08-18 23:15:00+00:00,USGS-05480986,16.6,0.06
2013-08-18 23:30:00+00:00,USGS-05480986,16.6,0.06
2013-08-18 23:45:00+00:00,USGS-05480986,16.6,0.06
2013-08-19 00:00:00+00:00,USGS-05480986,16.6,0.06
2013-08-19 00:15:00+00:00,USGS-05480986,16.6,0.06
2013-08-19 00:30:00+00:00,USGS-05480986,16.6,0.06
2013-08-19 00:45:00+00:00,USGS-05480986,16.6,0.06
2013-08-19 01:00:00+00:00,USGS-05480986,16.6,0.06
2013-08-19 01:15:00+00:00,USGS-05480986,16.6,0.06
2013-08-19 01:30:00+00:00,USGS-05480986,16.6,0.06
2013-08-19 01:45:00+00:00,USGS-05480986,16.6,0.06
2013-08-19 02:00:00+00:00,USGS-05480986,16.5,0.06
2013-08-19 02:15:00+00:00,USGS-05480986,16.5,0.08
2013-08-19 02:30:00+00:00,USGS-05480986,16.4,0.08
2013-08-19 02:45:00+00:00,USGS-05480986,16.4,0.08
2013-08-19 03:00:00+00:00,USGS-05480986,16.4,0.08
2013-08-19 03:15:00+00:00,USGS-05480986,16.4,0.08
2013-08-19 03:30:00+00:00,USGS-05480986,16.4,0.1
2013-08-19 03:45:00+00:00,USGS-05480986,16.4,0.1
2013-08-19 04:00:00+00:00,USGS-05480986,16.4,0.1
2013-08-19 04:15:00+00:00,USGS-05480986,16.4,0.1
2013-08-19 04:30:00+00:00,USGS-05480986,16.4,0.08
2013-08-19 04:45:00+00:00,USGS-05480986,16.4,0.08
2013-08-19 05:00:00+00:00,USGS-05480986,16.4,0.08
2013-08-19 05:15:00+00:00,USGS-05480986,16.4,0.08
2013-08-19 05:30:00+00:00,USGS-05480986,16.4,0.08
2013-08-19 05:45:00+00:00,USGS-05480986,16.3,0.08
2013-08-19 06:00:00+00:00,USGS-05480986,16.3,0.08
2013-08-19 06:15:00+00:00,USGS-05480986,16.2,0.08
2013-08-19 06:30:00+00:00,USGS-05480986,16.2,0.08
2013-08-19 06:45:00+00:00,USGS-05480986,16.2,0.08
2013-08-19 07:00:00+00:00,USGS-05480986,16.2,0.08
2013-08-19 07:15:00+00:00,USGS-05480986,16.2,0.08
2013-08-19 07:30:00+00:00,USGS-05480986,16.1,0.08
2013-08-19 07:45:00+00:00,USGS-05480986,16.1,0.08
2013-08-19 08:00:00+00:00,USGS-05480986,16.1,0.06
2013-08-19 08:15:00+00:00,USGS-05480986,16.1,0.06
2013-08-19 08:30:00+00:00,USGS-05480986,16.0,0.06
2013-08-19 08:45:00+00:00,USGS-05480986,16.0,0.06
2013-08-19 09:00:00+00:00,USGS-05480986,16.0,0.06
2013-08-19 09:15:00+00:00,USGS-05480986,16.0,0.04
2013-08-19 09:30:00+00:00,USGS-05480986,16.0,0.04
2013-08-19 09:45:00+00:00,USGS-05480986,15.9,0.04
2013-08-19 10:00:00+00:00,USGS-05480986,16.0,0.04
2013-08-19 10:15:00+00:00,USGS-05480986,15.9,0.04
2013-08-19 10:30:00+00:00,USGS-05480986,15.9,0.04
2013-08-19 10:45:00+00:00,USGS-05480986,15.9,0.03
2013-08-19 11:00:00+00:00,USGS-05480986,15.9,0.03
2013-08-19 11:15:00+00:00,USGS-05480986,15.9,0.03
2013-08-19 11:30:00+00:00,USGS-05480986,15.9,0.03
2013-08-19 11:45:00+00:00,USGS-05480986,15.9,0.03
2013-08-19 12:00:00+00:00,USGS-05480986,15.8,0.03
2013-08-19 12:15:00+00:00,USGS-05480986,15.8,0.03
2013-08-19 12:30:00+00:00,USGS-05480986,15.8,0.03
2013-08-19 12:45:00+00:00,USGS-05480986,15.8,0.03
2013-08-19 13:00:00+00:00,USGS-05480986,15.8,0.03
2013-08-19 13:15:00+00:00,USGS-05480986,15.8,0.03
2013-08-19 13:30:00+00:00,USGS-05480986,15.7,0.03
2013-08-19 13:45:00+00:00,USGS-05480986,15.7,0.03
2013-08-19 14:00:00+00:00,USGS-05480986,15.7,0.03
2013-08-19 14:15:00+00:00,USGS-05480986,15.7,0.03
2013-08-19 14:30:00+00:00,USGS-05480986,15.7,0.03
2013-08-19 14:45:00+00:00,USGS-05480986,15.6,0.03
2013-08-19 15:00:00+00:00,USGS-05480986,15.6,0.04
2013-08-19 15:15:00+00:00,USGS-05480986,15.6,0.04
2013-08-19 15:30:00+00:00,USGS-05480986,15.6,0.04
2013-08-19 15:45:00+00:00,USGS-05480986,15.6,0.04
2013-08-19 16:00:00+00:00,USGS-05480986,15.6,0.04
2013-08-19 16:15:00+00:00,USGS-05480986,15.6,0.04
2013-08-19 16:30:00+00:00,USGS-05480986,15.6,0.04
2013-08-19 16:45:00+00:00,USGS-05480986,15.6,0.04
2013-08-19 17:00:00+00:00,USGS-05480986,15.5,0.04
2013-08-19 17:15:00+00:00,USGS-05480986,15.5,0.04
2013-08-19 17:30:00+00:00,USGS-05480986,15.5,0.04
2013-08-19 17:45:00+00:00,USGS-05480986,15.4,0.04
2013-08-19 18:00:00+00:00,USGS-05480986,15.4,0.04
2013-08-19 18:15:00+00:00,USGS-05480986,15.4,0.04
2013-08-19 18:30:00+00:00,USGS-05480986,15.4,0.04
2013-08-19 18:45:00+00:00,USGS-05480986,15.3,0.04
2013-08-19 19:00:00+00:00,USGS-05480986,15.3,0.04
2013-08-19 19:15:00+00:00,USGS-05480986,15.3,0.04
2013-08-19 19:30:00+00:00,USGS-05480986,15.2,0.04
2013-08-19 19:45:00+00:00,USGS-05480986,15.2,0.04
2013-08-19 20:00:00+00:00,USGS-05480986,15.1,0.04
2013-08-19 20:15:00+00:00,USGS-05480986,15.1,0.04
2013-08-19 20:30:00+00:00,USGS-05480986,15.1,0.04
2013-08-19 20:45:00+00:00,USGS-05480986,15.1,0.03
2013-08-19 21:00:00+00:00,USGS-05480986,15.0,0.03
2013-08-19 21:15:00+00:00,USGS-05480986,15.0,0.03
2013-08-19 21:30:00+00:00,USGS-05480986,15.0,0.03
2013-08-19 21:45:00+00:00,USGS-05480986,15.0,0.03
2013-08-19 22:00:00+00:00,USGS-05480986,15.0,0.03
2013-08-19 22:15:00+00:00,USGS-05480986,14.9,0.03
2013-08-19 22:30:00+00:00,USGS-05480986,14.9,0.03
2013-08-19 22:45:00+00:00,USGS-05480986,14.9,0.03
2013-08-19 23:00:00+00:00,USGS-05480986,14.9,0.03
2013-08-19 23:15:00+00:00,USGS-05480986,14.9,0.03
2013-08-19 23:30:00+00:00,USGS-05480986,14.8,0.03
2013-08-19 23:45:00+00:00,USGS-05480986,14.8,0.03
2013-08-20 00:00:00+00:00,USGS-05480986,14.8,0.03
2013-08-20 00:15:00+00:00,USGS-05480986,14.7,0.03
2013-08-20 00:30:00+00:00,USGS-05480986,14.7,0.03
2013-08-20 00:45:00+00:00,USGS-05480986,14.6,0.03
2013-08-20 01:00:00+00:00,USGS-05480986,14.6,0.03
2013-08-20 01:15:00+00:00,USGS-05480986,14.6,0.03
2013-08-20 01:30:00+00:00,USGS-05480986,14.5,0.03
2013-08-20 01:45:00+00:00,USGS-05480986,14.6,0.03
2013-08-20 02:00:00+00:00,USGS-05480986,14.5,0.03
2013-08-20 02:15:00+00:00,USGS-05480986,14.5,0.04
2013-08-20 02:30:00+00:00,USGS-05480986,14.4,0.04
2013-08-20 02:45:00+00:00,USGS-05480986,14.4,0.04
2013-08-20 03:00:00+00:00,USGS-05480986,14.4,0.04
2013-08-20 03:15:00+00:00,USGS-05480986,14.4,0.04
2013-08-20 03:30:00+00:00,USGS-05480986,14.4,0.04
2013-08-20 03:45:00+00:00,USGS-05480986,14.4,0.04
2013-08-20 04:00:00+00:00,USGS-05480986,14.4,0.04
2013-08-20 04:15:00+00:00,USGS-05480986,14.4,0.04
2013-08-20 04:30:00+00:00,USGS-05480986,14.4,0.04
2013-08-20 04:45:00+00:00,USGS-05480986,14.4,0.04
2013-08-20 05:00:00+00:00,USGS-05480986,14.4,0.04
2013-08-20 05:15:00+00:00,USGS-05480986,14.4,0.04
2013-08-20 05:30:00+00:00,USGS-05480986,14.4,0.04
2013-08-20 05:45:00+00:00,USGS-05480986,14.4,0.04
2013-08-20 06:00:00+00:00,USGS-05480986,14.3,0.04
2013-08-20 06:15:00+00:00,USGS-05480986,14.3,0.04
2013-08-20 06:30:00+00:00,USGS-05480986,14.3,0.04
2013-08-20 06:45:00+00:00,USGS-05480986,14.3,0.04
2013-08-20 07:00:00+00:00,USGS-05480986,14.3,0.04
2013-08-20 07:15:00+00:00,USGS-05480986,14.3,0.04
2013-08-20 07:30:00+00:00,USGS-05480986,14.2,0.04
2013-08-20 07:45:00+00:00,USGS-05480986,14.2,0.04
2013-08-20 08:00:00+00:00,USGS-05480986,14.2,0.04
2013-08-20 08:15:00+00:00,USGS-05480986,14.2,0.04
2013-08-20 08:30:00+00:00,USGS-05480986,14.2,0.04
2013-08-20 08:45:00+00:00,USGS-05480986,14.2,0.03
2013-08-20 09:00:00+00:00,USGS-05480986,14.2,0.03
2013-08-20 09:15:00+00:00,USGS-05480986,14.2,0.03
2013-08-20 09:30:00+00:00,USGS-05480986,14.1,0.03
2013-08-20 09:45:00+00:00,USGS-05480986,14.1,0.03
2013-08-20 10:00:00+00:00,USGS-05480986,14.1,0.03
2013-08-20 10:15:00+00:00,USGS-05480986,14.0,0.02
2013-08-20 10:30:00+00:00,USGS-05480986,14.0,0.02
2013-08-20 10:45:00+00:00,USGS-05480986,14.0,0.02
2013-08-20 11:00:00+00:00,USGS-05480986,14.0,0.02
2013-08-20 11:15:00+00:00,USGS-05480986,14.0,0.02
2013-08-20 11:30:00+00:00,USGS-05480986,14.0,0.02
2013-08-20 11:45:00+00:00,USGS-05480986,14.0,0.02
2013-08-20 12:00:00+00:00,USGS-05480986,14.0,0.02
2013-08-20 12:15:00+00:00,USGS-05480986,14.0,0.02
2013-08-20 12:30:00+00:00,USGS-05480986,13.9,0.01
2013-08-20 12:45:00+00:00,USGS-05480986,13.9,0.01
2013-08-20 13:00:00+00:00,USGS-05480986,13.9,0.01
2013-08-20 13:15:00+00:00,USGS-05480986,13.9,0.01
2013-08-20 13:30:00+00:00,USGS-05480986,13.9,0.01
2013-08-20 13:45:00+00:00,USGS-05480986,13.9,0.01
2013-08-20 14:00:00+00:00,USGS-05480986,13.9,0.01
2013-08-20 14:15:00+00:00,USGS-05480986,13.9,0.01
2013-08-20 14:30:00+00:00,USGS-05480986,13.8,0.01
2013-08-20 14:45:00+00:00,USGS-05480986,13.8,0.01
2013-08-20 15:00:00+00:00,USGS-05480986,13.9,0.01
2013-08-20 15:15:00+00:00,USGS-05480986,13.8,0.01
2013-08-20 15:30:00+00:00,USGS-05480986,13.8,0.01
2013-08-20 15:45:00+00:00,USGS-05480986,13.8,0.01
2013-08-20 16:00:00+00:00,USGS-05480986,13.8,0.01
2013-08-20 16:15:00+00:00,USGS-05480986,13.8,0.01
2013-08-20 16:30:00+00:00,USGS-05480986,13.7,0.01
2013-08-20 16:45:00+00:00,USGS-05480986,13.7,0.01
2013-08-20 17:00:00+00:00,USGS-05480986,13.7,0.01
2013-08-20 17:15:00+00:00,USGS-05480986,13.7,0.01
2013-08-20 17:30:00+00:00,USGS-05480986,13.7,0.01
2013-08-20 17:45:00+00:00,USGS-05480986,13.7,0.01
2013-08-20 18:00:00+00:00,USGS-05480986,13.6,0.01
2013-08-20 18:15:00+00:00,USGS-05480986,13.6,0.01
2013-08-20 18:30:00+00:00,USGS-05480986,13.6,0.01
2013-08-20 18:45:00+00:00,USGS-05480986,13.6,0.01
2013-08-20 19:00:00+00:00,USGS-05480986,13.6,0.01
2013-08-20 19:15:00+00:00,USGS-05480986,13.6,0.01
2013-08-20 19:30:00+00:00,USGS-05480986,13.6,0.01
2013-08-20 19:45:00+00:00,USGS-05480986,13.5,0.01
2013-08-20 20:00:00+00:00,USGS-05480986,13.5,0.01
2013-08-20 20:15:00+00:00,USGS-05480986,13.5,0.01
2013-08-20 20:30:00+00:00,USGS-05480986,13.5,0.01
2013-08-20 20:45:00+00:00,USGS-05480986,13.5,0.01
2013-08-20 21:00:00+00:00,USGS-05480986,13.5,0.01
2013-08-20 21:15:00+00:00,USGS-05480986,13.5,0.01
2013-08-20 21:30:00+00:00,USGS-05480986,13.4,0.01
2013-08-20 21:45:00+00:00,USGS-05480986,13.4,0.01
2013-08-20 22:00:00+00:00,USGS-05480986,13.4,0.01
2013-08-20 22:15:00+00:00,USGS-05480986,13.4,0.01
2013-08-20 22:30:00+00:00,USGS-05480986,13.3,0.01
2013-08-20 22:45:00+00:00,USGS-05480986,13.3,0.01
2013-08-20 23:00:00+00:00,USGS-05480986,13.3,0.01
2013-08-20 23:15:00+00:00,USGS-05480986,13.3,0.01
2013-08-20 23:30:00+00:00,USGS-05480986,13.2,0.01
2013-08-20 23:45:00+00:00,USGS-05480986,13.2,0.01
2013-08-21 00:00:00+00:00,USGS-05480986,13.2,0.01
2013-08-21 00:15:00+00:00,USGS-05480986,13.2,0.01
2013-08-21 00:30:00+00:00,USGS-05480986,13.1,0.01
2013-08-21 00:45:00+00:00,USGS-05480986,13.1,0.01
2013-08-21 01:00:00+00:00,USGS-05480986,13.0,0.01
2013-08-21 01:15:00+00:00,USGS-05480986,13.0,0.01
2013-08-21 01:30:00+00:00,USGS-05480986,13.0,0.01
2013-08-21 01:45:00+00:00,USGS-05480986,13.0,0.01
2013-08-21 02:00:00+00:00,USGS-05480986,12.9,0.01
2013-08-21 02:15:00+00:00,USGS-05480986,12.9,0.01
2013-08-21 02:30:00+00:00,USGS-05480986,12.9,0.01
2013-08-21 02:45:00+00:00,USGS-05480986,12.8,0.01
2013-08-21 03:00:00+00:00,USGS-05480986,12.8,0.01
2013-08-21 03:15:00+00:00,USGS-05480986,12.8,0.01
2013-08-21 03:30:00+00:00,USGS-05480986,12.8,0.01
2013-08-21 03:45:00+00:00,USGS-05480986,12.7,0.01
2013-08-21 04:00:00+00:00,USGS-05480986,12.7,0.01
2013-08-21 04:15:00+00:00,USGS-05480986,12.6,0.01
2013-08-21 04:30:00+00:00,USGS-05480986,12.6,0.01
2013-08-21 04:45:00+00:00,USGS-05480986,12.6,0.01
2013-08-21 05:00:00+00:00,USGS-05480986,,0.01
