{"type":"FeatureCollection","features":[{"type":"Feature","properties":{},"geometry":{"type":"Polygon","coordinates":[[[-95.08453,40.75935],[-95.08035,40.76303],[-95.07627,40.76415],[-95.07379,40.77145],[-95.07477,40.77597],[-95.08115,40.77897],[-95.08177,40.78065],[-95.08157,40.78689],[-95.08391,40.79215],[-95.08226,40.79412],[-95.08147,40.80238],[-95.08662,40.80614],[-95.08762,40.81066],[-95.08436,40.81305],[-95.08639,40.82032],[-95.08171,40.82402],[-95.08075,40.82788],[-95.08025,40.83154],[-95.08158,40.83366],[-95.07955,40.83779],[-95.07944,40.84572],[-95.07492,40.84968],[-95.07522,40.85397],[-95.07986,40.85642],[-95.07384,40.86185],[-95.07269,40.8703],[-95.07782,40.87489],[-95.07071,40.88117],[-95.06436,40.87987],[-95.05581,40.88316],[-95.05398,40.8865],[-95.05333,40.8936],[-95.05817,40.89613],[-95.05939,40.90385],[-95.06156,40.90587],[-95.05484,40.90955],[-95.05445,40.91336],[-95.04593,40.92077],[-95.04772,40.9252],[-95.04265,40.92821],[-95.04032,40.93807],[-95.04545,40.94765],[-95.04486,40.95073],[-95.04992,40.956],[-95.06452,40.95826],[-95.06613,40.96013],[-95.06188,40.96747],[-95.06521,40.97055],[-95.06267,40.97377],[-95.06551,40.97705],[-95.06432,40.98426],[-95.06807,40.9883],[-95.06437,40.99852],[-95.06199,40.99824],[-95.05934,41.00044],[-95.06121,41.00321],[-95.05916,41.01032],[-95.05518,41.0119],[-95.05594,41.01504],[-95.05403,41.01725],[-95.0563,41.02046],[-95.05453,41.02391],[-95.05823,41.02612],[-95.05779,41.03081],[-95.05365,41.03347],[-95.0486,41.03434],[-95.04542,41.03913],[-95.04484,41.0448],[-95.04213,41.04583],[-95.04296,41.04808],[-95.04149,41.05078],[-95.04133,41.05465],[-95.04571,41.05649],[-95.04536,41.06415],[-95.04846,41.06389],[-95.05445,41.06682],[-95.05482,41.06869],[-95.05134,41.06956],[-95.04785,41.07588],[-95.05598,41.07937],[-95.0622,41.07855],[-95.06507,41.08003],[-95.06374,41.08705],[-95.06545,41.0906],[-95.06282,41.09536],[-95.05753,41.09794],[-95.05815,41.10412],[-95.05303,41.10657],[-95.05078,41.10951],[-95.05571,41.11908],[-95.04642,41.12839],[-95.04787,41.13],[-95.06331,41.13146],[-95.06575,41.13711],[-95.06174,41.1402],[-95.05781,41.14074],[-95.05839,41.14417],[-95.06429,41.15234],[-95.0628,41.15413],[-95.06295,41.15826],[-95.05911,41.15921],[-95.06019,41.16504],[-95.05741,41.16867],[-95.05929,41.17488],[-95.05697,41.17933],[-95.05918,41.18277],[-95.06272,41.1846],[-95.0635,41.18733],[-95.05937,41.19466],[-95.06132,41.19951],[-95.05915,41.2003],[-95.06807,41.20042],[-95.07105,41.19868],[-95.07983,41.19778],[-95.08518,41.19459],[-95.08219,41.19069],[-95.08537,41.18418],[-95.08318,41.18226],[-95.08299,41.17799],[-95.08731,41.17613],[-95.08775,41.17328],[-95.08516,41.17006],[-95.09172,41.16329],[-95.08815,41.16031],[-95.08894,41.15469],[-95.09906,41.15289],[-95.09493,41.14705],[-95.09542,41.14382],[-95.09846,41.1427],[-95.09892,41.13493],[-95.10135,41.13207],[-95.10101,41.12407],[-95.1027,41.1213],[-95.10505,41.12096],[-95.10746,41.11517],[-95.11049,41.11332],[-95.12185,41.11607],[-95.12609,41.11306],[-95.12823,41.10933],[-95.12415,41.1051],[-95.12816,41.10258],[-95.12788,41.10076],[-95.12969,41.09919],[-95.13397,41.09713],[-95.13654,41.09313],[-95.13461,41.08986],[-95.13592,41.08508],[-95.12796,41.07623],[-95.12896,41.06924],[-95.13437,41.06417],[-95.1358,41.06065],[-95.13815,41.06027],[-95.1406,41.05065],[-95.14394,41.04977],[-95.14647,41.04606],[-95.15438,41.04368],[-95.16128,41.0393],[-95.16562,41.03893],[-95.16477,41.03396],[-95.1663,41.03258],[-95.16627,41.02861],[-95.1741,41.0213],[-95.17256,41.01707],[-95.17708,41.01194],[-95.17305,41.00931],[-95.17132,41.00553],[-95.1718,41.00279],[-95.17542,41.00067],[-95.17215,40.99024],[-95.17253,40.98509],[-95.1737,40.98233],[-95.17689,40.98062],[-95.17516,40.9783],[-95.17607,40.97576],[-95.17938,40.97671],[-95.18564,40.97516],[-95.18838,40.97651],[-95.19318,40.97054],[-95.19188,40.96818],[-95.198,40.95754],[-95.19623,40.94803],[-95.2015,40.93721],[-95.20109,40.93429],[-95.19615,40.93216],[-95.19798,40.92873],[-95.19665,40.91814],[-95.19787,40.91646],[-95.19638,40.91272],[-95.19824,40.91044],[-95.19607,40.90752],[-95.1983,40.90284],[-95.19438,40.89949],[-95.19654,40.89668],[-95.19503,40.892],[-95.19685,40.89029],[-95.19685,40.88588],[-95.20264,40.88216],[-95.20519,40.87843],[-95.21186,40.87639],[-95.21174,40.873],[-95.21434,40.87204],[-95.21477,40.86949],[-95.21749,40.86854],[-95.21883,40.86595],[-95.23046,40.86519],[-95.23144,40.86169],[-95.2341,40.86051],[-95.23488,40.85854],[-95.23256,40.85573],[-95.23852,40.84943],[-95.23377,40.84796],[-95.22993,40.8442],[-95.22885,40.82664],[-95.2358,40.81305],[-95.23614,40.80414],[-95.23941,40.79983],[-95.24232,40.79896],[-95.24656,40.79852],[-95.25123,40.80102],[-95.25874,40.79844],[-95.2642,40.79547],[-95.26997,40.78794],[-95.27224,40.78759],[-95.27316,40.78187],[-95.2773,40.77964],[-95.28586,40.78005],[-95.28509,40.76727],[-95.29532,40.76591],[-95.2977,40.76239],[-95.30083,40.75228],[-95.29945,40.74664],[-95.30153,40.74297],[-95.30429,40.74315],[-95.30887,40.73571],[-95.30763,40.73258],[-95.30934,40.72446],[-95.31617,40.72236],[-95.32168,40.71652],[-95.32528,40.71555],[-95.3263,40.7117],[-95.32986,40.70908],[-95.32978,40.69698],[-95.33416,40.69599],[-95.3345,40.6923],[-95.33834,40.68712],[-95.34373,40.68473],[-95.34467,40.67943],[-95.34883,40.67512],[-95.35852,40.67168],[-95.36489,40.67411],[-95.37075,40.67082],[-95.37809,40.67229],[-95.38216,40.66966],[-95.39145,40.68101],[-95.39588,40.6798],[-95.39996,40.68299],[-95.40283,40.6802],[-95.40828,40.6859],[-95.41124,40.687],[-95.41099,40.68881],[-95.41974,40.68905],[-95.4232,40.68351],[-95.44414,40.67709],[-95.45306,40.66875],[-95.46017,40.67001],[-95.46375,40.66114],[-95.46598,40.65959],[-95.46993,40.65989],[-95.47891,40.65241],[-95.48316,40.65305],[-95.48687,40.64918],[-95.48719,40.64522],[-95.49612,40.64686],[-95.4971,40.64423],[-95.50976,40.64075],[-95.51565,40.64552],[-95.52088,40.64689],[-95.52339,40.6458],[-95.52599,40.64872],[-95.5255,40.65494],[-95.53014,40.6591],[-95.53636,40.66841],[-95.55574,40.67253],[-95.55671,40.67426],[-95.56188,40.67407],[-95.56698,40.67168],[-95.56987,40.66493],[-95.58008,40.66538],[-95.58133,40.66901],[-95.5841,40.66944],[-95.58752,40.67303],[-95.59317,40.67094],[-95.59941,40.66437],[-95.60243,40.66708],[-95.59547,40.67181],[-95.59315,40.6767],[-95.58573,40.68033],[-95.58115,40.68496],[-95.58027,40.69354],[-95.57254,40.69762],[-95.56747,40.69669],[-95.56454,40.6992],[-95.56259,40.69853],[-95.56107,40.70442],[-95.56263,40.70997],[-95.55796,40.71218],[-95.55834,40.71639],[-95.55583,40.71772],[-95.55384,40.72161],[-95.54598,40.72648],[-95.54358,40.73193],[-95.54065,40.73242],[-95.53847,40.73595],[-95.5252,40.73938],[-95.52532,40.74564],[-95.52139,40.74888],[-95.52064,40.75192],[-95.52224,40.75303],[-95.51842,40.75929],[-95.51501,40.76089],[-95.51065,40.75963],[-95.50857,40.76182],[-95.50491,40.75766],[-95.49849,40.75754],[-95.49386,40.76689],[-95.48985,40.76776],[-95.48684,40.76641],[-95.48343,40.76922],[-95.47215,40.76606],[-95.4652,40.76888],[-95.46117,40.77502],[-95.45639,40.77382],[-95.45525,40.77579],[-95.45005,40.77631],[-95.43671,40.78617],[-95.43327,40.7876],[-95.42918,40.78667],[-95.42665,40.78853],[-95.42711,40.79077],[-95.42484,40.79287],[-95.42288,40.799],[-95.41993,40.80095],[-95.41616,40.80054],[-95.41574,40.80427],[-95.4179,40.80617],[-95.41215,40.80856],[-95.41299,40.81081],[-95.41139,40.81338],[-95.40995,40.81298],[-95.40329,40.81772],[-95.3992,40.82372],[-95.39572,40.8235],[-95.39258,40.83311],[-95.38861,40.83261],[-95.38141,40.84015],[-95.37911,40.83935],[-95.37583,40.84291],[-95.37215,40.8525],[-95.37319,40.85481],[-95.37083,40.85872],[-95.36722,40.86058],[-95.36333,40.85937],[-95.36035,40.86073],[-95.36066,40.865],[-95.35743,40.86616],[-95.34819,40.87882],[-95.34795,40.88781],[-95.34346,40.89025],[-95.3438,40.89277],[-95.33545,40.89885],[-95.3327,40.90445],[-95.32984,40.9054],[-95.33016,40.90995],[-95.3269,40.91371],[-95.31815,40.91599],[-95.31664,40.91912],[-95.31764,40.92142],[-95.31603,40.92301],[-95.31845,40.92503],[-95.31886,40.92938],[-95.31426,40.93598],[-95.31641,40.9373],[-95.31009,40.94226],[-95.31317,40.94825],[-95.31601,40.94989],[-95.31519,40.95584],[-95.31156,40.96149],[-95.31391,40.9649],[-95.31174,40.96865],[-95.30844,40.96926],[-95.30513,40.97224],[-95.30602,40.9759],[-95.31012,40.97629],[-95.3085,40.97846],[-95.30862,40.98298],[-95.30682,40.98324],[-95.3084,40.98517],[-95.30325,40.98921],[-95.30458,40.99153],[-95.30061,40.99487],[-95.30186,40.9962],[-95.30044,40.99838],[-95.2984,40.99868],[-95.29652,41.00147],[-95.28722,41.00242],[-95.2883,41.00532],[-95.28592,41.01179],[-95.28097,41.01551],[-95.28318,41.01749],[-95.28332,41.0239],[-95.27944,41.02488],[-95.27778,41.03038],[-95.27177,41.03556],[-95.27161,41.03976],[-95.27387,41.0412],[-95.26931,41.04786],[-95.27032,41.05173],[-95.26651,41.05418],[-95.26584,41.06057],[-95.26308,41.06508],[-95.25939,41.06589],[-95.25908,41.06904],[-95.25446,41.07487],[-95.25441,41.07886],[-95.24935,41.08184],[-95.24927,41.08848],[-95.2449,41.09301],[-95.24641,41.09719],[-95.24321,41.10253],[-95.23838,41.10641],[-95.23467,41.10661],[-95.23666,41.1123],[-95.23615,41.11602],[-95.23215,41.11717],[-95.23092,41.12378],[-95.22512,41.12424],[-95.22696,41.12925],[-95.22647,41.13256],[-95.21914,41.1389],[-95.21861,41.14438],[-95.22117,41.14786],[-95.22004,41.1503],[-95.21698,41.1539],[-95.21377,41.15484],[-95.21057,41.16177],[-95.20592,41.16579],[-95.20759,41.16911],[-95.20678,41.17082],[-95.21148,41.17539],[-95.21769,41.17752],[-95.21314,41.181],[-95.21218,41.18633],[-95.20893,41.18711],[-95.20643,41.19059],[-95.20226,41.19038],[-95.19904,41.19494],[-95.19564,41.19563],[-95.19597,41.19824],[-95.19364,41.20042],[-95.1954,41.20391],[-95.19121,41.20844],[-95.19164,41.21755],[-95.18748,41.22054],[-95.18848,41.22435],[-95.18577,41.23],[-95.18586,41.23605],[-95.1878,41.24025],[-95.18702,41.24245],[-95.18377,41.24269],[-95.18182,41.24467],[-95.18264,41.24802],[-95.18007,41.25071],[-95.18211,41.26171],[-95.18488,41.26358],[-95.18494,41.26682],[-95.18857,41.27155],[-95.18642,41.2809],[-95.18725,41.28448],[-95.19154,41.28884],[-95.1899,41.29261],[-95.19038,41.29607],[-95.18637,41.29872],[-95.18249,41.30852],[-95.18584,41.31261],[-95.18452,41.31571],[-95.18199,41.31677],[-95.18164,41.31934],[-95.18649,41.32831],[-95.18334,41.33082],[-95.18396,41.33397],[-95.18201,41.33818],[-95.1783,41.34101],[-95.18292,41.34721],[-95.18273,41.34905],[-95.18018,41.3503],[-95.17932,41.35313],[-95.17518,41.35355],[-95.17415,41.356],[-95.17535,41.35877],[-95.1716,41.36616],[-95.17347,41.37077],[-95.16859,41.37608],[-95.16844,41.38088],[-95.17216,41.38207],[-95.17396,41.38652],[-95.17289,41.38869],[-95.17704,41.39396],[-95.17593,41.3962],[-95.17746,41.39876],[-95.17715,41.40882],[-95.18289,41.41207],[-95.17901,41.41899],[-95.17578,41.42039],[-95.175,41.42255],[-95.17712,41.42454],[-95.17189,41.43096],[-95.17384,41.44279],[-95.16564,41.44773],[-95.1629,41.45161],[-95.16733,41.45833],[-95.16515,41.46128],[-95.172,41.46738],[-95.17043,41.47498],[-95.17215,41.47704],[-95.16771,41.48345],[-95.17221,41.48625],[-95.16965,41.49293],[-95.17464,41.49966],[-95.17544,41.5076],[-95.17972,41.51344],[-95.1761,41.51642],[-95.17876,41.51899],[-95.17294,41.5211],[-95.17224,41.53095],[-95.16918,41.5326],[-95.17032,41.53554],[-95.16859,41.5374],[-95.17374,41.5479],[-95.17224,41.55155],[-95.16917,41.55374],[-95.17097,41.5588],[-95.16884,41.56074],[-95.16766,41.56905],[-95.16968,41.57502],[-95.17255,41.57637],[-95.1859,41.5758],[-95.19171,41.57957],[-95.19039,41.57804],[-95.19314,41.5774],[-95.19369,41.57511],[-95.1922,41.57433],[-95.1908,41.56611],[-95.19337,41.56278],[-95.19785,41.5606],[-95.19613,41.55154],[-95.20176,41.5493],[-95.20773,41.55134],[-95.21555,41.53236],[-95.21709,41.53198],[-95.22029,41.53566],[-95.22349,41.53661],[-95.23177,41.53581],[-95.23322,41.53997],[-95.24414,41.5377],[-95.25268,41.53012],[-95.2528,41.52305],[-95.24795,41.51701],[-95.24684,41.51223],[-95.24044,41.50865],[-95.23999,41.50286],[-95.23799,41.50113],[-95.23816,41.49739],[-95.24383,41.49359],[-95.24405,41.49056],[-95.24607,41.48965],[-95.24517,41.48617],[-95.2433,41.48517],[-95.24397,41.48347],[-95.23747,41.48156],[-95.23593,41.47454],[-95.23925,41.46937],[-95.23782,41.46664],[-95.22062,41.4586],[-95.2183,41.45089],[-95.2217,41.44669],[-95.22127,41.44125],[-95.22995,41.43599],[-95.23089,41.42973],[-95.23798,41.42317],[-95.23903,41.4191],[-95.2306,41.41531],[-95.23218,41.41145],[-95.23005,41.40666],[-95.23173,41.40192],[-95.23028,41.40002],[-95.22595,41.39926],[-95.22611,41.39599],[-95.23148,41.39347],[-95.2326,41.39084],[-95.23997,41.38481],[-95.25011,41.38197],[-95.25088,41.37844],[-95.24902,41.37546],[-95.25697,41.36683],[-95.25505,41.35971],[-95.25767,41.35862],[-95.25533,41.35468],[-95.25618,41.35061],[-95.25952,41.34741],[-95.25545,41.34395],[-95.25733,41.34124],[-95.25691,41.33805],[-95.25127,41.33516],[-95.25146,41.3311],[-95.2466,41.32582],[-95.24713,41.32348],[-95.24518,41.32208],[-95.24588,41.31896],[-95.2436,41.31518],[-95.24762,41.30974],[-95.2449,41.3052],[-95.24884,41.30113],[-95.24825,41.29494],[-95.2432,41.28781],[-95.24525,41.28478],[-95.24324,41.28165],[-95.23444,41.27902],[-95.23369,41.2742],[-95.23006,41.26896],[-95.23045,41.26308],[-95.2331,41.26131],[-95.23265,41.25893],[-95.23543,41.25633],[-95.23985,41.24165],[-95.23797,41.23895],[-95.23766,41.23227],[-95.23228,41.22718],[-95.23246,41.22191],[-95.2366,41.21851],[-95.23942,41.21823],[-95.24089,41.21342],[-95.25166,41.20455],[-95.25086,41.19531],[-95.25764,41.19412],[-95.25839,41.19051],[-95.26154,41.18904],[-95.26369,41.18985],[-95.26724,41.18466],[-95.27021,41.18572],[-95.27171,41.18132],[-95.26897,41.17674],[-95.27354,41.16743],[-95.27948,41.16234],[-95.28272,41.16209],[-95.28569,41.15676],[-95.28928,41.15489],[-95.29335,41.14952],[-95.29415,41.14244],[-95.29676,41.13794],[-95.30173,41.13513],[-95.29828,41.13073],[-95.30169,41.126],[-95.30077,41.12439],[-95.3024,41.11998],[-95.30682,41.11516],[-95.30667,41.1089],[-95.3135,41.10587],[-95.31617,41.09421],[-95.31894,41.09034],[-95.31767,41.08859],[-95.32129,41.08168],[-95.32053,41.08064],[-95.32389,41.07791],[-95.32881,41.07801],[-95.33472,41.07395],[-95.33882,41.07433],[-95.34341,41.06837],[-95.3488,41.05698],[-95.34907,41.05334],[-95.35184,41.05153],[-95.35311,41.04137],[-95.35675,41.03907],[-95.35632,41.0336],[-95.35785,41.03027],[-95.35971,41.02987],[-95.35939,41.02735],[-95.36367,41.01676],[-95.36655,41.01423],[-95.36586,41.01169],[-95.37204,41.00608],[-95.37859,41.00544],[-95.38286,41.00185],[-95.3838,40.9942],[-95.38571,40.98953],[-95.38837,40.98821],[-95.38464,40.98747],[-95.38518,40.98337],[-95.38895,40.98043],[-95.38947,40.97609],[-95.39448,40.9698],[-95.39959,40.96811],[-95.40255,40.96952],[-95.4065,40.96901],[-95.41685,40.97401],[-95.42115,40.97979],[-95.42583,40.97927],[-95.42666,40.97309],[-95.42966,40.97142],[-95.42684,40.96663],[-95.42811,40.96436],[-95.42539,40.95595],[-95.42721,40.95033],[-95.43086,40.9478],[-95.42895,40.9452],[-95.43263,40.93918],[-95.43047,40.93857],[-95.42978,40.93471],[-95.43533,40.93008],[-95.43481,40.92695],[-95.44016,40.9243],[-95.44392,40.92562],[-95.44569,40.92149],[-95.45717,40.91768],[-95.46462,40.9099],[-95.46412,40.90657],[-95.47452,40.90587],[-95.47626,40.9035],[-95.47556,40.89856],[-95.47712,40.89618],[-95.48716,40.89782],[-95.48942,40.89681],[-95.49515,40.88473],[-95.49426,40.87948],[-95.49951,40.87751],[-95.50554,40.8804],[-95.5133,40.8802],[-95.51758,40.87675],[-95.51882,40.87217],[-95.52649,40.86851],[-95.5332,40.87159],[-95.53824,40.86775],[-95.54001,40.86221],[-95.5434,40.86187],[-95.54446,40.86368],[-95.54754,40.86422],[-95.55542,40.87271],[-95.56505,40.87254],[-95.57426,40.8755],[-95.57696,40.87338],[-95.58217,40.87453],[-95.5876,40.87714],[-95.59906,40.87533],[-95.60457,40.88037],[-95.6119,40.88197],[-95.62721,40.89161],[-95.64129,40.89208],[-95.65147,40.89704],[-95.65144,40.89942],[-95.65515,40.90294],[-95.65923,40.90339],[-95.66054,40.90495],[-95.6623,40.90939],[-95.66247,40.92067],[-95.66725,40.92304],[-95.67211,40.93108],[-95.66936,40.93639],[-95.66824,40.9445],[-95.66864,40.94693],[-95.67177,40.94935],[-95.67158,40.95669],[-95.67047,40.95943],[-95.66833,40.96014],[-95.66863,40.96309],[-95.66656,40.96565],[-95.66913,40.97344],[-95.66377,40.97718],[-95.66393,40.98],[-95.66842,40.98384],[-95.66922,40.98933],[-95.67197,40.9922],[-95.66985,40.99524],[-95.66993,40.9984],[-95.6652,40.99879],[-95.65895,41.00324],[-95.66464,41.01575],[-95.66465,41.02733],[-95.6705,41.03581],[-95.66949,41.03795],[-95.67281,41.04445],[-95.6717,41.05061],[-95.67493,41.05533],[-95.67453,41.05767],[-95.67822,41.06081],[-95.67789,41.0627],[-95.67416,41.0637],[-95.67086,41.07686],[-95.66526,41.07778],[-95.66076,41.08113],[-95.65978,41.08632],[-95.66269,41.09231],[-95.66259,41.09911],[-95.65996,41.10229],[-95.66224,41.10633],[-95.66099,41.10926],[-95.663,41.11234],[-95.66817,41.11383],[-95.67195,41.11693],[-95.67173,41.12215],[-95.65998,41.12814],[-95.65816,41.13189],[-95.65978,41.13605],[-95.65688,41.13819],[-95.65397,41.14515],[-95.65419,41.14922],[-95.65732,41.1551],[-95.64987,41.16371],[-95.64595,41.16415],[-95.64538,41.17029],[-95.64175,41.17288],[-95.64157,41.17539],[-95.63709,41.17679],[-95.63432,41.18341],[-95.63575,41.18449],[-95.6356,41.18727],[-95.63859,41.18867],[-95.63848,41.19288],[-95.64271,41.19684],[-95.64247,41.20329],[-95.64813,41.21061],[-95.64389,41.21425],[-95.64851,41.22024],[-95.64904,41.22311],[-95.64715,41.22663],[-95.64867,41.23066],[-95.65209,41.23303],[-95.65243,41.23897],[-95.6489,41.24163],[-95.64857,41.24824],[-95.65057,41.24991],[-95.64895,41.25255],[-95.64982,41.25447],[-95.6469,41.25748],[-95.64686,41.2663],[-95.64223,41.26881],[-95.64252,41.27164],[-95.63782,41.27319],[-95.63721,41.27481],[-95.63538,41.29531],[-95.63445,41.29676],[-95.63038,41.29658],[-95.62473,41.29911],[-95.62343,41.30305],[-95.61845,41.30366],[-95.61647,41.31345],[-95.61811,41.31494],[-95.61815,41.31907],[-95.6139,41.32686],[-95.60971,41.3258],[-95.6052,41.33186],[-95.60644,41.33393],[-95.60374,41.33893],[-95.60416,41.34304],[-95.6,41.34546],[-95.60164,41.35241],[-95.5989,41.35216],[-95.59292,41.35612],[-95.58742,41.36159],[-95.58712,41.36362],[-95.58,41.36532],[-95.5802,41.36359],[-95.57702,41.36144],[-95.57231,41.36384],[-95.56959,41.36642],[-95.56644,41.37802],[-95.5646,41.37947],[-95.55305,41.38039],[-95.5525,41.38974],[-95.5467,41.3903],[-95.54617,41.39257],[-95.54278,41.39403],[-95.54305,41.40353],[-95.53733,41.40332],[-95.52721,41.40683],[-95.5266,41.40945],[-95.52028,41.41165],[-95.51775,41.4143],[-95.52151,41.41884],[-95.51491,41.42388],[-95.51533,41.42838],[-95.51204,41.43503],[-95.50821,41.43455],[-95.50675,41.43597],[-95.5078,41.44107],[-95.51294,41.44432],[-95.5132,41.44591],[-95.51023,41.44902],[-95.51046,41.45301],[-95.50635,41.45422],[-95.50244,41.45686],[-95.5014,41.45974],[-95.497,41.46138],[-95.50002,41.46704],[-95.49901,41.46994],[-95.49564,41.47238],[-95.49778,41.47614],[-95.49779,41.47865],[-95.49468,41.48176],[-95.49734,41.48657],[-95.49581,41.49892],[-95.48653,41.50482],[-95.48081,41.50638],[-95.47747,41.51321],[-95.47352,41.51524],[-95.47067,41.51988],[-95.46449,41.52291],[-95.46483,41.52691],[-95.46054,41.53098],[-95.46075,41.53844],[-95.45612,41.54088],[-95.45689,41.54309],[-95.45301,41.54627],[-95.45425,41.54869],[-95.45251,41.55221],[-95.45481,41.55665],[-95.44909,41.56234],[-95.44919,41.56535],[-95.45182,41.56816],[-95.44873,41.57194],[-95.45007,41.57341],[-95.44436,41.57714],[-95.44941,41.5827],[-95.44876,41.58906],[-95.44411,41.59195],[-95.44114,41.59654],[-95.43206,41.60234],[-95.43138,41.6052],[-95.43283,41.60659],[-95.4254,41.6115],[-95.42224,41.61588],[-95.42262,41.61868],[-95.41711,41.63319],[-95.41863,41.63718],[-95.40551,41.64436],[-95.40238,41.65078],[-95.40397,41.65527],[-95.40295,41.65801],[-95.3948,41.66575],[-95.39442,41.66794],[-95.39058,41.66886],[-95.38789,41.67986],[-95.38502,41.68218],[-95.38206,41.6886],[-95.38158,41.69432],[-95.38414,41.70013],[-95.38322,41.70323],[-95.38471,41.70488],[-95.38938,41.70541],[-95.3938,41.71284],[-95.39713,41.71442],[-95.39653,41.72058],[-95.40308,41.72335],[-95.41094,41.73285],[-95.40639,41.73809],[-95.40382,41.73769],[-95.39273,41.74207],[-95.38791,41.7491],[-95.38751,41.75248],[-95.38984,41.75495],[-95.39025,41.75806],[-95.38671,41.7617],[-95.39216,41.76486],[-95.39274,41.76667],[-95.3972,41.76657],[-95.39718,41.76925],[-95.38938,41.77185],[-95.38727,41.77613],[-95.38839,41.77726],[-95.38529,41.77914],[-95.38164,41.77896],[-95.3806,41.78222],[-95.3769,41.78396],[-95.37346,41.78243],[-95.36888,41.7851],[-95.36615,41.78466],[-95.36354,41.78877],[-95.36535,41.7927],[-95.36866,41.79287],[-95.36918,41.79569],[-95.37364,41.79648],[-95.37477,41.79832],[-95.37383,41.80306],[-95.37664,41.80553],[-95.38412,41.8078],[-95.38011,41.81077],[-95.38044,41.81342],[-95.38452,41.81628],[-95.38291,41.81775],[-95.38481,41.82448],[-95.38215,41.82489],[-95.37981,41.82829],[-95.38102,41.82952],[-95.38014,41.83338],[-95.37661,41.83458],[-95.38106,41.84421],[-95.37857,41.84676],[-95.38307,41.85309],[-95.38634,41.85369],[-95.38403,41.85929],[-95.38858,41.86456],[-95.39959,41.8646],[-95.4015,41.87156],[-95.40392,41.8744],[-95.40787,41.87379],[-95.41536,41.87756],[-95.41427,41.87909],[-95.41627,41.88093],[-95.4197,41.8813],[-95.42721,41.88824],[-95.43219,41.88981],[-95.43894,41.88732],[-95.44023,41.88582],[-95.43572,41.8824],[-95.43519,41.87911],[-95.43666,41.87722],[-95.43165,41.87072],[-95.43275,41.86568],[-95.42904,41.86298],[-95.42862,41.85866],[-95.42482,41.85686],[-95.426,41.85393],[-95.42305,41.85008],[-95.42663,41.84784],[-95.43312,41.84872],[-95.43925,41.84147],[-95.45628,41.83579],[-95.45492,41.83059],[-95.45852,41.82825],[-95.45455,41.82421],[-95.46928,41.8183],[-95.46979,41.81613],[-95.47257,41.81557],[-95.47372,41.81153],[-95.47865,41.81171],[-95.48063,41.80944],[-95.48183,41.80336],[-95.48447,41.80094],[-95.48218,41.79951],[-95.48414,41.79186],[-95.48246,41.78866],[-95.48591,41.78412],[-95.48391,41.77948],[-95.49249,41.7764],[-95.49848,41.77812],[-95.50177,41.7754],[-95.50644,41.77708],[-95.52022,41.76941],[-95.52501,41.75954],[-95.5292,41.75747],[-95.52868,41.7531],[-95.5389,41.74688],[-95.54444,41.74128],[-95.54071,41.73728],[-95.54534,41.73275],[-95.54447,41.73099],[-95.54611,41.72858],[-95.55597,41.72774],[-95.55803,41.72413],[-95.56388,41.72014],[-95.56686,41.72034],[-95.56899,41.7234],[-95.57737,41.72772],[-95.5839,41.72575],[-95.58426,41.72247],[-95.59194,41.71827],[-95.59279,41.71574],[-95.59646,41.71476],[-95.59604,41.7092],[-95.60125,41.70565],[-95.60037,41.70382],[-95.6104,41.69733],[-95.61314,41.69394],[-95.61209,41.69181],[-95.61719,41.68695],[-95.61664,41.68329],[-95.62029,41.68048],[-95.61973,41.67682],[-95.61471,41.67277],[-95.61819,41.67062],[-95.61924,41.66646],[-95.62656,41.66298],[-95.62799,41.6638],[-95.63205,41.66038],[-95.63527,41.64974],[-95.63299,41.64628],[-95.62995,41.64596],[-95.62943,41.64447],[-95.63384,41.63985],[-95.63545,41.63311],[-95.64144,41.627],[-95.64513,41.62561],[-95.64836,41.62631],[-95.65018,41.61979],[-95.65777,41.6203],[-95.66015,41.61789],[-95.67518,41.62548],[-95.68754,41.61854],[-95.69497,41.62139],[-95.69791,41.61885],[-95.70327,41.62586],[-95.71072,41.62664],[-95.71533,41.62336],[-95.71621,41.6205],[-95.722,41.61835],[-95.72524,41.62426],[-95.73054,41.62505],[-95.73945,41.63138],[-95.74363,41.63061],[-95.74851,41.63451],[-95.7553,41.6305],[-95.7604,41.63076],[-95.76329,41.63425],[-95.76741,41.63281],[-95.78074,41.63295],[-95.78579,41.63081],[-95.79237,41.63132],[-95.80504,41.6236],[-95.80778,41.62426],[-95.80809,41.62697],[-95.80954,41.63032],[-95.80856,41.63247],[-95.81335,41.63487],[-95.8102,41.6427],[-95.80727,41.64413],[-95.80779,41.64688],[-95.80368,41.64859],[-95.80018,41.65322],[-95.80241,41.6563],[-95.80023,41.65818],[-95.80129,41.66156],[-95.79572,41.67008],[-95.79733,41.67176],[-95.79624,41.67592],[-95.79888,41.67965],[-95.7984,41.6832],[-95.79398,41.68578],[-95.79141,41.69328],[-95.79611,41.70187],[-95.78813,41.70532],[-95.78339,41.70533],[-95.7825,41.71731],[-95.77533,41.72703],[-95.76451,41.72928],[-95.76094,41.72771],[-95.75243,41.73182],[-95.75135,41.73532],[-95.75376,41.73674],[-95.75385,41.73986],[-95.74852,41.74304],[-95.74889,41.74717],[-95.74618,41.75245],[-95.73882,41.75465],[-95.73527,41.75377],[-95.73422,41.75827],[-95.73108,41.75997],[-95.73246,41.76144],[-95.73314,41.77024],[-95.73484,41.77227],[-95.73444,41.77732],[-95.74064,41.77896],[-95.74062,41.7822],[-95.7381,41.78547],[-95.73432,41.78528],[-95.73197,41.78805],[-95.73241,41.79895],[-95.73,41.80068],[-95.72806,41.79867],[-95.7225,41.80064],[-95.71792,41.80587],[-95.70999,41.80385],[-95.71175,41.80791],[-95.70324,41.81197],[-95.70403,41.81483],[-95.70158,41.81563],[-95.70344,41.81952],[-95.70312,41.82278],[-95.70439,41.82439],[-95.70728,41.82413],[-95.70699,41.82582],[-95.70953,41.82769],[-95.70833,41.8321],[-95.70518,41.83275],[-95.70803,41.8371],[-95.70076,41.83708],[-95.70021,41.84033],[-95.70272,41.84369],[-95.70164,41.84767],[-95.70478,41.84865],[-95.70595,41.85113],[-95.70161,41.85904],[-95.70546,41.86118],[-95.70574,41.86283],[-95.70299,41.86415],[-95.70015,41.86327],[-95.69954,41.86657],[-95.69689,41.86677],[-95.69444,41.87096],[-95.69214,41.86911],[-95.6884,41.87208],[-95.68459,41.87271],[-95.68107,41.87227],[-95.67805,41.86974],[-95.67474,41.87144],[-95.67577,41.8763],[-95.67104,41.87497],[-95.67037,41.8783],[-95.66259,41.88095],[-95.66143,41.8838],[-95.65854,41.88369],[-95.65792,41.88619],[-95.65995,41.88995],[-95.65887,41.89231],[-95.65552,41.89381],[-95.65805,41.90046],[-95.65649,41.9041],[-95.65148,41.9033],[-95.64948,41.90533],[-95.65111,41.91165],[-95.64453,41.91524],[-95.64423,41.91912],[-95.63335,41.91923],[-95.62785,41.92557],[-95.62889,41.92753],[-95.62696,41.9317],[-95.62209,41.93495],[-95.62235,41.93659],[-95.61652,41.93795],[-95.61902,41.94176],[-95.61631,41.94768],[-95.61718,41.95136],[-95.61585,41.95339],[-95.60714,41.9594],[-95.60943,41.96156],[-95.60657,41.96494],[-95.60488,41.96458],[-95.60481,41.96802],[-95.59595,41.96819],[-95.59315,41.9736],[-95.59017,41.97492],[-95.58962,41.97686],[-95.58658,41.97741],[-95.58448,41.98215],[-95.58018,41.98423],[-95.58198,41.99001],[-95.57716,41.99313],[-95.57392,41.99333],[-95.57875,41.99782],[-95.5777,42.00531],[-95.57423,42.00668],[-95.57226,42.00559],[-95.56654,42.00859],[-95.56729,42.01056],[-95.56514,42.01176],[-95.56537,42.01317],[-95.55444,42.01767],[-95.55676,42.02301],[-95.55596,42.02406],[-95.5582,42.02549],[-95.55414,42.02832],[-95.5531,42.03099],[-95.55675,42.02666],[-95.56219,42.02966],[-95.5631,42.03175],[-95.56818,42.0317],[-95.56945,42.03344],[-95.57807,42.03169],[-95.58207,42.03412],[-95.58403,42.0375],[-95.58983,42.03985],[-95.59114,42.04247],[-95.59807,42.04249],[-95.60491,42.03811],[-95.61135,42.03754],[-95.61735,42.02745],[-95.62333,42.02674],[-95.62446,42.02165],[-95.62799,42.02038],[-95.62762,42.01684],[-95.62949,42.01567],[-95.64285,42.01359],[-95.64456,42.01446],[-95.64566,42.01286],[-95.65009,42.01506],[-95.65283,42.01472],[-95.65953,42.01064],[-95.66134,42.01317],[-95.66274,42.00959],[-95.66682,42.0113],[-95.6707,42.00289],[-95.67234,42.0014],[-95.67513,42.00328],[-95.67792,42.00105],[-95.67693,41.99899],[-95.67892,41.99819],[-95.67669,41.99567],[-95.67661,41.9907],[-95.6842,41.98608],[-95.68246,41.98369],[-95.68384,41.9822],[-95.68301,41.98077],[-95.68493,41.97905],[-95.6873,41.98038],[-95.68702,41.97729],[-95.69111,41.9731],[-95.69145,41.96685],[-95.69558,41.9657],[-95.6968,41.96779],[-95.69985,41.96445],[-95.6979,41.96141],[-95.70148,41.96109],[-95.70026,41.95681],[-95.70371,41.95345],[-95.69866,41.94966],[-95.70251,41.94659],[-95.70721,41.94784],[-95.70762,41.94437],[-95.70544,41.94174],[-95.70688,41.93765],[-95.70821,41.93746],[-95.70818,41.9347],[-95.71377,41.93569],[-95.71654,41.93447],[-95.71509,41.93271],[-95.71821,41.93097],[-95.7207,41.93231],[-95.72146,41.93608],[-95.72375,41.93591],[-95.72423,41.93363],[-95.72884,41.9298],[-95.72847,41.92795],[-95.73166,41.92828],[-95.73392,41.92616],[-95.73192,41.92086],[-95.73647,41.91921],[-95.73809,41.91662],[-95.74442,41.91626],[-95.7474,41.9187],[-95.74849,41.91736],[-95.74952,41.91432],[-95.74763,41.9127],[-95.74925,41.90905],[-95.7458,41.90688],[-95.74703,41.90475],[-95.74364,41.90161],[-95.74689,41.89918],[-95.74478,41.89357],[-95.74926,41.89193],[-95.74556,41.88828],[-95.7488,41.88747],[-95.75157,41.88412],[-95.75226,41.88224],[-95.74935,41.88031],[-95.75066,41.87691],[-95.75495,41.87412],[-95.75478,41.86741],[-95.75867,41.86789],[-95.76103,41.86644],[-95.76036,41.86323],[-95.76527,41.86283],[-95.76933,41.85536],[-95.77385,41.85349],[-95.77674,41.85413],[-95.778,41.8525],[-95.77711,41.85145],[-95.77926,41.85129],[-95.7813,41.84872],[-95.78476,41.84905],[-95.78727,41.85231],[-95.80281,41.85328],[-95.81715,41.84668],[-95.81823,41.84292],[-95.81484,41.83814],[-95.81971,41.83464],[-95.81934,41.83086],[-95.82371,41.83012],[-95.82331,41.82774],[-95.82521,41.82471],[-95.82423,41.81976],[-95.82924,41.81667],[-95.83239,41.81232],[-95.83728,41.811],[-95.83779,41.80769],[-95.84137,41.80722],[-95.84509,41.8038],[-95.84654,41.79937],[-95.85001,41.79873],[-95.85763,41.80638],[-95.86453,41.80867],[-95.86817,41.80733],[-95.86888,41.80363],[-95.874,41.80412],[-95.87535,41.79816],[-95.87782,41.79817],[-95.8833,41.79235],[-95.88705,41.79141],[-95.88893,41.78751],[-95.89174,41.78878],[-95.90238,41.78725],[-95.90657,41.802],[-95.91217,41.81005],[-95.92344,41.81837],[-95.92343,41.82373],[-95.92156,41.82455],[-95.92235,41.83513],[-95.9306,41.83669],[-95.94085,41.83551],[-95.94883,41.84195],[-95.95725,41.84439],[-95.95633,41.8489],[-95.9536,41.85217],[-95.95545,41.86237],[-95.95323,41.86316],[-95.94943,41.8703],[-95.95167,41.87458],[-95.95376,41.87079],[-95.95618,41.86864],[-95.95968,41.86999],[-95.96332,41.86661],[-95.97225,41.86257],[-95.97252,41.86102],[-95.97687,41.86328],[-95.98493,41.86192],[-95.98662,41.85802],[-95.99095,41.85756],[-95.99318,41.85266],[-95.99223,41.85009],[-95.99472,41.84842],[-96.00237,41.85298],[-96.00492,41.85178],[-96.00538,41.84935],[-96.00928,41.84869],[-96.00952,41.85432],[-96.01494,41.85312],[-96.01521,41.85894],[-96.01834,41.8602],[-96.01602,41.86706],[-96.01347,41.87028],[-96.00873,41.87161],[-96.00831,41.87504],[-96.00325,41.87721],[-96.00245,41.87912],[-95.99909,41.87765],[-95.99928,41.89226],[-95.9987,41.89336],[-95.99909,41.89293],[-96.00524,41.89705],[-96.00146,41.89846],[-96.00439,41.90246],[-96.00442,41.90616],[-96.00655,41.90677],[-96.00473,41.91366],[-96.00169,41.91463],[-96.00188,41.92169],[-96.02068,41.92151],[-96.02114,41.92288],[-96.02147,41.96494],[-96.06002,41.9652],[-96.0597,41.97692],[-96.05414,41.97815],[-96.04957,41.98399],[-96.0496,41.99599],[-96.06562,42.00693],[-96.07955,42.00871],[-96.08237,42.01163],[-96.08281,42.01679],[-96.0913,42.01804],[-96.09179,42.02845],[-96.10707,42.02885],[-96.10545,42.03811],[-96.10155,42.04679],[-96.1037,42.05839],[-96.10174,42.06125],[-96.12816,42.09753],[-96.12555,42.09791],[-96.1264,42.11969],[-96.1362,42.1249],[-96.13663,42.12713],[-96.14102,42.12739],[-96.14364,42.12989],[-96.13849,42.14065],[-96.1427,42.14603],[-96.15097,42.15158],[-96.14949,42.15957],[-96.14714,42.16353],[-96.1489,42.16971],[-96.15464,42.17318],[-96.155,42.18504],[-96.17099,42.18595],[-96.176,42.1897],[-96.17938,42.20017],[-96.19384,42.20065],[-96.1938,42.22845],[-96.22592,42.2284],[-96.26936,42.28667],[-96.29471,42.28673],[-96.30966,42.29945],[-96.30994,42.31683],[-96.31436,42.32629],[-96.32574,42.33759],[-96.31777,42.33825],[-96.31126,42.34135],[-96.30958,42.34762],[-96.31124,42.35421],[-96.3206,42.36575],[-96.33213,42.37048],[-96.36003,42.40879],[-96.35727,42.41062],[-96.3482,42.40951],[-96.34704,42.41096],[-96.34979,42.42125],[-96.34508,42.4232],[-96.34468,42.43052],[-96.34107,42.43245],[-96.34095,42.43711],[-96.34321,42.44131],[-96.34728,42.44252],[-96.34638,42.44628],[-96.34337,42.44806],[-96.34679,42.45453],[-96.34565,42.45658],[-96.34773,42.46027],[-96.34598,42.46359],[-96.34173,42.46466],[-96.3441,42.46835],[-96.34346,42.47028],[-96.33798,42.47105],[-96.33669,42.47275],[-96.33753,42.47865],[-96.33093,42.47924],[-96.32573,42.48524],[-96.31812,42.48638],[-96.31175,42.48444],[-96.31074,42.48836],[-96.30704,42.48977],[-96.30527,42.49242],[-96.30964,42.49894],[-96.31005,42.50267],[-96.30381,42.50368],[-96.30311,42.50646],[-96.29666,42.51017],[-96.29506,42.50787],[-96.29075,42.50771],[-96.28855,42.50987],[-96.28964,42.51125],[-96.28679,42.51306],[-96.28702,42.51503],[-96.28242,42.51647],[-96.28305,42.52472],[-96.27884,42.52432],[-96.2798,42.52652],[-96.27776,42.52665],[-96.27697,42.52868],[-96.27283,42.52895],[-96.2731,42.53121],[-96.27712,42.53473],[-96.27456,42.53967],[-96.27584,42.54195],[-96.28152,42.54486],[-96.2789,42.54808],[-96.28212,42.55389],[-96.28156,42.5542],[-96.28632,42.5551],[-96.28991,42.55349],[-96.29643,42.55533],[-96.30077,42.55208],[-96.3066,42.55183],[-96.31742,42.55553],[-96.32262,42.55862],[-96.32984,42.56009],[-96.32815,42.56242],[-96.32939,42.56527],[-96.32716,42.56909],[-96.3291,42.57243],[-96.32735,42.57958],[-96.33057,42.58119],[-96.32841,42.58354],[-96.3332,42.58873],[-96.33229,42.59135],[-96.3354,42.59606],[-96.33747,42.59751],[-96.34519,42.59722],[-96.34606,42.60053],[-96.34867,42.60269],[-96.34691,42.60631],[-96.34909,42.60767],[-96.34637,42.61144],[-96.34801,42.61372],[-96.34497,42.61672],[-96.34709,42.619],[-96.34471,42.62325],[-96.3427,42.6237],[-96.33932,42.63161],[-96.33727,42.63267],[-96.33911,42.63637],[-96.33735,42.63976],[-96.3324,42.64108],[-96.33192,42.65266],[-96.32964,42.65362],[-96.33203,42.65743],[-96.32952,42.66196],[-96.33322,42.66501],[-96.33321,42.6682],[-96.32994,42.66948],[-96.33301,42.6727],[-96.33101,42.67601],[-96.3257,42.67585],[-96.3246,42.67806],[-96.32617,42.68433],[-96.33586,42.68935],[-96.33377,42.69268],[-96.33611,42.69575],[-96.33264,42.69878],[-96.3345,42.70125],[-96.33508,42.70715],[-96.33377,42.70873],[-96.32696,42.70812],[-96.32892,42.7184],[-96.32576,42.71912],[-96.32793,42.72215],[-96.32355,42.72486],[-96.32625,42.72768],[-96.32364,42.73187],[-96.3206,42.73231],[-96.32543,42.73767],[-96.32454,42.73937],[-96.31964,42.73912],[-96.3139,42.74151],[-96.31782,42.74552],[-96.31848,42.75105],[-96.3174,42.75315],[-96.31501,42.75352],[-96.31702,42.75639],[-96.31359,42.75919],[-96.31467,42.76057],[-96.31156,42.76253],[-96.31546,42.76732],[-96.31916,42.76931],[-96.32238,42.76873],[-96.33213,42.77503],[-96.33584,42.77932],[-96.33461,42.78239],[-96.3391,42.78473],[-96.34486,42.78368],[-96.34486,42.78534],[-96.35072,42.7912],[-96.34785,42.79318],[-96.35299,42.79692],[-96.34968,42.79865],[-96.34869,42.80158],[-96.35084,42.80307],[-96.35103,42.80524],[-96.34676,42.80654],[-96.34651,42.81044],[-96.33482,42.81119],[-96.33271,42.81528],[-96.33042,42.81603],[-96.32953,42.81839],[-96.3332,42.82292],[-96.33013,42.82367],[-96.32765,42.82911],[-96.31911,42.82968],[-96.31722,42.83189],[-96.31092,42.82992],[-96.30762,42.833],[-96.3108,42.83493],[-96.31076,42.83645],[-96.30856,42.83699],[-96.31076,42.83803],[-96.30935,42.84574],[-96.3157,42.8498],[-96.31675,42.85594],[-96.32248,42.86019],[-96.3271,42.86082],[-96.32634,42.86486],[-96.32986,42.86786],[-96.33806,42.86998],[-96.33897,42.87369],[-96.33141,42.87642],[-96.33338,42.88033],[-96.33111,42.88288],[-96.33128,42.88545],[-96.33347,42.88726],[-96.33188,42.89013],[-96.32913,42.8902],[-96.32996,42.89294],[-96.32607,42.89249],[-96.32476,42.89447],[-96.32283,42.8943],[-96.32305,42.90176],[-96.3165,42.90143],[-96.31061,42.90511],[-96.31077,42.90689],[-96.30824,42.9086],[-96.30923,42.91058],[-96.30065,42.9132],[-96.29405,42.91255],[-96.29261,42.91698],[-96.28187,42.918],[-96.2785,42.92123],[-96.27052,42.92356],[-96.27017,42.92534],[-96.27395,42.93001],[-96.27356,42.9354],[-96.27611,42.93699],[-96.27781,42.94126],[-96.27484,42.94549],[-96.27611,42.94842],[-96.28443,42.95333],[-96.28263,42.95571],[-96.28415,42.95899],[-96.27918,42.96142],[-96.28195,42.96436],[-96.28092,42.96544],[-96.26861,42.96962],[-96.27029,42.97191],[-96.26616,42.9743],[-96.26637,42.9768],[-96.25749,42.97828],[-96.25734,42.98184],[-96.25486,42.98328],[-96.25956,42.98536],[-96.25987,42.9918],[-96.26442,42.99194],[-96.26654,42.99662],[-96.2636,43.00038],[-96.257,43.00305],[-96.2577,43.00738],[-96.25438,43.00991],[-96.24848,43.01101],[-96.24254,43.01009],[-96.24118,43.01201],[-96.24198,43.01703],[-96.23628,43.01833],[-96.23667,43.02044],[-96.23156,43.02394],[-96.22289,43.02329],[-96.21636,43.03807],[-96.21746,43.04087],[-96.22385,43.04439],[-96.22286,43.05001],[-96.22527,43.0587],[-96.21372,43.06259],[-96.20925,43.06724],[-96.20367,43.06776],[-96.19809,43.07471],[-96.19312,43.07397],[-96.18945,43.07732],[-96.17944,43.07331],[-96.17818,43.07559],[-96.17595,43.07556],[-96.17527,43.07907],[-96.16802,43.08385],[-96.16242,43.08354],[-96.16388,43.08679],[-96.16207,43.08945],[-96.16499,43.09183],[-96.16417,43.09294],[-96.16518,43.09429],[-96.17221,43.09496],[-96.17082,43.10063],[-96.17841,43.10661],[-96.17933,43.109],[-96.17807,43.11065],[-96.18467,43.11716],[-96.17961,43.12504],[-96.17459,43.12611],[-96.17242,43.12901],[-96.17859,43.13134],[-96.17902,43.13312],[-96.16543,43.14593],[-96.16096,43.14742],[-96.15406,43.15365],[-96.16723,43.16668],[-96.17412,43.16786],[-96.17487,43.17082],[-96.16987,43.17152],[-96.16487,43.17449],[-96.16891,43.18019],[-96.17788,43.18747],[-96.18304,43.18974],[-96.18556,43.18908],[-96.18848,43.186],[-96.19764,43.18222],[-96.19859,43.17745],[-96.20165,43.17671],[-96.20346,43.17339],[-96.21085,43.17211],[-96.21233,43.17022],[-96.21198,43.1639],[-96.20953,43.1608],[-96.21451,43.15598],[-96.22325,43.15973],[-96.24877,43.15596],[-96.25494,43.16075],[-96.26174,43.16102],[-96.26272,43.15912],[-96.26883,43.16114],[-96.27237,43.16152],[-96.2752,43.16523],[-96.27499,43.16715],[-96.28218,43.17187],[-96.28873,43.17008],[-96.29133,43.17249],[-96.30339,43.17323],[-96.31881,43.18411],[-96.34441,43.18042],[-96.34921,43.18355],[-96.35361,43.18108],[-96.35621,43.18468],[-96.36262,43.18709],[-96.36122,43.19078],[-96.36197,43.19383],[-96.35916,43.19671],[-96.36345,43.19718],[-96.36524,43.20132],[-96.36195,43.20935],[-96.36207,43.21327],[-96.36019,43.21511],[-96.36129,43.21664],[-96.35622,43.22039],[-96.35182,43.21895],[-96.34758,43.22238],[-96.34409,43.22187],[-96.33882,43.22412],[-96.33012,43.225],[-96.33108,43.227],[-96.32844,43.23077],[-96.32529,43.23174],[-96.32612,43.23446],[-96.31386,43.23877],[-96.30955,43.24627],[-96.30991,43.2492],[-96.30318,43.25171],[-96.30421,43.25435],[-96.30992,43.2583],[-96.30898,43.25973],[-96.31213,43.2611],[-96.31544,43.26707],[-96.32018,43.27006],[-96.32089,43.27193],[-96.31665,43.2735],[-96.31774,43.27758],[-96.31541,43.27899],[-96.31697,43.28694],[-96.32953,43.29102],[-96.33309,43.29436],[-96.3322,43.29649],[-96.33521,43.30272],[-96.33872,43.30482],[-96.33996,43.30764],[-96.33706,43.31196],[-96.34711,43.323],[-96.35288,43.32573],[-96.35291,43.33373],[-96.35835,43.33746],[-96.35967,43.34177],[-96.36255,43.34249],[-96.36796,43.35392],[-96.37208,43.35578],[-96.37805,43.36168],[-96.37493,43.36643],[-96.37868,43.37255],[-96.37905,43.37876],[-96.38316,43.38264],[-96.37828,43.38958],[-96.3794,43.39357],[-96.38383,43.39875],[-96.38058,43.40274],[-96.38201,43.40524],[-96.38111,43.40846],[-96.38241,43.41138],[-96.39212,43.41726],[-96.39193,43.42134],[-96.38806,43.42319],[-96.38541,43.42796],[-96.38627,43.43138],[-96.38272,43.43462],[-96.38239,43.439],[-96.38519,43.44255],[-96.38393,43.44655],[-96.38673,43.45034],[-96.39245,43.45393],[-96.39863,43.46342],[-96.41291,43.46907],[-96.41166,43.47318],[-96.41258,43.47686],[-96.41122,43.47841],[-96.4119,43.48459],[-96.40967,43.48789],[-96.4123,43.49192],[-96.40898,43.49757],[-96.40478,43.49855],[-96.39576,43.50521],[-96.39639,43.50895],[-96.39954,43.51112],[-96.39414,43.51432],[-96.39568,43.51804],[-96.40035,43.52115],[-96.39861,43.52174],[-96.3952,43.5283],[-96.39878,43.53281],[-96.39768,43.53657],[-96.40508,43.54174],[-96.40221,43.55027],[-96.39377,43.55335],[-96.38843,43.55354],[-96.37393,43.56272],[-96.37008,43.57076],[-96.37175,43.57267],[-96.36936,43.57291],[-96.3673,43.57699],[-96.37052,43.58357],[-96.36504,43.58676],[-96.35615,43.58643],[-96.35305,43.58923],[-96.34925,43.58899],[-96.34627,43.59088],[-96.34718,43.59288],[-96.345,43.59479],[-96.34211,43.59486],[-96.33981,43.60072],[-96.33322,43.60244],[-96.33108,43.60402],[-96.33146,43.60702],[-96.32507,43.61002],[-96.32081,43.6091],[-96.31932,43.61168],[-96.32026,43.61292],[-96.31148,43.61825],[-96.30517,43.6172],[-96.30115,43.62041],[-96.28975,43.61803],[-96.28144,43.61871],[-96.25991,43.62671],[-96.25951,43.63077],[-96.27003,43.63773],[-96.26989,43.64052],[-96.27281,43.64299],[-96.26247,43.65375],[-96.25884,43.65511],[-96.25379,43.65333],[-96.25006,43.65415],[-96.25002,43.656],[-96.24556,43.65897],[-96.24203,43.66528],[-96.23738,43.66719],[-96.2351,43.6666],[-96.2307,43.67018],[-96.2315,43.6728],[-96.23574,43.67547],[-96.23175,43.67849],[-96.23076,43.68137],[-96.23601,43.69584],[-96.23415,43.69934],[-96.22775,43.69927],[-96.22525,43.70378],[-96.21681,43.70404],[-96.21113,43.70619],[-96.22173,43.71672],[-96.23092,43.71913],[-96.23311,43.72112],[-96.23125,43.72516],[-96.23239,43.73391],[-96.22921,43.73551],[-96.22792,43.74039],[-96.23091,43.75154],[-96.22724,43.7588],[-96.22856,43.76149],[-96.22503,43.76631],[-96.22335,43.77236],[-96.22577,43.77612],[-96.22454,43.77955],[-96.22846,43.78567],[-96.22718,43.78818],[-96.22867,43.79474],[-96.23086,43.79695],[-96.24316,43.80179],[-96.24596,43.80684],[-96.25344,43.81028],[-96.25881,43.81735],[-96.26174,43.81729],[-96.26227,43.81949],[-96.27354,43.82128],[-96.28012,43.83291],[-96.27978,43.83829],[-96.29185,43.84378],[-96.29893,43.85154],[-96.29929,43.85422],[-96.29633,43.85734],[-96.29762,43.85984],[-96.29557,43.8643],[-96.29528,43.87161],[-96.29278,43.8746],[-96.29248,43.87832],[-96.28948,43.8794],[-96.28959,43.88258],[-96.28659,43.88574],[-96.28783,43.89139],[-96.29406,43.89876],[-96.28779,43.90514],[-96.28826,43.90833],[-96.28414,43.91537],[-96.27784,43.91798],[-96.27467,43.92145],[-96.26605,43.92461],[-96.26631,43.92685],[-96.26194,43.92836],[-96.26009,43.93434],[-96.25625,43.93412],[-96.24837,43.94028],[-96.24023,43.94056],[-96.23874,43.94218],[-96.24053,43.94731],[-96.23765,43.95401],[-96.24022,43.95693],[-96.23862,43.96603],[-96.24017,43.96892],[-96.24738,43.9719],[-96.24839,43.9739],[-96.24464,43.98214],[-96.24039,43.98564],[-96.23954,43.99339],[-96.23631,43.99595],[-96.24143,44.00365],[-96.23822,44.00782],[-96.24236,44.01104],[-96.24312,44.0148],[-96.23631,44.01724],[-96.23698,44.01845],[-96.23547,44.01911],[-96.23377,44.02504],[-96.22388,44.02544],[-96.21163,44.03153],[-96.2106,44.03712],[-96.21586,44.03792],[-96.22149,44.04319],[-96.2267,44.04469],[-96.22782,44.05279],[-96.22074,44.05813],[-96.21565,44.05935],[-96.20928,44.06666],[-96.20987,44.06786],[-96.20499,44.06975],[-96.20187,44.0803],[-96.19778,44.08241],[-96.19732,44.08569],[-96.18031,44.1029],[-96.17782,44.11266],[-96.17919,44.12076],[-96.17807,44.12268],[-96.16782,44.1279],[-96.16539,44.13166],[-96.15813,44.13273],[-96.15327,44.13117],[-96.15126,44.13308],[-96.14124,44.13468],[-96.13566,44.12909],[-96.13732,44.12489],[-96.13537,44.12147],[-96.13117,44.12179],[-96.12476,44.11807],[-96.12053,44.12071],[-96.11893,44.11994],[-96.11955,44.11784],[-96.11278,44.1163],[-96.11049,44.11287],[-96.11262,44.11614],[-96.10341,44.12677],[-96.10438,44.13471],[-96.09309,44.13365],[-96.0878,44.1295],[-96.08519,44.13069],[-96.08522,44.13334],[-96.08071,44.13493],[-96.07559,44.13354],[-96.06488,44.13474],[-96.05999,44.1307],[-96.05541,44.13167],[-96.04836,44.13693],[-96.03452,44.14042],[-96.03518,44.14819],[-96.02878,44.15102],[-96.02446,44.14878],[-96.02401,44.15345],[-96.01265,44.14716],[-96.00153,44.15213],[-95.97752,44.1532],[-95.97234,44.15924],[-95.97378,44.1635],[-95.97267,44.1654],[-95.97703,44.16738],[-95.98498,44.182],[-95.98323,44.18922],[-95.98078,44.1895],[-95.97921,44.19533],[-95.96879,44.19595],[-95.9655,44.20217],[-95.95595,44.20449],[-95.95042,44.20286],[-95.94813,44.20492],[-95.93899,44.19921],[-95.93319,44.2006],[-95.93227,44.19921],[-95.92715,44.19889],[-95.92769,44.19587],[-95.92421,44.19387],[-95.92004,44.19595],[-95.91491,44.19463],[-95.91343,44.19609],[-95.91554,44.19812],[-95.91429,44.20292],[-95.90926,44.20622],[-95.9104,44.21076],[-95.90609,44.213],[-95.90483,44.21608],[-95.90481,44.2203],[-95.90695,44.22201],[-95.89747,44.2273],[-95.90037,44.23052],[-95.89613,44.23382],[-95.88245,44.23252],[-95.88293,44.23612],[-95.88097,44.24222],[-95.8774,44.24662],[-95.87867,44.24824],[-95.8737,44.25436],[-95.87392,44.25636],[-95.86962,44.25837],[-95.86311,44.25863],[-95.86325,44.25992],[-95.86025,44.26106],[-95.85636,44.25547],[-95.85117,44.25499],[-95.85236,44.25273],[-95.84636,44.24687],[-95.84724,44.24568],[-95.8384,44.24588],[-95.83842,44.24805],[-95.83469,44.24969],[-95.82769,44.24965],[-95.82419,44.2462],[-95.81842,44.247],[-95.81847,44.24239],[-95.81579,44.24078],[-95.80526,44.23933],[-95.80263,44.23715],[-95.79743,44.23971],[-95.79655,44.24249],[-95.79399,44.24287],[-95.78696,44.23621],[-95.78357,44.23564],[-95.7825,44.23377],[-95.78604,44.23091],[-95.77588,44.22674],[-95.77543,44.21954],[-95.75904,44.20858],[-95.75883,44.20639],[-95.75621,44.2069],[-95.74266,44.19909],[-95.72761,44.19772],[-95.71994,44.19301],[-95.71817,44.18996],[-95.71539,44.18976],[-95.7128,44.18685],[-95.71385,44.18488],[-95.70453,44.17682],[-95.70355,44.17215],[-95.70063,44.16832],[-95.69769,44.16915],[-95.69116,44.167],[-95.6905,44.16211],[-95.68356,44.16055],[-95.68282,44.15818],[-95.67756,44.15613],[-95.67903,44.15346],[-95.67314,44.15029],[-95.67379,44.14748],[-95.6701,44.14428],[-95.67065,44.14161],[-95.66942,44.14046],[-95.66001,44.1379],[-95.65437,44.14001],[-95.65095,44.13929],[-95.64989,44.13986],[-95.65106,44.141],[-95.6417,44.14344],[-95.63069,44.13813],[-95.63183,44.13451],[-95.63747,44.13176],[-95.63033,44.12264],[-95.63444,44.12128],[-95.62994,44.11741],[-95.6311,44.11511],[-95.62311,44.10958],[-95.61856,44.10911],[-95.60938,44.1039],[-95.6036,44.10242],[-95.59644,44.09539],[-95.58995,44.0945],[-95.58823,44.09149],[-95.5832,44.09111],[-95.58107,44.08625],[-95.57612,44.08739],[-95.57348,44.08362],[-95.56566,44.08274],[-95.56268,44.07998],[-95.56076,44.07099],[-95.56306,44.06791],[-95.56263,44.06298],[-95.55746,44.06189],[-95.55325,44.0555],[-95.54132,44.05427],[-95.5382,44.05121],[-95.54124,44.05073],[-95.54091,44.04757],[-95.54732,44.04738],[-95.54593,44.04345],[-95.54175,44.03974],[-95.54099,44.03709],[-95.53314,44.03446],[-95.52654,44.03438],[-95.52596,44.02897],[-95.51727,44.02195],[-95.5169,44.02087],[-95.52238,44.01835],[-95.52295,44.01497],[-95.51766,44.01185],[-95.51876,44.00966],[-95.51587,44.00795],[-95.51648,44.0062],[-95.51443,44.00203],[-95.50869,43.99909],[-95.50848,43.99532],[-95.50428,43.99304],[-95.50401,43.98693],[-95.5015,43.98571],[-95.49788,43.98657],[-95.49296,43.98111],[-95.49246,43.97852],[-95.48645,43.97725],[-95.48146,43.97422],[-95.47761,43.97378],[-95.47928,43.98037],[-95.47518,43.98017],[-95.47117,43.9763],[-95.46142,43.97368],[-95.43781,43.95788],[-95.42796,43.95848],[-95.41932,43.95701],[-95.41557,43.95465],[-95.41393,43.9499],[-95.41533,43.94904],[-95.41503,43.94621],[-95.41242,43.94405],[-95.40625,43.94385],[-95.40381,43.94186],[-95.39655,43.94673],[-95.39648,43.95035],[-95.39919,43.95133],[-95.39463,43.95165],[-95.3922,43.95832],[-95.38614,43.96],[-95.37861,43.95749],[-95.37236,43.95319],[-95.36709,43.9519],[-95.36547,43.95304],[-95.36398,43.95001],[-95.36173,43.94973],[-95.35871,43.95187],[-95.35421,43.95104],[-95.35076,43.95475],[-95.34609,43.95488],[-95.34027,43.95968],[-95.33738,43.95743],[-95.33156,43.95794],[-95.32192,43.95562],[-95.31942,43.95688],[-95.31333,43.95573],[-95.30118,43.95687],[-95.29905,43.95134],[-95.29987,43.94565],[-95.29008,43.94158],[-95.28073,43.9432],[-95.2731,43.94909],[-95.26927,43.9494],[-95.26845,43.95265],[-95.26544,43.95343],[-95.26158,43.96099],[-95.25002,43.96331],[-95.24855,43.97105],[-95.25003,43.97524],[-95.2587,43.97535],[-95.26221,43.97754],[-95.26433,43.98315],[-95.26242,43.98886],[-95.25617,43.99251],[-95.25097,43.99316],[-95.24993,43.99508],[-95.24568,43.99539],[-95.24785,44.00052],[-95.24719,44.00223],[-95.23522,44.00464],[-95.23517,44.01134],[-95.23975,44.0125],[-95.23964,44.01361],[-95.23208,44.01634],[-95.23327,44.02224],[-95.23184,44.02491],[-95.21574,44.01783],[-95.21769,44.0159],[-95.21634,44.00954],[-95.2079,44.00242],[-95.2031,44.00315],[-95.19792,44.00152],[-95.19452,43.99687],[-95.19504,43.99267],[-95.193,43.99169],[-95.18809,43.99434],[-95.1789,43.99387],[-95.16875,43.98463],[-95.16075,43.98476],[-95.15552,43.98824],[-95.15084,43.98538],[-95.15083,43.98135],[-95.14885,43.98016],[-95.14156,43.9825],[-95.1395,43.98203],[-95.13906,43.97856],[-95.12728,43.97799],[-95.12566,43.97692],[-95.12598,43.9656],[-95.1217,43.96388],[-95.12036,43.9596],[-95.11686,43.95814],[-95.10791,43.95664],[-95.10714,43.961],[-95.10521,43.96221],[-95.10556,43.96506],[-95.11213,43.96846],[-95.11421,43.9738],[-95.11295,43.97479],[-95.10822,43.973],[-95.09746,43.97766],[-95.09248,43.97808],[-95.08834,43.97244],[-95.08526,43.97299],[-95.0831,43.96782],[-95.08214,43.95536],[-95.07585,43.95153],[-95.07331,43.94377],[-95.07446,43.93782],[-95.07335,43.92798],[-95.07651,43.92466],[-95.07655,43.92057],[-95.07158,43.91799],[-95.0718,43.91263],[-95.07024,43.90999],[-95.07269,43.90967],[-95.0744,43.90651],[-95.06991,43.90456],[-95.06005,43.89541],[-95.05434,43.8949],[-95.05619,43.89352],[-95.05271,43.88951],[-95.0587,43.88101],[-95.05751,43.87455],[-95.0608,43.87343],[-95.06216,43.87489],[-95.0651,43.87442],[-95.07019,43.87135],[-95.07277,43.87202],[-95.0739,43.86816],[-95.07624,43.86789],[-95.07711,43.86252],[-95.07226,43.85887],[-95.07012,43.85914],[-95.0643,43.86061],[-95.05747,43.86498],[-95.04887,43.85953],[-95.04564,43.85907],[-95.0539,43.85113],[-95.06017,43.84997],[-95.05851,43.84823],[-95.05935,43.84605],[-95.06383,43.84387],[-95.06213,43.83987],[-95.06324,43.83687],[-95.05766,43.82609],[-95.05639,43.81289],[-95.05048,43.80761],[-95.0451,43.80843],[-95.04323,43.80385],[-95.04855,43.79881],[-95.05059,43.79913],[-95.0526,43.79414],[-95.05152,43.79204],[-95.04675,43.79037],[-95.04133,43.79207],[-95.04249,43.78898],[-95.0477,43.78427],[-95.04694,43.77567],[-95.05034,43.77157],[-95.05378,43.7707],[-95.05233,43.76907],[-95.05708,43.76778],[-95.05744,43.76395],[-95.04808,43.75886],[-95.03533,43.76621],[-95.03002,43.76141],[-95.03012,43.75925],[-95.02759,43.75628],[-95.01939,43.75517],[-95.0163,43.75076],[-95.01989,43.74718],[-95.0184,43.74027],[-95.01346,43.73823],[-95.01106,43.73501],[-95.01145,43.73298],[-95.00817,43.73024],[-95.01985,43.72415],[-95.02306,43.71804],[-95.02279,43.71595],[-95.01731,43.71206],[-95.01692,43.70844],[-95.01176,43.70621],[-95.0117,43.70464],[-95.01778,43.69953],[-95.01629,43.69749],[-95.01325,43.69552],[-95.00257,43.69503],[-94.99901,43.69199],[-94.99105,43.69196],[-94.99029,43.68855],[-94.97813,43.68888],[-94.97693,43.68223],[-94.97832,43.6787],[-94.98438,43.67064],[-94.98927,43.66853],[-94.98611,43.66481],[-94.98588,43.65983],[-94.97846,43.65497],[-94.98486,43.64969],[-94.98171,43.64355],[-94.98187,43.63967],[-94.98036,43.63915],[-94.97815,43.64314],[-94.97215,43.64393],[-94.96926,43.64625],[-94.97241,43.64933],[-94.97161,43.65208],[-94.96872,43.6531],[-94.96375,43.65139],[-94.95771,43.65511],[-94.95844,43.66081],[-94.95706,43.66222],[-94.95451,43.66065],[-94.95106,43.66505],[-94.95265,43.67458],[-94.9469,43.67814],[-94.94775,43.67948],[-94.9456,43.6825],[-94.94163,43.68526],[-94.94052,43.69275],[-94.93847,43.69445],[-94.94093,43.70956],[-94.93467,43.7102],[-94.92859,43.71412],[-94.91559,43.71851],[-94.91258,43.72169],[-94.91613,43.72735],[-94.90781,43.72904],[-94.90522,43.73278],[-94.89664,43.73406],[-94.88924,43.72925],[-94.88969,43.72501],[-94.88764,43.72332],[-94.87992,43.72049],[-94.87072,43.72575],[-94.87087,43.72807],[-94.86864,43.73086],[-94.86157,43.73034],[-94.85045,43.72024],[-94.84925,43.7158],[-94.84404,43.71073],[-94.8378,43.70991],[-94.83476,43.70626],[-94.82258,43.70386],[-94.81609,43.69698],[-94.80755,43.69532],[-94.80321,43.69289],[-94.80044,43.68767],[-94.79677,43.68541],[-94.79794,43.68087],[-94.79634,43.67776],[-94.79028,43.67182],[-94.77479,43.67021],[-94.77409,43.66637],[-94.76798,43.66638],[-94.76589,43.66308],[-94.74763,43.65335],[-94.74555,43.65073],[-94.74398,43.65067],[-94.73805,43.65669],[-94.73747,43.65898],[-94.72976,43.66292],[-94.7269,43.66129],[-94.72483,43.6634],[-94.71947,43.66293],[-94.7198,43.6676],[-94.71812,43.66891],[-94.71197,43.66845],[-94.70091,43.6652],[-94.69918,43.65413],[-94.69568,43.65189],[-94.69753,43.64536],[-94.69235,43.6408],[-94.68096,43.63945],[-94.67405,43.64246],[-94.66845,43.64199],[-94.66515,43.64891],[-94.66037,43.65153],[-94.65467,43.64983],[-94.65434,43.64656],[-94.65071,43.6459],[-94.65178,43.6445],[-94.64396,43.64497],[-94.64451,43.63816],[-94.63273,43.64052],[-94.62219,43.63769],[-94.61528,43.6332],[-94.60702,43.63195],[-94.60221,43.62804],[-94.59578,43.62939],[-94.58454,43.62619],[-94.57981,43.62665],[-94.57779,43.62945],[-94.57131,43.63064],[-94.56277,43.62653],[-94.56307,43.6228],[-94.55196,43.61861],[-94.54054,43.61887],[-94.5372,43.61617],[-94.5402,43.6098],[-94.54539,43.60782],[-94.54243,43.60416],[-94.55108,43.59817],[-94.55598,43.59271],[-94.55591,43.58917],[-94.55203,43.58256],[-94.55242,43.57779],[-94.54476,43.57571],[-94.53756,43.56459],[-94.534,43.56615],[-94.52794,43.56431],[-94.52244,43.56719],[-94.51647,43.56527],[-94.51879,43.5608],[-94.51388,43.55748],[-94.50633,43.55936],[-94.50629,43.5539],[-94.51634,43.54782],[-94.52012,43.5485],[-94.51827,43.5446],[-94.51951,43.54316],[-94.51771,43.54261],[-94.51645,43.53859],[-94.51763,43.53638],[-94.52192,43.53503],[-94.5196,43.53096],[-94.52665,43.53194],[-94.52962,43.53433],[-94.53428,43.53245],[-94.54044,43.5333],[-94.54253,43.53196],[-94.54332,43.52712],[-94.53969,43.52558],[-94.54129,43.52055],[-94.53582,43.51736],[-94.52642,43.51753],[-94.5317,43.51114],[-94.52888,43.50864],[-94.53189,43.50662],[-94.5275,43.50419],[-94.52748,43.50241],[-94.53148,43.4997],[-94.53044,43.49809],[-94.52242,43.49598],[-94.51847,43.49271],[-94.51363,43.49434],[-94.51175,43.491],[-94.50895,43.49007],[-94.51034,43.48524],[-94.50393,43.48138],[-94.50343,43.47528],[-94.49508,43.47082],[-94.49582,43.4667],[-94.49332,43.46193],[-94.49124,43.46209],[-94.48908,43.45882],[-94.48309,43.45878],[-94.48534,43.45347],[-94.48244,43.45028],[-94.4822,43.44577],[-94.47779,43.43925],[-94.47815,43.43742],[-94.47434,43.43514],[-94.47327,43.43108],[-94.4687,43.43082],[-94.46144,43.43311],[-94.4609,43.43708],[-94.45755,43.4396],[-94.44796,43.43749],[-94.44267,43.43171],[-94.43741,43.43234],[-94.4344,43.43037],[-94.42734,43.43045],[-94.42742,43.43177],[-94.43319,43.43296],[-94.43419,43.43634],[-94.42967,43.44062],[-94.42169,43.43782],[-94.42153,43.444],[-94.42025,43.44515],[-94.4217,43.45141],[-94.41595,43.45105],[-94.41535,43.45372],[-94.41734,43.45568],[-94.41423,43.45793],[-94.41372,43.46163],[-94.41148,43.46193],[-94.40948,43.45902],[-94.40439,43.45964],[-94.40383,43.46286],[-94.39835,43.46122],[-94.39593,43.46317],[-94.39306,43.45813],[-94.38635,43.45763],[-94.38118,43.45891],[-94.37894,43.4631],[-94.37988,43.46432],[-94.36455,43.46682],[-94.36312,43.46411],[-94.36533,43.46124],[-94.3648,43.45854],[-94.35943,43.45539],[-94.36079,43.4528],[-94.36478,43.45214],[-94.3639,43.44601],[-94.35861,43.44435],[-94.35573,43.43888],[-94.35066,43.4357],[-94.35166,43.43443],[-94.35025,43.43047],[-94.34442,43.42942],[-94.3464,43.42353],[-94.34195,43.42125],[-94.33451,43.40865],[-94.32975,43.40482],[-94.33433,43.40234],[-94.33645,43.40336],[-94.34063,43.4004],[-94.32507,43.39928],[-94.32563,43.39421],[-94.31983,43.39141],[-94.31727,43.39244],[-94.30499,43.39034],[-94.30093,43.3915],[-94.29328,43.38996],[-94.29191,43.38756],[-94.28773,43.38792],[-94.27829,43.38527],[-94.26636,43.37916],[-94.26597,43.37555],[-94.24828,43.37246],[-94.24912,43.36959],[-94.24765,43.368],[-94.24141,43.36756],[-94.23658,43.36217],[-94.23884,43.35812],[-94.24323,43.35785],[-94.24418,43.35212],[-94.23566,43.35278],[-94.23363,43.34996],[-94.22489,43.34752],[-94.22093,43.34174],[-94.21721,43.34114],[-94.21626,43.34298],[-94.21195,43.34161],[-94.21097,43.34618],[-94.19931,43.34509],[-94.19457,43.34338],[-94.193,43.34068],[-94.1884,43.33826],[-94.18091,43.33543],[-94.17534,43.33559],[-94.17352,43.33216],[-94.168,43.32966],[-94.16909,43.32648],[-94.17315,43.32541],[-94.17269,43.32057],[-94.181,43.32154],[-94.18231,43.31987],[-94.1817,43.31646],[-94.18548,43.31491],[-94.18705,43.30997],[-94.17535,43.30272],[-94.17969,43.30259],[-94.18173,43.30076],[-94.1811,43.29778],[-94.18236,43.29619],[-94.18607,43.29559],[-94.18747,43.29382],[-94.18279,43.28998],[-94.18786,43.28739],[-94.18624,43.28583],[-94.18817,43.28289],[-94.18666,43.27802],[-94.18148,43.27382],[-94.18272,43.27045],[-94.17408,43.2679],[-94.17074,43.26535],[-94.17341,43.26194],[-94.17745,43.26188],[-94.18323,43.25852],[-94.18195,43.25627],[-94.18429,43.25402],[-94.17746,43.25339],[-94.17474,43.25009],[-94.16331,43.24546],[-94.16175,43.23991],[-94.15105,43.24133],[-94.14917,43.23763],[-94.14131,43.23593],[-94.13777,43.24338],[-94.13199,43.24457],[-94.12286,43.24302],[-94.11992,43.24703],[-94.11452,43.24851],[-94.11059,43.25333],[-94.10052,43.25536],[-94.09707,43.25439],[-94.09483,43.25602],[-94.08935,43.25634],[-94.08802,43.25839],[-94.08317,43.25742],[-94.07853,43.25985],[-94.07301,43.25802],[-94.066,43.26039],[-94.06307,43.26598],[-94.06777,43.26983],[-94.06337,43.27408],[-94.05833,43.27591],[-94.05995,43.27767],[-94.05923,43.28217],[-94.06137,43.28557],[-94.05534,43.28702],[-94.05455,43.292],[-94.0563,43.29447],[-94.0551,43.29721],[-94.05233,43.29705],[-94.05101,43.29939],[-94.05707,43.30442],[-94.07306,43.30627],[-94.07125,43.30789],[-94.07366,43.3148],[-94.0792,43.31726],[-94.0817,43.32125],[-94.07304,43.32446],[-94.07216,43.32604],[-94.07391,43.32912],[-94.06221,43.32913],[-94.05759,43.32694],[-94.05769,43.32526],[-94.05512,43.32398],[-94.05643,43.32139],[-94.05528,43.3187],[-94.04242,43.3121],[-94.03049,43.31433],[-94.02879,43.30244],[-94.02523,43.30451],[-94.01369,43.30282],[-94.01211,43.30755],[-94.00291,43.30344],[-93.99819,43.30363],[-93.99372,43.30634],[-93.97757,43.3099],[-93.97723,43.31493],[-93.97347,43.31589],[-93.97243,43.31822],[-93.97342,43.31965],[-93.97054,43.32104],[-93.97421,43.32097],[-93.98213,43.32688],[-93.97381,43.33422],[-93.97331,43.33745],[-93.97697,43.33983],[-93.9705,43.34199],[-93.96306,43.3408],[-93.95231,43.34405],[-93.94727,43.34248],[-93.94483,43.34333],[-93.94067,43.35097],[-93.94415,43.35391],[-93.94316,43.35513],[-93.93798,43.35292],[-93.93479,43.35474],[-93.93194,43.35402],[-93.92169,43.34971],[-93.91895,43.35172],[-93.91941,43.35488],[-93.91575,43.35467],[-93.9093,43.35915],[-93.90483,43.35778],[-93.90039,43.3607],[-93.89882,43.36367],[-93.90361,43.36573],[-93.90155,43.36914],[-93.89608,43.3703],[-93.88828,43.37483],[-93.88304,43.37346],[-93.8786,43.37495],[-93.87912,43.3814],[-93.86776,43.38571],[-93.86498,43.38823],[-93.86287,43.39348],[-93.85437,43.39596],[-93.85283,43.39506],[-93.85183,43.39786],[-93.84311,43.4047],[-93.84198,43.4083],[-93.83881,43.40978],[-93.83625,43.40848],[-93.83372,43.4094],[-93.83001,43.41586],[-93.82674,43.41839],[-93.82684,43.42043],[-93.81612,43.42463],[-93.81332,43.42641],[-93.81239,43.42937],[-93.81024,43.42969],[-93.81112,43.4345],[-93.80921,43.43603],[-93.8029,43.43581],[-93.80087,43.4375],[-93.79973,43.439],[-93.8026,43.44147],[-93.79253,43.4465],[-93.79231,43.4513],[-93.77535,43.44958],[-93.77582,43.45411],[-93.7741,43.45691],[-93.76672,43.45793],[-93.76614,43.46173],[-93.75889,43.46293],[-93.75519,43.46664],[-93.75516,43.47061],[-93.74882,43.47409],[-93.7462,43.47729],[-93.74023,43.47705],[-93.73841,43.47838],[-93.73462,43.47511],[-93.73394,43.47783],[-93.73051,43.47942],[-93.73152,43.48212],[-93.72323,43.48884],[-93.72002,43.48799],[-93.71992,43.48444],[-93.71062,43.48104],[-93.70551,43.47669],[-93.70072,43.47572],[-93.70796,43.47227],[-93.70091,43.47502],[-93.6989,43.47899],[-93.69992,43.48255],[-93.69743,43.48519],[-93.6963,43.48532],[-93.69551,43.48457],[-93.69156,43.4833],[-93.6895,43.47956],[-93.68593,43.47954],[-93.68431,43.47794],[-93.68156,43.48049],[-93.67904,43.48062],[-93.67359,43.47761],[-93.66803,43.47892],[-93.66743,43.47618],[-93.66045,43.4751],[-93.65525,43.48139],[-93.65361,43.48853],[-93.65177,43.49045],[-93.65227,43.49462],[-93.64996,43.49508],[-93.6517,43.49946],[-93.64932,43.50101],[-93.65279,43.50724],[-93.65033,43.50894],[-93.65192,43.5128],[-93.64935,43.51707],[-93.65347,43.52163],[-93.64874,43.52232],[-93.64876,43.52634],[-93.64161,43.52571],[-93.63755,43.53071],[-93.63971,43.53398],[-93.64422,43.53429],[-93.64723,43.53767],[-93.65213,43.53963],[-93.64939,43.54131],[-93.65165,43.54331],[-93.65995,43.54602],[-93.65909,43.5486],[-93.66106,43.55327],[-93.66416,43.55528],[-93.66366,43.55734],[-93.65498,43.55435],[-93.65446,43.55581],[-93.6516,43.55512],[-93.64543,43.55173],[-93.64067,43.55097],[-93.63743,43.55296],[-93.63587,43.55237],[-93.63628,43.55001],[-93.63329,43.55088],[-93.62552,43.54874],[-93.6215,43.55152],[-93.61758,43.55193],[-93.60723,43.54897],[-93.60315,43.55921],[-93.59639,43.55884],[-93.59584,43.56084],[-93.59327,43.56111],[-93.59416,43.5629],[-93.58617,43.56209],[-93.57789,43.56655],[-93.57753,43.57046],[-93.58331,43.57176],[-93.58293,43.57527],[-93.57795,43.57573],[-93.58117,43.57951],[-93.58836,43.58045],[-93.59134,43.57823],[-93.5941,43.57968],[-93.59426,43.58333],[-93.5922,43.58704],[-93.59518,43.58852],[-93.59328,43.59118],[-93.58989,43.59214],[-93.59072,43.59378],[-93.58791,43.594],[-93.58753,43.59565],[-93.58951,43.59688],[-93.58664,43.59833],[-93.58673,43.60167],[-93.59022,43.60309],[-93.59093,43.6057],[-93.58887,43.60706],[-93.58926,43.60864],[-93.58473,43.61103],[-93.58805,43.61331],[-93.59025,43.61853],[-93.59243,43.61752],[-93.59488,43.6194],[-93.59518,43.62142],[-93.59298,43.62188],[-93.59095,43.62572],[-93.59311,43.62773],[-93.59154,43.62905],[-93.59243,43.63081],[-93.58839,43.63228],[-93.58246,43.6392],[-93.5742,43.63908],[-93.57724,43.64238],[-93.57435,43.64724],[-93.56885,43.64627],[-93.56069,43.64844],[-93.55788,43.65155],[-93.55871,43.65394],[-93.55677,43.65863],[-93.54686,43.66344],[-93.54395,43.66287],[-93.54062,43.66939],[-93.52792,43.67734],[-93.52909,43.68496],[-93.52801,43.6862],[-93.52584,43.68448],[-93.52157,43.68478],[-93.5205,43.68955],[-93.51658,43.68983],[-93.51418,43.69187],[-93.52328,43.69895],[-93.52349,43.70193],[-93.52053,43.70327],[-93.52393,43.707],[-93.51942,43.70809],[-93.51936,43.71167],[-93.51329,43.71164],[-93.51022,43.71536],[-93.50751,43.71607],[-93.50639,43.71736],[-93.50757,43.71947],[-93.50208,43.72109],[-93.50091,43.72244],[-93.50194,43.72378],[-93.49935,43.72611],[-93.4905,43.72855],[-93.48495,43.73551],[-93.48899,43.73885],[-93.48913,43.74336],[-93.48203,43.74589],[-93.47842,43.74902],[-93.47239,43.74706],[-93.46905,43.75077],[-93.46491,43.75073],[-93.46289,43.74796],[-93.45771,43.74824],[-93.44826,43.75131],[-93.44387,43.75541],[-93.44048,43.75636],[-93.43606,43.75439],[-93.43286,43.75595],[-93.4274,43.75586],[-93.42828,43.75904],[-93.42392,43.76208],[-93.41788,43.76182],[-93.4163,43.76356],[-93.42275,43.77256],[-93.41137,43.77531],[-93.40894,43.77807],[-93.40343,43.77755],[-93.4031,43.77975],[-93.40003,43.782],[-93.395,43.78026],[-93.38672,43.78158],[-93.38384,43.78004],[-93.3822,43.7855],[-93.37562,43.78682],[-93.37443,43.78629],[-93.37131,43.78689],[-93.36939,43.78951],[-93.36895,43.79611],[-93.36627,43.79876],[-93.36277,43.79942],[-93.36386,43.80061],[-93.36194,43.8016],[-93.36355,43.80316],[-93.36285,43.806],[-93.35915,43.80658],[-93.3585,43.81018],[-93.35367,43.81503],[-93.34964,43.82386],[-93.34405,43.82367],[-93.343,43.82575],[-93.34715,43.82946],[-93.34641,43.8341],[-93.34201,43.83565],[-93.33785,43.83344],[-93.33289,43.8339],[-93.33101,43.83578],[-93.33264,43.83724],[-93.32987,43.83722],[-93.32933,43.84056],[-93.32305,43.84156],[-93.32132,43.84417],[-93.32556,43.8449],[-93.32639,43.84671],[-93.32541,43.84719],[-93.32534,43.84822],[-93.31986,43.84927],[-93.313,43.84584],[-93.30974,43.84755],[-93.30919,43.83775],[-93.30047,43.83432],[-93.29338,43.8351],[-93.29303,43.83255],[-93.28918,43.83224],[-93.28859,43.82531],[-93.27921,43.8263],[-93.27937,43.82366],[-93.25923,43.82241],[-93.25094,43.82568],[-93.23969,43.82413],[-93.23875,43.82793],[-93.23204,43.82777],[-93.22676,43.82987],[-93.21974,43.82829],[-93.21735,43.83023],[-93.21818,43.83666],[-93.21419,43.83686],[-93.21128,43.83898],[-93.21061,43.8436],[-93.20479,43.84125],[-93.20451,43.83757],[-93.20626,43.835],[-93.20333,43.82919],[-93.17947,43.83069],[-93.17302,43.83358],[-93.16143,43.83357],[-93.15452,43.83907],[-93.15065,43.83657],[-93.1457,43.83684],[-93.1443,43.83439],[-93.13354,43.83229],[-93.12938,43.83376],[-93.12017,43.83331],[-93.11946,43.8282],[-93.11022,43.82919],[-93.10461,43.83418],[-93.1019,43.83386],[-93.10057,43.83016],[-93.0968,43.82925],[-93.09474,43.83032],[-93.09422,43.83376],[-93.09676,43.83708],[-93.08822,43.84043],[-93.09024,43.84878],[-93.09553,43.85016],[-93.09451,43.85273],[-93.09598,43.85559],[-93.08344,43.86038],[-93.08292,43.86375],[-93.07262,43.86749],[-93.0694,43.87271],[-93.07041,43.87539],[-93.06548,43.87923],[-93.06565,43.88594],[-93.07,43.88563],[-93.06811,43.88648],[-93.06844,43.88904],[-93.06554,43.89342],[-93.07008,43.90045],[-93.07784,43.90256],[-93.07873,43.90737],[-93.07431,43.91003],[-93.07328,43.91366],[-93.06562,43.91285],[-93.06527,43.9169],[-93.05543,43.92098],[-93.05549,43.92746],[-93.04355,43.92878],[-93.0345,43.9319],[-93.02846,43.93748],[-93.01645,43.94129],[-93.0171,43.94561],[-93.01497,43.94785],[-93.00671,43.94609],[-93.00017,43.95025],[-92.99681,43.9506],[-92.96369,43.94998],[-92.95743,43.94799],[-92.94593,43.93867],[-92.92255,43.94182],[-92.91093,43.93665],[-92.9005,43.92968],[-92.89466,43.92866],[-92.8868,43.92432],[-92.86441,43.91971],[-92.84589,43.9191],[-92.8315,43.91391],[-92.82367,43.91292],[-92.81915,43.91001],[-92.81868,43.89934],[-92.82106,43.89382],[-92.81896,43.88754],[-92.81911,43.88213],[-92.81272,43.8786],[-92.7998,43.87799],[-92.79551,43.87411],[-92.79937,43.86953],[-92.79896,43.85061],[-92.80547,43.84638],[-92.80491,43.838],[-92.80048,43.83163],[-92.80939,43.82539],[-92.8092,43.82406],[-92.7991,43.8211],[-92.79796,43.81783],[-92.79998,43.81481],[-92.80116,43.8054],[-92.79631,43.80502],[-92.79422,43.8011],[-92.78648,43.7947],[-92.78856,43.7927],[-92.78967,43.78583],[-92.79587,43.77824],[-92.7899,43.7744],[-92.78954,43.76948],[-92.79934,43.76629],[-92.80044,43.76504],[-92.79968,43.76085],[-92.79559,43.75778],[-92.79442,43.75344],[-92.78975,43.74904],[-92.78567,43.74826],[-92.7797,43.74441],[-92.78032,43.7405],[-92.7776,43.7369],[-92.77323,43.73675],[-92.76446,43.73207],[-92.7605,43.73175],[-92.75855,43.73411],[-92.75404,43.73522],[-92.75334,43.73713],[-92.74952,43.73729],[-92.74853,43.73062],[-92.74642,43.72922],[-92.74811,43.71977],[-92.73283,43.71787],[-92.72736,43.71456],[-92.71962,43.71665],[-92.71332,43.71478],[-92.69937,43.71425],[-92.69789,43.71206],[-92.69919,43.7091],[-92.69763,43.70815],[-92.68774,43.70724],[-92.68466,43.70313],[-92.68677,43.69988],[-92.68419,43.69558],[-92.68687,43.6865],[-92.68961,43.68261],[-92.68939,43.67731],[-92.68477,43.67631],[-92.68367,43.66786],[-92.67708,43.665],[-92.67592,43.66265],[-92.6759,43.66015],[-92.67909,43.65535],[-92.67596,43.64964],[-92.66915,43.64742],[-92.66447,43.64347],[-92.6626,43.63657],[-92.66825,43.62694],[-92.64447,43.62025],[-92.64075,43.61854],[-92.63627,43.61313],[-92.64746,43.60732],[-92.63211,43.6141],[-92.62656,43.62068],[-92.60254,43.62302],[-92.59222,43.6159],[-92.58776,43.6163],[-92.57264,43.62234],[-92.56897,43.62275],[-92.56083,43.62033],[-92.54981,43.62178],[-92.52837,43.61221],[-92.51883,43.61627],[-92.51945,43.61907],[-92.51539,43.62505],[-92.50629,43.62615],[-92.50366,43.62797],[-92.49966,43.62623],[-92.49504,43.62129],[-92.48275,43.62418],[-92.47197,43.61933],[-92.46492,43.61904],[-92.46027,43.6217],[-92.45427,43.61995],[-92.44838,43.61642],[-92.44716,43.611],[-92.44523,43.60919],[-92.4452,43.60393],[-92.43995,43.60047],[-92.43485,43.59331],[-92.43196,43.59162],[-92.41853,43.59407],[-92.41378,43.59241],[-92.40131,43.59213],[-92.39483,43.58948],[-92.39075,43.587],[-92.39128,43.5788],[-92.38709,43.57698],[-92.38438,43.5702],[-92.36795,43.5662],[-92.36962,43.55805],[-92.36439,43.54888],[-92.35736,43.54788],[-92.35369,43.54446],[-92.34892,43.54384],[-92.34567,43.53821],[-92.33848,43.53794],[-92.33315,43.53295],[-92.31763,43.53105],[-92.30943,43.53273],[-92.29537,43.52786],[-92.29182,43.52453],[-92.27887,43.52566],[-92.27639,43.5219],[-92.27038,43.52071],[-92.26754,43.51742],[-92.24725,43.51847],[-92.24405,43.52523],[-92.23789,43.53005],[-92.23884,43.5381],[-92.24139,43.54245],[-92.23543,43.54635],[-92.23749,43.54825],[-92.23675,43.54915],[-92.23375,43.54939],[-92.22686,43.55796],[-92.21952,43.56303],[-92.20814,43.563],[-92.20546,43.56508],[-92.20685,43.56633],[-92.2051,43.5678],[-92.20009,43.56243],[-92.19639,43.56269],[-92.19335,43.56092],[-92.19254,43.55883],[-92.19554,43.55556],[-92.19148,43.55177],[-92.18445,43.54997],[-92.18167,43.54771],[-92.18148,43.54516],[-92.16716,43.53872],[-92.16352,43.54123],[-92.1572,43.54145],[-92.1539,43.53956],[-92.14155,43.54282],[-92.13705,43.53998],[-92.13279,43.53933],[-92.12743,43.5413],[-92.12542,43.54007],[-92.11673,43.54539],[-92.11247,43.54464],[-92.11111,43.54257],[-92.10221,43.541],[-92.1,43.54509],[-92.09452,43.54304],[-92.09009,43.54478],[-92.08243,43.5521],[-92.07814,43.55175],[-92.076,43.54707],[-92.07318,43.54541],[-92.07043,43.54675],[-92.06689,43.54484],[-92.05998,43.54659],[-92.05467,43.54159],[-92.04891,43.54107],[-92.04554,43.54527],[-92.04652,43.54919],[-92.02923,43.55197],[-92.02593,43.55444],[-92.01431,43.55235],[-92.00329,43.5586],[-91.98907,43.55557],[-91.97594,43.55685],[-91.96443,43.55285],[-91.96103,43.55355],[-91.9533,43.5517],[-91.95248,43.54815],[-91.95548,43.54477],[-91.95514,43.543],[-91.94719,43.5351],[-91.936,43.52931],[-91.92565,43.52654],[-91.90817,43.51684],[-91.90127,43.51673],[-91.89594,43.51307],[-91.88692,43.51332],[-91.87615,43.50883],[-91.87333,43.51015],[-91.86327,43.50343],[-91.85884,43.50579],[-91.85203,43.50416],[-91.8489,43.50659],[-91.8463,43.5064],[-91.84271,43.50081],[-91.83857,43.49903],[-91.83365,43.49981],[-91.82729,43.49627],[-91.82489,43.49657],[-91.81911,43.49009],[-91.81439,43.4914],[-91.81324,43.48998],[-91.81461,43.48678],[-91.81196,43.48579],[-91.80039,43.48399],[-91.78415,43.48586],[-91.78301,43.48052],[-91.77758,43.47826],[-91.7764,43.47439],[-91.7596,43.46907],[-91.76068,43.46692],[-91.75895,43.46114],[-91.75218,43.45744],[-91.74517,43.45692],[-91.74281,43.44283],[-91.73488,43.43861],[-91.72788,43.43723],[-91.72368,43.43279],[-91.72364,43.42574],[-91.71491,43.42134],[-91.71005,43.42006],[-91.70481,43.42127],[-91.69614,43.42033],[-91.68482,43.42265],[-91.67606,43.41967],[-91.67012,43.41947],[-91.66151,43.42],[-91.65913,43.42234],[-91.6566,43.4211],[-91.64867,43.42184],[-91.63868,43.41886],[-91.63494,43.42011],[-91.63176,43.4193],[-91.62321,43.42465],[-91.61916,43.4232],[-91.60772,43.42481],[-91.60251,43.42207],[-91.59159,43.42951],[-91.58671,43.43015],[-91.57418,43.4222],[-91.5611,43.41884],[-91.55384,43.4197],[-91.54486,43.42374],[-91.53769,43.42101],[-91.52849,43.42249],[-91.52053,43.42765],[-91.51208,43.42491],[-91.50457,43.42597],[-91.5026,43.42838],[-91.50032,43.42547],[-91.50285,43.42285],[-91.50247,43.42],[-91.49961,43.41373],[-91.49716,43.41262],[-91.49905,43.40957],[-91.49576,43.40519],[-91.48727,43.40068],[-91.48699,43.39368],[-91.49138,43.38926],[-91.49083,43.38352],[-91.48777,43.37622],[-91.48891,43.37261],[-91.49261,43.37047],[-91.49336,43.36703],[-91.49114,43.3645],[-91.49584,43.36145],[-91.49893,43.35552],[-91.4982,43.35344],[-91.5032,43.35092],[-91.5048,43.34824],[-91.50446,43.34316],[-91.50677,43.3419],[-91.50489,43.33494],[-91.50699,43.33327],[-91.50512,43.33035],[-91.50785,43.32755],[-91.50684,43.32388],[-91.4978,43.3198],[-91.49359,43.31589],[-91.49155,43.31039],[-91.49311,43.30929],[-91.49189,43.3051],[-91.4928,43.30227],[-91.49617,43.2993],[-91.49452,43.29602],[-91.50291,43.28977],[-91.50206,43.28618],[-91.5044,43.2836],[-91.50328,43.28153],[-91.51154,43.27633],[-91.50709,43.26929],[-91.5041,43.26837],[-91.50453,43.26656],[-91.50066,43.2608],[-91.50117,43.25698],[-91.48712,43.24808],[-91.48411,43.23945],[-91.47181,43.23441],[-91.46588,43.23526],[-91.46402,43.23418],[-91.46454,43.23099],[-91.46114,43.22709],[-91.44965,43.21996],[-91.44674,43.22014],[-91.4404,43.21525],[-91.41914,43.20766],[-91.40509,43.20646],[-91.40278,43.20516],[-91.40156,43.20108],[-91.39407,43.198],[-91.38547,43.19848],[-91.37693,43.19365],[-91.36815,43.19533],[-91.36462,43.19252],[-91.35445,43.1915],[-91.34972,43.18769],[-91.32612,43.18334],[-91.31959,43.17747],[-91.31229,43.17559],[-91.30302,43.1645],[-91.29355,43.16174],[-91.28934,43.15579],[-91.27111,43.15341],[-91.26193,43.14997],[-91.25711,43.14645],[-91.25678,43.13899],[-91.26449,43.13085],[-91.25927,43.12528],[-91.25973,43.12167],[-91.2577,43.11957],[-91.24861,43.11897],[-91.24839,43.11682],[-91.25225,43.11277],[-91.24743,43.10925],[-91.27026,43.08707],[-91.29397,43.08511],[-91.29805,43.08253],[-91.29916,43.07754],[-91.30374,43.07691],[-91.30471,43.07447],[-91.31203,43.07775],[-91.29954,43.07198],[-91.29455,43.07172],[-91.29061,43.06823],[-91.28312,43.06674],[-91.27876,43.06767],[-91.27515,43.06212],[-91.27026,43.05975],[-91.26254,43.0622],[-91.25476,43.05927],[-91.25004,43.06059],[-91.24605,43.05892],[-91.23832,43.06041],[-91.23639,43.05951],[-91.2248,43.0643],[-91.21706,43.06285],[-91.21581,43.06238],[-91.21711,43.05655],[-91.20622,43.04559],[-91.20774,43.03977],[-91.21205,43.03643],[-91.21205,43.03313],[-91.20851,43.02819],[-91.21193,43.02536],[-91.20822,43.02231],[-91.21229,43.01986],[-91.21881,43.0192],[-91.21839,43.0172],[-91.22142,43.01487],[-91.23467,43.01651],[-91.24052,43.01072],[-91.25224,43.01262],[-91.25393,43.011],[-91.25888,43.01056],[-91.26553,43.01337],[-91.27008,43.00965],[-91.282,43.00536],[-91.29634,43.00576],[-91.30302,43.00438],[-91.30776,42.99939],[-91.3077,42.99486],[-91.31228,42.98727],[-91.31194,42.98465],[-91.31025,42.98217],[-91.29934,42.98074],[-91.29644,42.97845],[-91.29238,42.96804],[-91.2872,42.96736],[-91.28409,42.96403],[-91.28538,42.96218],[-91.28418,42.96136],[-91.28462,42.95625],[-91.27458,42.95158],[-91.27765,42.95044],[-91.27896,42.94762],[-91.27907,42.94219],[-91.28141,42.93873],[-91.28071,42.93553],[-91.2855,42.92974],[-91.29062,42.92745],[-91.29391,42.92162],[-91.29296,42.91849],[-91.28475,42.91096],[-91.28048,42.91332],[-91.27127,42.91186],[-91.26605,42.90622],[-91.26589,42.90237],[-91.26257,42.90007],[-91.26334,42.89418],[-91.27048,42.88718],[-91.27346,42.88916],[-91.27747,42.88926],[-91.28571,42.88335],[-91.29307,42.88128],[-91.29362,42.87209],[-91.29217,42.87048],[-91.29628,42.8602],[-91.29488,42.85668],[-91.29976,42.84933],[-91.29905,42.84767],[-91.301,42.84634],[-91.29888,42.84492],[-91.29994,42.83921],[-91.29578,42.83216],[-91.293,42.83025],[-91.29306,42.82724],[-91.28519,42.82642],[-91.283,42.82339],[-91.27753,42.82034],[-91.27854,42.81804],[-91.27618,42.81365],[-91.27195,42.81209],[-91.27026,42.8087],[-91.27153,42.80417],[-91.27435,42.80257],[-91.27359,42.78783],[-91.26931,42.78459],[-91.26242,42.78623],[-91.2637,42.78115],[-91.26262,42.77872],[-91.25713,42.77904],[-91.24356,42.77052],[-91.24287,42.76736],[-91.24911,42.76388],[-91.24634,42.75991],[-91.24025,42.75705],[-91.24762,42.75452],[-91.25925,42.75452],[-91.26395,42.75201],[-91.26659,42.74739],[-91.26654,42.74511],[-91.25986,42.74029],[-91.26713,42.73653],[-91.26804,42.73273],[-91.27037,42.73208],[-91.26825,42.72886],[-91.26794,42.72383],[-91.26494,42.72115],[-91.26531,42.71788],[-91.27747,42.70612],[-91.27296,42.70222],[-91.27116,42.69316],[-91.2627,42.68458],[-91.25735,42.68466],[-91.25138,42.68112],[-91.24116,42.68443],[-91.23222,42.68401],[-91.22957,42.6854],[-91.22839,42.68835],[-91.22149,42.68675],[-91.2132,42.68949],[-91.20228,42.68914],[-91.20355,42.6875],[-91.19868,42.68215],[-91.20088,42.67782],[-91.19788,42.67311],[-91.20333,42.66673],[-91.20381,42.66373],[-91.20164,42.66227],[-91.20042,42.65635],[-91.18581,42.65372],[-91.19138,42.64999],[-91.19383,42.64586],[-91.19688,42.64525],[-91.19594,42.64039],[-91.21087,42.63234],[-91.21081,42.62932],[-91.21246,42.62778],[-91.21183,42.62463],[-91.21139,42.62483],[-91.20783,42.62051],[-91.20997,42.61659],[-91.20864,42.6107],[-91.2042,42.61041],[-91.20011,42.60695],[-91.20303,42.6003],[-91.20072,42.59811],[-91.19039,42.59703],[-91.1868,42.59168],[-91.17921,42.59489],[-91.17563,42.5933],[-91.17302,42.59572],[-91.1667,42.59694],[-91.16608,42.59844],[-91.1632,42.59767],[-91.15696,42.60225],[-91.15336,42.60119],[-91.15182,42.60246],[-91.15235,42.6069],[-91.14825,42.60599],[-91.14554,42.60761],[-91.13668,42.60334],[-91.12566,42.60181],[-91.12448,42.60047],[-91.1194,42.60234],[-91.10981,42.60251],[-91.1057,42.60177],[-91.1053,42.59958],[-91.10233,42.59888],[-91.09876,42.60061],[-91.0924,42.59863],[-91.09186,42.60218],[-91.08831,42.60439],[-91.08164,42.60495],[-91.08238,42.60807],[-91.07514,42.61145],[-91.07402,42.6189],[-91.07155,42.61792],[-91.06626,42.61915],[-91.06621,42.62506],[-91.06064,42.62696],[-91.05695,42.63089],[-91.05116,42.62728],[-91.04461,42.62827],[-91.04582,42.63033],[-91.0434,42.63494],[-91.03494,42.63607],[-91.03394,42.63689],[-91.03503,42.63843],[-91.03272,42.63881],[-91.03115,42.64149],[-91.02802,42.64177],[-91.02572,42.64502],[-91.01942,42.64786],[-91.01865,42.65147],[-91.01246,42.65111],[-91.00566,42.64721],[-91.00365,42.64955],[-90.99519,42.64988],[-90.98878,42.64714],[-90.98626,42.64539],[-90.98318,42.63974],[-90.97978,42.63815],[-90.98084,42.63491],[-90.98752,42.62756],[-90.98824,42.62533],[-90.97727,42.61682],[-90.98324,42.6127],[-90.98159,42.60811],[-90.98467,42.60738],[-90.98946,42.60116],[-90.99023,42.60113],[-90.99077,42.60052],[-90.99361,42.601],[-90.9969,42.60086],[-91.00265,42.59812],[-91.00359,42.59645],[-91.00788,42.59484],[-91.00674,42.59134],[-91.01378,42.59081],[-91.01621,42.58768],[-91.01555,42.58657],[-91.02052,42.5841],[-91.02383,42.57612],[-91.02616,42.57555],[-91.02601,42.57434],[-91.01969,42.56957],[-91.02074,42.56864],[-91.01955,42.56454],[-91.01284,42.56282],[-91.00741,42.55665],[-91.00058,42.55429],[-90.99906,42.55058],[-90.99666,42.54907],[-90.99634,42.54613],[-90.9903,42.5402],[-90.9836,42.53712],[-90.97607,42.53695],[-90.97569,42.53359],[-90.9724,42.5307],[-90.96379,42.52868],[-90.95973,42.52369],[-90.96037,42.51995],[-90.96274,42.51929],[-90.96968,42.51843],[-90.97287,42.51948],[-90.97562,42.51727],[-90.98405,42.51818],[-90.98585,42.51604],[-90.98523,42.51204],[-90.99283,42.50857],[-90.99425,42.50645],[-90.99373,42.50362],[-90.99675,42.50198],[-90.99732,42.49973],[-91.01504,42.49653],[-91.01136,42.48972],[-91.01121,42.48321],[-91.0092,42.48045],[-91.01083,42.47991],[-91.01324,42.47321],[-91.0114,42.47072],[-91.01173,42.46577],[-91.01663,42.46272],[-91.02166,42.45029],[-91.01961,42.45009],[-91.01582,42.44605],[-91.01645,42.44495],[-91.0135,42.44309],[-90.99703,42.44021],[-90.98684,42.44316],[-90.97703,42.44239],[-90.97061,42.43973],[-90.96216,42.44061],[-90.96233,42.44236],[-90.95358,42.44409],[-90.95282,42.44828],[-90.93072,42.44475],[-90.92783,42.44788],[-90.92901,42.45074],[-90.91856,42.44791],[-90.90739,42.44989],[-90.90552,42.44804],[-90.89949,42.44833],[-90.89818,42.44565],[-90.8952,42.44565],[-90.89052,42.45434],[-90.88413,42.45623],[-90.86945,42.45592],[-90.86724,42.45971],[-90.86206,42.46037],[-90.85983,42.46364],[-90.84967,42.46482],[-90.84068,42.46833],[-90.83698,42.47237],[-90.83389,42.47323],[-90.83065,42.4778],[-90.82809,42.4782],[-90.82797,42.48272],[-90.83009,42.48581],[-90.82537,42.48972],[-90.80435,42.49069],[-90.79328,42.48617],[-90.78227,42.48604],[-90.77934,42.48068],[-90.7779,42.48049],[-90.77114,42.48329],[-90.76528,42.48214],[-90.75911,42.48308],[-90.75074,42.48734],[-90.74589,42.48678],[-90.73292,42.49051],[-90.7256,42.48722],[-90.71692,42.48631],[-90.71725,42.48382],[-90.7077,42.47921],[-90.70199,42.47285],[-90.69763,42.47697],[-90.69156,42.47254],[-90.68556,42.47238],[-90.67714,42.46887],[-90.67866,42.46451],[-90.68173,42.46369],[-90.68238,42.46154],[-90.67824,42.45719],[-90.6781,42.4536],[-90.68229,42.45182],[-90.68645,42.44534],[-90.69649,42.44474],[-90.70279,42.44072],[-90.70319,42.43796],[-90.70893,42.43565],[-90.71288,42.43621],[-90.71392,42.43202],[-90.71937,42.42814],[-90.71642,42.42345],[-90.72351,42.42005],[-90.72634,42.41443],[-90.72491,42.41425],[-90.721,42.41048],[-90.71517,42.41041],[-90.70741,42.40726],[-90.70061,42.40206],[-90.69136,42.40039],[-90.68771,42.39819],[-90.6856,42.39261],[-90.67975,42.3889],[-90.6783,42.38857],[-90.67132,42.39521],[-90.66648,42.39677],[-90.66235,42.39544],[-90.6604,42.39213],[-90.66356,42.38879],[-90.65683,42.38607],[-90.65909,42.38271],[-90.6555,42.37898],[-90.64982,42.37692],[-90.64907,42.37232],[-90.65655,42.36992],[-90.65652,42.36618],[-90.66424,42.35956],[-90.66359,42.35668],[-90.66584,42.35275],[-90.67408,42.34782],[-90.67436,42.34607],[-90.67026,42.34497],[-90.667,42.33943],[-90.66064,42.33652],[-90.66243,42.33351],[-90.6606,42.33221],[-90.66107,42.33037],[-90.66554,42.32773],[-90.6656,42.32603],[-90.66109,42.32247],[-90.65608,42.32367],[-90.64976,42.32048],[-90.64246,42.32475],[-90.63677,42.32009],[-90.62727,42.31808],[-90.62484,42.31999],[-90.6201,42.3178],[-90.61678,42.31992],[-90.61387,42.3153],[-90.61084,42.31389],[-90.60238,42.31153],[-90.59804,42.31284],[-90.59233,42.30869],[-90.59711,42.30203],[-90.59226,42.29552],[-90.59722,42.2916],[-90.59434,42.28755],[-90.59002,42.28656],[-90.58922,42.27927],[-90.57928,42.27699],[-90.57567,42.27459],[-90.57508,42.27163],[-90.57822,42.27031],[-90.57996,42.26034],[-90.57576,42.25775],[-90.57183,42.25936],[-90.57011,42.25536],[-90.55623,42.24753],[-90.55783,42.24369],[-90.55682,42.24218],[-90.54953,42.2416],[-90.55049,42.23794],[-90.54393,42.22914],[-90.54405,42.2274],[-90.53987,42.22688],[-90.53813,42.22339],[-90.53472,42.22231],[-90.53074,42.21811],[-90.53194,42.2169],[-90.52999,42.21431],[-90.53029,42.21123],[-90.52326,42.20846],[-90.52076,42.20509],[-90.52183,42.20328],[-90.51854,42.19542],[-90.52122,42.1915],[-90.51856,42.18866],[-90.51844,42.18494],[-90.52485,42.18252],[-90.52815,42.17782],[-90.52534,42.17544],[-90.52449,42.17059],[-90.51803,42.16792],[-90.51226,42.16103],[-90.50779,42.16142],[-90.50436,42.15976],[-90.49277,42.16467],[-90.47112,42.16327],[-90.46773,42.16854],[-90.46185,42.16845],[-90.46216,42.17078],[-90.45734,42.17125],[-90.45481,42.17443],[-90.44249,42.17283],[-90.44009,42.17541],[-90.42951,42.17359],[-90.42547,42.16769],[-90.41936,42.16329],[-90.40465,42.16072],[-90.40452,42.16308],[-90.397,42.16529],[-90.39334,42.17194],[-90.38897,42.17348],[-90.3851,42.17079],[-90.37815,42.17139],[-90.37585,42.17005],[-90.37481,42.16749],[-90.37724,42.15921],[-90.37646,42.15707],[-90.36354,42.15544],[-90.35444,42.15713],[-90.34908,42.15508],[-90.34486,42.15803],[-90.34172,42.15771],[-90.33824,42.16269],[-90.33596,42.16337],[-90.33457,42.1625],[-90.3377,42.15701],[-90.33468,42.15521],[-90.33062,42.14523],[-90.33451,42.14074],[-90.33018,42.13544],[-90.3196,42.13003],[-90.31455,42.12965],[-90.30895,42.13173],[-90.3045,42.13163],[-90.30208,42.12991],[-90.30104,42.12452],[-90.30228,42.12293],[-90.30023,42.12123],[-90.30125,42.11795],[-90.30328,42.11718],[-90.30044,42.10968],[-90.30326,42.10201],[-90.30756,42.10045],[-90.30616,42.09786],[-90.30975,42.09617],[-90.30778,42.09146],[-90.31259,42.09087],[-90.31386,42.0885],[-90.31159,42.08518],[-90.31624,42.08406],[-90.31792,42.0797],[-90.32167,42.0781],[-90.32263,42.07267],[-90.33138,42.06849],[-90.33339,42.06895],[-90.33629,42.06477],[-90.33418,42.05792],[-90.33591,42.05589],[-90.33459,42.05422],[-90.33577,42.04863],[-90.33128,42.04294],[-90.32944,42.03653],[-90.34039,42.02585],[-90.33897,42.02017],[-90.33284,42.01977],[-90.32787,42.01297],[-90.32941,42.00993],[-90.32722,42.00699],[-90.32663,42.00032],[-90.33072,41.99616],[-90.33157,41.99229],[-90.32898,41.99087],[-90.33072,41.9876],[-90.32867,41.98662],[-90.32722,41.98297],[-90.33649,41.97866],[-90.34115,41.97827],[-90.3425,41.97627],[-90.35259,41.97629],[-90.34567,41.96461],[-90.34511,41.96143],[-90.34645,41.95949],[-90.35013,41.95711],[-90.35338,41.95925],[-90.35774,41.95848],[-90.36865,41.96314],[-90.37091,41.96205],[-90.37394,41.96513],[-90.39267,41.96705],[-90.40199,41.96059],[-90.41666,41.95911],[-90.41654,41.95758],[-90.42004,41.95667],[-90.41956,41.95448],[-90.42199,41.95363],[-90.42186,41.95228],[-90.42758,41.95085],[-90.42857,41.94693],[-90.43695,41.94423],[-90.43702,41.9412],[-90.43986,41.93978],[-90.43914,41.93775],[-90.44081,41.93356],[-90.44602,41.93119],[-90.44828,41.92564],[-90.45874,41.92351],[-90.46434,41.92447],[-90.46912,41.9275],[-90.47374,41.92598],[-90.48093,41.92812],[-90.48397,41.92666],[-90.48494,41.9256],[-90.48165,41.91902],[-90.48791,41.91882],[-90.49003,41.91212],[-90.49305,41.91181],[-90.49366,41.90887],[-90.50044,41.90532],[-90.50586,41.9048],[-90.51453,41.90884],[-90.51716,41.91244],[-90.52561,41.91203],[-90.52953,41.91769],[-90.5504,41.92167],[-90.55689,41.91792],[-90.55917,41.91114],[-90.55547,41.90629],[-90.55534,41.90218],[-90.55329,41.89977],[-90.55435,41.89816],[-90.54759,41.88532],[-90.55188,41.87626],[-90.55665,41.87413],[-90.55771,41.86987],[-90.56362,41.87018],[-90.56482,41.86493],[-90.55931,41.86169],[-90.56151,41.85944],[-90.55828,41.8573],[-90.56141,41.85252],[-90.55958,41.85061],[-90.53554,41.84392],[-90.53664,41.83916],[-90.53523,41.83562],[-90.54118,41.83587],[-90.54279,41.83187],[-90.53684,41.8269],[-90.54295,41.82294],[-90.54123,41.81949],[-90.53664,41.81626],[-90.53483,41.81145],[-90.5281,41.80722],[-90.52783,41.80442],[-90.53106,41.80067],[-90.54305,41.80308],[-90.54516,41.80129],[-90.5486,41.80175],[-90.55558,41.79431],[-90.55013,41.78597],[-90.5377,41.78033],[-90.53654,41.77844],[-90.53251,41.77925],[-90.51764,41.77175],[-90.51815,41.7699],[-90.52144,41.76977],[-90.51725,41.76744],[-90.517,41.75923],[-90.51346,41.75546],[-90.51597,41.75127],[-90.51989,41.74947],[-90.52331,41.73655],[-90.51507,41.72773],[-90.51955,41.72676],[-90.52031,41.7213],[-90.50959,41.71663],[-90.5196,41.70719],[-90.51511,41.70433],[-90.51733,41.70138],[-90.5092,41.69835],[-90.50977,41.69569],[-90.51298,41.69568],[-90.51297,41.68971],[-90.51534,41.68823],[-90.52166,41.68904],[-90.52235,41.6857],[-90.52858,41.68306],[-90.53157,41.67913],[-90.53111,41.67766],[-90.53797,41.67513],[-90.53876,41.67263],[-90.54642,41.67341],[-90.54845,41.67075],[-90.55477,41.67145],[-90.55757,41.67033],[-90.55995,41.66683],[-90.56685,41.66777],[-90.56824,41.66584],[-90.56836,41.65306],[-90.57706,41.65515],[-90.58543,41.66027],[-90.5899,41.66122],[-90.58363,41.65086],[-90.57484,41.64711],[-90.57431,41.64401],[-90.575,41.64049],[-90.57869,41.63916],[-90.57804,41.63323],[-90.58446,41.62921],[-90.58526,41.62493],[-90.58314,41.62251],[-90.58597,41.6185],[-90.591,41.62026],[-90.59652,41.61773],[-90.60833,41.61782],[-90.62026,41.62088],[-90.62422,41.615],[-90.62934,41.61548],[-90.6411,41.60775],[-90.65407,41.60371],[-90.65958,41.59948],[-90.66063,41.59639],[-90.67304,41.59263],[-90.67521,41.58789],[-90.68353,41.58706],[-90.68681,41.58997],[-90.68965,41.59036],[-90.7004,41.58904],[-90.70259,41.5914],[-90.69925,41.58774],[-90.70514,41.58127],[-90.70393,41.57603],[-90.71412,41.58077],[-90.72097,41.57979],[-90.72258,41.57638],[-90.73297,41.57626],[-90.74193,41.57276],[-90.75458,41.57424],[-90.75558,41.57058],[-90.76426,41.56074],[-90.76235,41.55607],[-90.75505,41.55347],[-90.75505,41.55033],[-90.75062,41.54868],[-90.75427,41.54694],[-90.76153,41.53799],[-90.77489,41.53464],[-90.78039,41.52412],[-90.78385,41.52388],[-90.78574,41.52514],[-90.78585,41.52754],[-90.79036,41.52858],[-90.79968,41.52813],[-90.80515,41.52346],[-90.81538,41.51983],[-90.84199,41.52373],[-90.84338,41.52587],[-90.84311,41.53274],[-90.8599,41.53778],[-90.86936,41.53764],[-90.87229,41.53963],[-90.87325,41.54287],[-90.87674,41.5443],[-90.87858,41.54978],[-90.89102,41.55408],[-90.89426,41.5575],[-90.90301,41.55804],[-90.90801,41.56199],[-90.91466,41.56279],[-90.92374,41.56136],[-90.92787,41.56293],[-90.92772,41.55537],[-90.95248,41.55222],[-90.95291,41.54877],[-90.95793,41.54381],[-90.96114,41.53725],[-90.95895,41.53287],[-90.96213,41.52897],[-90.9568,41.52445],[-90.9689,41.50989],[-90.96717,41.50592],[-90.96311,41.50321],[-90.96541,41.49751],[-90.97034,41.49375],[-90.96903,41.49115],[-90.97009,41.48951],[-90.97639,41.48685],[-90.98215,41.48673],[-90.98835,41.49092],[-90.99266,41.49083],[-90.99745,41.49857],[-91.01266,41.50635],[-91.02266,41.50859],[-91.03951,41.49754],[-91.04015,41.4939],[-91.03697,41.4927],[-91.03545,41.48727],[-91.04005,41.4837],[-91.04376,41.4851],[-91.04972,41.48331],[-91.06252,41.48376],[-91.06626,41.47989],[-91.07233,41.47939],[-91.07329,41.47724],[-91.07187,41.47413],[-91.07434,41.47271],[-91.0733,41.46951],[-91.07594,41.46534],[-91.08184,41.46683],[-91.08616,41.4651],[-91.08798,41.46413],[-91.08647,41.4621],[-91.09504,41.45667],[-91.09997,41.46041],[-91.10773,41.45919],[-91.10955,41.45634],[-91.11365,41.45607],[-91.11595,41.45255],[-91.11134,41.44718],[-91.1245,41.44533],[-91.13143,41.4413],[-91.14189,41.44197],[-91.14534,41.44399],[-91.14691,41.44164],[-91.15288,41.44024],[-91.15223,41.43815],[-91.15621,41.43633],[-91.1557,41.43454],[-91.15756,41.43248],[-91.16017,41.4318],[-91.16089,41.42199],[-91.15699,41.41731],[-91.16137,41.41472],[-91.16898,41.4145],[-91.17654,41.41215],[-91.17912,41.40801],[-91.17807,41.40547],[-91.18001,41.40369],[-91.17871,41.40207],[-91.18226,41.399],[-91.17924,41.39756],[-91.17986,41.3948],[-91.18318,41.39393],[-91.18827,41.38911],[-91.18838,41.38737],[-91.18889,41.38736],[-91.18999,41.38422],[-91.19326,41.38164],[-91.19313,41.37775],[-91.19757,41.37469],[-91.19704,41.37244],[-91.19865,41.37011],[-91.19676,41.36773],[-91.19819,41.36546],[-91.19681,41.35924],[-91.20094,41.35698],[-91.20123,41.35318],[-91.20542,41.35164],[-91.20473,41.34907],[-91.19672,41.34703],[-91.1965,41.34448],[-91.19287,41.34272],[-91.19619,41.3407],[-91.19455,41.33393],[-91.20134,41.33362],[-91.20229,41.3318],[-91.20119,41.32964],[-91.20294,41.32525],[-91.20089,41.3224],[-91.20281,41.32129],[-91.19031,41.31448],[-91.18997,41.31195],[-91.19414,41.30569],[-91.18218,41.29804],[-91.18403,41.29498],[-91.18975,41.29296],[-91.18905,41.29052],[-91.19189,41.28284],[-91.19044,41.27999],[-91.17743,41.27549],[-91.17683,41.27277],[-91.17937,41.26759],[-91.16813,41.25821],[-91.16834,41.25079],[-91.15055,41.23984],[-91.14901,41.23368],[-91.153,41.22825],[-91.15074,41.2278],[-91.1423,41.23171],[-91.13732,41.2291],[-91.13572,41.2258],[-91.13654,41.2231],[-91.13325,41.22047],[-91.13198,41.21536],[-91.12582,41.2087],[-91.12781,41.20653],[-91.13669,41.20547],[-91.14328,41.2063],[-91.14298,41.20759],[-91.14708,41.20909],[-91.15337,41.20317],[-91.16033,41.20131],[-91.1643,41.19747],[-91.16075,41.19439],[-91.16277,41.19124],[-91.16553,41.19068],[-91.16806,41.18361],[-91.17246,41.1838],[-91.17397,41.17937],[-91.15817,41.16861],[-91.15987,41.16492],[-91.16515,41.16444],[-91.16694,41.16907],[-91.17062,41.17103],[-91.17381,41.17183],[-91.17315,41.16988],[-91.17785,41.16977],[-91.17829,41.17159],[-91.18062,41.17208],[-91.17999,41.17444],[-91.18862,41.18008],[-91.18574,41.18434],[-91.18709,41.18529],[-91.19054,41.18181],[-91.19524,41.18074],[-91.19801,41.18208],[-91.21708,41.18237],[-91.22083,41.18687],[-91.22391,41.18737],[-91.22659,41.19036],[-91.23226,41.18952],[-91.2326,41.19236],[-91.24999,41.19299],[-91.25151,41.19028],[-91.25018,41.18321],[-91.26647,41.18439],[-91.26963,41.18309],[-91.28369,41.18311],[-91.28471,41.17609],[-91.29157,41.173],[-91.30585,41.17584],[-91.31993,41.17563],[-91.32715,41.17942],[-91.32797,41.18333],[-91.3376,41.18617],[-91.34726,41.18612],[-91.35036,41.17954],[-91.35808,41.17699],[-91.36136,41.17347],[-91.36445,41.17347],[-91.35972,41.17274],[-91.35417,41.16668],[-91.35452,41.16264],[-91.35042,41.15885],[-91.35077,41.15457],[-91.33857,41.15252],[-91.33802,41.14923],[-91.34179,41.14861],[-91.34293,41.14224],[-91.33875,41.13884],[-91.33663,41.13388],[-91.32981,41.12671],[-91.3206,41.12022],[-91.31808,41.12081],[-91.30982,41.1182],[-91.30367,41.11059],[-91.29584,41.10615],[-91.29177,41.10072],[-91.29221,41.09582],[-91.28574,41.08936],[-91.2842,41.08077],[-91.29437,41.07417],[-91.28442,41.06119],[-91.2948,41.05303],[-91.29805,41.04587],[-91.30365,41.04545],[-91.30724,41.04197],[-91.31321,41.03999],[-91.31272,41.03404],[-91.31866,41.02839],[-91.31893,41.02333],[-91.32733,41.01928],[-91.32704,41.01609],[-91.3226,41.01595],[-91.3205,41.00524],[-91.32039,41.00269],[-91.32468,40.99698],[-91.33365,40.99372],[-91.34188,40.99839],[-91.34524,40.99166],[-91.35271,40.98698],[-91.34902,40.97746],[-91.35283,40.9738],[-91.36429,40.97253],[-91.39107,40.96336],[-91.39532,40.95715],[-91.39568,40.95406],[-91.4005,40.94929],[-91.39996,40.94693],[-91.4082,40.94152],[-91.40661,40.93688],[-91.39736,40.92798],[-91.37796,40.91556],[-91.37292,40.91458],[-91.37045,40.91071],[-91.36743,40.91063],[-91.36093,40.90615],[-91.35909,40.90795],[-91.35583,40.90463],[-91.3343,40.90048],[-91.33119,40.89312],[-91.32303,40.88612],[-91.32998,40.87866],[-91.32397,40.87407],[-91.32372,40.8706],[-91.32848,40.86632],[-91.33326,40.85618],[-91.32625,40.83766],[-91.32528,40.83014],[-91.33612,40.8182],[-91.33331,40.8081],[-91.32538,40.80647],[-91.31802,40.80084],[-91.31218,40.80016],[-91.31071,40.79792],[-91.30268,40.79617],[-91.29868,40.79204],[-91.29069,40.78775],[-91.28045,40.78584],[-91.27765,40.78107],[-91.26858,40.77608],[-91.2667,40.77165],[-91.27615,40.76161],[-91.27457,40.75895],[-91.27615,40.75151],[-91.28526,40.75048],[-91.29368,40.74706],[-91.29333,40.74341],[-91.2965,40.74065],[-91.29662,40.73824],[-91.30094,40.736],[-91.30817,40.73591],[-91.32271,40.74089],[-91.34428,40.74314],[-91.35007,40.74602],[-91.35485,40.75157],[-91.35969,40.75084],[-91.36158,40.75369],[-91.37158,40.75491],[-91.37919,40.75872],[-91.38553,40.75966],[-91.38954,40.7573],[-91.39279,40.75746],[-91.39793,40.7615],[-91.40369,40.76274],[-91.40423,40.76667],[-91.40958,40.76584],[-91.41055,40.76238],[-91.4153,40.75879],[-91.41751,40.75828],[-91.42123,40.76169],[-91.42705,40.7627],[-91.43352,40.76086],[-91.43785,40.76359],[-91.43655,40.76713],[-91.43841,40.76854],[-91.44757,40.76717],[-91.46091,40.76247],[-91.46709,40.76314],[-91.47073,40.76574],[-91.46979,40.77469],[-91.47804,40.77913],[-91.4815,40.78387],[-91.48725,40.78437],[-91.4936,40.79081],[-91.49698,40.78928],[-91.49729,40.7985],[-91.50078,40.80322],[-91.50919,40.80647],[-91.52361,40.80525],[-91.52962,40.80811],[-91.53469,40.80605],[-91.53611,40.79936],[-91.54942,40.80037],[-91.55066,40.80144],[-91.54979,40.804],[-91.55119,40.80559],[-91.55282,40.8189],[-91.55699,40.82475],[-91.56082,40.8251],[-91.56499,40.82103],[-91.57422,40.82485],[-91.58306,40.8211],[-91.58546,40.8311],[-91.59434,40.83465],[-91.5986,40.83122],[-91.59963,40.82411],[-91.60272,40.82254],[-91.60347,40.8185],[-91.61164,40.81154],[-91.61421,40.80316],[-91.6254,40.80332],[-91.62658,40.80037],[-91.6315,40.79625],[-91.63502,40.79876],[-91.64191,40.80011],[-91.64596,40.80332],[-91.65624,40.79931],[-91.65198,40.79701],[-91.65621,40.78982],[-91.66124,40.78805],[-91.66157,40.78575],[-91.65672,40.78154],[-91.64996,40.77988],[-91.64458,40.77597],[-91.64405,40.76873],[-91.64538,40.76497],[-91.65411,40.7639],[-91.65744,40.76577],[-91.66267,40.76463],[-91.67603,40.7605],[-91.67835,40.75581],[-91.68255,40.7563],[-91.68551,40.75865],[-91.69217,40.75636],[-91.70195,40.75647],[-91.71715,40.76448],[-91.71904,40.7696],[-91.72787,40.77516],[-91.73272,40.78079],[-91.75095,40.77911],[-91.74875,40.78944],[-91.75686,40.7915],[-91.76489,40.7979],[-91.77059,40.79876],[-91.77169,40.79622],[-91.77612,40.79502],[-91.78166,40.79605],[-91.78626,40.80118],[-91.80466,40.80221],[-91.80634,40.80453],[-91.81132,40.80567],[-91.81517,40.80899],[-91.8263,40.80613],[-91.83594,40.80726],[-91.84493,40.81319],[-91.85181,40.82106],[-91.85172,40.81852],[-91.86236,40.81557],[-91.86281,40.81376],[-91.86673,40.81162],[-91.87448,40.81118],[-91.88366,40.8139],[-91.88966,40.81853],[-91.89776,40.81935],[-91.91264,40.80857],[-91.92251,40.80861],[-91.92779,40.80448],[-91.92774,40.80191],[-91.93289,40.79686],[-91.92969,40.79387],[-91.92956,40.79118],[-91.93413,40.78497],[-91.93292,40.77756],[-91.9352,40.77355],[-91.94674,40.77221],[-91.95198,40.76456],[-91.95743,40.76306],[-91.95608,40.75619],[-91.959,40.74894],[-91.96713,40.75015],[-91.97479,40.74779],[-91.97839,40.7412],[-91.96914,40.73789],[-91.95293,40.73503],[-91.95053,40.73308],[-91.95157,40.72346],[-91.95341,40.7203],[-91.94799,40.71477],[-91.94858,40.71086],[-91.94698,40.70723],[-91.95461,40.69916],[-91.95943,40.69973],[-91.96378,40.69574],[-91.97049,40.69695],[-91.97527,40.69499],[-91.98999,40.69913],[-91.99337,40.69544],[-91.99615,40.69609],[-91.99656,40.69852],[-91.99991,40.69795],[-92.00125,40.69823],[-92.00139,40.70172],[-92.0042,40.70145],[-92.00812,40.70492],[-92.01239,40.70394],[-92.0149,40.70541],[-92.01503,40.71087],[-92.0163,40.71195],[-92.0198,40.71103],[-92.02025,40.71451],[-92.02784,40.71828],[-92.02686,40.72075],[-92.04063,40.72351],[-92.04811,40.73186],[-92.05294,40.7288],[-92.05622,40.7287],[-92.06013,40.7318],[-92.06615,40.73346],[-92.06676,40.73587],[-92.07662,40.74133],[-92.07846,40.74027],[-92.07907,40.73582],[-92.08662,40.72904],[-92.09276,40.72815],[-92.09834,40.72962],[-92.10138,40.72788],[-92.10592,40.72888],[-92.11398,40.72462],[-92.12747,40.72741],[-92.13003,40.72179],[-92.13579,40.72264],[-92.13873,40.72531],[-92.15026,40.73009],[-92.15146,40.73277],[-92.15717,40.73515],[-92.15751,40.7371],[-92.16248,40.73943],[-92.16372,40.74199],[-92.16909,40.7435],[-92.17806,40.74923],[-92.17788,40.75165],[-92.19147,40.7485],[-92.20195,40.75634],[-92.21035,40.75599],[-92.21648,40.75256],[-92.22278,40.75465],[-92.22539,40.75288],[-92.22635,40.74988],[-92.23149,40.74811],[-92.2375,40.74968],[-92.23978,40.7475],[-92.24343,40.74835],[-92.25307,40.746],[-92.25553,40.74712],[-92.26088,40.74609],[-92.26358,40.74227],[-92.26715,40.74046],[-92.27171,40.74103],[-92.27398,40.74437],[-92.27743,40.74482],[-92.27993,40.74744],[-92.28436,40.74489],[-92.29167,40.74673],[-92.2955,40.74441],[-92.30024,40.74604],[-92.31198,40.74463],[-92.31792,40.74737],[-92.32312,40.75236],[-92.32401,40.75508],[-92.32266,40.75796],[-92.32506,40.76193],[-92.33614,40.76144],[-92.34609,40.76614],[-92.36413,40.76945],[-92.37412,40.77751],[-92.38204,40.77501],[-92.38752,40.77494],[-92.3899,40.77742],[-92.39213,40.77595],[-92.39651,40.77616],[-92.40231,40.77975],[-92.41149,40.78115],[-92.41187,40.78521],[-92.41349,40.78633],[-92.4309,40.78705],[-92.43217,40.78933],[-92.43802,40.79192],[-92.4394,40.79556],[-92.44528,40.7961],[-92.45188,40.79311],[-92.46057,40.79407],[-92.4636,40.79796],[-92.46725,40.79799],[-92.47469,40.80339],[-92.47892,40.80247],[-92.48292,40.79858],[-92.49728,40.80014],[-92.50434,40.79858],[-92.50612,40.80326],[-92.51205,40.80554],[-92.53291,40.80347],[-92.53442,40.80718],[-92.53774,40.80736],[-92.54105,40.81051],[-92.54632,40.81055],[-92.55476,40.80543],[-92.55216,40.80042],[-92.55388,40.79806],[-92.56021,40.79809],[-92.58592,40.78728],[-92.58835,40.78987],[-92.60391,40.78675],[-92.61322,40.78975],[-92.61653,40.78881],[-92.61717,40.78664],[-92.62045,40.78617],[-92.63078,40.79529],[-92.64328,40.80145],[-92.64821,40.80594],[-92.65267,40.80611],[-92.65718,40.80367],[-92.66153,40.80482],[-92.66355,40.80769],[-92.6724,40.80668],[-92.6851,40.81132],[-92.69335,40.81904],[-92.70821,40.82047],[-92.71984,40.81337],[-92.72683,40.81255],[-92.72889,40.80706],[-92.7277,40.79864],[-92.73822,40.78971],[-92.74013,40.78437],[-92.7462,40.78142],[-92.75199,40.788],[-92.75438,40.78893],[-92.75701,40.78706],[-92.7631,40.78828],[-92.76194,40.79115],[-92.76278,40.79524],[-92.76896,40.79724],[-92.77454,40.79688],[-92.7764,40.79913],[-92.77526,40.80026],[-92.77604,40.80335],[-92.78197,40.80504],[-92.78511,40.80921],[-92.79185,40.81072],[-92.79315,40.81926],[-92.79858,40.82325],[-92.80519,40.82526],[-92.80699,40.83245],[-92.80533,40.83515],[-92.80523,40.84027],[-92.81012,40.84924],[-92.81034,40.85284],[-92.817,40.85799],[-92.81652,40.86066],[-92.82111,40.8674],[-92.82641,40.87074],[-92.83801,40.87075],[-92.83614,40.87964],[-92.83946,40.88604],[-92.85451,40.89457],[-92.85855,40.90005],[-92.86455,40.90313],[-92.87409,40.90418],[-92.8806,40.90233],[-92.88638,40.905],[-92.89287,40.90424],[-92.89426,40.90355],[-92.89819,40.89609],[-92.90719,40.8972],[-92.91062,40.89273],[-92.91382,40.89361],[-92.91956,40.90116],[-92.9301,40.90558],[-92.93516,40.90182],[-92.94576,40.89777],[-92.94473,40.89302],[-92.94925,40.89198],[-92.95188,40.89372],[-92.9559,40.89084],[-92.96417,40.89187],[-92.96526,40.89213],[-92.97115,40.89747],[-92.97563,40.90637],[-92.98182,40.90757],[-92.98495,40.90393],[-92.99269,40.90542],[-92.99464,40.9081],[-92.99924,40.9081],[-93.00317,40.91236],[-93.00728,40.91339],[-93.00592,40.91538],[-93.01169,40.91969],[-93.01139,40.92194],[-93.01796,40.92466],[-93.01781,40.92621],[-93.02185,40.92969],[-93.02547,40.92897],[-93.03185,40.93048],[-93.03768,40.92863],[-93.03891,40.92553],[-93.04605,40.91887],[-93.05226,40.92064],[-93.05591,40.91906],[-93.05685,40.91914],[-93.05897,40.92008],[-93.06299,40.9265],[-93.06342,40.92657],[-93.06677,40.92338],[-93.07089,40.92339],[-93.07221,40.92057],[-93.07742,40.91987],[-93.08532,40.91534],[-93.08991,40.91732],[-93.09375,40.92009],[-93.09829,40.93199],[-93.10646,40.939],[-93.1076,40.94575],[-93.11329,40.95381],[-93.11242,40.95563],[-93.11834,40.96032],[-93.12138,40.96578],[-93.13388,40.9671],[-93.13481,40.96896],[-93.1406,40.97098],[-93.14408,40.97647],[-93.1496,40.97779],[-93.15447,40.98141],[-93.1619,40.97879],[-93.16865,40.982],[-93.17302,40.98045],[-93.17901,40.98593],[-93.18455,40.98592],[-93.19097,40.98839],[-93.22526,40.97596],[-93.23159,40.97838],[-93.23584,40.974],[-93.23682,40.96983],[-93.24529,40.96822],[-93.25016,40.97138],[-93.25413,40.97769],[-93.26095,40.98169],[-93.26794,40.9825],[-93.27467,40.98554],[-93.27811,40.98476],[-93.29066,40.99283],[-93.29301,40.99899],[-93.30533,41.00595],[-93.30478,41.01039],[-93.31174,41.01926],[-93.32106,41.02511],[-93.3305,41.02758],[-93.3336,41.03184],[-93.33417,41.03714],[-93.33832,41.03829],[-93.34103,41.04191],[-93.34247,41.04212],[-93.36643,41.03618],[-93.37035,41.03023],[-93.3678,41.01878],[-93.36463,41.01684],[-93.36448,41.01415],[-93.37164,41.00036],[-93.3716,40.99628],[-93.37352,40.99337],[-93.37735,40.99191],[-93.38526,40.99207],[-93.40026,40.98179],[-93.40573,40.98168],[-93.40864,40.98424],[-93.41381,40.98083],[-93.41989,40.98125],[-93.4206,40.97878],[-93.42703,40.97282],[-93.43588,40.97648],[-93.4399,40.97296],[-93.44155,40.96883],[-93.44734,40.97002],[-93.45992,40.96785],[-93.46466,40.97078],[-93.46494,40.97333],[-93.46999,40.97797],[-93.47612,40.97476],[-93.48621,40.97302],[-93.49207,40.96865],[-93.50093,40.9703],[-93.50386,40.96709],[-93.51258,40.96793],[-93.51657,40.97047],[-93.52811,40.97264],[-93.53561,40.97256],[-93.54322,40.96505],[-93.5492,40.96424],[-93.54941,40.96166],[-93.55249,40.95833],[-93.5519,40.95649],[-93.55821,40.95316],[-93.5664,40.95359],[-93.57056,40.94955],[-93.5815,40.94855],[-93.59315,40.95122],[-93.60405,40.94441],[-93.60918,40.94448],[-93.61487,40.94127],[-93.61864,40.94182],[-93.6203,40.93877],[-93.63148,40.9331],[-93.63921,40.93834],[-93.64371,40.93557],[-93.65705,40.93403],[-93.65981,40.93966],[-93.66702,40.94015],[-93.67276,40.93448],[-93.67693,40.93279],[-93.67938,40.92878],[-93.68836,40.92959],[-93.6913,40.9254],[-93.69827,40.92396],[-93.69959,40.92059],[-93.70323,40.91926],[-93.70826,40.92025],[-93.71367,40.92469],[-93.72337,40.92063],[-93.73306,40.91938],[-93.73743,40.9172],[-93.7424,40.91753],[-93.74729,40.9131],[-93.75249,40.91278],[-93.75454,40.91109],[-93.76217,40.91342],[-93.76767,40.91034],[-93.77088,40.91021],[-93.77796,40.9135],[-93.78198,40.91143],[-93.78824,40.91507],[-93.79897,40.91775],[-93.80433,40.92129],[-93.80414,40.92655],[-93.79969,40.93103],[-93.79834,40.93985],[-93.79856,40.94254],[-93.80165,40.94496],[-93.80322,40.95688],[-93.80234,40.96135],[-93.80493,40.96362],[-93.80494,40.97024],[-93.81446,40.97427],[-93.81855,40.98018],[-93.82885,40.98391],[-93.83342,40.98289],[-93.85728,40.98599],[-93.86579,40.98544],[-93.87823,40.9891],[-93.88017,40.99658],[-93.88475,41.00385],[-93.89136,41.00669],[-93.89114,41.01738],[-93.89568,41.02564],[-93.89426,41.03203],[-93.89072,41.03494],[-93.88963,41.042],[-93.89582,41.0452],[-93.89503,41.0476],[-93.90583,41.0509],[-93.9081,41.05636],[-93.91219,41.05795],[-93.91767,41.05553],[-93.92341,41.05572],[-93.92531,41.05221],[-93.94479,41.04413],[-93.95378,41.04427],[-93.95748,41.05413],[-93.95621,41.05959],[-93.9592,41.06142],[-93.96038,41.06501],[-93.9786,41.06959],[-93.98126,41.07379],[-93.97964,41.07793],[-93.9808,41.08377],[-93.98396,41.08403],[-93.98909,41.0873],[-93.98963,41.09129],[-93.98494,41.10401],[-93.9871,41.10899],[-94.00018,41.10967],[-94.00839,41.11198],[-94.01345,41.11565],[-94.02322,41.11724],[-94.027,41.12443],[-94.03433,41.12762],[-94.03732,41.13295],[-94.04326,41.13247],[-94.0502,41.1361],[-94.0599,41.13238],[-94.07058,41.13363],[-94.07806,41.13169],[-94.07749,41.13517],[-94.0824,41.14436],[-94.08116,41.1517],[-94.08215,41.15346],[-94.09501,41.15794],[-94.10545,41.1581],[-94.10649,41.15972],[-94.10458,41.16677],[-94.1023,41.16824],[-94.10689,41.1698],[-94.10759,41.1726],[-94.11263,41.17315],[-94.11451,41.17743],[-94.12085,41.18013],[-94.12121,41.18206],[-94.12739,41.1871],[-94.13286,41.18687],[-94.14092,41.19346],[-94.14308,41.19376],[-94.15152,41.18799],[-94.16157,41.19001],[-94.16649,41.1949],[-94.17011,41.2018],[-94.18132,41.20638],[-94.18436,41.21376],[-94.19192,41.21563],[-94.19146,41.21965],[-94.19535,41.22265],[-94.19288,41.22805],[-94.19606,41.22995],[-94.19654,41.23232],[-94.19478,41.23364],[-94.1953,41.24119],[-94.19849,41.24288],[-94.20188,41.24248],[-94.20684,41.24626],[-94.20708,41.25184],[-94.21087,41.25767],[-94.21871,41.25986],[-94.22076,41.2617],[-94.2195,41.26614],[-94.22388,41.26715],[-94.22626,41.26999],[-94.23459,41.26773],[-94.23806,41.26416],[-94.24446,41.26407],[-94.2528,41.25492],[-94.2634,41.25683],[-94.2668,41.2638],[-94.27519,41.26523],[-94.27683,41.26853],[-94.28378,41.27356],[-94.28271,41.27907],[-94.28643,41.28116],[-94.28498,41.28777],[-94.28928,41.29098],[-94.28728,41.29321],[-94.28846,41.29523],[-94.29421,41.29637],[-94.2952,41.30014],[-94.30055,41.30262],[-94.30953,41.3019],[-94.31477,41.30534],[-94.31594,41.30872],[-94.31897,41.31076],[-94.31988,41.31296],[-94.31783,41.31503],[-94.31812,41.31852],[-94.32008,41.32209],[-94.31549,41.32748],[-94.31699,41.33399],[-94.32691,41.33326],[-94.33949,41.3361],[-94.33865,41.34118],[-94.34165,41.34286],[-94.34424,41.34137],[-94.35032,41.3503],[-94.35657,41.35144],[-94.35709,41.3559],[-94.36538,41.35452],[-94.3721,41.35996],[-94.37437,41.35638],[-94.38078,41.35746],[-94.38583,41.35639],[-94.39641,41.36031],[-94.39987,41.36609],[-94.40204,41.3669],[-94.40803,41.36416],[-94.41161,41.36457],[-94.41565,41.36114],[-94.43401,41.35874],[-94.43482,41.35473],[-94.43952,41.35372],[-94.44103,41.35185],[-94.43873,41.34819],[-94.43943,41.34185],[-94.43567,41.33865],[-94.44018,41.33288],[-94.43974,41.32825],[-94.44342,41.32508],[-94.43854,41.31697],[-94.44521,41.30955],[-94.45241,41.31071],[-94.46269,41.3028],[-94.4618,41.29481],[-94.46435,41.2929],[-94.46412,41.29087],[-94.45871,41.28694],[-94.45878,41.28372],[-94.47845,41.27538],[-94.471,41.26852],[-94.4693,41.26482],[-94.47006,41.26268],[-94.47839,41.25803],[-94.48861,41.25629],[-94.49132,41.24997],[-94.49446,41.24857],[-94.49434,41.24618],[-94.50127,41.2398],[-94.50667,41.23846],[-94.51133,41.23985],[-94.52497,41.23305],[-94.52425,41.22553],[-94.53058,41.2195],[-94.53241,41.2149],[-94.5402,41.21467],[-94.54372,41.20887],[-94.54816,41.20918],[-94.54963,41.20211],[-94.55271,41.20103],[-94.55294,41.19879],[-94.55033,41.19728],[-94.55079,41.19522],[-94.54898,41.1927],[-94.55496,41.18809],[-94.55129,41.18268],[-94.55163,41.181],[-94.56989,41.17134],[-94.57304,41.16739],[-94.57183,41.16367],[-94.57458,41.1622],[-94.58331,41.16214],[-94.58572,41.15785],[-94.58839,41.15684],[-94.58749,41.14772],[-94.59179,41.14648],[-94.5954,41.14766],[-94.60196,41.14493],[-94.60842,41.14634],[-94.61642,41.14086],[-94.62258,41.1406],[-94.61803,41.13412],[-94.6293,41.12835],[-94.63625,41.12794],[-94.63812,41.12409],[-94.64359,41.12176],[-94.64536,41.12248],[-94.64724,41.12038],[-94.66333,41.11986],[-94.66565,41.11678],[-94.66616,41.10961],[-94.66824,41.10759],[-94.67536,41.10699],[-94.68686,41.10255],[-94.69218,41.10212],[-94.69613,41.09877],[-94.6987,41.09868],[-94.70218,41.10258],[-94.70653,41.10075],[-94.71299,41.10242],[-94.71399,41.09654],[-94.71799,41.09527],[-94.71962,41.08994],[-94.72507,41.09102],[-94.72836,41.08508],[-94.73492,41.08415],[-94.7348,41.08253],[-94.73858,41.0807],[-94.73862,41.07856],[-94.74777,41.07007],[-94.75288,41.071],[-94.76516,41.06383],[-94.77019,41.06386],[-94.77087,41.05796],[-94.77517,41.05562],[-94.77432,41.05399],[-94.77769,41.05193],[-94.77815,41.04986],[-94.78449,41.04846],[-94.78543,41.04307],[-94.78932,41.03939],[-94.78973,41.03672],[-94.79447,41.03367],[-94.79412,41.03194],[-94.80211,41.02991],[-94.81068,41.03129],[-94.8131,41.02988],[-94.81484,41.02724],[-94.81259,41.02487],[-94.81226,41.02126],[-94.81426,41.01853],[-94.81384,41.01444],[-94.8184,41.00978],[-94.83122,41.00805],[-94.8362,41.01062],[-94.83909,41.01011],[-94.8429,41.00028],[-94.84611,40.99812],[-94.85023,40.99927],[-94.85358,41.00355],[-94.86193,40.99826],[-94.87014,41.00235],[-94.87557,40.99778],[-94.87579,40.99364],[-94.87988,40.99234],[-94.89137,40.99334],[-94.89497,40.98766],[-94.89548,40.98363],[-94.89677,40.98365],[-94.89928,40.97823],[-94.9025,40.97662],[-94.9014,40.97511],[-94.90353,40.97329],[-94.90371,40.97023],[-94.90774,40.96919],[-94.91388,40.96335],[-94.91695,40.96291],[-94.92192,40.95446],[-94.92212,40.94172],[-94.92834,40.93691],[-94.93243,40.92492],[-94.93778,40.92172],[-94.93801,40.91838],[-94.94367,40.91144],[-94.94363,40.90765],[-94.94637,40.90521],[-94.93749,40.89844],[-94.93888,40.89006],[-94.94123,40.88883],[-94.93939,40.88027],[-94.94154,40.8682],[-94.93978,40.86551],[-94.94094,40.85929],[-94.93819,40.85525],[-94.94059,40.8501],[-94.93959,40.84892],[-94.94186,40.8465],[-94.93765,40.84031],[-94.93945,40.83744],[-94.94273,40.83768],[-94.94459,40.83152],[-94.95002,40.82835],[-94.95514,40.82197],[-94.95652,40.81544],[-94.95518,40.81395],[-94.95727,40.81048],[-94.95664,40.80645],[-94.96696,40.80282],[-94.96533,40.80112],[-94.96571,40.79699],[-94.96995,40.7894],[-94.96633,40.7812],[-94.97012,40.77815],[-94.97054,40.77387],[-94.9741,40.76966],[-94.97398,40.76766],[-94.97977,40.76431],[-94.98077,40.76029],[-94.98597,40.75795],[-94.9886,40.75493],[-94.98768,40.75285],[-94.99059,40.74992],[-94.99234,40.74284],[-94.99092,40.73428],[-94.99466,40.73136],[-94.9923,40.72849],[-94.99418,40.72397],[-94.99796,40.72198],[-95.00667,40.72092],[-95.01935,40.70526],[-95.02188,40.70915],[-95.02946,40.71182],[-95.03454,40.71809],[-95.03311,40.72017],[-95.03733,40.72337],[-95.04568,40.72497],[-95.04563,40.73097],[-95.05615,40.73796],[-95.05794,40.74026],[-95.05626,40.74212],[-95.06105,40.74678],[-95.07064,40.74975],[-95.07447,40.74628],[-95.07796,40.74881],[-95.0866,40.75092],[-95.0869,40.75494],[-95.08453,40.75935]],[[-95.05885,41.20425],[-95.05904,41.20439],[-95.05915,41.2003],[-95.05885,41.20425]],[[-93.70825,43.45713],[-93.70825,43.45713],[-93.71179,43.46071],[-93.70825,43.45713]],[[-91.68574,41.2919],[-91.68604,41.29379],[-91.68604,41.29379],[-91.68574,41.2919]],[[-95.72537,42.16402],[-95.72675,42.15835],[-95.72432,42.16463],[-95.72537,42.16402]],[[-95.72337,42.16783],[-95.7233,42.16728],[-95.72308,42.16785],[-95.72337,42.16783]],[[-95.67953,42.2047],[-95.68258,42.20192],[-95.67881,42.20474],[-95.67953,42.2047]],[[-95.40315,42.29741],[-95.40502,42.29777],[-95.40033,42.29414],[-95.40315,42.29741]],[[-95.39312,42.27346],[-95.39324,42.2735],[-95.39318,42.27345],[-95.39312,42.27346]],[[-95.38729,42.27485],[-95.38828,42.2744],[-95.38752,42.27455],[-95.38729,42.27485]],[[-95.37365,42.28215],[-95.37884,42.2809],[-95.37894,42.28078],[-95.37448,42.2811],[-95.37365,42.28215]],[[-95.36066,42.28528],[-95.36849,42.28339],[-95.36545,42.28347],[-95.36066,42.28528]],[[-95.32383,42.27294],[-95.32446,42.2734],[-95.32714,42.27111],[-95.32383,42.27294]],[[-95.30309,42.58504],[-95.30387,42.58106],[-95.30232,42.58392],[-95.30309,42.58504]],[[-95.30292,42.58588],[-95.30297,42.58561],[-95.29607,42.5914],[-95.30292,42.58588]],[[-95.29441,42.60655],[-95.29608,42.60393],[-95.29426,42.60505],[-95.29441,42.60655]],[[-95.29334,42.60825],[-95.29366,42.60775],[-95.28484,42.61048],[-95.29334,42.60825]],[[-95.27983,42.62638],[-95.28043,42.62655],[-95.28191,42.62771],[-95.2808,42.62589],[-95.28074,42.62638],[-95.27983,42.62638]],[[-95.28865,42.72209],[-95.28864,42.7235],[-95.2891,42.72348],[-95.28898,42.7226],[-95.28865,42.72209]],[[-95.49735,43.64284],[-95.49766,43.64237],[-95.49705,43.64188],[-95.49735,43.64284]],[[-95.69919,43.7021],[-95.69708,43.6984],[-95.70015,43.69829],[-95.68999,43.69704],[-95.69674,43.69805],[-95.69919,43.7021]],[[-96.1061,44.11184],[-96.10578,44.11114],[-96.10546,44.11169],[-96.1061,44.11184]],[[-93.87165,43.15528],[-93.87122,43.15462],[-93.871,43.15755],[-93.87165,43.15528]],[[-93.64268,42.65243],[-93.64235,42.65613],[-93.6432,42.65295],[-93.64268,42.65243]],[[-93.67102,42.51913],[-93.67151,42.51942],[-93.6783,42.50313],[-93.67102,42.51913]],[[-93.70382,42.43837],[-93.70195,42.44465],[-93.70654,42.43282],[-93.70382,42.43837]],[[-92.31234,40.99601],[-92.31912,40.99538],[-92.31837,40.99494],[-92.31234,40.99601]],[[-92.28636,40.98008],[-92.28684,40.98039],[-92.28663,40.98018],[-92.28636,40.98008]],[[-92.22984,40.94941],[-92.23612,40.95178],[-92.23362,40.95028],[-92.22984,40.94941]],[[-92.14098,40.94331],[-92.14132,40.94332],[-92.14112,40.94316],[-92.14098,40.94331]],[[-92.06642,40.96432],[-92.07638,40.96627],[-92.0696,40.96428],[-92.06642,40.96432]],[[-92.05361,40.96181],[-92.05621,40.96232],[-92.05187,40.96085],[-92.05361,40.96181]],[[-92.01821,40.95268],[-92.01829,40.95174],[-92.01727,40.95265],[-92.01821,40.95268]],[[-92.01242,40.95249],[-92.01463,40.95256],[-92.00906,40.95],[-92.01242,40.95249]],[[-91.9949,40.93439],[-91.9972,40.93596],[-91.9943,40.93285],[-91.9949,40.93439]],[[-91.9996,40.93159],[-91.99569,40.93175],[-91.9943,40.93285],[-91.9996,40.93159]],[[-91.86529,40.87311],[-91.8655,40.87296],[-91.86138,40.87361],[-91.86529,40.87311]],[[-91.84604,40.8685],[-91.84796,40.86959],[-91.86138,40.87361],[-91.84604,40.8685]],[[-91.84447,40.86762],[-91.84528,40.86807],[-91.84001,40.86128],[-91.84447,40.86762]],[[-95.26979,42.62354],[-95.26654,42.61843],[-95.26748,42.6208],[-95.26979,42.62354]],[[-95.1899,42.59716],[-95.18037,42.59322],[-95.18967,42.59719],[-95.1899,42.59716]],[[-94.55397,41.46005],[-94.55401,41.45989],[-94.55042,41.46223],[-94.55397,41.46005]],[[-94.48212,41.36658],[-94.48153,41.36409],[-94.47993,41.36331],[-94.48212,41.36658]],[[-94.47916,41.36294],[-94.47766,41.36221],[-94.4695,41.36384],[-94.47916,41.36294]],[[-94.46537,41.36233],[-94.46487,41.36245],[-94.4695,41.36384],[-94.46537,41.36233]],[[-94.46225,41.36303],[-94.45573,41.36448],[-94.4535,41.36516],[-94.46225,41.36303]],[[-94.45078,41.36598],[-94.44959,41.36634],[-94.4472,41.36947],[-94.45078,41.36598]],[[-94.4422,41.36883],[-94.44335,41.36919],[-94.4472,41.36947],[-94.4422,41.36883]],[[-94.43956,41.36802],[-94.43839,41.36723],[-94.43839,41.36766],[-94.43956,41.36802]],[[-95.0641,42.02724],[-95.06464,42.02722],[-95.06651,42.02445],[-95.0641,42.02724]],[[-95.05076,42.0456],[-95.0498,42.045],[-95.04995,42.04521],[-95.05076,42.0456]],[[-94.93091,41.91459],[-94.92981,41.91373],[-94.92698,41.91322],[-94.92821,41.91365],[-94.93091,41.91459]],[[-94.92027,41.91202],[-94.91463,41.91425],[-94.92278,41.91247],[-94.92027,41.91202]],[[-95.13537,41.68146],[-95.13589,41.67634],[-95.13467,41.68235],[-95.13537,41.68146]],[[-95.13322,41.68415],[-95.13405,41.68312],[-95.13061,41.68458],[-95.13322,41.68415]],[[-95.11556,41.69344],[-95.12378,41.69097],[-95.11178,41.69329],[-95.11556,41.69344]],[[-94.96582,41.71677],[-94.97021,41.71626],[-94.96579,41.71584],[-94.96582,41.71677]],[[-94.92197,41.82034],[-94.91193,41.81295],[-94.91161,41.81299],[-94.92197,41.82034]],[[-94.63563,41.49105],[-94.63693,41.49229],[-94.63518,41.48767],[-94.63563,41.49105]],[[-94.63755,41.48571],[-94.63702,41.48513],[-94.63518,41.48767],[-94.63755,41.48571]],[[-94.56609,41.43909],[-94.56781,41.43925],[-94.56816,41.43908],[-94.56609,41.43909]],[[-94.57001,41.43908],[-94.57361,41.4398],[-94.57571,41.44],[-94.57412,41.43907],[-94.57001,41.43908]],[[-94.55426,41.45878],[-94.55504,41.45538],[-94.5538,41.45681],[-94.55426,41.45878]],[[-94.78391,41.4013],[-94.78246,41.40375],[-94.78403,41.40262],[-94.78391,41.4013]],[[-94.78116,41.40469],[-94.77688,41.40516],[-94.77951,41.40588],[-94.78116,41.40469]],[[-94.7756,41.40531],[-94.77408,41.40547],[-94.77207,41.40704],[-94.7756,41.40531]],[[-94.66177,41.47604],[-94.65119,41.47988],[-94.65086,41.48025],[-94.66177,41.47604]],[[-94.97591,41.87842],[-94.97489,41.87745],[-94.9714,41.87811],[-94.97591,41.87842]],[[-95.4135,42.19643],[-95.41332,42.19547],[-95.40756,42.19744],[-95.4135,42.19643]],[[-93.73337,41.52696],[-93.74049,41.52866],[-93.74695,41.52785],[-93.75314,41.53092],[-93.75668,41.53487],[-93.76099,41.5344],[-93.76078,41.52948],[-93.75686,41.52374],[-93.75866,41.51849],[-93.75473,41.5166],[-93.75307,41.5126],[-93.75291,41.50531],[-93.75019,41.50505],[-93.74903,41.50431],[-93.74478,41.50321],[-93.73616,41.50273],[-93.73168,41.50694],[-93.7326,41.51205],[-93.72966,41.51256],[-93.72505,41.51658],[-93.72233,41.51616],[-93.72108,41.52123],[-93.73337,41.52696]],[[-93.88685,41.77645],[-93.89392,41.7741],[-93.90407,41.77507],[-93.89468,41.78211],[-93.89699,41.78636],[-93.92263,41.78142],[-93.92732,41.77571],[-93.92217,41.76583],[-93.92531,41.75771],[-93.92059,41.75811],[-93.91914,41.75888],[-93.91503,41.76286],[-93.90468,41.76378],[-93.90282,41.76622],[-93.88333,41.77339],[-93.88283,41.77473],[-93.88685,41.77645]],[[-93.83849,43.08275],[-93.83235,43.07433],[-93.82484,43.07147],[-93.82401,43.06664],[-93.81891,43.06387],[-93.8155,43.06483],[-93.81685,43.06894],[-93.81462,43.07268],[-93.81744,43.07694],[-93.81448,43.08558],[-93.8158,43.09754],[-93.82358,43.09794],[-93.82477,43.09525],[-93.8263,43.09646],[-93.82591,43.09725],[-93.82627,43.0979],[-93.82728,43.09797],[-93.82966,43.09515],[-93.82971,43.09343],[-93.82751,43.0902],[-93.83094,43.09039],[-93.83615,43.08768],[-93.8349,43.08563],[-93.83849,43.08275]],[[-95.77963,43.87781],[-95.7687,43.88188],[-95.76821,43.88463],[-95.77323,43.88321],[-95.77831,43.88504],[-95.78361,43.88304],[-95.78337,43.87953],[-95.77963,43.87781]],[[-96.27889,42.55695],[-96.28019,42.55498],[-96.27931,42.55547],[-96.27889,42.55695]],[[-96.27777,42.55865],[-96.27796,42.55836],[-96.27491,42.55772],[-96.27777,42.55865]],[[-95.79679,42.88601],[-95.80941,42.87997],[-95.80925,42.87994],[-95.79679,42.88601]],[[-95.97527,41.92038],[-95.97529,41.92531],[-95.9761,41.92221],[-95.97527,41.92038]],[[-96.1564,43.17372],[-96.15078,43.17745],[-96.15903,43.17289],[-96.1564,43.17372]],[[-96.12257,43.19742],[-96.12477,43.19667],[-96.1249,43.1964],[-96.12257,43.19742]],[[-96.10629,43.19184],[-96.11959,43.19844],[-96.12008,43.19827],[-96.10629,43.19184]],[[-95.6624,43.30536],[-95.65704,43.30653],[-95.66757,43.30611],[-95.6624,43.30536]],[[-95.64748,43.30296],[-95.65241,43.30671],[-95.65304,43.30669],[-95.64748,43.30296]],[[-95.63759,43.29634],[-95.63609,43.29534],[-95.6197,43.29062],[-95.62394,43.29262],[-95.63759,43.29634]],[[-95.61054,43.32767],[-95.61467,43.33087],[-95.61079,43.32746],[-95.61054,43.32767]],[[-95.62503,43.34288],[-95.62508,43.34289],[-95.62335,43.34194],[-95.62503,43.34288]],[[-95.6513,43.3524],[-95.65104,43.34698],[-95.65006,43.34703],[-95.6513,43.3524]],[[-95.65632,43.36622],[-95.65675,43.36677],[-95.65718,43.36503],[-95.65632,43.36622]],[[-95.66911,43.4023],[-95.66957,43.40271],[-95.67122,43.39988],[-95.66911,43.4023]],[[-95.6976,43.44307],[-95.69821,43.44276],[-95.6979,43.44208],[-95.6976,43.44307]],[[-95.7284,43.6645],[-95.72787,43.66271],[-95.72655,43.66249],[-95.7284,43.6645]],[[-95.77614,43.01137],[-95.783,43.00557],[-95.77744,43.00932],[-95.77614,43.01137]],[[-95.73151,43.13885],[-95.73216,43.13896],[-95.73376,43.14094],[-95.73317,43.14347],[-95.73637,43.14679],[-95.74229,43.14962],[-95.75456,43.15178],[-95.76048,43.14661],[-95.75846,43.14294],[-95.76265,43.13976],[-95.77258,43.13635],[-95.77148,43.13367],[-95.76862,43.13307],[-95.76453,43.12787],[-95.76557,43.12667],[-95.76171,43.12625],[-95.76001,43.12318],[-95.75356,43.12917],[-95.74822,43.13241],[-95.74091,43.13221],[-95.73311,43.13626],[-95.73151,43.13885]],[[-95.58753,43.21004],[-95.58913,43.2048],[-95.58792,43.20709],[-95.58753,43.21004]],[[-91.99701,41.777],[-91.98972,41.77142],[-91.98935,41.76866],[-91.99657,41.76616],[-91.99987,41.76702],[-92.00143,41.76519],[-91.99363,41.76173],[-91.99067,41.75931],[-91.98718,41.75737],[-91.98565,41.75722],[-91.98185,41.76124],[-91.97666,41.76919],[-91.97831,41.77166],[-91.97727,41.77594],[-91.98271,41.77952],[-91.98309,41.78445],[-91.99135,41.78744],[-91.99506,41.78472],[-91.99701,41.777]],[[-92.46322,41.94131],[-92.4638,41.93701],[-92.4614,41.93696],[-92.46076,41.93778],[-92.46084,41.94069],[-92.46322,41.94131]],[[-92.67398,41.9912],[-92.67845,41.99757],[-92.67879,42.00742],[-92.67608,42.01117],[-92.67389,42.01158],[-92.67583,42.01413],[-92.67473,42.0178],[-92.66065,42.02144],[-92.66036,42.02509],[-92.67291,42.03222],[-92.67448,42.03029],[-92.68745,42.02777],[-92.68623,42.02351],[-92.69422,42.02176],[-92.69217,42.01412],[-92.69369,42.00332],[-92.69228,41.99821],[-92.68922,41.99614],[-92.69163,41.99089],[-92.68917,41.98661],[-92.68336,41.98354],[-92.67529,41.9857],[-92.67398,41.9912]],[[-92.6677,43.54787],[-92.66516,43.55315],[-92.66582,43.55306],[-92.6677,43.54787]],[[-92.26895,42.49468],[-92.26531,42.49951],[-92.26858,42.50313],[-92.26929,42.50774],[-92.26667,42.51458],[-92.26282,42.51727],[-92.2679,42.52283],[-92.27413,42.5258],[-92.27467,42.53067],[-92.28045,42.52893],[-92.28139,42.52635],[-92.28445,42.52262],[-92.28255,42.51145],[-92.27934,42.51071],[-92.27759,42.50557],[-92.27903,42.50041],[-92.27781,42.49843],[-92.26895,42.49468]],[[-92.53993,42.74768],[-92.53703,42.7484],[-92.52944,42.74506],[-92.52091,42.73106],[-92.5125,42.72984],[-92.5131,42.73171],[-92.51225,42.74106],[-92.50874,42.74282],[-92.5099,42.74527],[-92.5087,42.74664],[-92.5131,42.75682],[-92.52154,42.76285],[-92.52521,42.76068],[-92.5298,42.76292],[-92.53413,42.77662],[-92.54707,42.77986],[-92.5482,42.77565],[-92.55079,42.77456],[-92.55372,42.77424],[-92.55443,42.77358],[-92.55745,42.76626],[-92.55608,42.76153],[-92.54821,42.75077],[-92.54803,42.74871],[-92.54738,42.74769],[-92.54344,42.74923],[-92.53993,42.74768]],[[-90.64825,41.93401],[-90.66991,41.93403],[-90.64888,41.93343],[-90.64825,41.93401]],[[-91.07384,42.03321],[-91.07968,42.0364],[-91.07485,42.03328],[-91.07384,42.03321]],[[-91.09718,42.04727],[-91.10299,42.04571],[-91.10462,42.0444],[-91.09718,42.04727]],[[-91.10773,42.0432],[-91.11688,42.04659],[-91.10792,42.04313],[-91.10773,42.0432]],[[-91.31945,42.21078],[-91.32813,42.21143],[-91.32808,42.21132],[-91.31945,42.21078]],[[-91.63657,42.45341],[-91.65116,42.46277],[-91.65111,42.46268],[-91.63657,42.45341]],[[-91.65137,42.46308],[-91.65336,42.46786],[-91.65542,42.46919],[-91.65137,42.46308]],[[-91.77473,42.70217],[-91.77986,42.71117],[-91.78103,42.71208],[-91.77473,42.70217]],[[-91.77757,42.72515],[-91.77628,42.72777],[-91.77706,42.72732],[-91.77757,42.72515]],[[-90.8253,42.4516],[-90.83769,42.44797],[-90.83696,42.44792],[-90.8253,42.4516]],[[-90.82131,42.45079],[-90.82161,42.45085],[-90.81618,42.4471],[-90.82131,42.45079]],[[-90.80443,42.43042],[-90.80579,42.42919],[-90.80375,42.42993],[-90.80443,42.43042]],[[-90.8232,42.40127],[-90.82328,42.40184],[-90.82378,42.40246],[-90.82366,42.40221],[-90.8232,42.40127]],[[-90.8101,42.37984],[-90.81055,42.38114],[-90.814,42.38397],[-90.81355,42.38249],[-90.8101,42.37984]],[[-90.78242,42.37236],[-90.78731,42.37013],[-90.78353,42.371],[-90.78242,42.37236]],[[-90.78376,42.37807],[-90.7822,42.37264],[-90.78176,42.37318],[-90.78376,42.37807]],[[-90.73372,42.41219],[-90.74197,42.40968],[-90.73946,42.40955],[-90.73372,42.41219]],[[-91.41832,42.49594],[-91.41437,42.50263],[-91.41876,42.50667],[-91.41863,42.51057],[-91.4305,42.51321],[-91.43699,42.51095],[-91.44812,42.51534],[-91.45298,42.51393],[-91.45821,42.50708],[-91.45742,42.50519],[-91.46173,42.50376],[-91.46182,42.49678],[-91.45858,42.49583],[-91.45754,42.49092],[-91.45142,42.48529],[-91.44857,42.48583],[-91.44667,42.48822],[-91.44681,42.48953],[-91.44406,42.49039],[-91.43258,42.49056],[-91.42972,42.49296],[-91.42315,42.4922],[-91.41832,42.49594]],[[-90.79514,42.36832],[-90.80229,42.37503],[-90.80589,42.3766],[-90.79514,42.36832]],[[-92.50902,43.41908],[-92.50721,43.41845],[-92.50762,43.41882],[-92.49605,43.42317],[-92.50902,43.41908]],[[-91.37844,41.98219],[-91.36993,41.9869],[-91.37496,41.98499],[-91.37844,41.98219]],[[-91.3807,41.97863],[-91.38051,41.97921],[-91.38121,41.97906],[-91.3807,41.97863]],[[-91.04921,41.86376],[-91.05698,41.86693],[-91.04943,41.8635],[-91.04921,41.86376]],[[-91.36163,41.2758],[-91.36247,41.27197],[-91.36769,41.26948],[-91.36364,41.25787],[-91.35706,41.25541],[-91.34367,41.25573],[-91.34192,41.25794],[-91.3461,41.25964],[-91.34534,41.26722],[-91.35122,41.27264],[-91.35284,41.28101],[-91.36077,41.2813],[-91.36282,41.27964],[-91.36163,41.2758]],[[-91.15635,41.56592],[-91.1544,41.56291],[-91.15253,41.56242],[-91.14909,41.56581],[-91.14523,41.56604],[-91.14274,41.57009],[-91.13902,41.57215],[-91.12586,41.57355],[-91.1261,41.57616],[-91.1203,41.57562],[-91.12102,41.57932],[-91.12321,41.58057],[-91.12241,41.58187],[-91.13177,41.58398],[-91.1307,41.58687],[-91.13764,41.58583],[-91.13743,41.59325],[-91.14629,41.59793],[-91.15085,41.59762],[-91.15661,41.59476],[-91.15959,41.59536],[-91.15984,41.59373],[-91.16191,41.5933],[-91.15994,41.58965],[-91.15859,41.58888],[-91.15919,41.58827],[-91.15884,41.58762],[-91.16216,41.58445],[-91.15909,41.58286],[-91.16182,41.5808],[-91.15604,41.5779],[-91.15448,41.5741],[-91.15391,41.57376],[-91.15301,41.57014],[-91.15424,41.56685],[-91.15635,41.56592]],[[-90.81764,41.62762],[-90.82484,41.63111],[-90.82079,41.62852],[-90.81764,41.62762]],[[-91.051,41.86163],[-91.05033,41.86243],[-91.05113,41.86215],[-91.051,41.86163]],[[-91.87198,43.18767],[-91.87452,43.19287],[-91.87342,43.18919],[-91.87198,43.18767]],[[-91.85459,43.18034],[-91.87057,43.18617],[-91.8703,43.18588],[-91.85459,43.18034]],[[-91.81482,43.17636],[-91.83947,43.17927],[-91.81452,43.17624],[-91.81482,43.17636]],[[-91.81054,43.17463],[-91.81308,43.17566],[-91.8099,43.17368],[-91.81054,43.17463]],[[-91.80388,43.17268],[-91.80773,43.17233],[-91.80675,43.17172],[-91.80388,43.17268]],[[-91.77624,43.16662],[-91.77706,43.16677],[-91.77373,43.16329],[-91.77624,43.16662]],[[-91.49453,43.05736],[-91.51326,43.06619],[-91.49479,43.05733],[-91.49453,43.05736]],[[-91.49227,43.05848],[-91.49387,43.05742],[-91.48337,43.05844],[-91.49227,43.05848]],[[-91.387,43.05122],[-91.38919,43.05227],[-91.38787,43.05081],[-91.387,43.05122]],[[-91.39066,43.04778],[-91.38849,43.04933],[-91.38787,43.05081],[-91.39066,43.04778]],[[-91.3687,43.05803],[-91.37349,43.05514],[-91.36511,43.05861],[-91.3687,43.05803]],[[-91.39147,43.0469],[-91.39107,43.04723],[-91.3911,43.04731],[-91.39147,43.0469]],[[-91.4945,42.93503],[-91.49253,42.93305],[-91.49685,42.92858],[-91.49357,42.91953],[-91.49655,42.91548],[-91.49455,42.91272],[-91.48975,42.91253],[-91.48304,42.91648],[-91.48422,42.92366],[-91.4829,42.92655],[-91.48869,42.93628],[-91.49142,42.93682],[-91.49395,42.93648],[-91.4945,42.93503]]]}}]}