{"type":"FeatureCollection","features":[{"type":"Feature","properties":{},"geometry":{"type":"Polygon","coordinates":[[[-96.31798,41.89621],[-96.32857,41.8978],[-96.32919,41.90026],[-96.32741,41.90421],[-96.33211,41.90588],[-96.33128,41.90829],[-96.33474,41.91201],[-96.33679,41.92789],[-96.33786,41.92949],[-96.34632,41.9317],[-96.34703,41.93671],[-96.36147,41.93665],[-96.36777,41.93321],[-96.37188,41.93377],[-96.37428,41.93641],[-96.37909,41.93609],[-96.38126,41.92943],[-96.38523,41.92507],[-96.39296,41.92503],[-96.39672,41.9327],[-96.40108,41.93457],[-96.40508,41.94013],[-96.40862,41.9402],[-96.4111,41.94344],[-96.41884,41.94502],[-96.42566,41.94145],[-96.42927,41.95114],[-96.42615,41.95221],[-96.42958,41.96006],[-96.43342,41.96257],[-96.4338,41.96585],[-96.43944,41.9698],[-96.45164,41.97164],[-96.45397,41.97019],[-96.45649,41.97444],[-96.45653,41.97672],[-96.45426,41.97914],[-96.45815,41.9869],[-96.45596,41.99055],[-96.46236,41.99518],[-96.4588,42.00006],[-96.4622,42.00535],[-96.46583,42.00575],[-96.46718,42.00796],[-96.46602,42.00951],[-96.46694,42.01438],[-96.46464,42.01572],[-96.46653,42.01973],[-96.46365,42.02106],[-96.46561,42.02667],[-96.4648,42.02869],[-96.47107,42.03229],[-96.46921,42.04022],[-96.46614,42.04093],[-96.46285,42.04687],[-96.46605,42.05072],[-96.46552,42.05676],[-96.47046,42.05833],[-96.47663,42.05633],[-96.48683,42.06028],[-96.48948,42.05766],[-96.49403,42.06336],[-96.49756,42.06379],[-96.50141,42.068],[-96.51773,42.0719],[-96.52435,42.07009],[-96.52645,42.07561],[-96.53085,42.08032],[-96.5276,42.08539],[-96.52871,42.0883],[-96.53164,42.09074],[-96.53441,42.0906],[-96.53706,42.09364],[-96.54744,42.09641],[-96.54801,42.10164],[-96.54461,42.10465],[-96.54726,42.10682],[-96.54734,42.11196],[-96.54998,42.11373],[-96.5492,42.11561],[-96.55652,42.11782],[-96.55982,42.13176],[-96.56816,42.13291],[-96.57082,42.13835],[-96.57457,42.13523],[-96.57914,42.13472],[-96.58186,42.13625],[-96.58479,42.13486],[-96.58807,42.13591],[-96.58871,42.13899],[-96.59108,42.13926],[-96.59179,42.14181],[-96.60108,42.14046],[-96.60674,42.14625],[-96.60898,42.1465],[-96.60896,42.14877],[-96.61572,42.1516],[-96.61514,42.15488],[-96.61777,42.15578],[-96.61766,42.15816],[-96.62082,42.16071],[-96.62607,42.1604],[-96.62911,42.1577],[-96.63803,42.16331],[-96.64895,42.16045],[-96.65432,42.16845],[-96.65163,42.17183],[-96.6533,42.17518],[-96.65451,42.17624],[-96.65885,42.17542],[-96.66015,42.17741],[-96.66397,42.17621],[-96.66396,42.17784],[-96.66694,42.17923],[-96.66688,42.1849],[-96.66853,42.18546],[-96.66773,42.18989],[-96.67032,42.19181],[-96.66776,42.19449],[-96.66944,42.19883],[-96.66656,42.20319],[-96.66253,42.20289],[-96.66015,42.20544],[-96.66207,42.20812],[-96.65778,42.21284],[-96.65742,42.2187],[-96.66235,42.21947],[-96.6636,42.22229],[-96.66258,42.2254],[-96.67177,42.23114],[-96.67288,42.23517],[-96.67605,42.23855],[-96.67493,42.24085],[-96.67655,42.24365],[-96.67458,42.24439],[-96.67467,42.24843],[-96.67638,42.25092],[-96.68055,42.25266],[-96.68875,42.25147],[-96.69065,42.25574],[-96.69751,42.25788],[-96.69803,42.26038],[-96.70222,42.26392],[-96.70494,42.27349],[-96.70904,42.27468],[-96.70982,42.2792],[-96.70869,42.28072],[-96.71066,42.28831],[-96.71382,42.29235],[-96.71967,42.29579],[-96.7195,42.29753],[-96.72381,42.30236],[-96.72358,42.30639],[-96.72779,42.30686],[-96.73124,42.31057],[-96.72953,42.3144],[-96.73411,42.3164],[-96.74238,42.31642],[-96.74513,42.31953],[-96.74118,42.32276],[-96.74532,42.32564],[-96.75688,42.32873],[-96.76179,42.33475],[-96.77077,42.34038],[-96.77934,42.34142],[-96.7839,42.34659],[-96.78751,42.34824],[-96.78934,42.35176],[-96.80631,42.36107],[-96.80596,42.366],[-96.81378,42.36912],[-96.81842,42.37552],[-96.82241,42.37676],[-96.82312,42.38157],[-96.82671,42.38236],[-96.82854,42.38491],[-96.83097,42.38305],[-96.83046,42.38022],[-96.83257,42.37838],[-96.83669,42.37796],[-96.8394,42.37502],[-96.83915,42.37297],[-96.84851,42.36815],[-96.86163,42.37336],[-96.85913,42.37625],[-96.8604,42.38095],[-96.86555,42.38025],[-96.87402,42.38313],[-96.87972,42.38219],[-96.88526,42.38553],[-96.88789,42.38548],[-96.89053,42.39075],[-96.89286,42.39219],[-96.89171,42.39339],[-96.8931,42.39484],[-96.89739,42.39655],[-96.90453,42.39448],[-96.9081,42.39658],[-96.9127,42.40339],[-96.91113,42.4076],[-96.91239,42.41065],[-96.91653,42.41108],[-96.9162,42.41384],[-96.92279,42.41749],[-96.92584,42.41672],[-96.93327,42.41849],[-96.94161,42.42758],[-96.94613,42.43852],[-96.95576,42.44436],[-96.95826,42.45085],[-96.96597,42.45855],[-96.96618,42.4619],[-96.97396,42.4729],[-96.96858,42.47532],[-96.97091,42.47753],[-96.97059,42.48303],[-96.96722,42.48675],[-96.96688,42.48943],[-96.96807,42.49149],[-96.96688,42.49318],[-96.97094,42.49851],[-96.97855,42.49992],[-96.99051,42.50507],[-96.99174,42.50223],[-96.99429,42.50132],[-96.99164,42.49517],[-96.99798,42.48864],[-97.00187,42.48954],[-97.00527,42.49092],[-97.00805,42.49877],[-97.01208,42.49963],[-97.0214,42.50603],[-97.02916,42.50688],[-97.03007,42.50891],[-97.03496,42.51003],[-97.04357,42.5162],[-97.05082,42.51873],[-97.05082,42.52047],[-97.05675,42.52526],[-97.06267,42.5262],[-97.06782,42.53061],[-97.0706,42.52993],[-97.07668,42.53389],[-97.07817,42.53796],[-97.08178,42.54004],[-97.08878,42.54106],[-97.09098,42.54389],[-97.10221,42.54781],[-97.10475,42.55112],[-97.10829,42.55099],[-97.1236,42.55841],[-97.12684,42.55357],[-97.12834,42.54646],[-97.13109,42.54324],[-97.13329,42.54309],[-97.14496,42.54953],[-97.15431,42.55082],[-97.16105,42.54889],[-97.17818,42.55667],[-97.19472,42.5571],[-97.20004,42.55591],[-97.20594,42.5572],[-97.20704,42.55496],[-97.20511,42.55157],[-97.18166,42.53434],[-97.17614,42.5275],[-97.17265,42.52695],[-97.17065,42.52374],[-97.1664,42.5225],[-97.16639,42.52017],[-97.16292,42.5175],[-97.15376,42.51419],[-97.15015,42.51106],[-97.14955,42.50829],[-97.15918,42.50905],[-97.17455,42.51705],[-97.1825,42.51903],[-97.18417,42.51298],[-97.1901,42.50897],[-97.19206,42.50814],[-97.19556,42.51126],[-97.19776,42.51082],[-97.20373,42.50567],[-97.21084,42.50414],[-97.21227,42.50075],[-97.21139,42.49665],[-97.20797,42.4936],[-97.21116,42.48868],[-97.2064,42.48209],[-97.21282,42.47888],[-97.22649,42.48188],[-97.23101,42.48172],[-97.23326,42.47906],[-97.23636,42.47824],[-97.23948,42.47932],[-97.24386,42.47794],[-97.24999,42.48485],[-97.25981,42.4909],[-97.26649,42.4906],[-97.27012,42.48815],[-97.27449,42.49364],[-97.27729,42.49145],[-97.28199,42.49474],[-97.28867,42.49559],[-97.29009,42.49352],[-97.28863,42.49121],[-97.28948,42.48912],[-97.29507,42.49052],[-97.30027,42.49027],[-97.30341,42.48838],[-97.31184,42.48923],[-97.31905,42.48604],[-97.32831,42.48474],[-97.32914,42.48173],[-97.32783,42.48037],[-97.33125,42.47631],[-97.33895,42.47788],[-97.34294,42.48089],[-97.34751,42.4761],[-97.35177,42.47525],[-97.35264,42.47261],[-97.35804,42.47244],[-97.35934,42.47061],[-97.35847,42.46956],[-97.36044,42.46818],[-97.36269,42.46909],[-97.36588,42.46785],[-97.37274,42.47145],[-97.37497,42.46879],[-97.37954,42.46982],[-97.37854,42.46699],[-97.38379,42.461],[-97.38899,42.46204],[-97.39379,42.45885],[-97.3957,42.45991],[-97.40243,42.4579],[-97.40314,42.4548],[-97.41471,42.45699],[-97.4178,42.45506],[-97.416,42.45228],[-97.41774,42.4512],[-97.42394,42.45264],[-97.43012,42.4584],[-97.42876,42.45989],[-97.42971,42.46177],[-97.42719,42.46478],[-97.43307,42.47493],[-97.43153,42.47586],[-97.43162,42.47806],[-97.43599,42.48186],[-97.44026,42.48155],[-97.44133,42.48491],[-97.44432,42.4857],[-97.44529,42.48828],[-97.45172,42.49168],[-97.45636,42.4965],[-97.45526,42.50065],[-97.45783,42.50605],[-97.4517,42.50573],[-97.45011,42.5072],[-97.45214,42.5117],[-97.46062,42.51782],[-97.46795,42.51693],[-97.47728,42.52491],[-97.48271,42.52425],[-97.48647,42.52572],[-97.49421,42.5332],[-97.49859,42.5351],[-97.50186,42.53882],[-97.49909,42.54269],[-97.50485,42.54822],[-97.506,42.55376],[-97.50332,42.55545],[-97.50556,42.55794],[-97.50525,42.56008],[-97.50814,42.56096],[-97.50869,42.56525],[-97.50687,42.56853],[-97.50396,42.56981],[-97.51546,42.57874],[-97.51798,42.578],[-97.52271,42.58188],[-97.52818,42.58227],[-97.53061,42.58209],[-97.53144,42.58035],[-97.5357,42.58072],[-97.53853,42.57757],[-97.54227,42.57659],[-97.53948,42.57298],[-97.54124,42.56982],[-97.53981,42.56722],[-97.53527,42.56565],[-97.53373,42.55539],[-97.53847,42.55308],[-97.54586,42.55243],[-97.55015,42.55448],[-97.55214,42.55328],[-97.55772,42.55508],[-97.56465,42.55231],[-97.56637,42.55044],[-97.56516,42.54842],[-97.56633,42.54743],[-97.57663,42.54572],[-97.57997,42.54792],[-97.58077,42.54389],[-97.57772,42.53916],[-97.57866,42.53791],[-97.58239,42.53931],[-97.58378,42.53587],[-97.59365,42.53451],[-97.59253,42.53206],[-97.5969,42.52931],[-97.59866,42.52614],[-97.59783,42.52311],[-97.59962,42.52263],[-97.59913,42.52002],[-97.60273,42.51727],[-97.5998,42.51457],[-97.6038,42.51395],[-97.60415,42.51183],[-97.60632,42.51115],[-97.60696,42.5132],[-97.61133,42.51331],[-97.61278,42.51558],[-97.6177,42.51665],[-97.62369,42.51454],[-97.62288,42.51133],[-97.62974,42.51044],[-97.63672,42.50625],[-97.65732,42.51269],[-97.66181,42.51038],[-97.66258,42.50834],[-97.66668,42.50795],[-97.66639,42.50246],[-97.67448,42.50316],[-97.67891,42.49917],[-97.67946,42.49639],[-97.67735,42.49195],[-97.67892,42.48915],[-97.68749,42.49265],[-97.69204,42.49208],[-97.69212,42.486],[-97.69018,42.48314],[-97.68249,42.47634],[-97.67958,42.47571],[-97.6785,42.47214],[-97.68104,42.4706],[-97.68751,42.47228],[-97.69747,42.46663],[-97.70001,42.46858],[-97.7079,42.46927],[-97.71271,42.47258],[-97.71677,42.47207],[-97.72299,42.47408],[-97.72552,42.47244],[-97.72782,42.47423],[-97.73587,42.47384],[-97.73844,42.47522],[-97.74254,42.47367],[-97.74765,42.47486],[-97.75358,42.47329],[-97.75594,42.47393],[-97.75996,42.47866],[-97.77275,42.48146],[-97.77388,42.47966],[-97.77267,42.47835],[-97.77579,42.47482],[-97.7765,42.46987],[-97.78178,42.46873],[-97.77781,42.46667],[-97.77817,42.46368],[-97.78474,42.46198],[-97.78356,42.45559],[-97.78507,42.454],[-97.78358,42.45187],[-97.78942,42.45201],[-97.78634,42.44503],[-97.78811,42.44383],[-97.79129,42.44551],[-97.79786,42.44381],[-97.80082,42.44485],[-97.81465,42.45621],[-97.81749,42.45582],[-97.81868,42.45362],[-97.82514,42.45382],[-97.82901,42.45599],[-97.83097,42.45463],[-97.832,42.45054],[-97.82861,42.44678],[-97.82904,42.44311],[-97.82746,42.44145],[-97.80832,42.42983],[-97.80485,42.43057],[-97.795,42.41963],[-97.7959,42.41661],[-97.7907,42.40966],[-97.79346,42.40883],[-97.80176,42.41048],[-97.79458,42.40225],[-97.7985,42.40047],[-97.79297,42.39033],[-97.80202,42.39223],[-97.80545,42.3865],[-97.8047,42.38334],[-97.82496,42.3828],[-97.82578,42.37983],[-97.82931,42.37886],[-97.83132,42.37641],[-97.84159,42.37734],[-97.84317,42.37564],[-97.84203,42.37355],[-97.84942,42.36768],[-97.84652,42.36126],[-97.84898,42.3557],[-97.85396,42.35202],[-97.85567,42.34866],[-97.85469,42.34533],[-97.86727,42.34517],[-97.86638,42.34245],[-97.86934,42.33807],[-97.87366,42.33622],[-97.8715,42.33332],[-97.8719,42.33113],[-97.88007,42.32876],[-97.88362,42.32942],[-97.88837,42.33508],[-97.8941,42.33474],[-97.90246,42.3275],[-97.90189,42.32516],[-97.90426,42.32087],[-97.91104,42.31889],[-97.91304,42.32113],[-97.92606,42.32028],[-97.93317,42.32699],[-97.9462,42.32762],[-97.94707,42.32469],[-97.95083,42.3234],[-97.96417,42.32815],[-97.96485,42.32212],[-97.98275,42.32304],[-97.98872,42.31818],[-98.00032,42.31528],[-98.00055,42.31294],[-98.00681,42.31289],[-98.01144,42.30951],[-98.01032,42.3076],[-98.01142,42.30194],[-98.01686,42.30331],[-98.02171,42.30224],[-98.0236,42.30497],[-98.02804,42.29967],[-98.0286,42.29481],[-98.03125,42.29208],[-98.04086,42.29194],[-98.04478,42.28881],[-98.04766,42.28849],[-98.04983,42.29211],[-98.06588,42.2925],[-98.06834,42.28908],[-98.07602,42.28646],[-98.0772,42.28396],[-98.08706,42.28085],[-98.0914,42.2756],[-98.09741,42.27524],[-98.09857,42.27088],[-98.10414,42.26735],[-98.1137,42.26788],[-98.12059,42.27327],[-98.12741,42.27352],[-98.1291,42.27631],[-98.13663,42.27828],[-98.14777,42.27377],[-98.15522,42.2727],[-98.15811,42.27491],[-98.15691,42.27787],[-98.15854,42.2801],[-98.17218,42.27749],[-98.17491,42.28131],[-98.18,42.27752],[-98.19039,42.27852],[-98.19206,42.27468],[-98.18983,42.27316],[-98.18824,42.26877],[-98.18909,42.26686],[-98.19088,42.26502],[-98.20144,42.26453],[-98.20912,42.27026],[-98.2139,42.27039],[-98.21853,42.27598],[-98.22123,42.2769],[-98.22352,42.28232],[-98.22756,42.28353],[-98.22752,42.28512],[-98.23599,42.28491],[-98.23425,42.28738],[-98.23618,42.28903],[-98.24203,42.28945],[-98.2407,42.29363],[-98.24258,42.2963],[-98.24109,42.29797],[-98.24824,42.30056],[-98.25051,42.30359],[-98.26,42.30804],[-98.26836,42.31915],[-98.27556,42.32441],[-98.28172,42.32486],[-98.28537,42.32224],[-98.28605,42.32522],[-98.29027,42.32603],[-98.29697,42.33067],[-98.29822,42.33367],[-98.30453,42.3358],[-98.30998,42.33496],[-98.31877,42.34383],[-98.33052,42.34598],[-98.33867,42.34484],[-98.34004,42.35058],[-98.34213,42.35012],[-98.34405,42.35364],[-98.34988,42.35553],[-98.3582,42.36238],[-98.3617,42.37896],[-98.37275,42.38643],[-98.37636,42.39158],[-98.37901,42.3918],[-98.38382,42.39964],[-98.38305,42.40273],[-98.38503,42.40644],[-98.39285,42.41101],[-98.40121,42.4185],[-98.40198,42.42393],[-98.4044,42.42595],[-98.40308,42.43384],[-98.41314,42.44196],[-98.4131,42.44835],[-98.41662,42.45349],[-98.41905,42.45416],[-98.41944,42.45585],[-98.41432,42.45798],[-98.41535,42.4605],[-98.41302,42.46783],[-98.42244,42.47117],[-98.42318,42.47321],[-98.43052,42.47638],[-98.43305,42.48062],[-98.43294,42.48772],[-98.43734,42.49073],[-98.43868,42.49464],[-98.44788,42.4967],[-98.45103,42.49964],[-98.4661,42.49419],[-98.47927,42.50326],[-98.48804,42.505],[-98.48949,42.50739],[-98.49272,42.50846],[-98.4948,42.50735],[-98.50638,42.51114],[-98.51155,42.51076],[-98.51471,42.50878],[-98.53282,42.51115],[-98.53573,42.5092],[-98.54212,42.50843],[-98.54309,42.50667],[-98.54025,42.50485],[-98.5407,42.49362],[-98.55094,42.48609],[-98.56223,42.48052],[-98.56335,42.47327],[-98.57288,42.47063],[-98.57831,42.47563],[-98.58226,42.47378],[-98.58118,42.47228],[-98.58755,42.4659],[-98.5936,42.47295],[-98.60605,42.47374],[-98.61209,42.47186],[-98.62228,42.47593],[-98.63831,42.47797],[-98.64029,42.47981],[-98.64832,42.47946],[-98.65374,42.48298],[-98.67729,42.48815],[-98.68114,42.49107],[-98.6868,42.49033],[-98.68671,42.48832],[-98.69008,42.4873],[-98.70038,42.48644],[-98.70371,42.4911],[-98.71979,42.49409],[-98.72934,42.49405],[-98.73324,42.49374],[-98.73296,42.49192],[-98.73957,42.48843],[-98.74636,42.4879],[-98.75243,42.49391],[-98.75927,42.49264],[-98.76019,42.49378],[-98.77302,42.48883],[-98.77938,42.48803],[-98.78257,42.48405],[-98.78644,42.48515],[-98.787,42.4885],[-98.79452,42.49483],[-98.79571,42.50372],[-98.79927,42.50685],[-98.80679,42.50863],[-98.8097,42.50655],[-98.81411,42.50867],[-98.82332,42.50792],[-98.82884,42.51238],[-98.83235,42.5122],[-98.84541,42.51877],[-98.85911,42.52171],[-98.86362,42.52734],[-98.87135,42.52991],[-98.87839,42.52971],[-98.87903,42.52588],[-98.88536,42.52477],[-98.89254,42.5274],[-98.89512,42.53189],[-98.89917,42.53223],[-98.90212,42.52961],[-98.91069,42.53197],[-98.91438,42.52993],[-98.91586,42.52624],[-98.91815,42.5266],[-98.92236,42.53185],[-98.92933,42.53127],[-98.93263,42.5291],[-98.93316,42.53296],[-98.93649,42.53706],[-98.97014,42.53682],[-98.97665,42.54176],[-98.97606,42.54487],[-98.98776,42.5511],[-98.99669,42.55392],[-99.003,42.55398],[-99.01803,42.56425],[-99.01973,42.56785],[-99.02422,42.56992],[-99.02566,42.57379],[-99.03319,42.57619],[-99.03603,42.57919],[-99.04709,42.58379],[-99.05739,42.59114],[-99.05884,42.59423],[-99.0677,42.59657],[-99.07772,42.60292],[-99.09485,42.60455],[-99.09942,42.60785],[-99.10466,42.60644],[-99.10926,42.60861],[-99.11438,42.60865],[-99.11863,42.61158],[-99.11796,42.61311],[-99.11932,42.61445],[-99.13153,42.62097],[-99.13454,42.61703],[-99.13868,42.61623],[-99.14384,42.61847],[-99.14938,42.61678],[-99.15343,42.61874],[-99.15541,42.6218],[-99.15821,42.62214],[-99.15786,42.6237],[-99.16135,42.62476],[-99.16314,42.62268],[-99.17034,42.62197],[-99.17172,42.62241],[-99.17164,42.62443],[-99.16988,42.62612],[-99.17868,42.63073],[-99.19074,42.63511],[-99.19372,42.63221],[-99.19554,42.6348],[-99.20093,42.63536],[-99.20557,42.63819],[-99.22661,42.64449],[-99.23067,42.64526],[-99.23102,42.64149],[-99.23344,42.63929],[-99.24658,42.63951],[-99.25017,42.64155],[-99.2554,42.64009],[-99.25689,42.64175],[-99.26253,42.64171],[-99.26569,42.6436],[-99.27181,42.64075],[-99.27317,42.63829],[-99.27848,42.63823],[-99.28045,42.6404],[-99.28428,42.6382],[-99.28997,42.63812],[-99.28866,42.63509],[-99.29177,42.63312],[-99.29363,42.63538],[-99.30605,42.63341],[-99.31088,42.63606],[-99.31945,42.63553],[-99.32291,42.63485],[-99.32324,42.63118],[-99.32727,42.62969],[-99.32871,42.62589],[-99.33146,42.62934],[-99.33883,42.62874],[-99.34388,42.63249],[-99.35346,42.63228],[-99.354,42.63491],[-99.35653,42.63644],[-99.35566,42.63818],[-99.36172,42.64167],[-99.36799,42.64259],[-99.37217,42.6409],[-99.37281,42.64302],[-99.3802,42.64452],[-99.38175,42.64747],[-99.38931,42.64213],[-99.39288,42.64262],[-99.39232,42.64102],[-99.39913,42.6375],[-99.4069,42.6405],[-99.41285,42.64063],[-99.41655,42.63843],[-99.42706,42.63667],[-99.42918,42.63507],[-99.42912,42.62813],[-99.4331,42.62558],[-99.43616,42.63314],[-99.43539,42.63434],[-99.43944,42.63589],[-99.44176,42.63409],[-99.44833,42.63583],[-99.44771,42.63864],[-99.45306,42.64251],[-99.45729,42.64038],[-99.45863,42.64317],[-99.4627,42.6439],[-99.46462,42.64275],[-99.46908,42.64503],[-99.46932,42.64679],[-99.47595,42.64738],[-99.47897,42.64717],[-99.47824,42.63696],[-99.48039,42.63616],[-99.48455,42.63847],[-99.49746,42.63896],[-99.50199,42.63732],[-99.50292,42.63505],[-99.50877,42.63456],[-99.51247,42.63592],[-99.52215,42.63202],[-99.52495,42.62606],[-99.52826,42.62413],[-99.53952,42.62619],[-99.54665,42.6239],[-99.54932,42.62663],[-99.55144,42.62582],[-99.55559,42.62766],[-99.55963,42.6225],[-99.56248,42.62409],[-99.56974,42.62337],[-99.57864,42.61843],[-99.57791,42.61509],[-99.58196,42.61438],[-99.58552,42.61717],[-99.59158,42.61796],[-99.60129,42.6128],[-99.60249,42.61196],[-99.59943,42.60909],[-99.59855,42.60272],[-99.59985,42.6014],[-99.59859,42.59912],[-99.60593,42.59435],[-99.61226,42.5949],[-99.61466,42.59112],[-99.62393,42.58752],[-99.62493,42.57887],[-99.62914,42.57324],[-99.65233,42.55167],[-99.64864,42.5404],[-99.64698,42.52864],[-99.64802,42.52521],[-99.63754,42.52042],[-99.63306,42.51981],[-99.62982,42.52114],[-99.62516,42.51724],[-99.6182,42.51604],[-99.61651,42.51268],[-99.61241,42.5125],[-99.60972,42.51011],[-99.61069,42.50775],[-99.60857,42.50576],[-99.60942,42.50465],[-99.60654,42.49843],[-99.60342,42.49582],[-99.60611,42.49009],[-99.61334,42.48486],[-99.61621,42.48499],[-99.62101,42.48057],[-99.61611,42.4703],[-99.61626,42.46426],[-99.62112,42.46182],[-99.6224,42.45815],[-99.62629,42.45683],[-99.62902,42.45276],[-99.64757,42.44706],[-99.65228,42.44231],[-99.65113,42.43781],[-99.64441,42.43615],[-99.64489,42.43507],[-99.64219,42.43346],[-99.63964,42.43369],[-99.63495,42.42756],[-99.63762,42.42574],[-99.63426,42.42388],[-99.63517,42.42029],[-99.63254,42.41927],[-99.6368,42.41599],[-99.63889,42.4082],[-99.64066,42.40684],[-99.6378,42.40424],[-99.63857,42.40176],[-99.63678,42.4],[-99.63974,42.39871],[-99.64023,42.39476],[-99.6332,42.38965],[-99.63535,42.38636],[-99.63263,42.38351],[-99.63426,42.38062],[-99.6316,42.36561],[-99.62578,42.36242],[-99.62685,42.35958],[-99.62457,42.35614],[-99.63499,42.35347],[-99.63966,42.35601],[-99.64458,42.35573],[-99.65076,42.35836],[-99.65343,42.35336],[-99.65591,42.35473],[-99.66173,42.35358],[-99.66315,42.34489],[-99.65711,42.33588],[-99.65752,42.33254],[-99.66993,42.33472],[-99.67344,42.33785],[-99.67766,42.33839],[-99.68173,42.34331],[-99.68225,42.34644],[-99.68057,42.34852],[-99.68376,42.35032],[-99.68528,42.3534],[-99.69071,42.35181],[-99.69194,42.34925],[-99.69113,42.34691],[-99.69423,42.34686],[-99.69398,42.34473],[-99.7022,42.34381],[-99.70233,42.34108],[-99.70647,42.34339],[-99.70771,42.34114],[-99.71795,42.34246],[-99.71708,42.33802],[-99.71958,42.33803],[-99.71637,42.33119],[-99.71817,42.33031],[-99.7178,42.32843],[-99.71583,42.32787],[-99.7175,42.32256],[-99.7225,42.32157],[-99.72267,42.31897],[-99.7211,42.31785],[-99.72407,42.31652],[-99.72357,42.31362],[-99.72695,42.315],[-99.72681,42.31665],[-99.733,42.31635],[-99.73669,42.31458],[-99.73955,42.30917],[-99.74219,42.31167],[-99.74966,42.31254],[-99.75062,42.31499],[-99.75521,42.31587],[-99.75658,42.31371],[-99.76124,42.31292],[-99.76117,42.30829],[-99.76795,42.30792],[-99.77004,42.30957],[-99.76973,42.30611],[-99.77426,42.30415],[-99.77706,42.29985],[-99.77773,42.30175],[-99.78168,42.30265],[-99.78384,42.3049],[-99.79075,42.30388],[-99.79344,42.30674],[-99.79346,42.31375],[-99.7953,42.31433],[-99.79593,42.31745],[-99.79508,42.32323],[-99.79843,42.3238],[-99.80655,42.32462],[-99.80675,42.32192],[-99.81271,42.32336],[-99.81341,42.32215],[-99.81782,42.32267],[-99.8209,42.32141],[-99.82134,42.31924],[-99.82715,42.31919],[-99.82729,42.32105],[-99.83073,42.32014],[-99.83467,42.32273],[-99.83852,42.31339],[-99.83693,42.31139],[-99.83816,42.3071],[-99.83557,42.30598],[-99.83661,42.30438],[-99.83554,42.30208],[-99.84187,42.30076],[-99.84225,42.29935],[-99.84602,42.29955],[-99.84536,42.29583],[-99.84752,42.29631],[-99.85002,42.30146],[-99.84812,42.30771],[-99.85308,42.31171],[-99.86181,42.31343],[-99.86624,42.30863],[-99.87175,42.30982],[-99.87469,42.31672],[-99.89538,42.31961],[-99.89538,42.32769],[-99.89211,42.32739],[-99.89335,42.33014],[-99.89039,42.33086],[-99.89183,42.33636],[-99.88695,42.33652],[-99.89179,42.34065],[-99.8918,42.34302],[-99.89308,42.3438],[-99.89948,42.34119],[-99.90359,42.34214],[-99.90338,42.34027],[-99.9163,42.34302],[-99.91872,42.34102],[-99.92096,42.34581],[-99.93121,42.35611],[-99.93393,42.36653],[-99.94551,42.36743],[-99.95024,42.36643],[-99.95355,42.36285],[-99.96131,42.36297],[-99.96393,42.3656],[-99.96201,42.36632],[-99.96235,42.36991],[-99.96482,42.37214],[-99.9641,42.37777],[-99.96104,42.37852],[-99.96362,42.38235],[-99.96164,42.38288],[-99.95929,42.38666],[-99.95303,42.38736],[-99.94825,42.38588],[-99.94792,42.38728],[-99.95237,42.39248],[-99.95205,42.39652],[-99.94868,42.39797],[-99.93878,42.39357],[-99.93912,42.39188],[-99.9351,42.3914],[-99.93255,42.38888],[-99.92693,42.38737],[-99.91069,42.38754],[-99.90891,42.38989],[-99.91018,42.39414],[-99.90686,42.39405],[-99.90912,42.40017],[-99.90739,42.40044],[-99.90966,42.40403],[-99.91393,42.40507],[-99.91625,42.41136],[-99.91375,42.41307],[-99.91588,42.41787],[-99.91237,42.42017],[-99.91588,42.42441],[-99.91473,42.42654],[-99.93141,42.4276],[-99.92912,42.43064],[-99.93061,42.43271],[-99.93778,42.43494],[-99.93558,42.43745],[-99.93797,42.43823],[-99.93519,42.4406],[-99.93725,42.44296],[-99.94368,42.44158],[-99.94419,42.44294],[-99.95799,42.4474],[-99.96498,42.44666],[-99.96473,42.44435],[-99.96891,42.4406],[-99.97489,42.44225],[-99.9752,42.4435],[-99.979,42.44272],[-99.98318,42.44528],[-99.98697,42.44548],[-99.98488,42.44831],[-99.99238,42.45101],[-99.99311,42.45358],[-99.99445,42.4528],[-99.99645,42.45559],[-99.99861,42.45352],[-100.01595,42.46197],[-100.03439,42.46343],[-100.0346,42.46934],[-100.04191,42.46846],[-100.04207,42.47093],[-100.0495,42.47407],[-100.04855,42.47579],[-100.06242,42.4767],[-100.06321,42.47892],[-100.06717,42.47972],[-100.06777,42.48358],[-100.0768,42.48452],[-100.08313,42.48274],[-100.08447,42.47931],[-100.08187,42.47764],[-100.0821,42.47561],[-100.08761,42.47059],[-100.09217,42.46912],[-100.10803,42.47514],[-100.11154,42.47495],[-100.1178,42.47151],[-100.12045,42.47212],[-100.12021,42.47108],[-100.12671,42.46844],[-100.13231,42.46936],[-100.13529,42.46692],[-100.13792,42.46889],[-100.1417,42.46689],[-100.14868,42.46719],[-100.15676,42.46906],[-100.16343,42.47327],[-100.16708,42.47202],[-100.16992,42.47613],[-100.17729,42.47788],[-100.18771,42.47414],[-100.18987,42.4765],[-100.19465,42.47492],[-100.19657,42.47641],[-100.2018,42.47637],[-100.19943,42.47321],[-100.20144,42.47077],[-100.2006,42.46719],[-100.19591,42.46299],[-100.19156,42.46244],[-100.19133,42.46004],[-100.18862,42.45896],[-100.1873,42.45496],[-100.18485,42.45355],[-100.19237,42.45117],[-100.19796,42.45384],[-100.20458,42.45364],[-100.21776,42.45025],[-100.21856,42.4518],[-100.22099,42.45085],[-100.2236,42.45249],[-100.22773,42.4523],[-100.2284,42.45397],[-100.23427,42.45584],[-100.23735,42.45381],[-100.24034,42.45675],[-100.25788,42.45588],[-100.27395,42.4602],[-100.27835,42.4598],[-100.27937,42.45466],[-100.28997,42.46],[-100.29367,42.45979],[-100.29518,42.46181],[-100.2996,42.46191],[-100.31071,42.46665],[-100.3164,42.46447],[-100.31701,42.46574],[-100.32425,42.46583],[-100.33309,42.46876],[-100.33759,42.46541],[-100.34843,42.46755],[-100.35969,42.46501],[-100.36737,42.46596],[-100.37139,42.46475],[-100.37634,42.46988],[-100.38732,42.46522],[-100.39317,42.46587],[-100.39404,42.46475],[-100.39146,42.45452],[-100.39281,42.45283],[-100.39982,42.45736],[-100.40597,42.45741],[-100.41702,42.46259],[-100.42163,42.46307],[-100.424,42.46523],[-100.42649,42.46406],[-100.43292,42.46596],[-100.43847,42.46466],[-100.43988,42.45748],[-100.43509,42.45427],[-100.43038,42.45491],[-100.42949,42.45236],[-100.43146,42.45238],[-100.43208,42.44692],[-100.42596,42.44076],[-100.43273,42.43771],[-100.42975,42.43201],[-100.43194,42.42818],[-100.44518,42.4313],[-100.44578,42.43288],[-100.45272,42.43404],[-100.45608,42.43637],[-100.45887,42.43304],[-100.45611,42.4309],[-100.4583,42.42681],[-100.46459,42.42878],[-100.46748,42.43187],[-100.47045,42.43217],[-100.47131,42.42858],[-100.47488,42.43035],[-100.47721,42.42893],[-100.47877,42.4321],[-100.48298,42.4303],[-100.48935,42.43171],[-100.48913,42.42885],[-100.49324,42.43105],[-100.49659,42.43091],[-100.49818,42.43328],[-100.50533,42.43636],[-100.51035,42.44171],[-100.51574,42.44259],[-100.52857,42.45062],[-100.53461,42.45001],[-100.53767,42.45261],[-100.53984,42.45197],[-100.54509,42.45468],[-100.5586,42.45685],[-100.56725,42.46155],[-100.5741,42.46287],[-100.57821,42.46199],[-100.58015,42.46546],[-100.5896,42.4671],[-100.59174,42.46927],[-100.60324,42.47072],[-100.60399,42.47269],[-100.61201,42.4726],[-100.61379,42.47436],[-100.61657,42.47407],[-100.62013,42.47787],[-100.62204,42.47704],[-100.6236,42.47906],[-100.63095,42.47909],[-100.63481,42.48288],[-100.63697,42.48222],[-100.64055,42.48445],[-100.64469,42.48268],[-100.64575,42.48562],[-100.65085,42.48539],[-100.65394,42.488],[-100.66166,42.48975],[-100.6655,42.493],[-100.67349,42.49398],[-100.67784,42.49668],[-100.68571,42.49638],[-100.68825,42.49957],[-100.6941,42.49886],[-100.69877,42.50194],[-100.70178,42.5006],[-100.70697,42.50313],[-100.70883,42.50213],[-100.71106,42.50418],[-100.71475,42.50003],[-100.71343,42.49394],[-100.71666,42.49097],[-100.71312,42.48727],[-100.71304,42.48093],[-100.71124,42.47987],[-100.71338,42.4776],[-100.71319,42.47174],[-100.7162,42.46569],[-100.71435,42.4642],[-100.71452,42.46169],[-100.71878,42.4566],[-100.71599,42.45433],[-100.71682,42.45058],[-100.71939,42.45004],[-100.71949,42.44598],[-100.71778,42.44497],[-100.72029,42.4416],[-100.7167,42.43388],[-100.72249,42.43633],[-100.72501,42.43581],[-100.7256,42.43206],[-100.72277,42.42981],[-100.72793,42.42942],[-100.73385,42.43202],[-100.74239,42.43162],[-100.7409,42.42651],[-100.74344,42.42905],[-100.7526,42.43065],[-100.75706,42.43378],[-100.75809,42.4412],[-100.75344,42.44241],[-100.75578,42.44338],[-100.75678,42.44603],[-100.7527,42.45379],[-100.75579,42.46065],[-100.75253,42.46676],[-100.75655,42.46848],[-100.75817,42.47177],[-100.77061,42.47499],[-100.77401,42.47998],[-100.77013,42.48304],[-100.77203,42.48707],[-100.77009,42.48781],[-100.77022,42.48941],[-100.77293,42.49042],[-100.7737,42.49383],[-100.78288,42.49374],[-100.78501,42.49579],[-100.78669,42.49859],[-100.78582,42.50222],[-100.78401,42.5026],[-100.78462,42.50545],[-100.79231,42.50637],[-100.79126,42.51092],[-100.79678,42.51498],[-100.79717,42.51972],[-100.81251,42.52367],[-100.81692,42.5227],[-100.81993,42.5247],[-100.82502,42.52394],[-100.83567,42.52596],[-100.83755,42.5232],[-100.84197,42.5239],[-100.84421,42.52134],[-100.85003,42.52406],[-100.84982,42.52197],[-100.85133,42.52161],[-100.85959,42.52331],[-100.86288,42.52194],[-100.86205,42.51867],[-100.85578,42.51525],[-100.85655,42.50452],[-100.87315,42.50521],[-100.87514,42.507],[-100.87654,42.50186],[-100.87925,42.50088],[-100.87624,42.49626],[-100.88233,42.49479],[-100.90278,42.50169],[-100.90735,42.50064],[-100.9071,42.49483],[-100.9119,42.49443],[-100.91667,42.49787],[-100.9209,42.49688],[-100.92494,42.49788],[-100.92971,42.49629],[-100.93646,42.49803],[-100.9481,42.49779],[-100.95502,42.49955],[-100.95742,42.50233],[-100.96191,42.50291],[-100.96402,42.50462],[-100.96295,42.5069],[-100.97337,42.50122],[-100.99528,42.5066],[-100.99739,42.50534],[-101.00004,42.5067],[-101.01149,42.50318],[-101.01644,42.50521],[-101.02227,42.50426],[-101.02547,42.50594],[-101.03075,42.50474],[-101.03218,42.50773],[-101.05555,42.50616],[-101.07406,42.50786],[-101.07766,42.50559],[-101.0913,42.50774],[-101.10334,42.50565],[-101.11434,42.50777],[-101.11724,42.50604],[-101.1299,42.50589],[-101.13615,42.50368],[-101.14017,42.50512],[-101.14223,42.50437],[-101.14206,42.49915],[-101.14564,42.49643],[-101.1547,42.5006],[-101.15638,42.4986],[-101.15875,42.49994],[-101.17272,42.49805],[-101.17563,42.4969],[-101.17913,42.49177],[-101.18225,42.49243],[-101.18068,42.48966],[-101.1916,42.48878],[-101.19618,42.50257],[-101.19946,42.50326],[-101.20829,42.50228],[-101.2111,42.49881],[-101.20746,42.49747],[-101.21,42.49435],[-101.21027,42.48838],[-101.21434,42.48871],[-101.21997,42.49207],[-101.22132,42.49455],[-101.22509,42.49439],[-101.23115,42.49814],[-101.23486,42.49852],[-101.23527,42.49621],[-101.2385,42.49653],[-101.24447,42.4923],[-101.23855,42.48608],[-101.24093,42.48433],[-101.23777,42.48059],[-101.23907,42.47572],[-101.23227,42.4711],[-101.23572,42.46926],[-101.24075,42.47072],[-101.24169,42.46907],[-101.24635,42.46815],[-101.24399,42.46598],[-101.24609,42.46472],[-101.24347,42.46105],[-101.24208,42.45269],[-101.2487,42.45275],[-101.2534,42.44961],[-101.25083,42.44655],[-101.2517,42.4455],[-101.24859,42.44421],[-101.2499,42.44233],[-101.24856,42.4407],[-101.25038,42.43886],[-101.24616,42.43748],[-101.24611,42.43514],[-101.24296,42.43292],[-101.24499,42.43074],[-101.24327,42.42737],[-101.24408,42.42357],[-101.25748,42.42491],[-101.26395,42.42355],[-101.26156,42.42115],[-101.26442,42.42005],[-101.26949,42.42524],[-101.28123,42.42551],[-101.28673,42.42904],[-101.29302,42.42805],[-101.29766,42.43026],[-101.29904,42.42887],[-101.30993,42.43414],[-101.31844,42.43239],[-101.32399,42.43391],[-101.32674,42.43001],[-101.3352,42.42789],[-101.34243,42.43008],[-101.34507,42.42833],[-101.34756,42.42958],[-101.35232,42.42834],[-101.35644,42.43155],[-101.37021,42.43534],[-101.37434,42.43196],[-101.37721,42.43305],[-101.37947,42.43203],[-101.38368,42.43526],[-101.38426,42.43759],[-101.3902,42.43529],[-101.39363,42.4371],[-101.39843,42.4358],[-101.39999,42.43706],[-101.40115,42.43458],[-101.40634,42.43318],[-101.40915,42.43452],[-101.41034,42.43325],[-101.41825,42.43384],[-101.41831,42.43101],[-101.42135,42.43028],[-101.42829,42.4313],[-101.43487,42.42849],[-101.44533,42.42886],[-101.44508,42.42474],[-101.44909,42.4229],[-101.46524,42.42572],[-101.46951,42.42351],[-101.4872,42.42533],[-101.48596,42.42328],[-101.48698,42.42],[-101.49286,42.41874],[-101.49886,42.41984],[-101.50477,42.41776],[-101.51201,42.41897],[-101.51648,42.41367],[-101.51613,42.41008],[-101.52053,42.40933],[-101.52203,42.40692],[-101.52984,42.40515],[-101.53519,42.40813],[-101.53489,42.40236],[-101.54176,42.40071],[-101.5492,42.40398],[-101.55354,42.3988],[-101.55074,42.39346],[-101.55418,42.39052],[-101.55405,42.38542],[-101.56194,42.38293],[-101.56771,42.38458],[-101.57996,42.3832],[-101.58126,42.38532],[-101.5883,42.38636],[-101.58964,42.38388],[-101.60071,42.38447],[-101.60303,42.38588],[-101.60707,42.38395],[-101.61187,42.38627],[-101.6146,42.38387],[-101.61791,42.38444],[-101.6193,42.38227],[-101.62227,42.38302],[-101.63522,42.37975],[-101.63792,42.38123],[-101.63981,42.3793],[-101.64622,42.38091],[-101.65951,42.37846],[-101.6642,42.37933],[-101.6755,42.37599],[-101.67784,42.37374],[-101.67711,42.36923],[-101.68071,42.36483],[-101.67619,42.36119],[-101.67987,42.35806],[-101.67806,42.35357],[-101.67998,42.35174],[-101.67919,42.34861],[-101.68972,42.3513],[-101.69615,42.3478],[-101.70226,42.35055],[-101.70746,42.35135],[-101.70914,42.35017],[-101.7255,42.35423],[-101.7272,42.35241],[-101.73834,42.35065],[-101.76008,42.35562],[-101.771,42.35337],[-101.78422,42.35541],[-101.79009,42.35324],[-101.79459,42.35484],[-101.80334,42.35438],[-101.80494,42.35393],[-101.80371,42.35177],[-101.80638,42.34964],[-101.81779,42.35214],[-101.83076,42.35143],[-101.83147,42.35349],[-101.84014,42.35547],[-101.84225,42.35368],[-101.84648,42.35535],[-101.85444,42.35512],[-101.85713,42.35349],[-101.86328,42.35416],[-101.87915,42.35116],[-101.91036,42.35356],[-101.92617,42.35078],[-101.93981,42.35217],[-101.95026,42.3493],[-101.95962,42.35217],[-101.97004,42.34834],[-101.97801,42.35019],[-101.98268,42.34742],[-101.98941,42.34856],[-101.99231,42.346],[-102.00593,42.34607],[-102.01696,42.34814],[-102.022,42.34708],[-102.02626,42.34921],[-102.02939,42.34726],[-102.03468,42.34865],[-102.05606,42.34811],[-102.06566,42.35125],[-102.07948,42.35125],[-102.08195,42.35318],[-102.09811,42.35386],[-102.10398,42.35585],[-102.10471,42.35417],[-102.11245,42.35321],[-102.11116,42.35026],[-102.11246,42.34885],[-102.11946,42.34802],[-102.12072,42.34927],[-102.12388,42.34633],[-102.13366,42.34814],[-102.1319,42.35382],[-102.14236,42.36076],[-102.14332,42.37243],[-102.14659,42.37389],[-102.14653,42.37696],[-102.15132,42.37984],[-102.1576,42.38083],[-102.16727,42.37923],[-102.16582,42.385],[-102.17738,42.39396],[-102.17873,42.39831],[-102.18193,42.40039],[-102.18275,42.40293],[-102.17509,42.40408],[-102.17351,42.39931],[-102.16619,42.39754],[-102.14878,42.4019],[-102.1442,42.40172],[-102.14285,42.39993],[-102.13876,42.3991],[-102.13271,42.40027],[-102.11881,42.399],[-102.11705,42.4004],[-102.10635,42.4013],[-102.09702,42.40514],[-102.09296,42.40502],[-102.08304,42.40906],[-102.07442,42.40816],[-102.0678,42.41169],[-102.06521,42.41511],[-102.05322,42.41713],[-102.0481,42.41613],[-102.04301,42.41788],[-102.03727,42.41707],[-102.03301,42.41927],[-102.03384,42.42294],[-102.0376,42.43111],[-102.04121,42.43218],[-102.04284,42.43048],[-102.05117,42.42928],[-102.05169,42.42754],[-102.05666,42.4294],[-102.06405,42.42734],[-102.07081,42.42968],[-102.07093,42.43268],[-102.06883,42.43191],[-102.06653,42.43373],[-102.06324,42.43295],[-102.05731,42.43466],[-102.05867,42.44236],[-102.05199,42.44684],[-102.05162,42.45633],[-102.05391,42.45691],[-102.0538,42.46144],[-102.05616,42.46422],[-102.08768,42.4658],[-102.08764,42.46766],[-102.09117,42.46833],[-102.09508,42.46585],[-102.10621,42.46451],[-102.11028,42.46205],[-102.11198,42.46345],[-102.12061,42.46158],[-102.13519,42.46444],[-102.14028,42.46241],[-102.15132,42.46264],[-102.15572,42.46987],[-102.15909,42.47075],[-102.15882,42.47484],[-102.16005,42.47594],[-102.16383,42.47507],[-102.17399,42.47678],[-102.17561,42.4834],[-102.16843,42.48428],[-102.16784,42.48649],[-102.16575,42.48618],[-102.1636,42.4884],[-102.16467,42.49026],[-102.17157,42.49009],[-102.1759,42.49308],[-102.18235,42.49122],[-102.18114,42.49522],[-102.18282,42.49761],[-102.1863,42.49877],[-102.19383,42.49412],[-102.1987,42.49576],[-102.20346,42.49522],[-102.20881,42.49179],[-102.20814,42.48843],[-102.2116,42.4848],[-102.21438,42.48587],[-102.21771,42.48466],[-102.21859,42.48217],[-102.22223,42.48143],[-102.22069,42.47745],[-102.22229,42.47336],[-102.22988,42.4722],[-102.23047,42.47045],[-102.23354,42.47128],[-102.23432,42.47305],[-102.23935,42.47214],[-102.2417,42.46508],[-102.2464,42.46508],[-102.251,42.45727],[-102.2449,42.45119],[-102.25091,42.44944],[-102.24972,42.44353],[-102.25276,42.44281],[-102.25439,42.43847],[-102.25322,42.43755],[-102.25447,42.43524],[-102.25249,42.43347],[-102.26307,42.4291],[-102.26324,42.42623],[-102.26701,42.42686],[-102.27472,42.4213],[-102.27655,42.42191],[-102.28417,42.41792],[-102.28668,42.41972],[-102.28926,42.41745],[-102.29258,42.41863],[-102.29441,42.41753],[-102.29459,42.40794],[-102.29655,42.40679],[-102.29904,42.40846],[-102.30007,42.40683],[-102.29592,42.40561],[-102.29503,42.40271],[-102.2923,42.4019],[-102.2931,42.39814],[-102.29153,42.39529],[-102.29321,42.39334],[-102.29747,42.39102],[-102.30447,42.39074],[-102.30662,42.38636],[-102.30642,42.38208],[-102.31379,42.38266],[-102.31669,42.38012],[-102.32079,42.37951],[-102.32057,42.37824],[-102.32656,42.37851],[-102.33,42.38054],[-102.33283,42.376],[-102.33163,42.37448],[-102.33764,42.36698],[-102.3382,42.36356],[-102.34201,42.36356],[-102.34319,42.36039],[-102.34954,42.35658],[-102.34982,42.35386],[-102.33864,42.34944],[-102.33679,42.35166],[-102.33227,42.35298],[-102.33191,42.35511],[-102.32048,42.3554],[-102.31821,42.35663],[-102.3189,42.36299],[-102.31608,42.36423],[-102.31535,42.36642],[-102.3067,42.36575],[-102.3035,42.36756],[-102.29913,42.36747],[-102.29383,42.37306],[-102.29021,42.37364],[-102.28602,42.37695],[-102.28804,42.37909],[-102.28767,42.38248],[-102.28454,42.38031],[-102.28358,42.38254],[-102.27448,42.38808],[-102.26598,42.3906],[-102.25872,42.38802],[-102.25579,42.38341],[-102.24896,42.37915],[-102.26416,42.37595],[-102.27068,42.37249],[-102.27188,42.37156],[-102.26991,42.36993],[-102.27078,42.36848],[-102.27403,42.36639],[-102.2766,42.36799],[-102.27547,42.36344],[-102.27289,42.3621],[-102.27311,42.36398],[-102.26811,42.36521],[-102.2583,42.3609],[-102.2508,42.36081],[-102.23908,42.36582],[-102.22822,42.36515],[-102.22103,42.36136],[-102.21932,42.35819],[-102.20981,42.35944],[-102.20452,42.3535],[-102.19763,42.34898],[-102.19007,42.34757],[-102.19055,42.34414],[-102.21578,42.34518],[-102.21842,42.34691],[-102.2228,42.34565],[-102.22774,42.34701],[-102.22897,42.34535],[-102.23428,42.34727],[-102.26566,42.34132],[-102.2789,42.34076],[-102.29276,42.3333],[-102.29405,42.32795],[-102.29282,42.3251],[-102.30243,42.32239],[-102.31338,42.31115],[-102.32483,42.31029],[-102.32776,42.30743],[-102.33757,42.30777],[-102.34298,42.30311],[-102.35508,42.30231],[-102.35448,42.29994],[-102.35597,42.29907],[-102.36063,42.3016],[-102.36135,42.30518],[-102.37326,42.30793],[-102.37552,42.30441],[-102.37985,42.30497],[-102.38717,42.3028],[-102.39135,42.29814],[-102.39326,42.2981],[-102.39478,42.30126],[-102.40487,42.30158],[-102.40611,42.30014],[-102.42398,42.30453],[-102.4249,42.30189],[-102.43292,42.29963],[-102.43934,42.30318],[-102.44093,42.30266],[-102.44062,42.30079],[-102.44727,42.29786],[-102.45182,42.29995],[-102.4582,42.29715],[-102.46235,42.2981],[-102.46855,42.29624],[-102.47018,42.29808],[-102.47531,42.2971],[-102.4745,42.30005],[-102.47578,42.30148],[-102.48466,42.30386],[-102.48517,42.30237],[-102.49517,42.30324],[-102.49629,42.30636],[-102.50208,42.30819],[-102.50327,42.31],[-102.50756,42.30971],[-102.50885,42.30842],[-102.50689,42.30693],[-102.51081,42.3058],[-102.51807,42.31042],[-102.52437,42.30938],[-102.52877,42.31106],[-102.52782,42.3071],[-102.5303,42.30477],[-102.53587,42.30353],[-102.54715,42.31379],[-102.55823,42.31704],[-102.5699,42.3248],[-102.5708,42.33063],[-102.56848,42.33074],[-102.56824,42.33453],[-102.57294,42.33676],[-102.57426,42.33946],[-102.57871,42.34044],[-102.58686,42.33788],[-102.59399,42.34234],[-102.59716,42.3411],[-102.5959,42.33728],[-102.59888,42.33506],[-102.59851,42.33254],[-102.60049,42.33072],[-102.60557,42.33596],[-102.60594,42.34452],[-102.60771,42.34665],[-102.61054,42.347],[-102.61037,42.35306],[-102.61224,42.355],[-102.6195,42.35612],[-102.62218,42.35437],[-102.62575,42.35683],[-102.6304,42.3555],[-102.63299,42.35702],[-102.64334,42.35744],[-102.64152,42.35027],[-102.6437,42.34935],[-102.65755,42.35452],[-102.66131,42.35151],[-102.66731,42.3537],[-102.67122,42.35266],[-102.67247,42.35071],[-102.67908,42.35302],[-102.67888,42.35586],[-102.68166,42.35758],[-102.68649,42.35819],[-102.68599,42.35634],[-102.69215,42.35305],[-102.69188,42.35088],[-102.68643,42.34581],[-102.69852,42.34159],[-102.69867,42.33858],[-102.69627,42.33533],[-102.69895,42.33486],[-102.7009,42.33072],[-102.69526,42.32438],[-102.68745,42.32127],[-102.68054,42.31291],[-102.67826,42.31339],[-102.67848,42.31541],[-102.67054,42.31535],[-102.66741,42.31411],[-102.66638,42.31122],[-102.65197,42.30956],[-102.64959,42.30664],[-102.64555,42.30583],[-102.64591,42.30393],[-102.64192,42.29973],[-102.64661,42.29969],[-102.65014,42.29295],[-102.65287,42.29468],[-102.66741,42.29553],[-102.67049,42.29727],[-102.66894,42.29332],[-102.67064,42.29044],[-102.66955,42.28619],[-102.65701,42.27808],[-102.65325,42.27948],[-102.65365,42.28173],[-102.64779,42.28185],[-102.63551,42.27554],[-102.63539,42.2717],[-102.63101,42.2687],[-102.63581,42.26526],[-102.63014,42.26237],[-102.62517,42.25432],[-102.62533,42.24777],[-102.62258,42.24392],[-102.62622,42.23805],[-102.62424,42.23618],[-102.61754,42.23089],[-102.61598,42.23203],[-102.61459,42.23077],[-102.60414,42.23321],[-102.60246,42.23453],[-102.60367,42.23564],[-102.60239,42.23785],[-102.58487,42.23417],[-102.57596,42.23876],[-102.56286,42.23847],[-102.56019,42.24161],[-102.55129,42.2315],[-102.5565,42.23043],[-102.55492,42.22543],[-102.55883,42.21845],[-102.56624,42.21753],[-102.57126,42.21901],[-102.57442,42.21779],[-102.57626,42.21388],[-102.58041,42.21422],[-102.58403,42.21141],[-102.58888,42.2111],[-102.59141,42.20645],[-102.59105,42.20402],[-102.59572,42.20245],[-102.59473,42.19978],[-102.59597,42.19728],[-102.60214,42.19692],[-102.6,42.19128],[-102.60114,42.19039],[-102.59864,42.18667],[-102.58899,42.17819],[-102.59568,42.17767],[-102.59595,42.1739],[-102.6041,42.17215],[-102.61279,42.17546],[-102.61783,42.17387],[-102.62282,42.17875],[-102.62531,42.17855],[-102.62857,42.18267],[-102.63311,42.18118],[-102.63657,42.18373],[-102.63905,42.19041],[-102.64516,42.19095],[-102.64728,42.19355],[-102.64511,42.19794],[-102.65235,42.20112],[-102.65416,42.20063],[-102.65488,42.1976],[-102.66161,42.20119],[-102.66311,42.20379],[-102.66513,42.20375],[-102.66424,42.20192],[-102.66708,42.20108],[-102.66606,42.19799],[-102.67704,42.19661],[-102.68172,42.18998],[-102.68574,42.18837],[-102.68548,42.18662],[-102.69079,42.18562],[-102.69721,42.18178],[-102.70461,42.18135],[-102.70745,42.18464],[-102.70767,42.19211],[-102.71942,42.19612],[-102.72233,42.19918],[-102.72104,42.20206],[-102.72138,42.20431],[-102.7243,42.20669],[-102.72277,42.20789],[-102.72373,42.21038],[-102.73381,42.2153],[-102.73359,42.2214],[-102.72731,42.22871],[-102.72927,42.23373],[-102.73539,42.23279],[-102.73831,42.2339],[-102.74282,42.23632],[-102.74513,42.2403],[-102.75043,42.23638],[-102.75435,42.23833],[-102.75729,42.23651],[-102.75453,42.23304],[-102.7612,42.2305],[-102.76478,42.23106],[-102.76421,42.22707],[-102.77153,42.22641],[-102.77158,42.21967],[-102.77555,42.21921],[-102.78002,42.22125],[-102.78598,42.22554],[-102.78682,42.22803],[-102.79081,42.22633],[-102.79327,42.22064],[-102.7914,42.21824],[-102.7978,42.21761],[-102.80214,42.21929],[-102.80976,42.22791],[-102.81735,42.23076],[-102.82226,42.22818],[-102.8212,42.2245],[-102.82672,42.21934],[-102.83709,42.21664],[-102.84007,42.21836],[-102.84438,42.21726],[-102.84969,42.21959],[-102.85363,42.22445],[-102.8536,42.22803],[-102.86344,42.23419],[-102.86492,42.23927],[-102.86822,42.24216],[-102.87593,42.24302],[-102.88918,42.24823],[-102.892,42.25023],[-102.89137,42.25331],[-102.89362,42.2542],[-102.92449,42.25287],[-102.94374,42.24957],[-102.95076,42.25402],[-102.95803,42.25067],[-102.96226,42.25058],[-102.97408,42.25649],[-102.98504,42.26626],[-102.99015,42.26672],[-102.99715,42.2712],[-102.99925,42.27445],[-103.0027,42.27543],[-103.00347,42.27811],[-103.01376,42.28185],[-103.02454,42.28339],[-103.02862,42.28627],[-103.03892,42.2896],[-103.04665,42.29662],[-103.05486,42.29809],[-103.06814,42.30559],[-103.07212,42.313],[-103.07268,42.31725],[-103.08913,42.33394],[-103.09684,42.33355],[-103.11518,42.33805],[-103.1227,42.33563],[-103.14525,42.33854],[-103.14664,42.3412],[-103.14594,42.34471],[-103.14897,42.3486],[-103.15452,42.34871],[-103.15812,42.35059],[-103.16572,42.34666],[-103.17351,42.35084],[-103.17896,42.35069],[-103.18486,42.35799],[-103.18717,42.36366],[-103.1929,42.36592],[-103.2027,42.36696],[-103.20472,42.37073],[-103.21083,42.37427],[-103.21989,42.37551],[-103.2275,42.37499],[-103.22871,42.3693],[-103.23207,42.36991],[-103.23535,42.36338],[-103.24049,42.3622],[-103.23889,42.35743],[-103.24929,42.35526],[-103.24942,42.35283],[-103.25778,42.34624],[-103.2777,42.35605],[-103.28352,42.35344],[-103.28855,42.35553],[-103.29182,42.35914],[-103.29972,42.36237],[-103.30278,42.36167],[-103.30485,42.35512],[-103.30346,42.35233],[-103.30684,42.35048],[-103.30786,42.34755],[-103.31339,42.34678],[-103.31662,42.34205],[-103.31719,42.33809],[-103.33057,42.33471],[-103.33766,42.33093],[-103.3493,42.33123],[-103.34851,42.32676],[-103.3517,42.32468],[-103.38405,42.31983],[-103.38621,42.3171],[-103.38797,42.31954],[-103.39803,42.32184],[-103.39792,42.32538],[-103.39969,42.32729],[-103.40888,42.32663],[-103.41485,42.32273],[-103.42215,42.32706],[-103.43277,42.32709],[-103.44088,42.33147],[-103.44385,42.33136],[-103.44492,42.32873],[-103.44234,42.32518],[-103.43758,42.32516],[-103.43529,42.32333],[-103.43583,42.32054],[-103.43287,42.31572],[-103.43303,42.30893],[-103.42981,42.30586],[-103.43252,42.30316],[-103.44681,42.30418],[-103.45247,42.30564],[-103.45525,42.30827],[-103.45969,42.30786],[-103.46556,42.30271],[-103.47515,42.30658],[-103.47714,42.30213],[-103.48893,42.30256],[-103.49241,42.29599],[-103.49671,42.29413],[-103.50161,42.29543],[-103.50634,42.29255],[-103.51118,42.29497],[-103.50987,42.298],[-103.52121,42.29641],[-103.52363,42.29813],[-103.53004,42.29589],[-103.5326,42.29314],[-103.53731,42.2943],[-103.54623,42.29023],[-103.54905,42.28398],[-103.55236,42.28193],[-103.56155,42.28299],[-103.56441,42.28028],[-103.56447,42.27705],[-103.5707,42.27464],[-103.57401,42.27032],[-103.57595,42.27097],[-103.58516,42.2675],[-103.58823,42.26819],[-103.59141,42.27404],[-103.59532,42.27698],[-103.60182,42.27839],[-103.6053,42.28466],[-103.62503,42.29192],[-103.62966,42.28861],[-103.62928,42.28659],[-103.63376,42.2796],[-103.64456,42.27758],[-103.64753,42.27466],[-103.64363,42.26643],[-103.64431,42.26293],[-103.63622,42.25427],[-103.64393,42.25386],[-103.65923,42.25976],[-103.66844,42.25574],[-103.67124,42.25776],[-103.68202,42.25764],[-103.68805,42.25459],[-103.69248,42.2576],[-103.70213,42.25991],[-103.70997,42.25566],[-103.71621,42.25983],[-103.7198,42.25801],[-103.71603,42.25361],[-103.72319,42.25488],[-103.72711,42.25298],[-103.728,42.24932],[-103.71643,42.24011],[-103.71374,42.23336],[-103.71647,42.23134],[-103.70986,42.22627],[-103.70875,42.22424],[-103.71086,42.22379],[-103.7073,42.21879],[-103.71712,42.21847],[-103.71899,42.21715],[-103.72383,42.21884],[-103.72851,42.21502],[-103.73361,42.21471],[-103.73474,42.21598],[-103.73905,42.21303],[-103.74684,42.22388],[-103.75266,42.22818],[-103.75619,42.22827],[-103.75881,42.23368],[-103.76071,42.23392],[-103.76144,42.23189],[-103.76437,42.2325],[-103.76656,42.22856],[-103.77622,42.22929],[-103.77766,42.22728],[-103.77596,42.22278],[-103.77699,42.22098],[-103.7886,42.22216],[-103.78824,42.2196],[-103.7916,42.21678],[-103.79133,42.21542],[-103.78446,42.21081],[-103.78678,42.20834],[-103.78488,42.2045],[-103.7937,42.20003],[-103.80598,42.20489],[-103.81015,42.20405],[-103.81518,42.2126],[-103.8343,42.22152],[-103.83233,42.22357],[-103.83409,42.22491],[-103.84492,42.22686],[-103.85098,42.23267],[-103.85654,42.23367],[-103.86363,42.23004],[-103.86968,42.23312],[-103.87299,42.22909],[-103.87528,42.22905],[-103.8797,42.23114],[-103.88176,42.23416],[-103.89178,42.23662],[-103.89389,42.23983],[-103.8979,42.2417],[-103.89644,42.24478],[-103.90105,42.24832],[-103.89823,42.25403],[-103.89541,42.25586],[-103.89393,42.25954],[-103.8862,42.26171],[-103.88684,42.263],[-103.88499,42.26487],[-103.88896,42.26813],[-103.88716,42.27355],[-103.8904,42.27815],[-103.88305,42.28059],[-103.87847,42.28001],[-103.8794,42.2841],[-103.87613,42.28442],[-103.87349,42.28665],[-103.86863,42.28545],[-103.8678,42.28714],[-103.86292,42.2879],[-103.85875,42.2906],[-103.85008,42.28818],[-103.85082,42.29123],[-103.85618,42.29658],[-103.84616,42.2954],[-103.8461,42.29767],[-103.85202,42.30515],[-103.85125,42.30642],[-103.84618,42.30618],[-103.84382,42.30893],[-103.85266,42.31578],[-103.84563,42.31977],[-103.84252,42.32362],[-103.84183,42.326],[-103.84515,42.33336],[-103.84257,42.33625],[-103.83593,42.33643],[-103.83261,42.33337],[-103.82629,42.33135],[-103.82483,42.33211],[-103.82436,42.34021],[-103.83238,42.34433],[-103.83664,42.34948],[-103.83887,42.35316],[-103.83488,42.35545],[-103.83412,42.35905],[-103.83634,42.3624],[-103.8392,42.36339],[-103.8405,42.36713],[-103.84389,42.36775],[-103.84464,42.37068],[-103.85126,42.37058],[-103.85326,42.37306],[-103.85819,42.37098],[-103.86069,42.37539],[-103.86558,42.37366],[-103.87999,42.38234],[-103.88924,42.38314],[-103.89197,42.38888],[-103.89417,42.38923],[-103.89707,42.39831],[-103.9007,42.39942],[-103.90149,42.40254],[-103.89767,42.40322],[-103.89967,42.40519],[-103.89588,42.40686],[-103.89904,42.41193],[-103.8976,42.41334],[-103.90174,42.41654],[-103.90176,42.42041],[-103.91242,42.41713],[-103.91939,42.41722],[-103.92077,42.41984],[-103.92586,42.42101],[-103.92939,42.42574],[-103.93791,42.4258],[-103.93924,42.42834],[-103.94214,42.42848],[-103.94017,42.42593],[-103.94359,42.42488],[-103.94391,42.42308],[-103.95325,42.42322],[-103.95219,42.42135],[-103.95398,42.42132],[-103.96184,42.42412],[-103.96376,42.42361],[-103.96181,42.42113],[-103.96305,42.42088],[-103.96957,42.42362],[-103.96951,42.42676],[-103.97126,42.42818],[-103.97583,42.42573],[-103.98367,42.42927],[-103.99015,42.42806],[-103.99948,42.42891],[-103.99781,42.42683],[-104.00002,42.42633],[-103.99917,42.42337],[-104.00279,42.42381],[-104.00164,42.4217],[-104.00386,42.42125],[-104.00348,42.41958],[-104.00768,42.41957],[-104.0081,42.41798],[-104.02215,42.42068],[-104.026,42.42046],[-104.03285,42.41705],[-104.0431,42.42032],[-104.05302,42.41882],[-104.06077,42.42281],[-104.06808,42.4214],[-104.07313,42.42617],[-104.08031,42.4287],[-104.08316,42.43229],[-104.08237,42.43523],[-104.09061,42.43905],[-104.08901,42.44177],[-104.0857,42.4416],[-104.08553,42.44333],[-104.08258,42.44375],[-104.08314,42.44885],[-104.0761,42.44822],[-104.07474,42.4495],[-104.0796,42.45248],[-104.08684,42.46134],[-104.09668,42.4668],[-104.10544,42.46559],[-104.11387,42.47053],[-104.11578,42.46991],[-104.11706,42.47055],[-104.11689,42.47492],[-104.1189,42.47692],[-104.12571,42.47653],[-104.13369,42.48232],[-104.14469,42.47992],[-104.14956,42.47675],[-104.15596,42.47636],[-104.15752,42.48223],[-104.16067,42.48561],[-104.15761,42.49051],[-104.16147,42.49549],[-104.16071,42.49854],[-104.16712,42.50399],[-104.16819,42.5068],[-104.17873,42.51208],[-104.18748,42.52017],[-104.20052,42.52706],[-104.19442,42.53261],[-104.19333,42.53865],[-104.20298,42.54554],[-104.21158,42.547],[-104.21229,42.5505],[-104.20779,42.55105],[-104.20761,42.55352],[-104.21297,42.5609],[-104.22417,42.56553],[-104.23159,42.56637],[-104.23654,42.56492],[-104.23519,42.55815],[-104.24441,42.55176],[-104.25026,42.55055],[-104.25324,42.54582],[-104.25543,42.54459],[-104.26622,42.54547],[-104.26504,42.54963],[-104.26802,42.556],[-104.2753,42.5595],[-104.2821,42.5681],[-104.28572,42.56969],[-104.28945,42.57629],[-104.29761,42.57779],[-104.30144,42.58116],[-104.30812,42.58335],[-104.31504,42.59041],[-104.3275,42.59786],[-104.32755,42.60227],[-104.33136,42.60542],[-104.33668,42.60281],[-104.35712,42.61132],[-104.35884,42.61018],[-104.3611,42.61122],[-104.36751,42.61583],[-104.37272,42.62322],[-104.37168,42.62409],[-104.37408,42.62858],[-104.38299,42.63078],[-104.38956,42.63475],[-104.39188,42.63993],[-104.39601,42.64022],[-104.39927,42.64525],[-104.40739,42.64916],[-104.40962,42.64955],[-104.42157,42.64096],[-104.43171,42.64112],[-104.43674,42.64402],[-104.44068,42.63878],[-104.44837,42.64032],[-104.45741,42.63897],[-104.4632,42.64183],[-104.46913,42.64219],[-104.47433,42.64761],[-104.47975,42.64741],[-104.48195,42.64454],[-104.48701,42.64342],[-104.49138,42.64477],[-104.49402,42.64285],[-104.51237,42.64785],[-104.51376,42.64688],[-104.51221,42.6453],[-104.51672,42.64209],[-104.52612,42.63941],[-104.53862,42.64455],[-104.54595,42.64329],[-104.556,42.64499],[-104.5614,42.64316],[-104.56623,42.64997],[-104.57416,42.64837],[-104.577,42.64442],[-104.58202,42.64288],[-104.58435,42.64301],[-104.58742,42.6473],[-104.59064,42.64849],[-104.59555,42.64211],[-104.59839,42.64164],[-104.60368,42.64507],[-104.60337,42.64673],[-104.61145,42.65116],[-104.61491,42.64891],[-104.6188,42.65015],[-104.62108,42.65508],[-104.62815,42.66043],[-104.62951,42.66546],[-104.63327,42.66864],[-104.64637,42.66732],[-104.64912,42.6704],[-104.64751,42.67476],[-104.64969,42.67895],[-104.65766,42.68057],[-104.65898,42.68704],[-104.6547,42.69023],[-104.65233,42.70228],[-104.64988,42.70278],[-104.64911,42.70554],[-104.64068,42.71412],[-104.63387,42.71688],[-104.63219,42.71946],[-104.63829,42.72735],[-104.64328,42.72796],[-104.64663,42.73062],[-104.64594,42.73472],[-104.65081,42.73813],[-104.65025,42.74252],[-104.65779,42.74067],[-104.65925,42.74177],[-104.66069,42.74408],[-104.66006,42.7483],[-104.66504,42.75024],[-104.66651,42.75349],[-104.66464,42.75755],[-104.66889,42.76123],[-104.67507,42.76077],[-104.68057,42.7656],[-104.69184,42.76482],[-104.70866,42.77],[-104.71195,42.77008],[-104.71611,42.76686],[-104.7199,42.76645],[-104.73379,42.77091],[-104.7342,42.76609],[-104.76183,42.7701],[-104.76304,42.76975],[-104.76308,42.76679],[-104.76918,42.76378],[-104.77134,42.76091],[-104.78196,42.75661],[-104.79012,42.76253],[-104.7926,42.76845],[-104.7958,42.77065],[-104.79415,42.7743],[-104.8006,42.78247],[-104.80586,42.78367],[-104.80839,42.78664],[-104.82039,42.78944],[-104.83647,42.79768],[-104.8417,42.8038],[-104.84137,42.80706],[-104.84823,42.81144],[-104.85596,42.82251],[-104.86003,42.82323],[-104.86285,42.82717],[-104.8684,42.83051],[-104.87994,42.83275],[-104.87956,42.8348],[-104.8828,42.83571],[-104.88085,42.84023],[-104.88705,42.84074],[-104.89265,42.84359],[-104.89222,42.84215],[-104.89704,42.83766],[-104.89684,42.8336],[-104.89843,42.83248],[-104.90569,42.8336],[-104.90987,42.82962],[-104.91536,42.83013],[-104.92149,42.82573],[-104.92525,42.82656],[-104.92989,42.81975],[-104.94028,42.81654],[-104.94202,42.81945],[-104.94614,42.81802],[-104.95273,42.81994],[-104.95904,42.81811],[-104.96291,42.81936],[-104.96495,42.81819],[-104.97333,42.81879],[-104.97823,42.82134],[-104.97602,42.82472],[-104.97961,42.8257],[-104.97894,42.8289],[-104.98133,42.83053],[-104.98434,42.83184],[-104.98675,42.82927],[-104.9946,42.82827],[-104.99799,42.82929],[-105.00223,42.83568],[-105.01488,42.8357],[-105.02079,42.83305],[-105.02361,42.83521],[-105.03062,42.8357],[-105.03566,42.83903],[-105.04508,42.83675],[-105.04824,42.83177],[-105.05818,42.83261],[-105.0672,42.83757],[-105.07079,42.84164],[-105.08146,42.84087],[-105.09137,42.84596],[-105.09502,42.84488],[-105.10642,42.84641],[-105.11136,42.84942],[-105.11398,42.8475],[-105.11836,42.84756],[-105.13026,42.85487],[-105.13648,42.85433],[-105.15066,42.86075],[-105.15441,42.86082],[-105.15618,42.86413],[-105.16207,42.86495],[-105.16444,42.86779],[-105.16902,42.866],[-105.17169,42.86797],[-105.18239,42.868],[-105.18676,42.86489],[-105.18755,42.8617],[-105.19218,42.85882],[-105.19861,42.86099],[-105.20343,42.85844],[-105.20742,42.86052],[-105.23033,42.86063],[-105.23354,42.85784],[-105.23648,42.85756],[-105.26078,42.85974],[-105.26369,42.86683],[-105.26985,42.87384],[-105.28445,42.87588],[-105.29078,42.88019],[-105.30403,42.88218],[-105.30825,42.88592],[-105.30746,42.89111],[-105.31486,42.89791],[-105.31335,42.90051],[-105.3142,42.90518],[-105.31782,42.90609],[-105.31992,42.9091],[-105.33006,42.90991],[-105.34587,42.91918],[-105.35017,42.92402],[-105.35952,42.92602],[-105.36602,42.93264],[-105.36579,42.93474],[-105.37187,42.93614],[-105.37631,42.93318],[-105.3914,42.935],[-105.39975,42.93359],[-105.40257,42.93563],[-105.40817,42.93541],[-105.41083,42.93947],[-105.41957,42.94045],[-105.42791,42.94577],[-105.43551,42.94652],[-105.44472,42.95544],[-105.44,42.96712],[-105.44558,42.96917],[-105.45064,42.97772],[-105.47293,42.98497],[-105.48481,42.99151],[-105.49039,42.99661],[-105.51063,43.0049],[-105.51487,43.00864],[-105.52789,43.01284],[-105.53416,43.01322],[-105.55067,43.02006],[-105.5544,43.02089],[-105.56291,43.01855],[-105.56671,43.01901],[-105.57416,43.02319],[-105.58183,43.02345],[-105.58906,43.0263],[-105.59505,43.03068],[-105.60001,43.03973],[-105.61152,43.04519],[-105.61565,43.04934],[-105.61873,43.04708],[-105.62281,43.04714],[-105.6295,43.05145],[-105.63255,43.04835],[-105.64061,43.04917],[-105.64648,43.0542],[-105.6505,43.05302],[-105.65378,43.04973],[-105.65849,43.04884],[-105.66416,43.05507],[-105.67739,43.06147],[-105.67854,43.06647],[-105.68394,43.07098],[-105.69465,43.07439],[-105.70484,43.07356],[-105.71284,43.07666],[-105.71517,43.07957],[-105.721,43.07767],[-105.72831,43.07859],[-105.73432,43.08128],[-105.74754,43.0784],[-105.75908,43.08104],[-105.76836,43.07819],[-105.77198,43.08008],[-105.78472,43.07805],[-105.79938,43.08022],[-105.80328,43.07905],[-105.8139,43.08052],[-105.82436,43.07918],[-105.83194,43.08017],[-105.83491,43.07752],[-105.84456,43.07728],[-105.85567,43.0743],[-105.86117,43.07028],[-105.86534,43.07098],[-105.86866,43.06882],[-105.89569,43.0735],[-105.91058,43.06633],[-105.9108,43.0648],[-105.92263,43.06479],[-105.92442,43.06349],[-105.93092,43.06446],[-105.9358,43.06665],[-105.93512,43.06848],[-105.93984,43.07406],[-105.93935,43.07609],[-105.9491,43.07913],[-105.94848,43.08626],[-105.95259,43.08872],[-105.95082,43.09103],[-105.95229,43.09347],[-105.957,43.09534],[-105.96007,43.09482],[-105.95928,43.09608],[-105.961,43.09734],[-105.96534,43.09868],[-105.95903,43.10443],[-105.9601,43.10741],[-105.96227,43.10832],[-105.96178,43.11058],[-105.96412,43.11185],[-105.96298,43.11442],[-105.9664,43.11502],[-105.96568,43.11628],[-105.96919,43.11769],[-105.97223,43.12612],[-105.97579,43.12845],[-105.97334,43.13568],[-105.97636,43.13863],[-105.98373,43.14169],[-105.98526,43.14431],[-105.99206,43.14661],[-105.99469,43.15088],[-105.99345,43.15353],[-105.99556,43.15416],[-105.99978,43.16115],[-106.0062,43.16173],[-106.01961,43.15854],[-106.02263,43.15672],[-106.02217,43.15422],[-106.03168,43.15492],[-106.03286,43.15179],[-106.03869,43.14961],[-106.04497,43.15039],[-106.04623,43.15228],[-106.05856,43.15258],[-106.06253,43.15511],[-106.06497,43.15359],[-106.07804,43.15849],[-106.08667,43.15219],[-106.08937,43.14786],[-106.08933,43.14511],[-106.09211,43.14363],[-106.09528,43.14556],[-106.09957,43.14221],[-106.1021,43.13541],[-106.1093,43.13506],[-106.11199,43.13676],[-106.12183,43.13662],[-106.12265,43.13856],[-106.12541,43.13868],[-106.12671,43.14105],[-106.12578,43.14319],[-106.12788,43.14503],[-106.12618,43.14844],[-106.12849,43.15188],[-106.13197,43.15228],[-106.13395,43.1581],[-106.14217,43.16071],[-106.15109,43.16056],[-106.15732,43.15793],[-106.16045,43.15911],[-106.16716,43.15823],[-106.17717,43.16285],[-106.19031,43.15588],[-106.20047,43.15401],[-106.20622,43.15012],[-106.22007,43.14561],[-106.22345,43.14775],[-106.22888,43.14693],[-106.23604,43.13773],[-106.2442,43.13465],[-106.24674,43.13071],[-106.24706,43.12389],[-106.25142,43.12128],[-106.26196,43.11885],[-106.26835,43.11259],[-106.27166,43.11147],[-106.27789,43.11066],[-106.27893,43.11227],[-106.29869,43.11766],[-106.30399,43.11617],[-106.31101,43.11777],[-106.31714,43.12134],[-106.32753,43.11662],[-106.33575,43.12032],[-106.33923,43.12512],[-106.34144,43.12522],[-106.34583,43.12151],[-106.35093,43.12152],[-106.35922,43.11612],[-106.36183,43.11692],[-106.36264,43.11957],[-106.36786,43.12079],[-106.37625,43.117],[-106.37854,43.1181],[-106.38573,43.11091],[-106.39364,43.09526],[-106.40076,43.09261],[-106.40946,43.09197],[-106.41305,43.09586],[-106.41561,43.09613],[-106.41519,43.09874],[-106.41711,43.10012],[-106.4199,43.09901],[-106.43156,43.10144],[-106.43169,43.10477],[-106.42978,43.10612],[-106.43286,43.10892],[-106.43187,43.11331],[-106.44025,43.11477],[-106.44458,43.11851],[-106.44995,43.11943],[-106.44983,43.12103],[-106.45355,43.12347],[-106.45277,43.12684],[-106.45484,43.12842],[-106.44547,43.13898],[-106.45494,43.14149],[-106.45523,43.14463],[-106.45697,43.14589],[-106.4681,43.14797],[-106.46683,43.14943],[-106.46866,43.15075],[-106.46547,43.15764],[-106.46998,43.1599],[-106.47021,43.16263],[-106.47475,43.16194],[-106.48091,43.16343],[-106.48119,43.16769],[-106.48264,43.16805],[-106.49854,43.1699],[-106.50171,43.17257],[-106.51423,43.17249],[-106.51652,43.17495],[-106.52316,43.17539],[-106.52862,43.18257],[-106.52698,43.18456],[-106.52842,43.18655],[-106.52714,43.19351],[-106.5253,43.19509],[-106.52957,43.20087],[-106.53498,43.19963],[-106.53697,43.19561],[-106.55393,43.18616],[-106.57139,43.18398],[-106.57913,43.17926],[-106.57933,43.17698],[-106.59686,43.17018],[-106.6087,43.16813],[-106.61215,43.16536],[-106.62057,43.16525],[-106.63018,43.16935],[-106.63883,43.16905],[-106.64674,43.17233],[-106.65515,43.17162],[-106.65978,43.17275],[-106.66057,43.17491],[-106.66272,43.17537],[-106.68241,43.1699],[-106.68553,43.17187],[-106.68529,43.1738],[-106.69032,43.17476],[-106.7191,43.17471],[-106.72411,43.17235],[-106.72139,43.16588],[-106.7255,43.16351],[-106.72579,43.16069],[-106.73353,43.1586],[-106.73663,43.15478],[-106.74413,43.15274],[-106.74966,43.14484],[-106.75572,43.13966],[-106.75351,43.13561],[-106.75578,43.13161],[-106.76333,43.12728],[-106.75988,43.11967],[-106.78278,43.11345],[-106.79011,43.11501],[-106.79392,43.11749],[-106.80092,43.11736],[-106.84257,43.10513],[-106.85365,43.10551],[-106.85906,43.10939],[-106.8719,43.10858],[-106.8787,43.10565],[-106.87907,43.10239],[-106.88643,43.09228],[-106.89277,43.09255],[-106.89608,43.08951],[-106.91156,43.08638],[-106.91789,43.07992],[-106.91826,43.0759],[-106.9262,43.07291],[-106.92782,43.07052],[-106.93801,43.06482],[-106.93274,43.05914],[-106.93395,43.05748],[-106.93202,43.05164],[-106.93326,43.05059],[-106.93939,43.04838],[-106.94175,43.04898],[-106.95031,43.04415],[-106.97585,43.0403],[-106.99161,43.03422],[-106.99212,43.03073],[-106.99621,43.02904],[-106.9927,43.02645],[-106.99187,43.02165],[-106.98823,43.02062],[-106.98742,43.01683],[-106.98282,43.01491],[-106.98292,43.0125],[-106.98051,43.01054],[-106.9877,43.004],[-106.9869,42.9999],[-106.98907,42.9992],[-106.98923,42.99635],[-106.99656,42.99598],[-107.0088,42.98778],[-107.01748,42.99083],[-107.02433,42.98073],[-107.02962,42.98194],[-107.03483,42.97977],[-107.04044,42.98293],[-107.0493,42.98118],[-107.05262,42.97804],[-107.06436,42.97902],[-107.07045,42.97372],[-107.07499,42.97205],[-107.08251,42.96231],[-107.08665,42.96253],[-107.08663,42.9579],[-107.09067,42.95734],[-107.09427,42.9537],[-107.10004,42.95267],[-107.10122,42.94934],[-107.11178,42.94558],[-107.11391,42.94065],[-107.12856,42.93784],[-107.12968,42.93306],[-107.13231,42.93226],[-107.13523,42.92848],[-107.14542,42.92734],[-107.14856,42.92465],[-107.14822,42.92278],[-107.15221,42.92042],[-107.15191,42.91671],[-107.17183,42.90938],[-107.17283,42.90416],[-107.17815,42.89929],[-107.1741,42.89335],[-107.17705,42.89036],[-107.18353,42.88707],[-107.19307,42.88786],[-107.21303,42.88249],[-107.21885,42.87557],[-107.23306,42.86878],[-107.23489,42.86166],[-107.2322,42.85827],[-107.22821,42.85819],[-107.22886,42.85332],[-107.22442,42.85095],[-107.22593,42.84541],[-107.22899,42.84368],[-107.22496,42.84141],[-107.22891,42.83853],[-107.22664,42.83698],[-107.2318,42.83256],[-107.22582,42.82783],[-107.23145,42.82423],[-107.2319,42.82051],[-107.22544,42.81711],[-107.23881,42.80707],[-107.25472,42.80345],[-107.25951,42.79922],[-107.2582,42.79709],[-107.25963,42.79243],[-107.25815,42.79126],[-107.2598,42.78865],[-107.26496,42.78724],[-107.26572,42.78303],[-107.26878,42.78095],[-107.27611,42.77991],[-107.27813,42.77438],[-107.27757,42.76925],[-107.28224,42.76629],[-107.30598,42.77041],[-107.31431,42.77779],[-107.31686,42.77799],[-107.31888,42.7804],[-107.3184,42.78494],[-107.32119,42.78676],[-107.3275,42.78818],[-107.33019,42.7859],[-107.33491,42.78594],[-107.33637,42.78705],[-107.33684,42.79149],[-107.3349,42.79551],[-107.33647,42.7977],[-107.35066,42.79661],[-107.35643,42.803],[-107.35465,42.80637],[-107.34945,42.80851],[-107.35233,42.82173],[-107.37068,42.81504],[-107.37377,42.81325],[-107.37636,42.80863],[-107.38269,42.8107],[-107.38963,42.80672],[-107.39469,42.80679],[-107.39969,42.80333],[-107.40563,42.80246],[-107.41301,42.80527],[-107.41382,42.80931],[-107.42078,42.81072],[-107.43246,42.80506],[-107.43781,42.8054],[-107.44401,42.80314],[-107.44936,42.80863],[-107.4561,42.811],[-107.46054,42.8067],[-107.4639,42.80689],[-107.46823,42.80191],[-107.47245,42.80086],[-107.48357,42.78857],[-107.48439,42.78252],[-107.48945,42.7797],[-107.4922,42.77606],[-107.49721,42.77561],[-107.4985,42.77339],[-107.50393,42.77576],[-107.51167,42.78554],[-107.51789,42.78715],[-107.53569,42.77348],[-107.54836,42.7739],[-107.55062,42.7708],[-107.54883,42.76887],[-107.55345,42.76212],[-107.56401,42.75428],[-107.57235,42.75526],[-107.57541,42.75826],[-107.58537,42.75641],[-107.59509,42.75207],[-107.59776,42.75477],[-107.60047,42.75465],[-107.61647,42.75263],[-107.62239,42.75025],[-107.63074,42.74031],[-107.63466,42.73083],[-107.64135,42.72082],[-107.65232,42.71386],[-107.65279,42.70865],[-107.6742,42.70292],[-107.67248,42.69801],[-107.67524,42.69718],[-107.67737,42.69389],[-107.6757,42.69108],[-107.69254,42.68741],[-107.7045,42.68998],[-107.71268,42.68542],[-107.74125,42.68276],[-107.77862,42.67115],[-107.78734,42.66696],[-107.80064,42.6655],[-107.80265,42.66601],[-107.80306,42.67155],[-107.80571,42.67462],[-107.81076,42.67702],[-107.81351,42.68647],[-107.81864,42.69003],[-107.81637,42.69539],[-107.82434,42.6955],[-107.82564,42.69733],[-107.82464,42.70475],[-107.82971,42.71408],[-107.83197,42.72483],[-107.84662,42.72559],[-107.84783,42.72636],[-107.84684,42.73029],[-107.84336,42.73272],[-107.85041,42.73601],[-107.86084,42.73591],[-107.86754,42.73944],[-107.88481,42.73865],[-107.89311,42.74292],[-107.91257,42.74543],[-107.9161,42.74214],[-107.92706,42.74123],[-107.94109,42.73513],[-107.95196,42.73545],[-107.95668,42.73721],[-107.96309,42.73531],[-107.96753,42.73093],[-107.97361,42.73058],[-107.97917,42.73405],[-107.98693,42.72936],[-107.99222,42.72979],[-107.99843,42.72728],[-108.00189,42.72914],[-108.00441,42.73897],[-108.01005,42.74033],[-108.0146,42.74361],[-108.01982,42.74072],[-108.02499,42.74159],[-108.0328,42.7467],[-108.02526,42.7555],[-108.03012,42.75574],[-108.03327,42.75881],[-108.03603,42.7566],[-108.04242,42.75731],[-108.04994,42.76311],[-108.05978,42.76739],[-108.05899,42.76946],[-108.0602,42.77039],[-108.07055,42.77213],[-108.08716,42.76896],[-108.09011,42.77162],[-108.10794,42.76589],[-108.11222,42.76823],[-108.11512,42.76771],[-108.11677,42.75911],[-108.12204,42.75057],[-108.12207,42.74492],[-108.12756,42.73705],[-108.12952,42.72774],[-108.13373,42.72436],[-108.13337,42.72297],[-108.13762,42.72136],[-108.13929,42.71825],[-108.14636,42.71932],[-108.16359,42.71175],[-108.16654,42.70523],[-108.17305,42.7022],[-108.16991,42.69969],[-108.16935,42.69475],[-108.17302,42.69266],[-108.17511,42.68719],[-108.18661,42.68208],[-108.19617,42.67143],[-108.20189,42.66746],[-108.20621,42.66145],[-108.21387,42.65675],[-108.22001,42.64999],[-108.22775,42.64977],[-108.23246,42.64564],[-108.2447,42.64349],[-108.2465,42.63507],[-108.25082,42.63186],[-108.26427,42.61376],[-108.27218,42.60729],[-108.28116,42.60337],[-108.28234,42.60163],[-108.27788,42.59948],[-108.2775,42.59787],[-108.28242,42.59221],[-108.28621,42.59054],[-108.28563,42.58643],[-108.29275,42.58259],[-108.31073,42.57714],[-108.3109,42.57098],[-108.32069,42.5669],[-108.32115,42.56476],[-108.32635,42.5613],[-108.33777,42.568],[-108.34096,42.56766],[-108.34477,42.56264],[-108.34894,42.56241],[-108.35023,42.55899],[-108.35955,42.55544],[-108.35422,42.55265],[-108.36076,42.54679],[-108.35875,42.54406],[-108.34029,42.53963],[-108.34086,42.53657],[-108.33809,42.53371],[-108.3399,42.52972],[-108.33484,42.52631],[-108.34724,42.51347],[-108.35048,42.50713],[-108.35587,42.50383],[-108.35684,42.49964],[-108.36239,42.49779],[-108.36617,42.49862],[-108.36743,42.49596],[-108.3743,42.49597],[-108.38111,42.4967],[-108.39175,42.50132],[-108.40786,42.50374],[-108.41171,42.50202],[-108.41842,42.50212],[-108.42167,42.49932],[-108.42824,42.50108],[-108.43274,42.49482],[-108.43742,42.49255],[-108.43995,42.49292],[-108.44799,42.48778],[-108.45006,42.48463],[-108.46516,42.48707],[-108.47069,42.48179],[-108.48356,42.4842],[-108.4878,42.48165],[-108.4995,42.48272],[-108.50403,42.47248],[-108.50194,42.46985],[-108.50282,42.46832],[-108.50707,42.46771],[-108.50939,42.47034],[-108.51526,42.47268],[-108.52991,42.4768],[-108.53419,42.47178],[-108.53884,42.47241],[-108.54626,42.4762],[-108.5548,42.47412],[-108.55745,42.4731],[-108.5564,42.47034],[-108.55799,42.46648],[-108.56126,42.46591],[-108.57211,42.46935],[-108.58389,42.47071],[-108.58814,42.47926],[-108.58107,42.48778],[-108.58001,42.49359],[-108.59585,42.49264],[-108.60588,42.49588],[-108.61426,42.49392],[-108.6237,42.49652],[-108.63329,42.49682],[-108.63493,42.49407],[-108.63925,42.49443],[-108.64915,42.49073],[-108.65202,42.49162],[-108.65289,42.49591],[-108.66364,42.49482],[-108.6657,42.49823],[-108.67283,42.50205],[-108.67699,42.50109],[-108.68667,42.50589],[-108.68709,42.50854],[-108.69021,42.51114],[-108.69134,42.51872],[-108.68986,42.52517],[-108.69155,42.52791],[-108.69867,42.52922],[-108.7079,42.53639],[-108.71665,42.53923],[-108.72087,42.54814],[-108.73235,42.54571],[-108.74537,42.5543],[-108.76234,42.55181],[-108.76522,42.55784],[-108.76814,42.55994],[-108.77438,42.56076],[-108.78104,42.5588],[-108.78677,42.566],[-108.80039,42.57203],[-108.80828,42.56948],[-108.80502,42.57793],[-108.80894,42.57975],[-108.81338,42.57888],[-108.81489,42.58005],[-108.8169,42.57729],[-108.81979,42.57662],[-108.83127,42.58036],[-108.83722,42.57784],[-108.84327,42.57178],[-108.85155,42.57248],[-108.85218,42.57478],[-108.86895,42.5705],[-108.87469,42.56726],[-108.87764,42.56112],[-108.86922,42.55206],[-108.87125,42.55008],[-108.87831,42.54968],[-108.88718,42.55122],[-108.89333,42.55876],[-108.90036,42.56115],[-108.90569,42.56061],[-108.91063,42.5636],[-108.9151,42.56301],[-108.9258,42.56667],[-108.93129,42.57052],[-108.95949,42.56851],[-108.97132,42.57098],[-108.97172,42.573],[-108.97566,42.57556],[-108.97475,42.57942],[-108.97811,42.58216],[-108.97698,42.58542],[-108.98174,42.59424],[-108.9842,42.59502],[-108.98666,42.60046],[-108.98441,42.60231],[-108.98794,42.60615],[-108.99179,42.61501],[-109.01418,42.61639],[-109.01683,42.61971],[-109.01665,42.62212],[-109.01277,42.62466],[-109.01552,42.62652],[-109.01487,42.62987],[-109.02426,42.63414],[-109.02346,42.63538],[-109.02519,42.63749],[-109.0299,42.63824],[-109.03341,42.64223],[-109.03708,42.64331],[-109.03861,42.64613],[-109.04793,42.64687],[-109.05145,42.6515],[-109.04948,42.65382],[-109.05197,42.65763],[-109.06185,42.65732],[-109.06417,42.65281],[-109.06965,42.65324],[-109.07648,42.6563],[-109.07823,42.65544],[-109.07762,42.64929],[-109.08582,42.64884],[-109.09406,42.64194],[-109.10816,42.65146],[-109.11342,42.6519],[-109.117,42.65811],[-109.11471,42.66331],[-109.11875,42.66636],[-109.12203,42.6653],[-109.12418,42.67004],[-109.12683,42.67069],[-109.12562,42.67232],[-109.12776,42.675],[-109.12891,42.68637],[-109.13435,42.69377],[-109.13379,42.69923],[-109.13736,42.7053],[-109.12864,42.70835],[-109.13168,42.71027],[-109.13405,42.71813],[-109.13651,42.7184],[-109.13668,42.72092],[-109.14766,42.72771],[-109.14311,42.73328],[-109.13268,42.73342],[-109.13241,42.73711],[-109.141,42.73893],[-109.14546,42.74275],[-109.16029,42.74353],[-109.16064,42.74798],[-109.16761,42.74803],[-109.17962,42.75115],[-109.1791,42.75519],[-109.18233,42.75586],[-109.18655,42.7621],[-109.19575,42.76836],[-109.21031,42.77017],[-109.21338,42.76678],[-109.21497,42.76177],[-109.21748,42.76031],[-109.22908,42.76456],[-109.23215,42.76786],[-109.23617,42.76843],[-109.23662,42.77851],[-109.23289,42.78043],[-109.23299,42.78286],[-109.22814,42.78666],[-109.22602,42.79116],[-109.21981,42.79038],[-109.21036,42.79302],[-109.21227,42.79784],[-109.21597,42.80086],[-109.23127,42.80374],[-109.23432,42.80526],[-109.23625,42.80916],[-109.24064,42.80853],[-109.24365,42.80535],[-109.24823,42.80694],[-109.2603,42.81568],[-109.26358,42.82365],[-109.26961,42.82508],[-109.27145,42.83213],[-109.27737,42.83652],[-109.28145,42.84325],[-109.27891,42.84582],[-109.28323,42.84821],[-109.28576,42.84621],[-109.29224,42.84585],[-109.30011,42.84959],[-109.30133,42.85177],[-109.31787,42.85768],[-109.32063,42.86227],[-109.32414,42.86413],[-109.32744,42.87317],[-109.33094,42.87504],[-109.32954,42.87676],[-109.33004,42.88192],[-109.33175,42.88317],[-109.33231,42.89545],[-109.33956,42.89818],[-109.34611,42.91766],[-109.34547,42.91911],[-109.35642,42.92459],[-109.35927,42.93267],[-109.37078,42.94553],[-109.38429,42.93918],[-109.39125,42.94038],[-109.39792,42.93921],[-109.40126,42.94398],[-109.39995,42.94578],[-109.40516,42.95054],[-109.41113,42.9552],[-109.429,42.96068],[-109.4278,42.96216],[-109.43123,42.96402],[-109.43318,42.96866],[-109.44041,42.96754],[-109.44363,42.9704],[-109.45113,42.97127],[-109.45399,42.97003],[-109.45542,42.97479],[-109.46001,42.97753],[-109.46304,42.98184],[-109.45975,42.98298],[-109.45964,42.98735],[-109.46691,42.99202],[-109.4714,42.9902],[-109.47457,42.99365],[-109.48094,42.99475],[-109.48438,42.99347],[-109.49201,42.9953],[-109.49415,43.00093],[-109.50205,43.01023],[-109.50596,43.01063],[-109.50822,43.00873],[-109.5101,43.00942],[-109.51523,43.00727],[-109.51776,43.0111],[-109.523,43.00926],[-109.5292,43.01386],[-109.54072,43.01264],[-109.5434,43.01039],[-109.55241,43.01244],[-109.5557,43.02211],[-109.55383,43.02531],[-109.55583,43.027],[-109.55413,43.03267],[-109.54934,43.03759],[-109.55419,43.04039],[-109.56097,43.03968],[-109.55877,43.0443],[-109.55964,43.04788],[-109.56454,43.04652],[-109.57061,43.04961],[-109.56279,43.05116],[-109.55287,43.05885],[-109.55229,43.06001],[-109.55462,43.06226],[-109.55156,43.06719],[-109.55336,43.07255],[-109.55867,43.07452],[-109.56165,43.0775],[-109.56039,43.08297],[-109.56581,43.08526],[-109.57009,43.09177],[-109.5683,43.09424],[-109.57075,43.10004],[-109.58079,43.10092],[-109.58512,43.109],[-109.59676,43.11884],[-109.60294,43.11884],[-109.61247,43.12529],[-109.61706,43.12446],[-109.62103,43.12591],[-109.62488,43.13351],[-109.62383,43.13668],[-109.6262,43.13809],[-109.63094,43.14888],[-109.62915,43.15204],[-109.63074,43.15484],[-109.63022,43.16306],[-109.63434,43.16568],[-109.6439,43.16193],[-109.65084,43.16643],[-109.65576,43.17544],[-109.65454,43.18059],[-109.65576,43.1821],[-109.65403,43.18472],[-109.66062,43.19929],[-109.65932,43.20231],[-109.66494,43.20366],[-109.66469,43.20582],[-109.67077,43.20976],[-109.67084,43.21255],[-109.6762,43.21481],[-109.67486,43.22135],[-109.67599,43.22381],[-109.67043,43.22822],[-109.67276,43.23381],[-109.67779,43.23598],[-109.677,43.2445],[-109.67414,43.24776],[-109.67697,43.24827],[-109.68221,43.25487],[-109.68276,43.25932],[-109.69299,43.26506],[-109.68355,43.26898],[-109.67873,43.27331],[-109.67923,43.27574],[-109.68548,43.28186],[-109.68549,43.28566],[-109.6812,43.28664],[-109.67984,43.28886],[-109.68141,43.29342],[-109.67352,43.29691],[-109.67189,43.301],[-109.67408,43.30475],[-109.67205,43.30852],[-109.67765,43.3137],[-109.67916,43.31767],[-109.68606,43.31845],[-109.69375,43.32455],[-109.69858,43.33076],[-109.70153,43.34055],[-109.69513,43.34843],[-109.69482,43.3574],[-109.6965,43.35906],[-109.69375,43.36515],[-109.70463,43.36876],[-109.70816,43.37424],[-109.71063,43.3744],[-109.72946,43.36878],[-109.73422,43.36553],[-109.75857,43.36611],[-109.76126,43.3673],[-109.76988,43.37834],[-109.77756,43.38089],[-109.78696,43.39137],[-109.78536,43.39354],[-109.78889,43.39892],[-109.78831,43.40396],[-109.78725,43.40475],[-109.78171,43.40225],[-109.77968,43.39897],[-109.77625,43.39948],[-109.76525,43.40765],[-109.76627,43.4101],[-109.76497,43.413],[-109.76674,43.41551],[-109.76257,43.41849],[-109.77217,43.42318],[-109.76263,43.42895],[-109.76296,43.43528],[-109.76652,43.43797],[-109.76683,43.44062],[-109.77144,43.44546],[-109.77317,43.4467],[-109.78022,43.44623],[-109.78883,43.45634],[-109.79983,43.46521],[-109.80646,43.46431],[-109.81088,43.46621],[-109.82269,43.46076],[-109.82962,43.46532],[-109.83217,43.46398],[-109.83614,43.46586],[-109.83823,43.46844],[-109.84758,43.46925],[-109.8497,43.47154],[-109.85484,43.47236],[-109.86444,43.47238],[-109.87502,43.48137],[-109.88798,43.4829],[-109.88577,43.48666],[-109.89444,43.4902],[-109.89919,43.49068],[-109.89983,43.48656],[-109.90159,43.48519],[-109.9111,43.48263],[-109.90982,43.47704],[-109.91616,43.4724],[-109.92396,43.47338],[-109.93864,43.47202],[-109.9454,43.46861],[-109.94878,43.4727],[-109.9475,43.47549],[-109.94967,43.47885],[-109.94801,43.48409],[-109.9488,43.48649],[-109.95572,43.49137],[-109.95655,43.4949],[-109.95383,43.49843],[-109.94912,43.49945],[-109.94883,43.50686],[-109.94478,43.51214],[-109.94416,43.51688],[-109.94004,43.51952],[-109.93935,43.52581],[-109.95253,43.53675],[-109.95155,43.54117],[-109.95389,43.54436],[-109.96826,43.55154],[-109.98685,43.55218],[-109.99822,43.55637],[-110.01058,43.56578],[-110.02258,43.56854],[-110.02778,43.57713],[-110.03085,43.57913],[-110.04489,43.58071],[-110.04852,43.58732],[-110.05433,43.58842],[-110.06226,43.58566],[-110.0627,43.59069],[-110.06075,43.59436],[-110.06409,43.59755],[-110.06362,43.5992],[-110.05559,43.60108],[-110.0521,43.60537],[-110.04556,43.60861],[-110.03939,43.60871],[-110.0306,43.61405],[-110.03031,43.61758],[-110.02873,43.61843],[-110.03819,43.62529],[-110.04427,43.62773],[-110.05099,43.62513],[-110.05785,43.62874],[-110.05909,43.63117],[-110.05703,43.6357],[-110.05882,43.64108],[-110.06257,43.64335],[-110.06319,43.64652],[-110.06099,43.64957],[-110.06535,43.6582],[-110.06306,43.66076],[-110.05919,43.66075],[-110.05378,43.66416],[-110.03501,43.66959],[-110.02911,43.67659],[-110.02554,43.67512],[-110.0242,43.6777],[-110.02917,43.6809],[-110.03419,43.6765],[-110.04082,43.67694],[-110.04171,43.68175],[-110.03954,43.68786],[-110.049,43.69191],[-110.05022,43.69596],[-110.04851,43.69949],[-110.05215,43.70349],[-110.04763,43.70927],[-110.04799,43.71181],[-110.0456,43.71325],[-110.05045,43.71544],[-110.05165,43.71908],[-110.05562,43.71993],[-110.05847,43.72833],[-110.06334,43.73173],[-110.07429,43.73355],[-110.08167,43.73809],[-110.08365,43.74139],[-110.08305,43.74561],[-110.08431,43.74737],[-110.07999,43.74984],[-110.08085,43.75338],[-110.07696,43.75223],[-110.07019,43.75437],[-110.06735,43.75253],[-110.05763,43.75843],[-110.04397,43.75528],[-110.04092,43.76421],[-110.04081,43.7692],[-110.03488,43.77543],[-110.03614,43.78282],[-110.03315,43.78349],[-110.02622,43.78914],[-110.026,43.79229],[-110.02748,43.79337],[-110.02653,43.79507],[-110.02852,43.79841],[-110.02058,43.79844],[-110.01796,43.79491],[-110.01303,43.79706],[-110.01141,43.79518],[-110.00644,43.79777],[-110.00096,43.79338],[-109.98779,43.79321],[-109.9831,43.7913],[-109.97873,43.79264],[-109.96924,43.79168],[-109.9626,43.78885],[-109.96123,43.79151],[-109.95824,43.79182],[-109.9554,43.79624],[-109.95232,43.79686],[-109.9473,43.80115],[-109.94266,43.80208],[-109.93334,43.79881],[-109.93202,43.80064],[-109.93013,43.80018],[-109.92848,43.80499],[-109.92349,43.80702],[-109.90525,43.80826],[-109.90432,43.80739],[-109.90599,43.80573],[-109.90463,43.80315],[-109.89642,43.80384],[-109.89038,43.80615],[-109.88119,43.80509],[-109.88804,43.81537],[-109.88767,43.82561],[-109.88176,43.82357],[-109.86846,43.82791],[-109.85756,43.82779],[-109.85422,43.83628],[-109.85047,43.83727],[-109.85701,43.84326],[-109.85449,43.84872],[-109.84783,43.85292],[-109.84089,43.85261],[-109.83554,43.85514],[-109.82559,43.85526],[-109.81365,43.86168],[-109.82049,43.86685],[-109.82873,43.86689],[-109.83174,43.87158],[-109.83083,43.87422],[-109.82591,43.87534],[-109.81777,43.88],[-109.81635,43.88233],[-109.82271,43.8872],[-109.82692,43.88711],[-109.82997,43.88931],[-109.83215,43.8948],[-109.83707,43.89456],[-109.84668,43.90015],[-109.85911,43.90066],[-109.84754,43.90828],[-109.85024,43.9123],[-109.84911,43.91963],[-109.85418,43.92344],[-109.85326,43.92574],[-109.85801,43.92488],[-109.87236,43.92801],[-109.87456,43.93332],[-109.86697,43.93924],[-109.85823,43.94262],[-109.85819,43.94827],[-109.85488,43.95116],[-109.85905,43.95776],[-109.88421,43.94841],[-109.92226,43.94581],[-109.92793,43.95025],[-109.93308,43.95076],[-109.93543,43.95498],[-109.94018,43.95858],[-109.9437,43.95767],[-109.9556,43.9641],[-109.95864,43.96436],[-109.96704,43.96116],[-109.97281,43.95495],[-109.98165,43.95458],[-109.98962,43.94911],[-109.99413,43.94954],[-109.99965,43.95208],[-110.00215,43.95588],[-110.00006,43.96195],[-110.00163,43.96687],[-110.01733,43.96703],[-110.01858,43.96841],[-110.01915,43.98048],[-110.02411,43.98301],[-110.02408,43.9863],[-110.0331,43.997],[-110.03116,44.00057],[-110.03533,44.00312],[-110.04315,44.00448],[-110.05065,44.00924],[-110.05703,44.00662],[-110.06174,44.00234],[-110.07028,44.00195],[-110.07958,43.9969],[-110.08605,43.99807],[-110.09232,43.99608],[-110.10864,43.99666],[-110.1134,43.9991],[-110.12771,44.0011],[-110.13513,44.01026],[-110.14739,44.01108],[-110.15363,44.01392],[-110.15854,44.01817],[-110.1611,44.02287],[-110.16163,44.03258],[-110.17556,44.04288],[-110.17575,44.04941],[-110.18067,44.06211],[-110.17882,44.06949],[-110.1807,44.07297],[-110.17678,44.07875],[-110.18104,44.08237],[-110.18962,44.07813],[-110.19866,44.08426],[-110.19529,44.0965],[-110.20404,44.10799],[-110.20164,44.11133],[-110.20214,44.11302],[-110.19343,44.11713],[-110.19164,44.12934],[-110.18524,44.13167],[-110.18472,44.13861],[-110.18778,44.14078],[-110.19439,44.13511],[-110.20128,44.13334],[-110.20625,44.13399],[-110.20569,44.13718],[-110.20867,44.13939],[-110.205,44.14485],[-110.20818,44.14824],[-110.21289,44.1486],[-110.21617,44.15474],[-110.21584,44.157],[-110.21225,44.15882],[-110.20794,44.16753],[-110.20511,44.16948],[-110.20016,44.17752],[-110.19285,44.1805],[-110.18478,44.17961],[-110.17975,44.18113],[-110.18084,44.18326],[-110.18824,44.18479],[-110.2037,44.18099],[-110.206,44.18424],[-110.20631,44.18273],[-110.21669,44.18275],[-110.23522,44.17362],[-110.23623,44.18053],[-110.23001,44.18561],[-110.23076,44.18686],[-110.25441,44.18014],[-110.25856,44.18926],[-110.26973,44.18664],[-110.27474,44.18952],[-110.27944,44.18655],[-110.28126,44.18703],[-110.28429,44.1899],[-110.28452,44.1932],[-110.29463,44.20339],[-110.29861,44.20176],[-110.30096,44.20386],[-110.31637,44.20268],[-110.31383,44.20561],[-110.31431,44.20996],[-110.32159,44.21331],[-110.3231,44.21691],[-110.32217,44.22184],[-110.33019,44.23205],[-110.33555,44.22911],[-110.33402,44.2256],[-110.34053,44.22257],[-110.34468,44.21689],[-110.34821,44.21541],[-110.36288,44.21626],[-110.37738,44.22023],[-110.39069,44.21719],[-110.38646,44.22117],[-110.38746,44.23061],[-110.38516,44.2327],[-110.37973,44.2338],[-110.37493,44.2403],[-110.38224,44.25078],[-110.38026,44.25473],[-110.38051,44.25918],[-110.39076,44.25774],[-110.38549,44.26403],[-110.38865,44.26832],[-110.3826,44.27424],[-110.37374,44.27703],[-110.37407,44.2805],[-110.36721,44.28879],[-110.36108,44.28973],[-110.3551,44.29376],[-110.3618,44.3037],[-110.36204,44.30551],[-110.35936,44.30644],[-110.35962,44.30839],[-110.36446,44.30901],[-110.37778,44.32026],[-110.38416,44.32219],[-110.39163,44.3358],[-110.39539,44.33664],[-110.39802,44.33957],[-110.40353,44.34078],[-110.40896,44.3456],[-110.43073,44.34993],[-110.4348,44.34888],[-110.43397,44.34754],[-110.43649,44.34232],[-110.44178,44.33752],[-110.45373,44.33],[-110.46461,44.33789],[-110.47005,44.3372],[-110.47445,44.34322],[-110.48333,44.34866],[-110.48542,44.34537],[-110.48999,44.34318],[-110.48905,44.3406],[-110.4917,44.33847],[-110.49656,44.33851],[-110.50821,44.333],[-110.51302,44.33345],[-110.51905,44.33751],[-110.52139,44.33249],[-110.53581,44.32699],[-110.53885,44.3295],[-110.54877,44.33103],[-110.55554,44.3342],[-110.55579,44.3418],[-110.56749,44.33989],[-110.57406,44.35391],[-110.57875,44.35304],[-110.57995,44.35601],[-110.58814,44.35981],[-110.58609,44.36209],[-110.59724,44.36594],[-110.599,44.3689],[-110.5969,44.37144],[-110.60124,44.37301],[-110.6064,44.37179],[-110.60511,44.37359],[-110.60716,44.37669],[-110.60455,44.3785],[-110.6079,44.38049],[-110.6125,44.38001],[-110.6126,44.38235],[-110.61016,44.38322],[-110.61347,44.38779],[-110.61566,44.38804],[-110.6191,44.38457],[-110.62551,44.38609],[-110.62667,44.38864],[-110.63077,44.39024],[-110.62666,44.3959],[-110.63251,44.39914],[-110.6329,44.40102],[-110.6444,44.40392],[-110.65355,44.41165],[-110.65962,44.41165],[-110.66663,44.41536],[-110.66359,44.41979],[-110.66567,44.425],[-110.66234,44.42232],[-110.6522,44.42587],[-110.64995,44.429],[-110.6471,44.42922],[-110.64402,44.42729],[-110.64128,44.43328],[-110.64296,44.43555],[-110.63907,44.43964],[-110.63876,44.44258],[-110.63649,44.442],[-110.62555,44.44618],[-110.62363,44.44366],[-110.61656,44.44284],[-110.61601,44.44422],[-110.61883,44.44785],[-110.61502,44.45015],[-110.61579,44.45335],[-110.62635,44.45386],[-110.62608,44.45697],[-110.61816,44.46223],[-110.61844,44.46434],[-110.62354,44.46773],[-110.62207,44.47139],[-110.61604,44.47069],[-110.60994,44.47227],[-110.60897,44.47541],[-110.61304,44.47999],[-110.61932,44.48169],[-110.634,44.48128],[-110.6344,44.48371],[-110.63998,44.48418],[-110.63922,44.48529],[-110.64789,44.49073],[-110.65481,44.48821],[-110.65734,44.48932],[-110.66318,44.48517],[-110.6686,44.48571],[-110.66979,44.48242],[-110.6787,44.47859],[-110.68604,44.48012],[-110.68627,44.48231],[-110.69009,44.48348],[-110.70707,44.48662],[-110.70772,44.48468],[-110.71054,44.48477],[-110.71595,44.487],[-110.72459,44.48317],[-110.72352,44.48141],[-110.72714,44.47867],[-110.73036,44.4794],[-110.73042,44.47763],[-110.73825,44.47707],[-110.73832,44.4732],[-110.74506,44.46668],[-110.73914,44.46016],[-110.73297,44.4592],[-110.73178,44.45798],[-110.73276,44.4547],[-110.72902,44.45307],[-110.72807,44.45071],[-110.7199,44.44644],[-110.72363,44.44485],[-110.72382,44.44281],[-110.71831,44.44094],[-110.72105,44.43791],[-110.71887,44.43475],[-110.72383,44.43329],[-110.72451,44.43136],[-110.72071,44.42643],[-110.71983,44.42262],[-110.72244,44.42092],[-110.72779,44.42145],[-110.73421,44.41726],[-110.74129,44.41823],[-110.74326,44.41715],[-110.7405,44.41615],[-110.74036,44.4133],[-110.74283,44.41424],[-110.75084,44.40616],[-110.76539,44.40382],[-110.76848,44.40106],[-110.7735,44.40049],[-110.77456,44.40333],[-110.77742,44.40284],[-110.77686,44.4009],[-110.78185,44.40372],[-110.78476,44.40262],[-110.7898,44.40354],[-110.78864,44.40203],[-110.79287,44.40196],[-110.79472,44.39947],[-110.80275,44.39564],[-110.80201,44.39262],[-110.80809,44.38808],[-110.81588,44.39185],[-110.81798,44.39152],[-110.81924,44.38798],[-110.81824,44.38459],[-110.82692,44.37829],[-110.83133,44.37913],[-110.84068,44.37559],[-110.84412,44.37742],[-110.84594,44.37663],[-110.84874,44.36965],[-110.84619,44.36722],[-110.85309,44.36428],[-110.85147,44.35931],[-110.84109,44.35243],[-110.8385,44.35276],[-110.83186,44.34296],[-110.83498,44.34152],[-110.83971,44.34206],[-110.84255,44.34526],[-110.8502,44.34549],[-110.86033,44.34318],[-110.86758,44.34362],[-110.8765,44.33931],[-110.88409,44.3473],[-110.88773,44.35299],[-110.88694,44.35462],[-110.89054,44.35505],[-110.8971,44.36066],[-110.89892,44.3663],[-110.90542,44.36775],[-110.90758,44.37485],[-110.9123,44.37911],[-110.91455,44.38399],[-110.91703,44.38598],[-110.92507,44.3878],[-110.92479,44.39532],[-110.92953,44.39549],[-110.93406,44.39959],[-110.94207,44.40253],[-110.94766,44.41238],[-110.95311,44.41547],[-110.95866,44.42429],[-110.9638,44.42689],[-110.96424,44.42807],[-110.95999,44.43261],[-110.96276,44.43564],[-110.96113,44.44127],[-110.96257,44.44462],[-110.96531,44.44544],[-110.97016,44.44269],[-110.97858,44.44926],[-110.98418,44.44805],[-110.99678,44.45281],[-110.99847,44.45717],[-110.99383,44.46126],[-110.99958,44.46321],[-111.00406,44.4627],[-111.02167,44.46586],[-111.02472,44.46334],[-111.03243,44.46615],[-111.03589,44.47038],[-111.04649,44.47764],[-111.04865,44.47692],[-111.04931,44.47338],[-111.05907,44.47872],[-111.06368,44.47898],[-111.06539,44.47703],[-111.07617,44.48198],[-111.08025,44.4813],[-111.09453,44.48526],[-111.09608,44.48703],[-111.10695,44.48879],[-111.11551,44.49493],[-111.12565,44.4962],[-111.13385,44.50847],[-111.13287,44.51167],[-111.13477,44.51264],[-111.13397,44.51486],[-111.14226,44.51774],[-111.14656,44.52158],[-111.15663,44.52452],[-111.1489,44.5306],[-111.14969,44.53623],[-111.15955,44.53823],[-111.16091,44.54006],[-111.15965,44.543],[-111.168,44.54754],[-111.17656,44.55137],[-111.18228,44.55116],[-111.18773,44.55618],[-111.18491,44.55698],[-111.18677,44.5593],[-111.18453,44.56077],[-111.1873,44.56236],[-111.19242,44.57138],[-111.20477,44.57684],[-111.20924,44.57517],[-111.21936,44.57536],[-111.22759,44.57749],[-111.22992,44.58104],[-111.23082,44.58803],[-111.23479,44.59119],[-111.23141,44.59499],[-111.23267,44.59955],[-111.23624,44.60179],[-111.2345,44.6032],[-111.23548,44.6058],[-111.24126,44.61413],[-111.22557,44.61843],[-111.21944,44.62235],[-111.22684,44.62667],[-111.22642,44.62835],[-111.24338,44.64387],[-111.25046,44.64582],[-111.25282,44.65099],[-111.27028,44.64667],[-111.27862,44.65129],[-111.28041,44.65514],[-111.27529,44.65692],[-111.27194,44.66243],[-111.26756,44.66418],[-111.26655,44.66742],[-111.27672,44.67553],[-111.27633,44.67816],[-111.27818,44.68136],[-111.28822,44.68608],[-111.29075,44.68592],[-111.29652,44.69098],[-111.29735,44.69376],[-111.29488,44.69956],[-111.29635,44.70221],[-111.32236,44.7183],[-111.32294,44.72751],[-111.32453,44.72958],[-111.33688,44.733],[-111.34821,44.72541],[-111.35271,44.72602],[-111.36576,44.73745],[-111.36641,44.74269],[-111.37491,44.74825],[-111.37473,44.75046],[-111.38501,44.755],[-111.39288,44.75195],[-111.39765,44.74644],[-111.3946,44.74488],[-111.39519,44.73908],[-111.39926,44.73421],[-111.39682,44.72817],[-111.398,44.72366],[-111.4045,44.72107],[-111.40764,44.71634],[-111.41558,44.71077],[-111.41749,44.7127],[-111.42442,44.71411],[-111.42609,44.71801],[-111.42995,44.72041],[-111.42867,44.72333],[-111.42961,44.72825],[-111.43263,44.73241],[-111.43889,44.73638],[-111.436,44.7409],[-111.44044,44.74595],[-111.44355,44.75419],[-111.4508,44.75911],[-111.45802,44.7616],[-111.47121,44.76148],[-111.48074,44.77472],[-111.4899,44.7735],[-111.49547,44.77559],[-111.50022,44.77409],[-111.5058,44.77537],[-111.51235,44.77339],[-111.51709,44.77727],[-111.51957,44.77746],[-111.53083,44.77447],[-111.53698,44.77805],[-111.55261,44.77936],[-111.55522,44.78818],[-111.55168,44.79935],[-111.5577,44.80781],[-111.56701,44.81468],[-111.57427,44.82398],[-111.58025,44.82441],[-111.58614,44.82317],[-111.58929,44.81937],[-111.59391,44.82102],[-111.59842,44.81732],[-111.60024,44.81528],[-111.60138,44.80898],[-111.60568,44.80661],[-111.60549,44.80146],[-111.61176,44.79302],[-111.6118,44.79076],[-111.60781,44.78844],[-111.60698,44.7854],[-111.615,44.78578],[-111.62193,44.78276],[-111.62197,44.77781],[-111.62858,44.77442],[-111.6269,44.77069],[-111.63426,44.76637],[-111.63631,44.75867],[-111.62933,44.75512],[-111.63026,44.75342],[-111.62794,44.74705],[-111.62859,44.74509],[-111.62523,44.73849],[-111.62807,44.73141],[-111.62536,44.72743],[-111.63268,44.72662],[-111.63625,44.72466],[-111.64433,44.72495],[-111.65107,44.72049],[-111.65202,44.71712],[-111.64876,44.71323],[-111.63899,44.70726],[-111.63312,44.70621],[-111.61582,44.71293],[-111.60527,44.71004],[-111.60303,44.7119],[-111.59606,44.71084],[-111.59739,44.70656],[-111.59458,44.7035],[-111.59864,44.70073],[-111.60187,44.69511],[-111.59424,44.68734],[-111.59404,44.67556],[-111.592,44.67278],[-111.59231,44.66982],[-111.59455,44.66764],[-111.59402,44.66587],[-111.58809,44.66367],[-111.58147,44.66448],[-111.57725,44.66212],[-111.5709,44.66123],[-111.56922,44.65733],[-111.55479,44.65399],[-111.54207,44.64674],[-111.52194,44.6467],[-111.5165,44.64422],[-111.51648,44.64098],[-111.51171,44.63883],[-111.50989,44.63394],[-111.50342,44.62942],[-111.5024,44.62649],[-111.50803,44.6251],[-111.51669,44.62007],[-111.51898,44.61598],[-111.52297,44.61361],[-111.52155,44.60953],[-111.5258,44.60427],[-111.52308,44.60404],[-111.52064,44.60152],[-111.52471,44.59737],[-111.52385,44.59265],[-111.52254,44.58994],[-111.5196,44.58862],[-111.51915,44.58371],[-111.51711,44.5816],[-111.50638,44.57679],[-111.50101,44.57133],[-111.50276,44.56874],[-111.50971,44.5663],[-111.50782,44.56219],[-111.49156,44.56079],[-111.47825,44.55337],[-111.47584,44.55439],[-111.47556,44.55622],[-111.46973,44.55761],[-111.46808,44.55485],[-111.46916,44.55293],[-111.46762,44.54441],[-111.46368,44.54139],[-111.46811,44.53896],[-111.47874,44.54182],[-111.49068,44.54042],[-111.49943,44.54197],[-111.50719,44.53643],[-111.51266,44.53593],[-111.51719,44.53868],[-111.51844,44.54329],[-111.52478,44.54845],[-111.53924,44.55137],[-111.54353,44.55333],[-111.54713,44.55727],[-111.55596,44.55464],[-111.56218,44.55508],[-111.56572,44.55743],[-111.58268,44.56034],[-111.58517,44.56266],[-111.59009,44.56192],[-111.59117,44.55945],[-111.5982,44.55546],[-111.61442,44.54861],[-111.61806,44.55049],[-111.63266,44.55326],[-111.63917,44.55264],[-111.64594,44.55467],[-111.65136,44.55509],[-111.6585,44.55249],[-111.66343,44.55584],[-111.67525,44.55718],[-111.68278,44.56147],[-111.68541,44.56084],[-111.69,44.55625],[-111.70285,44.56031],[-111.70871,44.5507],[-111.71252,44.5486],[-111.71651,44.54303],[-111.72703,44.54406],[-111.74586,44.54087],[-111.75916,44.53306],[-111.76264,44.52577],[-111.77148,44.53072],[-111.78031,44.52374],[-111.78657,44.52389],[-111.79427,44.52648],[-111.80282,44.52534],[-111.80841,44.51976],[-111.80613,44.51625],[-111.80948,44.51279],[-111.80821,44.51007],[-111.81072,44.51142],[-111.82157,44.5089],[-111.83121,44.51726],[-111.82993,44.51992],[-111.84193,44.52597],[-111.84882,44.53978],[-111.85668,44.54616],[-111.85724,44.54942],[-111.86384,44.55136],[-111.86541,44.55781],[-111.86752,44.55953],[-111.86616,44.56294],[-111.86929,44.56627],[-111.87071,44.56298],[-111.88054,44.56028],[-111.89144,44.56416],[-111.89479,44.56212],[-111.89515,44.5595],[-111.90268,44.55653],[-111.9344,44.55802],[-111.94117,44.556],[-111.94804,44.5568],[-111.95155,44.54944],[-111.96089,44.54952],[-111.96267,44.544],[-111.96703,44.54468],[-111.96988,44.53911],[-111.97608,44.53594],[-111.9922,44.53754],[-111.99498,44.53475],[-112.00027,44.53803],[-112.00448,44.53783],[-112.00827,44.54215],[-112.0116,44.5434],[-112.01854,44.54217],[-112.02315,44.54499],[-112.03274,44.54656],[-112.03531,44.54224],[-112.03259,44.53456],[-112.03296,44.52823],[-112.03712,44.53055],[-112.03803,44.53269],[-112.04398,44.53231],[-112.05503,44.53636],[-112.06555,44.53594],[-112.06878,44.53723],[-112.07612,44.53314],[-112.08014,44.53383],[-112.09363,44.52968],[-112.09618,44.52301],[-112.10623,44.52073],[-112.10914,44.52424],[-112.12718,44.52922],[-112.12696,44.53205],[-112.12941,44.53602],[-112.1312,44.53787],[-112.13614,44.53754],[-112.13672,44.53993],[-112.14657,44.53889],[-112.14864,44.53683],[-112.16455,44.54146],[-112.17999,44.53299],[-112.18404,44.53318],[-112.1955,44.53751],[-112.22241,44.54413],[-112.22943,44.55017],[-112.22697,44.55485],[-112.22733,44.55763],[-112.23099,44.55921],[-112.22982,44.56433],[-112.2426,44.56807],[-112.25091,44.56749],[-112.25685,44.5714],[-112.25984,44.5681],[-112.26731,44.56558],[-112.27585,44.56579],[-112.28549,44.56871],[-112.29093,44.56589],[-112.29274,44.56171],[-112.29598,44.5616],[-112.29838,44.55891],[-112.30436,44.55916],[-112.31396,44.55294],[-112.3152,44.54126],[-112.31923,44.53885],[-112.34155,44.53746],[-112.34784,44.53857],[-112.35422,44.53589],[-112.35652,44.53058],[-112.35891,44.52936],[-112.35685,44.52536],[-112.3583,44.52076],[-112.35844,44.50868],[-112.35656,44.50531],[-112.35699,44.49757],[-112.35861,44.49651],[-112.3565,44.4935],[-112.35877,44.48506],[-112.36178,44.48486],[-112.36459,44.48032],[-112.36411,44.47607],[-112.36623,44.46716],[-112.37025,44.46557],[-112.38665,44.44714],[-112.38917,44.44979],[-112.4065,44.45715],[-112.41647,44.453],[-112.42302,44.45465],[-112.43407,44.45436],[-112.43365,44.45975],[-112.44231,44.46541],[-112.44166,44.46654],[-112.44781,44.46808],[-112.45531,44.4664],[-112.45537,44.47109],[-112.46028,44.47516],[-112.46451,44.47504],[-112.47345,44.47956],[-112.48012,44.47493],[-112.48321,44.47476],[-112.48518,44.47102],[-112.49108,44.47046],[-112.49482,44.46772],[-112.49707,44.46824],[-112.49672,44.46669],[-112.50059,44.46274],[-112.51151,44.46657],[-112.51149,44.47143],[-112.51374,44.47492],[-112.53589,44.47829],[-112.54204,44.48385],[-112.54752,44.48317],[-112.5494,44.4848],[-112.56097,44.48244],[-112.5698,44.48266],[-112.57774,44.47987],[-112.58175,44.48211],[-112.58559,44.48143],[-112.60113,44.49061],[-112.61854,44.4872],[-112.62496,44.48296],[-112.62914,44.48288],[-112.62993,44.48892],[-112.63245,44.49112],[-112.66126,44.48586],[-112.67282,44.4917],[-112.68514,44.4929],[-112.6885,44.49818],[-112.69259,44.50014],[-112.69832,44.49978],[-112.70843,44.50333],[-112.71982,44.5042],[-112.73127,44.50078],[-112.73478,44.49869],[-112.7388,44.49128],[-112.7437,44.48793],[-112.74964,44.49018],[-112.76326,44.48738],[-112.77026,44.48385],[-112.77809,44.48341],[-112.78474,44.4799],[-112.78791,44.47342],[-112.79773,44.46644],[-112.79768,44.46104],[-112.80853,44.45275],[-112.81148,44.4549],[-112.81482,44.45355],[-112.81795,44.44723],[-112.82112,44.44482],[-112.82534,44.44445],[-112.82789,44.44199],[-112.82839,44.439],[-112.82732,44.43189],[-112.83998,44.4248],[-112.82163,44.40682],[-112.82052,44.40057],[-112.81391,44.39819],[-112.8154,44.39501],[-112.81234,44.39218],[-112.81189,44.38876],[-112.8143,44.38346],[-112.81237,44.3771],[-112.82341,44.36878],[-112.83766,44.36193],[-112.84065,44.36181],[-112.84642,44.3579],[-112.85535,44.36007],[-112.86375,44.36979],[-112.8725,44.37199],[-112.8761,44.3776],[-112.88123,44.37906],[-112.8837,44.39336],[-112.88585,44.39598],[-112.88404,44.40166],[-112.88975,44.4058],[-112.89191,44.40542],[-112.89542,44.40136],[-112.90252,44.39892],[-112.91606,44.40366],[-112.92105,44.41074],[-112.92671,44.41062],[-112.93113,44.41352],[-112.93905,44.41231],[-112.94994,44.41646],[-112.95344,44.4225],[-112.95171,44.42499],[-112.96405,44.42368],[-112.9806,44.43383],[-112.98875,44.44313],[-113.00353,44.45113],[-113.00629,44.45569],[-113.009,44.46605],[-113.00595,44.47082],[-113.01943,44.48304],[-113.02693,44.49521],[-113.01675,44.50427],[-113.01503,44.51144],[-113.01591,44.51589],[-113.00535,44.51988],[-113.00652,44.52602],[-113.019,44.53148],[-113.02624,44.53854],[-113.03254,44.53706],[-113.04567,44.54424],[-113.04783,44.5478],[-113.04703,44.55354],[-113.04512,44.55606],[-113.03715,44.55995],[-113.03627,44.56133],[-113.03772,44.56552],[-113.06731,44.57895],[-113.06223,44.58618],[-113.07319,44.59364],[-113.08797,44.59955],[-113.07185,44.61599],[-113.05726,44.61846],[-113.05201,44.62294],[-113.04948,44.62938],[-113.04974,44.63376],[-113.05485,44.64024],[-113.06498,44.64824],[-113.06486,44.65445],[-113.0685,44.65922],[-113.06981,44.66934],[-113.06694,44.674],[-113.06749,44.67844],[-113.08216,44.6838],[-113.07927,44.68819],[-113.08131,44.69103],[-113.09476,44.69553],[-113.09783,44.69873],[-113.09712,44.70159],[-113.10289,44.70605],[-113.10096,44.70903],[-113.10169,44.71542],[-113.09933,44.71773],[-113.10176,44.72263],[-113.10143,44.72896],[-113.11252,44.73325],[-113.11654,44.73221],[-113.11751,44.73416],[-113.11609,44.73985],[-113.11953,44.74248],[-113.1206,44.7466],[-113.12562,44.74987],[-113.13343,44.75117],[-113.13519,44.75317],[-113.13475,44.75576],[-113.13791,44.75985],[-113.13146,44.76479],[-113.1325,44.76948],[-113.13112,44.7725],[-113.14102,44.7768],[-113.14589,44.77653],[-113.15773,44.78071],[-113.1639,44.77907],[-113.17875,44.78661],[-113.18794,44.79829],[-113.1925,44.80146],[-113.20359,44.804],[-113.20912,44.80913],[-113.22237,44.81061],[-113.23201,44.81435],[-113.2387,44.81389],[-113.23996,44.81728],[-113.2477,44.82292],[-113.25806,44.82009],[-113.26789,44.81474],[-113.27859,44.8128],[-113.28494,44.80829],[-113.29973,44.80247],[-113.30101,44.79946],[-113.31679,44.79566],[-113.32789,44.78923],[-113.34186,44.78493],[-113.35384,44.79123],[-113.35474,44.79517],[-113.3464,44.79873],[-113.34626,44.80138],[-113.35638,44.82004],[-113.37626,44.8288],[-113.37779,44.83039],[-113.3774,44.83511],[-113.38477,44.83757],[-113.39323,44.83671],[-113.40917,44.84052],[-113.42229,44.83783],[-113.42255,44.84328],[-113.42911,44.85503],[-113.44004,44.85596],[-113.44411,44.86195],[-113.4548,44.8652],[-113.45761,44.8761],[-113.46262,44.88191],[-113.46196,44.88743],[-113.47837,44.89542],[-113.47585,44.89815],[-113.47327,44.90828],[-113.47168,44.90973],[-113.47798,44.91243],[-113.48395,44.91963],[-113.48869,44.92058],[-113.49098,44.92281],[-113.49181,44.93038],[-113.49478,44.93136],[-113.49883,44.94234],[-113.4943,44.9487],[-113.48433,44.94714],[-113.4807,44.95035],[-113.4651,44.94775],[-113.46109,44.95198],[-113.44893,44.95369],[-113.44414,44.95969],[-113.44968,44.97048],[-113.44495,44.97306],[-113.44688,44.98564],[-113.44519,44.9911],[-113.44694,44.99874],[-113.43767,45.00742],[-113.44173,45.01407],[-113.44864,45.01969],[-113.44664,45.03422],[-113.45581,45.03959],[-113.44933,45.04593],[-113.45137,45.0487],[-113.45061,45.05465],[-113.45185,45.05849],[-113.46044,45.06495],[-113.46794,45.06219],[-113.47489,45.06165],[-113.48551,45.06366],[-113.48627,45.06913],[-113.489,45.07143],[-113.4867,45.07448],[-113.48934,45.07647],[-113.49704,45.08134],[-113.50161,45.08102],[-113.51396,45.08481],[-113.52266,45.09168],[-113.51203,45.09947],[-113.50567,45.10818],[-113.51262,45.11687],[-113.51986,45.11498],[-113.52915,45.11643],[-113.53692,45.11236],[-113.54997,45.11277],[-113.55411,45.11855],[-113.56642,45.12435],[-113.56968,45.12416],[-113.57673,45.13173],[-113.56715,45.14324],[-113.56593,45.14962],[-113.57088,45.14793],[-113.58031,45.14844],[-113.58279,45.15073],[-113.58321,45.15355],[-113.59046,45.15571],[-113.59057,45.16155],[-113.59453,45.16599],[-113.59443,45.16918],[-113.58926,45.17754],[-113.59251,45.18187],[-113.59198,45.18445],[-113.59697,45.18588],[-113.59972,45.19207],[-113.60528,45.19242],[-113.60982,45.19719],[-113.6149,45.19827],[-113.62369,45.20619],[-113.63679,45.21227],[-113.63692,45.21659],[-113.64677,45.22494],[-113.64962,45.23442],[-113.65518,45.2398],[-113.66398,45.24387],[-113.667,45.24692],[-113.6794,45.2498],[-113.68485,45.25325],[-113.68619,45.25708],[-113.6927,45.26373],[-113.69072,45.269],[-113.69189,45.27235],[-113.68228,45.27349],[-113.67923,45.27595],[-113.68048,45.27882],[-113.68739,45.28613],[-113.70044,45.29225],[-113.7037,45.29906],[-113.70999,45.30066],[-113.71597,45.31143],[-113.71806,45.31272],[-113.71858,45.31685],[-113.72331,45.31776],[-113.72402,45.31969],[-113.72799,45.31962],[-113.73832,45.32862],[-113.73997,45.33654],[-113.73848,45.33875],[-113.74022,45.34088],[-113.7403,45.34554],[-113.73477,45.34819],[-113.73475,45.3525],[-113.72909,45.35609],[-113.73119,45.35736],[-113.73355,45.36401],[-113.73885,45.36739],[-113.73289,45.37316],[-113.73444,45.37663],[-113.73248,45.38834],[-113.73445,45.39233],[-113.74379,45.39646],[-113.74904,45.40287],[-113.75259,45.40271],[-113.7613,45.40652],[-113.77441,45.40651],[-113.77618,45.40804],[-113.77561,45.41192],[-113.77733,45.41668],[-113.76168,45.42399],[-113.75988,45.42724],[-113.76562,45.43135],[-113.7736,45.43165],[-113.7762,45.43385],[-113.77735,45.43563],[-113.77462,45.44204],[-113.77448,45.44672],[-113.78363,45.45188],[-113.78452,45.455],[-113.77479,45.46267],[-113.77412,45.46487],[-113.77631,45.47092],[-113.76801,45.47375],[-113.76007,45.48023],[-113.76006,45.486],[-113.76336,45.49179],[-113.76481,45.49976],[-113.76853,45.50277],[-113.7712,45.50792],[-113.77017,45.51215],[-113.7729,45.51276],[-113.77281,45.51452],[-113.76624,45.52061],[-113.77828,45.52337],[-113.78205,45.52187],[-113.80212,45.52325],[-113.81023,45.51998],[-113.81963,45.52298],[-113.83469,45.52083],[-113.83057,45.52765],[-113.83042,45.53053],[-113.82764,45.53299],[-113.82905,45.53823],[-113.82601,45.5437],[-113.82142,45.54745],[-113.81883,45.55616],[-113.81733,45.55689],[-113.81871,45.56362],[-113.82103,45.5658],[-113.81502,45.56962],[-113.80747,45.57784],[-113.79714,45.58162],[-113.79836,45.58654],[-113.80357,45.59251],[-113.80695,45.60258],[-113.80925,45.60474],[-113.818,45.60792],[-113.82481,45.61311],[-113.83458,45.61016],[-113.843,45.61233],[-113.84883,45.62004],[-113.85432,45.62236],[-113.85841,45.62154],[-113.86213,45.62374],[-113.88735,45.61713],[-113.89821,45.62187],[-113.90516,45.62217],[-113.90472,45.6246],[-113.89981,45.62862],[-113.90255,45.63708],[-113.89493,45.6436],[-113.8964,45.64615],[-113.90076,45.64777],[-113.90165,45.64997],[-113.90733,45.65321],[-113.91298,45.65383],[-113.91483,45.65683],[-113.91994,45.65785],[-113.92057,45.66393],[-113.93065,45.67193],[-113.93102,45.67813],[-113.93434,45.68203],[-113.93277,45.68721],[-113.9356,45.68901],[-113.93423,45.69318],[-113.93811,45.69583],[-113.92273,45.70406],[-113.91263,45.69869],[-113.90691,45.70358],[-113.90612,45.70855],[-113.9076,45.71018],[-113.91116,45.71032],[-113.9112,45.7133],[-113.90306,45.72114],[-113.90918,45.72713],[-113.90451,45.7315],[-113.90755,45.73327],[-113.90695,45.73527],[-113.91028,45.74233],[-113.91613,45.7464],[-113.91302,45.74782],[-113.91164,45.75178],[-113.89864,45.76371],[-113.89619,45.77027],[-113.88914,45.77056],[-113.8843,45.77355],[-113.8759,45.77563],[-113.87046,45.78158],[-113.86277,45.77931],[-113.85493,45.77335],[-113.85351,45.76542],[-113.84804,45.7568],[-113.84923,45.75252],[-113.82991,45.75069],[-113.82651,45.75382],[-113.82063,45.7555],[-113.81585,45.75491],[-113.81106,45.75778],[-113.81062,45.76011],[-113.80417,45.76293],[-113.80043,45.77263],[-113.79419,45.77393],[-113.78689,45.77868],[-113.79151,45.78183],[-113.79146,45.78571],[-113.79376,45.78779],[-113.79175,45.79233],[-113.78496,45.79142],[-113.7771,45.79259],[-113.77159,45.79814],[-113.77089,45.80089],[-113.7643,45.80257],[-113.76259,45.80102],[-113.75847,45.80209],[-113.74925,45.80786],[-113.74384,45.81545],[-113.73441,45.81649],[-113.73276,45.81872],[-113.72926,45.81952],[-113.72931,45.82562],[-113.72347,45.8294],[-113.71509,45.83068],[-113.71277,45.83853],[-113.70634,45.838],[-113.7018,45.84304],[-113.69801,45.8435],[-113.68492,45.83863],[-113.67279,45.84023],[-113.6675,45.83515],[-113.6586,45.8372],[-113.65546,45.84004],[-113.64642,45.83824],[-113.63184,45.84122],[-113.62717,45.83991],[-113.62204,45.84165],[-113.61118,45.85041],[-113.60409,45.85164],[-113.5995,45.84985],[-113.59225,45.85026],[-113.59455,45.85687],[-113.59202,45.85879],[-113.5912,45.86349],[-113.57874,45.87315],[-113.5735,45.87157],[-113.57138,45.8732],[-113.56798,45.87172],[-113.55879,45.87636],[-113.55076,45.8751],[-113.53245,45.87855],[-113.52864,45.88113],[-113.53339,45.885],[-113.53228,45.89248],[-113.53633,45.89394],[-113.53724,45.89773],[-113.53494,45.91356],[-113.52907,45.91955],[-113.52866,45.92327],[-113.52364,45.93016],[-113.51542,45.93618],[-113.51777,45.94055],[-113.51396,45.94544],[-113.50794,45.94473],[-113.50451,45.94832],[-113.50026,45.9486],[-113.4802,45.93967],[-113.47334,45.94833],[-113.47222,45.95252],[-113.46328,45.95588],[-113.45945,45.96216],[-113.46774,45.96785],[-113.46831,45.97035],[-113.46263,45.97426],[-113.46259,45.97797],[-113.45826,45.9843],[-113.44202,45.98091],[-113.43478,45.98625],[-113.43,45.98523],[-113.42342,45.98867],[-113.41498,45.98981],[-113.41154,45.99943],[-113.39916,46.00021],[-113.39886,46.00281],[-113.39431,46.00716],[-113.39697,46.01424],[-113.37845,46.01856],[-113.36364,46.00745],[-113.35267,46.01034],[-113.33564,46.00539],[-113.32806,46.01544],[-113.31682,46.01865],[-113.3094,46.02593],[-113.3046,46.02643],[-113.30302,46.02938],[-113.29559,46.0314],[-113.28996,46.03656],[-113.28529,46.03826],[-113.28399,46.04227],[-113.27795,46.04572],[-113.28085,46.05724],[-113.27397,46.0595],[-113.26924,46.05721],[-113.25256,46.05592],[-113.24643,46.05278],[-113.24343,46.05315],[-113.23835,46.04978],[-113.23134,46.051],[-113.21623,46.04794],[-113.20688,46.05203],[-113.20599,46.05392],[-113.19,46.04992],[-113.18069,46.05495],[-113.17302,46.05471],[-113.16788,46.05713],[-113.1673,46.06243],[-113.15559,46.06519],[-113.14722,46.06389],[-113.13419,46.05774],[-113.12111,46.06034],[-113.10702,46.05911],[-113.10303,46.05571],[-113.09819,46.0546],[-113.08791,46.05522],[-113.06576,46.04784],[-113.06389,46.04453],[-113.04745,46.0403],[-113.04237,46.04131],[-113.02638,46.03955],[-113.01448,46.02991],[-113.01306,46.02396],[-113.00577,46.02249],[-113.0046,46.01907],[-112.98227,46.02001],[-112.97504,46.02638],[-112.96737,46.02586],[-112.96248,46.02731],[-112.95659,46.0265],[-112.95922,46.02229],[-112.95449,46.0199],[-112.95596,46.0134],[-112.95174,46.01058],[-112.94126,46.01009],[-112.92891,46.01214],[-112.92267,46.00468],[-112.92805,45.99729],[-112.93874,45.99324],[-112.94188,45.98693],[-112.93697,45.98091],[-112.93824,45.976],[-112.93559,45.97167],[-112.93846,45.96837],[-112.93218,45.96323],[-112.93141,45.95067],[-112.92914,45.94577],[-112.92529,45.94261],[-112.92565,45.93949],[-112.9234,45.93429],[-112.91401,45.92911],[-112.91431,45.92427],[-112.90706,45.92142],[-112.90152,45.92249],[-112.89949,45.93291],[-112.8903,45.93407],[-112.86876,45.93101],[-112.86265,45.93314],[-112.85734,45.93033],[-112.84275,45.93206],[-112.84102,45.93014],[-112.82785,45.93366],[-112.80779,45.93405],[-112.79699,45.92653],[-112.78501,45.92482],[-112.76983,45.92671],[-112.76525,45.92957],[-112.75955,45.92918],[-112.75839,45.92751],[-112.75995,45.9242],[-112.75835,45.92253],[-112.75917,45.92139],[-112.75508,45.91914],[-112.75591,45.91558],[-112.75372,45.91478],[-112.75496,45.91313],[-112.75832,45.9136],[-112.75459,45.90795],[-112.75056,45.90598],[-112.74342,45.90559],[-112.7417,45.90292],[-112.73415,45.90006],[-112.72749,45.89236],[-112.72604,45.88775],[-112.71881,45.88291],[-112.71656,45.88481],[-112.7132,45.8827],[-112.71004,45.88549],[-112.69694,45.88376],[-112.693,45.88467],[-112.68989,45.88191],[-112.6841,45.88479],[-112.67548,45.88211],[-112.66919,45.88438],[-112.66274,45.88286],[-112.6589,45.88364],[-112.6502,45.88911],[-112.64837,45.89155],[-112.64912,45.89416],[-112.64276,45.89317],[-112.63654,45.89429],[-112.63337,45.89705],[-112.61975,45.89587],[-112.61594,45.89762],[-112.61546,45.90146],[-112.61405,45.90179],[-112.61094,45.90034],[-112.61071,45.89686],[-112.60724,45.89694],[-112.60019,45.89363],[-112.6013,45.88976],[-112.59679,45.88697],[-112.59412,45.88285],[-112.59794,45.87626],[-112.60241,45.87245],[-112.60382,45.86848],[-112.60207,45.86376],[-112.60474,45.86123],[-112.59721,45.86244],[-112.59553,45.86045],[-112.59628,45.85773],[-112.5923,45.85745],[-112.59346,45.85515],[-112.59117,45.85248],[-112.59102,45.84658],[-112.58974,45.84525],[-112.59068,45.84166],[-112.58881,45.8387],[-112.58646,45.83688],[-112.58462,45.83738],[-112.58127,45.83341],[-112.57352,45.83403],[-112.56846,45.82671],[-112.56407,45.8273],[-112.56018,45.82586],[-112.55426,45.81755],[-112.55737,45.81468],[-112.55394,45.81259],[-112.55465,45.81008],[-112.55084,45.80935],[-112.55005,45.81171],[-112.54683,45.81322],[-112.53858,45.80917],[-112.53113,45.80912],[-112.52952,45.80437],[-112.52615,45.80326],[-112.53103,45.79708],[-112.52838,45.79275],[-112.51614,45.79166],[-112.50881,45.79433],[-112.50969,45.79588],[-112.50837,45.79951],[-112.51187,45.81123],[-112.50903,45.81716],[-112.50334,45.82048],[-112.50417,45.82316],[-112.50168,45.8249],[-112.49433,45.8201],[-112.4739,45.81292],[-112.46864,45.81215],[-112.45809,45.81567],[-112.45111,45.82034],[-112.44943,45.82406],[-112.45003,45.82661],[-112.44705,45.82799],[-112.45026,45.83216],[-112.44665,45.83542],[-112.45137,45.83677],[-112.45586,45.84319],[-112.45581,45.84856],[-112.45322,45.84903],[-112.44986,45.85541],[-112.43909,45.85649],[-112.43664,45.85903],[-112.43698,45.86074],[-112.42259,45.86767],[-112.42178,45.87049],[-112.41105,45.87488],[-112.40942,45.88001],[-112.41095,45.884],[-112.40402,45.88753],[-112.41002,45.89948],[-112.41006,45.90245],[-112.41572,45.90387],[-112.41561,45.90888],[-112.42147,45.91125],[-112.41621,45.92209],[-112.41859,45.92485],[-112.43108,45.92942],[-112.43348,45.93679],[-112.43607,45.93902],[-112.43623,45.94058],[-112.43042,45.94465],[-112.43349,45.95223],[-112.43161,45.95555],[-112.43259,45.95762],[-112.4296,45.95865],[-112.43417,45.96139],[-112.43545,45.96538],[-112.43818,45.96785],[-112.44111,45.98587],[-112.44538,45.99825],[-112.44356,46.00073],[-112.44472,46.00189],[-112.4427,46.00721],[-112.44341,46.00919],[-112.43551,46.01372],[-112.43904,46.0172],[-112.43959,46.02202],[-112.44378,46.02571],[-112.442,46.02874],[-112.44438,46.03349],[-112.45426,46.03412],[-112.46232,46.03952],[-112.47257,46.03908],[-112.4739,46.04205],[-112.47207,46.04422],[-112.47251,46.048],[-112.47696,46.0518],[-112.47098,46.0564],[-112.47117,46.06095],[-112.46904,46.06198],[-112.46555,46.06809],[-112.46619,46.06997],[-112.46256,46.07305],[-112.46173,46.0761],[-112.46543,46.07742],[-112.46681,46.0807],[-112.47078,46.08241],[-112.46829,46.08572],[-112.46989,46.08828],[-112.46609,46.09265],[-112.47151,46.09746],[-112.48176,46.10051],[-112.48908,46.10715],[-112.49478,46.10802],[-112.49586,46.10871],[-112.49504,46.11083],[-112.5025,46.11297],[-112.50366,46.115],[-112.50123,46.12068],[-112.51451,46.12483],[-112.5128,46.12629],[-112.51371,46.12875],[-112.52015,46.13648],[-112.51847,46.14113],[-112.51592,46.14331],[-112.51364,46.14947],[-112.51471,46.15104],[-112.5127,46.15434],[-112.5126,46.15879],[-112.51581,46.16272],[-112.51655,46.16714],[-112.50511,46.18405],[-112.52535,46.18526],[-112.53108,46.17989],[-112.54046,46.1749],[-112.54465,46.17469],[-112.55301,46.1794],[-112.55591,46.17589],[-112.55831,46.17545],[-112.57729,46.17889],[-112.57668,46.18442],[-112.57958,46.1868],[-112.57738,46.19001],[-112.58215,46.19834],[-112.57806,46.20238],[-112.57349,46.21118],[-112.574,46.21417],[-112.57685,46.21583],[-112.57926,46.22094],[-112.58915,46.22549],[-112.59244,46.22548],[-112.59435,46.22812],[-112.59253,46.23208],[-112.59809,46.2362],[-112.59553,46.23866],[-112.587,46.23908],[-112.57963,46.24186],[-112.57214,46.24805],[-112.57135,46.25121],[-112.56465,46.25926],[-112.56033,46.26144],[-112.55833,46.26663],[-112.55741,46.27737],[-112.56189,46.28808],[-112.57244,46.29769],[-112.56905,46.30224],[-112.57016,46.305],[-112.55526,46.30848],[-112.55157,46.314],[-112.54833,46.31467],[-112.54831,46.31631],[-112.54397,46.31897],[-112.54134,46.32461],[-112.53346,46.331],[-112.53272,46.33486],[-112.52294,46.32993],[-112.51848,46.33022],[-112.51363,46.33296],[-112.50451,46.33019],[-112.49972,46.33504],[-112.50047,46.34093],[-112.49831,46.34236],[-112.49154,46.34253],[-112.48605,46.33998],[-112.47228,46.34086],[-112.46499,46.32912],[-112.45431,46.32904],[-112.44976,46.33389],[-112.45231,46.34528],[-112.4511,46.35095],[-112.43616,46.35103],[-112.43332,46.35428],[-112.42632,46.35744],[-112.4286,46.36469],[-112.42568,46.3694],[-112.41472,46.37189],[-112.41761,46.37478],[-112.41746,46.3772],[-112.40731,46.38193],[-112.40367,46.38691],[-112.38736,46.3832],[-112.37381,46.38717],[-112.35651,46.38419],[-112.35033,46.38505],[-112.34375,46.39232],[-112.34495,46.39441],[-112.33721,46.40122],[-112.33703,46.40367],[-112.31278,46.41832],[-112.31077,46.42114],[-112.31684,46.4225],[-112.32013,46.43099],[-112.32362,46.43403],[-112.32063,46.43733],[-112.32131,46.44331],[-112.30445,46.44989],[-112.3091,46.45494],[-112.30772,46.45914],[-112.30474,46.46126],[-112.30599,46.46773],[-112.30501,46.47703],[-112.30902,46.48166],[-112.30585,46.48386],[-112.3059,46.4882],[-112.30142,46.49014],[-112.3055,46.49525],[-112.30312,46.50115],[-112.30371,46.50445],[-112.30546,46.50446],[-112.30455,46.50571],[-112.30613,46.5115],[-112.30294,46.51657],[-112.29341,46.51799],[-112.2972,46.52609],[-112.29366,46.5317],[-112.29846,46.53827],[-112.30141,46.53867],[-112.30188,46.54291],[-112.30781,46.54952],[-112.30939,46.55508],[-112.30755,46.55723],[-112.30989,46.5659],[-112.31701,46.5745],[-112.30924,46.58046],[-112.30672,46.58728],[-112.29915,46.59176],[-112.29872,46.59482],[-112.30088,46.5987],[-112.29333,46.6044],[-112.29861,46.61447],[-112.29849,46.62564],[-112.31062,46.63366],[-112.30682,46.63639],[-112.30937,46.6422],[-112.31456,46.64381],[-112.31762,46.65325],[-112.32027,46.65487],[-112.31948,46.65885],[-112.32206,46.66153],[-112.32262,46.66575],[-112.32112,46.66702],[-112.3235,46.67018],[-112.33066,46.67344],[-112.33004,46.67572],[-112.3205,46.68158],[-112.31825,46.68453],[-112.31872,46.68858],[-112.31495,46.69065],[-112.31528,46.69349],[-112.31307,46.69507],[-112.31566,46.71016],[-112.30953,46.71419],[-112.32191,46.7193],[-112.3261,46.7265],[-112.33239,46.72629],[-112.33974,46.73177],[-112.34298,46.73052],[-112.34336,46.73679],[-112.34504,46.73699],[-112.35202,46.73493],[-112.35604,46.73197],[-112.35938,46.72469],[-112.3679,46.72073],[-112.37342,46.72073],[-112.37752,46.71881],[-112.38574,46.72121],[-112.38764,46.72472],[-112.39803,46.7229],[-112.40717,46.72432],[-112.41108,46.723],[-112.41781,46.72506],[-112.43203,46.72637],[-112.43831,46.72506],[-112.44783,46.72697],[-112.4592,46.7237],[-112.4648,46.71938],[-112.47427,46.72375],[-112.47373,46.72872],[-112.47763,46.73172],[-112.48495,46.73316],[-112.48835,46.73181],[-112.50329,46.73303],[-112.51495,46.73789],[-112.50916,46.74303],[-112.51296,46.7516],[-112.52708,46.75994],[-112.52849,46.766],[-112.53699,46.77045],[-112.52639,46.77573],[-112.52352,46.7788],[-112.52664,46.79107],[-112.52319,46.79383],[-112.52263,46.79766],[-112.51868,46.80013],[-112.5135,46.80037],[-112.51159,46.80226],[-112.5146,46.80815],[-112.51884,46.81045],[-112.51502,46.81422],[-112.518,46.81932],[-112.51686,46.82985],[-112.51917,46.83214],[-112.50515,46.8333],[-112.49954,46.84008],[-112.48743,46.84302],[-112.48313,46.84812],[-112.46793,46.85431],[-112.46188,46.86027],[-112.465,46.8632],[-112.47439,46.86359],[-112.48231,46.86715],[-112.48125,46.87553],[-112.48703,46.87728],[-112.49291,46.88161],[-112.49984,46.8819],[-112.50064,46.89079],[-112.49232,46.89565],[-112.4874,46.9045],[-112.49443,46.91493],[-112.48611,46.91937],[-112.4775,46.91726],[-112.4761,46.92336],[-112.46899,46.92467],[-112.46594,46.9286],[-112.45921,46.92993],[-112.45502,46.93539],[-112.45764,46.93947],[-112.44919,46.94275],[-112.45007,46.94636],[-112.44798,46.94874],[-112.44939,46.95093],[-112.44155,46.95389],[-112.44001,46.95949],[-112.43252,46.95538],[-112.42347,46.95291],[-112.41908,46.95253],[-112.41634,46.95409],[-112.41296,46.95175],[-112.39516,46.95224],[-112.3922,46.95947],[-112.38356,46.95996],[-112.3738,46.96814],[-112.36114,46.96899],[-112.35865,46.97223],[-112.35996,46.9748],[-112.35535,46.97623],[-112.35383,46.97949],[-112.33701,46.98234],[-112.33766,46.9863],[-112.32517,46.99932],[-112.32524,47.00118],[-112.33231,47.00959],[-112.32682,47.0163],[-112.31697,47.0151],[-112.31173,47.01811],[-112.31712,47.0246],[-112.31582,47.02715],[-112.31704,47.03288],[-112.31321,47.03829],[-112.32139,47.04493],[-112.32478,47.0529],[-112.32372,47.05488],[-112.3255,47.06021],[-112.33176,47.06129],[-112.33698,47.06462],[-112.34577,47.06467],[-112.34514,47.06691],[-112.35699,47.07999],[-112.36581,47.08003],[-112.37119,47.07692],[-112.37855,47.07918],[-112.37851,47.08572],[-112.3817,47.09008],[-112.38753,47.09103],[-112.3911,47.09886],[-112.40012,47.10305],[-112.40106,47.1051],[-112.40985,47.10514],[-112.41394,47.1078],[-112.41771,47.10778],[-112.41833,47.10965],[-112.41669,47.11193],[-112.41958,47.11565],[-112.42019,47.12234],[-112.43149,47.1338],[-112.42815,47.14524],[-112.42998,47.1531],[-112.44245,47.16289],[-112.46719,47.16432],[-112.47544,47.16758],[-112.47802,47.17259],[-112.4772,47.17385],[-112.48103,47.17476],[-112.48885,47.17405],[-112.49536,47.17138],[-112.5012,47.17233],[-112.50487,47.17106],[-112.52354,47.17376],[-112.53294,47.1719],[-112.54455,47.1668],[-112.55031,47.16771],[-112.5594,47.17392],[-112.56942,47.17811],[-112.57357,47.18807],[-112.59734,47.19345],[-112.59523,47.19991],[-112.60024,47.20505],[-112.60117,47.20841],[-112.5996,47.21575],[-112.59432,47.21916],[-112.59882,47.22109],[-112.60151,47.22848],[-112.60528,47.22912],[-112.61198,47.2256],[-112.61329,47.22292],[-112.6289,47.22369],[-112.63118,47.22405],[-112.63292,47.22769],[-112.63769,47.23069],[-112.64344,47.23276],[-112.64672,47.23707],[-112.65515,47.23325],[-112.66659,47.23571],[-112.6722,47.22951],[-112.68814,47.2339],[-112.71386,47.23784],[-112.72572,47.23635],[-112.73929,47.23795],[-112.74652,47.24722],[-112.73819,47.25258],[-112.72812,47.26359],[-112.7296,47.27082],[-112.726,47.27668],[-112.72687,47.2785],[-112.72441,47.28293],[-112.7262,47.28519],[-112.73429,47.28861],[-112.74268,47.28732],[-112.74878,47.2889],[-112.76307,47.28839],[-112.77924,47.29358],[-112.78542,47.29116],[-112.80215,47.29076],[-112.80752,47.2966],[-112.8086,47.30017],[-112.82513,47.30231],[-112.82801,47.3055],[-112.82906,47.30998],[-112.84032,47.31127],[-112.8547,47.30996],[-112.85925,47.30772],[-112.86399,47.30823],[-112.86832,47.31101],[-112.87059,47.31817],[-112.87393,47.31919],[-112.88334,47.32708],[-112.89792,47.3261],[-112.90166,47.32972],[-112.90143,47.33169],[-112.90697,47.33368],[-112.91256,47.33918],[-112.92128,47.33795],[-112.92899,47.34045],[-112.93359,47.34596],[-112.92764,47.35282],[-112.92614,47.36039],[-112.92248,47.36229],[-112.91924,47.36933],[-112.91851,47.37264],[-112.92132,47.37726],[-112.91932,47.37981],[-112.92004,47.38225],[-112.92391,47.38725],[-112.93084,47.38948],[-112.93673,47.38859],[-112.94679,47.39479],[-112.9463,47.39824],[-112.94805,47.3996],[-112.94627,47.40506],[-112.95209,47.40646],[-112.95414,47.40905],[-112.96096,47.41207],[-112.9605,47.41406],[-112.96392,47.41787],[-112.97967,47.42217],[-112.9804,47.42961],[-112.98989,47.43898],[-112.99533,47.44202],[-112.99476,47.44595],[-112.9915,47.44884],[-113.00132,47.45562],[-113.0018,47.45922],[-112.99984,47.46208],[-113.00386,47.46524],[-113.01376,47.46622],[-113.01249,47.47584],[-113.02021,47.48915],[-113.02639,47.48985],[-113.03103,47.4936],[-113.03888,47.49395],[-113.04175,47.49043],[-113.05084,47.48996],[-113.05622,47.49157],[-113.05898,47.48984],[-113.06306,47.48243],[-113.06819,47.48198],[-113.0805,47.48563],[-113.08306,47.48395],[-113.08729,47.48438],[-113.08832,47.48166],[-113.09143,47.48028],[-113.09824,47.48393],[-113.10393,47.48467],[-113.10912,47.48938],[-113.11461,47.49035],[-113.1163,47.49609],[-113.11875,47.49839],[-113.11469,47.50197],[-113.11675,47.50898],[-113.12316,47.51613],[-113.11819,47.52054],[-113.12179,47.52413],[-113.12605,47.54144],[-113.12245,47.54569],[-113.12404,47.54714],[-113.12486,47.55781],[-113.11835,47.56055],[-113.11779,47.57056],[-113.12006,47.57323],[-113.12682,47.57579],[-113.13112,47.5874],[-113.14331,47.59388],[-113.14743,47.6023],[-113.14598,47.60846],[-113.13585,47.62102],[-113.14418,47.62605],[-113.14473,47.63706],[-113.13933,47.63935],[-113.13545,47.63831],[-113.12998,47.64199],[-113.12851,47.64656],[-113.12857,47.66117],[-113.13579,47.66356],[-113.14106,47.66873],[-113.14138,47.6719],[-113.14746,47.67826],[-113.14896,47.68625],[-113.15834,47.69668],[-113.16007,47.70807],[-113.16426,47.714],[-113.16581,47.71922],[-113.16567,47.72806],[-113.16423,47.72992],[-113.15479,47.73238],[-113.1496,47.73561],[-113.14212,47.7446],[-113.1386,47.74583],[-113.12106,47.74158],[-113.09789,47.74445],[-113.09428,47.74358],[-113.08116,47.74994],[-113.07993,47.75781],[-113.08287,47.75948],[-113.08329,47.76187],[-113.08118,47.76373],[-113.08464,47.76913],[-113.08283,47.77294],[-113.07156,47.77366],[-113.06698,47.77581],[-113.06766,47.78046],[-113.06132,47.78777],[-113.06599,47.79495],[-113.06695,47.79938],[-113.06447,47.80446],[-113.05992,47.80803],[-113.06433,47.8135],[-113.06232,47.81763],[-113.06244,47.82244],[-113.06905,47.82908],[-113.06582,47.83433],[-113.06636,47.83795],[-113.05809,47.8426],[-113.0592,47.84593],[-113.0579,47.85381],[-113.06093,47.85634],[-113.05829,47.87076],[-113.06494,47.8764],[-113.06345,47.8856],[-113.06816,47.88652],[-113.07603,47.89157],[-113.09043,47.89276],[-113.09252,47.89599],[-113.09098,47.90105],[-113.09324,47.90789],[-113.08717,47.91052],[-113.08661,47.91796],[-113.06902,47.92333],[-113.06621,47.92644],[-113.05677,47.925],[-113.04704,47.92744],[-113.04314,47.92571],[-113.03659,47.92563],[-113.02136,47.92744],[-113.02141,47.93092],[-113.01576,47.93673],[-113.0139,47.94157],[-113.00362,47.94449],[-112.99811,47.94421],[-112.98113,47.9552],[-112.95945,47.95191],[-112.95126,47.94479],[-112.94557,47.94716],[-112.93513,47.94418],[-112.91245,47.94657],[-112.90795,47.95094],[-112.90939,47.95268],[-112.90626,47.95698],[-112.90673,47.96116],[-112.90075,47.96434],[-112.89811,47.97235],[-112.89267,47.97632],[-112.88709,47.97479],[-112.87854,47.97611],[-112.88786,47.99223],[-112.89544,48.01074],[-112.8967,48.01893],[-112.90399,48.02425],[-112.90812,48.02997],[-112.91558,48.02849],[-112.92161,48.03226],[-112.92723,48.03179],[-112.93589,48.03541],[-112.94682,48.03075],[-112.94946,48.03246],[-112.94973,48.0373],[-112.95201,48.04117],[-112.95125,48.04929],[-112.94445,48.05363],[-112.93681,48.05576],[-112.9373,48.06067],[-112.94179,48.06355],[-112.95253,48.06529],[-112.95893,48.06912],[-112.96336,48.07489],[-112.97224,48.07257],[-112.98218,48.07396],[-112.98158,48.07766],[-112.97816,48.08005],[-112.98269,48.08661],[-112.97919,48.0887],[-112.99351,48.09759],[-112.99602,48.10627],[-112.99101,48.10785],[-112.99285,48.11484],[-112.98325,48.1178],[-112.98505,48.12051],[-112.99482,48.12525],[-113.00045,48.13061],[-113.01039,48.12828],[-113.01717,48.13242],[-113.02132,48.1297],[-113.02603,48.12979],[-113.03117,48.13339],[-113.03923,48.12975],[-113.04072,48.12482],[-113.05144,48.1212],[-113.05487,48.12307],[-113.0557,48.12561],[-113.05376,48.12957],[-113.05615,48.13467],[-113.05259,48.14061],[-113.06319,48.1497],[-113.07016,48.15299],[-113.06825,48.14803],[-113.09049,48.13636],[-113.09686,48.13936],[-113.10558,48.13728],[-113.11229,48.13892],[-113.11601,48.13732],[-113.12427,48.13824],[-113.12987,48.1353],[-113.13423,48.13801],[-113.13085,48.14006],[-113.1307,48.14545],[-113.13665,48.15043],[-113.14218,48.15347],[-113.15192,48.15123],[-113.16205,48.15842],[-113.16477,48.1613],[-113.16564,48.16522],[-113.17619,48.17002],[-113.18215,48.17497],[-113.18466,48.17177],[-113.18661,48.17163],[-113.19119,48.1756],[-113.19238,48.17147],[-113.19625,48.1684],[-113.20248,48.16929],[-113.20801,48.1641],[-113.22679,48.17199],[-113.23181,48.17111],[-113.23504,48.17497],[-113.2355,48.17865],[-113.23061,48.18202],[-113.23099,48.18544],[-113.23468,48.19021],[-113.23278,48.19422],[-113.23529,48.20055],[-113.23459,48.20396],[-113.23787,48.21052],[-113.23574,48.2122],[-113.23716,48.21803],[-113.22601,48.22496],[-113.22892,48.22944],[-113.22568,48.23189],[-113.22695,48.23512],[-113.23409,48.23834],[-113.23687,48.24713],[-113.24301,48.24854],[-113.25002,48.25518],[-113.25725,48.25483],[-113.268,48.26019],[-113.27528,48.25955],[-113.28069,48.26334],[-113.28882,48.26473],[-113.28852,48.2697],[-113.29384,48.27521],[-113.29368,48.27763],[-113.2978,48.28437],[-113.32762,48.28922],[-113.32974,48.29153],[-113.32983,48.29518],[-113.33312,48.29624],[-113.33335,48.29776],[-113.33816,48.29953],[-113.34209,48.29904],[-113.34352,48.30205],[-113.34774,48.30302],[-113.34749,48.30525],[-113.34981,48.30574],[-113.34838,48.30705],[-113.34995,48.30937],[-113.34807,48.31127],[-113.35398,48.31617],[-113.37463,48.32431],[-113.37376,48.33081],[-113.37537,48.3331],[-113.38714,48.34185],[-113.37923,48.34561],[-113.37045,48.35392],[-113.36318,48.35567],[-113.35065,48.36232],[-113.33868,48.37204],[-113.33377,48.38264],[-113.33322,48.38796],[-113.34684,48.39456],[-113.35113,48.40555],[-113.34824,48.41323],[-113.35563,48.42094],[-113.35611,48.42416],[-113.37314,48.42177],[-113.38134,48.41723],[-113.38857,48.41634],[-113.41054,48.41939],[-113.42485,48.43076],[-113.43863,48.43469],[-113.44438,48.44131],[-113.45133,48.44337],[-113.45186,48.44593],[-113.4645,48.4455],[-113.47303,48.45218],[-113.47919,48.45329],[-113.48038,48.46035],[-113.47727,48.46249],[-113.4732,48.47023],[-113.46671,48.47482],[-113.47197,48.48739],[-113.46584,48.4985],[-113.47302,48.50231],[-113.47381,48.50556],[-113.47294,48.51396],[-113.47141,48.51582],[-113.47275,48.52439],[-113.46879,48.53032],[-113.47014,48.53766],[-113.46746,48.54765],[-113.47328,48.55246],[-113.48563,48.55423],[-113.49245,48.55226],[-113.50241,48.55809],[-113.51044,48.55969],[-113.5169,48.57275],[-113.50562,48.58083],[-113.49745,48.58175],[-113.49261,48.58413],[-113.4943,48.5903],[-113.49177,48.59616],[-113.48853,48.59907],[-113.47871,48.59948],[-113.46785,48.60279],[-113.4649,48.60773],[-113.46592,48.61282],[-113.46387,48.6166],[-113.45766,48.61536],[-113.44858,48.61908],[-113.43572,48.61916],[-113.43078,48.61688],[-113.4213,48.61869],[-113.42052,48.62497],[-113.41819,48.62893],[-113.41814,48.6365],[-113.41295,48.63811],[-113.40749,48.64262],[-113.40723,48.64452],[-113.39642,48.65143],[-113.39601,48.65503],[-113.4022,48.66194],[-113.40142,48.66522],[-113.39991,48.66569],[-113.40016,48.67259],[-113.40291,48.6777],[-113.40233,48.69022],[-113.39228,48.69824],[-113.39608,48.70949],[-113.39013,48.71685],[-113.38737,48.72774],[-113.38073,48.7338],[-113.37323,48.74505],[-113.37502,48.75266],[-113.3713,48.7575],[-113.37339,48.76018],[-113.36933,48.76829],[-113.36853,48.77588],[-113.3645,48.78665],[-113.36393,48.79448],[-113.3619,48.79669],[-113.36477,48.79966],[-113.36235,48.80704],[-113.35999,48.80806],[-113.35723,48.82113],[-113.3462,48.83312],[-113.33156,48.84113],[-113.33327,48.84352],[-113.31421,48.85381],[-113.30671,48.85506],[-113.30601,48.85679],[-113.29419,48.86008],[-113.29026,48.86462],[-113.29102,48.87221],[-113.29822,48.87769],[-113.30669,48.87816],[-113.30975,48.8803],[-113.30983,48.88384],[-113.31773,48.88645],[-113.32539,48.89312],[-113.3168,48.89779],[-113.31908,48.90028],[-113.31964,48.90396],[-113.32854,48.90731],[-113.33543,48.91448],[-113.34244,48.91787],[-113.34535,48.91735],[-113.34723,48.92038],[-113.3327,48.92571],[-113.33156,48.92773],[-113.31207,48.9317],[-113.30122,48.9311],[-113.28421,48.92563],[-113.27189,48.92629],[-113.25619,48.93055],[-113.24077,48.92974],[-113.2387,48.93109],[-113.23426,48.92892],[-113.2324,48.926],[-113.22877,48.92543],[-113.22703,48.92225],[-113.21428,48.92336],[-113.19995,48.9287],[-113.19262,48.93355],[-113.18401,48.93468],[-113.16387,48.94748],[-113.16354,48.9512],[-113.15107,48.95514],[-113.14974,48.96064],[-113.14473,48.96378],[-113.13518,48.96801],[-113.12914,48.96848],[-113.12314,48.9666],[-113.10681,48.97511],[-113.10456,48.97649],[-113.10706,48.98118],[-113.1034,48.98365],[-113.09304,48.98556],[-113.09043,48.98844],[-113.08676,48.98874],[-113.08524,48.99114],[-113.07689,48.9947],[-113.07829,48.99587],[-113.07776,48.99856],[-113.0653,49.00185],[-113.06474,49.00366],[-113.05824,49.00597],[-113.05568,49.00991],[-113.04652,49.01642],[-113.04131,49.01672],[-113.03782,49.01928],[-113.03741,49.0213],[-113.04,49.02304],[-113.03877,49.0267],[-113.02631,49.03435],[-113.02849,49.03918],[-113.02442,49.04399],[-113.02694,49.04677],[-113.02067,49.05106],[-113.02188,49.05573],[-113.01925,49.06186],[-113.01376,49.06351],[-113.00525,49.06936],[-113.00385,49.07192],[-113.00387,49.07432],[-113.01139,49.081],[-113.0042,49.08259],[-113.00071,49.08566],[-112.99105,49.07991],[-112.98958,49.08055],[-112.98811,49.08828],[-112.98033,49.10064],[-112.9694,49.09538],[-112.96714,49.09647],[-112.965,49.10366],[-112.95573,49.10832],[-112.95537,49.10983],[-112.95883,49.11235],[-112.95433,49.11826],[-112.95636,49.12526],[-112.95136,49.1267],[-112.94918,49.13213],[-112.94563,49.13482],[-112.93151,49.13833],[-112.92737,49.14234],[-112.92112,49.14116],[-112.91029,49.14473],[-112.90325,49.14915],[-112.89906,49.1473],[-112.89664,49.14823],[-112.88984,49.14687],[-112.88388,49.13793],[-112.88299,49.13361],[-112.86865,49.1337],[-112.86692,49.12953],[-112.86542,49.12921],[-112.85534,49.13167],[-112.84441,49.12993],[-112.83973,49.13269],[-112.82166,49.13305],[-112.8174,49.13619],[-112.80467,49.13545],[-112.80262,49.13242],[-112.796,49.1288],[-112.78858,49.13087],[-112.78781,49.13807],[-112.78326,49.14932],[-112.78497,49.15517],[-112.78313,49.1579],[-112.78371,49.16072],[-112.78736,49.16362],[-112.78705,49.16698],[-112.79036,49.17316],[-112.78961,49.18286],[-112.7881,49.18481],[-112.78877,49.18807],[-112.79837,49.19417],[-112.79628,49.19748],[-112.7895,49.19958],[-112.7952,49.20366],[-112.79585,49.21089],[-112.79524,49.21242],[-112.78774,49.21272],[-112.78585,49.21523],[-112.77288,49.21561],[-112.76399,49.22251],[-112.7508,49.22794],[-112.75238,49.23109],[-112.75654,49.23403],[-112.75464,49.24043],[-112.75622,49.24334],[-112.75336,49.24892],[-112.74461,49.25749],[-112.74522,49.262],[-112.73675,49.2669],[-112.73767,49.27113],[-112.74237,49.27403],[-112.73782,49.27806],[-112.72354,49.2863],[-112.71135,49.28587],[-112.69876,49.28229],[-112.69773,49.28577],[-112.69266,49.28473],[-112.68397,49.29073],[-112.67347,49.29119],[-112.67103,49.29109],[-112.66892,49.28791],[-112.66382,49.2884],[-112.65328,49.28337],[-112.64401,49.2819],[-112.63816,49.27814],[-112.63654,49.2741],[-112.63036,49.27244],[-112.62156,49.27447],[-112.61682,49.27329],[-112.61396,49.26939],[-112.60899,49.27062],[-112.60824,49.26813],[-112.60627,49.26752],[-112.58978,49.27071],[-112.58035,49.27532],[-112.57324,49.2762],[-112.56955,49.27066],[-112.55627,49.26567],[-112.54683,49.26971],[-112.54415,49.26834],[-112.5386,49.27302],[-112.53452,49.26758],[-112.53051,49.26613],[-112.52993,49.26378],[-112.522,49.26721],[-112.51445,49.2658],[-112.50942,49.27287],[-112.50028,49.27507],[-112.49236,49.2726],[-112.48636,49.26754],[-112.48166,49.26924],[-112.4734,49.26851],[-112.46725,49.27062],[-112.46375,49.2698],[-112.46414,49.26654],[-112.44424,49.26192],[-112.44057,49.25825],[-112.43695,49.25718],[-112.43686,49.25377],[-112.43058,49.25165],[-112.4252,49.24671],[-112.42098,49.24664],[-112.4221,49.24617],[-112.42086,49.24467],[-112.41616,49.24398],[-112.41265,49.2395],[-112.41295,49.23691],[-112.41059,49.23259],[-112.40054,49.23224],[-112.39619,49.22846],[-112.3845,49.23717],[-112.37967,49.23701],[-112.37699,49.23877],[-112.36202,49.23752],[-112.35364,49.23601],[-112.34617,49.23143],[-112.33972,49.23088],[-112.33905,49.22749],[-112.32924,49.22498],[-112.32749,49.22208],[-112.31734,49.2213],[-112.30722,49.22678],[-112.29699,49.23614],[-112.29034,49.24012],[-112.28186,49.25365],[-112.27899,49.25514],[-112.26897,49.25693],[-112.25659,49.25668],[-112.23429,49.26139],[-112.22527,49.27605],[-112.20921,49.28741],[-112.20668,49.29065],[-112.20424,49.29871],[-112.19931,49.30356],[-112.19934,49.30923],[-112.20649,49.32351],[-112.19621,49.349],[-112.176,49.35661],[-112.16286,49.35414],[-112.16041,49.35054],[-112.15502,49.34701],[-112.14741,49.34512],[-112.13393,49.33653],[-112.11967,49.33425],[-112.12794,49.32846],[-112.12799,49.32705],[-112.12622,49.32334],[-112.12328,49.32177],[-112.11965,49.31025],[-112.11568,49.30969],[-112.10762,49.31228],[-112.11666,49.3217],[-112.12127,49.32269],[-112.11887,49.32341],[-112.11683,49.32696],[-112.11693,49.33484],[-112.11411,49.33466],[-112.09023,49.32159],[-112.07867,49.32116],[-112.07603,49.31752],[-112.07315,49.31643],[-112.06468,49.31685],[-112.05647,49.31524],[-112.02547,49.30125],[-112.02037,49.29598],[-112.0229,49.29175],[-112.02148,49.28529],[-112.02283,49.2816],[-112.02133,49.27732],[-112.02274,49.27672],[-112.02307,49.26986],[-112.02733,49.26535],[-112.02335,49.26374],[-112.02108,49.25965],[-111.99991,49.24834],[-111.99681,49.24507],[-111.99065,49.24476],[-111.97667,49.23899],[-111.96967,49.23293],[-111.96868,49.23094],[-111.97058,49.22691],[-111.96735,49.22479],[-111.96789,49.21969],[-111.96206,49.21457],[-111.95798,49.21713],[-111.94181,49.21403],[-111.93316,49.209],[-111.93465,49.20562],[-111.92318,49.20563],[-111.91757,49.20165],[-111.91601,49.19847],[-111.9075,49.19585],[-111.90178,49.19186],[-111.89139,49.18906],[-111.8897,49.19336],[-111.88531,49.19684],[-111.8678,49.19379],[-111.85798,49.1987],[-111.84721,49.20104],[-111.83397,49.20158],[-111.82088,49.19757],[-111.81626,49.19343],[-111.81444,49.18196],[-111.80685,49.16771],[-111.79602,49.16166],[-111.79675,49.15964],[-111.79328,49.15725],[-111.7936,49.15193],[-111.79147,49.14664],[-111.77496,49.13132],[-111.76402,49.13194],[-111.75923,49.13918],[-111.75185,49.13968],[-111.73292,49.13685],[-111.70897,49.13071],[-111.6869,49.12958],[-111.67457,49.13125],[-111.66654,49.1289],[-111.65649,49.12889],[-111.65242,49.13187],[-111.65495,49.13925],[-111.66016,49.14403],[-111.65863,49.14853],[-111.64595,49.15251],[-111.64476,49.15436],[-111.64576,49.15797],[-111.64419,49.15952],[-111.63423,49.16099],[-111.62432,49.15771],[-111.61843,49.15315],[-111.61136,49.15174],[-111.60203,49.14549],[-111.59457,49.14546],[-111.57251,49.13988],[-111.56433,49.14265],[-111.55961,49.14629],[-111.55593,49.14639],[-111.54758,49.14218],[-111.54348,49.14172],[-111.53834,49.15028],[-111.52495,49.15871],[-111.52505,49.1623],[-111.51999,49.16345],[-111.51314,49.16253],[-111.50916,49.16584],[-111.50604,49.18077],[-111.50638,49.19365],[-111.50186,49.19807],[-111.49629,49.19966],[-111.49409,49.20262],[-111.48754,49.20061],[-111.48273,49.20165],[-111.46973,49.19926],[-111.45427,49.20003],[-111.45677,49.20156],[-111.45676,49.21474],[-111.44717,49.21438],[-111.44364,49.21941],[-111.44472,49.2223],[-111.44122,49.22561],[-111.44029,49.22929],[-111.42379,49.22713],[-111.41528,49.22225],[-111.40872,49.22176],[-111.40374,49.22392],[-111.40641,49.22564],[-111.40349,49.2336],[-111.41227,49.23866],[-111.41105,49.24384],[-111.40125,49.24266],[-111.39324,49.24627],[-111.39708,49.24807],[-111.39662,49.25071],[-111.38968,49.25474],[-111.38402,49.2546],[-111.38414,49.25674],[-111.38045,49.25932],[-111.37162,49.25905],[-111.36605,49.26167],[-111.35775,49.25928],[-111.35366,49.26017],[-111.34763,49.26267],[-111.33962,49.26934],[-111.32573,49.26248],[-111.30835,49.26195],[-111.28636,49.2541],[-111.26809,49.25403],[-111.26045,49.25679],[-111.24061,49.25773],[-111.23556,49.25508],[-111.21779,49.25254],[-111.21383,49.24734],[-111.19315,49.24049],[-111.18975,49.23795],[-111.1891,49.23348],[-111.17523,49.22432],[-111.16681,49.21546],[-111.16497,49.21169],[-111.16622,49.20671],[-111.15565,49.20393],[-111.14647,49.20463],[-111.14166,49.20163],[-111.14044,49.19855],[-111.14269,49.19009],[-111.15036,49.18677],[-111.16949,49.18401],[-111.1729,49.18055],[-111.17396,49.17489],[-111.17887,49.1748],[-111.18485,49.17011],[-111.18588,49.16771],[-111.18425,49.16154],[-111.17841,49.15148],[-111.16112,49.14986],[-111.15256,49.1522],[-111.14284,49.14879],[-111.11786,49.14931],[-111.09965,49.14741],[-111.0945,49.15079],[-111.08799,49.14978],[-111.08098,49.15437],[-111.07533,49.15399],[-111.07495,49.15573],[-111.07767,49.15954],[-111.07581,49.16243],[-111.04746,49.15153],[-111.03213,49.14796],[-111.02131,49.14822],[-111.01254,49.15126],[-111.00903,49.14998],[-111.0018,49.15046],[-110.9938,49.15269],[-110.99135,49.14786],[-110.98607,49.14523],[-110.98045,49.14668],[-110.97798,49.1536],[-110.97266,49.1537],[-110.96994,49.15574],[-110.96952,49.16301],[-110.96415,49.16642],[-110.96174,49.17247],[-110.95706,49.17604],[-110.95019,49.17481],[-110.93914,49.17734],[-110.92675,49.17235],[-110.92098,49.17063],[-110.91778,49.17145],[-110.91259,49.1689],[-110.91292,49.16072],[-110.90964,49.15646],[-110.89328,49.151],[-110.89096,49.14523],[-110.89106,49.14028],[-110.88507,49.13654],[-110.87383,49.13506],[-110.87209,49.13641],[-110.87536,49.13994],[-110.8694,49.1464],[-110.84888,49.14759],[-110.83443,49.14099],[-110.82253,49.14373],[-110.81645,49.14115],[-110.81141,49.14287],[-110.81269,49.14723],[-110.80868,49.15197],[-110.8054,49.15229],[-110.80321,49.15734],[-110.79994,49.15973],[-110.79397,49.15764],[-110.79163,49.15871],[-110.78064,49.1526],[-110.77831,49.15104],[-110.77597,49.14557],[-110.7738,49.14539],[-110.7695,49.15023],[-110.76429,49.15105],[-110.76215,49.1538],[-110.74942,49.15292],[-110.7469,49.15531],[-110.7416,49.15626],[-110.73672,49.15486],[-110.73455,49.15014],[-110.7327,49.14972],[-110.71533,49.1522],[-110.71174,49.14998],[-110.71171,49.14652],[-110.70551,49.14318],[-110.68069,49.14715],[-110.67846,49.1488],[-110.66361,49.14896],[-110.65841,49.15171],[-110.64714,49.14771],[-110.64549,49.15046],[-110.63629,49.15451],[-110.63437,49.15735],[-110.62076,49.16227],[-110.61251,49.16285],[-110.60379,49.15881],[-110.59503,49.16027],[-110.58998,49.1583],[-110.58769,49.16047],[-110.58378,49.16016],[-110.57196,49.15567],[-110.56772,49.15215],[-110.56556,49.14748],[-110.55626,49.14092],[-110.55018,49.14531],[-110.5406,49.14157],[-110.52597,49.14499],[-110.51809,49.14892],[-110.51177,49.14972],[-110.51038,49.1562],[-110.5058,49.15929],[-110.50269,49.15882],[-110.49949,49.15526],[-110.4924,49.15618],[-110.4912,49.15896],[-110.49318,49.16252],[-110.49012,49.1628],[-110.48409,49.169],[-110.47751,49.16724],[-110.46852,49.16854],[-110.46308,49.16412],[-110.46427,49.16173],[-110.46259,49.15672],[-110.4679,49.15236],[-110.46549,49.14356],[-110.47019,49.13695],[-110.46649,49.12594],[-110.45942,49.11889],[-110.4634,49.10733],[-110.45146,49.09969],[-110.45019,49.09664],[-110.44311,49.09384],[-110.4426,49.09153],[-110.4233,49.08357],[-110.42365,49.08115],[-110.4143,49.07871],[-110.35966,49.04942],[-110.34374,49.04923],[-110.33494,49.03688],[-110.31379,49.03169],[-110.29571,49.02193],[-110.28783,49.01977],[-110.28294,49.01614],[-110.27223,49.01226],[-110.27057,49.01117],[-110.27151,49.00929],[-110.26374,49.00515],[-110.25759,49.00541],[-110.24776,49.00169],[-110.22667,48.99109],[-110.22397,48.98891],[-110.22309,48.98493],[-110.22027,48.98347],[-110.2132,48.9804],[-110.20649,48.98006],[-110.20311,48.97685],[-110.20414,48.97539],[-110.20008,48.97468],[-110.19674,48.97188],[-110.17942,48.96887],[-110.17447,48.96651],[-110.17313,48.96291],[-110.16555,48.96115],[-110.15581,48.95404],[-110.15,48.95422],[-110.14478,48.9565],[-110.13562,48.95246],[-110.13729,48.9498],[-110.136,48.94764],[-110.12708,48.95097],[-110.10502,48.94317],[-110.10352,48.94148],[-110.10587,48.9359],[-110.10558,48.93145],[-110.09223,48.92901],[-110.05836,48.91417],[-110.05095,48.90938],[-110.04878,48.90601],[-110.04074,48.90173],[-110.02548,48.89975],[-110.02399,48.89741],[-110.02759,48.89495],[-110.02493,48.89218],[-110.02152,48.89484],[-110.01129,48.89715],[-110.00836,48.89616],[-110.00554,48.89809],[-109.99824,48.8947],[-109.99478,48.89513],[-109.98887,48.89068],[-109.96837,48.89133],[-109.94495,48.88491],[-109.94637,48.88146],[-109.93771,48.88167],[-109.91859,48.87856],[-109.91324,48.88619],[-109.91827,48.89403],[-109.91261,48.89386],[-109.90937,48.89704],[-109.90129,48.89601],[-109.89203,48.89727],[-109.8879,48.90074],[-109.8824,48.9017],[-109.88304,48.90683],[-109.88044,48.91066],[-109.88174,48.91183],[-109.88068,48.91348],[-109.85853,48.91783],[-109.85533,48.92409],[-109.84946,48.92951],[-109.84891,48.93482],[-109.85611,48.93647],[-109.86573,48.94168],[-109.86557,48.94848],[-109.86685,48.95013],[-109.86579,48.96297],[-109.8675,48.96492],[-109.86484,48.96972],[-109.86194,48.97107],[-109.86224,48.97352],[-109.87712,48.97763],[-109.88208,48.9764],[-109.88514,48.97864],[-109.89256,48.97868],[-109.91036,48.98779],[-109.91969,48.9859],[-109.92466,48.99183],[-109.92542,48.99493],[-109.93953,48.99725],[-109.94321,48.99941],[-109.96024,49.01279],[-109.95982,49.01805],[-109.96321,49.02054],[-109.96449,49.02605],[-109.96064,49.04095],[-109.96176,49.0474],[-109.97547,49.06042],[-109.98263,49.06342],[-109.9811,49.07211],[-109.98546,49.07545],[-109.98977,49.07517],[-109.99348,49.07238],[-109.99266,49.07038],[-109.99392,49.0683],[-109.99199,49.06497],[-109.99734,49.06595],[-110.0099,49.0748],[-110.01307,49.0816],[-110.01927,49.08686],[-110.01796,49.09359],[-110.01226,49.09954],[-109.99479,49.09633],[-109.99292,49.09824],[-109.99357,49.11214],[-109.99523,49.11577],[-110.00257,49.12215],[-110.01065,49.12352],[-110.01293,49.12623],[-110.01117,49.13222],[-110.00442,49.13411],[-110.00262,49.13933],[-109.99211,49.13817],[-109.99263,49.13613],[-109.98984,49.1355],[-109.98283,49.13826],[-109.97974,49.14339],[-109.9912,49.13964],[-109.99368,49.14061],[-109.99418,49.14462],[-110.00359,49.14558],[-110.00195,49.15293],[-110.00303,49.15461],[-110.01253,49.1577],[-110.01712,49.16199],[-110.03048,49.16301],[-110.03788,49.16724],[-110.04999,49.16899],[-110.06642,49.18239],[-110.07314,49.18244],[-110.09019,49.19647],[-110.09434,49.20599],[-110.0939,49.21446],[-110.09701,49.22132],[-110.10329,49.21968],[-110.12065,49.2203],[-110.13606,49.22393],[-110.16015,49.21799],[-110.19022,49.21926],[-110.19588,49.21537],[-110.20537,49.21334],[-110.20865,49.21719],[-110.20844,49.21952],[-110.20447,49.22362],[-110.20378,49.22668],[-110.2094,49.23314],[-110.21584,49.23759],[-110.24656,49.23054],[-110.26395,49.22897],[-110.2708,49.23168],[-110.26628,49.23298],[-110.26932,49.23791],[-110.26939,49.2411],[-110.28447,49.24494],[-110.28678,49.24708],[-110.29246,49.24529],[-110.2969,49.24174],[-110.30442,49.2472],[-110.31052,49.24775],[-110.31676,49.24376],[-110.31535,49.24152],[-110.31804,49.24236],[-110.34076,49.25923],[-110.34563,49.26516],[-110.34568,49.27169],[-110.34897,49.27487],[-110.35571,49.27926],[-110.37618,49.2865],[-110.39384,49.2986],[-110.39489,49.30389],[-110.40659,49.30859],[-110.41496,49.31391],[-110.41158,49.31597],[-110.40524,49.31545],[-110.38932,49.32344],[-110.38035,49.32569],[-110.37314,49.33326],[-110.36289,49.33138],[-110.3556,49.32698],[-110.34683,49.3287],[-110.34799,49.33552],[-110.35051,49.33758],[-110.36298,49.33568],[-110.36501,49.34138],[-110.37504,49.34236],[-110.38025,49.34665],[-110.39111,49.35151],[-110.38904,49.35495],[-110.38107,49.35583],[-110.37404,49.3606],[-110.36321,49.37238],[-110.36434,49.37889],[-110.37003,49.38317],[-110.37329,49.3887],[-110.37718,49.39169],[-110.38592,49.39412],[-110.38327,49.40082],[-110.38826,49.40532],[-110.38715,49.4079],[-110.38927,49.41151],[-110.41285,49.4169],[-110.4179,49.41625],[-110.42977,49.40968],[-110.43891,49.40977],[-110.44614,49.41193],[-110.44923,49.41358],[-110.4545,49.42895],[-110.46212,49.43131],[-110.47161,49.43994],[-110.47105,49.44174],[-110.45185,49.44494],[-110.45126,49.45318],[-110.45831,49.46383],[-110.45912,49.46727],[-110.4578,49.47094],[-110.45087,49.47599],[-110.44434,49.47694],[-110.44314,49.48052],[-110.44966,49.48569],[-110.43646,49.49007],[-110.43289,49.49724],[-110.43566,49.5039],[-110.42787,49.50462],[-110.42624,49.50697],[-110.41592,49.51079],[-110.41722,49.5128],[-110.41395,49.51488],[-110.41392,49.51714],[-110.41741,49.51918],[-110.41518,49.52288],[-110.41577,49.52533],[-110.41057,49.52529],[-110.40804,49.53122],[-110.41464,49.53357],[-110.41831,49.53664],[-110.41781,49.54184],[-110.41458,49.54541],[-110.41705,49.55069],[-110.43081,49.55427],[-110.44022,49.55387],[-110.44648,49.55005],[-110.45823,49.5522],[-110.46282,49.55017],[-110.47898,49.55012],[-110.48038,49.55086],[-110.48043,49.55509],[-110.48344,49.55569],[-110.48563,49.5586],[-110.48511,49.56046],[-110.47555,49.5594],[-110.47268,49.56043],[-110.46504,49.55874],[-110.45959,49.55994],[-110.45118,49.55817],[-110.44198,49.55901],[-110.43973,49.56506],[-110.45043,49.57275],[-110.4499,49.57466],[-110.44629,49.57591],[-110.44398,49.58231],[-110.43914,49.58378],[-110.43887,49.58804],[-110.43497,49.58875],[-110.41929,49.58807],[-110.4189,49.58433],[-110.41367,49.5797],[-110.41078,49.57379],[-110.40146,49.57432],[-110.40481,49.58084],[-110.40219,49.58584],[-110.38606,49.59247],[-110.39218,49.6116],[-110.38772,49.61616],[-110.37753,49.62151],[-110.36513,49.62135],[-110.35996,49.62476],[-110.34429,49.6279],[-110.33022,49.6338],[-110.32165,49.6349],[-110.31053,49.63521],[-110.28094,49.63147],[-110.26458,49.63533],[-110.25459,49.63055],[-110.20901,49.65102],[-110.20825,49.65666],[-110.20388,49.6591],[-110.19413,49.6608],[-110.18784,49.65941],[-110.16552,49.66009],[-110.14101,49.66309],[-110.1311,49.66223],[-110.12708,49.66503],[-110.12471,49.6693],[-110.12367,49.67566],[-110.12002,49.67357],[-110.10948,49.68012],[-110.09846,49.66902],[-110.08153,49.6739],[-110.07769,49.67169],[-110.05106,49.6678],[-110.04441,49.6657],[-110.04293,49.66353],[-110.02886,49.6649],[-110.02228,49.66224],[-110.02361,49.66475],[-110.02253,49.66687],[-110.01444,49.66692],[-110.00856,49.66558],[-109.99694,49.65749],[-109.99213,49.65745],[-109.97276,49.64916],[-109.96427,49.65139],[-109.95498,49.65081],[-109.94536,49.64807],[-109.94212,49.64919],[-109.94022,49.65215],[-109.93886,49.66197],[-109.93186,49.66503],[-109.92977,49.67107],[-109.92115,49.67275],[-109.91503,49.67184],[-109.90197,49.67471],[-109.88997,49.66896],[-109.88904,49.66678],[-109.88232,49.66545],[-109.87849,49.66521],[-109.87113,49.67],[-109.86296,49.67101],[-109.85238,49.66858],[-109.84916,49.66967],[-109.84477,49.66678],[-109.83677,49.66746],[-109.83728,49.66444],[-109.83332,49.65993],[-109.83362,49.65337],[-109.82728,49.65205],[-109.82526,49.64876],[-109.81895,49.65401],[-109.81104,49.65658],[-109.80768,49.66157],[-109.79592,49.66218],[-109.78652,49.65725],[-109.78299,49.65816],[-109.78014,49.65647],[-109.78312,49.65311],[-109.77624,49.64943],[-109.77675,49.6476],[-109.78179,49.6451],[-109.77596,49.64077],[-109.79044,49.62982],[-109.78662,49.62651],[-109.78669,49.62399],[-109.77995,49.62057],[-109.77192,49.62466],[-109.76385,49.62275],[-109.76435,49.6196],[-109.76793,49.61555],[-109.76575,49.61265],[-109.76908,49.60941],[-109.76873,49.60798],[-109.76118,49.60533],[-109.76143,49.60236],[-109.76464,49.60087],[-109.76152,49.59888],[-109.75968,49.59135],[-109.75242,49.5842],[-109.74821,49.58631],[-109.74381,49.59194],[-109.73869,49.5933],[-109.72464,49.5885],[-109.71828,49.59058],[-109.69965,49.58668],[-109.69433,49.58816],[-109.69241,49.59111],[-109.69308,49.59411],[-109.68261,49.60018],[-109.68118,49.60421],[-109.68303,49.607],[-109.68031,49.61919],[-109.67415,49.62474],[-109.66697,49.62636],[-109.6684,49.63082],[-109.65805,49.63325],[-109.65942,49.63908],[-109.65625,49.64506],[-109.6494,49.64874],[-109.6425,49.64772],[-109.63813,49.65164],[-109.63982,49.65379],[-109.63631,49.65457],[-109.63624,49.65693],[-109.63186,49.65702],[-109.63168,49.65411],[-109.62892,49.65044],[-109.62219,49.64451],[-109.61521,49.64188],[-109.60907,49.64317],[-109.60698,49.64921],[-109.60094,49.64872],[-109.59662,49.65274],[-109.58755,49.65085],[-109.58398,49.64759],[-109.58191,49.64974],[-109.58828,49.65333],[-109.58349,49.65898],[-109.58394,49.67249],[-109.57128,49.67319],[-109.56861,49.66928],[-109.56593,49.6695],[-109.56565,49.67262],[-109.5606,49.67293],[-109.55809,49.67747],[-109.55619,49.67768],[-109.54743,49.67576],[-109.54643,49.67066],[-109.54449,49.66965],[-109.54104,49.67264],[-109.53763,49.68221],[-109.5357,49.68285],[-109.53744,49.68831],[-109.53251,49.68836],[-109.5309,49.69281],[-109.52644,49.69158],[-109.51982,49.69333],[-109.50896,49.69296],[-109.50549,49.69608],[-109.4968,49.68709],[-109.48779,49.68602],[-109.48107,49.68154],[-109.47763,49.68342],[-109.47272,49.67817],[-109.47139,49.6747],[-109.46862,49.67265],[-109.47203,49.66785],[-109.47602,49.66589],[-109.47295,49.66018],[-109.45871,49.66607],[-109.45547,49.66472],[-109.44436,49.667],[-109.4429,49.66825],[-109.44337,49.67045],[-109.43193,49.68262],[-109.42471,49.68282],[-109.41949,49.68848],[-109.42128,49.69582],[-109.41945,49.69602],[-109.41249,49.69085],[-109.40862,49.6927],[-109.40459,49.69215],[-109.39767,49.69665],[-109.39447,49.70238],[-109.38651,49.70245],[-109.38153,49.7045],[-109.37714,49.70267],[-109.374,49.70369],[-109.37371,49.70735],[-109.37062,49.71022],[-109.36908,49.7021],[-109.36623,49.69856],[-109.35051,49.70344],[-109.3484,49.71212],[-109.34898,49.71698],[-109.34236,49.7185],[-109.34058,49.72002],[-109.34046,49.72374],[-109.33232,49.72777],[-109.32253,49.72816],[-109.32326,49.73741],[-109.32017,49.73917],[-109.29304,49.7318],[-109.28952,49.72905],[-109.2892,49.72429],[-109.28756,49.72343],[-109.27238,49.72762],[-109.25172,49.72651],[-109.24348,49.72766],[-109.22781,49.72102],[-109.21013,49.71985],[-109.20597,49.72105],[-109.20645,49.71945],[-109.2027,49.71701],[-109.19738,49.72109],[-109.19272,49.7207],[-109.18994,49.72538],[-109.17759,49.72802],[-109.17705,49.73294],[-109.17418,49.73405],[-109.16963,49.73088],[-109.16485,49.72994],[-109.15939,49.73349],[-109.15283,49.72893],[-109.13287,49.72352],[-109.1276,49.71688],[-109.11901,49.71213],[-109.1134,49.71124],[-109.10951,49.70828],[-109.10461,49.70779],[-109.09713,49.7025],[-109.08291,49.70354],[-109.07641,49.7022],[-109.06437,49.70562],[-109.05023,49.71244],[-109.04557,49.71723],[-109.02317,49.70571],[-109.0133,49.69817],[-109.00741,49.69705],[-109.00125,49.7033],[-108.98622,49.70106],[-108.98088,49.70217],[-108.96456,49.69687],[-108.95952,49.69082],[-108.93613,49.67853],[-108.92434,49.67417],[-108.91642,49.67382],[-108.92114,49.67004],[-108.9223,49.66597],[-108.91868,49.66302],[-108.91813,49.65984],[-108.91166,49.65653],[-108.88649,49.66167],[-108.86835,49.65477],[-108.84148,49.65529],[-108.83882,49.64845],[-108.84127,49.63892],[-108.84753,49.63892],[-108.84237,49.6286],[-108.84523,49.6091],[-108.84096,49.60278],[-108.83792,49.60208],[-108.83001,49.59232],[-108.82411,49.59076],[-108.8222,49.58457],[-108.81497,49.57884],[-108.80427,49.57264],[-108.79943,49.57214],[-108.79461,49.56771],[-108.78121,49.56865],[-108.77441,49.56722],[-108.76672,49.56346],[-108.77158,49.55694],[-108.75077,49.55235],[-108.74187,49.55648],[-108.74157,49.55939],[-108.73067,49.55434],[-108.71963,49.55941],[-108.7195,49.56125],[-108.71029,49.56712],[-108.7119,49.57045],[-108.71057,49.57448],[-108.71675,49.57738],[-108.71418,49.57949],[-108.70624,49.57844],[-108.70417,49.57699],[-108.70525,49.57565],[-108.69794,49.57085],[-108.69867,49.56815],[-108.69585,49.56158],[-108.7005,49.55741],[-108.70243,49.55239],[-108.70081,49.5502],[-108.69151,49.55116],[-108.68943,49.55252],[-108.69171,49.55532],[-108.68596,49.55651],[-108.67936,49.56113],[-108.68023,49.56217],[-108.67589,49.56598],[-108.67605,49.56971],[-108.67117,49.5684],[-108.6633,49.55811],[-108.6567,49.55543],[-108.66688,49.54769],[-108.66113,49.54496],[-108.64993,49.54512],[-108.64405,49.54232],[-108.63281,49.541],[-108.63612,49.5385],[-108.63593,49.53603],[-108.63416,49.53487],[-108.63253,49.52881],[-108.62824,49.52843],[-108.62827,49.52238],[-108.64288,49.51851],[-108.64197,49.51066],[-108.6435,49.50696],[-108.63849,49.50708],[-108.63044,49.51055],[-108.62152,49.50593],[-108.61355,49.50433],[-108.61972,49.4997],[-108.62158,49.4961],[-108.61892,49.49249],[-108.6097,49.48808],[-108.60841,49.48504],[-108.60905,49.47737],[-108.60098,49.47179],[-108.59855,49.4721],[-108.59266,49.4685],[-108.58784,49.46775],[-108.58403,49.4697],[-108.57478,49.4708],[-108.57562,49.46364],[-108.57446,49.46208],[-108.5623,49.45825],[-108.55596,49.46437],[-108.54849,49.46583],[-108.5333,49.46463],[-108.53012,49.46076],[-108.52268,49.46186],[-108.52074,49.46082],[-108.52019,49.45754],[-108.51726,49.45619],[-108.51198,49.45861],[-108.49527,49.45926],[-108.49099,49.46434],[-108.49028,49.46824],[-108.49358,49.47119],[-108.4912,49.47722],[-108.48523,49.481],[-108.46013,49.48248],[-108.44086,49.48035],[-108.43998,49.48625],[-108.43564,49.48634],[-108.43362,49.49121],[-108.428,49.49171],[-108.41585,49.49917],[-108.40893,49.51018],[-108.40912,49.51365],[-108.40148,49.51694],[-108.39611,49.51633],[-108.39404,49.51982],[-108.39698,49.52282],[-108.39385,49.52491],[-108.3913,49.52252],[-108.38874,49.52436],[-108.38629,49.52388],[-108.38404,49.52111],[-108.38819,49.5165],[-108.38174,49.51364],[-108.38522,49.51018],[-108.38441,49.50605],[-108.38279,49.50564],[-108.38,49.5089],[-108.37401,49.51094],[-108.37202,49.50934],[-108.36953,49.50534],[-108.37004,49.49937],[-108.36735,49.499],[-108.36281,49.49492],[-108.36237,49.49305],[-108.36503,49.49117],[-108.3621,49.4875],[-108.36316,49.48617],[-108.36061,49.4829],[-108.35961,49.47689],[-108.358,49.47769],[-108.35349,49.47535],[-108.34353,49.47732],[-108.34601,49.48013],[-108.34573,49.48762],[-108.34821,49.49062],[-108.34493,49.49151],[-108.34505,49.49318],[-108.34736,49.49365],[-108.34326,49.4968],[-108.34677,49.49907],[-108.33562,49.50312],[-108.33317,49.50646],[-108.33396,49.50948],[-108.33115,49.51032],[-108.33411,49.51205],[-108.3377,49.51165],[-108.33657,49.51508],[-108.33918,49.51814],[-108.33942,49.52017],[-108.33405,49.52585],[-108.34307,49.52787],[-108.34707,49.53148],[-108.35212,49.53218],[-108.35818,49.53022],[-108.36056,49.52552],[-108.36569,49.52741],[-108.3638,49.52892],[-108.36409,49.53283],[-108.36709,49.5342],[-108.35903,49.53723],[-108.35793,49.53917],[-108.36496,49.54214],[-108.37155,49.54142],[-108.37586,49.54586],[-108.38055,49.54654],[-108.38378,49.54947],[-108.37576,49.55798],[-108.37361,49.56214],[-108.37322,49.57231],[-108.37016,49.57401],[-108.3678,49.57871],[-108.35904,49.57702],[-108.35428,49.58247],[-108.35131,49.58257],[-108.34991,49.58519],[-108.34582,49.58604],[-108.34281,49.58343],[-108.3443,49.57942],[-108.34712,49.57889],[-108.3451,49.57435],[-108.33829,49.57606],[-108.33383,49.57478],[-108.32758,49.57816],[-108.32736,49.58108],[-108.32936,49.58133],[-108.33089,49.58665],[-108.33403,49.589],[-108.32578,49.59088],[-108.31571,49.59112],[-108.31537,49.58697],[-108.29243,49.57895],[-108.29051,49.57564],[-108.28622,49.57296],[-108.29181,49.56379],[-108.29059,49.55539],[-108.29444,49.54966],[-108.29006,49.54278],[-108.29198,49.54054],[-108.28498,49.53461],[-108.27758,49.53579],[-108.26589,49.54251],[-108.26036,49.54306],[-108.25846,49.54561],[-108.25402,49.53678],[-108.25439,49.53387],[-108.25874,49.53192],[-108.25455,49.52373],[-108.2515,49.52148],[-108.24534,49.52148],[-108.24219,49.52353],[-108.24299,49.52607],[-108.24098,49.52744],[-108.2322,49.52777],[-108.22994,49.53112],[-108.22729,49.53247],[-108.22505,49.53049],[-108.22266,49.53181],[-108.22421,49.53327],[-108.21711,49.53623],[-108.20477,49.52971],[-108.20172,49.52998],[-108.19528,49.52031],[-108.18592,49.52664],[-108.17545,49.52616],[-108.16635,49.52778],[-108.16505,49.52573],[-108.16752,49.52366],[-108.16788,49.51882],[-108.15653,49.52168],[-108.15377,49.5261],[-108.14776,49.52499],[-108.14605,49.52206],[-108.13058,49.51829],[-108.12103,49.51375],[-108.1198,49.51679],[-108.11332,49.51763],[-108.11594,49.51288],[-108.11468,49.51159],[-108.1063,49.50768],[-108.10328,49.51031],[-108.10026,49.50765],[-108.09934,49.50296],[-108.10069,49.50117],[-108.09028,49.50044],[-108.09234,49.49829],[-108.09029,49.49571],[-108.08772,49.49536],[-108.07958,49.49887],[-108.07437,49.49711],[-108.06142,49.49737],[-108.05621,49.49558],[-108.05196,49.49786],[-108.04524,49.49813],[-108.04177,49.49185],[-108.0276,49.48891],[-108.0248,49.4843],[-108.01683,49.47767],[-108.01648,49.47581],[-108.01976,49.47139],[-108.01436,49.47101],[-108.00843,49.46544],[-107.99746,49.46845],[-108.00031,49.47772],[-107.99458,49.48635],[-107.99122,49.48788],[-107.98205,49.48922],[-107.97508,49.48722],[-107.96946,49.48865],[-107.9659,49.48727],[-107.96261,49.48904],[-107.95742,49.48747],[-107.95519,49.48407],[-107.94912,49.48042],[-107.94243,49.47989],[-107.93865,49.47662],[-107.92736,49.48059],[-107.92271,49.48403],[-107.91879,49.48283],[-107.90695,49.48687],[-107.90568,49.48792],[-107.90865,49.49113],[-107.90589,49.49733],[-107.90854,49.49904],[-107.90575,49.50109],[-107.90435,49.50529],[-107.90973,49.51173],[-107.90958,49.51383],[-107.90214,49.51216],[-107.89613,49.51272],[-107.88789,49.5195],[-107.87801,49.52231],[-107.87,49.521],[-107.8664,49.52492],[-107.85615,49.52076],[-107.83656,49.52114],[-107.8314,49.53243],[-107.8247,49.53892],[-107.82554,49.54275],[-107.82389,49.5475],[-107.81867,49.55205],[-107.80902,49.5554],[-107.79305,49.55422],[-107.78982,49.55123],[-107.77908,49.55187],[-107.77234,49.54909],[-107.7557,49.54828],[-107.73994,49.54241],[-107.72202,49.54889],[-107.70546,49.55051],[-107.69763,49.556],[-107.696,49.56145],[-107.69294,49.56207],[-107.69096,49.56181],[-107.68648,49.55579],[-107.68238,49.55409],[-107.67329,49.55488],[-107.67035,49.55894],[-107.65992,49.55815],[-107.65231,49.56494],[-107.64426,49.56323],[-107.64003,49.56003],[-107.62433,49.55495],[-107.62293,49.55293],[-107.61654,49.55841],[-107.61242,49.55491],[-107.61695,49.55261],[-107.6158,49.55078],[-107.6182,49.54955],[-107.61862,49.54735],[-107.61656,49.54592],[-107.62024,49.53915],[-107.61618,49.53652],[-107.62489,49.52628],[-107.62,49.52099],[-107.61116,49.51661],[-107.60963,49.51264],[-107.58958,49.51484],[-107.58683,49.51674],[-107.57943,49.51788],[-107.57506,49.51631],[-107.57801,49.51287],[-107.5698,49.5079],[-107.57714,49.49974],[-107.58081,49.49213],[-107.58167,49.48581],[-107.58042,49.48121],[-107.58199,49.4784],[-107.57409,49.47606],[-107.57202,49.47356],[-107.57415,49.47144],[-107.57279,49.46633],[-107.57656,49.46217],[-107.57279,49.45945],[-107.5772,49.45441],[-107.56903,49.45011],[-107.57145,49.44528],[-107.57046,49.44224],[-107.57425,49.43589],[-107.57182,49.43336],[-107.56248,49.43215],[-107.56015,49.42879],[-107.55122,49.4277],[-107.54603,49.42275],[-107.54138,49.42232],[-107.5353,49.41352],[-107.53478,49.40803],[-107.52088,49.40582],[-107.51801,49.40354],[-107.51156,49.40429],[-107.5025,49.40039],[-107.49776,49.40094],[-107.48524,49.38889],[-107.48996,49.38362],[-107.48478,49.38433],[-107.48065,49.38177],[-107.4736,49.38055],[-107.46207,49.38109],[-107.4631,49.37773],[-107.45478,49.37232],[-107.45077,49.37269],[-107.44741,49.3699],[-107.43091,49.3692],[-107.42707,49.36191],[-107.41622,49.36283],[-107.41144,49.36022],[-107.39736,49.36466],[-107.39473,49.36864],[-107.38968,49.36998],[-107.37585,49.36375],[-107.36319,49.36376],[-107.35517,49.35684],[-107.35708,49.35433],[-107.35339,49.35147],[-107.35475,49.34516],[-107.339,49.34119],[-107.31786,49.3429],[-107.31307,49.34047],[-107.31022,49.33585],[-107.30453,49.33388],[-107.30264,49.33556],[-107.29906,49.33227],[-107.29233,49.33544],[-107.29296,49.3334],[-107.29072,49.33145],[-107.29064,49.32883],[-107.28615,49.32426],[-107.28719,49.31839],[-107.28384,49.31774],[-107.27872,49.31272],[-107.27524,49.31239],[-107.27389,49.30976],[-107.26521,49.30858],[-107.26022,49.30476],[-107.25743,49.30458],[-107.25773,49.29938],[-107.25359,49.29715],[-107.24826,49.29031],[-107.24498,49.29157],[-107.2393,49.29028],[-107.23356,49.28319],[-107.22959,49.28221],[-107.22539,49.27379],[-107.22755,49.26918],[-107.23278,49.26751],[-107.2267,49.26385],[-107.21743,49.26568],[-107.21293,49.26501],[-107.20293,49.26972],[-107.19507,49.26684],[-107.19266,49.27],[-107.19004,49.27034],[-107.19202,49.26323],[-107.18631,49.25921],[-107.17012,49.25736],[-107.1645,49.25928],[-107.15664,49.25776],[-107.15322,49.25507],[-107.14708,49.24822],[-107.15208,49.245],[-107.15264,49.23996],[-107.1465,49.22815],[-107.1471,49.22392],[-107.14389,49.22127],[-107.14342,49.21715],[-107.13996,49.21478],[-107.12349,49.21294],[-107.12011,49.21415],[-107.11656,49.21805],[-107.11445,49.21778],[-107.11512,49.21062],[-107.11353,49.20776],[-107.11018,49.20769],[-107.10002,49.2118],[-107.09603,49.21494],[-107.09517,49.21795],[-107.09048,49.21937],[-107.09183,49.22257],[-107.09045,49.22644],[-107.09516,49.23046],[-107.09436,49.23205],[-107.08827,49.23341],[-107.08232,49.22861],[-107.07781,49.23017],[-107.07062,49.2389],[-107.06755,49.23723],[-107.05476,49.24015],[-107.0533,49.23508],[-107.0559,49.23241],[-107.05428,49.23008],[-107.05651,49.22412],[-107.05551,49.22148],[-107.04949,49.22062],[-107.04158,49.21092],[-107.0398,49.21271],[-107.03542,49.21066],[-107.03028,49.21086],[-107.02055,49.21883],[-107.01568,49.23075],[-107.01355,49.23174],[-107.0049,49.22924],[-107.00061,49.22536],[-106.99706,49.21495],[-106.99071,49.21257],[-106.99059,49.20945],[-106.99554,49.2052],[-106.99142,49.19956],[-106.99157,49.19466],[-106.9862,49.19102],[-106.98787,49.18436],[-106.98217,49.18327],[-106.97519,49.17846],[-106.96713,49.17943],[-106.96478,49.17723],[-106.95567,49.17897],[-106.94906,49.17821],[-106.94513,49.18143],[-106.94419,49.18549],[-106.93818,49.1847],[-106.93562,49.18231],[-106.92777,49.18146],[-106.91611,49.185],[-106.9132,49.18164],[-106.90928,49.18007],[-106.90496,49.18166],[-106.90118,49.18103],[-106.89708,49.1831],[-106.89355,49.18163],[-106.89027,49.1839],[-106.88473,49.18193],[-106.87399,49.18262],[-106.87328,49.18494],[-106.86999,49.18358],[-106.8679,49.1844],[-106.86214,49.18966],[-106.85334,49.18868],[-106.85161,49.1907],[-106.85419,49.19561],[-106.84719,49.19814],[-106.84593,49.20551],[-106.84938,49.21798],[-106.84797,49.21975],[-106.85059,49.22344],[-106.8539,49.23433],[-106.85043,49.23645],[-106.85509,49.24155],[-106.85274,49.24557],[-106.83736,49.24818],[-106.83536,49.25115],[-106.83248,49.25042],[-106.82453,49.2531],[-106.81458,49.25182],[-106.81307,49.24766],[-106.80734,49.24757],[-106.80505,49.24607],[-106.80208,49.23875],[-106.7965,49.23699],[-106.7999,49.23027],[-106.79712,49.22773],[-106.79734,49.22508],[-106.79309,49.22674],[-106.78075,49.22496],[-106.775,49.22773],[-106.77407,49.23031],[-106.75955,49.23335],[-106.76133,49.23709],[-106.75923,49.24011],[-106.75332,49.2413],[-106.75046,49.24116],[-106.75021,49.23423],[-106.74835,49.23336],[-106.7467,49.23412],[-106.74567,49.23887],[-106.73966,49.23927],[-106.73994,49.24407],[-106.73837,49.2465],[-106.74176,49.24848],[-106.74245,49.2559],[-106.74391,49.25734],[-106.73696,49.26052],[-106.73925,49.26462],[-106.73874,49.26813],[-106.7303,49.2716],[-106.7281,49.2696],[-106.72154,49.26915],[-106.71332,49.27263],[-106.70994,49.27234],[-106.70613,49.27413],[-106.70345,49.28491],[-106.70143,49.28563],[-106.69907,49.28369],[-106.69129,49.28454],[-106.68629,49.28046],[-106.68382,49.28594],[-106.68113,49.28607],[-106.66702,49.27885],[-106.65705,49.27014],[-106.65113,49.2685],[-106.64158,49.26955],[-106.63484,49.26772],[-106.62318,49.27037],[-106.6139,49.26762],[-106.6058,49.26925],[-106.60292,49.27264],[-106.59991,49.27184],[-106.58218,49.27436],[-106.57388,49.27012],[-106.56599,49.26869],[-106.5599,49.26418],[-106.55112,49.2645],[-106.54933,49.26532],[-106.54916,49.26779],[-106.5406,49.26945],[-106.53579,49.27281],[-106.53088,49.27085],[-106.52508,49.27086],[-106.51893,49.26721],[-106.51573,49.27043],[-106.51067,49.27138],[-106.51034,49.26633],[-106.50516,49.26712],[-106.48535,49.26499],[-106.48147,49.26285],[-106.47862,49.2635],[-106.47896,49.26761],[-106.47576,49.26935],[-106.47142,49.26697],[-106.46975,49.26339],[-106.46125,49.25942],[-106.45447,49.25855],[-106.45764,49.25319],[-106.45679,49.25208],[-106.44932,49.2523],[-106.44514,49.25427],[-106.43207,49.2514],[-106.42848,49.24734],[-106.42937,49.24348],[-106.41971,49.24154],[-106.41498,49.24183],[-106.41441,49.24279],[-106.41691,49.24454],[-106.41575,49.24681],[-106.41049,49.24583],[-106.40336,49.24783],[-106.39704,49.24704],[-106.39509,49.24996],[-106.39202,49.25075],[-106.38893,49.24971],[-106.38889,49.24561],[-106.38495,49.24305],[-106.38205,49.24477],[-106.37941,49.24416],[-106.37746,49.24689],[-106.37309,49.2461],[-106.37229,49.24893],[-106.37503,49.25069],[-106.37141,49.25347],[-106.37346,49.2561],[-106.37238,49.26184],[-106.36415,49.26113],[-106.35973,49.257],[-106.35356,49.25663],[-106.34735,49.26583],[-106.34166,49.26932],[-106.34079,49.27204],[-106.33122,49.27284],[-106.32962,49.27618],[-106.31237,49.2814],[-106.30839,49.28546],[-106.3035,49.28725],[-106.28017,49.28531],[-106.27291,49.28923],[-106.2696,49.28875],[-106.26447,49.28424],[-106.25978,49.28633],[-106.2484,49.28193],[-106.2354,49.28328],[-106.22609,49.27805],[-106.20871,49.27807],[-106.20663,49.274],[-106.20846,49.27304],[-106.20581,49.27157],[-106.2062,49.26888],[-106.20165,49.26855],[-106.19316,49.26419],[-106.18152,49.26286],[-106.17664,49.25529],[-106.17932,49.25593],[-106.1801,49.25461],[-106.17477,49.24888],[-106.16605,49.24728],[-106.15762,49.2392],[-106.15354,49.23752],[-106.15299,49.23933],[-106.14778,49.23851],[-106.1474,49.23473],[-106.14168,49.23335],[-106.14285,49.23065],[-106.1355,49.23059],[-106.13062,49.22776],[-106.12581,49.22806],[-106.12301,49.22441],[-106.11595,49.22565],[-106.11456,49.223],[-106.11187,49.22263],[-106.10916,49.21912],[-106.10719,49.21931],[-106.10443,49.21506],[-106.09075,49.21583],[-106.08206,49.21202],[-106.07741,49.21283],[-106.07612,49.20963],[-106.07321,49.20851],[-106.07027,49.20965],[-106.05866,49.20486],[-106.05477,49.20688],[-106.05092,49.20666],[-106.04761,49.2018],[-106.04008,49.19806],[-106.04181,49.19374],[-106.03968,49.1901],[-106.02214,49.18657],[-106.01452,49.18058],[-106.00997,49.17834],[-106.00296,49.17779],[-105.99847,49.17348],[-105.99232,49.17233],[-105.99006,49.17023],[-105.98226,49.16909],[-105.97959,49.17119],[-105.97841,49.16951],[-105.97483,49.16892],[-105.96779,49.17472],[-105.96337,49.18307],[-105.95025,49.18788],[-105.95139,49.19211],[-105.94945,49.19325],[-105.94907,49.19745],[-105.94501,49.19618],[-105.94364,49.19914],[-105.93823,49.20243],[-105.9222,49.20467],[-105.91433,49.20372],[-105.91328,49.19735],[-105.90772,49.19826],[-105.90556,49.19522],[-105.90171,49.19373],[-105.89929,49.19582],[-105.89603,49.19609],[-105.88952,49.1938],[-105.89069,49.1885],[-105.89372,49.18692],[-105.89512,49.18405],[-105.89426,49.18243],[-105.88547,49.18097],[-105.88634,49.17647],[-105.88265,49.17326],[-105.88307,49.17042],[-105.87898,49.16812],[-105.87714,49.16928],[-105.87185,49.16852],[-105.86761,49.16589],[-105.85909,49.16623],[-105.85494,49.16295],[-105.85184,49.16416],[-105.85459,49.16625],[-105.85401,49.16933],[-105.85081,49.16678],[-105.84823,49.16727],[-105.8474,49.16543],[-105.83289,49.16225],[-105.83831,49.15883],[-105.83585,49.15302],[-105.83239,49.15572],[-105.82403,49.15583],[-105.82505,49.16074],[-105.82108,49.16064],[-105.8201,49.16565],[-105.80447,49.16277],[-105.80249,49.15951],[-105.79849,49.15927],[-105.79455,49.15599],[-105.78999,49.15484],[-105.78937,49.1508],[-105.79186,49.14841],[-105.79082,49.14754],[-105.78531,49.14528],[-105.78097,49.14764],[-105.77276,49.14616],[-105.77114,49.14419],[-105.76918,49.1453],[-105.76601,49.14196],[-105.76205,49.14154],[-105.76048,49.13912],[-105.75602,49.13811],[-105.75504,49.13476],[-105.74971,49.1343],[-105.74957,49.13146],[-105.74483,49.13067],[-105.74621,49.12784],[-105.74152,49.12607],[-105.74027,49.12268],[-105.74282,49.1221],[-105.74757,49.11229],[-105.74512,49.11317],[-105.73816,49.11065],[-105.73551,49.11475],[-105.72713,49.11428],[-105.72518,49.11647],[-105.7171,49.11506],[-105.714,49.11672],[-105.7083,49.11251],[-105.71121,49.10915],[-105.70557,49.10466],[-105.70347,49.10516],[-105.70138,49.1088],[-105.68744,49.10735],[-105.68395,49.09931],[-105.67521,49.09858],[-105.6714,49.09725],[-105.67027,49.09502],[-105.66687,49.0949],[-105.66115,49.08818],[-105.65919,49.0884],[-105.65723,49.08459],[-105.64562,49.0797],[-105.65002,49.07407],[-105.65022,49.0697],[-105.64467,49.06535],[-105.64619,49.06178],[-105.64039,49.0608],[-105.64163,49.05609],[-105.635,49.05543],[-105.63047,49.05708],[-105.62765,49.06027],[-105.62331,49.06018],[-105.62203,49.05727],[-105.61839,49.05597],[-105.61655,49.05686],[-105.61374,49.05303],[-105.60357,49.05244],[-105.60254,49.05061],[-105.60395,49.04378],[-105.59867,49.0418],[-105.59467,49.03094],[-105.58849,49.03113],[-105.58517,49.02717],[-105.58675,49.02511],[-105.58469,49.02273],[-105.57729,49.02479],[-105.57417,49.02222],[-105.57239,49.02265],[-105.56999,49.02763],[-105.56806,49.02648],[-105.56725,49.02843],[-105.56165,49.02895],[-105.56029,49.03194],[-105.55422,49.0277],[-105.55065,49.03171],[-105.54606,49.03328],[-105.54116,49.03119],[-105.54038,49.03247],[-105.53677,49.03073],[-105.53449,49.03139],[-105.53296,49.0349],[-105.53392,49.04029],[-105.53235,49.0429],[-105.52518,49.04226],[-105.52002,49.04393],[-105.51989,49.0424],[-105.51423,49.04139],[-105.51176,49.04255],[-105.50814,49.03768],[-105.5037,49.03516],[-105.50401,49.03158],[-105.50227,49.03011],[-105.49151,49.02773],[-105.48471,49.02795],[-105.48443,49.02934],[-105.48182,49.02959],[-105.47852,49.02654],[-105.47432,49.02761],[-105.46464,49.02663],[-105.46457,49.02852],[-105.45906,49.03183],[-105.45549,49.03028],[-105.44578,49.03176],[-105.4424,49.02566],[-105.44325,49.02319],[-105.44687,49.02261],[-105.44819,49.02063],[-105.44619,49.01944],[-105.44653,49.0175],[-105.4429,49.01228],[-105.44331,49.00966],[-105.44592,49.00832],[-105.44478,49.00572],[-105.44177,49.00429],[-105.4253,49.00373],[-105.42643,49.00287],[-105.42058,48.99948],[-105.4147,48.99788],[-105.41014,48.99895],[-105.40861,49.00183],[-105.40681,48.99946],[-105.39341,48.99939],[-105.39185,48.99506],[-105.38771,48.99467],[-105.38554,48.99491],[-105.3813,48.99947],[-105.36776,48.99948],[-105.37103,49.00264],[-105.36554,49.00388],[-105.36442,49.00578],[-105.36468,49.00917],[-105.36777,49.0106],[-105.36988,49.01408],[-105.3657,49.01717],[-105.36444,49.02186],[-105.36589,49.02572],[-105.36434,49.02654],[-105.36599,49.02882],[-105.36469,49.03081],[-105.36699,49.03101],[-105.36939,49.03548],[-105.3688,49.03932],[-105.37537,49.04303],[-105.3761,49.04519],[-105.36754,49.04731],[-105.36645,49.04886],[-105.36367,49.04781],[-105.35976,49.0506],[-105.35924,49.05239],[-105.36256,49.05316],[-105.36123,49.05487],[-105.36346,49.05663],[-105.36229,49.05929],[-105.35411,49.06491],[-105.35833,49.0658],[-105.3553,49.06867],[-105.34202,49.07053],[-105.3405,49.07229],[-105.34098,49.07487],[-105.3465,49.07632],[-105.3462,49.07912],[-105.3517,49.08448],[-105.3496,49.08565],[-105.34834,49.09179],[-105.34601,49.09451],[-105.34686,49.09575],[-105.33966,49.09941],[-105.33724,49.10359],[-105.33741,49.10901],[-105.33429,49.10924],[-105.33321,49.11119],[-105.32622,49.11385],[-105.32294,49.11689],[-105.33086,49.12308],[-105.32897,49.12409],[-105.32823,49.12745],[-105.33436,49.13283],[-105.3489,49.12636],[-105.35537,49.12147],[-105.35985,49.12191],[-105.36609,49.1266],[-105.36504,49.13078],[-105.36243,49.13286],[-105.36749,49.13485],[-105.36704,49.14079],[-105.35951,49.14395],[-105.36113,49.14561],[-105.37014,49.1472],[-105.37155,49.14887],[-105.37012,49.15375],[-105.37265,49.15521],[-105.37265,49.1581],[-105.37715,49.15921],[-105.37672,49.16196],[-105.37897,49.16243],[-105.38427,49.16777],[-105.38073,49.16986],[-105.38021,49.17259],[-105.37286,49.17309],[-105.36609,49.17655],[-105.34861,49.1769],[-105.34281,49.17912],[-105.34099,49.18286],[-105.33913,49.18343],[-105.32796,49.18174],[-105.32284,49.18369],[-105.31782,49.18855],[-105.31581,49.18796],[-105.31162,49.18141],[-105.30464,49.1824],[-105.30101,49.17997],[-105.28518,49.189],[-105.27893,49.18701],[-105.2777,49.189],[-105.27254,49.18662],[-105.26303,49.18809],[-105.2311,49.18466],[-105.23239,49.18632],[-105.23027,49.19046],[-105.22303,49.18824],[-105.21733,49.19021],[-105.21141,49.18947],[-105.21017,49.1879],[-105.20477,49.18861],[-105.20045,49.19382],[-105.19432,49.19392],[-105.19242,49.1973],[-105.18895,49.19771],[-105.18735,49.19507],[-105.18099,49.19285],[-105.1789,49.18813],[-105.17606,49.1875],[-105.16663,49.1905],[-105.16078,49.19064],[-105.15933,49.18878],[-105.15525,49.18798],[-105.1531,49.18946],[-105.14848,49.18552],[-105.14912,49.18459],[-105.14237,49.18524],[-105.136,49.18245],[-105.13735,49.17805],[-105.13455,49.17529],[-105.12836,49.17462],[-105.12816,49.17628],[-105.11916,49.17931],[-105.12125,49.1819],[-105.11691,49.1849],[-105.12018,49.18929],[-105.11774,49.19187],[-105.11915,49.19343],[-105.11737,49.19468],[-105.11725,49.19716],[-105.11488,49.19899],[-105.11681,49.2021],[-105.11612,49.20492],[-105.11262,49.2062],[-105.10883,49.20242],[-105.10591,49.20351],[-105.10307,49.20754],[-105.10125,49.20548],[-105.09735,49.20656],[-105.09736,49.20289],[-105.09384,49.20149],[-105.09428,49.19954],[-105.0885,49.19827],[-105.08563,49.19426],[-105.08733,49.1872],[-105.08364,49.18161],[-105.07304,49.17173],[-105.07592,49.17062],[-105.07212,49.16658],[-105.07398,49.16554],[-105.07324,49.16428],[-105.06728,49.16503],[-105.05946,49.16116],[-105.04809,49.16256],[-105.04387,49.16034],[-105.04357,49.15714],[-105.03902,49.15463],[-105.04041,49.15317],[-105.03946,49.15152],[-105.02979,49.15458],[-105.02368,49.15083],[-105.02136,49.14719],[-105.01885,49.14856],[-105.01354,49.1477],[-105.01216,49.14666],[-105.01335,49.14623],[-105.01287,49.14276],[-105.00951,49.14288],[-105.00332,49.13836],[-104.9977,49.13733],[-104.99699,49.13116],[-104.99162,49.12741],[-104.99505,49.12354],[-104.992,49.12062],[-105.00312,49.11799],[-105.00665,49.11237],[-105.00642,49.10829],[-104.99057,49.10906],[-104.98836,49.10878],[-104.98708,49.10602],[-104.97635,49.10922],[-104.97281,49.10416],[-104.9772,49.09956],[-104.97741,49.09603],[-104.97507,49.09594],[-104.97277,49.09843],[-104.94929,49.09351],[-104.94132,49.09684],[-104.93488,49.09479],[-104.92816,49.09805],[-104.91924,49.09714],[-104.91428,49.0998],[-104.91214,49.105],[-104.90435,49.09799],[-104.90323,49.09469],[-104.89573,49.09346],[-104.88903,49.08753],[-104.88117,49.08595],[-104.87996,49.08309],[-104.87344,49.07742],[-104.86596,49.07487],[-104.86435,49.07215],[-104.8674,49.06597],[-104.86626,49.06533],[-104.86919,49.06177],[-104.86881,49.06007],[-104.87217,49.05746],[-104.86315,49.04313],[-104.84218,49.04046],[-104.843,49.03783],[-104.83068,49.03008],[-104.82822,49.03208],[-104.82096,49.03282],[-104.81419,49.03024],[-104.8082,49.03148],[-104.80691,49.03643],[-104.80245,49.03588],[-104.80145,49.0383],[-104.79267,49.03853],[-104.78947,49.03668],[-104.78608,49.03808],[-104.76767,49.03873],[-104.76295,49.03843],[-104.75801,49.03278],[-104.75097,49.02999],[-104.74836,49.02709],[-104.74707,49.0222],[-104.74503,49.0214],[-104.72658,49.02578],[-104.71925,49.02395],[-104.71759,49.0221],[-104.71837,49.01744],[-104.71967,49.01558],[-104.72152,49.01598],[-104.72199,49.01285],[-104.71873,49.01015],[-104.72098,49.00801],[-104.7211,49.00339],[-104.72299,49.00001],[-104.72846,49.00079],[-104.73797,48.99847],[-104.74548,48.99998],[-104.7491,48.99755],[-104.75228,48.99902],[-104.75382,48.99757],[-104.76066,48.99736],[-104.76414,48.99218],[-104.76186,48.98453],[-104.76773,48.98126],[-104.77168,48.98224],[-104.77054,48.97958],[-104.7658,48.98003],[-104.75805,48.97689],[-104.75856,48.97497],[-104.75481,48.97459],[-104.74829,48.9704],[-104.73809,48.96961],[-104.73994,48.96358],[-104.7385,48.96064],[-104.7353,48.96139],[-104.72249,48.95929],[-104.71012,48.95605],[-104.70585,48.95233],[-104.70332,48.95539],[-104.70105,48.95566],[-104.69326,48.94959],[-104.68782,48.94808],[-104.68314,48.95163],[-104.67408,48.95177],[-104.6697,48.9561],[-104.65874,48.95944],[-104.6567,48.96296],[-104.6535,48.9644],[-104.65712,48.96809],[-104.65612,48.97129],[-104.65261,48.97318],[-104.65269,48.97589],[-104.63622,48.98395],[-104.63455,48.98282],[-104.63705,48.98101],[-104.634,48.97744],[-104.63339,48.97345],[-104.62966,48.97448],[-104.62188,48.97281],[-104.61618,48.97011],[-104.61441,48.96722],[-104.6112,48.96837],[-104.60811,48.96735],[-104.60891,48.96446],[-104.60234,48.96133],[-104.59716,48.95598],[-104.58056,48.95535],[-104.569,48.95915],[-104.56771,48.95708],[-104.56135,48.95515],[-104.5605,48.95303],[-104.55623,48.95251],[-104.5523,48.94851],[-104.54877,48.94786],[-104.54674,48.9446],[-104.53698,48.9415],[-104.51281,48.94793],[-104.50619,48.9431],[-104.50049,48.94608],[-104.49619,48.94302],[-104.49105,48.94371],[-104.47983,48.9353],[-104.47577,48.93556],[-104.47161,48.93181],[-104.46578,48.93041],[-104.46168,48.92508],[-104.45743,48.92359],[-104.45263,48.92464],[-104.44649,48.92361],[-104.44077,48.92036],[-104.43476,48.92047],[-104.4279,48.91654],[-104.41344,48.91327],[-104.41341,48.90989],[-104.42114,48.90785],[-104.42404,48.90497],[-104.42494,48.90229],[-104.42361,48.90129],[-104.43679,48.89372],[-104.43635,48.88738],[-104.44081,48.88609],[-104.44318,48.88184],[-104.43982,48.88058],[-104.441,48.87765],[-104.45661,48.87565],[-104.45937,48.87368],[-104.44636,48.8707],[-104.44525,48.86951],[-104.44766,48.86633],[-104.44401,48.86297],[-104.4381,48.86075],[-104.43343,48.85373],[-104.42552,48.85479],[-104.42242,48.85376],[-104.41993,48.85514],[-104.4155,48.85418],[-104.40815,48.84977],[-104.407,48.84559],[-104.39697,48.84837],[-104.38551,48.84839],[-104.38088,48.85053],[-104.37849,48.85225],[-104.37857,48.85425],[-104.38282,48.85778],[-104.38152,48.86032],[-104.38342,48.86171],[-104.38012,48.86187],[-104.36856,48.85706],[-104.36175,48.85739],[-104.34042,48.8519],[-104.33734,48.85317],[-104.3343,48.84987],[-104.32452,48.84677],[-104.31945,48.84286],[-104.31496,48.84436],[-104.31562,48.84531],[-104.31337,48.84749],[-104.3072,48.84809],[-104.29249,48.84293],[-104.28757,48.84448],[-104.27901,48.8388],[-104.26478,48.83607],[-104.26413,48.83831],[-104.25927,48.83672],[-104.2568,48.83807],[-104.25809,48.83906],[-104.25219,48.84652],[-104.24212,48.84411],[-104.2382,48.84793],[-104.235,48.84896],[-104.23068,48.84794],[-104.2212,48.85159],[-104.22181,48.8547],[-104.21784,48.85471],[-104.21692,48.85784],[-104.21298,48.85816],[-104.21272,48.86601],[-104.21505,48.87051],[-104.20959,48.86984],[-104.20946,48.8722],[-104.20375,48.87653],[-104.19679,48.87582],[-104.18168,48.86576],[-104.18194,48.86452],[-104.17925,48.86441],[-104.1751,48.85692],[-104.17541,48.85469],[-104.17835,48.85355],[-104.17826,48.85107],[-104.18204,48.8501],[-104.18293,48.84733],[-104.18145,48.84526],[-104.17078,48.84239],[-104.16415,48.84596],[-104.16254,48.83985],[-104.15868,48.84093],[-104.15561,48.83941],[-104.15528,48.83529],[-104.15178,48.8308],[-104.15782,48.82361],[-104.15572,48.82258],[-104.15716,48.81733],[-104.15514,48.81121],[-104.15813,48.80975],[-104.15828,48.80479],[-104.16236,48.79755],[-104.17953,48.79254],[-104.18278,48.79452],[-104.19035,48.79403],[-104.18809,48.79164],[-104.18184,48.78957],[-104.18197,48.78723],[-104.17796,48.78121],[-104.17147,48.779],[-104.16952,48.7738],[-104.17054,48.76889],[-104.16761,48.76421],[-104.16976,48.76139],[-104.16601,48.75344],[-104.16575,48.75009],[-104.16901,48.74641],[-104.16753,48.74521],[-104.16653,48.7378],[-104.15981,48.73586],[-104.1559,48.74412],[-104.15067,48.74336],[-104.14732,48.74545],[-104.14616,48.7428],[-104.14443,48.74283],[-104.14122,48.74694],[-104.1336,48.74897],[-104.13068,48.74488],[-104.12732,48.74389],[-104.12171,48.74502],[-104.11921,48.74428],[-104.11793,48.74195],[-104.11232,48.74194],[-104.109,48.73366],[-104.11134,48.7279],[-104.1048,48.71651],[-104.1013,48.71584],[-104.08994,48.70632],[-104.07669,48.70711],[-104.0656,48.7028],[-104.06374,48.69895],[-104.0637,48.69716],[-104.07868,48.69241],[-104.08409,48.68458],[-104.09865,48.6835],[-104.09953,48.68152],[-104.10554,48.68045],[-104.10869,48.68147],[-104.12152,48.67928],[-104.12346,48.67549],[-104.13116,48.67939],[-104.14041,48.67659],[-104.14615,48.66806],[-104.15693,48.66266],[-104.16045,48.65812],[-104.16085,48.65264],[-104.15615,48.64403],[-104.13619,48.64152],[-104.13491,48.64349],[-104.12677,48.6455],[-104.12511,48.64272],[-104.12085,48.64055],[-104.11865,48.6315],[-104.11171,48.62495],[-104.11681,48.62067],[-104.1194,48.62377],[-104.12556,48.6257],[-104.12691,48.62454],[-104.12398,48.62032],[-104.12466,48.61543],[-104.12254,48.61395],[-104.12375,48.60561],[-104.12172,48.60247],[-104.1233,48.59986],[-104.11809,48.59782],[-104.12499,48.59506],[-104.12645,48.5932],[-104.12606,48.58601],[-104.1294,48.58353],[-104.12556,48.58151],[-104.1263,48.57955],[-104.12203,48.57585],[-104.11705,48.5768],[-104.11547,48.57512],[-104.11792,48.57393],[-104.12026,48.56881],[-104.12598,48.5682],[-104.13089,48.56502],[-104.12737,48.55975],[-104.13321,48.55906],[-104.13607,48.55619],[-104.14418,48.55367],[-104.14338,48.55146],[-104.13909,48.55083],[-104.13824,48.54848],[-104.14501,48.5445],[-104.14677,48.54253],[-104.14593,48.53985],[-104.1517,48.53484],[-104.14404,48.53306],[-104.14334,48.53102],[-104.1362,48.52849],[-104.13184,48.52465],[-104.13702,48.52268],[-104.1364,48.52161],[-104.12769,48.51895],[-104.12489,48.51573],[-104.11938,48.51568],[-104.11053,48.5194],[-104.10586,48.51851],[-104.10588,48.52026],[-104.10293,48.52056],[-104.10508,48.52276],[-104.10405,48.52426],[-104.09237,48.52841],[-104.08373,48.52771],[-104.06378,48.52999],[-104.0621,48.53096],[-104.06238,48.53328],[-104.05894,48.53356],[-104.05472,48.53836],[-104.04347,48.54059],[-104.03099,48.54775],[-104.02453,48.54881],[-104.02317,48.54758],[-104.02002,48.54984],[-104.01605,48.54735],[-104.01496,48.54462],[-104.00877,48.54481],[-104.00838,48.54136],[-103.9996,48.54315],[-103.99483,48.54159],[-103.98528,48.54307],[-103.98441,48.54614],[-103.98715,48.55332],[-103.98594,48.5553],[-103.98104,48.55691],[-103.97254,48.55771],[-103.96914,48.55565],[-103.96092,48.55961],[-103.94634,48.55906],[-103.93764,48.55621],[-103.936,48.55886],[-103.93271,48.5547],[-103.92646,48.55682],[-103.91698,48.55222],[-103.9117,48.55431],[-103.90947,48.55856],[-103.90678,48.55994],[-103.89647,48.56023],[-103.89616,48.56404],[-103.8904,48.57047],[-103.87695,48.57145],[-103.87629,48.57362],[-103.87097,48.57641],[-103.86894,48.57964],[-103.85336,48.58939],[-103.8533,48.59546],[-103.84962,48.59628],[-103.84768,48.59911],[-103.84392,48.5996],[-103.84648,48.60511],[-103.84164,48.6105],[-103.83229,48.61431],[-103.82884,48.61676],[-103.82641,48.62109],[-103.82083,48.62301],[-103.8197,48.62751],[-103.82139,48.62834],[-103.82033,48.63185],[-103.82222,48.63385],[-103.82058,48.63628],[-103.82204,48.63899],[-103.81193,48.6415],[-103.80932,48.64125],[-103.80931,48.63984],[-103.80327,48.64019],[-103.80287,48.64296],[-103.79458,48.64322],[-103.7937,48.64606],[-103.79483,48.64796],[-103.78799,48.64986],[-103.78683,48.65162],[-103.7899,48.65297],[-103.7899,48.65441],[-103.78563,48.6575],[-103.7767,48.65857],[-103.76807,48.65394],[-103.76362,48.65855],[-103.75415,48.65889],[-103.7533,48.66158],[-103.74843,48.66283],[-103.74522,48.6657],[-103.74255,48.66521],[-103.74419,48.66684],[-103.74294,48.66806],[-103.7409,48.66675],[-103.73288,48.66987],[-103.72691,48.66729],[-103.7278,48.66505],[-103.72669,48.66293],[-103.72306,48.66173],[-103.72145,48.65748],[-103.71624,48.6593],[-103.71081,48.65777],[-103.71167,48.65336],[-103.70585,48.65039],[-103.70499,48.64826],[-103.69924,48.64818],[-103.69702,48.65253],[-103.69201,48.65289],[-103.68986,48.65527],[-103.68527,48.65366],[-103.68517,48.65171],[-103.67451,48.65184],[-103.66787,48.64865],[-103.66773,48.63917],[-103.66076,48.63525],[-103.66215,48.63204],[-103.66094,48.62828],[-103.66709,48.61924],[-103.66757,48.61228],[-103.65831,48.6102],[-103.65793,48.60665],[-103.65201,48.60562],[-103.64936,48.60332],[-103.6521,48.59877],[-103.6465,48.59876],[-103.64167,48.60215],[-103.63853,48.60211],[-103.63414,48.60661],[-103.63172,48.60678],[-103.62883,48.59989],[-103.62631,48.6007],[-103.62464,48.59767],[-103.61825,48.59759],[-103.61818,48.59546],[-103.61033,48.5927],[-103.60269,48.59817],[-103.60239,48.60214],[-103.59916,48.60602],[-103.5967,48.6048],[-103.59349,48.60578],[-103.59328,48.6078],[-103.58573,48.61222],[-103.58195,48.60808],[-103.57202,48.61154],[-103.56179,48.6063],[-103.55617,48.60651],[-103.55186,48.60461],[-103.54304,48.60579],[-103.53886,48.60384],[-103.5355,48.60618],[-103.53281,48.60592],[-103.52622,48.60251],[-103.5202,48.60564],[-103.51593,48.60439],[-103.51123,48.61692],[-103.50195,48.6195],[-103.49841,48.61759],[-103.49935,48.61524],[-103.49676,48.61073],[-103.50028,48.60906],[-103.50027,48.60767],[-103.49308,48.6071],[-103.49276,48.60547],[-103.48636,48.6043],[-103.48513,48.60246],[-103.49149,48.5998],[-103.49084,48.59757],[-103.49292,48.5948],[-103.49354,48.58983],[-103.49703,48.58516],[-103.49307,48.58577],[-103.49016,48.58149],[-103.48674,48.58514],[-103.47465,48.58445],[-103.46923,48.58039],[-103.46706,48.57408],[-103.46326,48.57359],[-103.45964,48.57073],[-103.45441,48.57139],[-103.4537,48.56956],[-103.43787,48.57311],[-103.42957,48.57106],[-103.42754,48.57286],[-103.41513,48.5713],[-103.39799,48.57308],[-103.39557,48.57589],[-103.38858,48.57656],[-103.38691,48.57804],[-103.3824,48.57619],[-103.38264,48.57321],[-103.37016,48.57168],[-103.35692,48.57524],[-103.3427,48.57542],[-103.34175,48.57716],[-103.33922,48.5766],[-103.33599,48.58158],[-103.32494,48.58634],[-103.32559,48.58952],[-103.315,48.59343],[-103.30781,48.59885],[-103.30236,48.60008],[-103.29421,48.5984],[-103.28343,48.5994],[-103.27735,48.60331],[-103.27611,48.60309],[-103.27637,48.59992],[-103.26998,48.59222],[-103.26211,48.58697],[-103.25656,48.58717],[-103.25526,48.58809],[-103.2564,48.59185],[-103.24544,48.59328],[-103.24254,48.59648],[-103.2405,48.59551],[-103.23505,48.59733],[-103.23074,48.59473],[-103.22928,48.59157],[-103.22661,48.59076],[-103.22206,48.59506],[-103.2207,48.59407],[-103.21876,48.59524],[-103.21003,48.59062],[-103.20873,48.58677],[-103.20633,48.58633],[-103.20499,48.5883],[-103.19624,48.58364],[-103.19434,48.57906],[-103.19098,48.57622],[-103.19192,48.574],[-103.18967,48.57365],[-103.18987,48.57013],[-103.19452,48.56854],[-103.19482,48.56642],[-103.19784,48.56748],[-103.20063,48.56503],[-103.20005,48.55882],[-103.20186,48.5573],[-103.19935,48.55497],[-103.20203,48.54932],[-103.19906,48.54582],[-103.18681,48.54607],[-103.18552,48.54231],[-103.18716,48.5407],[-103.18824,48.53437],[-103.18585,48.53398],[-103.18638,48.5298],[-103.17844,48.53109],[-103.17616,48.53375],[-103.16508,48.53776],[-103.16403,48.53379],[-103.15345,48.53094],[-103.14695,48.52744],[-103.14675,48.52499],[-103.14535,48.5246],[-103.14564,48.52052],[-103.14312,48.51958],[-103.13943,48.51574],[-103.13995,48.51438],[-103.13665,48.5121],[-103.13803,48.50996],[-103.13725,48.50699],[-103.1301,48.50568],[-103.12552,48.50295],[-103.11511,48.50701],[-103.09987,48.50593],[-103.09975,48.50825],[-103.09784,48.50821],[-103.09901,48.50074],[-103.09122,48.49666],[-103.09172,48.49184],[-103.08675,48.48896],[-103.08603,48.48297],[-103.07987,48.47906],[-103.0805,48.47688],[-103.08468,48.47523],[-103.08538,48.47047],[-103.083,48.46712],[-103.08328,48.46318],[-103.07778,48.45636],[-103.06801,48.45718],[-103.06759,48.45927],[-103.07077,48.46239],[-103.06915,48.46401],[-103.06632,48.46199],[-103.06335,48.46356],[-103.05639,48.46304],[-103.04687,48.4674],[-103.03849,48.46866],[-103.03316,48.45629],[-103.02871,48.4546],[-103.02133,48.45717],[-103.01374,48.45585],[-103.01218,48.45896],[-103.00615,48.45841],[-103.00505,48.46022],[-102.99791,48.46189],[-102.99808,48.46409],[-102.99306,48.46516],[-102.99208,48.46695],[-102.98692,48.467],[-102.9846,48.46881],[-102.98153,48.46625],[-102.97727,48.46882],[-102.97348,48.46628],[-102.96235,48.46965],[-102.95757,48.46607],[-102.9574,48.46353],[-102.9548,48.4609],[-102.95074,48.45853],[-102.95179,48.45557],[-102.94868,48.45453],[-102.94832,48.453],[-102.9357,48.454],[-102.93432,48.45759],[-102.93067,48.4589],[-102.92854,48.4544],[-102.92647,48.45348],[-102.92236,48.45551],[-102.91964,48.45986],[-102.91991,48.46291],[-102.92298,48.46579],[-102.91598,48.47167],[-102.91294,48.47871],[-102.90884,48.47901],[-102.90922,48.48254],[-102.9146,48.48357],[-102.91829,48.48988],[-102.91661,48.49283],[-102.92342,48.49809],[-102.9285,48.49816],[-102.92967,48.50271],[-102.95052,48.50318],[-102.95268,48.50546],[-102.95011,48.51166],[-102.95217,48.51685],[-102.94477,48.52325],[-102.94315,48.52976],[-102.94893,48.53195],[-102.94796,48.53354],[-102.95094,48.53531],[-102.95153,48.53866],[-102.96967,48.54034],[-102.98147,48.54655],[-102.98165,48.54916],[-102.98825,48.55171],[-102.98846,48.56087],[-102.99054,48.56171],[-102.99238,48.5657],[-102.98953,48.5693],[-102.99573,48.56882],[-102.99989,48.57046],[-103.00508,48.5677],[-103.00917,48.56979],[-103.0083,48.57323],[-103.00162,48.57662],[-103.00358,48.57808],[-103.00353,48.5808],[-103.01272,48.57812],[-103.01478,48.57894],[-103.01717,48.58392],[-103.02102,48.5844],[-103.02381,48.58231],[-103.02969,48.58354],[-103.03024,48.58168],[-103.04152,48.58064],[-103.04341,48.58155],[-103.0454,48.58645],[-103.05901,48.58616],[-103.07087,48.58852],[-103.07,48.59124],[-103.07562,48.5911],[-103.07759,48.59249],[-103.07448,48.59569],[-103.06831,48.59589],[-103.06522,48.59952],[-103.06479,48.6026],[-103.06088,48.60114],[-103.05776,48.6035],[-103.05301,48.60278],[-103.04904,48.6057],[-103.04648,48.6057],[-103.04525,48.60774],[-103.04239,48.60803],[-103.04394,48.61087],[-103.05094,48.61243],[-103.05285,48.6224],[-103.05759,48.62543],[-103.05189,48.62731],[-103.05157,48.63098],[-103.04705,48.63363],[-103.0453,48.63681],[-103.04114,48.63738],[-103.04197,48.6432],[-103.04022,48.64249],[-103.03734,48.64733],[-103.0341,48.6484],[-103.02223,48.64705],[-103.01086,48.65379],[-102.99837,48.66742],[-102.99816,48.66883],[-103.0006,48.66977],[-103.00616,48.66935],[-103.00333,48.67323],[-102.99995,48.67359],[-102.99832,48.67588],[-102.9984,48.67995],[-102.99528,48.68043],[-102.98912,48.6772],[-102.98158,48.68359],[-102.97429,48.6857],[-102.97449,48.68916],[-102.97099,48.68987],[-102.97046,48.6931],[-102.96466,48.69374],[-102.96442,48.69651],[-102.9677,48.69626],[-102.96936,48.69775],[-102.9641,48.7],[-102.96141,48.70293],[-102.96274,48.70382],[-102.95551,48.70321],[-102.95603,48.70823],[-102.95168,48.71198],[-102.95306,48.71961],[-102.958,48.72721],[-102.95648,48.7324],[-102.95839,48.7363],[-102.95601,48.73834],[-102.95372,48.73669],[-102.95,48.73945],[-102.93923,48.73978],[-102.93689,48.74136],[-102.93571,48.74005],[-102.93224,48.74126],[-102.9299,48.73849],[-102.92646,48.74594],[-102.92628,48.74815],[-102.93045,48.75452],[-102.93446,48.75657],[-102.93348,48.75999],[-102.93779,48.7621],[-102.93869,48.76555],[-102.93618,48.76606],[-102.93262,48.76399],[-102.93125,48.76528],[-102.93267,48.76733],[-102.93004,48.76904],[-102.93017,48.7708],[-102.92532,48.77228],[-102.92438,48.77711],[-102.92045,48.77334],[-102.91853,48.7761],[-102.9128,48.77023],[-102.90957,48.7703],[-102.90917,48.77868],[-102.9029,48.77827],[-102.90003,48.78252],[-102.90734,48.7862],[-102.90376,48.78733],[-102.90428,48.78959],[-102.90202,48.78916],[-102.89716,48.79186],[-102.89442,48.7905],[-102.8912,48.79215],[-102.88016,48.79193],[-102.87375,48.79477],[-102.87025,48.79467],[-102.86661,48.79165],[-102.8517,48.78822],[-102.84292,48.78313],[-102.84183,48.77673],[-102.83934,48.77635],[-102.8458,48.77088],[-102.84209,48.76946],[-102.8412,48.76521],[-102.83807,48.76236],[-102.84242,48.75859],[-102.84096,48.7574],[-102.84323,48.75535],[-102.84528,48.75587],[-102.84799,48.75729],[-102.84766,48.759],[-102.85364,48.7609],[-102.85442,48.7626],[-102.86206,48.76362],[-102.86732,48.75921],[-102.86666,48.75585],[-102.87454,48.74928],[-102.88087,48.74825],[-102.88164,48.74551],[-102.88911,48.74253],[-102.89242,48.73693],[-102.89243,48.73064],[-102.89515,48.72706],[-102.90372,48.72308],[-102.90544,48.71994],[-102.8988,48.71532],[-102.89703,48.70985],[-102.89889,48.70859],[-102.8893,48.69914],[-102.88243,48.69846],[-102.88358,48.6968],[-102.8787,48.69403],[-102.87629,48.69003],[-102.87247,48.69058],[-102.86985,48.68073],[-102.865,48.67939],[-102.86503,48.67679],[-102.85462,48.67645],[-102.85174,48.67355],[-102.85316,48.67071],[-102.84633,48.66592],[-102.84721,48.66395],[-102.83939,48.6633],[-102.83497,48.6595],[-102.82894,48.65854],[-102.81854,48.66248],[-102.81488,48.66207],[-102.81443,48.65995],[-102.8114,48.65935],[-102.80603,48.66117],[-102.80289,48.65996],[-102.79868,48.66194],[-102.79981,48.66506],[-102.7968,48.66687],[-102.80152,48.66978],[-102.79846,48.67168],[-102.79927,48.67586],[-102.80099,48.67619],[-102.79815,48.67958],[-102.80306,48.67944],[-102.80652,48.68278],[-102.79715,48.68227],[-102.79334,48.68676],[-102.78783,48.6861],[-102.776,48.68998],[-102.76972,48.69573],[-102.77063,48.69653],[-102.76074,48.70026],[-102.76165,48.70121],[-102.75922,48.70611],[-102.76033,48.70821],[-102.75691,48.7097],[-102.75506,48.71255],[-102.75448,48.71748],[-102.7626,48.71732],[-102.76986,48.71956],[-102.77184,48.71765],[-102.77429,48.71815],[-102.77391,48.72222],[-102.7783,48.72538],[-102.77304,48.73082],[-102.77491,48.73362],[-102.77482,48.73625],[-102.77313,48.73723],[-102.77447,48.73836],[-102.76601,48.74111],[-102.76013,48.74827],[-102.76593,48.75332],[-102.77085,48.75427],[-102.76293,48.76006],[-102.77176,48.76202],[-102.77008,48.76508],[-102.77095,48.76717],[-102.76866,48.76936],[-102.7701,48.77179],[-102.76668,48.77308],[-102.76712,48.77438],[-102.74914,48.77761],[-102.74696,48.77413],[-102.74377,48.77551],[-102.74228,48.77381],[-102.7375,48.77745],[-102.7306,48.77743],[-102.72731,48.77532],[-102.72256,48.77554],[-102.72153,48.77725],[-102.71797,48.77606],[-102.7143,48.77733],[-102.71277,48.77649],[-102.71476,48.77459],[-102.71267,48.77331],[-102.70955,48.77454],[-102.70612,48.77334],[-102.70246,48.77503],[-102.69833,48.77374],[-102.69441,48.77541],[-102.6914,48.77251],[-102.68513,48.77227],[-102.68145,48.77015],[-102.68176,48.7679],[-102.67967,48.76599],[-102.68173,48.76447],[-102.67508,48.76575],[-102.67464,48.76176],[-102.67276,48.761],[-102.67021,48.76187],[-102.66835,48.76598],[-102.66004,48.76406],[-102.65865,48.76535],[-102.6595,48.76625],[-102.6549,48.76615],[-102.6556,48.76444],[-102.64781,48.75737],[-102.64229,48.75676],[-102.63884,48.75836],[-102.63364,48.75711],[-102.63163,48.75299],[-102.6326,48.75096],[-102.62637,48.75308],[-102.62501,48.75216],[-102.62106,48.75455],[-102.62274,48.75118],[-102.61971,48.74984],[-102.61345,48.74938],[-102.60865,48.75185],[-102.60428,48.75036],[-102.60882,48.74777],[-102.60372,48.74768],[-102.59836,48.74095],[-102.59503,48.74033],[-102.59307,48.74177],[-102.58708,48.73864],[-102.58425,48.73662],[-102.5803,48.72951],[-102.57413,48.72758],[-102.57379,48.72351],[-102.5709,48.72128],[-102.57283,48.71827],[-102.57121,48.71627],[-102.57252,48.71499],[-102.57124,48.71243],[-102.57402,48.71149],[-102.57016,48.70841],[-102.56026,48.70715],[-102.55492,48.7087],[-102.55339,48.70436],[-102.54834,48.70419],[-102.54776,48.70198],[-102.54209,48.70282],[-102.54115,48.7002],[-102.52802,48.69671],[-102.51961,48.69107],[-102.51496,48.6796],[-102.50809,48.67623],[-102.49883,48.67668],[-102.49482,48.67226],[-102.49635,48.66908],[-102.49881,48.66849],[-102.49812,48.6665],[-102.50466,48.66488],[-102.50606,48.6597],[-102.50396,48.65815],[-102.50493,48.65514],[-102.50414,48.65243],[-102.49835,48.65479],[-102.49426,48.649],[-102.4891,48.65061],[-102.48527,48.64828],[-102.48997,48.64651],[-102.48962,48.64463],[-102.49699,48.64442],[-102.49649,48.63563],[-102.49374,48.63346],[-102.49138,48.62655],[-102.49329,48.62216],[-102.49169,48.62033],[-102.49389,48.6188],[-102.49288,48.61633],[-102.48778,48.61407],[-102.48276,48.61431],[-102.47993,48.61192],[-102.47748,48.60781],[-102.4789,48.60621],[-102.47582,48.60338],[-102.48148,48.60167],[-102.4866,48.60566],[-102.49058,48.60257],[-102.49198,48.59842],[-102.5035,48.5904],[-102.51367,48.5902],[-102.5216,48.58641],[-102.51779,48.58408],[-102.51585,48.57712],[-102.52244,48.57416],[-102.5208,48.56867],[-102.51859,48.56705],[-102.51882,48.56337],[-102.51647,48.5612],[-102.50915,48.56021],[-102.51075,48.55862],[-102.50744,48.55703],[-102.50673,48.55417],[-102.49764,48.54804],[-102.49562,48.54382],[-102.49891,48.5419],[-102.49582,48.53993],[-102.49326,48.5408],[-102.48675,48.53596],[-102.4806,48.53501],[-102.47846,48.53143],[-102.4759,48.53047],[-102.47907,48.52518],[-102.48789,48.5213],[-102.48812,48.51812],[-102.4861,48.51605],[-102.48013,48.51367],[-102.46994,48.51355],[-102.46691,48.51584],[-102.46729,48.51702],[-102.46275,48.51669],[-102.45713,48.51891],[-102.45093,48.51812],[-102.44585,48.52055],[-102.44363,48.52423],[-102.44439,48.52654],[-102.43975,48.52735],[-102.43957,48.52954],[-102.42475,48.52955],[-102.41893,48.53268],[-102.41595,48.52842],[-102.40438,48.52639],[-102.39685,48.5195],[-102.39389,48.51989],[-102.39379,48.5182],[-102.39898,48.51617],[-102.40348,48.51687],[-102.40761,48.51485],[-102.41047,48.50919],[-102.41625,48.50947],[-102.41886,48.50713],[-102.41622,48.50453],[-102.41395,48.4944],[-102.40807,48.4896],[-102.4078,48.48496],[-102.41536,48.48461],[-102.41682,48.48084],[-102.42284,48.48115],[-102.42119,48.47638],[-102.42359,48.47271],[-102.42022,48.47052],[-102.42202,48.46703],[-102.42112,48.46363],[-102.42428,48.46113],[-102.42936,48.46256],[-102.43738,48.45823],[-102.44231,48.45884],[-102.45077,48.45486],[-102.45361,48.45624],[-102.46898,48.45507],[-102.46939,48.45741],[-102.47317,48.45707],[-102.47541,48.45946],[-102.48087,48.45812],[-102.48047,48.46118],[-102.4828,48.46178],[-102.48741,48.46838],[-102.49029,48.46876],[-102.49546,48.46849],[-102.49983,48.46564],[-102.50887,48.46333],[-102.51669,48.46715],[-102.52514,48.4639],[-102.52861,48.46413],[-102.53257,48.4613],[-102.54743,48.46498],[-102.5482,48.47049],[-102.55307,48.47059],[-102.5632,48.47558],[-102.56689,48.47567],[-102.56978,48.47204],[-102.57409,48.47034],[-102.57718,48.47341],[-102.6005,48.47818],[-102.60189,48.48181],[-102.60499,48.48045],[-102.61433,48.48532],[-102.63007,48.4856],[-102.63229,48.48839],[-102.6321,48.4948],[-102.63464,48.49708],[-102.64023,48.49595],[-102.64167,48.49298],[-102.65003,48.49183],[-102.64787,48.49454],[-102.64944,48.49776],[-102.64695,48.50012],[-102.64907,48.50508],[-102.66203,48.49835],[-102.66617,48.49148],[-102.67095,48.49287],[-102.67341,48.49029],[-102.67771,48.48965],[-102.67818,48.48366],[-102.68265,48.4834],[-102.68334,48.48494],[-102.68579,48.48329],[-102.6858,48.48078],[-102.68868,48.4796],[-102.69595,48.47992],[-102.70259,48.46884],[-102.69925,48.46675],[-102.69979,48.45912],[-102.69701,48.45754],[-102.69776,48.45307],[-102.69611,48.45264],[-102.69346,48.44468],[-102.69563,48.44022],[-102.69288,48.4393],[-102.6951,48.42818],[-102.69831,48.42329],[-102.69541,48.41973],[-102.69088,48.41772],[-102.69306,48.4156],[-102.68749,48.4114],[-102.68315,48.40381],[-102.66173,48.39609],[-102.66019,48.3934],[-102.64672,48.39211],[-102.64699,48.38978],[-102.64485,48.38841],[-102.64169,48.39036],[-102.63543,48.38708],[-102.63663,48.37463],[-102.63983,48.3746],[-102.64148,48.37185],[-102.64692,48.37027],[-102.64592,48.36841],[-102.65019,48.36554],[-102.64989,48.36417],[-102.65655,48.36191],[-102.65743,48.3609],[-102.6525,48.35299],[-102.65965,48.34942],[-102.6668,48.33999],[-102.67272,48.33533],[-102.67208,48.33148],[-102.6662,48.33036],[-102.66297,48.32683],[-102.66547,48.32288],[-102.67106,48.3201],[-102.67067,48.31795],[-102.65636,48.31294],[-102.65159,48.31004],[-102.65193,48.30764],[-102.64736,48.30902],[-102.6266,48.30124],[-102.62039,48.29562],[-102.61456,48.29455],[-102.60698,48.29005],[-102.60758,48.28804],[-102.59329,48.27899],[-102.59441,48.27736],[-102.59354,48.27521],[-102.58812,48.27478],[-102.58483,48.27251],[-102.57514,48.27147],[-102.57082,48.27332],[-102.56997,48.27782],[-102.57178,48.27904],[-102.56615,48.28347],[-102.55659,48.28244],[-102.55557,48.28367],[-102.54979,48.27837],[-102.5471,48.28052],[-102.5409,48.2795],[-102.54006,48.27642],[-102.53399,48.27337],[-102.5223,48.27489],[-102.50814,48.26953],[-102.50209,48.2736],[-102.49736,48.27368],[-102.49579,48.27745],[-102.48714,48.28006],[-102.4889,48.28293],[-102.48795,48.28439],[-102.49056,48.28638],[-102.49428,48.29499],[-102.49729,48.29706],[-102.49457,48.29964],[-102.49636,48.30337],[-102.49549,48.30764],[-102.48798,48.3106],[-102.49117,48.31241],[-102.48913,48.31627],[-102.49108,48.31918],[-102.48863,48.32672],[-102.49155,48.33217],[-102.48838,48.33273],[-102.49075,48.33938],[-102.49276,48.34093],[-102.49123,48.34279],[-102.48489,48.34363],[-102.47932,48.33347],[-102.47505,48.33332],[-102.47194,48.33507],[-102.46185,48.33425],[-102.46049,48.33266],[-102.45456,48.33766],[-102.44836,48.3388],[-102.44541,48.3412],[-102.44435,48.34095],[-102.44509,48.33847],[-102.44044,48.33518],[-102.44131,48.33417],[-102.43718,48.33233],[-102.43205,48.33322],[-102.42802,48.3382],[-102.42551,48.33532],[-102.42411,48.33864],[-102.41734,48.34085],[-102.41138,48.33855],[-102.40241,48.34108],[-102.39559,48.33846],[-102.39365,48.3438],[-102.38805,48.34492],[-102.38335,48.34926],[-102.3795,48.35039],[-102.37396,48.34763],[-102.37024,48.34754],[-102.3665,48.34447],[-102.36714,48.34354],[-102.35814,48.33938],[-102.35895,48.33792],[-102.35447,48.33503],[-102.3517,48.3309],[-102.35421,48.32668],[-102.35362,48.32427],[-102.34121,48.32483],[-102.33002,48.32059],[-102.32298,48.32025],[-102.32328,48.31868],[-102.32025,48.31793],[-102.29662,48.31405],[-102.29785,48.30703],[-102.29038,48.30306],[-102.29009,48.30151],[-102.29861,48.29178],[-102.29929,48.2876],[-102.30743,48.28678],[-102.30798,48.28515],[-102.3104,48.28491],[-102.31425,48.28675],[-102.31605,48.29197],[-102.31971,48.2904],[-102.32249,48.29078],[-102.32265,48.29282],[-102.33145,48.29158],[-102.33183,48.2983],[-102.34232,48.29897],[-102.34675,48.29471],[-102.35092,48.29683],[-102.3523,48.29342],[-102.36176,48.28869],[-102.35889,48.28426],[-102.35886,48.28135],[-102.35239,48.27898],[-102.3512,48.27713],[-102.36217,48.27761],[-102.36405,48.27573],[-102.36813,48.27784],[-102.37427,48.27191],[-102.38721,48.27006],[-102.39455,48.26527],[-102.39174,48.26169],[-102.38174,48.25939],[-102.37764,48.25681],[-102.37904,48.25512],[-102.37528,48.25067],[-102.37255,48.25001],[-102.37445,48.24692],[-102.3711,48.24195],[-102.36857,48.2407],[-102.35982,48.241],[-102.35957,48.23615],[-102.35551,48.23696],[-102.35133,48.23565],[-102.348,48.23028],[-102.34142,48.23109],[-102.33986,48.22735],[-102.33586,48.22519],[-102.33702,48.22396],[-102.32846,48.21925],[-102.33205,48.21657],[-102.33308,48.21307],[-102.32892,48.20945],[-102.32923,48.20666],[-102.32419,48.20499],[-102.32384,48.2078],[-102.31748,48.20478],[-102.31414,48.20665],[-102.31292,48.20553],[-102.30899,48.20046],[-102.30949,48.19749],[-102.30717,48.19613],[-102.31093,48.19383],[-102.30792,48.19149],[-102.30867,48.18813],[-102.30621,48.18427],[-102.29928,48.18832],[-102.29553,48.18581],[-102.29781,48.18144],[-102.30038,48.17999],[-102.30226,48.18152],[-102.30831,48.18099],[-102.31045,48.17625],[-102.30831,48.17298],[-102.30895,48.17122],[-102.31057,48.16908],[-102.31493,48.1681],[-102.31412,48.16645],[-102.31688,48.16541],[-102.31965,48.16165],[-102.33074,48.16188],[-102.33626,48.15806],[-102.33358,48.15248],[-102.33786,48.14596],[-102.33656,48.1442],[-102.34057,48.14097],[-102.33972,48.13801],[-102.34346,48.1365],[-102.34216,48.13281],[-102.34621,48.1311],[-102.34916,48.13167],[-102.35326,48.12522],[-102.35636,48.12637],[-102.36478,48.12272],[-102.36699,48.11964],[-102.36501,48.11681],[-102.36571,48.115],[-102.36694,48.11323],[-102.37117,48.11288],[-102.37198,48.10749],[-102.38175,48.10386],[-102.39136,48.10403],[-102.39901,48.09915],[-102.40157,48.0953],[-102.40727,48.09411],[-102.40615,48.09113],[-102.39703,48.08766],[-102.40123,48.08565],[-102.40002,48.08031],[-102.38599,48.07834],[-102.38474,48.0739],[-102.37193,48.06986],[-102.36962,48.06588],[-102.36317,48.06318],[-102.3682,48.05908],[-102.36786,48.05597],[-102.36496,48.05443],[-102.36447,48.05185],[-102.37126,48.0466],[-102.37137,48.04461],[-102.36876,48.04333],[-102.35885,48.04524],[-102.35605,48.04735],[-102.35158,48.04455],[-102.34431,48.04443],[-102.34216,48.04771],[-102.33147,48.04329],[-102.31816,48.04022],[-102.31869,48.04388],[-102.31348,48.04802],[-102.31393,48.05023],[-102.31914,48.05231],[-102.32003,48.05705],[-102.32259,48.05904],[-102.32285,48.06379],[-102.3191,48.06368],[-102.31842,48.06535],[-102.31998,48.06888],[-102.31494,48.07105],[-102.31172,48.07555],[-102.30832,48.07328],[-102.29726,48.07198],[-102.29997,48.07624],[-102.29721,48.07925],[-102.2896,48.08042],[-102.28869,48.08545],[-102.27972,48.08914],[-102.28131,48.09136],[-102.28013,48.09261],[-102.28107,48.09953],[-102.28315,48.1],[-102.2867,48.10657],[-102.2812,48.10839],[-102.28285,48.11009],[-102.28227,48.11378],[-102.27978,48.1145],[-102.27802,48.11877],[-102.27365,48.12076],[-102.27396,48.12326],[-102.26077,48.13087],[-102.26647,48.13452],[-102.27592,48.13727],[-102.27665,48.14221],[-102.27451,48.14448],[-102.27595,48.14517],[-102.27537,48.14813],[-102.2716,48.15192],[-102.26899,48.15181],[-102.26852,48.15549],[-102.26679,48.15491],[-102.26625,48.15657],[-102.26962,48.15935],[-102.26904,48.16131],[-102.27405,48.16388],[-102.27386,48.16631],[-102.27082,48.16841],[-102.2766,48.17058],[-102.27082,48.17413],[-102.27444,48.17489],[-102.27882,48.18034],[-102.28367,48.17996],[-102.28808,48.18498],[-102.29119,48.18429],[-102.29181,48.1868],[-102.28373,48.19117],[-102.2778,48.19789],[-102.27029,48.20137],[-102.27381,48.2078],[-102.2689,48.21452],[-102.26158,48.21798],[-102.26052,48.22149],[-102.25535,48.22609],[-102.25653,48.22754],[-102.25358,48.22986],[-102.25781,48.23218],[-102.25763,48.23428],[-102.26037,48.23469],[-102.25482,48.2397],[-102.25397,48.24268],[-102.24921,48.24368],[-102.24572,48.24851],[-102.23924,48.25113],[-102.23835,48.25296],[-102.22952,48.25359],[-102.22826,48.25691],[-102.2259,48.25729],[-102.22769,48.25811],[-102.22661,48.26067],[-102.22848,48.2633],[-102.22525,48.26707],[-102.22042,48.26944],[-102.22041,48.27132],[-102.21442,48.27781],[-102.21771,48.28124],[-102.21567,48.28239],[-102.21704,48.28434],[-102.21565,48.28627],[-102.21875,48.28962],[-102.21465,48.29278],[-102.19804,48.29903],[-102.19909,48.30536],[-102.19703,48.30578],[-102.19635,48.30773],[-102.19758,48.30838],[-102.19472,48.31108],[-102.19619,48.31346],[-102.19538,48.31533],[-102.18747,48.31637],[-102.18479,48.31871],[-102.18199,48.31793],[-102.17918,48.32158],[-102.17337,48.31854],[-102.16768,48.323],[-102.15895,48.32118],[-102.15359,48.32368],[-102.15165,48.322],[-102.15256,48.31897],[-102.15536,48.31801],[-102.15667,48.31457],[-102.15532,48.31295],[-102.16047,48.3112],[-102.15859,48.30892],[-102.16108,48.30774],[-102.15559,48.30258],[-102.1624,48.30349],[-102.16517,48.30031],[-102.16696,48.30165],[-102.17124,48.30093],[-102.17213,48.29998],[-102.16916,48.29706],[-102.17164,48.29535],[-102.16381,48.29191],[-102.16119,48.28877],[-102.15652,48.28789],[-102.15171,48.28929],[-102.14563,48.28547],[-102.13672,48.28567],[-102.1284,48.28094],[-102.12762,48.27851],[-102.12163,48.27976],[-102.11957,48.27641],[-102.10352,48.28179],[-102.09501,48.27819],[-102.08818,48.27852],[-102.08452,48.27455],[-102.08676,48.27366],[-102.08402,48.27103],[-102.08554,48.26952],[-102.07744,48.2633],[-102.07951,48.26176],[-102.07068,48.25624],[-102.06637,48.25668],[-102.06227,48.2598],[-102.06257,48.26314],[-102.0564,48.26574],[-102.05785,48.26847],[-102.04965,48.26861],[-102.04474,48.2639],[-102.03541,48.26845],[-102.0232,48.28012],[-102.0236,48.28335],[-102.02098,48.28621],[-102.02121,48.28807],[-102.01655,48.28993],[-102.0143,48.29605],[-102.0127,48.29448],[-102.00655,48.29448],[-102.00188,48.29207],[-102.00001,48.29283],[-101.99317,48.29048],[-101.99019,48.29138],[-101.98993,48.28844],[-101.98711,48.28923],[-101.98507,48.28806],[-101.99104,48.28343],[-101.99002,48.28071],[-101.98299,48.2786],[-101.98264,48.27592],[-101.98459,48.27445],[-101.98181,48.26879],[-101.9829,48.26747],[-101.98745,48.26781],[-101.98872,48.26584],[-102.00079,48.26824],[-102.00201,48.26587],[-101.99978,48.26297],[-102.00054,48.26055],[-102.00282,48.25656],[-102.00482,48.2559],[-102.00521,48.25333],[-102.00961,48.24986],[-102.00869,48.24803],[-102.00985,48.24638],[-102.01636,48.24503],[-102.02045,48.24616],[-102.0236,48.24384],[-102.02087,48.24163],[-102.02423,48.23669],[-102.03206,48.23769],[-102.03414,48.23643],[-102.03388,48.23482],[-102.03775,48.23396],[-102.03605,48.23241],[-102.03809,48.23189],[-102.03912,48.22731],[-102.04337,48.22495],[-102.04766,48.21832],[-102.04648,48.21662],[-102.04806,48.21556],[-102.04585,48.21387],[-102.0453,48.20826],[-102.04302,48.20597],[-102.03994,48.20563],[-102.03598,48.20103],[-102.03236,48.20062],[-102.03009,48.20267],[-102.02277,48.20166],[-102.0208,48.20297],[-102.0221,48.2056],[-102.01977,48.2063],[-102.01528,48.20399],[-102.01564,48.20287],[-102.01746,48.2035],[-102.0173,48.19641],[-102.01857,48.19518],[-102.017,48.19286],[-102.01818,48.19133],[-102.02632,48.19058],[-102.02752,48.18797],[-102.02558,48.18705],[-102.03363,48.18301],[-102.03258,48.1774],[-102.03396,48.17633],[-102.03025,48.17527],[-102.02793,48.17537],[-102.02883,48.17709],[-102.02284,48.18243],[-102.02068,48.18094],[-102.017,48.18183],[-102.01471,48.17977],[-102.02015,48.1765],[-102.01728,48.17599],[-102.01601,48.1735],[-102.02081,48.17099],[-102.02199,48.16726],[-102.0251,48.16605],[-102.02937,48.16681],[-102.02998,48.1642],[-102.03529,48.16505],[-102.03705,48.16397],[-102.03496,48.16207],[-102.03487,48.15935],[-102.03752,48.15892],[-102.02671,48.1542],[-102.02544,48.14966],[-102.0294,48.14789],[-102.02942,48.14467],[-102.0266,48.14079],[-102.02794,48.13927],[-102.01931,48.13612],[-102.00919,48.13829],[-101.99895,48.13729],[-101.99551,48.1393],[-101.98978,48.13901],[-101.98674,48.13336],[-101.98252,48.13161],[-101.98027,48.12795],[-101.98499,48.12245],[-101.98369,48.12175],[-101.98433,48.11825],[-101.97907,48.11864],[-101.97509,48.11278],[-101.96986,48.11164],[-101.9675,48.1127],[-101.96342,48.10875],[-101.95438,48.10858],[-101.95075,48.10484],[-101.94896,48.1056],[-101.94601,48.10402],[-101.94362,48.09996],[-101.94433,48.09364],[-101.93719,48.09271],[-101.93139,48.0897],[-101.9292,48.08488],[-101.93081,48.08426],[-101.9232,48.08175],[-101.92155,48.07756],[-101.9131,48.07911],[-101.9103,48.07723],[-101.90601,48.07781],[-101.89119,48.08252],[-101.87503,48.08251],[-101.87277,48.08035],[-101.86881,48.0798],[-101.86767,48.08464],[-101.86328,48.08777],[-101.86422,48.08896],[-101.86132,48.09285],[-101.86726,48.09592],[-101.86541,48.09714],[-101.8635,48.10337],[-101.86148,48.10343],[-101.85565,48.10973],[-101.85682,48.11317],[-101.8607,48.11395],[-101.85942,48.11653],[-101.86087,48.11939],[-101.85793,48.12015],[-101.8576,48.1239],[-101.85436,48.12385],[-101.85318,48.12168],[-101.84816,48.1236],[-101.84616,48.12851],[-101.83756,48.12801],[-101.83575,48.12389],[-101.83042,48.11986],[-101.82977,48.11546],[-101.8232,48.11246],[-101.82832,48.10377],[-101.8323,48.10315],[-101.83111,48.09968],[-101.82826,48.09798],[-101.82999,48.09669],[-101.82749,48.09524],[-101.83013,48.09216],[-101.82868,48.09051],[-101.83282,48.08673],[-101.82996,48.08593],[-101.8242,48.0796],[-101.82506,48.07577],[-101.819,48.07665],[-101.81612,48.07889],[-101.81426,48.08468],[-101.81246,48.08502],[-101.81039,48.08419],[-101.81294,48.0819],[-101.8054,48.07523],[-101.80914,48.07206],[-101.80722,48.07045],[-101.80771,48.0654],[-101.80259,48.06431],[-101.80606,48.06174],[-101.79676,48.06213],[-101.79348,48.06442],[-101.78184,48.06587],[-101.77829,48.05952],[-101.77872,48.05761],[-101.7741,48.05348],[-101.76226,48.05332],[-101.75971,48.05206],[-101.75796,48.05252],[-101.75835,48.05429],[-101.75604,48.05371],[-101.75251,48.04921],[-101.75138,48.04725],[-101.75404,48.04665],[-101.75317,48.04319],[-101.76068,48.04162],[-101.7655,48.03457],[-101.77095,48.03146],[-101.78412,48.03038],[-101.78564,48.02775],[-101.784,48.02301],[-101.78033,48.02121],[-101.7809,48.01798],[-101.76707,48.01411],[-101.7683,48.01277],[-101.76714,48.011],[-101.76918,48.01001],[-101.76744,48.00771],[-101.7703,48.00547],[-101.76482,47.99888],[-101.76628,47.99649],[-101.78284,47.99141],[-101.78944,47.99112],[-101.79082,47.98778],[-101.78847,47.98416],[-101.79466,47.98101],[-101.79801,47.981],[-101.79952,47.97795],[-101.8075,47.9781],[-101.80817,47.98105],[-101.81084,47.9819],[-101.81662,47.97977],[-101.82268,47.98407],[-101.82892,47.9856],[-101.8366,47.98394],[-101.83876,47.982],[-101.84399,47.98385],[-101.84757,47.98089],[-101.84553,47.97916],[-101.846,47.97742],[-101.85381,47.97383],[-101.84914,47.97091],[-101.85012,47.96983],[-101.84735,47.96714],[-101.85161,47.96329],[-101.8513,47.96142],[-101.85588,47.95904],[-101.85941,47.96015],[-101.86022,47.96509],[-101.86726,47.96799],[-101.86596,47.9711],[-101.87517,47.97298],[-101.88393,47.97981],[-101.89057,47.97977],[-101.89236,47.97882],[-101.89112,47.97566],[-101.89322,47.96736],[-101.89617,47.96509],[-101.90439,47.96666],[-101.90537,47.96356],[-101.9029,47.96032],[-101.91128,47.95629],[-101.91584,47.95574],[-101.92544,47.9449],[-101.92406,47.94294],[-101.92527,47.94084],[-101.92334,47.93936],[-101.92532,47.93668],[-101.92894,47.93611],[-101.92238,47.92891],[-101.91801,47.92827],[-101.91275,47.92378],[-101.90177,47.92117],[-101.9008,47.91593],[-101.89396,47.91259],[-101.88406,47.91112],[-101.88334,47.90925],[-101.8806,47.90937],[-101.87494,47.90582],[-101.86785,47.9039],[-101.85711,47.89535],[-101.85278,47.89559],[-101.85051,47.89195],[-101.85147,47.89046],[-101.84809,47.88809],[-101.8484,47.88636],[-101.84369,47.87907],[-101.83406,47.87631],[-101.83919,47.87057],[-101.84695,47.86878],[-101.84596,47.86679],[-101.85022,47.86402],[-101.85048,47.85749],[-101.85566,47.85645],[-101.85735,47.85405],[-101.85624,47.85211],[-101.86643,47.84634],[-101.8658,47.84232],[-101.86366,47.84142],[-101.85006,47.83955],[-101.83128,47.83182],[-101.81715,47.83276],[-101.81598,47.83092],[-101.80219,47.83065],[-101.79861,47.82781],[-101.79342,47.8288],[-101.79228,47.83186],[-101.78784,47.83223],[-101.78326,47.8281],[-101.78011,47.82727],[-101.78002,47.82487],[-101.76958,47.82138],[-101.76616,47.82207],[-101.76006,47.81875],[-101.75844,47.81887],[-101.75916,47.82222],[-101.75794,47.8231],[-101.75243,47.82167],[-101.74802,47.82253],[-101.74841,47.81909],[-101.74329,47.81932],[-101.74013,47.81794],[-101.74003,47.81633],[-101.73593,47.81578],[-101.7362,47.8176],[-101.733,47.8186],[-101.73321,47.82035],[-101.72173,47.81644],[-101.71616,47.81651],[-101.71015,47.82085],[-101.71606,47.82477],[-101.71033,47.83345],[-101.70093,47.83345],[-101.69813,47.83646],[-101.69583,47.83601],[-101.69034,47.83883],[-101.69083,47.8433],[-101.68031,47.84907],[-101.67461,47.84941],[-101.66908,47.84651],[-101.667,47.84923],[-101.65813,47.84937],[-101.6602,47.84729],[-101.65937,47.84452],[-101.64961,47.84406],[-101.64103,47.83696],[-101.63574,47.83457],[-101.63117,47.83495],[-101.62514,47.83018],[-101.62394,47.83089],[-101.62456,47.83293],[-101.61896,47.83541],[-101.61303,47.83545],[-101.60943,47.83272],[-101.60685,47.83575],[-101.60031,47.8348],[-101.59647,47.83677],[-101.59724,47.83926],[-101.60312,47.84069],[-101.60101,47.84118],[-101.60164,47.84407],[-101.59754,47.84529],[-101.59895,47.84797],[-101.59635,47.85111],[-101.59664,47.8532],[-101.59405,47.85125],[-101.58813,47.85443],[-101.58938,47.85691],[-101.58806,47.85772],[-101.58875,47.86085],[-101.5861,47.86253],[-101.5644,47.86213],[-101.55989,47.86456],[-101.55898,47.86694],[-101.55322,47.86833],[-101.53405,47.8623],[-101.53063,47.86515],[-101.52786,47.86397],[-101.5283,47.8669],[-101.50899,47.86059],[-101.49912,47.85898],[-101.49545,47.85735],[-101.49336,47.85362],[-101.48785,47.85134],[-101.48513,47.8528],[-101.48071,47.8512],[-101.47593,47.84686],[-101.47319,47.83975],[-101.47468,47.83619],[-101.47309,47.83625],[-101.47567,47.83373],[-101.48023,47.83391],[-101.48357,47.82822],[-101.4819,47.82698],[-101.48329,47.82454],[-101.48266,47.81941],[-101.47981,47.81924],[-101.48048,47.81766],[-101.47809,47.8157],[-101.47647,47.81637],[-101.47675,47.81125],[-101.46655,47.80776],[-101.46958,47.80677],[-101.47037,47.80327],[-101.47303,47.80249],[-101.47378,47.79834],[-101.46727,47.79605],[-101.45692,47.79744],[-101.45871,47.79436],[-101.45723,47.79124],[-101.45957,47.78692],[-101.45788,47.78321],[-101.46724,47.78242],[-101.46781,47.77991],[-101.46471,47.77679],[-101.46537,47.77571],[-101.47004,47.77612],[-101.47311,47.77311],[-101.47118,47.77112],[-101.46604,47.77073],[-101.46743,47.7692],[-101.46395,47.76768],[-101.4703,47.76366],[-101.46864,47.76276],[-101.46971,47.75874],[-101.46739,47.75766],[-101.46687,47.7593],[-101.46559,47.75897],[-101.46275,47.75347],[-101.4559,47.7464],[-101.44929,47.74449],[-101.43954,47.74962],[-101.43979,47.74813],[-101.43645,47.74559],[-101.43825,47.7432],[-101.43787,47.73781],[-101.43952,47.73577],[-101.43074,47.73472],[-101.43094,47.7332],[-101.42915,47.73228],[-101.43066,47.7286],[-101.4289,47.72623],[-101.42586,47.7278],[-101.42174,47.72441],[-101.42162,47.72061],[-101.41348,47.71773],[-101.40999,47.71857],[-101.40864,47.71565],[-101.4005,47.71549],[-101.39465,47.70935],[-101.38779,47.70596],[-101.39171,47.70307],[-101.38981,47.69997],[-101.38444,47.69692],[-101.38632,47.69127],[-101.38508,47.68758],[-101.39057,47.68398],[-101.38882,47.67952],[-101.3852,47.67652],[-101.3791,47.67613],[-101.37049,47.67942],[-101.36409,47.67922],[-101.3643,47.68274],[-101.36198,47.6852],[-101.35794,47.68404],[-101.35702,47.68772],[-101.35297,47.68875],[-101.34784,47.6865],[-101.34775,47.6812],[-101.34634,47.68232],[-101.34296,47.68066],[-101.34151,47.67788],[-101.33799,47.67874],[-101.33454,47.67593],[-101.32862,47.67771],[-101.32419,47.67703],[-101.32857,47.66784],[-101.3254,47.66405],[-101.32084,47.66251],[-101.32499,47.65887],[-101.32218,47.65238],[-101.31185,47.65482],[-101.31148,47.65617],[-101.30418,47.65573],[-101.30303,47.6586],[-101.29202,47.65909],[-101.2927,47.65337],[-101.28764,47.65074],[-101.28306,47.65187],[-101.28416,47.64816],[-101.28872,47.64408],[-101.28122,47.64197],[-101.27806,47.6447],[-101.26693,47.64399],[-101.26534,47.64203],[-101.26455,47.64335],[-101.26669,47.64706],[-101.26289,47.64868],[-101.25491,47.64884],[-101.25221,47.65176],[-101.24528,47.65152],[-101.24354,47.65005],[-101.23689,47.65227],[-101.24021,47.65748],[-101.2433,47.65839],[-101.24462,47.66359],[-101.24177,47.66652],[-101.23877,47.6655],[-101.23464,47.66913],[-101.23504,47.67131],[-101.2374,47.67257],[-101.23191,47.675],[-101.23013,47.67349],[-101.22777,47.67558],[-101.22626,47.68248],[-101.22245,47.68136],[-101.22156,47.68364],[-101.21866,47.68364],[-101.21695,47.68211],[-101.21488,47.68407],[-101.21255,47.68939],[-101.21426,47.69115],[-101.20517,47.69581],[-101.20925,47.69804],[-101.20765,47.70005],[-101.19637,47.70367],[-101.19186,47.70973],[-101.19413,47.71432],[-101.18789,47.71895],[-101.19356,47.72103],[-101.19067,47.72535],[-101.19714,47.73332],[-101.19954,47.73203],[-101.20514,47.73343],[-101.20994,47.73093],[-101.21395,47.73094],[-101.21648,47.7341],[-101.223,47.73713],[-101.23933,47.73645],[-101.24229,47.73813],[-101.24087,47.74032],[-101.24755,47.74138],[-101.2531,47.74608],[-101.25063,47.75015],[-101.25049,47.75389],[-101.25232,47.75635],[-101.24948,47.76048],[-101.24505,47.76271],[-101.24521,47.76455],[-101.24179,47.76507],[-101.24101,47.76641],[-101.24278,47.7688],[-101.23733,47.76993],[-101.23417,47.77536],[-101.22441,47.77573],[-101.21988,47.78106],[-101.21664,47.77827],[-101.20932,47.78092],[-101.21131,47.78737],[-101.21478,47.78643],[-101.21779,47.78959],[-101.22224,47.7904],[-101.22121,47.79245],[-101.22292,47.79375],[-101.22232,47.796],[-101.23332,47.79908],[-101.23968,47.80508],[-101.24126,47.80885],[-101.24145,47.81129],[-101.2395,47.81314],[-101.24092,47.81716],[-101.23799,47.82027],[-101.23523,47.82059],[-101.23607,47.8232],[-101.22798,47.82968],[-101.22959,47.83247],[-101.22542,47.83735],[-101.21514,47.83828],[-101.21066,47.8355],[-101.21008,47.8326],[-101.19995,47.83082],[-101.19857,47.82865],[-101.19411,47.82736],[-101.18877,47.8313],[-101.17997,47.8317],[-101.1815,47.82873],[-101.17307,47.82663],[-101.17184,47.82479],[-101.16919,47.82594],[-101.16752,47.8238],[-101.15974,47.82388],[-101.1542,47.82599],[-101.15454,47.83007],[-101.15715,47.83085],[-101.15419,47.8332],[-101.14446,47.82824],[-101.14477,47.82231],[-101.14344,47.81991],[-101.13673,47.81955],[-101.13453,47.81797],[-101.13429,47.81496],[-101.1295,47.81369],[-101.13312,47.81102],[-101.12871,47.80857],[-101.1216,47.81027],[-101.11924,47.80434],[-101.11643,47.80476],[-101.11442,47.80764],[-101.11166,47.8058],[-101.10381,47.80523],[-101.10233,47.80343],[-101.09684,47.80632],[-101.09509,47.80312],[-101.08954,47.80359],[-101.08633,47.80589],[-101.08031,47.80204],[-101.076,47.80166],[-101.06482,47.80546],[-101.05809,47.80099],[-101.05813,47.8043],[-101.04261,47.80563],[-101.03658,47.80852],[-101.03506,47.81013],[-101.03659,47.81378],[-101.03539,47.81459],[-101.03542,47.8193],[-101.03362,47.82052],[-101.03624,47.82179],[-101.03566,47.82428],[-101.03013,47.83041],[-101.02463,47.83053],[-101.02016,47.83539],[-101.01275,47.83327],[-101.00847,47.83389],[-101.00476,47.83066],[-101.00051,47.8335],[-100.99833,47.83329],[-100.99474,47.83244],[-100.99357,47.83122],[-100.99444,47.83007],[-100.99023,47.82921],[-100.9894,47.82713],[-100.98583,47.82907],[-100.98198,47.82531],[-100.9871,47.82294],[-100.98579,47.82158],[-100.9887,47.81759],[-100.98808,47.81639],[-100.97837,47.81578],[-100.97583,47.81308],[-100.97504,47.80789],[-100.971,47.80404],[-100.96495,47.80576],[-100.96176,47.80332],[-100.95957,47.80449],[-100.95664,47.80262],[-100.95466,47.7988],[-100.95569,47.79709],[-100.95394,47.79574],[-100.95469,47.79402],[-100.95057,47.79279],[-100.95058,47.79149],[-100.94634,47.79216],[-100.94493,47.79032],[-100.94322,47.79065],[-100.94343,47.79192],[-100.93779,47.79519],[-100.92643,47.78947],[-100.9257,47.78473],[-100.92844,47.7839],[-100.92852,47.78233],[-100.92569,47.78267],[-100.92114,47.78048],[-100.91599,47.78183],[-100.9147,47.7811],[-100.91578,47.77937],[-100.9092,47.77762],[-100.90682,47.77887],[-100.90444,47.77652],[-100.8967,47.77841],[-100.89116,47.77581],[-100.87138,47.77592],[-100.87026,47.77255],[-100.87347,47.76984],[-100.8692,47.76874],[-100.86312,47.77251],[-100.85798,47.77236],[-100.85644,47.78059],[-100.85255,47.78213],[-100.86587,47.78805],[-100.8647,47.79184],[-100.86646,47.79499],[-100.8649,47.79605],[-100.86982,47.79833],[-100.86705,47.79937],[-100.86618,47.8029],[-100.87054,47.80422],[-100.87166,47.80627],[-100.86751,47.80823],[-100.86253,47.80822],[-100.86203,47.81017],[-100.85992,47.81015],[-100.86109,47.81365],[-100.86447,47.81684],[-100.86038,47.82589],[-100.85679,47.82722],[-100.85384,47.83162],[-100.84474,47.82867],[-100.84251,47.82945],[-100.84079,47.8328],[-100.83581,47.83436],[-100.83265,47.83294],[-100.82007,47.83402],[-100.81244,47.83213],[-100.81089,47.82824],[-100.80239,47.8221],[-100.80315,47.81961],[-100.78992,47.81398],[-100.79201,47.8112],[-100.7911,47.80973],[-100.79704,47.80663],[-100.7915,47.80227],[-100.78957,47.79856],[-100.7822,47.79658],[-100.77852,47.78909],[-100.7739,47.78929],[-100.77397,47.78775],[-100.7712,47.78607],[-100.76591,47.78494],[-100.75483,47.7859],[-100.75068,47.78798],[-100.75153,47.78656],[-100.74965,47.78374],[-100.74398,47.78682],[-100.74426,47.78794],[-100.73918,47.78925],[-100.73521,47.78511],[-100.73725,47.78149],[-100.72719,47.77681],[-100.72737,47.77513],[-100.72994,47.77526],[-100.73451,47.77107],[-100.73291,47.76791],[-100.73626,47.76772],[-100.73691,47.7657],[-100.73526,47.76434],[-100.74923,47.75987],[-100.75684,47.75495],[-100.7608,47.74964],[-100.76457,47.74868],[-100.77005,47.73801],[-100.76726,47.73501],[-100.76945,47.73183],[-100.76779,47.72486],[-100.78549,47.71779],[-100.78814,47.71744],[-100.78666,47.71935],[-100.78823,47.72025],[-100.79267,47.72039],[-100.79335,47.71698],[-100.79742,47.71563],[-100.80442,47.71704],[-100.81039,47.71242],[-100.81319,47.71245],[-100.81275,47.70935],[-100.81474,47.70728],[-100.81812,47.70716],[-100.81787,47.70419],[-100.81537,47.70232],[-100.81873,47.70055],[-100.82002,47.69605],[-100.81713,47.69252],[-100.81746,47.68669],[-100.81512,47.68475],[-100.81632,47.68256],[-100.80739,47.6798],[-100.80744,47.67773],[-100.8059,47.67705],[-100.79459,47.67695],[-100.78817,47.67906],[-100.78509,47.6782],[-100.77967,47.67075],[-100.7734,47.6714],[-100.7693,47.66833],[-100.76523,47.66811],[-100.76373,47.66494],[-100.76564,47.664],[-100.76227,47.66038],[-100.75691,47.66218],[-100.74768,47.66008],[-100.74455,47.66206],[-100.74188,47.66174],[-100.73514,47.65889],[-100.73538,47.65665],[-100.72804,47.65189],[-100.72786,47.64529],[-100.72426,47.64358],[-100.72216,47.64595],[-100.71674,47.64367],[-100.71288,47.646],[-100.71073,47.64401],[-100.70644,47.6452],[-100.70235,47.64435],[-100.70142,47.63907],[-100.68999,47.64355],[-100.69015,47.64151],[-100.66952,47.63987],[-100.66214,47.64119],[-100.65931,47.63863],[-100.65151,47.63588],[-100.64368,47.63557],[-100.63683,47.63328],[-100.6392,47.62808],[-100.63487,47.62743],[-100.63027,47.62905],[-100.62821,47.62682],[-100.62673,47.62878],[-100.62273,47.62756],[-100.61923,47.62956],[-100.61609,47.62806],[-100.61369,47.62933],[-100.61292,47.62643],[-100.60809,47.62337],[-100.6058,47.61901],[-100.61362,47.61401],[-100.61263,47.61159],[-100.62837,47.61322],[-100.63363,47.61115],[-100.6255,47.6087],[-100.62445,47.60663],[-100.62775,47.60591],[-100.63494,47.60767],[-100.63351,47.60434],[-100.63465,47.60317],[-100.64395,47.60606],[-100.64458,47.60314],[-100.65262,47.60197],[-100.65241,47.59923],[-100.66629,47.59564],[-100.6642,47.5946],[-100.66745,47.587],[-100.66221,47.58309],[-100.66067,47.57922],[-100.66516,47.5735],[-100.66089,47.57153],[-100.65737,47.57448],[-100.65111,47.57425],[-100.64847,47.57177],[-100.64308,47.5728],[-100.63074,47.57886],[-100.62533,47.57698],[-100.61768,47.57945],[-100.61594,47.57727],[-100.61639,47.57478],[-100.62294,47.57147],[-100.61898,47.56848],[-100.62007,47.56499],[-100.62258,47.56499],[-100.62534,47.5623],[-100.62259,47.55743],[-100.62824,47.55446],[-100.62967,47.55175],[-100.62509,47.55046],[-100.62799,47.5455],[-100.63208,47.54401],[-100.6333,47.54099],[-100.63359,47.53846],[-100.63032,47.53752],[-100.63085,47.52814],[-100.62948,47.5266],[-100.62985,47.52478],[-100.63189,47.52469],[-100.63203,47.52173],[-100.63116,47.51657],[-100.62897,47.51614],[-100.62944,47.51053],[-100.63238,47.51369],[-100.63507,47.51284],[-100.64029,47.51573],[-100.64258,47.51225],[-100.64148,47.50816],[-100.6434,47.50742],[-100.65217,47.51071],[-100.6571,47.50841],[-100.65799,47.50425],[-100.65946,47.50381],[-100.67035,47.50709],[-100.672,47.50493],[-100.67051,47.50367],[-100.68029,47.49831],[-100.69873,47.49989],[-100.70727,47.4957],[-100.71539,47.49797],[-100.71632,47.48979],[-100.71516,47.48773],[-100.72693,47.4844],[-100.7312,47.48546],[-100.73253,47.48727],[-100.74041,47.48707],[-100.74464,47.4825],[-100.74214,47.47889],[-100.75023,47.47479],[-100.74871,47.47278],[-100.75262,47.47214],[-100.75314,47.46937],[-100.75856,47.46793],[-100.75881,47.46595],[-100.76088,47.46599],[-100.76223,47.46804],[-100.76692,47.46728],[-100.76984,47.47],[-100.77558,47.46798],[-100.775,47.46591],[-100.77628,47.46518],[-100.77774,47.46623],[-100.78169,47.46097],[-100.78,47.45914],[-100.78439,47.45689],[-100.7893,47.45676],[-100.78819,47.45796],[-100.78973,47.45918],[-100.79346,47.45795],[-100.79475,47.45554],[-100.79876,47.45598],[-100.80059,47.45357],[-100.80416,47.457],[-100.80607,47.45584],[-100.8101,47.45663],[-100.81835,47.45],[-100.82373,47.44845],[-100.83239,47.4551],[-100.8402,47.45635],[-100.84301,47.45889],[-100.8422,47.46165],[-100.84332,47.4629],[-100.84683,47.46453],[-100.85713,47.46519],[-100.85868,47.46356],[-100.85782,47.46259],[-100.86219,47.46196],[-100.86585,47.45824],[-100.86456,47.45679],[-100.8655,47.45554],[-100.86829,47.45621],[-100.86737,47.45212],[-100.86887,47.4511],[-100.86868,47.4486],[-100.87157,47.44677],[-100.87276,47.44889],[-100.87819,47.44937],[-100.88083,47.44708],[-100.87806,47.44425],[-100.88326,47.44252],[-100.88107,47.43973],[-100.8871,47.43611],[-100.88831,47.4308],[-100.89875,47.42715],[-100.89585,47.42054],[-100.89331,47.42021],[-100.89343,47.41716],[-100.88918,47.41585],[-100.88615,47.41223],[-100.88585,47.40917],[-100.89216,47.40862],[-100.88717,47.40366],[-100.88835,47.39965],[-100.88265,47.39471],[-100.87841,47.39392],[-100.87943,47.39054],[-100.88471,47.38843],[-100.88665,47.38291],[-100.88353,47.38],[-100.87381,47.38273],[-100.85061,47.37933],[-100.84795,47.38023],[-100.84846,47.37703],[-100.84388,47.37567],[-100.84536,47.37198],[-100.84788,47.37158],[-100.8437,47.36824],[-100.8472,47.36534],[-100.84329,47.36256],[-100.84607,47.3601],[-100.84377,47.35873],[-100.84758,47.35515],[-100.84518,47.35009],[-100.82929,47.34942],[-100.81887,47.34637],[-100.81835,47.34343],[-100.80896,47.34192],[-100.80934,47.33664],[-100.80522,47.33452],[-100.80597,47.33309],[-100.80318,47.33064],[-100.80021,47.3302],[-100.79715,47.33183],[-100.79633,47.33475],[-100.79272,47.33578],[-100.78752,47.3346],[-100.78665,47.33901],[-100.78921,47.34081],[-100.78825,47.34257],[-100.77742,47.3415],[-100.77313,47.33727],[-100.76559,47.3373],[-100.76534,47.334],[-100.76058,47.33599],[-100.75251,47.33639],[-100.74699,47.33093],[-100.74773,47.32741],[-100.74318,47.325],[-100.74054,47.32593],[-100.73624,47.32294],[-100.73491,47.31846],[-100.73694,47.31551],[-100.72686,47.31331],[-100.72402,47.31519],[-100.71925,47.31493],[-100.71898,47.31371],[-100.71211,47.31582],[-100.71109,47.31639],[-100.71242,47.31885],[-100.70747,47.32337],[-100.70082,47.32176],[-100.69488,47.32301],[-100.69329,47.32097],[-100.68367,47.32285],[-100.68196,47.32488],[-100.67601,47.32249],[-100.67657,47.31964],[-100.67483,47.31671],[-100.66651,47.31569],[-100.66427,47.31381],[-100.66343,47.30755],[-100.6454,47.30134],[-100.63538,47.3039],[-100.63152,47.30032],[-100.62136,47.29609],[-100.61312,47.29708],[-100.60951,47.30465],[-100.60292,47.30436],[-100.59473,47.30705],[-100.58518,47.30651],[-100.58658,47.30439],[-100.58576,47.30288],[-100.56654,47.2971],[-100.56456,47.30002],[-100.56586,47.30643],[-100.55904,47.31114],[-100.55893,47.31548],[-100.54797,47.32344],[-100.54349,47.32598],[-100.51838,47.32675],[-100.51271,47.32943],[-100.50912,47.33743],[-100.48157,47.33239],[-100.46971,47.3247],[-100.46776,47.32505],[-100.46416,47.3207],[-100.46192,47.32203],[-100.46006,47.32068],[-100.46188,47.3172],[-100.46087,47.31591],[-100.45531,47.31555],[-100.44844,47.31798],[-100.44868,47.31928],[-100.44235,47.32413],[-100.42953,47.32629],[-100.42993,47.32369],[-100.43176,47.32301],[-100.43186,47.31773],[-100.43634,47.31316],[-100.43579,47.31102],[-100.43848,47.30985],[-100.43426,47.30558],[-100.43527,47.30406],[-100.42846,47.30175],[-100.43148,47.29884],[-100.4265,47.29324],[-100.4311,47.28869],[-100.43058,47.28603],[-100.43295,47.28352],[-100.4266,47.27983],[-100.42868,47.2754],[-100.4261,47.27167],[-100.42221,47.27124],[-100.4221,47.26578],[-100.41744,47.26162],[-100.41571,47.25094],[-100.41299,47.24978],[-100.4113,47.24555],[-100.3954,47.24203],[-100.39356,47.23581],[-100.3992,47.23463],[-100.40171,47.23178],[-100.40459,47.23126],[-100.40226,47.229],[-100.40247,47.22583],[-100.40821,47.2243],[-100.40537,47.21943],[-100.40079,47.21832],[-100.40527,47.21528],[-100.39824,47.20738],[-100.39947,47.20372],[-100.39826,47.19989],[-100.39589,47.19897],[-100.39908,47.19666],[-100.40779,47.19863],[-100.41452,47.19503],[-100.4149,47.19194],[-100.42012,47.18807],[-100.41967,47.18519],[-100.42183,47.18339],[-100.41895,47.18049],[-100.42012,47.17881],[-100.41689,47.17721],[-100.4183,47.17508],[-100.41049,47.17496],[-100.39876,47.17023],[-100.39603,47.17214],[-100.387,47.16956],[-100.38946,47.16046],[-100.38546,47.15406],[-100.39098,47.15318],[-100.39468,47.14896],[-100.37684,47.14138],[-100.37948,47.13692],[-100.37642,47.13092],[-100.36938,47.12881],[-100.36822,47.12711],[-100.36173,47.12798],[-100.35683,47.124],[-100.35758,47.11837],[-100.34818,47.11498],[-100.34483,47.11498],[-100.33932,47.11831],[-100.3284,47.11169],[-100.32528,47.11353],[-100.31893,47.11164],[-100.31225,47.10747],[-100.31053,47.10298],[-100.301,47.09816],[-100.29208,47.09776],[-100.28706,47.09505],[-100.28773,47.09302],[-100.28273,47.0875],[-100.26929,47.08278],[-100.26513,47.08326],[-100.26204,47.08091],[-100.26247,47.07872],[-100.25655,47.07922],[-100.25283,47.07747],[-100.24906,47.07256],[-100.21593,47.05871],[-100.21693,47.05623],[-100.21498,47.05224],[-100.21746,47.05089],[-100.21595,47.04955],[-100.2186,47.0485],[-100.21654,47.04642],[-100.21739,47.0419],[-100.21446,47.0396],[-100.2143,47.03732],[-100.2167,47.03687],[-100.21672,47.03312],[-100.2188,47.03129],[-100.215,47.03034],[-100.20776,47.03228],[-100.20734,47.0249],[-100.2114,47.02073],[-100.21819,47.02186],[-100.2187,47.01887],[-100.21812,47.01564],[-100.21201,47.01173],[-100.21253,47.00779],[-100.208,47.00412],[-100.20952,47.00313],[-100.21076,46.99768],[-100.21713,46.99401],[-100.21826,46.98934],[-100.22424,46.98885],[-100.22385,46.98679],[-100.21607,46.98416],[-100.21869,46.9788],[-100.21377,46.97349],[-100.21348,46.97058],[-100.21654,46.96755],[-100.21442,46.96555],[-100.2185,46.96613],[-100.22277,46.96357],[-100.22506,46.9665],[-100.22935,46.96692],[-100.22999,46.95558],[-100.23201,46.95411],[-100.23081,46.95118],[-100.23277,46.95161],[-100.23582,46.94937],[-100.24195,46.95081],[-100.24256,46.94847],[-100.24631,46.94808],[-100.24357,46.94467],[-100.2465,46.94306],[-100.2578,46.94332],[-100.26265,46.94095],[-100.2736,46.94173],[-100.27201,46.94008],[-100.27376,46.93803],[-100.2779,46.93745],[-100.28315,46.93199],[-100.28653,46.93212],[-100.29264,46.92875],[-100.2912,46.92524],[-100.29868,46.91985],[-100.3028,46.91352],[-100.29855,46.911],[-100.29925,46.9077],[-100.29593,46.90665],[-100.29013,46.89883],[-100.28813,46.8942],[-100.28914,46.89082],[-100.28419,46.88799],[-100.28083,46.88926],[-100.27383,46.88489],[-100.26254,46.88525],[-100.24406,46.87641],[-100.24642,46.87409],[-100.23841,46.8717],[-100.23045,46.87086],[-100.22631,46.87198],[-100.21644,46.8702],[-100.20323,46.86076],[-100.20134,46.86111],[-100.19713,46.85652],[-100.19115,46.85603],[-100.18708,46.85021],[-100.17127,46.84886],[-100.16385,46.8507],[-100.16058,46.84817],[-100.15986,46.84472],[-100.16276,46.84024],[-100.15527,46.83694],[-100.15734,46.83439],[-100.15324,46.8317],[-100.15407,46.8262],[-100.15842,46.82424],[-100.1395,46.81896],[-100.13468,46.82032],[-100.13367,46.81665],[-100.12901,46.81774],[-100.1257,46.81549],[-100.12125,46.81644],[-100.11672,46.81346],[-100.11777,46.8118],[-100.11437,46.81044],[-100.11187,46.80467],[-100.10092,46.80254],[-100.09418,46.80344],[-100.09307,46.80481],[-100.08855,46.80408],[-100.08991,46.80778],[-100.08348,46.80838],[-100.07725,46.81126],[-100.07098,46.81011],[-100.06577,46.80542],[-100.06313,46.80493],[-100.06255,46.80148],[-100.05956,46.79946],[-100.05317,46.80114],[-100.04513,46.80572],[-100.03619,46.80605],[-100.03629,46.80779],[-100.02635,46.80938],[-100.02486,46.81075],[-100.02723,46.81259],[-100.02739,46.81753],[-100.02319,46.8182],[-100.01955,46.82105],[-100.02085,46.82255],[-100.0186,46.82688],[-100.01543,46.82721],[-100.01184,46.83216],[-100.00355,46.83225],[-100.00034,46.83662],[-99.9918,46.84106],[-99.97999,46.8416],[-99.97924,46.84324],[-99.98172,46.84526],[-99.98253,46.85035],[-99.98086,46.85147],[-99.98265,46.85486],[-99.98089,46.85756],[-99.98383,46.86226],[-99.98887,46.8662],[-99.98801,46.86914],[-99.97955,46.86917],[-99.9735,46.87161],[-99.97483,46.87324],[-99.97393,46.87771],[-99.96387,46.88086],[-99.96718,46.88187],[-99.96725,46.88388],[-99.96507,46.88459],[-99.95723,46.88267],[-99.95409,46.88579],[-99.95429,46.88997],[-99.94405,46.88871],[-99.93777,46.89203],[-99.93505,46.89155],[-99.92828,46.88945],[-99.92766,46.88698],[-99.92496,46.88677],[-99.9183,46.88026],[-99.91098,46.87888],[-99.91083,46.86472],[-99.90518,46.86175],[-99.89423,46.85936],[-99.89287,46.8555],[-99.89451,46.85391],[-99.89002,46.85272],[-99.8927,46.85144],[-99.88993,46.84749],[-99.89791,46.84656],[-99.89342,46.84354],[-99.90005,46.84102],[-99.90055,46.83925],[-99.88643,46.83549],[-99.8807,46.83598],[-99.87867,46.83783],[-99.87682,46.84168],[-99.87395,46.84314],[-99.8697,46.85166],[-99.86032,46.85033],[-99.84874,46.85434],[-99.84777,46.85616],[-99.85067,46.86077],[-99.85002,46.86337],[-99.83856,46.86791],[-99.83398,46.87132],[-99.82581,46.87052],[-99.80689,46.876],[-99.80807,46.87801],[-99.80616,46.87962],[-99.80172,46.87752],[-99.79455,46.87998],[-99.78746,46.88001],[-99.78401,46.87505],[-99.77001,46.87337],[-99.7661,46.87019],[-99.7716,46.85977],[-99.77095,46.85861],[-99.7537,46.85332],[-99.74483,46.85455],[-99.73999,46.85817],[-99.73791,46.86391],[-99.73428,46.86493],[-99.73637,46.86749],[-99.73559,46.86977],[-99.73053,46.87021],[-99.72558,46.87385],[-99.72002,46.8741],[-99.71861,46.87326],[-99.71861,46.87054],[-99.70971,46.87033],[-99.70364,46.87536],[-99.70278,46.8766],[-99.70501,46.87833],[-99.69794,46.88079],[-99.6966,46.88555],[-99.68987,46.88901],[-99.68993,46.89238],[-99.68736,46.89602],[-99.68005,46.89783],[-99.68335,46.90175],[-99.68252,46.90744],[-99.67914,46.90943],[-99.67904,46.91509],[-99.67432,46.91824],[-99.65646,46.91506],[-99.65255,46.91678],[-99.63966,46.91146],[-99.63712,46.90937],[-99.63644,46.90466],[-99.62442,46.90421],[-99.6073,46.90999],[-99.58416,46.91477],[-99.57346,46.92153],[-99.57476,46.92432],[-99.57042,46.92721],[-99.5607,46.92548],[-99.55378,46.91394],[-99.55656,46.91191],[-99.55414,46.90961],[-99.55173,46.91095],[-99.55076,46.90887],[-99.55201,46.90736],[-99.54905,46.90564],[-99.54459,46.90696],[-99.53009,46.89979],[-99.5289,46.90183],[-99.5261,46.89991],[-99.52566,46.89772],[-99.52871,46.89322],[-99.52872,46.88704],[-99.5306,46.88337],[-99.53152,46.88188],[-99.53598,46.88159],[-99.52021,46.87426],[-99.52097,46.87201],[-99.51779,46.86592],[-99.51831,46.8621],[-99.51487,46.85936],[-99.51311,46.85399],[-99.51873,46.8536],[-99.52408,46.84963],[-99.52153,46.84616],[-99.51349,46.84258],[-99.50935,46.83514],[-99.50565,46.83497],[-99.50956,46.83145],[-99.50699,46.82832],[-99.50851,46.82684],[-99.49754,46.81927],[-99.49558,46.8151],[-99.48995,46.81203],[-99.48932,46.8085],[-99.49083,46.80398],[-99.48511,46.8029],[-99.4846,46.80028],[-99.48653,46.79793],[-99.48097,46.79474],[-99.48448,46.79441],[-99.49074,46.79711],[-99.4982,46.79282],[-99.50272,46.79515],[-99.50855,46.79542],[-99.50909,46.79716],[-99.51443,46.7999],[-99.52378,46.80028],[-99.52505,46.80188],[-99.52395,46.80337],[-99.52474,46.80745],[-99.52131,46.81215],[-99.52508,46.81781],[-99.52084,46.82203],[-99.52451,46.82902],[-99.52657,46.83086],[-99.53246,46.83047],[-99.53951,46.83275],[-99.54238,46.83689],[-99.54606,46.83726],[-99.5538,46.84393],[-99.55797,46.84525],[-99.55864,46.85027],[-99.56481,46.84912],[-99.56814,46.84377],[-99.56793,46.84191],[-99.56107,46.83779],[-99.56351,46.8361],[-99.56317,46.82977],[-99.55891,46.82922],[-99.55644,46.82427],[-99.55948,46.82353],[-99.55723,46.82177],[-99.55981,46.81872],[-99.54582,46.81164],[-99.54223,46.81121],[-99.5369,46.80371],[-99.53986,46.80186],[-99.53862,46.79926],[-99.5438,46.79774],[-99.54272,46.79543],[-99.55097,46.78939],[-99.54449,46.78772],[-99.53711,46.78085],[-99.54212,46.77705],[-99.54114,46.77484],[-99.54306,46.77361],[-99.54223,46.77178],[-99.54363,46.76988],[-99.53862,46.76657],[-99.5361,46.76745],[-99.53334,46.76547],[-99.52775,46.7647],[-99.52903,46.76227],[-99.52787,46.75966],[-99.53007,46.75561],[-99.52628,46.75036],[-99.51994,46.74883],[-99.51858,46.74663],[-99.51325,46.74478],[-99.51301,46.74094],[-99.50961,46.74028],[-99.50961,46.73869],[-99.50589,46.73614],[-99.50955,46.73309],[-99.50962,46.73079],[-99.50602,46.72665],[-99.5068,46.7172],[-99.51311,46.71505],[-99.51668,46.71549],[-99.51942,46.71796],[-99.51813,46.71919],[-99.51967,46.72056],[-99.52753,46.72136],[-99.53058,46.72581],[-99.53685,46.72792],[-99.53903,46.72724],[-99.54814,46.73154],[-99.55346,46.73065],[-99.56114,46.72313],[-99.56819,46.72324],[-99.57046,46.72012],[-99.57293,46.72065],[-99.57348,46.71874],[-99.57837,46.71559],[-99.58029,46.7102],[-99.58731,46.71081],[-99.58854,46.70964],[-99.58649,46.7078],[-99.58764,46.70607],[-99.59777,46.70417],[-99.60035,46.706],[-99.6051,46.70464],[-99.60833,46.70677],[-99.60385,46.71064],[-99.60401,46.71212],[-99.61262,46.71373],[-99.60877,46.71764],[-99.61182,46.72048],[-99.61584,46.72092],[-99.61853,46.72327],[-99.62129,46.71905],[-99.62767,46.71899],[-99.62867,46.72115],[-99.62445,46.72385],[-99.62677,46.72596],[-99.62526,46.7295],[-99.6262,46.7316],[-99.63156,46.73218],[-99.63408,46.72954],[-99.63863,46.73041],[-99.63846,46.72922],[-99.64377,46.73061],[-99.64661,46.7266],[-99.64554,46.72449],[-99.64209,46.72381],[-99.64624,46.72101],[-99.64956,46.72095],[-99.66041,46.72344],[-99.65953,46.72467],[-99.6617,46.72604],[-99.66163,46.73052],[-99.66462,46.72983],[-99.66842,46.73199],[-99.6702,46.72865],[-99.67451,46.728],[-99.67471,46.7245],[-99.68465,46.72375],[-99.68888,46.71708],[-99.69137,46.71796],[-99.69329,46.7151],[-99.69058,46.7117],[-99.69077,46.70847],[-99.69537,46.70672],[-99.69458,46.70505],[-99.69787,46.70252],[-99.70553,46.70539],[-99.70625,46.70805],[-99.71091,46.70836],[-99.71772,46.70479],[-99.71647,46.70256],[-99.71869,46.70093],[-99.71087,46.69711],[-99.71218,46.69299],[-99.71092,46.69156],[-99.71315,46.68919],[-99.71185,46.68802],[-99.71696,46.68468],[-99.71744,46.68282],[-99.71549,46.68019],[-99.71827,46.67564],[-99.73532,46.66341],[-99.73267,46.65787],[-99.73391,46.65519],[-99.73594,46.65502],[-99.73664,46.65733],[-99.74043,46.65843],[-99.74284,46.65731],[-99.74289,46.66112],[-99.74548,46.66232],[-99.75677,46.65843],[-99.75716,46.66353],[-99.75367,46.66608],[-99.7483,46.66608],[-99.74737,46.66813],[-99.75155,46.66969],[-99.7483,46.67248],[-99.74888,46.67533],[-99.75094,46.67651],[-99.74925,46.67854],[-99.75209,46.67974],[-99.75141,46.68173],[-99.75873,46.68398],[-99.76071,46.68114],[-99.77327,46.6808],[-99.77582,46.68208],[-99.7772,46.6754],[-99.78419,46.66341],[-99.78648,46.66347],[-99.78582,46.66062],[-99.78876,46.65583],[-99.78239,46.65636],[-99.7791,46.65373],[-99.77149,46.65239],[-99.77295,46.65076],[-99.77551,46.65091],[-99.77719,46.64722],[-99.77469,46.6461],[-99.77496,46.64451],[-99.77054,46.64012],[-99.77868,46.63513],[-99.77703,46.63363],[-99.77939,46.6272],[-99.77741,46.62684],[-99.77891,46.62365],[-99.78357,46.62085],[-99.77973,46.61792],[-99.77805,46.6186],[-99.77401,46.6165],[-99.75796,46.61922],[-99.75283,46.61548],[-99.74697,46.61833],[-99.74084,46.6148],[-99.73483,46.61364],[-99.73631,46.61142],[-99.74292,46.60905],[-99.74221,46.60583],[-99.74554,46.60202],[-99.74158,46.59968],[-99.74874,46.59896],[-99.75098,46.59661],[-99.75568,46.59556],[-99.75621,46.59389],[-99.75323,46.59278],[-99.75671,46.5876],[-99.75371,46.58552],[-99.75015,46.58641],[-99.73981,46.58506],[-99.73754,46.58349],[-99.73492,46.58462],[-99.73395,46.58709],[-99.72867,46.58791],[-99.72634,46.59116],[-99.72077,46.59182],[-99.71122,46.58782],[-99.71209,46.5837],[-99.70678,46.58416],[-99.70447,46.58062],[-99.70505,46.57844],[-99.70117,46.57714],[-99.7027,46.57574],[-99.69938,46.57259],[-99.69169,46.56974],[-99.69313,46.56578],[-99.6896,46.56266],[-99.68841,46.55636],[-99.68512,46.55352],[-99.68963,46.55137],[-99.68777,46.54868],[-99.68492,46.54832],[-99.68564,46.54559],[-99.68297,46.54392],[-99.68348,46.54179],[-99.67681,46.53997],[-99.67202,46.54126],[-99.67046,46.5391],[-99.67295,46.53181],[-99.67252,46.52693],[-99.67493,46.52346],[-99.67184,46.52336],[-99.67025,46.52117],[-99.68045,46.51171],[-99.68497,46.50998],[-99.68464,46.50812],[-99.6689,46.49861],[-99.67016,46.49685],[-99.66924,46.49432],[-99.65836,46.48811],[-99.65241,46.48249],[-99.65302,46.4724],[-99.65159,46.46994],[-99.64877,46.46898],[-99.64961,46.46733],[-99.64428,46.46556],[-99.64513,46.46268],[-99.64099,46.46071],[-99.63665,46.45675],[-99.63675,46.45512],[-99.62933,46.45254],[-99.62704,46.44976],[-99.62905,46.44758],[-99.61181,46.43383],[-99.61146,46.43058],[-99.60812,46.43127],[-99.60696,46.42909],[-99.59347,46.42753],[-99.59327,46.42322],[-99.58798,46.41956],[-99.58982,46.41808],[-99.58358,46.40695],[-99.58002,46.40948],[-99.57609,46.40789],[-99.57893,46.40451],[-99.57324,46.40274],[-99.56754,46.40379],[-99.56539,46.40159],[-99.54927,46.40985],[-99.53645,46.40823],[-99.53567,46.40643],[-99.52738,46.40843],[-99.52044,46.40821],[-99.51741,46.4101],[-99.51995,46.41504],[-99.51844,46.41542],[-99.51611,46.41529],[-99.51274,46.41128],[-99.50968,46.41053],[-99.50625,46.41286],[-99.50918,46.41619],[-99.50578,46.41765],[-99.50605,46.41946],[-99.50188,46.41611],[-99.49861,46.41733],[-99.49705,46.41566],[-99.49252,46.41622],[-99.48962,46.42124],[-99.49068,46.42238],[-99.48674,46.42366],[-99.48429,46.42234],[-99.48511,46.42037],[-99.48008,46.42104],[-99.48042,46.42306],[-99.47474,46.43042],[-99.46892,46.43198],[-99.46997,46.43294],[-99.4672,46.43494],[-99.46596,46.43846],[-99.45897,46.4393],[-99.45558,46.44379],[-99.45088,46.44314],[-99.44891,46.44506],[-99.44177,46.44513],[-99.43911,46.44967],[-99.44136,46.45159],[-99.43973,46.45463],[-99.44188,46.45766],[-99.43397,46.4611],[-99.43213,46.45978],[-99.43304,46.45861],[-99.42845,46.45673],[-99.43016,46.45571],[-99.42934,46.4524],[-99.41837,46.45012],[-99.42256,46.43862],[-99.42039,46.43196],[-99.41743,46.42825],[-99.42065,46.42787],[-99.42277,46.42466],[-99.41387,46.42474],[-99.41,46.42121],[-99.40814,46.41752],[-99.41176,46.41706],[-99.41576,46.41086],[-99.4104,46.4042],[-99.41062,46.40106],[-99.40869,46.39824],[-99.40043,46.39666],[-99.40196,46.39482],[-99.40128,46.3921],[-99.38973,46.38838],[-99.38645,46.38936],[-99.3853,46.38534],[-99.38929,46.38467],[-99.388,46.38064],[-99.37718,46.37118],[-99.37063,46.36917],[-99.37169,46.36519],[-99.36985,46.36356],[-99.36909,46.35936],[-99.37162,46.35587],[-99.36936,46.35485],[-99.3788,46.35029],[-99.38137,46.34752],[-99.37994,46.34544],[-99.38401,46.34294],[-99.3752,46.33822],[-99.37801,46.33393],[-99.37653,46.33009],[-99.37964,46.3265],[-99.37885,46.32457],[-99.39799,46.32404],[-99.39697,46.32141],[-99.40051,46.32118],[-99.40133,46.3187],[-99.40625,46.31753],[-99.41008,46.31967],[-99.41345,46.31855],[-99.41965,46.32018],[-99.42841,46.31963],[-99.43185,46.32311],[-99.43712,46.32338],[-99.43788,46.32597],[-99.4413,46.32767],[-99.45263,46.32894],[-99.45022,46.33154],[-99.45151,46.33281],[-99.4563,46.33319],[-99.45702,46.33049],[-99.46095,46.33081],[-99.46383,46.32839],[-99.46082,46.3256],[-99.46419,46.3246],[-99.47477,46.31458],[-99.47437,46.31243],[-99.47213,46.312],[-99.47319,46.31048],[-99.47099,46.30846],[-99.47214,46.3072],[-99.47088,46.30603],[-99.47852,46.30098],[-99.47808,46.29974],[-99.46963,46.29451],[-99.46435,46.29373],[-99.46661,46.28864],[-99.46316,46.28986],[-99.45791,46.28535],[-99.45381,46.28432],[-99.45267,46.28169],[-99.44433,46.27923],[-99.44172,46.27513],[-99.44347,46.27408],[-99.43923,46.27407],[-99.43882,46.27239],[-99.43583,46.27208],[-99.43688,46.26966],[-99.43459,46.26714],[-99.44363,46.26404],[-99.45184,46.26705],[-99.44769,46.25856],[-99.45001,46.25728],[-99.44506,46.25172],[-99.44636,46.25141],[-99.44664,46.2479],[-99.4508,46.24604],[-99.45281,46.24259],[-99.45713,46.24422],[-99.45772,46.24139],[-99.46791,46.2396],[-99.47087,46.23293],[-99.47619,46.2333],[-99.47943,46.23019],[-99.48251,46.23038],[-99.48279,46.22814],[-99.47985,46.22479],[-99.48231,46.22322],[-99.48249,46.22025],[-99.48491,46.21892],[-99.48868,46.21998],[-99.49612,46.21427],[-99.5046,46.21665],[-99.50913,46.21463],[-99.51935,46.21718],[-99.52366,46.21527],[-99.52588,46.20892],[-99.54028,46.20192],[-99.54847,46.20846],[-99.55669,46.20632],[-99.56902,46.20929],[-99.57393,46.21403],[-99.58546,46.21668],[-99.58862,46.21987],[-99.59664,46.21823],[-99.59908,46.21702],[-99.59869,46.2123],[-99.6007,46.21034],[-99.5976,46.20742],[-99.60083,46.20379],[-99.59997,46.19305],[-99.60443,46.19254],[-99.60602,46.18986],[-99.6102,46.19239],[-99.61491,46.19175],[-99.6179,46.18612],[-99.6179,46.18013],[-99.63144,46.18059],[-99.64131,46.17544],[-99.6397,46.17255],[-99.64067,46.17086],[-99.63908,46.17009],[-99.64399,46.16076],[-99.64178,46.15442],[-99.64328,46.1475],[-99.6398,46.14616],[-99.6384,46.14359],[-99.63905,46.13554],[-99.63734,46.1317],[-99.62005,46.12785],[-99.61885,46.12572],[-99.61515,46.12485],[-99.61063,46.12093],[-99.60871,46.11528],[-99.60957,46.11108],[-99.6138,46.10506],[-99.61068,46.10172],[-99.61283,46.10022],[-99.61284,46.09596],[-99.60052,46.09045],[-99.59827,46.0866],[-99.59332,46.08611],[-99.59201,46.08165],[-99.58542,46.08195],[-99.57965,46.07178],[-99.57987,46.06924],[-99.58595,46.06604],[-99.59357,46.06598],[-99.60157,46.06261],[-99.60379,46.06047],[-99.60231,46.0572],[-99.6037,46.05469],[-99.61185,46.05703],[-99.61295,46.05471],[-99.61669,46.05377],[-99.61938,46.05487],[-99.62935,46.05199],[-99.63022,46.05024],[-99.62709,46.04634],[-99.62829,46.04503],[-99.62655,46.04228],[-99.62864,46.04022],[-99.62602,46.03552],[-99.62994,46.02529],[-99.63892,46.025],[-99.64127,46.02249],[-99.66052,46.01712],[-99.6628,46.01347],[-99.66951,46.00898],[-99.67228,46.00294],[-99.67487,46.00244],[-99.67759,45.99853],[-99.68071,45.99816],[-99.6901,45.99259],[-99.67996,45.98175],[-99.67295,45.98086],[-99.66522,45.98204],[-99.65989,45.98083],[-99.65756,45.97778],[-99.64592,45.98095],[-99.64207,45.97781],[-99.6312,45.97665],[-99.62153,45.97853],[-99.62113,45.9811],[-99.61189,45.98468],[-99.60541,45.97957],[-99.58951,45.97597],[-99.58589,45.97021],[-99.58335,45.9683],[-99.57988,45.96847],[-99.57501,45.96077],[-99.56667,45.95778],[-99.56053,45.9523],[-99.55583,45.95331],[-99.5454,45.9471],[-99.53851,45.95049],[-99.52979,45.94681],[-99.5284,45.94832],[-99.51727,45.9478],[-99.50524,45.95108],[-99.5046,45.95338],[-99.50213,45.95227],[-99.4941,45.95349],[-99.48845,45.95613],[-99.4877,45.95964],[-99.48918,45.96139],[-99.48407,45.9657],[-99.47847,45.96469],[-99.47447,45.96774],[-99.466,45.96797],[-99.45773,45.96347],[-99.45788,45.96191],[-99.4491,45.95972],[-99.44827,45.96145],[-99.4441,45.96032],[-99.44051,45.96215],[-99.43523,45.96151],[-99.43447,45.96354],[-99.42848,45.9658],[-99.42,45.96575],[-99.41498,45.9675],[-99.40765,45.96163],[-99.40783,45.95322],[-99.40528,45.95025],[-99.40778,45.94627],[-99.40176,45.94028],[-99.40579,45.93876],[-99.40368,45.93373],[-99.40187,45.93304],[-99.39503,45.93537],[-99.39125,45.93709],[-99.39132,45.93994],[-99.38186,45.941],[-99.38023,45.94505],[-99.37318,45.94617],[-99.36931,45.94626],[-99.3674,45.94326],[-99.36404,45.94338],[-99.35521,45.93818],[-99.35407,45.93623],[-99.3563,45.93161],[-99.35588,45.92397],[-99.35263,45.92264],[-99.34691,45.92364],[-99.34241,45.92182],[-99.34209,45.91988],[-99.34652,45.90784],[-99.34684,45.8987],[-99.34876,45.89665],[-99.34733,45.89393],[-99.35119,45.89113],[-99.35159,45.88801],[-99.3362,45.88636],[-99.33349,45.88012],[-99.34031,45.87779],[-99.33928,45.87659],[-99.34303,45.8734],[-99.34694,45.8745],[-99.3538,45.87298],[-99.35695,45.87417],[-99.3604,45.87263],[-99.3643,45.87469],[-99.36175,45.87714],[-99.36378,45.8813],[-99.36766,45.88243],[-99.36974,45.88048],[-99.37599,45.88099],[-99.38031,45.87779],[-99.38766,45.87872],[-99.39021,45.87653],[-99.40852,45.87523],[-99.41519,45.87646],[-99.43186,45.87404],[-99.4288,45.87018],[-99.42936,45.86873],[-99.45316,45.85724],[-99.46529,45.84092],[-99.47358,45.83711],[-99.46834,45.8354],[-99.46942,45.83388],[-99.46744,45.82999],[-99.46921,45.82737],[-99.47631,45.82441],[-99.47674,45.82186],[-99.48389,45.82213],[-99.4888,45.81902],[-99.48891,45.81188],[-99.4845,45.80936],[-99.48867,45.80567],[-99.49037,45.799],[-99.49952,45.79783],[-99.50703,45.79966],[-99.51234,45.79234],[-99.51732,45.79658],[-99.51617,45.79879],[-99.51801,45.8008],[-99.5245,45.8012],[-99.52556,45.79834],[-99.52967,45.79814],[-99.53129,45.79543],[-99.53285,45.7955],[-99.53192,45.79813],[-99.53348,45.80064],[-99.54008,45.80232],[-99.54214,45.80038],[-99.54995,45.79934],[-99.55702,45.79494],[-99.55576,45.792],[-99.55676,45.78853],[-99.55938,45.78779],[-99.56465,45.78958],[-99.56665,45.78847],[-99.5655,45.78711],[-99.5664,45.78593],[-99.57197,45.78584],[-99.57134,45.78154],[-99.58014,45.78012],[-99.58075,45.77728],[-99.58441,45.77633],[-99.58801,45.77077],[-99.59185,45.77277],[-99.59739,45.77097],[-99.59743,45.77318],[-99.60114,45.77525],[-99.60164,45.7794],[-99.6056,45.78246],[-99.6141,45.78393],[-99.61654,45.78724],[-99.61943,45.78661],[-99.61913,45.78904],[-99.62347,45.79032],[-99.6357,45.79865],[-99.63963,45.79769],[-99.65431,45.79944],[-99.65685,45.7946],[-99.65444,45.79141],[-99.66077,45.78778],[-99.66399,45.78976],[-99.66362,45.79162],[-99.66648,45.79294],[-99.66653,45.79457],[-99.66989,45.7945],[-99.67778,45.79903],[-99.68194,45.79678],[-99.68438,45.79862],[-99.68293,45.80149],[-99.68641,45.80279],[-99.68527,45.80879],[-99.6825,45.81067],[-99.69903,45.81252],[-99.69921,45.81576],[-99.69584,45.81772],[-99.69776,45.82013],[-99.69617,45.82254],[-99.69777,45.82552],[-99.69737,45.83122],[-99.70331,45.82904],[-99.70962,45.83027],[-99.71524,45.83464],[-99.71842,45.83349],[-99.71872,45.83699],[-99.72632,45.8418],[-99.72644,45.84718],[-99.74329,45.84755],[-99.74706,45.84986],[-99.75296,45.84907],[-99.75671,45.85108],[-99.7636,45.84955],[-99.7655,45.85087],[-99.7657,45.8543],[-99.76791,45.85521],[-99.7686,45.85265],[-99.77351,45.84901],[-99.77472,45.85166],[-99.77884,45.85276],[-99.77885,45.85445],[-99.78578,45.85688],[-99.78926,45.86004],[-99.79755,45.86091],[-99.80052,45.86318],[-99.80076,45.85944],[-99.80265,45.85856],[-99.81404,45.85962],[-99.81115,45.85587],[-99.81171,45.85091],[-99.81811,45.84995],[-99.81933,45.84704],[-99.82776,45.84208],[-99.81872,45.83958],[-99.81444,45.83606],[-99.81548,45.83485],[-99.81816,45.83583],[-99.82238,45.83302],[-99.8193,45.82745],[-99.81994,45.82417],[-99.81757,45.82181],[-99.82064,45.81985],[-99.818,45.81266],[-99.8193,45.80944],[-99.81552,45.80785],[-99.81412,45.80547],[-99.81191,45.80696],[-99.80777,45.8041],[-99.81447,45.79802],[-99.81804,45.79803],[-99.82366,45.79309],[-99.82422,45.78829],[-99.81998,45.78389],[-99.81677,45.78403],[-99.81367,45.77881],[-99.81567,45.77736],[-99.81525,45.7736],[-99.81837,45.76823],[-99.82269,45.76603],[-99.82687,45.76132],[-99.84266,45.75707],[-99.84313,45.75206],[-99.83743,45.75096],[-99.83342,45.75241],[-99.83156,45.74979],[-99.82641,45.74807],[-99.82582,45.74533],[-99.82054,45.74269],[-99.82272,45.73874],[-99.82142,45.73626],[-99.8245,45.73583],[-99.825,45.73327],[-99.82971,45.72941],[-99.83189,45.73137],[-99.83977,45.73024],[-99.84725,45.7351],[-99.86298,45.73533],[-99.8652,45.73904],[-99.86444,45.74095],[-99.86621,45.74175],[-99.87185,45.74084],[-99.88263,45.73426],[-99.8878,45.72829],[-99.89059,45.72768],[-99.89345,45.73107],[-99.90871,45.72944],[-99.90902,45.72666],[-99.91161,45.7249],[-99.91166,45.72295],[-99.90697,45.72155],[-99.90671,45.71971],[-99.90982,45.71917],[-99.9116,45.7162],[-99.90947,45.71284],[-99.90627,45.71115],[-99.90073,45.71264],[-99.8979,45.70815],[-99.89499,45.70877],[-99.88798,45.70413],[-99.86903,45.70288],[-99.87456,45.70124],[-99.87427,45.69866],[-99.87661,45.6975],[-99.87396,45.69323],[-99.87553,45.69068],[-99.87862,45.69205],[-99.88263,45.68839],[-99.8806,45.68641],[-99.88223,45.6826],[-99.88485,45.68122],[-99.88905,45.68203],[-99.89221,45.67722],[-99.89715,45.67759],[-99.89876,45.67919],[-99.90838,45.67562],[-99.91388,45.67604],[-99.91344,45.67784],[-99.91928,45.67929],[-99.92985,45.67773],[-99.93521,45.67886],[-99.95627,45.67306],[-99.95678,45.67156],[-99.95416,45.66861],[-99.96084,45.66495],[-99.95724,45.65985],[-99.9527,45.65586],[-99.94714,45.65512],[-99.94608,45.65727],[-99.9435,45.65547],[-99.94528,45.65394],[-99.94353,45.65332],[-99.94005,45.65559],[-99.9342,45.65352],[-99.93403,45.65116],[-99.93009,45.64707],[-99.93827,45.64586],[-99.95389,45.63546],[-99.95592,45.62958],[-99.9635,45.62396],[-99.96441,45.6183],[-99.96297,45.61699],[-99.96291,45.61197],[-99.96587,45.61267],[-99.97431,45.60983],[-99.97782,45.61227],[-99.98073,45.61231],[-99.9822,45.60978],[-99.98907,45.60832],[-99.99009,45.60603],[-99.98814,45.60504],[-99.99194,45.6038],[-99.99591,45.59923],[-99.99453,45.58867],[-99.9883,45.58524],[-99.98412,45.58702],[-99.98239,45.58565],[-99.97892,45.57849],[-99.97259,45.57234],[-99.97086,45.56503],[-99.95573,45.56036],[-99.95196,45.55482],[-99.9481,45.55559],[-99.94002,45.55377],[-99.93781,45.55473],[-99.93795,45.55669],[-99.92269,45.55309],[-99.9174,45.55432],[-99.91338,45.55258],[-99.90955,45.54633],[-99.90524,45.54362],[-99.89857,45.54259],[-99.89762,45.54489],[-99.89302,45.5459],[-99.89009,45.54887],[-99.8854,45.54757],[-99.87739,45.55136],[-99.8762,45.55511],[-99.87384,45.55601],[-99.87047,45.5617],[-99.86967,45.56611],[-99.86327,45.57036],[-99.86099,45.57032],[-99.85529,45.5662],[-99.84884,45.56561],[-99.84296,45.56208],[-99.84104,45.5625],[-99.84114,45.56379],[-99.838,45.56254],[-99.83523,45.56413],[-99.82748,45.56413],[-99.82378,45.56571],[-99.82423,45.56687],[-99.82179,45.56682],[-99.81805,45.56228],[-99.81831,45.55851],[-99.80624,45.55778],[-99.80785,45.55488],[-99.80492,45.55439],[-99.80495,45.55248],[-99.79314,45.55028],[-99.79056,45.54747],[-99.79075,45.54414],[-99.78724,45.54139],[-99.78819,45.53749],[-99.78415,45.53545],[-99.78753,45.53363],[-99.78621,45.5318],[-99.78887,45.53005],[-99.78831,45.52909],[-99.78167,45.52811],[-99.76991,45.52903],[-99.7657,45.53123],[-99.76156,45.52962],[-99.75769,45.53132],[-99.75595,45.52877],[-99.75037,45.52693],[-99.74099,45.52691],[-99.73664,45.52407],[-99.73731,45.52207],[-99.7353,45.51899],[-99.73144,45.51708],[-99.72937,45.51832],[-99.7266,45.51648],[-99.72313,45.5196],[-99.71964,45.5193],[-99.7185,45.52154],[-99.71347,45.52401],[-99.71031,45.52358],[-99.7021,45.51717],[-99.69209,45.51748],[-99.6877,45.51368],[-99.68919,45.50984],[-99.68811,45.5074],[-99.69046,45.50515],[-99.69019,45.50318],[-99.68804,45.50234],[-99.6885,45.4984],[-99.68165,45.49797],[-99.67338,45.49121],[-99.67105,45.49324],[-99.66512,45.49379],[-99.66447,45.48912],[-99.66892,45.48614],[-99.66606,45.48487],[-99.66773,45.47997],[-99.66147,45.48072],[-99.65918,45.47951],[-99.65794,45.48371],[-99.64918,45.48701],[-99.64449,45.48503],[-99.64075,45.48819],[-99.63587,45.48607],[-99.63475,45.48776],[-99.63092,45.48536],[-99.6326,45.4833],[-99.62828,45.47921],[-99.62801,45.47762],[-99.63042,45.4763],[-99.63059,45.4735],[-99.62881,45.47339],[-99.62975,45.47099],[-99.61388,45.46726],[-99.6136,45.464],[-99.60709,45.45839],[-99.60956,45.45478],[-99.60592,45.45325],[-99.60388,45.44853],[-99.60107,45.44643],[-99.60136,45.44508],[-99.60475,45.44467],[-99.60586,45.44229],[-99.60465,45.44039],[-99.60801,45.43897],[-99.6092,45.4328],[-99.6066,45.42634],[-99.5964,45.4284],[-99.5971,45.42556],[-99.59508,45.42439],[-99.5968,45.42225],[-99.59362,45.41651],[-99.59799,45.41359],[-99.60156,45.41446],[-99.60285,45.41202],[-99.60765,45.40996],[-99.60579,45.40942],[-99.60186,45.40321],[-99.59595,45.40298],[-99.59344,45.40115],[-99.59832,45.39656],[-99.60293,45.39618],[-99.60549,45.39311],[-99.60851,45.39252],[-99.61183,45.38675],[-99.61511,45.38747],[-99.61735,45.38585],[-99.61563,45.38438],[-99.61108,45.3845],[-99.60903,45.38167],[-99.60605,45.38069],[-99.60661,45.37289],[-99.60995,45.37003],[-99.60921,45.36717],[-99.60446,45.36511],[-99.60056,45.36601],[-99.5999,45.36146],[-99.59541,45.36121],[-99.59167,45.35759],[-99.59282,45.35649],[-99.59056,45.35451],[-99.59293,45.34193],[-99.59582,45.34155],[-99.59622,45.33869],[-99.60011,45.33626],[-99.60951,45.33551],[-99.6117,45.33921],[-99.62213,45.33923],[-99.62278,45.33746],[-99.6336,45.33163],[-99.63476,45.32837],[-99.63821,45.32758],[-99.63931,45.32526],[-99.64304,45.32657],[-99.64451,45.32901],[-99.65245,45.32967],[-99.65666,45.33476],[-99.66457,45.33155],[-99.6643,45.32564],[-99.66889,45.32924],[-99.67356,45.32823],[-99.67553,45.33181],[-99.67842,45.33117],[-99.68745,45.33434],[-99.69407,45.33328],[-99.69785,45.33017],[-99.69452,45.32472],[-99.69487,45.32224],[-99.69699,45.32142],[-99.69322,45.31745],[-99.69282,45.30677],[-99.69455,45.3045],[-99.70005,45.30274],[-99.70086,45.29898],[-99.69806,45.2972],[-99.69563,45.29833],[-99.6911,45.29379],[-99.69576,45.28521],[-99.69194,45.27901],[-99.69402,45.27249],[-99.69653,45.27276],[-99.69644,45.26867],[-99.7023,45.26869],[-99.70193,45.26648],[-99.7036,45.26512],[-99.70858,45.26632],[-99.70886,45.26154],[-99.70562,45.25972],[-99.70663,45.25622],[-99.69801,45.25012],[-99.69721,45.24581],[-99.70964,45.24547],[-99.705,45.2393],[-99.70098,45.2375],[-99.70024,45.23086],[-99.6977,45.22833],[-99.70043,45.22416],[-99.69836,45.22097],[-99.70014,45.21509],[-99.69764,45.21482],[-99.69991,45.21113],[-99.69643,45.2094],[-99.69229,45.21105],[-99.69049,45.20876],[-99.69155,45.20237],[-99.69872,45.20132],[-99.69872,45.19931],[-99.69335,45.19622],[-99.69747,45.19122],[-99.69515,45.18946],[-99.6948,45.18635],[-99.7036,45.17832],[-99.69788,45.17113],[-99.69945,45.16868],[-99.70361,45.16969],[-99.71111,45.17589],[-99.71651,45.17472],[-99.71522,45.17362],[-99.71972,45.17161],[-99.72089,45.16955],[-99.71975,45.16847],[-99.72536,45.16538],[-99.72727,45.16484],[-99.73468,45.17051],[-99.73859,45.17065],[-99.74234,45.1695],[-99.74257,45.16774],[-99.75194,45.16661],[-99.75276,45.16344],[-99.75087,45.16119],[-99.7514,45.15696],[-99.745,45.15197],[-99.7489,45.14891],[-99.7453,45.1493],[-99.74194,45.14607],[-99.7391,45.14567],[-99.73899,45.14064],[-99.72359,45.13108],[-99.72345,45.12819],[-99.71786,45.11972],[-99.71767,45.11141],[-99.71379,45.10748],[-99.70795,45.10312],[-99.70123,45.10524],[-99.69578,45.10386],[-99.69125,45.10526],[-99.69022,45.10203],[-99.69191,45.09838],[-99.69897,45.0993],[-99.69903,45.09451],[-99.70086,45.09332],[-99.7031,45.09243],[-99.70521,45.09418],[-99.70611,45.09269],[-99.70985,45.0935],[-99.71153,45.09224],[-99.70969,45.08803],[-99.71189,45.08403],[-99.70869,45.07898],[-99.7009,45.07335],[-99.69649,45.06535],[-99.68999,45.06195],[-99.69173,45.05972],[-99.69065,45.05677],[-99.6936,45.05589],[-99.69648,45.0523],[-99.69531,45.05122],[-99.69658,45.04662],[-99.70622,45.04485],[-99.72944,45.0476],[-99.73755,45.05426],[-99.7515,45.05629],[-99.76052,45.06094],[-99.76547,45.06074],[-99.76409,45.05618],[-99.75856,45.04976],[-99.75258,45.04928],[-99.728,45.03602],[-99.72237,45.03031],[-99.72366,45.02335],[-99.72047,45.0233],[-99.72036,45.02086],[-99.72898,45.01857],[-99.74456,45.00676],[-99.74011,44.98876],[-99.74426,44.98201],[-99.74387,44.97786],[-99.73693,44.9708],[-99.73822,44.96592],[-99.74984,44.95503],[-99.75036,44.9466],[-99.76863,44.93463],[-99.7695,44.93103],[-99.7744,44.92724],[-99.77435,44.92332],[-99.78506,44.92106],[-99.78426,44.91622],[-99.78022,44.91103],[-99.77385,44.9103],[-99.7696,44.90137],[-99.77033,44.89936],[-99.77432,44.89948],[-99.77406,44.89096],[-99.78072,44.89091],[-99.78433,44.88808],[-99.79613,44.89031],[-99.79622,44.89396],[-99.8006,44.89308],[-99.79968,44.89111],[-99.8024,44.88408],[-99.80601,44.88021],[-99.80099,44.8716],[-99.80539,44.86775],[-99.80631,44.86154],[-99.802,44.85344],[-99.80664,44.84469],[-99.80467,44.84301],[-99.80386,44.8385],[-99.79898,44.83585],[-99.79475,44.8306],[-99.78688,44.83476],[-99.78086,44.83438],[-99.77989,44.82917],[-99.77376,44.82743],[-99.77096,44.82216],[-99.76833,44.82109],[-99.76395,44.82288],[-99.76159,44.81917],[-99.76176,44.81515],[-99.75918,44.81541],[-99.75491,44.81016],[-99.73986,44.80559],[-99.74018,44.80346],[-99.73553,44.80249],[-99.73292,44.79823],[-99.72545,44.79822],[-99.72313,44.79735],[-99.72315,44.79516],[-99.71944,44.79469],[-99.71274,44.79484],[-99.71095,44.79663],[-99.70298,44.79612],[-99.7032,44.79857],[-99.69292,44.8002],[-99.6843,44.80403],[-99.68375,44.80582],[-99.688,44.80792],[-99.69537,44.80753],[-99.69941,44.80997],[-99.70067,44.81575],[-99.69735,44.81872],[-99.69102,44.816],[-99.68847,44.8231],[-99.69138,44.82718],[-99.6854,44.83496],[-99.67476,44.83287],[-99.67091,44.83439],[-99.66645,44.8256],[-99.66015,44.82165],[-99.65722,44.82006],[-99.65116,44.82229],[-99.65457,44.82354],[-99.65851,44.828],[-99.65412,44.83105],[-99.64573,44.8314],[-99.64492,44.83743],[-99.64774,44.83951],[-99.64724,44.84088],[-99.63931,44.84438],[-99.63231,44.84348],[-99.62733,44.84538],[-99.62321,44.84986],[-99.62377,44.85295],[-99.6302,44.85634],[-99.63083,44.86228],[-99.6291,44.86376],[-99.62703,44.86189],[-99.62498,44.8631],[-99.61456,44.85948],[-99.59962,44.86174],[-99.58744,44.86048],[-99.57987,44.86223],[-99.58331,44.86669],[-99.58297,44.87071],[-99.5875,44.87284],[-99.58586,44.87385],[-99.58679,44.87537],[-99.57889,44.87914],[-99.57955,44.8816],[-99.57579,44.8848],[-99.58434,44.88284],[-99.58654,44.88915],[-99.59023,44.88776],[-99.59296,44.88878],[-99.59196,44.89319],[-99.5931,44.89679],[-99.58916,44.89871],[-99.5901,44.90199],[-99.58788,44.90438],[-99.58485,44.90439],[-99.58095,44.9069],[-99.58161,44.90808],[-99.57708,44.91466],[-99.58041,44.9161],[-99.57876,44.92042],[-99.57367,44.92109],[-99.57046,44.92461],[-99.56631,44.92577],[-99.56484,44.92426],[-99.5613,44.92566],[-99.55702,44.92428],[-99.54626,44.92861],[-99.54478,44.9304],[-99.5465,44.93301],[-99.5441,44.93466],[-99.54532,44.93694],[-99.53897,44.94377],[-99.54764,44.947],[-99.54669,44.95069],[-99.54832,44.95566],[-99.55261,44.95475],[-99.55281,44.95054],[-99.55454,44.9484],[-99.5639,44.94658],[-99.56589,44.95476],[-99.56476,44.95604],[-99.56692,44.95827],[-99.57894,44.96146],[-99.58045,44.96348],[-99.57826,44.9643],[-99.57873,44.9719],[-99.58186,44.97352],[-99.5853,44.98073],[-99.58205,44.98451],[-99.58968,44.98787],[-99.59514,44.98691],[-99.59757,44.98941],[-99.5973,44.992],[-99.59249,44.99499],[-99.5955,45.00097],[-99.59318,45.00447],[-99.60162,45.00893],[-99.60308,45.01423],[-99.60739,45.016],[-99.61093,45.01487],[-99.61383,45.02005],[-99.61691,45.01965],[-99.61564,45.02116],[-99.61725,45.02339],[-99.61575,45.02441],[-99.61678,45.02825],[-99.6139,45.0288],[-99.61272,45.03231],[-99.61301,45.03443],[-99.61803,45.03648],[-99.61929,45.03931],[-99.61088,45.04453],[-99.61266,45.04786],[-99.61308,45.06034],[-99.61793,45.05835],[-99.62015,45.0599],[-99.62406,45.05686],[-99.62759,45.05835],[-99.63054,45.0608],[-99.63066,45.06562],[-99.63357,45.06634],[-99.6368,45.08035],[-99.64105,45.08118],[-99.64828,45.08649],[-99.64604,45.08893],[-99.65338,45.09097],[-99.65246,45.09449],[-99.65575,45.09692],[-99.65187,45.09986],[-99.6448,45.09883],[-99.64161,45.09603],[-99.6398,45.09747],[-99.62777,45.09683],[-99.62874,45.09915],[-99.63214,45.10064],[-99.63117,45.10333],[-99.62332,45.1038],[-99.6203,45.11421],[-99.62318,45.1185],[-99.62181,45.12103],[-99.62454,45.12312],[-99.61417,45.12613],[-99.61054,45.12951],[-99.59896,45.12934],[-99.59417,45.12484],[-99.57693,45.12246],[-99.57239,45.12024],[-99.56466,45.1226],[-99.55525,45.12192],[-99.55259,45.11766],[-99.54959,45.1184],[-99.54934,45.12278],[-99.53377,45.1256],[-99.52799,45.12948],[-99.51831,45.1298],[-99.51238,45.13399],[-99.5077,45.13199],[-99.50061,45.13177],[-99.49884,45.13327],[-99.49103,45.13127],[-99.47552,45.13472],[-99.46649,45.13281],[-99.4628,45.12873],[-99.457,45.12804],[-99.4526,45.12381],[-99.44154,45.12348],[-99.44166,45.12154],[-99.43767,45.11798],[-99.42716,45.11651],[-99.42015,45.11265],[-99.41761,45.11415],[-99.41767,45.11219],[-99.41222,45.11023],[-99.41131,45.11178],[-99.40512,45.11219],[-99.40014,45.10817],[-99.38838,45.10629],[-99.38418,45.10826],[-99.36651,45.10974],[-99.36487,45.11171],[-99.36175,45.11061],[-99.36076,45.11322],[-99.35073,45.11738],[-99.34721,45.12247],[-99.34326,45.1236],[-99.32622,45.12174],[-99.32514,45.11968],[-99.3115,45.12021],[-99.30084,45.12387],[-99.29896,45.12629],[-99.30067,45.12937],[-99.28084,45.12863],[-99.27432,45.13461],[-99.26615,45.13674],[-99.26224,45.13519],[-99.25305,45.13661],[-99.24386,45.14308],[-99.23592,45.14593],[-99.23298,45.14482],[-99.2277,45.149],[-99.2231,45.15028],[-99.22054,45.15478],[-99.2064,45.15463],[-99.20233,45.1501],[-99.19161,45.14677],[-99.18936,45.14931],[-99.17042,45.15019],[-99.17426,45.16002],[-99.17144,45.16055],[-99.17365,45.16247],[-99.17217,45.16627],[-99.17461,45.16985],[-99.18084,45.172],[-99.18733,45.17688],[-99.18794,45.18576],[-99.18637,45.1884],[-99.19469,45.18978],[-99.20217,45.18602],[-99.20849,45.18691],[-99.2159,45.17974],[-99.22209,45.17985],[-99.22659,45.18217],[-99.22923,45.18144],[-99.23351,45.1844],[-99.24012,45.1792],[-99.2467,45.17658],[-99.24796,45.1831],[-99.26835,45.1897],[-99.26773,45.19209],[-99.27513,45.19638],[-99.28142,45.1945],[-99.28151,45.18827],[-99.28332,45.18729],[-99.28689,45.18914],[-99.29298,45.18892],[-99.29494,45.18233],[-99.29986,45.18218],[-99.29908,45.18038],[-99.30199,45.17878],[-99.3091,45.17804],[-99.30982,45.17651],[-99.30788,45.17447],[-99.30724,45.17012],[-99.31524,45.16978],[-99.32513,45.16657],[-99.33924,45.16871],[-99.34604,45.16835],[-99.34678,45.16706],[-99.35476,45.16919],[-99.35047,45.17159],[-99.3528,45.17438],[-99.34113,45.17528],[-99.34282,45.17918],[-99.34155,45.18032],[-99.33875,45.17945],[-99.32696,45.18127],[-99.32663,45.18914],[-99.32361,45.1908],[-99.3169,45.20223],[-99.3221,45.20836],[-99.3215,45.21068],[-99.31447,45.21612],[-99.31096,45.2214],[-99.30731,45.21991],[-99.3024,45.2205],[-99.30262,45.22211],[-99.29686,45.22471],[-99.29505,45.23094],[-99.29695,45.23349],[-99.29364,45.23592],[-99.29601,45.23775],[-99.29489,45.23853],[-99.29618,45.24154],[-99.29373,45.2455],[-99.29586,45.2487],[-99.29766,45.24765],[-99.30434,45.25166],[-99.30781,45.26034],[-99.31258,45.26329],[-99.31097,45.27008],[-99.31193,45.27194],[-99.31496,45.27178],[-99.31601,45.26931],[-99.32002,45.26926],[-99.32176,45.27004],[-99.32174,45.27221],[-99.32557,45.27404],[-99.32113,45.27663],[-99.3209,45.28413],[-99.32228,45.28687],[-99.33208,45.28885],[-99.33674,45.29339],[-99.33959,45.2928],[-99.34032,45.29713],[-99.3435,45.29865],[-99.35213,45.30026],[-99.35796,45.29847],[-99.36211,45.30068],[-99.36331,45.30424],[-99.36921,45.30837],[-99.37088,45.31225],[-99.37328,45.30965],[-99.39452,45.30704],[-99.40149,45.30236],[-99.40011,45.29862],[-99.40184,45.29691],[-99.39939,45.2918],[-99.41048,45.29127],[-99.4104,45.28956],[-99.41511,45.28615],[-99.41522,45.27818],[-99.42285,45.27177],[-99.41971,45.26996],[-99.42416,45.2668],[-99.42259,45.26276],[-99.42571,45.25975],[-99.42829,45.26032],[-99.43363,45.25833],[-99.43468,45.25369],[-99.43695,45.25474],[-99.43748,45.25726],[-99.44468,45.25984],[-99.4478,45.25899],[-99.44985,45.26059],[-99.45472,45.25931],[-99.4578,45.25653],[-99.45809,45.25127],[-99.46026,45.24816],[-99.4691,45.24528],[-99.49009,45.24553],[-99.49636,45.24257],[-99.49471,45.24005],[-99.49614,45.23849],[-99.51343,45.232],[-99.51513,45.22787],[-99.51479,45.22249],[-99.51998,45.22021],[-99.52498,45.21535],[-99.52831,45.2167],[-99.53209,45.21538],[-99.54228,45.21558],[-99.54488,45.21897],[-99.54411,45.22396],[-99.55435,45.22687],[-99.55536,45.22955],[-99.56353,45.2294],[-99.57221,45.23263],[-99.57475,45.2306],[-99.58315,45.23035],[-99.5878,45.23456],[-99.58627,45.23569],[-99.58916,45.23885],[-99.58846,45.24014],[-99.59396,45.24305],[-99.59368,45.24551],[-99.59104,45.24558],[-99.59385,45.24822],[-99.59307,45.25006],[-99.58638,45.24974],[-99.58116,45.25526],[-99.57675,45.25458],[-99.57367,45.25765],[-99.56943,45.25636],[-99.56381,45.25762],[-99.55535,45.26622],[-99.54479,45.2685],[-99.53733,45.27382],[-99.52802,45.27528],[-99.52276,45.27301],[-99.521,45.2744],[-99.51522,45.27374],[-99.50583,45.27533],[-99.50508,45.27753],[-99.51143,45.28113],[-99.51783,45.27881],[-99.51686,45.28542],[-99.52556,45.28805],[-99.52753,45.29134],[-99.52527,45.29387],[-99.52015,45.2938],[-99.51851,45.29567],[-99.51123,45.29383],[-99.50453,45.29701],[-99.49863,45.29698],[-99.4924,45.30129],[-99.48962,45.3006],[-99.48943,45.30379],[-99.48484,45.3042],[-99.48371,45.30601],[-99.48599,45.30744],[-99.48609,45.30959],[-99.47932,45.31065],[-99.47331,45.31506],[-99.46879,45.31638],[-99.4689,45.31768],[-99.4732,45.31939],[-99.47452,45.32626],[-99.4782,45.32658],[-99.47938,45.32813],[-99.4781,45.32992],[-99.4704,45.33048],[-99.46736,45.33368],[-99.46855,45.33679],[-99.4727,45.33927],[-99.47613,45.34684],[-99.47759,45.34681],[-99.4768,45.35137],[-99.47573,45.35393],[-99.46966,45.35509],[-99.46871,45.35661],[-99.4741,45.35941],[-99.47125,45.36086],[-99.4735,45.36261],[-99.46633,45.36303],[-99.46588,45.36457],[-99.45874,45.36618],[-99.45967,45.36943],[-99.45818,45.37111],[-99.45834,45.37593],[-99.46119,45.37921],[-99.46713,45.38025],[-99.46988,45.38047],[-99.46983,45.37869],[-99.47475,45.37767],[-99.47873,45.3813],[-99.4806,45.38558],[-99.48804,45.38811],[-99.49715,45.38759],[-99.49772,45.38478],[-99.49937,45.38405],[-99.50557,45.38657],[-99.51021,45.38599],[-99.51344,45.38933],[-99.51958,45.38916],[-99.52111,45.38781],[-99.52626,45.38954],[-99.53163,45.38549],[-99.53871,45.38848],[-99.55255,45.38917],[-99.5555,45.39123],[-99.55989,45.39154],[-99.56126,45.39628],[-99.56576,45.39794],[-99.57446,45.39652],[-99.5758,45.39405],[-99.58275,45.39369],[-99.5874,45.39472],[-99.5894,45.39773],[-99.59231,45.39842],[-99.59116,45.4015],[-99.58787,45.40224],[-99.58492,45.40098],[-99.58365,45.40367],[-99.56881,45.40571],[-99.56726,45.40385],[-99.55869,45.40485],[-99.55127,45.40964],[-99.55006,45.41109],[-99.55153,45.41201],[-99.5486,45.41516],[-99.5455,45.412],[-99.53941,45.41405],[-99.53788,45.41301],[-99.53662,45.41366],[-99.53743,45.41906],[-99.5351,45.42256],[-99.53049,45.42092],[-99.52459,45.42167],[-99.52316,45.42502],[-99.50594,45.42626],[-99.50087,45.42479],[-99.49905,45.42691],[-99.48613,45.42894],[-99.48595,45.42487],[-99.47968,45.41945],[-99.47421,45.42114],[-99.46519,45.4176],[-99.46291,45.41819],[-99.45929,45.41528],[-99.45967,45.41369],[-99.45728,45.41292],[-99.45724,45.41129],[-99.45783,45.40861],[-99.46067,45.40649],[-99.45916,45.40398],[-99.45418,45.40127],[-99.45412,45.39719],[-99.44594,45.39377],[-99.44068,45.38852],[-99.42812,45.39495],[-99.43095,45.39935],[-99.42455,45.40204],[-99.42588,45.40605],[-99.42913,45.40706],[-99.4258,45.41185],[-99.42742,45.41316],[-99.42531,45.41558],[-99.42998,45.41833],[-99.42466,45.41998],[-99.42442,45.42243],[-99.42033,45.42086],[-99.41484,45.42213],[-99.40667,45.42017],[-99.40389,45.41864],[-99.40386,45.41712],[-99.39277,45.41453],[-99.39039,45.41823],[-99.3835,45.4217],[-99.38203,45.4262],[-99.37592,45.42364],[-99.36787,45.42373],[-99.36668,45.42577],[-99.36324,45.42658],[-99.36062,45.42528],[-99.35915,45.42308],[-99.3601,45.42201],[-99.35449,45.41597],[-99.35554,45.41259],[-99.34673,45.41177],[-99.33466,45.40314],[-99.32782,45.40204],[-99.3203,45.40316],[-99.31635,45.40164],[-99.31458,45.40301],[-99.3129,45.40116],[-99.31035,45.40381],[-99.31654,45.40517],[-99.31262,45.41116],[-99.31337,45.41426],[-99.30535,45.41462],[-99.30637,45.41759],[-99.30472,45.41879],[-99.30031,45.41849],[-99.30045,45.42031],[-99.29194,45.42342],[-99.28533,45.40967],[-99.28301,45.40872],[-99.28241,45.4059],[-99.27579,45.40223],[-99.27981,45.39924],[-99.27266,45.38989],[-99.25501,45.38975],[-99.24627,45.38553],[-99.24456,45.38784],[-99.24515,45.38988],[-99.23661,45.39055],[-99.23351,45.38896],[-99.23054,45.391],[-99.2243,45.3901],[-99.21598,45.39252],[-99.2091,45.38952],[-99.20929,45.38754],[-99.2052,45.38488],[-99.20098,45.39411],[-99.20957,45.39801],[-99.21918,45.39803],[-99.21976,45.39951],[-99.23216,45.40474],[-99.23621,45.40771],[-99.23433,45.4115],[-99.23638,45.41299],[-99.23639,45.4154],[-99.24332,45.41625],[-99.24423,45.41447],[-99.24544,45.41644],[-99.25281,45.41754],[-99.26726,45.41375],[-99.27052,45.41692],[-99.27098,45.42083],[-99.26949,45.4228],[-99.2786,45.42522],[-99.28666,45.42261],[-99.2912,45.42398],[-99.28908,45.42604],[-99.28543,45.4254],[-99.28595,45.42871],[-99.28081,45.43124],[-99.27876,45.43018],[-99.27428,45.43425],[-99.2755,45.43701],[-99.27321,45.43696],[-99.27072,45.43934],[-99.2681,45.4443],[-99.27226,45.4481],[-99.27229,45.45001],[-99.26599,45.45126],[-99.26508,45.45276],[-99.27027,45.45989],[-99.26868,45.46144],[-99.27019,45.46236],[-99.26963,45.46643],[-99.26678,45.47372],[-99.26945,45.47593],[-99.2752,45.47502],[-99.28119,45.4813],[-99.28607,45.48375],[-99.2862,45.48607],[-99.28952,45.48727],[-99.29046,45.49059],[-99.30013,45.4931],[-99.30519,45.4904],[-99.31149,45.49064],[-99.32071,45.49373],[-99.31894,45.49711],[-99.33021,45.50247],[-99.32882,45.50511],[-99.33213,45.51017],[-99.32779,45.51588],[-99.32878,45.5202],[-99.32769,45.52194],[-99.34118,45.52201],[-99.34358,45.52079],[-99.34519,45.51701],[-99.355,45.5203],[-99.36396,45.5176],[-99.36579,45.515],[-99.36423,45.51258],[-99.36524,45.51113],[-99.37933,45.50968],[-99.38492,45.5123],[-99.38574,45.51532],[-99.38327,45.51861],[-99.38898,45.52538],[-99.38445,45.5258],[-99.38352,45.52905],[-99.3848,45.53394],[-99.38204,45.53587],[-99.3816,45.53872],[-99.38517,45.54182],[-99.37972,45.54498],[-99.3781,45.54843],[-99.361,45.5496],[-99.36707,45.55567],[-99.37283,45.55789],[-99.37188,45.55937],[-99.37366,45.56105],[-99.37045,45.56528],[-99.36293,45.56838],[-99.36068,45.56691],[-99.35176,45.5699],[-99.35185,45.57252],[-99.347,45.57076],[-99.34322,45.57224],[-99.34662,45.57763],[-99.34575,45.57959],[-99.34137,45.58155],[-99.33843,45.58991],[-99.3396,45.59137],[-99.33563,45.59289],[-99.33409,45.59565],[-99.33496,45.59853],[-99.32915,45.6003],[-99.32649,45.59746],[-99.32498,45.59226],[-99.32243,45.59172],[-99.31555,45.59442],[-99.31085,45.59353],[-99.3078,45.59439],[-99.31144,45.5973],[-99.31097,45.59916],[-99.31425,45.59862],[-99.31467,45.60036],[-99.30946,45.60275],[-99.30291,45.60413],[-99.30115,45.60215],[-99.29868,45.60362],[-99.29405,45.60327],[-99.28074,45.60826],[-99.27742,45.60766],[-99.27527,45.60954],[-99.26839,45.61009],[-99.26523,45.61494],[-99.26739,45.61804],[-99.26991,45.61857],[-99.2712,45.62326],[-99.26977,45.62661],[-99.26686,45.62833],[-99.2683,45.63013],[-99.26465,45.6345],[-99.25709,45.6317],[-99.25617,45.63008],[-99.25864,45.62628],[-99.25239,45.6238],[-99.2483,45.62526],[-99.24676,45.62255],[-99.24023,45.62244],[-99.23732,45.62372],[-99.23479,45.6276],[-99.22699,45.6314],[-99.22617,45.63442],[-99.22201,45.63603],[-99.20909,45.62915],[-99.20647,45.62983],[-99.19735,45.62746],[-99.1952,45.62014],[-99.19938,45.61788],[-99.18906,45.61483],[-99.18718,45.61734],[-99.17972,45.61526],[-99.16944,45.61515],[-99.16924,45.61661],[-99.16637,45.61632],[-99.16488,45.61999],[-99.15956,45.62174],[-99.14661,45.61934],[-99.14484,45.6199],[-99.14318,45.62562],[-99.14483,45.62693],[-99.14337,45.62833],[-99.14289,45.63397],[-99.13855,45.63269],[-99.13638,45.6293],[-99.13256,45.63248],[-99.13164,45.63656],[-99.13335,45.64039],[-99.14206,45.6431],[-99.13986,45.64541],[-99.14024,45.64811],[-99.13623,45.64889],[-99.13707,45.65151],[-99.13372,45.65155],[-99.13331,45.65415],[-99.12899,45.65499],[-99.13047,45.65543],[-99.131,45.65873],[-99.1357,45.65949],[-99.13696,45.66207],[-99.14637,45.66438],[-99.15538,45.66294],[-99.16452,45.6709],[-99.1647,45.67434],[-99.16723,45.67599],[-99.16799,45.68403],[-99.16541,45.68903],[-99.15409,45.69386],[-99.15444,45.696],[-99.14803,45.7047],[-99.14887,45.70885],[-99.15209,45.7114],[-99.15576,45.71148],[-99.15771,45.71293],[-99.15682,45.71414],[-99.16363,45.71594],[-99.17089,45.72752],[-99.1752,45.72788],[-99.17631,45.73019],[-99.1838,45.73254],[-99.18265,45.73636],[-99.17651,45.73459],[-99.17108,45.73841],[-99.17488,45.7395],[-99.17646,45.74266],[-99.17864,45.74296],[-99.17499,45.75139],[-99.17738,45.75132],[-99.17728,45.75286],[-99.18147,45.75681],[-99.18781,45.75678],[-99.19128,45.76089],[-99.20152,45.76479],[-99.20852,45.77596],[-99.21212,45.77601],[-99.22306,45.78106],[-99.22944,45.7812],[-99.23379,45.78386],[-99.2316,45.78627],[-99.2326,45.78757],[-99.23071,45.78767],[-99.23357,45.79149],[-99.23234,45.79363],[-99.22844,45.79314],[-99.22638,45.79443],[-99.22424,45.79776],[-99.22258,45.79698],[-99.22119,45.80061],[-99.21288,45.79816],[-99.20648,45.80222],[-99.20676,45.80432],[-99.20424,45.8039],[-99.2061,45.80594],[-99.20491,45.81042],[-99.2022,45.81233],[-99.19246,45.81343],[-99.1902,45.81178],[-99.1834,45.8117],[-99.18272,45.81507],[-99.17937,45.81791],[-99.1702,45.81575],[-99.16672,45.81371],[-99.16626,45.81126],[-99.15998,45.81035],[-99.1584,45.81324],[-99.15948,45.81622],[-99.15418,45.8183],[-99.14725,45.81821],[-99.14516,45.82204],[-99.14147,45.82315],[-99.13742,45.82694],[-99.14047,45.82814],[-99.14271,45.83168],[-99.13824,45.83622],[-99.13561,45.83563],[-99.13091,45.83897],[-99.13305,45.84161],[-99.12995,45.84495],[-99.12932,45.84994],[-99.12082,45.84606],[-99.12332,45.84419],[-99.12165,45.84243],[-99.11617,45.84569],[-99.10799,45.84506],[-99.11162,45.84805],[-99.10284,45.84885],[-99.099,45.85412],[-99.08872,45.85721],[-99.08682,45.8586],[-99.08863,45.86029],[-99.07824,45.8687],[-99.07909,45.8707],[-99.07239,45.87531],[-99.06322,45.87787],[-99.0646,45.87919],[-99.06289,45.88017],[-99.05993,45.88129],[-99.05864,45.87835],[-99.03407,45.88188],[-99.02109,45.87676],[-99.01565,45.8802],[-99.0065,45.8795],[-99.00458,45.88061],[-99.00588,45.88295],[-99.00485,45.88528],[-99.00733,45.88895],[-99.00316,45.89071],[-99.00634,45.89229],[-99.00686,45.89499],[-99.00059,45.89841],[-99.00501,45.90007],[-99.00718,45.9034],[-99.00196,45.90564],[-98.99869,45.91012],[-98.9996,45.91315],[-99.00232,45.91345],[-99.00226,45.91722],[-98.99411,45.92244],[-98.99659,45.92607],[-98.99164,45.93124],[-98.99223,45.93303],[-98.98784,45.93113],[-98.98318,45.93193],[-98.98153,45.93526],[-98.97927,45.9361],[-98.97243,45.93703],[-98.96712,45.93593],[-98.96625,45.93756],[-98.9683,45.94103],[-98.96447,45.94249],[-98.95911,45.94816],[-98.96519,45.95714],[-98.97014,45.95868],[-98.97029,45.96371],[-98.96036,45.971],[-98.94617,45.97519],[-98.94229,45.98151],[-98.93713,45.98142],[-98.92942,45.98459],[-98.92789,45.98771],[-98.93336,45.98991],[-98.93542,45.99246],[-98.93431,45.99524],[-98.93018,45.99718],[-98.92663,45.99507],[-98.92134,45.99494],[-98.92094,45.99732],[-98.91557,45.99715],[-98.91498,46.00058],[-98.90976,46.00315],[-98.91513,46.00691],[-98.90823,46.01016],[-98.90783,46.01211],[-98.91123,46.01517],[-98.92278,46.01933],[-98.9264,46.02392],[-98.92257,46.03088],[-98.91413,46.03269],[-98.91118,46.03557],[-98.91056,46.0391],[-98.91594,46.03817],[-98.91836,46.04149],[-98.93341,46.04205],[-98.94341,46.0474],[-98.94663,46.0577],[-98.94356,46.05967],[-98.94097,46.06863],[-98.94145,46.07285],[-98.94469,46.07481],[-98.94596,46.07876],[-98.9493,46.07794],[-98.94929,46.07946],[-98.94534,46.08649],[-98.94122,46.08975],[-98.94259,46.09292],[-98.93806,46.10015],[-98.93439,46.10078],[-98.93296,46.09649],[-98.93047,46.09676],[-98.92723,46.1008],[-98.9297,46.10123],[-98.92662,46.10827],[-98.92976,46.11096],[-98.92858,46.1139],[-98.93015,46.12012],[-98.92793,46.12366],[-98.93042,46.13073],[-98.92972,46.13323],[-98.92499,46.13806],[-98.90453,46.13998],[-98.89284,46.14542],[-98.88857,46.15002],[-98.88551,46.15041],[-98.8807,46.15662],[-98.88246,46.1573],[-98.88017,46.15957],[-98.88131,46.15978],[-98.87915,46.16665],[-98.88014,46.16769],[-98.8786,46.16969],[-98.88235,46.17414],[-98.87976,46.17701],[-98.87393,46.1761],[-98.8717,46.18403],[-98.86593,46.18651],[-98.86829,46.18958],[-98.87241,46.19103],[-98.87687,46.18808],[-98.87919,46.18839],[-98.88225,46.19123],[-98.88149,46.19267],[-98.88467,46.19227],[-98.88434,46.19421],[-98.89048,46.20021],[-98.88723,46.20202],[-98.88548,46.20631],[-98.87923,46.20438],[-98.87622,46.20642],[-98.88476,46.21142],[-98.88231,46.21258],[-98.88445,46.21392],[-98.8823,46.21504],[-98.88284,46.22242],[-98.87933,46.22326],[-98.87706,46.22597],[-98.87842,46.22725],[-98.87762,46.22992],[-98.88104,46.2324],[-98.88004,46.23455],[-98.88138,46.23663],[-98.8772,46.23904],[-98.88046,46.23926],[-98.88441,46.24272],[-98.8845,46.24461],[-98.88858,46.24562],[-98.8867,46.25254],[-98.88421,46.2519],[-98.88148,46.25518],[-98.87624,46.25482],[-98.87645,46.25647],[-98.87998,46.25798],[-98.8763,46.26138],[-98.88014,46.26166],[-98.88602,46.27323],[-98.89168,46.27607],[-98.89474,46.27994],[-98.88861,46.27968],[-98.88257,46.28334],[-98.88032,46.28503],[-98.88248,46.28864],[-98.87752,46.2898],[-98.87738,46.29168],[-98.8854,46.29463],[-98.88151,46.29727],[-98.88747,46.29745],[-98.88501,46.30154],[-98.89142,46.30577],[-98.89379,46.31141],[-98.89717,46.31201],[-98.89734,46.31489],[-98.89183,46.31928],[-98.90066,46.32574],[-98.89846,46.32986],[-98.89948,46.33098],[-98.91417,46.3322],[-98.92281,46.33027],[-98.92694,46.33149],[-98.93821,46.34018],[-98.94593,46.33893],[-98.94959,46.34126],[-98.94928,46.34764],[-98.9476,46.35057],[-98.94893,46.35424],[-98.94728,46.3591],[-98.95041,46.36532],[-98.95578,46.36982],[-98.96117,46.37013],[-98.96049,46.37104],[-98.96304,46.37279],[-98.97177,46.3717],[-98.97402,46.37274],[-98.97354,46.37527],[-98.97812,46.37565],[-98.98033,46.37794],[-98.9899,46.37656],[-98.99209,46.37907],[-98.98871,46.38117],[-98.98694,46.37937],[-98.98463,46.38],[-98.98287,46.38146],[-98.98319,46.38396],[-98.98564,46.3843],[-98.98728,46.38776],[-98.99313,46.38761],[-98.99399,46.39144],[-98.99129,46.39194],[-98.98943,46.39536],[-98.98516,46.39527],[-98.98302,46.39852],[-98.96972,46.40095],[-98.96592,46.40327],[-98.96571,46.41307],[-98.98515,46.41168],[-98.97796,46.41665],[-98.97813,46.41787],[-98.97291,46.42005],[-98.97146,46.42264],[-98.96707,46.42271],[-98.96108,46.42635],[-98.95799,46.42987],[-98.95913,46.43403],[-98.96971,46.43475],[-98.96936,46.4404],[-98.97253,46.44058],[-98.97366,46.44213],[-98.9757,46.44097],[-98.98974,46.44157],[-98.9936,46.44395],[-98.99701,46.44926],[-98.99515,46.45094],[-99.00021,46.45566],[-99.01251,46.46133],[-99.0118,46.45712],[-99.02134,46.45978],[-99.02285,46.45919],[-99.02265,46.45531],[-99.02459,46.45438],[-99.0383,46.4534],[-99.04056,46.44789],[-99.03642,46.44632],[-99.04137,46.44378],[-99.05229,46.44904],[-99.05169,46.45145],[-99.05512,46.45428],[-99.06713,46.45354],[-99.06739,46.45055],[-99.07344,46.45188],[-99.08054,46.45817],[-99.0864,46.45786],[-99.08754,46.46075],[-99.09086,46.46231],[-99.09836,46.46164],[-99.09921,46.4628],[-99.09533,46.46849],[-99.0967,46.47016],[-99.09556,46.47139],[-99.07895,46.47344],[-99.07801,46.47531],[-99.07417,46.47456],[-99.07081,46.4777],[-99.07802,46.48012],[-99.078,46.48202],[-99.07396,46.48403],[-99.07546,46.48484],[-99.07511,46.48704],[-99.07043,46.48767],[-99.07272,46.48965],[-99.07098,46.49149],[-99.06978,46.50018],[-99.067,46.50183],[-99.06473,46.50916],[-99.05909,46.51147],[-99.05768,46.51477],[-99.05932,46.51773],[-99.06929,46.52256],[-99.06979,46.52549],[-99.06261,46.52554],[-99.05928,46.52365],[-99.05583,46.52562],[-99.05455,46.53017],[-99.0521,46.52953],[-99.04943,46.53322],[-99.05045,46.53443],[-99.04138,46.53731],[-99.03368,46.54629],[-99.02959,46.54766],[-99.03306,46.55097],[-99.03218,46.55299],[-99.03108,46.55466],[-99.02743,46.55421],[-99.02303,46.55886],[-99.02418,46.56169],[-99.0199,46.56432],[-99.01453,46.5635],[-99.0116,46.56088],[-99.00684,46.56679],[-99.00287,46.56695],[-98.99496,46.5629],[-98.99425,46.56131],[-98.99806,46.55832],[-98.99621,46.55442],[-98.99232,46.55442],[-98.98777,46.55667],[-98.98822,46.5584],[-98.98272,46.55904],[-98.98135,46.56414],[-98.97869,46.5654],[-98.98773,46.57135],[-98.98835,46.57586],[-98.98627,46.57847],[-98.98144,46.5793],[-98.98581,46.5869],[-98.98117,46.58716],[-98.97898,46.59323],[-98.98469,46.59665],[-98.98466,46.59905],[-98.97894,46.60502],[-98.9807,46.61013],[-98.97677,46.61124],[-98.97506,46.61869],[-98.97859,46.62],[-98.97851,46.62202],[-98.98906,46.62416],[-98.99273,46.6213],[-99.00802,46.62068],[-99.01957,46.61774],[-99.02353,46.6193],[-99.02519,46.62242],[-99.02143,46.62623],[-99.02194,46.62772],[-99.02717,46.63059],[-99.03581,46.62873],[-99.04059,46.62154],[-99.04026,46.61948],[-99.03725,46.6178],[-99.03978,46.61682],[-99.03839,46.61555],[-99.04149,46.61375],[-99.04218,46.60868],[-99.04846,46.60553],[-99.04427,46.60152],[-99.03789,46.60062],[-99.03815,46.59783],[-99.03932,46.59578],[-99.04149,46.59588],[-99.04238,46.59289],[-99.04689,46.59189],[-99.05088,46.5935],[-99.0541,46.5972],[-99.05981,46.59735],[-99.06257,46.60174],[-99.06494,46.60271],[-99.07511,46.60165],[-99.075,46.6044],[-99.07818,46.60737],[-99.07894,46.6105],[-99.08478,46.60843],[-99.08814,46.61132],[-99.09829,46.60564],[-99.09859,46.60402],[-99.11254,46.60497],[-99.11495,46.60815],[-99.11447,46.61072],[-99.11633,46.61287],[-99.12013,46.6131],[-99.12304,46.61763],[-99.11838,46.61935],[-99.12024,46.62837],[-99.11772,46.62992],[-99.12032,46.63152],[-99.12087,46.63876],[-99.12288,46.63958],[-99.12106,46.64091],[-99.12276,46.64235],[-99.12016,46.64783],[-99.12179,46.6557],[-99.13416,46.65892],[-99.13747,46.65842],[-99.14103,46.66112],[-99.14171,46.66422],[-99.15232,46.66376],[-99.17194,46.65674],[-99.17887,46.65747],[-99.18344,46.65547],[-99.18698,46.65768],[-99.19025,46.66645],[-99.19542,46.66682],[-99.19846,46.66885],[-99.20082,46.66689],[-99.20757,46.66712],[-99.21502,46.6699],[-99.21288,46.67606],[-99.21735,46.67855],[-99.21794,46.68097],[-99.22143,46.68352],[-99.22123,46.68622],[-99.21811,46.6884],[-99.21762,46.69248],[-99.21563,46.69292],[-99.20535,46.69314],[-99.20021,46.69167],[-99.20127,46.69307],[-99.19903,46.69303],[-99.19796,46.69146],[-99.19212,46.69412],[-99.18881,46.6922],[-99.18864,46.69037],[-99.18245,46.69091],[-99.17469,46.68824],[-99.16976,46.69417],[-99.15896,46.69637],[-99.15729,46.69512],[-99.15191,46.69725],[-99.15257,46.70193],[-99.15049,46.70284],[-99.15227,46.70726],[-99.15086,46.70944],[-99.15487,46.71267],[-99.15072,46.7136],[-99.14344,46.71191],[-99.14092,46.71446],[-99.13549,46.71324],[-99.13479,46.71703],[-99.13055,46.71892],[-99.1286,46.71727],[-99.1242,46.71697],[-99.12253,46.72373],[-99.12673,46.72832],[-99.12446,46.73222],[-99.13061,46.73703],[-99.12543,46.74029],[-99.1223,46.73859],[-99.12031,46.7409],[-99.11378,46.74125],[-99.10912,46.74518],[-99.10337,46.74498],[-99.09937,46.75022],[-99.10473,46.75193],[-99.10065,46.75363],[-99.09316,46.7644],[-99.09007,46.7641],[-99.08103,46.769],[-99.08357,46.77636],[-99.08211,46.77793],[-99.08511,46.78015],[-99.08474,46.78459],[-99.07379,46.78756],[-99.07386,46.78989],[-99.06882,46.79156],[-99.07387,46.79411],[-99.07678,46.79335],[-99.08336,46.79519],[-99.08625,46.79984],[-99.08521,46.80266],[-99.08779,46.80816],[-99.08501,46.81435],[-99.07786,46.81731],[-99.07452,46.82125],[-99.07998,46.82264],[-99.07997,46.82641],[-99.08494,46.8269],[-99.08482,46.82859],[-99.08295,46.82978],[-99.08251,46.83379],[-99.07939,46.83578],[-99.07682,46.83519],[-99.07572,46.83858],[-99.07645,46.84055],[-99.07998,46.84201],[-99.07969,46.8464],[-99.06982,46.85401],[-99.06239,46.8512],[-99.06166,46.85258],[-99.06543,46.85682],[-99.06558,46.85913],[-99.06326,46.8604],[-99.06024,46.85953],[-99.05839,46.86201],[-99.06273,46.86559],[-99.0635,46.87162],[-99.07497,46.86743],[-99.07618,46.86951],[-99.0735,46.87045],[-99.07334,46.87567],[-99.07846,46.88029],[-99.08322,46.88167],[-99.08317,46.88288],[-99.09093,46.88361],[-99.08828,46.88873],[-99.08557,46.88988],[-99.08683,46.89094],[-99.08418,46.8937],[-99.08413,46.89672],[-99.08068,46.89943],[-99.07889,46.9102],[-99.07239,46.90996],[-99.07518,46.91413],[-99.07336,46.91777],[-99.08004,46.92016],[-99.08082,46.92224],[-99.08499,46.92094],[-99.09347,46.92148],[-99.09401,46.92358],[-99.09179,46.9257],[-99.09908,46.92594],[-99.09836,46.93306],[-99.10019,46.93503],[-99.09985,46.93935],[-99.10177,46.94347],[-99.10943,46.94559],[-99.11083,46.94294],[-99.12143,46.94667],[-99.13178,46.94576],[-99.13401,46.95084],[-99.13225,46.95141],[-99.13305,46.95236],[-99.1412,46.95222],[-99.1572,46.95669],[-99.15895,46.95757],[-99.15817,46.95986],[-99.1595,46.96277],[-99.15511,46.96497],[-99.14372,46.96594],[-99.13518,46.97038],[-99.13457,46.97421],[-99.13914,46.97898],[-99.1368,46.97979],[-99.13613,46.98239],[-99.1307,46.98404],[-99.12612,46.98293],[-99.12186,46.98512],[-99.12352,46.98923],[-99.12246,46.9926],[-99.12908,46.9932],[-99.13101,46.99962],[-99.12761,47.00133],[-99.12548,47.00621],[-99.12325,47.00739],[-99.11793,47.00672],[-99.11644,47.00972],[-99.1134,47.00684],[-99.11136,47.00891],[-99.10229,47.01006],[-99.10135,47.01207],[-99.10283,47.01845],[-99.09856,47.02315],[-99.10096,47.02591],[-99.10403,47.02634],[-99.10396,47.02824],[-99.10639,47.02964],[-99.10484,47.03128],[-99.1082,47.03454],[-99.10453,47.03561],[-99.10398,47.04292],[-99.10056,47.046],[-99.10578,47.04685],[-99.10782,47.04946],[-99.10153,47.05167],[-99.10584,47.05756],[-99.1044,47.06071],[-99.10665,47.06305],[-99.10625,47.06524],[-99.10107,47.06727],[-99.10199,47.06938],[-99.10007,47.07591],[-99.10223,47.07792],[-99.09589,47.08377],[-99.09474,47.08164],[-99.09062,47.08046],[-99.08626,47.08343],[-99.0849,47.08156],[-99.08044,47.08147],[-99.08067,47.08304],[-99.07857,47.08291],[-99.07185,47.08716],[-99.06998,47.08992],[-99.07127,47.09216],[-99.07459,47.09248],[-99.07792,47.09037],[-99.08647,47.09314],[-99.08651,47.0969],[-99.09302,47.09801],[-99.09258,47.09985],[-99.08747,47.10085],[-99.08341,47.10389],[-99.08279,47.10638],[-99.07142,47.11433],[-99.06339,47.11749],[-99.05806,47.1174],[-99.0556,47.11942],[-99.05692,47.1232],[-99.06149,47.12275],[-99.06281,47.12501],[-99.06066,47.12967],[-99.07473,47.13121],[-99.08141,47.13363],[-99.0848,47.13239],[-99.09558,47.13312],[-99.09491,47.13813],[-99.09873,47.13925],[-99.1002,47.14181],[-99.10321,47.13952],[-99.10623,47.14031],[-99.10755,47.13815],[-99.10566,47.13343],[-99.10677,47.13178],[-99.10887,47.13251],[-99.11356,47.13056],[-99.11708,47.13233],[-99.11841,47.13172],[-99.11622,47.12919],[-99.12055,47.12683],[-99.13602,47.12947],[-99.14195,47.12885],[-99.14429,47.1294],[-99.14775,47.13517],[-99.14432,47.14086],[-99.14738,47.14236],[-99.14915,47.14773],[-99.15155,47.14989],[-99.1504,47.15308],[-99.15507,47.15348],[-99.16673,47.14966],[-99.16599,47.15239],[-99.16956,47.14936],[-99.16822,47.14692],[-99.16933,47.14433],[-99.17101,47.14468],[-99.17691,47.13956],[-99.19118,47.1377],[-99.19188,47.13461],[-99.19878,47.13169],[-99.20057,47.12918],[-99.19718,47.12424],[-99.20153,47.12099],[-99.20377,47.11379],[-99.20154,47.10865],[-99.20412,47.10482],[-99.20686,47.10449],[-99.2077,47.1019],[-99.21009,47.10172],[-99.21443,47.10513],[-99.22631,47.10051],[-99.2282,47.10183],[-99.23429,47.10038],[-99.23678,47.09739],[-99.23591,47.09477],[-99.2393,47.09261],[-99.2437,47.09797],[-99.25211,47.09558],[-99.25136,47.09931],[-99.24762,47.10401],[-99.24653,47.10817],[-99.24804,47.11026],[-99.24618,47.11214],[-99.25178,47.11415],[-99.25008,47.11622],[-99.25301,47.12244],[-99.2629,47.12409],[-99.27007,47.12329],[-99.27321,47.12546],[-99.27584,47.13066],[-99.28013,47.13234],[-99.27884,47.12746],[-99.28504,47.13017],[-99.28814,47.12677],[-99.28402,47.12165],[-99.28326,47.11774],[-99.28734,47.11778],[-99.29298,47.11524],[-99.29711,47.11603],[-99.29969,47.11337],[-99.30192,47.11325],[-99.30224,47.12335],[-99.30433,47.12608],[-99.31257,47.12846],[-99.31362,47.13079],[-99.30969,47.13195],[-99.30868,47.13541],[-99.31091,47.13766],[-99.31058,47.14088],[-99.30867,47.14156],[-99.30818,47.14376],[-99.29891,47.14547],[-99.29637,47.14732],[-99.29581,47.14985],[-99.29224,47.14944],[-99.2823,47.15718],[-99.27533,47.15943],[-99.27587,47.16055],[-99.27287,47.16349],[-99.27405,47.16599],[-99.26942,47.16812],[-99.26245,47.16629],[-99.2612,47.16725],[-99.26209,47.17023],[-99.26491,47.17246],[-99.26299,47.17381],[-99.26294,47.17859],[-99.25843,47.1847],[-99.25901,47.18603],[-99.25499,47.18528],[-99.25438,47.18374],[-99.25246,47.18716],[-99.25586,47.18919],[-99.25624,47.19207],[-99.26472,47.19609],[-99.26593,47.19797],[-99.26198,47.20006],[-99.26686,47.20474],[-99.2706,47.20607],[-99.27067,47.20792],[-99.27583,47.20794],[-99.27732,47.21],[-99.28558,47.21337],[-99.289,47.21283],[-99.28997,47.21079],[-99.29242,47.21278],[-99.29867,47.21305],[-99.30063,47.21071],[-99.30899,47.20902],[-99.312,47.20494],[-99.32556,47.20266],[-99.32783,47.20077],[-99.32756,47.19607],[-99.33467,47.19691],[-99.33377,47.19282],[-99.33817,47.19187],[-99.34263,47.18865],[-99.34155,47.18607],[-99.3428,47.18514],[-99.34004,47.18039],[-99.34048,47.17684],[-99.3383,47.17492],[-99.34087,47.17126],[-99.3472,47.17055],[-99.34979,47.16786],[-99.34811,47.16441],[-99.34264,47.16299],[-99.34041,47.158],[-99.34284,47.15414],[-99.34295,47.15025],[-99.34153,47.1492],[-99.34738,47.14707],[-99.35175,47.14813],[-99.35996,47.14491],[-99.35976,47.14269],[-99.36494,47.14143],[-99.3724,47.14177],[-99.37317,47.14657],[-99.37811,47.1462],[-99.38082,47.15308],[-99.38436,47.15646],[-99.38733,47.15716],[-99.38993,47.15506],[-99.40427,47.15572],[-99.4095,47.15378],[-99.42286,47.15715],[-99.42974,47.16143],[-99.43316,47.16187],[-99.43638,47.16524],[-99.44403,47.16807],[-99.44777,47.17281],[-99.4558,47.17284],[-99.4577,47.16992],[-99.46208,47.17258],[-99.46001,47.17395],[-99.46117,47.18172],[-99.45427,47.18558],[-99.45245,47.1887],[-99.44585,47.19086],[-99.43906,47.19554],[-99.43607,47.19452],[-99.43563,47.19677],[-99.43115,47.19939],[-99.42811,47.20431],[-99.42827,47.20848],[-99.42195,47.21549],[-99.42304,47.21647],[-99.42164,47.21712],[-99.42162,47.21998],[-99.42765,47.22175],[-99.42971,47.2234],[-99.42838,47.22444],[-99.43312,47.22699],[-99.43892,47.22654],[-99.44215,47.22842],[-99.4438,47.22691],[-99.46059,47.22828],[-99.46402,47.22621],[-99.46259,47.22371],[-99.46326,47.21855],[-99.46519,47.21679],[-99.47187,47.21509],[-99.47615,47.21567],[-99.47972,47.21352],[-99.48254,47.21419],[-99.48288,47.21199],[-99.48728,47.21007],[-99.49517,47.2156],[-99.50272,47.21318],[-99.50504,47.21553],[-99.49976,47.21751],[-99.50324,47.21953],[-99.50091,47.22154],[-99.50269,47.22893],[-99.50506,47.22747],[-99.5122,47.22732],[-99.52255,47.22111],[-99.52539,47.22446],[-99.53305,47.22477],[-99.52722,47.23361],[-99.51509,47.2356],[-99.51021,47.23852],[-99.50645,47.23782],[-99.50549,47.24007],[-99.49954,47.24017],[-99.49805,47.2451],[-99.49075,47.24678],[-99.48945,47.25345],[-99.4817,47.26349],[-99.4831,47.26646],[-99.48107,47.26863],[-99.48089,47.27224],[-99.47271,47.28053],[-99.46365,47.28522],[-99.46428,47.28775],[-99.47004,47.28867],[-99.47119,47.29425],[-99.48033,47.29892],[-99.48229,47.30283],[-99.48727,47.30627],[-99.49588,47.30708],[-99.50132,47.31003],[-99.50961,47.30939],[-99.51277,47.30688],[-99.52256,47.30552],[-99.52768,47.3],[-99.53789,47.30055],[-99.54493,47.30176],[-99.55617,47.30717],[-99.56979,47.30817],[-99.57676,47.31421],[-99.58703,47.31966],[-99.59302,47.31947],[-99.59567,47.31689],[-99.6013,47.3199],[-99.61062,47.31823],[-99.61415,47.32549],[-99.6208,47.32596],[-99.6273,47.32213],[-99.63253,47.32572],[-99.63476,47.32483],[-99.64041,47.32716],[-99.64578,47.32732],[-99.65362,47.32387],[-99.65584,47.3254],[-99.66852,47.32376],[-99.67661,47.32001],[-99.67814,47.31772],[-99.68369,47.31642],[-99.6967,47.32078],[-99.71482,47.32313],[-99.72024,47.32709],[-99.72373,47.33336],[-99.73833,47.33966],[-99.73396,47.34316],[-99.73304,47.34781],[-99.73659,47.35371],[-99.73291,47.35497],[-99.73163,47.35761],[-99.73322,47.36304],[-99.73216,47.36788],[-99.73606,47.36994],[-99.73597,47.37148],[-99.72983,47.37452],[-99.7278,47.37808],[-99.72893,47.37951],[-99.72668,47.38224],[-99.72808,47.3856],[-99.73027,47.38627],[-99.7294,47.38785],[-99.733,47.39017],[-99.73234,47.39273],[-99.73529,47.39706],[-99.73514,47.39935],[-99.74336,47.39976],[-99.74259,47.40076],[-99.74633,47.40677],[-99.75632,47.41419],[-99.75636,47.4318],[-99.75757,47.43395],[-99.76111,47.43247],[-99.76362,47.43596],[-99.76883,47.4388],[-99.77317,47.43825],[-99.77736,47.43409],[-99.7807,47.43374],[-99.79817,47.4372],[-99.80004,47.44123],[-99.8025,47.4394],[-99.80728,47.44142],[-99.80634,47.44556],[-99.80867,47.44624],[-99.80935,47.44885],[-99.80663,47.45076],[-99.81206,47.45393],[-99.81052,47.4562],[-99.81182,47.45738],[-99.8134,47.45783],[-99.81569,47.45523],[-99.82056,47.45545],[-99.82368,47.45727],[-99.8222,47.45911],[-99.82864,47.46167],[-99.83006,47.46103],[-99.82951,47.45867],[-99.83659,47.46233],[-99.84145,47.46152],[-99.84156,47.46391],[-99.8445,47.46304],[-99.84343,47.46193],[-99.84757,47.45862],[-99.85574,47.45961],[-99.86406,47.46558],[-99.86076,47.46964],[-99.86168,47.47069],[-99.87088,47.47172],[-99.87474,47.47054],[-99.87511,47.47268],[-99.88044,47.47132],[-99.88091,47.46578],[-99.88568,47.46335],[-99.88573,47.46122],[-99.88029,47.46058],[-99.87704,47.45723],[-99.88006,47.45509],[-99.87759,47.45294],[-99.87862,47.45055],[-99.88332,47.44995],[-99.88536,47.44754],[-99.89607,47.45117],[-99.89769,47.454],[-99.90651,47.45594],[-99.91304,47.4602],[-99.91993,47.46213],[-99.92291,47.46587],[-99.92948,47.464],[-99.93274,47.46589],[-99.93674,47.4643],[-99.93133,47.45888],[-99.93224,47.45736],[-99.93995,47.46094],[-99.93934,47.45579],[-99.94193,47.45453],[-99.94907,47.46],[-99.95789,47.45608],[-99.96251,47.45118],[-99.96549,47.45097],[-99.96287,47.44714],[-99.96307,47.4437],[-99.97314,47.43397],[-99.97817,47.43415],[-99.9798,47.43263],[-99.98255,47.43523],[-99.99016,47.43235],[-99.99196,47.43349],[-99.9985,47.43175],[-100.00032,47.42955],[-100.0039,47.42948],[-100.01792,47.41914],[-100.02347,47.41756],[-100.03716,47.41858],[-100.04251,47.41574],[-100.04662,47.4203],[-100.04589,47.42298],[-100.04344,47.4233],[-100.04542,47.42632],[-100.03983,47.42774],[-100.03503,47.43297],[-100.04431,47.4363],[-100.05323,47.44318],[-100.09191,47.44415],[-100.09389,47.44908],[-100.0931,47.4521],[-100.09632,47.45502],[-100.10146,47.45489],[-100.09974,47.45679],[-100.10123,47.46254],[-100.10795,47.46702],[-100.09804,47.47042],[-100.09888,47.47332],[-100.09479,47.47756],[-100.08626,47.48039],[-100.08044,47.4804],[-100.08022,47.48215],[-100.07603,47.48178],[-100.07565,47.48722],[-100.06809,47.49394],[-100.06148,47.49345],[-100.05852,47.49708],[-100.05051,47.4981],[-100.0486,47.5021],[-100.05152,47.50267],[-100.0534,47.50536],[-100.05579,47.50448],[-100.05685,47.507],[-100.05629,47.50829],[-100.04731,47.51009],[-100.05061,47.51538],[-100.05512,47.51401],[-100.05854,47.51508],[-100.05937,47.51784],[-100.05823,47.51955],[-100.06383,47.5231],[-100.06189,47.5279],[-100.06502,47.52822],[-100.06562,47.53056],[-100.05939,47.53352],[-100.05876,47.53666],[-100.05007,47.53792],[-100.04905,47.54199],[-100.04655,47.5436],[-100.04793,47.54622],[-100.04275,47.55047],[-100.04321,47.55773],[-100.04586,47.56349],[-100.04073,47.56591],[-100.04544,47.56937],[-100.04441,47.57172],[-100.04719,47.57341],[-100.04396,47.57576],[-100.04493,47.57926],[-100.04384,47.58003],[-100.05015,47.5834],[-100.04924,47.58596],[-100.04666,47.58603],[-100.04606,47.59058],[-100.04506,47.59169],[-100.04277,47.59049],[-100.04081,47.59711],[-100.0345,47.60231],[-100.02935,47.60422],[-100.0295,47.60639],[-100.02228,47.60979],[-100.01984,47.6093],[-100.01904,47.61044],[-100.02181,47.61252],[-100.02083,47.61398],[-100.02328,47.61546],[-100.01487,47.61991],[-100.0161,47.62331],[-100.0098,47.63142],[-100.00611,47.62916],[-100.00426,47.63229],[-99.99015,47.63742],[-99.98993,47.64042],[-99.99484,47.64371],[-99.99607,47.64664],[-99.98873,47.64643],[-99.98849,47.64862],[-99.98418,47.65039],[-99.98365,47.65419],[-99.98026,47.65577],[-99.97481,47.65203],[-99.96123,47.66249],[-99.95421,47.67295],[-99.95557,47.67465],[-99.95431,47.68086],[-99.94954,47.68022],[-99.94699,47.67787],[-99.94757,47.67509],[-99.95128,47.67392],[-99.9463,47.67349],[-99.94464,47.67191],[-99.94223,47.67273],[-99.93899,47.6707],[-99.9251,47.6719],[-99.92019,47.67531],[-99.89244,47.67701],[-99.8901,47.67903],[-99.89038,47.68063],[-99.89626,47.68638],[-99.90159,47.68578],[-99.90708,47.68783],[-99.90876,47.68906],[-99.9091,47.69262],[-99.91253,47.69234],[-99.9194,47.69512],[-99.91893,47.7028],[-99.90808,47.70243],[-99.90824,47.69975],[-99.9008,47.69989],[-99.89643,47.69789],[-99.89011,47.70021],[-99.88575,47.70487],[-99.88598,47.71018],[-99.88278,47.71093],[-99.88038,47.71498],[-99.87049,47.71432],[-99.86238,47.72164],[-99.86056,47.72631],[-99.85828,47.72738],[-99.85567,47.73614],[-99.84565,47.73866],[-99.83386,47.73607],[-99.83278,47.73833],[-99.834,47.74202],[-99.8325,47.74315],[-99.83383,47.7552],[-99.8214,47.75769],[-99.81843,47.75677],[-99.81473,47.75924],[-99.81631,47.76212],[-99.81213,47.76157],[-99.81186,47.76412],[-99.80897,47.76201],[-99.79969,47.7603],[-99.79451,47.76155],[-99.79609,47.76295],[-99.79358,47.76393],[-99.79376,47.76575],[-99.78791,47.76903],[-99.77336,47.77215],[-99.76892,47.76972],[-99.76956,47.76167],[-99.76792,47.7603],[-99.75183,47.76083],[-99.74178,47.76543],[-99.73475,47.76612],[-99.72646,47.77027],[-99.72662,47.77944],[-99.72894,47.78043],[-99.72615,47.78897],[-99.70982,47.78918],[-99.71012,47.79295],[-99.71312,47.79627],[-99.71847,47.79639],[-99.72116,47.79815],[-99.7202,47.80099],[-99.71662,47.80336],[-99.70933,47.80191],[-99.70686,47.79785],[-99.70152,47.79394],[-99.69787,47.79647],[-99.69088,47.79275],[-99.6804,47.79434],[-99.68291,47.78925],[-99.68187,47.78888],[-99.64072,47.78914],[-99.64039,47.79904],[-99.63615,47.80059],[-99.63673,47.80347],[-99.6229,47.80631],[-99.61888,47.81075],[-99.6187,47.81856],[-99.61548,47.81885],[-99.60829,47.81539],[-99.60245,47.81507],[-99.58944,47.80885],[-99.58489,47.8088],[-99.58083,47.80627],[-99.58311,47.8023],[-99.58101,47.79886],[-99.56738,47.79703],[-99.5668,47.80029],[-99.56281,47.80383],[-99.56527,47.80607],[-99.5618,47.80721],[-99.56389,47.81112],[-99.56007,47.81448],[-99.55422,47.81627],[-99.54713,47.83266],[-99.5412,47.8347],[-99.54046,47.83306],[-99.53094,47.8286],[-99.52954,47.8302],[-99.51875,47.82955],[-99.51625,47.8258],[-99.51683,47.82133],[-99.51456,47.81788],[-99.50444,47.8178],[-99.50313,47.81123],[-99.49059,47.81416],[-99.49111,47.81025],[-99.49743,47.80561],[-99.49633,47.80068],[-99.50513,47.79816],[-99.50586,47.79616],[-99.50369,47.79451],[-99.5042,47.79311],[-99.50882,47.78945],[-99.4937,47.78681],[-99.49169,47.78834],[-99.48676,47.78718],[-99.48112,47.78956],[-99.47557,47.7881],[-99.46387,47.79059],[-99.45694,47.78555],[-99.44763,47.78553],[-99.44448,47.78699],[-99.44477,47.78872],[-99.43517,47.78959],[-99.42907,47.79446],[-99.42378,47.79213],[-99.41173,47.79499],[-99.40867,47.79749],[-99.40607,47.79604],[-99.40133,47.79703],[-99.39892,47.79992],[-99.38756,47.80073],[-99.38012,47.79815],[-99.37654,47.79973],[-99.37921,47.80115],[-99.37922,47.80319],[-99.36777,47.80555],[-99.36422,47.80341],[-99.35813,47.80318],[-99.35707,47.80199],[-99.36116,47.80082],[-99.35882,47.79252],[-99.35001,47.78681],[-99.34626,47.78887],[-99.32357,47.78894],[-99.31647,47.78576],[-99.3149,47.78234],[-99.31607,47.78079],[-99.3067,47.77425],[-99.30962,47.77192],[-99.30772,47.76911],[-99.29957,47.76459],[-99.30051,47.76198],[-99.29849,47.76067],[-99.30169,47.75991],[-99.30097,47.75535],[-99.29094,47.74895],[-99.28391,47.75216],[-99.27957,47.74875],[-99.27733,47.75046],[-99.27515,47.74928],[-99.27291,47.75029],[-99.27252,47.75193],[-99.2667,47.74856],[-99.25829,47.75117],[-99.25531,47.74957],[-99.24509,47.75012],[-99.2415,47.75725],[-99.2362,47.76094],[-99.23096,47.75958],[-99.22335,47.76465],[-99.21873,47.76186],[-99.21272,47.76311],[-99.20731,47.76679],[-99.20763,47.76873],[-99.20415,47.77178],[-99.20617,47.77443],[-99.2035,47.77603],[-99.20433,47.77817],[-99.20075,47.77992],[-99.19473,47.77818],[-99.18969,47.78337],[-99.18662,47.78222],[-99.18749,47.78068],[-99.18639,47.77987],[-99.17209,47.77304],[-99.16451,47.77631],[-99.16701,47.77774],[-99.16695,47.77939],[-99.16408,47.78117],[-99.14893,47.77491],[-99.1314,47.77057],[-99.12787,47.77267],[-99.11973,47.77287],[-99.11754,47.77531],[-99.11351,47.77395],[-99.11437,47.77142],[-99.11233,47.76946],[-99.10799,47.76926],[-99.10462,47.77069],[-99.10387,47.77557],[-99.09613,47.77775],[-99.09379,47.78183],[-99.08882,47.77396],[-99.09138,47.76961],[-99.0898,47.76867],[-99.09251,47.76759],[-99.0925,47.76478],[-99.09468,47.76475],[-99.09514,47.76318],[-99.108,47.7598],[-99.11108,47.76092],[-99.1157,47.75998],[-99.12604,47.76294],[-99.12563,47.71995],[-99.12221,47.71868],[-99.1187,47.71423],[-99.10397,47.70864],[-99.09275,47.70944],[-99.07817,47.70714],[-99.07659,47.70986],[-99.07271,47.71143],[-99.06453,47.71129],[-99.0525,47.70779],[-99.03988,47.70869],[-99.03981,47.6897],[-99.04154,47.68909],[-99.03885,47.68658],[-99.04173,47.68431],[-99.03991,47.68287],[-99.03955,47.67327],[-99.05065,47.67167],[-99.04599,47.6677],[-99.03897,47.66509],[-99.03172,47.66578],[-99.02911,47.6606],[-99.04316,47.65995],[-99.03985,47.64884],[-99.03625,47.64701],[-99.04192,47.64536],[-99.02071,47.63661],[-99.02112,47.63365],[-99.01121,47.63089],[-99.006,47.63588],[-99.00442,47.63392],[-98.99921,47.63405],[-98.99514,47.63657],[-98.99145,47.63413],[-98.99297,47.632],[-98.99047,47.63111],[-98.99003,47.62838],[-98.99453,47.62645],[-98.97573,47.61874],[-98.96866,47.61963],[-98.96866,47.63067],[-98.96396,47.63129],[-98.96161,47.63356],[-98.95858,47.63804],[-98.95928,47.64286],[-98.95545,47.64246],[-98.9448,47.64637],[-98.94474,47.65178],[-98.93793,47.65152],[-98.93395,47.64926],[-98.92789,47.65143],[-98.92727,47.655],[-98.93257,47.65733],[-98.93265,47.65977],[-98.93514,47.66214],[-98.93214,47.66607],[-98.93347,47.66849],[-98.93288,47.68707],[-98.76121,47.68722],[-98.76047,47.67973],[-98.75852,47.67909],[-98.75271,47.67977],[-98.745,47.67747],[-98.74278,47.67994],[-98.73745,47.6795],[-98.73151,47.68207],[-98.72617,47.68076],[-98.72508,47.67732],[-98.71933,47.67435],[-98.71733,47.67245],[-98.71843,47.67066],[-98.71439,47.66883],[-98.71659,47.6632],[-98.72503,47.65746],[-98.72036,47.65362],[-98.71838,47.6546],[-98.71367,47.65349],[-98.71623,47.64676],[-98.72685,47.64427],[-98.71832,47.62992],[-98.72079,47.62828],[-98.71898,47.62715],[-98.71954,47.6259],[-98.71481,47.62469],[-98.71059,47.62105],[-98.70526,47.62071],[-98.70623,47.62183],[-98.70296,47.62467],[-98.70311,47.63139],[-98.6995,47.63063],[-98.69306,47.62479],[-98.68337,47.62338],[-98.67237,47.62504],[-98.66561,47.62339],[-98.66263,47.62513],[-98.65556,47.62294],[-98.65381,47.62342],[-98.65226,47.62779],[-98.64648,47.62822],[-98.64834,47.63155],[-98.64576,47.63273],[-98.6461,47.63491],[-98.63916,47.63887],[-98.63558,47.62825],[-98.62549,47.6283],[-98.62475,47.62633],[-98.61824,47.62465],[-98.61799,47.6231],[-98.62175,47.61704],[-98.61961,47.61328],[-98.62234,47.61074],[-98.62028,47.60496],[-98.62525,47.60549],[-98.62793,47.59929],[-98.63617,47.60069],[-98.63971,47.59684],[-98.64586,47.59497],[-98.64862,47.59141],[-98.64487,47.58829],[-98.64582,47.58349],[-98.64848,47.58122],[-98.65193,47.58222],[-98.65574,47.58021],[-98.65474,47.5781],[-98.64955,47.57689],[-98.64901,47.57533],[-98.65029,47.57218],[-98.65211,47.57219],[-98.6517,47.56904],[-98.65512,47.56827],[-98.65446,47.56704],[-98.64837,47.56503],[-98.64484,47.56649],[-98.64108,47.56373],[-98.64575,47.5609],[-98.64552,47.55848],[-98.64897,47.55554],[-98.65279,47.55666],[-98.66623,47.55453],[-98.67443,47.55891],[-98.68395,47.56003],[-98.69074,47.56353],[-98.70134,47.55995],[-98.69915,47.5586],[-98.69968,47.55693],[-98.70484,47.55353],[-98.71691,47.54928],[-98.71592,47.5458],[-98.72048,47.54151],[-98.7208,47.53796],[-98.72563,47.53017],[-98.7203,47.52578],[-98.71245,47.52653],[-98.71342,47.52424],[-98.71147,47.52277],[-98.70515,47.52263],[-98.70977,47.51691],[-98.70887,47.51253],[-98.71017,47.51068],[-98.70827,47.50818],[-98.71377,47.50508],[-98.71544,47.50629],[-98.7151,47.50819],[-98.71977,47.50696],[-98.72322,47.50237],[-98.72881,47.50013],[-98.73265,47.50165],[-98.73726,47.50029],[-98.73942,47.49877],[-98.73789,47.49751],[-98.73934,47.49538],[-98.74921,47.49309],[-98.75119,47.48984],[-98.75087,47.48507],[-98.74624,47.48584],[-98.74419,47.48341],[-98.7414,47.48296],[-98.74792,47.48182],[-98.74924,47.48099],[-98.74789,47.47945],[-98.75151,47.47866],[-98.75236,47.47564],[-98.75554,47.47419],[-98.75549,47.47149],[-98.76095,47.46662],[-98.7584,47.46604],[-98.75835,47.46315],[-98.75832,47.46088],[-98.76122,47.45852],[-98.76198,47.45579],[-98.7608,47.45459],[-98.7631,47.45235],[-98.76601,47.45205],[-98.763,47.44771],[-98.75931,47.44658],[-98.75298,47.44053],[-98.75375,47.43442],[-98.74984,47.43267],[-98.74899,47.42848],[-98.76073,47.42394],[-98.75999,47.42025],[-98.76207,47.41827],[-98.76108,47.41407],[-98.76245,47.41246],[-98.77836,47.41104],[-98.77546,47.405],[-98.77635,47.40017],[-98.76721,47.39569],[-98.76424,47.39243],[-98.76162,47.39271],[-98.75868,47.38738],[-98.76083,47.38378],[-98.75864,47.38202],[-98.75927,47.37779],[-98.76861,47.37682],[-98.76697,47.36933],[-98.76903,47.36793],[-98.7642,47.36522],[-98.76604,47.358],[-98.76041,47.35537],[-98.75878,47.35658],[-98.75645,47.35251],[-98.76264,47.35203],[-98.76196,47.34954],[-98.76569,47.34394],[-98.76442,47.34243],[-98.77113,47.33801],[-98.7685,47.3362],[-98.77022,47.33417],[-98.76862,47.32893],[-98.76497,47.32731],[-98.76328,47.32987],[-98.76142,47.3283],[-98.76015,47.32416],[-98.76126,47.31947],[-98.75875,47.31684],[-98.76091,47.31615],[-98.76039,47.31356],[-98.75533,47.31327],[-98.7549,47.31137],[-98.74569,47.3125],[-98.73788,47.30831],[-98.73492,47.30398],[-98.73498,47.30114],[-98.73711,47.29878],[-98.73285,47.29566],[-98.73275,47.29279],[-98.72906,47.28985],[-98.72663,47.28889],[-98.72182,47.29],[-98.70352,47.28356],[-98.70603,47.28126],[-98.70378,47.27944],[-98.70652,47.27703],[-98.70485,47.27599],[-98.708,47.27248],[-98.7062,47.27111],[-98.70123,47.27146],[-98.69997,47.26531],[-98.69152,47.2616],[-98.68931,47.259],[-98.68442,47.26005],[-98.68084,47.25841],[-98.67915,47.25547],[-98.67941,47.25126],[-98.67615,47.25046],[-98.67676,47.24833],[-98.66726,47.24302],[-98.65904,47.24343],[-98.65717,47.24039],[-98.6501,47.24006],[-98.65556,47.23919],[-98.65343,47.23441],[-98.65445,47.22997],[-98.64304,47.22885],[-98.6419,47.22816],[-98.64279,47.22624],[-98.63728,47.22567],[-98.63551,47.22054],[-98.63402,47.22009],[-98.63568,47.21778],[-98.6332,47.21477],[-98.63673,47.21157],[-98.63827,47.20747],[-98.64006,47.20851],[-98.64245,47.20717],[-98.64078,47.20449],[-98.64129,47.20211],[-98.6396,47.19982],[-98.63259,47.19889],[-98.63309,47.19627],[-98.63129,47.19457],[-98.63404,47.19406],[-98.62978,47.19001],[-98.631,47.18739],[-98.62929,47.18567],[-98.62773,47.18758],[-98.6243,47.18627],[-98.62104,47.18824],[-98.61582,47.18868],[-98.61313,47.18666],[-98.61547,47.18492],[-98.61534,47.17861],[-98.61078,47.17755],[-98.60866,47.17385],[-98.60136,47.17411],[-98.60358,47.17091],[-98.6086,47.16906],[-98.60763,47.16683],[-98.6046,47.16638],[-98.60723,47.164],[-98.60588,47.1623],[-98.598,47.16092],[-98.59323,47.1569],[-98.58754,47.15633],[-98.58359,47.15823],[-98.58124,47.15463],[-98.57198,47.14917],[-98.56938,47.14501],[-98.5618,47.14949],[-98.55589,47.1505],[-98.55355,47.14983],[-98.55508,47.148],[-98.55401,47.14583],[-98.55119,47.14668],[-98.55206,47.14282],[-98.54987,47.14298],[-98.54647,47.14024],[-98.54005,47.14363],[-98.53879,47.14137],[-98.53606,47.14074],[-98.5344,47.14265],[-98.53267,47.14233],[-98.53291,47.13923],[-98.52995,47.13713],[-98.53099,47.13364],[-98.52929,47.13162],[-98.53108,47.12834],[-98.52356,47.12729],[-98.52192,47.12499],[-98.51484,47.12701],[-98.51567,47.128],[-98.51314,47.13133],[-98.50237,47.13382],[-98.49984,47.13056],[-98.49669,47.1314],[-98.49355,47.12957],[-98.49,47.13152],[-98.48848,47.1264],[-98.48235,47.12317],[-98.48035,47.11783],[-98.48629,47.11576],[-98.48512,47.1149],[-98.47636,47.11523],[-98.4726,47.11798],[-98.4671,47.11819],[-98.45987,47.11544],[-98.46048,47.11415],[-98.45818,47.1108],[-98.46411,47.10404],[-98.46633,47.10406],[-98.46746,47.09808],[-98.46729,47.08261],[-98.46365,47.07879],[-98.46451,47.07556],[-98.46722,47.07224],[-98.47372,47.06889],[-98.47356,47.06731],[-98.47977,47.06465],[-98.47981,47.06258],[-98.47613,47.06125],[-98.47804,47.05708],[-98.47481,47.05609],[-98.46977,47.05781],[-98.46395,47.05509],[-98.46528,47.05259],[-98.46695,47.05334],[-98.47215,47.04946],[-98.47209,47.0478],[-98.47448,47.04718],[-98.47355,47.04485],[-98.4758,47.04309],[-98.48023,47.04384],[-98.48363,47.04065],[-98.48169,47.03797],[-98.48344,47.03543],[-98.48085,47.02635],[-98.48197,47.02559],[-98.48023,47.02453],[-98.48084,47.01895],[-98.47954,47.01513],[-98.47741,47.0116],[-98.47281,47.00868],[-98.47197,47.00555],[-98.46832,47.00461],[-98.47094,47.00177],[-98.47207,46.99709],[-98.47558,46.9985],[-98.47682,46.9972],[-98.47608,46.99381],[-98.47419,46.99242],[-98.4705,46.99304],[-98.46816,46.98938],[-98.46588,46.98917],[-98.45561,46.99549],[-98.45436,46.99037],[-98.45205,46.99005],[-98.45022,46.98633],[-98.44697,46.9841],[-98.44905,46.9816],[-98.45485,46.98015],[-98.45197,46.97082],[-98.44719,46.9661],[-98.44658,46.96332],[-98.43703,46.95953],[-98.42865,46.96139],[-98.42745,46.96338],[-98.42174,46.96267],[-98.42257,46.95963],[-98.41883,46.9581],[-98.41807,46.95419],[-98.41344,46.95199],[-98.41621,46.95047],[-98.41345,46.94843],[-98.41045,46.94909],[-98.40501,46.94442],[-98.39589,46.94619],[-98.39431,46.94406],[-98.39063,46.94402],[-98.38403,46.94844],[-98.37634,46.95005],[-98.37409,46.95301],[-98.37803,46.95731],[-98.3758,46.96076],[-98.37671,46.96293],[-98.37489,46.96688],[-98.3811,46.96944],[-98.3839,46.96763],[-98.38678,46.96799],[-98.38736,46.97411],[-98.38591,46.97349],[-98.38606,46.97781],[-98.38124,46.979],[-98.38011,46.98162],[-98.38262,46.98219],[-98.38011,46.98458],[-98.38029,46.98648],[-98.38463,46.98752],[-98.38316,46.98977],[-98.38524,46.99018],[-98.38135,46.99383],[-98.38494,46.9951],[-98.38517,46.99654],[-98.37885,46.99929],[-98.37528,47.00304],[-98.35647,47.00234],[-98.35167,47.00444],[-98.35002,47.00203],[-98.34685,47.00114],[-98.34246,47.00256],[-98.33486,46.99863],[-98.32592,46.99794],[-98.32366,46.99516],[-98.32598,46.99417],[-98.33005,46.98754],[-98.32713,46.98701],[-98.32761,46.98457],[-98.3333,46.98025],[-98.33393,46.97643],[-98.33859,46.97365],[-98.33297,46.96967],[-98.33599,46.96515],[-98.33294,46.9623],[-98.33314,46.95057],[-98.33533,46.94715],[-98.33347,46.94537],[-98.3334,46.93855],[-98.34194,46.93595],[-98.3386,46.9325],[-98.34102,46.92785],[-98.33561,46.92235],[-98.341,46.9177],[-98.33778,46.91663],[-98.34163,46.90998],[-98.33963,46.90893],[-98.34211,46.90816],[-98.33852,46.90721],[-98.33985,46.90432],[-98.33582,46.90222],[-98.33192,46.90322],[-98.32752,46.90061],[-98.32359,46.90193],[-98.3209,46.90057],[-98.32327,46.89459],[-98.33298,46.89239],[-98.33256,46.88228],[-98.32275,46.88083],[-98.31931,46.87783],[-98.31887,46.87541],[-98.32309,46.87251],[-98.32321,46.87111],[-98.31974,46.87073],[-98.31952,46.86928],[-98.31993,46.86534],[-98.3219,46.86331],[-98.32176,46.85827],[-98.32948,46.85524],[-98.33101,46.85164],[-98.3197,46.85032],[-98.31185,46.84381],[-98.31212,46.84054],[-98.31975,46.8392],[-98.32295,46.84075],[-98.32278,46.83892],[-98.33027,46.83848],[-98.34057,46.83244],[-98.33378,46.8239],[-98.33665,46.8225],[-98.33722,46.82012],[-98.34045,46.819],[-98.33855,46.8125],[-98.34128,46.80601],[-98.34821,46.8054],[-98.35207,46.8032],[-98.35881,46.80412],[-98.361,46.80143],[-98.36591,46.80033],[-98.36433,46.79394],[-98.36095,46.78958],[-98.36664,46.78501],[-98.37176,46.78361],[-98.36996,46.77651],[-98.37232,46.77677],[-98.37487,46.7797],[-98.37804,46.77844],[-98.37622,46.77571],[-98.37641,46.7708],[-98.37941,46.76969],[-98.3788,46.76677],[-98.3758,46.76451],[-98.37596,46.7602],[-98.38031,46.75747],[-98.37861,46.75601],[-98.37959,46.75465],[-98.37849,46.75263],[-98.38496,46.74935],[-98.38418,46.74732],[-98.38099,46.74655],[-98.38025,46.74301],[-98.38311,46.74045],[-98.38015,46.73864],[-98.39048,46.73824],[-98.39488,46.74147],[-98.41262,46.73936],[-98.42401,46.74307],[-98.42619,46.74001],[-98.42965,46.74115],[-98.43277,46.73973],[-98.43036,46.73837],[-98.43453,46.73509],[-98.43339,46.73293],[-98.43572,46.73252],[-98.43767,46.72962],[-98.44367,46.73066],[-98.44721,46.73332],[-98.45299,46.73005],[-98.45067,46.72821],[-98.45414,46.7255],[-98.45212,46.72389],[-98.45762,46.71878],[-98.45981,46.71944],[-98.46012,46.71662],[-98.46238,46.71496],[-98.47151,46.71788],[-98.49609,46.71825],[-98.49762,46.71762],[-98.4977,46.71345],[-98.49944,46.7125],[-98.50174,46.71371],[-98.50255,46.71223],[-98.50769,46.71277],[-98.51301,46.71479],[-98.52415,46.70971],[-98.52244,46.70001],[-98.52332,46.68922],[-98.53015,46.68816],[-98.52877,46.68266],[-98.54286,46.67993],[-98.54991,46.67403],[-98.54572,46.67135],[-98.54649,46.66706],[-98.5437,46.66558],[-98.54235,46.66196],[-98.54566,46.65927],[-98.54434,46.6545],[-98.54244,46.65369],[-98.5445,46.65239],[-98.54464,46.6489],[-98.54741,46.64425],[-98.54074,46.63771],[-98.53762,46.63677],[-98.53755,46.63355],[-98.5356,46.6312],[-98.52329,46.63129],[-98.52014,46.63325],[-98.5154,46.63091],[-98.49555,46.63067],[-98.49737,46.62788],[-98.49254,46.62788],[-98.49108,46.62647],[-98.49257,46.62503],[-98.49137,46.62351],[-98.49277,46.61907],[-98.49547,46.61748],[-98.50715,46.61762],[-98.50351,46.61276],[-98.49462,46.60825],[-98.49411,46.60312],[-98.48733,46.60001],[-98.48752,46.59867],[-98.47684,46.60213],[-98.46744,46.60171],[-98.46698,46.59877],[-98.46485,46.59837],[-98.45789,46.60317],[-98.46089,46.60657],[-98.45551,46.60964],[-98.45525,46.6135],[-98.45246,46.61393],[-98.45204,46.61607],[-98.45011,46.61643],[-98.45123,46.61918],[-98.44951,46.62232],[-98.45104,46.6238],[-98.44662,46.62808],[-98.4449,46.63364],[-98.44649,46.63559],[-98.44134,46.63833],[-98.44366,46.64063],[-98.44938,46.64116],[-98.4508,46.64621],[-98.44655,46.64665],[-98.44762,46.64916],[-98.44501,46.65034],[-98.44147,46.64847],[-98.43836,46.64968],[-98.4375,46.65108],[-98.43884,46.65233],[-98.43741,46.65431],[-98.43988,46.65557],[-98.43962,46.65883],[-98.43854,46.66026],[-98.43169,46.66008],[-98.42609,46.66636],[-98.42709,46.67146],[-98.42374,46.67381],[-98.41928,46.6729],[-98.41768,46.67478],[-98.40933,46.67536],[-98.39611,46.67441],[-98.39859,46.6696],[-98.39679,46.66467],[-98.39454,46.66352],[-98.39108,46.66562],[-98.38935,46.66333],[-98.39103,46.66198],[-98.3818,46.65812],[-98.38039,46.65931],[-98.373,46.65828],[-98.37383,46.65659],[-98.37049,46.65399],[-98.3662,46.65363],[-98.35608,46.65709],[-98.35111,46.65427],[-98.35203,46.65252],[-98.34524,46.64965],[-98.34703,46.64612],[-98.35411,46.64069],[-98.35224,46.63752],[-98.35622,46.63434],[-98.35572,46.62684],[-98.35886,46.62542],[-98.35523,46.62462],[-98.35294,46.62025],[-98.34786,46.61769],[-98.34823,46.61631],[-98.35285,46.61537],[-98.35395,46.61074],[-98.35258,46.60887],[-98.35414,46.60582],[-98.34986,46.60163],[-98.34807,46.60167],[-98.34996,46.59744],[-98.34865,46.5944],[-98.3446,46.59203],[-98.34598,46.59018],[-98.34441,46.58929],[-98.34493,46.58606],[-98.34883,46.58342],[-98.34616,46.58117],[-98.34891,46.57672],[-98.3536,46.57645],[-98.36279,46.56925],[-98.36346,46.57149],[-98.36701,46.56985],[-98.37138,46.56462],[-98.36855,46.56361],[-98.36295,46.56507],[-98.36137,46.56164],[-98.36258,46.55968],[-98.36209,46.55357],[-98.36399,46.5508],[-98.37518,46.54778],[-98.37389,46.54456],[-98.37087,46.54241],[-98.37358,46.53377],[-98.36995,46.53207],[-98.36664,46.52774],[-98.37062,46.52455],[-98.36835,46.52368],[-98.36846,46.51993],[-98.36554,46.51779],[-98.3613,46.51852],[-98.36147,46.51598],[-98.35305,46.51444],[-98.34474,46.5147],[-98.34304,46.51617],[-98.33889,46.51392],[-98.33843,46.50594],[-98.33441,46.50245],[-98.33377,46.49951],[-98.33039,46.49855],[-98.33017,46.4961],[-98.3334,46.49493],[-98.33396,46.48663],[-98.33145,46.4855],[-98.32564,46.4764],[-98.32497,46.473],[-98.32728,46.47036],[-98.32432,46.46789],[-98.32605,46.46564],[-98.32243,46.46116],[-98.32327,46.45787],[-98.32675,46.45653],[-98.32709,46.44852],[-98.32421,46.44588],[-98.32687,46.44435],[-98.32508,46.44214],[-98.32715,46.44016],[-98.32542,46.43496],[-98.32304,46.435],[-98.32141,46.43124],[-98.317,46.43265],[-98.31415,46.43122],[-98.31274,46.42956],[-98.31373,46.42499],[-98.30762,46.4233],[-98.30614,46.41904],[-98.30315,46.41619],[-98.29559,46.41259],[-98.29474,46.41044],[-98.29845,46.40318],[-98.29368,46.39604],[-98.2952,46.39405],[-98.29256,46.38832],[-98.28139,46.38954],[-98.28322,46.38708],[-98.28116,46.38345],[-98.27846,46.38512],[-98.26844,46.37953],[-98.2651,46.37969],[-98.26455,46.37487],[-98.26179,46.36997],[-98.25533,46.36568],[-98.2555,46.36211],[-98.25096,46.36182],[-98.24786,46.35952],[-98.24115,46.36083],[-98.2407,46.36355],[-98.23845,46.36305],[-98.23081,46.36724],[-98.21888,46.37065],[-98.21234,46.37533],[-98.20432,46.37665],[-98.20135,46.3816],[-98.20286,46.39814],[-98.19898,46.39794],[-98.19443,46.40125],[-98.18811,46.40257],[-98.19524,46.40755],[-98.19782,46.40599],[-98.20229,46.40729],[-98.20185,46.41179],[-98.20597,46.41647],[-98.20186,46.42002],[-98.20949,46.42524],[-98.20958,46.42838],[-98.21314,46.43167],[-98.21487,46.43654],[-98.22014,46.43698],[-98.22342,46.44052],[-98.22764,46.43973],[-98.23063,46.44524],[-98.22799,46.44635],[-98.22813,46.44903],[-98.22624,46.44993],[-98.22899,46.45172],[-98.22722,46.457],[-98.22972,46.45918],[-98.2275,46.46506],[-98.23065,46.46671],[-98.224,46.47125],[-98.21513,46.47337],[-98.21369,46.47633],[-98.21506,46.47811],[-98.21092,46.47717],[-98.20412,46.48035],[-98.20167,46.4791],[-98.20157,46.48804],[-98.1912,46.49346],[-98.18649,46.49484],[-98.18288,46.49326],[-98.18548,46.49097],[-98.18139,46.48799],[-98.18053,46.48451],[-98.17243,46.48481],[-98.17077,46.48703],[-98.16458,46.48428],[-98.15378,46.48945],[-98.15136,46.49226],[-98.15283,46.49396],[-98.15063,46.49683],[-98.15304,46.50006],[-98.15815,46.50049],[-98.16161,46.50293],[-98.16297,46.50448],[-98.16242,46.50711],[-98.16827,46.50644],[-98.17433,46.50964],[-98.17652,46.51458],[-98.18193,46.51432],[-98.18497,46.51668],[-98.18107,46.51869],[-98.18049,46.52071],[-98.18517,46.52354],[-98.18124,46.52668],[-98.18186,46.52843],[-98.18524,46.52907],[-98.18573,46.53305],[-98.18753,46.53456],[-98.19361,46.5354],[-98.19907,46.53846],[-98.19986,46.54515],[-98.2068,46.54834],[-98.20858,46.55252],[-98.21497,46.55579],[-98.21553,46.55959],[-98.21948,46.55941],[-98.21938,46.56176],[-98.2152,46.56515],[-98.2155,46.56656],[-98.21086,46.56825],[-98.21053,46.57463],[-98.21298,46.57779],[-98.21862,46.57832],[-98.22326,46.5765],[-98.22396,46.58568],[-98.21601,46.58731],[-98.21466,46.59085],[-98.21797,46.59445],[-98.21431,46.60048],[-98.21578,46.60169],[-98.21968,46.60108],[-98.21961,46.60399],[-98.22167,46.60567],[-98.22713,46.60204],[-98.22896,46.60267],[-98.23352,46.60903],[-98.23164,46.61065],[-98.23526,46.61224],[-98.23861,46.61794],[-98.24369,46.6189],[-98.2432,46.621],[-98.23863,46.62103],[-98.24037,46.62508],[-98.23807,46.62737],[-98.24242,46.62865],[-98.24237,46.63043],[-98.24642,46.63269],[-98.24694,46.63522],[-98.25379,46.63966],[-98.25226,46.6443],[-98.24953,46.6448],[-98.24979,46.65096],[-98.25105,46.65202],[-98.25545,46.64965],[-98.25871,46.65198],[-98.26879,46.65231],[-98.27328,46.65003],[-98.27687,46.65079],[-98.27669,46.65471],[-98.264,46.66202],[-98.2619,46.66676],[-98.24864,46.66505],[-98.24398,46.66156],[-98.23995,46.66169],[-98.24014,46.66376],[-98.23844,46.66468],[-98.23387,46.66241],[-98.22907,46.66351],[-98.22843,46.67211],[-98.22091,46.67476],[-98.22213,46.67551],[-98.22028,46.68036],[-98.22351,46.68302],[-98.22824,46.68378],[-98.2285,46.68895],[-98.21529,46.68876],[-98.21612,46.69852],[-98.21241,46.70168],[-98.21371,46.70245],[-98.21353,46.70532],[-98.21083,46.70618],[-98.20208,46.70328],[-98.19769,46.70519],[-98.19327,46.69905],[-98.18673,46.70128],[-98.1839,46.69192],[-98.18107,46.68922],[-98.17599,46.68897],[-98.17606,46.68768],[-98.16805,46.68288],[-98.16848,46.67696],[-98.15784,46.67614],[-98.14164,46.67762],[-98.13637,46.67455],[-98.12286,46.67437],[-98.11759,46.67623],[-98.11876,46.68028],[-98.11496,46.68423],[-98.10869,46.68554],[-98.10296,46.68322],[-98.09249,46.68582],[-98.08437,46.68173],[-98.08173,46.68184],[-98.08124,46.67453],[-98.07394,46.67405],[-98.07284,46.67053],[-98.07096,46.6698],[-98.06255,46.67458],[-98.05498,46.6742],[-98.05414,46.6759],[-98.04809,46.67809],[-98.04665,46.67609],[-98.0481,46.67141],[-98.04517,46.66834],[-98.04489,46.65984],[-98.02146,46.65999],[-98.02144,46.66305],[-98.01948,46.66367],[-98.00591,46.65801],[-97.9951,46.65775],[-97.98377,46.6502],[-97.9832,46.64781],[-97.97686,46.6488],[-97.97618,46.6308],[-97.97191,46.63039],[-97.97219,46.61568],[-97.97704,46.61114],[-97.98168,46.60164],[-97.99801,46.59282],[-98.01174,46.58064],[-98.01064,46.57789],[-98.00469,46.57473],[-98.00154,46.57022],[-97.995,46.56973],[-97.99047,46.55898],[-97.98662,46.55628],[-97.98438,46.54838],[-97.98081,46.54638],[-97.97844,46.54242],[-97.96471,46.53383],[-97.96392,46.52902],[-97.97177,46.52956],[-97.97134,46.52661],[-97.97364,46.52224],[-97.98057,46.51681],[-97.98224,46.51156],[-97.98442,46.51053],[-97.98413,46.50659],[-97.98784,46.49989],[-97.993,46.49773],[-97.99393,46.49014],[-97.99804,46.48999],[-98.00324,46.48413],[-98.00574,46.48381],[-98.01033,46.47597],[-98.02111,46.46961],[-98.02223,46.46554],[-98.02527,46.46276],[-98.02565,46.45276],[-98.03135,46.44653],[-98.02928,46.44155],[-98.02469,46.43825],[-98.02401,46.42898],[-98.02578,46.42638],[-98.02426,46.42569],[-98.02528,46.42403],[-98.02425,46.42254],[-98.02647,46.42036],[-98.02214,46.41549],[-98.02693,46.41305],[-98.02465,46.41238],[-98.02457,46.40752],[-98.01727,46.40284],[-98.01834,46.40062],[-98.02136,46.39994],[-98.0222,46.39659],[-98.01397,46.3909],[-98.01749,46.38786],[-98.01335,46.38391],[-98.01996,46.37604],[-98.01907,46.37382],[-98.01541,46.37437],[-98.01274,46.37176],[-98.02368,46.36576],[-98.02238,46.36058],[-98.02586,46.35437],[-98.02356,46.35195],[-98.02442,46.3484],[-98.02308,46.3468],[-98.02436,46.34549],[-98.02288,46.34356],[-98.01482,46.34114],[-98.0134,46.34349],[-98.00519,46.34453],[-98.00213,46.34273],[-97.99872,46.34407],[-97.99949,46.3414],[-97.9983,46.33998],[-98.00169,46.33892],[-97.99782,46.33179],[-98.00214,46.32622],[-98.00094,46.32185],[-98.00428,46.31841],[-98.0027,46.31652],[-97.99936,46.31857],[-97.99241,46.31763],[-97.9911,46.3121],[-97.98811,46.3097],[-97.98752,46.30782],[-97.99048,46.30267],[-97.98863,46.3016],[-97.98994,46.2999],[-97.98761,46.29906],[-97.98956,46.29738],[-97.98367,46.29709],[-97.98417,46.29508],[-97.9898,46.29245],[-97.98933,46.28848],[-97.98146,46.28911],[-97.9762,46.28662],[-97.98443,46.28277],[-97.98871,46.28274],[-97.99392,46.27519],[-97.99718,46.27547],[-97.99948,46.27105],[-97.99849,46.26987],[-98.00086,46.26847],[-98.00111,46.26405],[-98.00328,46.26137],[-98.006,46.25965],[-98.01069,46.26104],[-98.00977,46.25666],[-98.01295,46.25205],[-98.01365,46.24322],[-98.0175,46.24317],[-98.02151,46.23951],[-98.02282,46.23427],[-98.02081,46.22849],[-98.02275,46.22568],[-98.03317,46.22535],[-98.03035,46.22118],[-98.03521,46.21986],[-98.03962,46.2233],[-98.04623,46.22264],[-98.0455,46.22515],[-98.04762,46.22509],[-98.06512,46.21893],[-98.06227,46.21528],[-98.06145,46.2092],[-98.05797,46.20939],[-98.05577,46.20477],[-98.05031,46.20325],[-98.05217,46.20181],[-98.049,46.19869],[-98.05298,46.19468],[-98.0516,46.19478],[-98.05004,46.19043],[-98.04181,46.19166],[-98.03625,46.18928],[-98.02567,46.19144],[-98.02496,46.19533],[-98.01829,46.19552],[-98.01375,46.19468],[-98.0055,46.19001],[-98.00954,46.18807],[-98.01418,46.18275],[-98.0231,46.17924],[-98.02454,46.17776],[-98.02282,46.17392],[-98.02593,46.16926],[-98.03396,46.16414],[-98.0399,46.1635],[-98.04039,46.15918],[-98.04375,46.1577],[-98.04392,46.14575],[-98.04856,46.13897],[-98.04581,46.13296],[-98.04687,46.13106],[-98.04519,46.12951],[-98.04232,46.13296],[-98.03742,46.13316],[-98.03681,46.13111],[-98.03894,46.12998],[-98.03551,46.12681],[-98.03662,46.12564],[-98.03006,46.12384],[-98.02282,46.11783],[-98.02919,46.11628],[-98.02835,46.11422],[-98.0318,46.11181],[-98.03348,46.11302],[-98.03767,46.10958],[-98.03445,46.10405],[-98.03908,46.10084],[-98.05217,46.10031],[-98.04611,46.09112],[-98.04767,46.08947],[-98.05181,46.09007],[-98.05492,46.08809],[-98.06404,46.08764],[-98.06999,46.08917],[-98.07186,46.08823],[-98.07613,46.09066],[-98.09069,46.09181],[-98.09284,46.08861],[-98.0982,46.08825],[-98.09646,46.0841],[-98.09706,46.08111],[-98.091,46.08053],[-98.09076,46.07107],[-98.08422,46.07009],[-98.07687,46.07345],[-98.06997,46.07243],[-98.06995,46.06112],[-98.0683,46.06077],[-98.0663,46.05649],[-98.07024,46.05313],[-98.0701,46.02655],[-98.06716,46.02304],[-98.06945,46.02302],[-98.07063,46.02062],[-98.07709,46.02118],[-98.08444,46.01954],[-98.09126,46.01419],[-98.09103,45.994],[-98.04659,45.99389],[-98.03347,45.98572],[-98.02854,45.98582],[-98.02683,45.98388],[-98.0224,45.98531],[-98.01814,45.98385],[-98.01768,45.98566],[-98.01011,45.989],[-98.00478,45.9894],[-97.98171,45.9836],[-97.98018,45.97989],[-97.97681,45.97879],[-97.96893,45.97894],[-97.96865,45.97749],[-97.9707,45.9766],[-97.97582,45.96872],[-97.97306,45.96577],[-97.96664,45.9666],[-97.96492,45.96436],[-97.96741,45.95159],[-97.96905,45.95052],[-97.96857,45.94801],[-97.96638,45.94842],[-97.96571,45.94615],[-97.96407,45.94681],[-97.96166,45.94484],[-97.96073,45.9401],[-97.95792,45.93891],[-97.96097,45.93656],[-97.95982,45.9323],[-97.94508,45.934],[-97.9353,45.93306],[-97.92796,45.93482],[-97.91945,45.93246],[-97.91262,45.93669],[-97.91419,45.9379],[-97.91354,45.93901],[-97.90432,45.94331],[-97.9042,45.95149],[-97.90111,45.95328],[-97.89735,45.95254],[-97.89657,45.95094],[-97.88303,45.94938],[-97.86948,45.95027],[-97.86749,45.94903],[-97.86679,45.94485],[-97.86469,45.94482],[-97.86225,45.94849],[-97.85971,45.94791],[-97.86019,45.95113],[-97.85414,45.95073],[-97.85173,45.9466],[-97.8359,45.94082],[-97.83415,45.9431],[-97.82953,45.94247],[-97.82575,45.9468],[-97.82355,45.94564],[-97.82368,45.94025],[-97.81649,45.93968],[-97.81397,45.93785],[-97.81004,45.94015],[-97.80855,45.93954],[-97.8051,45.93322],[-97.79616,45.9314],[-97.79662,45.92922],[-97.79919,45.92787],[-97.79873,45.92245],[-97.80051,45.92113],[-97.80674,45.91781],[-97.81095,45.92034],[-97.81552,45.91879],[-97.81734,45.91504],[-97.81419,45.91182],[-97.81413,45.90893],[-97.81117,45.90446],[-97.80476,45.90358],[-97.80604,45.90182],[-97.80137,45.89701],[-97.79251,45.89775],[-97.78857,45.89373],[-97.78812,45.891],[-97.78087,45.88653],[-97.77717,45.89053],[-97.77008,45.89412],[-97.77019,45.89657],[-97.76741,45.89875],[-97.76276,45.89623],[-97.76084,45.89051],[-97.75726,45.88916],[-97.75359,45.88339],[-97.75088,45.8835],[-97.75044,45.87864],[-97.74427,45.87421],[-97.74522,45.87138],[-97.75026,45.8678],[-97.74697,45.86376],[-97.74988,45.86126],[-97.75052,45.8558],[-97.75002,45.85206],[-97.74425,45.84873],[-97.74489,45.84496],[-97.74941,45.84343],[-97.75072,45.83503],[-97.75567,45.83258],[-97.75447,45.83045],[-97.75745,45.82398],[-97.76199,45.82249],[-97.76643,45.79923],[-97.76373,45.79447],[-97.75664,45.79386],[-97.75578,45.79626],[-97.75369,45.79704],[-97.75314,45.79543],[-97.7486,45.79582],[-97.74916,45.79133],[-97.7355,45.79105],[-97.72489,45.79293],[-97.7199,45.79555],[-97.71751,45.79978],[-97.71512,45.79975],[-97.71795,45.80241],[-97.7184,45.80607],[-97.71677,45.80744],[-97.70588,45.81211],[-97.68967,45.81303],[-97.68618,45.81765],[-97.68492,45.82368],[-97.68083,45.826],[-97.67812,45.8303],[-97.67188,45.83097],[-97.66973,45.8344],[-97.66564,45.83565],[-97.66293,45.83842],[-97.66239,45.84073],[-97.65965,45.83771],[-97.65322,45.8392],[-97.65557,45.84185],[-97.65009,45.84037],[-97.65123,45.84306],[-97.64832,45.84301],[-97.64924,45.84519],[-97.64264,45.84881],[-97.6435,45.85178],[-97.64161,45.85452],[-97.63837,45.85549],[-97.62625,45.84915],[-97.62599,45.84734],[-97.61755,45.84431],[-97.61591,45.8426],[-97.61733,45.84024],[-97.61605,45.8356],[-97.60783,45.83061],[-97.60566,45.82724],[-97.58778,45.81832],[-97.56986,45.81277],[-97.56485,45.80842],[-97.56405,45.80587],[-97.55713,45.80684],[-97.55329,45.8094],[-97.54232,45.80771],[-97.53519,45.81056],[-97.53056,45.80853],[-97.52509,45.80359],[-97.52749,45.79878],[-97.52475,45.79787],[-97.52517,45.79514],[-97.52189,45.79429],[-97.52479,45.78927],[-97.5233,45.78647],[-97.51341,45.79128],[-97.50718,45.78772],[-97.50065,45.7898],[-97.49614,45.7852],[-97.49207,45.78439],[-97.49136,45.78189],[-97.48319,45.7839],[-97.4832,45.77966],[-97.47858,45.77777],[-97.47572,45.77466],[-97.47585,45.77257],[-97.47188,45.76956],[-97.47604,45.76922],[-97.47587,45.76625],[-97.47724,45.76537],[-97.47547,45.76183],[-97.47153,45.76187],[-97.46862,45.75917],[-97.46945,45.75584],[-97.47779,45.75272],[-97.47684,45.75185],[-97.47855,45.75006],[-97.47836,45.74474],[-97.4805,45.74354],[-97.48348,45.74522],[-97.48827,45.7444],[-97.49285,45.74602],[-97.49557,45.74432],[-97.49156,45.74236],[-97.49271,45.73785],[-97.49902,45.73784],[-97.4982,45.74008],[-97.50021,45.74191],[-97.50332,45.74024],[-97.50451,45.73697],[-97.50691,45.73643],[-97.50551,45.72979],[-97.50992,45.72796],[-97.51191,45.72953],[-97.51405,45.72656],[-97.51949,45.7264],[-97.52127,45.72461],[-97.5222,45.72588],[-97.52433,45.72518],[-97.52554,45.72394],[-97.52361,45.7213],[-97.50613,45.71561],[-97.50179,45.71185],[-97.49873,45.71324],[-97.49953,45.71434],[-97.49648,45.71758],[-97.48951,45.71468],[-97.48325,45.71446],[-97.48372,45.71204],[-97.48713,45.71068],[-97.48702,45.7058],[-97.48843,45.7037],[-97.48397,45.69891],[-97.47608,45.69812],[-97.47263,45.69574],[-97.47626,45.6868],[-97.4737,45.67991],[-97.45896,45.67262],[-97.45705,45.67231],[-97.45669,45.67486],[-97.45408,45.67564],[-97.45096,45.67198],[-97.45271,45.66951],[-97.44955,45.66759],[-97.44536,45.66789],[-97.44212,45.66296],[-97.43579,45.66055],[-97.43273,45.66695],[-97.42668,45.66729],[-97.42123,45.67032],[-97.41305,45.67067],[-97.40067,45.66459],[-97.39265,45.66764],[-97.38906,45.67079],[-97.3796,45.67103],[-97.37994,45.66835],[-97.37415,45.6655],[-97.37873,45.66265],[-97.3655,45.65848],[-97.35715,45.65356],[-97.35977,45.65087],[-97.35776,45.64881],[-97.36052,45.64465],[-97.35552,45.64384],[-97.35667,45.6397],[-97.34937,45.63664],[-97.34779,45.63455],[-97.34958,45.63081],[-97.34292,45.62937],[-97.34493,45.6261],[-97.35113,45.62297],[-97.35222,45.62556],[-97.3564,45.62638],[-97.35539,45.6244],[-97.36161,45.61835],[-97.35205,45.61659],[-97.34918,45.61435],[-97.34606,45.61491],[-97.34457,45.61142],[-97.33762,45.61177],[-97.33788,45.61378],[-97.33651,45.6144],[-97.32956,45.61411],[-97.32613,45.61165],[-97.32661,45.60773],[-97.32907,45.60649],[-97.31978,45.60156],[-97.32177,45.59941],[-97.32097,45.59708],[-97.317,45.60115],[-97.31439,45.60046],[-97.30896,45.59792],[-97.30399,45.59253],[-97.30324,45.58622],[-97.29698,45.58619],[-97.29459,45.58241],[-97.28749,45.58185],[-97.28124,45.57715],[-97.27699,45.57557],[-97.27182,45.5762],[-97.26908,45.57448],[-97.27226,45.56911],[-97.28369,45.56809],[-97.28387,45.5662],[-97.27908,45.56422],[-97.27955,45.56232],[-97.28308,45.55781],[-97.28782,45.55581],[-97.28929,45.55182],[-97.28492,45.54833],[-97.28641,45.54294],[-97.28318,45.54122],[-97.2834,45.53979],[-97.28543,45.53959],[-97.28473,45.53368],[-97.28594,45.53214],[-97.29076,45.53278],[-97.29962,45.53025],[-97.30105,45.52538],[-97.30303,45.5254],[-97.30153,45.52264],[-97.30263,45.52152],[-97.3068,45.52081],[-97.32127,45.52456],[-97.319,45.52608],[-97.32145,45.52794],[-97.32435,45.5265],[-97.32993,45.5268],[-97.33727,45.53029],[-97.34477,45.52991],[-97.34627,45.52934],[-97.34555,45.52795],[-97.34326,45.52711],[-97.34632,45.52474],[-97.34623,45.52198],[-97.35945,45.51219],[-97.36141,45.51259],[-97.36407,45.5178],[-97.37526,45.51723],[-97.37588,45.51101],[-97.38198,45.50509],[-97.38575,45.50394],[-97.3834,45.50205],[-97.38291,45.49602],[-97.38353,45.49146],[-97.38567,45.48959],[-97.38452,45.48562],[-97.39065,45.48312],[-97.39105,45.48108],[-97.394,45.47918],[-97.39735,45.4802],[-97.39952,45.47834],[-97.40037,45.47662],[-97.39707,45.474],[-97.40389,45.47322],[-97.40083,45.4662],[-97.40414,45.46509],[-97.40638,45.46212],[-97.40477,45.45839],[-97.40727,45.45757],[-97.41063,45.4574],[-97.41367,45.46118],[-97.41238,45.46208],[-97.41417,45.46575],[-97.41809,45.46677],[-97.42252,45.46328],[-97.42473,45.45928],[-97.429,45.45936],[-97.43595,45.45576],[-97.4451,45.45734],[-97.45948,45.45716],[-97.46099,45.45974],[-97.45896,45.46286],[-97.46101,45.46415],[-97.46437,45.4633],[-97.4669,45.46635],[-97.47236,45.46851],[-97.46992,45.4718],[-97.47494,45.47318],[-97.47846,45.47234],[-97.48114,45.47424],[-97.48304,45.47836],[-97.48126,45.48088],[-97.49167,45.48202],[-97.49157,45.47743],[-97.48703,45.47655],[-97.48648,45.47443],[-97.4911,45.47352],[-97.49185,45.47134],[-97.49522,45.47136],[-97.49785,45.46904],[-97.4988,45.46427],[-97.5043,45.46366],[-97.51328,45.45603],[-97.51843,45.45397],[-97.51579,45.4468],[-97.5295,45.44491],[-97.53613,45.44633],[-97.54082,45.45005],[-97.54548,45.45137],[-97.55032,45.45573],[-97.54599,45.4588],[-97.5543,45.4619],[-97.55452,45.46634],[-97.55126,45.47096],[-97.55581,45.47325],[-97.5549,45.47892],[-97.55693,45.48068],[-97.55352,45.48246],[-97.5531,45.48407],[-97.55526,45.48594],[-97.55218,45.48787],[-97.54997,45.49232],[-97.55014,45.49758],[-97.54862,45.50008],[-97.53861,45.50029],[-97.53817,45.50222],[-97.5413,45.50349],[-97.53776,45.508],[-97.54216,45.5106],[-97.53868,45.51688],[-97.52862,45.51607],[-97.52582,45.51811],[-97.5273,45.52059],[-97.53288,45.52173],[-97.52681,45.52604],[-97.52901,45.52938],[-97.53441,45.53123],[-97.53865,45.53649],[-97.54742,45.53663],[-97.54555,45.5393],[-97.55083,45.54401],[-97.55172,45.5476],[-97.5448,45.54927],[-97.54447,45.55137],[-97.55033,45.55232],[-97.55185,45.55572],[-97.55726,45.55159],[-97.55775,45.54873],[-97.56345,45.54271],[-97.56628,45.54243],[-97.56796,45.54394],[-97.56733,45.54514],[-97.57068,45.54582],[-97.57669,45.54258],[-97.57571,45.54021],[-97.58246,45.53671],[-97.58923,45.52982],[-97.59746,45.53183],[-97.59637,45.53414],[-97.59308,45.53509],[-97.59645,45.53808],[-97.60307,45.53921],[-97.60662,45.53621],[-97.61037,45.53607],[-97.60878,45.53328],[-97.61387,45.52975],[-97.6153,45.52588],[-97.62313,45.52844],[-97.62872,45.52568],[-97.63145,45.52605],[-97.63423,45.52912],[-97.63822,45.52936],[-97.63959,45.52919],[-97.64074,45.52392],[-97.64338,45.52157],[-97.65037,45.52162],[-97.66423,45.52529],[-97.66361,45.52353],[-97.66741,45.52117],[-97.68058,45.52308],[-97.68612,45.52014],[-97.67601,45.50643],[-97.67287,45.49836],[-97.67465,45.49575],[-97.67485,45.48781],[-97.68153,45.48031],[-97.68192,45.47144],[-97.68356,45.46941],[-97.68175,45.46604],[-97.68599,45.46545],[-97.68884,45.45881],[-97.69135,45.46002],[-97.69112,45.45566],[-97.68501,45.45181],[-97.68935,45.44682],[-97.68717,45.4445],[-97.69212,45.4412],[-97.68937,45.43823],[-97.68893,45.43504],[-97.6925,45.43049],[-97.69992,45.4298],[-97.70177,45.42789],[-97.70107,45.42071],[-97.69341,45.41889],[-97.69063,45.42],[-97.68057,45.41923],[-97.67891,45.41971],[-97.68106,45.42284],[-97.67612,45.42762],[-97.6724,45.42836],[-97.66939,45.42231],[-97.66299,45.41964],[-97.66053,45.41623],[-97.66101,45.41057],[-97.65811,45.41015],[-97.65647,45.41164],[-97.65222,45.40899],[-97.64762,45.40302],[-97.64262,45.40228],[-97.64526,45.3983],[-97.64299,45.39542],[-97.65161,45.39116],[-97.6561,45.39333],[-97.6718,45.38584],[-97.67693,45.38854],[-97.68062,45.38196],[-97.6834,45.37971],[-97.68677,45.37944],[-97.68713,45.37393],[-97.69944,45.3729],[-97.7019,45.37005],[-97.71544,45.36718],[-97.71653,45.36996],[-97.71261,45.37304],[-97.71523,45.3746],[-97.71981,45.37428],[-97.72076,45.37661],[-97.71912,45.37764],[-97.72332,45.38074],[-97.72538,45.37803],[-97.72837,45.37816],[-97.7333,45.38249],[-97.73526,45.38183],[-97.74335,45.38442],[-97.74498,45.3818],[-97.74352,45.38016],[-97.7537,45.37402],[-97.75452,45.37172],[-97.74277,45.36811],[-97.74342,45.3657],[-97.74011,45.363],[-97.74053,45.36186],[-97.75029,45.3572],[-97.75216,45.35475],[-97.75526,45.3543],[-97.75685,45.35049],[-97.76627,45.35268],[-97.76262,45.34773],[-97.75393,45.34549],[-97.75472,45.34407],[-97.7529,45.342],[-97.7555,45.33609],[-97.73612,45.32719],[-97.73248,45.33053],[-97.73765,45.33636],[-97.73149,45.34055],[-97.7189,45.34018],[-97.71822,45.33832],[-97.71336,45.33799],[-97.70818,45.33328],[-97.70984,45.32658],[-97.71439,45.32562],[-97.71459,45.32219],[-97.70958,45.32331],[-97.70516,45.32235],[-97.70217,45.31766],[-97.70359,45.31617],[-97.70376,45.3114],[-97.70966,45.30943],[-97.70969,45.30639],[-97.71292,45.30335],[-97.71428,45.30438],[-97.72491,45.30132],[-97.72376,45.29872],[-97.71189,45.29334],[-97.71037,45.29578],[-97.70228,45.29355],[-97.70149,45.28812],[-97.69912,45.28753],[-97.69899,45.28257],[-97.70109,45.28161],[-97.70365,45.27672],[-97.70387,45.27184],[-97.70512,45.27144],[-97.70447,45.26042],[-97.7031,45.2593],[-97.69856,45.26111],[-97.7002,45.25688],[-97.69698,45.25545],[-97.70072,45.25334],[-97.6974,45.24994],[-97.70506,45.24685],[-97.70879,45.24804],[-97.71069,45.246],[-97.71362,45.24716],[-97.71445,45.25149],[-97.7373,45.25476],[-97.74427,45.26009],[-97.74727,45.25967],[-97.75035,45.25642],[-97.75403,45.25861],[-97.75264,45.26049],[-97.7575,45.26156],[-97.75992,45.2644],[-97.76335,45.26535],[-97.77269,45.26381],[-97.77202,45.25765],[-97.7761,45.25453],[-97.77105,45.2502],[-97.77246,45.24858],[-97.77862,45.24836],[-97.77567,45.24331],[-97.77368,45.24272],[-97.77393,45.23992],[-97.76975,45.23768],[-97.77734,45.23638],[-97.78239,45.23961],[-97.78629,45.2399],[-97.79587,45.23647],[-97.79528,45.235],[-97.79923,45.23345],[-97.80059,45.23012],[-97.80023,45.22479],[-97.80622,45.22676],[-97.81408,45.22189],[-97.81118,45.21983],[-97.8101,45.21546],[-97.81137,45.21505],[-97.80979,45.21164],[-97.80787,45.21137],[-97.80778,45.20592],[-97.81179,45.20626],[-97.82062,45.20235],[-97.81171,45.19895],[-97.81234,45.19606],[-97.81028,45.19161],[-97.80701,45.18998],[-97.80988,45.18803],[-97.80913,45.18422],[-97.8146,45.18018],[-97.81276,45.17624],[-97.81279,45.17366],[-97.81522,45.17322],[-97.8134,45.16801],[-97.81656,45.16496],[-97.81394,45.1607],[-97.80875,45.15821],[-97.80664,45.15179],[-97.80168,45.14684],[-97.80694,45.14282],[-97.81093,45.14302],[-97.8116,45.13771],[-97.80495,45.13748],[-97.80372,45.13607],[-97.80561,45.1346],[-97.80518,45.1328],[-97.81028,45.12865],[-97.82259,45.12799],[-97.82633,45.13103],[-97.82789,45.13489],[-97.82669,45.13722],[-97.83169,45.13795],[-97.83397,45.14022],[-97.8383,45.13998],[-97.84211,45.14311],[-97.84545,45.1409],[-97.84947,45.14119],[-97.85294,45.13547],[-97.85957,45.13963],[-97.86167,45.13781],[-97.86134,45.1199],[-97.86317,45.11817],[-97.86316,45.11441],[-97.86599,45.11337],[-97.86515,45.11083],[-97.86172,45.11027],[-97.86173,45.1075],[-97.86885,45.10397],[-97.86486,45.10212],[-97.86762,45.09959],[-97.85373,45.09527],[-97.84979,45.09055],[-97.8454,45.08909],[-97.84704,45.08193],[-97.85024,45.08016],[-97.84402,45.07403],[-97.84406,45.07124],[-97.84807,45.06858],[-97.85029,45.06457],[-97.84913,45.06258],[-97.85042,45.05722],[-97.84435,45.05811],[-97.83704,45.05216],[-97.83507,45.05366],[-97.83361,45.0531],[-97.83395,45.05122],[-97.82444,45.05043],[-97.82597,45.04956],[-97.82466,45.04862],[-97.81471,45.048],[-97.81628,45.04338],[-97.81424,45.04332],[-97.81344,45.04137],[-97.8134,45.03466],[-97.81127,45.03313],[-97.80538,45.03355],[-97.8018,45.02943],[-97.80482,45.02395],[-97.80315,45.01585],[-97.80685,45.01266],[-97.81241,45.01412],[-97.81916,45.01012],[-97.82598,45.00996],[-97.82676,45.01316],[-97.8331,45.017],[-97.83808,45.01514],[-97.84196,45.01592],[-97.85287,45.00784],[-97.85063,45.00606],[-97.84394,45.00662],[-97.84285,45.00366],[-97.84639,45.00184],[-97.84538,44.99877],[-97.83921,44.99783],[-97.83386,44.99735],[-97.83206,44.99923],[-97.8286,44.99897],[-97.82624,45.00215],[-97.82469,45.00133],[-97.81788,45.00362],[-97.81396,45.00356],[-97.81181,45.00165],[-97.80777,45.00453],[-97.80374,45.00271],[-97.80404,45.00064],[-97.80121,44.99991],[-97.79942,44.99687],[-97.80322,44.99527],[-97.80453,44.97897],[-97.80159,44.97701],[-97.79462,44.96684],[-97.78773,44.96794],[-97.78846,44.9637],[-97.77903,44.96015],[-97.77077,44.9529],[-97.77334,44.94386],[-97.76709,44.94047],[-97.7722,44.93463],[-97.7713,44.93217],[-97.76907,44.93172],[-97.76963,44.92782],[-97.77173,44.9263],[-97.77112,44.91849],[-97.76363,44.92086],[-97.75312,44.92061],[-97.75396,44.91588],[-97.75083,44.90891],[-97.75212,44.90785],[-97.75143,44.90539],[-97.75381,44.8964],[-97.75573,44.89459],[-97.7549,44.89033],[-97.75623,44.88511],[-97.75067,44.88001],[-97.75361,44.87535],[-97.75749,44.87605],[-97.7639,44.87046],[-97.76479,44.86749],[-97.76888,44.86573],[-97.76953,44.86392],[-97.76537,44.86043],[-97.76567,44.85843],[-97.76817,44.85546],[-97.77125,44.85674],[-97.77425,44.85553],[-97.77507,44.85139],[-97.77296,44.85002],[-97.77692,44.84468],[-97.78494,44.84619],[-97.78325,44.83466],[-97.78653,44.82767],[-97.79168,44.82439],[-97.78606,44.82284],[-97.78705,44.8195],[-97.78269,44.81473],[-97.77796,44.81232],[-97.77264,44.81212],[-97.77174,44.81016],[-97.77426,44.80932],[-97.77019,44.80638],[-97.76996,44.79972],[-97.76865,44.7977],[-97.76273,44.79581],[-97.76269,44.79149],[-97.76608,44.7909],[-97.76672,44.78929],[-97.76267,44.78644],[-97.76342,44.78486],[-97.76139,44.78086],[-97.76517,44.7803],[-97.7655,44.77858],[-97.76371,44.77763],[-97.76358,44.77553],[-97.75809,44.77257],[-97.75787,44.77054],[-97.75544,44.76953],[-97.74964,44.76175],[-97.74189,44.75899],[-97.74116,44.75611],[-97.74354,44.75312],[-97.74102,44.75028],[-97.74617,44.74606],[-97.74872,44.73967],[-97.74827,44.73698],[-97.74205,44.73733],[-97.74033,44.73358],[-97.74122,44.72872],[-97.73935,44.72636],[-97.74186,44.72386],[-97.73998,44.72232],[-97.74016,44.72032],[-97.73604,44.71837],[-97.73689,44.70974],[-97.7401,44.70825],[-97.74077,44.70534],[-97.73623,44.70315],[-97.73799,44.69975],[-97.7349,44.69575],[-97.73491,44.6847],[-97.73803,44.68067],[-97.73762,44.67292],[-97.73502,44.67144],[-97.7363,44.6664],[-97.73476,44.66427],[-97.73643,44.66283],[-97.73167,44.66103],[-97.72467,44.66272],[-97.72301,44.66113],[-97.72601,44.6587],[-97.72612,44.65525],[-97.72258,44.6546],[-97.71416,44.64318],[-97.71017,44.64155],[-97.70871,44.63761],[-97.70919,44.63294],[-97.70252,44.63114],[-97.70108,44.62685],[-97.70236,44.6253],[-97.6997,44.6238],[-97.70162,44.62148],[-97.70033,44.61234],[-97.69573,44.61091],[-97.69537,44.60408],[-97.69321,44.60001],[-97.68413,44.59664],[-97.68316,44.59244],[-97.67971,44.59048],[-97.67702,44.5925],[-97.66611,44.59401],[-97.66398,44.59192],[-97.65928,44.59342],[-97.64854,44.59103],[-97.64616,44.58866],[-97.6465,44.58591],[-97.65057,44.5829],[-97.65017,44.58102],[-97.64496,44.58184],[-97.63555,44.57569],[-97.63327,44.57673],[-97.6262,44.57297],[-97.62364,44.57328],[-97.62138,44.57543],[-97.6214,44.57857],[-97.61373,44.57755],[-97.60866,44.58196],[-97.60117,44.58381],[-97.59485,44.5891],[-97.5935,44.58758],[-97.58486,44.58739],[-97.58219,44.59021],[-97.57535,44.58999],[-97.57297,44.59286],[-97.56404,44.58946],[-97.56084,44.5962],[-97.55298,44.5966],[-97.54034,44.60054],[-97.53634,44.60481],[-97.539,44.60571],[-97.53978,44.6083],[-97.53517,44.60868],[-97.53486,44.61237],[-97.52813,44.61732],[-97.53342,44.61945],[-97.53456,44.62336],[-97.53764,44.62514],[-97.53256,44.63131],[-97.52939,44.63287],[-97.53215,44.63643],[-97.53159,44.63887],[-97.52866,44.6399],[-97.52659,44.63647],[-97.51964,44.63349],[-97.51597,44.63592],[-97.51295,44.63585],[-97.50769,44.64522],[-97.50347,44.64696],[-97.50419,44.65076],[-97.49955,44.64925],[-97.49861,44.64738],[-97.49292,44.64691],[-97.48929,44.64421],[-97.48583,44.64524],[-97.48316,44.64238],[-97.48102,44.64406],[-97.47087,44.64559],[-97.47102,44.64894],[-97.47277,44.65006],[-97.46927,44.65398],[-97.46613,44.65367],[-97.46341,44.64946],[-97.45439,44.64791],[-97.44818,44.64966],[-97.44724,44.65257],[-97.45011,44.653],[-97.4512,44.65967],[-97.45515,44.66382],[-97.45806,44.66406],[-97.46063,44.66984],[-97.47003,44.66886],[-97.47552,44.67449],[-97.48125,44.6706],[-97.48796,44.67115],[-97.49332,44.67749],[-97.49179,44.68054],[-97.49642,44.68038],[-97.4984,44.685],[-97.49985,44.68542],[-97.50178,44.6834],[-97.50078,44.6812],[-97.50202,44.67937],[-97.50792,44.6755],[-97.51268,44.67438],[-97.51264,44.67276],[-97.51728,44.6724],[-97.51775,44.6705],[-97.52056,44.67012],[-97.52305,44.67229],[-97.51959,44.67628],[-97.51763,44.68584],[-97.52001,44.68862],[-97.52095,44.69524],[-97.51549,44.69833],[-97.50847,44.69853],[-97.49775,44.70484],[-97.49201,44.70346],[-97.48978,44.7045],[-97.48643,44.70789],[-97.48689,44.71174],[-97.47748,44.71939],[-97.47972,44.72462],[-97.48362,44.72635],[-97.48694,44.73197],[-97.47777,44.73359],[-97.47414,44.73614],[-97.47369,44.74006],[-97.47167,44.74139],[-97.46212,44.7341],[-97.45113,44.73017],[-97.45058,44.7385],[-97.45394,44.74547],[-97.45645,44.74682],[-97.45839,44.75228],[-97.4608,44.75376],[-97.4596,44.75713],[-97.45025,44.76088],[-97.45029,44.76279],[-97.45336,44.76447],[-97.45218,44.76858],[-97.45439,44.76867],[-97.46115,44.76414],[-97.46496,44.76559],[-97.46467,44.76746],[-97.47094,44.76997],[-97.46697,44.77136],[-97.46578,44.77459],[-97.47592,44.78736],[-97.48871,44.78932],[-97.4905,44.7913],[-97.49464,44.78952],[-97.49858,44.79219],[-97.49627,44.79749],[-97.50158,44.80135],[-97.50126,44.80345],[-97.50344,44.80625],[-97.50225,44.80774],[-97.50582,44.80892],[-97.50344,44.812],[-97.50824,44.81646],[-97.51136,44.81676],[-97.51186,44.81508],[-97.51622,44.81288],[-97.52549,44.8198],[-97.52964,44.82051],[-97.52427,44.82563],[-97.52433,44.83356],[-97.52987,44.8396],[-97.5256,44.84346],[-97.52776,44.84551],[-97.53211,44.84425],[-97.53711,44.84753],[-97.55511,44.84767],[-97.55714,44.85025],[-97.55531,44.85378],[-97.55259,44.85425],[-97.55256,44.8565],[-97.55532,44.86307],[-97.56169,44.86481],[-97.56446,44.8635],[-97.56929,44.86788],[-97.5787,44.86372],[-97.58214,44.86344],[-97.5846,44.86643],[-97.58531,44.87143],[-97.57771,44.87655],[-97.57944,44.87772],[-97.57888,44.88259],[-97.57577,44.8834],[-97.58034,44.88442],[-97.5794,44.88628],[-97.5756,44.88753],[-97.57049,44.88315],[-97.56556,44.88353],[-97.56367,44.88522],[-97.56558,44.88782],[-97.56499,44.89242],[-97.55755,44.89472],[-97.56018,44.89819],[-97.56027,44.90081],[-97.55711,44.90346],[-97.55946,44.90788],[-97.55835,44.90943],[-97.5607,44.9125],[-97.55292,44.91847],[-97.55299,44.92265],[-97.55503,44.92473],[-97.55388,44.92629],[-97.55151,44.92463],[-97.55039,44.92039],[-97.54279,44.91673],[-97.53879,44.91643],[-97.53266,44.90986],[-97.52957,44.90889],[-97.52833,44.90494],[-97.52969,44.90218],[-97.52245,44.90077],[-97.51416,44.89657],[-97.51143,44.89775],[-97.51371,44.89914],[-97.51432,44.90403],[-97.51313,44.90559],[-97.51514,44.90875],[-97.50772,44.91072],[-97.50649,44.91635],[-97.50291,44.91641],[-97.50044,44.91899],[-97.50264,44.92189],[-97.50112,44.92345],[-97.48694,44.92545],[-97.48585,44.92395],[-97.48101,44.92453],[-97.47696,44.92233],[-97.47706,44.91814],[-97.48126,44.91934],[-97.48658,44.91812],[-97.48923,44.91009],[-97.48515,44.90565],[-97.4939,44.89653],[-97.49388,44.88773],[-97.49748,44.88451],[-97.49781,44.88214],[-97.49118,44.87779],[-97.49057,44.87576],[-97.49419,44.87254],[-97.49478,44.86886],[-97.49288,44.86522],[-97.49131,44.86412],[-97.48884,44.86598],[-97.48857,44.86371],[-97.49388,44.85854],[-97.49673,44.85813],[-97.49641,44.85533],[-97.49998,44.85373],[-97.4997,44.85239],[-97.4934,44.85176],[-97.48944,44.8496],[-97.49131,44.84642],[-97.48891,44.84679],[-97.48575,44.84482],[-97.48571,44.83903],[-97.48365,44.83747],[-97.48095,44.84064],[-97.47709,44.84202],[-97.47177,44.83972],[-97.46736,44.8398],[-97.46568,44.84576],[-97.46381,44.84681],[-97.46663,44.85019],[-97.47162,44.85043],[-97.46976,44.85374],[-97.47098,44.85531],[-97.46798,44.85618],[-97.46948,44.85884],[-97.46725,44.86102],[-97.46883,44.86422],[-97.47228,44.86642],[-97.47156,44.87132],[-97.4741,44.87653],[-97.47037,44.87504],[-97.46779,44.87699],[-97.46102,44.87263],[-97.4533,44.863],[-97.44525,44.86098],[-97.44925,44.85574],[-97.44638,44.85457],[-97.4269,44.85379],[-97.42629,44.85162],[-97.42215,44.85121],[-97.42237,44.84859],[-97.40967,44.84726],[-97.40989,44.84486],[-97.39892,44.83919],[-97.39476,44.84031],[-97.39504,44.84379],[-97.39342,44.84442],[-97.38504,44.84079],[-97.3742,44.84239],[-97.37278,44.84417],[-97.36192,44.83855],[-97.35715,44.83194],[-97.35666,44.82857],[-97.33767,44.82545],[-97.33794,44.8208],[-97.32993,44.81996],[-97.32268,44.82118],[-97.3161,44.82493],[-97.31554,44.82668],[-97.3113,44.82558],[-97.30699,44.81598],[-97.29839,44.8142],[-97.29619,44.80804],[-97.2765,44.80794],[-97.26773,44.80574],[-97.26943,44.80315],[-97.26709,44.80065],[-97.26874,44.80008],[-97.26982,44.7948],[-97.26595,44.79171],[-97.26825,44.78994],[-97.2643,44.78778],[-97.26633,44.78202],[-97.25917,44.77437],[-97.26103,44.77335],[-97.25794,44.77156],[-97.26777,44.76706],[-97.2699,44.76291],[-97.26298,44.76014],[-97.26193,44.7589],[-97.26376,44.75784],[-97.25906,44.75487],[-97.25276,44.75697],[-97.2491,44.75602],[-97.2448,44.74655],[-97.2361,44.74278],[-97.23516,44.7392],[-97.2309,44.73821],[-97.23082,44.7361],[-97.22865,44.73461],[-97.22154,44.7355],[-97.21954,44.73205],[-97.21622,44.7317],[-97.21207,44.72692],[-97.20868,44.72589],[-97.19992,44.72685],[-97.19385,44.72521],[-97.1837,44.72928],[-97.18019,44.729],[-97.17969,44.73252],[-97.16421,44.73569],[-97.158,44.73234],[-97.15062,44.73471],[-97.14265,44.73172],[-97.13436,44.72608],[-97.11425,44.73228],[-97.1094,44.73141],[-97.10254,44.73615],[-97.10614,44.74793],[-97.09971,44.75293],[-97.09504,44.75272],[-97.09369,44.75593],[-97.08879,44.75819],[-97.09147,44.76573],[-97.08816,44.76744],[-97.08775,44.77153],[-97.0854,44.77283],[-97.08445,44.78085],[-97.0823,44.78525],[-97.07889,44.78608],[-97.07292,44.78428],[-97.07178,44.7861],[-97.07754,44.79202],[-97.07801,44.79517],[-97.08392,44.79898],[-97.09922,44.80046],[-97.10166,44.80547],[-97.10066,44.8089],[-97.10568,44.81201],[-97.11864,44.81506],[-97.12021,44.81884],[-97.13119,44.8281],[-97.13519,44.83566],[-97.1592,44.83488],[-97.16223,44.83292],[-97.15865,44.82475],[-97.16201,44.81845],[-97.16682,44.81664],[-97.17017,44.81795],[-97.17803,44.81688],[-97.17991,44.8138],[-97.19171,44.81485],[-97.19497,44.81747],[-97.19818,44.81726],[-97.20587,44.82582],[-97.21007,44.82608],[-97.21133,44.82801],[-97.21468,44.82609],[-97.21405,44.822],[-97.22081,44.82437],[-97.22119,44.82988],[-97.21997,44.83178],[-97.22353,44.83519],[-97.21968,44.83699],[-97.22527,44.84223],[-97.22973,44.84146],[-97.23724,44.84603],[-97.24858,44.84617],[-97.2477,44.85014],[-97.24026,44.8498],[-97.23687,44.8524],[-97.23859,44.85389],[-97.23362,44.85498],[-97.23378,44.85716],[-97.23115,44.85856],[-97.23076,44.86135],[-97.24032,44.8611],[-97.24225,44.86254],[-97.24146,44.8662],[-97.24776,44.86748],[-97.25213,44.87407],[-97.26521,44.87057],[-97.26559,44.87488],[-97.26884,44.87884],[-97.27754,44.87934],[-97.28072,44.88308],[-97.29096,44.88274],[-97.29903,44.88994],[-97.30428,44.88743],[-97.30642,44.88398],[-97.31077,44.88714],[-97.31793,44.88871],[-97.32168,44.88857],[-97.3244,44.88643],[-97.32919,44.89161],[-97.33245,44.88956],[-97.3338,44.89052],[-97.34024,44.89925],[-97.33274,44.90417],[-97.3341,44.90507],[-97.33356,44.90843],[-97.33743,44.91079],[-97.33239,44.91182],[-97.32974,44.91465],[-97.322,44.91257],[-97.31645,44.91529],[-97.31436,44.91302],[-97.30738,44.91063],[-97.30845,44.90809],[-97.30651,44.90698],[-97.29802,44.90503],[-97.29243,44.90926],[-97.28692,44.91007],[-97.28239,44.91514],[-97.28416,44.9224],[-97.27882,44.93036],[-97.27396,44.93076],[-97.27484,44.93342],[-97.27293,44.93649],[-97.2644,44.93663],[-97.26386,44.93857],[-97.26582,44.94194],[-97.26135,44.94217],[-97.25985,44.94439],[-97.25878,44.94646],[-97.26101,44.94832],[-97.25902,44.95343],[-97.24908,44.95393],[-97.24637,44.95579],[-97.24664,44.96208],[-97.24512,44.96423],[-97.2492,44.96789],[-97.24941,44.97571],[-97.24396,44.97827],[-97.24547,44.97973],[-97.24452,44.98073],[-97.23697,44.98284],[-97.23831,44.98494],[-97.23632,44.98905],[-97.24204,44.99618],[-97.2482,44.99676],[-97.25548,44.99494],[-97.26831,44.99804],[-97.27349,45.01332],[-97.27942,45.01729],[-97.27767,45.01993],[-97.27567,45.01914],[-97.26811,45.02324],[-97.26682,45.02552],[-97.2593,45.02864],[-97.25942,45.03022],[-97.25618,45.03311],[-97.25916,45.03538],[-97.26595,45.03421],[-97.26527,45.03987],[-97.26913,45.04269],[-97.26956,45.04485],[-97.25879,45.05256],[-97.25937,45.05606],[-97.26139,45.05696],[-97.25885,45.05866],[-97.2607,45.05959],[-97.26024,45.06092],[-97.25727,45.06261],[-97.25656,45.06589],[-97.24987,45.06607],[-97.23308,45.0821],[-97.23651,45.08386],[-97.23696,45.08668],[-97.24438,45.08694],[-97.24751,45.08994],[-97.25186,45.08817],[-97.25418,45.08892],[-97.25236,45.09843],[-97.256,45.10221],[-97.25921,45.10323],[-97.25637,45.10581],[-97.25823,45.11005],[-97.25751,45.11255],[-97.26269,45.11755],[-97.26882,45.11656],[-97.26977,45.11804],[-97.26395,45.12609],[-97.26955,45.12508],[-97.26994,45.12695],[-97.27401,45.12864],[-97.26968,45.12956],[-97.27027,45.13767],[-97.27376,45.14146],[-97.28369,45.1461],[-97.28192,45.14825],[-97.27836,45.14707],[-97.27803,45.14962],[-97.27075,45.15266],[-97.27162,45.15432],[-97.26556,45.15363],[-97.26191,45.15519],[-97.25934,45.1607],[-97.26222,45.16187],[-97.26155,45.16403],[-97.26898,45.16592],[-97.28229,45.16578],[-97.28821,45.17287],[-97.29184,45.17169],[-97.29526,45.1729],[-97.291,45.17811],[-97.28822,45.17881],[-97.28648,45.17669],[-97.28218,45.18288],[-97.27815,45.18331],[-97.27596,45.18525],[-97.27792,45.19035],[-97.2766,45.1924],[-97.27196,45.19191],[-97.27141,45.19456],[-97.26746,45.19425],[-97.2656,45.19252],[-97.26518,45.19467],[-97.25983,45.19685],[-97.25935,45.19876],[-97.25571,45.19831],[-97.25392,45.1964],[-97.25008,45.198],[-97.24789,45.19567],[-97.23908,45.19306],[-97.23314,45.20011],[-97.22838,45.20082],[-97.22789,45.20637],[-97.22603,45.2073],[-97.22873,45.20978],[-97.22922,45.21606],[-97.23126,45.21914],[-97.23422,45.21994],[-97.23522,45.22396],[-97.24417,45.22212],[-97.24819,45.22396],[-97.25958,45.22446],[-97.25819,45.22566],[-97.26083,45.22871],[-97.25868,45.23391],[-97.26056,45.23555],[-97.25832,45.23661],[-97.26644,45.24168],[-97.26652,45.24791],[-97.26222,45.24907],[-97.26397,45.25435],[-97.26138,45.25869],[-97.26242,45.26039],[-97.25617,45.26035],[-97.25451,45.25896],[-97.23425,45.25925],[-97.2314,45.2648],[-97.22917,45.26501],[-97.22988,45.26811],[-97.23526,45.27429],[-97.23533,45.27839],[-97.22032,45.28317],[-97.21657,45.28725],[-97.20857,45.28894],[-97.20088,45.29307],[-97.19906,45.29587],[-97.19302,45.29729],[-97.18721,45.30314],[-97.19133,45.30706],[-97.19133,45.3096],[-97.17195,45.30645],[-97.16627,45.30898],[-97.15708,45.32189],[-97.14897,45.31985],[-97.14364,45.32234],[-97.14221,45.32488],[-97.1325,45.32915],[-97.11757,45.32936],[-97.11431,45.3278],[-97.1085,45.33254],[-97.10538,45.3323],[-97.10353,45.33417],[-97.084,45.33306],[-97.07382,45.3434],[-97.06652,45.34422],[-97.06541,45.34671],[-97.05763,45.35065],[-97.05409,45.35023],[-97.05362,45.34797],[-97.0493,45.34514],[-97.04819,45.34648],[-97.04529,45.34601],[-97.04384,45.34118],[-97.04515,45.33805],[-97.04405,45.33613],[-97.0456,45.33475],[-97.04258,45.32981],[-97.04392,45.32654],[-97.03959,45.32381],[-97.03761,45.32054],[-97.04059,45.31896],[-97.03853,45.3165],[-97.04161,45.3142],[-97.0354,45.30882],[-97.0356,45.3062],[-97.03236,45.30481],[-97.03375,45.2961],[-97.02837,45.2888],[-97.02949,45.2871],[-97.03253,45.28771],[-97.03352,45.28419],[-97.03177,45.28247],[-97.02833,45.28353],[-97.02886,45.28022],[-97.02257,45.27837],[-97.02277,45.27564],[-97.02735,45.27295],[-97.02342,45.26754],[-97.01711,45.26657],[-97.01813,45.26518],[-97.01708,45.26343],[-97.01398,45.26292],[-97.01295,45.26085],[-97.01466,45.25836],[-97.01176,45.25371],[-97.0142,45.2521],[-97.01073,45.24804],[-97.01099,45.24379],[-97.00739,45.24342],[-97.00139,45.23906],[-97.00741,45.23533],[-97.00452,45.23181],[-97.00559,45.2264],[-97.00207,45.22157],[-97.00542,45.21604],[-97.00771,45.21533],[-97.00822,45.21006],[-96.99794,45.20959],[-96.99361,45.20481],[-96.99624,45.20244],[-96.99239,45.19918],[-96.99062,45.19084],[-96.99545,45.18905],[-97.00184,45.18932],[-97.00481,45.18733],[-97.00769,45.18808],[-97.00957,45.18589],[-97.00914,45.18295],[-97.01733,45.1798],[-97.01708,45.17613],[-97.01962,45.17321],[-97.01197,45.16396],[-97.01471,45.16192],[-97.00971,45.15989],[-97.0073,45.15648],[-96.99403,45.15702],[-96.99191,45.15475],[-96.98735,45.15614],[-96.98617,45.15475],[-96.98405,45.15723],[-96.98173,45.15389],[-96.97556,45.15946],[-96.97116,45.16072],[-96.96687,45.15128],[-96.96803,45.14822],[-96.96704,45.14541],[-96.97052,45.14266],[-96.96837,45.13767],[-96.97003,45.13491],[-96.97653,45.13343],[-96.97714,45.13047],[-96.98239,45.13028],[-96.98554,45.12653],[-96.98517,45.12418],[-96.9807,45.12104],[-96.98007,45.11748],[-96.98835,45.12038],[-96.99024,45.11944],[-96.98596,45.1138],[-96.99498,45.10403],[-96.99571,45.10187],[-96.99336,45.09784],[-96.9892,45.0977],[-96.98719,45.09357],[-96.98231,45.09106],[-96.96977,45.09129],[-96.9663,45.09284],[-96.96384,45.0923],[-96.96237,45.08796],[-96.94367,45.08486],[-96.9377,45.07844],[-96.93067,45.07821],[-96.93186,45.07256],[-96.93049,45.07015],[-96.92481,45.07554],[-96.91304,45.07621],[-96.89645,45.07459],[-96.88655,45.0796],[-96.88444,45.07712],[-96.88116,45.07723],[-96.87839,45.07189],[-96.86691,45.0642],[-96.86694,45.06174],[-96.85319,45.05701],[-96.85443,45.05308],[-96.85783,45.05214],[-96.85846,45.04926],[-96.85573,45.04701],[-96.85122,45.04806],[-96.84268,45.04541],[-96.84114,45.04353],[-96.84411,45.04151],[-96.84235,45.03734],[-96.84416,45.03578],[-96.8477,45.03614],[-96.84811,45.0335],[-96.8322,45.01541],[-96.82645,45.00322],[-96.8278,45.00245],[-96.8267,44.99937],[-96.82155,44.99573],[-96.82282,44.99202],[-96.81522,44.98974],[-96.81463,44.98792],[-96.81834,44.98306],[-96.81594,44.97642],[-96.80765,44.97577],[-96.80728,44.97318],[-96.80495,44.97162],[-96.80661,44.96978],[-96.80375,44.96707],[-96.8054,44.96281],[-96.79909,44.95757],[-96.7967,44.95771],[-96.79467,44.95416],[-96.7959,44.95204],[-96.79308,44.9501],[-96.79358,44.94823],[-96.78951,44.94061],[-96.78689,44.93711],[-96.78232,44.93528],[-96.78418,44.93102],[-96.77936,44.92796],[-96.7753,44.92925],[-96.7622,44.92074],[-96.76009,44.91657],[-96.76615,44.91014],[-96.77272,44.90784],[-96.76715,44.90604],[-96.7627,44.90082],[-96.75817,44.90055],[-96.74983,44.89475],[-96.74733,44.8885],[-96.74858,44.88434],[-96.74272,44.88204],[-96.7414,44.88303],[-96.73552,44.87801],[-96.72635,44.87755],[-96.72348,44.87472],[-96.72162,44.87057],[-96.71886,44.86882],[-96.71962,44.86669],[-96.71817,44.86624],[-96.7164,44.8589],[-96.70765,44.85163],[-96.70744,44.84798],[-96.70483,44.84745],[-96.7025,44.84449],[-96.70316,44.83884],[-96.70092,44.83538],[-96.69415,44.8331],[-96.69439,44.83091],[-96.68973,44.82609],[-96.68795,44.82154],[-96.68227,44.82265],[-96.68123,44.82019],[-96.67417,44.81889],[-96.667,44.81466],[-96.66244,44.81628],[-96.65765,44.81185],[-96.65438,44.81275],[-96.64941,44.80605],[-96.65057,44.80348],[-96.64952,44.80162],[-96.65143,44.79722],[-96.6553,44.79533],[-96.65599,44.79008],[-96.65457,44.78752],[-96.65582,44.78587],[-96.65285,44.78483],[-96.6514,44.78075],[-96.64774,44.77728],[-96.64064,44.77672],[-96.6406,44.77228],[-96.63758,44.76926],[-96.63711,44.76647],[-96.63342,44.76315],[-96.63023,44.76272],[-96.6293,44.76064],[-96.63104,44.75716],[-96.62986,44.75587],[-96.62501,44.75301],[-96.61067,44.75361],[-96.60712,44.75266],[-96.60279,44.74801],[-96.59635,44.74911],[-96.586,44.7443],[-96.58774,44.74201],[-96.59357,44.74014],[-96.5972,44.74414],[-96.60686,44.74173],[-96.6083,44.73804],[-96.60608,44.7366],[-96.60843,44.7345],[-96.61172,44.73516],[-96.61056,44.73313],[-96.61522,44.72862],[-96.61414,44.72732],[-96.61522,44.72681],[-96.62605,44.7299],[-96.63223,44.72524],[-96.6422,44.72584],[-96.64487,44.72303],[-96.64529,44.71622],[-96.64978,44.71349],[-96.65641,44.70449],[-96.64909,44.70185],[-96.6518,44.69751],[-96.6506,44.69132],[-96.64867,44.68909],[-96.64201,44.68718],[-96.64201,44.68164],[-96.6453,44.67787],[-96.64471,44.67518],[-96.64791,44.67393],[-96.65128,44.67581],[-96.65372,44.67195],[-96.65338,44.66923],[-96.65092,44.66748],[-96.65097,44.66376],[-96.64831,44.66335],[-96.64933,44.66059],[-96.64232,44.65822],[-96.63983,44.65389],[-96.64045,44.65008],[-96.6451,44.64838],[-96.64438,44.64705],[-96.64599,44.64527],[-96.6507,44.64447],[-96.6492,44.64256],[-96.6534,44.64045],[-96.6522,44.63678],[-96.64882,44.6353],[-96.64835,44.63349],[-96.65992,44.63044],[-96.66085,44.62785],[-96.66837,44.62363],[-96.67496,44.62493],[-96.67557,44.62283],[-96.68543,44.61612],[-96.68101,44.61235],[-96.67673,44.61157],[-96.67183,44.60169],[-96.66198,44.59679],[-96.65781,44.593],[-96.65985,44.59052],[-96.65327,44.58598],[-96.65332,44.58113],[-96.64629,44.57915],[-96.64077,44.57526],[-96.64249,44.57378],[-96.64172,44.57171],[-96.63538,44.56562],[-96.63574,44.56341],[-96.62685,44.56083],[-96.62474,44.55722],[-96.62564,44.55337],[-96.62322,44.5513],[-96.62403,44.54886],[-96.61902,44.54621],[-96.61792,44.53961],[-96.60823,44.53475],[-96.60333,44.53665],[-96.5997,44.53032],[-96.59419,44.52568],[-96.5941,44.52054],[-96.58653,44.52123],[-96.58368,44.51992],[-96.58206,44.51588],[-96.58329,44.51398],[-96.58193,44.51278],[-96.59402,44.51057],[-96.59551,44.50814],[-96.57954,44.50411],[-96.57402,44.49745],[-96.56971,44.49829],[-96.5718,44.49191],[-96.5694,44.48597],[-96.5634,44.48443],[-96.56057,44.48147],[-96.56026,44.47822],[-96.56391,44.47597],[-96.56041,44.46924],[-96.55131,44.46727],[-96.54812,44.46823],[-96.54761,44.46348],[-96.54253,44.45748],[-96.5244,44.45862],[-96.51197,44.45379],[-96.50963,44.45136],[-96.50431,44.4517],[-96.50041,44.44904],[-96.48562,44.44885],[-96.48008,44.44452],[-96.47549,44.4469],[-96.45985,44.44122],[-96.45142,44.44087],[-96.44439,44.43552],[-96.44109,44.42878],[-96.42749,44.42528],[-96.41841,44.41491],[-96.43088,44.40962],[-96.43137,44.40678],[-96.42985,44.40467],[-96.43101,44.40354],[-96.42699,44.39766],[-96.42725,44.3965],[-96.432,44.39599],[-96.43247,44.39188],[-96.42913,44.38722],[-96.43068,44.38038],[-96.42513,44.37775],[-96.42479,44.37463],[-96.41998,44.36694],[-96.42223,44.36279],[-96.417,44.35398],[-96.41855,44.35219],[-96.41691,44.34899],[-96.41766,44.34725],[-96.40005,44.34337],[-96.39709,44.34087],[-96.39676,44.33751],[-96.38344,44.32765],[-96.37686,44.3293],[-96.37553,44.33097],[-96.36816,44.32357],[-96.36464,44.32256],[-96.35981,44.32417],[-96.3568,44.3191],[-96.35306,44.31882],[-96.35395,44.31784],[-96.3519,44.31418],[-96.34816,44.31635],[-96.34565,44.31571],[-96.34511,44.30989],[-96.34916,44.30922],[-96.34946,44.3062],[-96.35411,44.30336],[-96.35463,44.30115],[-96.34862,44.29721],[-96.34198,44.30053],[-96.33042,44.29889],[-96.32714,44.29529],[-96.32593,44.29207],[-96.31968,44.28571],[-96.32267,44.28523],[-96.32492,44.27961],[-96.32093,44.27701],[-96.31596,44.27646],[-96.31377,44.27245],[-96.31699,44.27118],[-96.3173,44.2677],[-96.3224,44.26408],[-96.31869,44.25801],[-96.3131,44.2578],[-96.30503,44.25497],[-96.29842,44.2592],[-96.29243,44.25808],[-96.28212,44.25089],[-96.26713,44.25201],[-96.26622,44.2478],[-96.263,44.2463],[-96.26565,44.24284],[-96.26587,44.23846],[-96.25974,44.23596],[-96.25522,44.23624],[-96.25508,44.23376],[-96.24993,44.23171],[-96.24757,44.22824],[-96.24365,44.22938],[-96.23998,44.22706],[-96.24065,44.22422],[-96.23759,44.22208],[-96.23895,44.21796],[-96.23436,44.2143],[-96.23097,44.21541],[-96.22918,44.21437],[-96.2274,44.21115],[-96.22868,44.20751],[-96.22156,44.2031],[-96.2133,44.20321],[-96.21383,44.2006],[-96.21064,44.19487],[-96.20386,44.19353],[-96.20046,44.19112],[-96.19469,44.18322],[-96.19478,44.18063],[-96.19252,44.17956],[-96.19289,44.17723],[-96.1901,44.176],[-96.19024,44.17122],[-96.17932,44.16935],[-96.17031,44.1646],[-96.16853,44.16037],[-96.16462,44.16022],[-96.16499,44.15753],[-96.16256,44.15675],[-96.16469,44.15532],[-96.1644,44.15247],[-96.15888,44.15108],[-96.15818,44.14888],[-96.15317,44.1469],[-96.15197,44.14426],[-96.14953,44.14328],[-96.15538,44.1403],[-96.15646,44.13898],[-96.15552,44.1377],[-96.14876,44.13333],[-96.14124,44.13468],[-96.13566,44.12909],[-96.13732,44.12489],[-96.13537,44.12147],[-96.13117,44.12179],[-96.12476,44.11807],[-96.12053,44.12071],[-96.11893,44.11994],[-96.11955,44.11784],[-96.11278,44.1163],[-96.11049,44.11287],[-96.1066,44.11292],[-96.10065,44.10003],[-96.1038,44.09545],[-96.0889,44.09356],[-96.08915,44.08843],[-96.09328,44.08762],[-96.09368,44.08457],[-96.09172,44.08257],[-96.0934,44.07956],[-96.0915,44.07679],[-96.0838,44.07325],[-96.08295,44.07125],[-96.08416,44.06913],[-96.08197,44.06768],[-96.08141,44.06437],[-96.07868,44.06516],[-96.07514,44.06299],[-96.06932,44.06289],[-96.07038,44.05643],[-96.06658,44.05052],[-96.06091,44.048],[-96.05766,44.04057],[-96.04592,44.03519],[-96.04415,44.02884],[-96.04225,44.02766],[-96.04553,44.02473],[-96.0455,44.02141],[-96.03736,44.01556],[-96.04084,44.01359],[-96.03918,44.00976],[-96.03963,44.00604],[-96.03285,43.99995],[-96.03341,43.99878],[-96.0245,43.99381],[-96.0218,43.99068],[-96.01708,43.99108],[-96.01482,43.98516],[-96.01017,43.98176],[-96.01134,43.97872],[-96.00821,43.97643],[-96.00872,43.9699],[-96.00582,43.96929],[-96.0031,43.96381],[-95.99531,43.9588],[-95.9918,43.96026],[-95.98255,43.95934],[-95.98318,43.95377],[-95.98518,43.95261],[-95.97956,43.94212],[-95.94369,43.94414],[-95.94112,43.95207],[-95.94189,43.95709],[-95.94429,43.95852],[-95.93988,43.96244],[-95.93739,43.96212],[-95.93603,43.95932],[-95.92139,43.95843],[-95.91652,43.9612],[-95.91169,43.96072],[-95.9119,43.96374],[-95.9076,43.96162],[-95.90156,43.96427],[-95.90123,43.96032],[-95.89545,43.95682],[-95.89653,43.95194],[-95.89455,43.949],[-95.88205,43.94903],[-95.87516,43.94481],[-95.87475,43.94137],[-95.86969,43.9396],[-95.86548,43.94181],[-95.86644,43.94403],[-95.86442,43.94793],[-95.85672,43.95385],[-95.85095,43.9537],[-95.8466,43.9514],[-95.84688,43.94879],[-95.84967,43.94765],[-95.85362,43.94247],[-95.85392,43.9404],[-95.84806,43.93827],[-95.84806,43.93361],[-95.85019,43.92859],[-95.85215,43.92805],[-95.85174,43.92565],[-95.85393,43.92123],[-95.84855,43.91397],[-95.85059,43.90916],[-95.84764,43.90945],[-95.84573,43.90733],[-95.856,43.90231],[-95.85951,43.89444],[-95.85739,43.89067],[-95.8473,43.88448],[-95.84205,43.88633],[-95.83644,43.88596],[-95.83258,43.88856],[-95.82468,43.88682],[-95.82405,43.88471],[-95.82905,43.88349],[-95.83141,43.87908],[-95.83699,43.87648],[-95.82858,43.87047],[-95.83181,43.86848],[-95.83274,43.8658],[-95.83962,43.86279],[-95.85521,43.86261],[-95.85758,43.85942],[-95.8612,43.85894],[-95.85879,43.85705],[-95.85934,43.85595],[-95.86645,43.85424],[-95.87028,43.85091],[-95.87737,43.84875],[-95.87305,43.84445],[-95.8767,43.84046],[-95.87234,43.83344],[-95.8725,43.82742],[-95.87779,43.82428],[-95.87796,43.81694],[-95.88207,43.81524],[-95.88537,43.81584],[-95.88563,43.81405],[-95.8822,43.81224],[-95.88216,43.80987],[-95.87658,43.80502],[-95.87648,43.80192],[-95.87209,43.80153],[-95.87011,43.79975],[-95.86726,43.80033],[-95.86448,43.79413],[-95.86136,43.7923],[-95.85503,43.78341],[-95.85408,43.77945],[-95.85018,43.77708],[-95.84828,43.77314],[-95.83548,43.77094],[-95.83328,43.77271],[-95.82656,43.76829],[-95.82386,43.76934],[-95.81388,43.76496],[-95.81187,43.76676],[-95.8082,43.76378],[-95.80636,43.75615],[-95.80156,43.7564],[-95.79795,43.7509],[-95.78867,43.75223],[-95.77968,43.75141],[-95.77598,43.74896],[-95.76116,43.74626],[-95.75811,43.74653],[-95.75743,43.74812],[-95.75456,43.74695],[-95.75483,43.74384],[-95.75206,43.74424],[-95.75061,43.74194],[-95.74728,43.74378],[-95.74048,43.74294],[-95.73834,43.74505],[-95.72888,43.74105],[-95.7239,43.74325],[-95.72343,43.74578],[-95.71931,43.74631],[-95.71556,43.74409],[-95.71224,43.73849],[-95.71428,43.73751],[-95.71728,43.73034],[-95.7152,43.7294],[-95.71155,43.7229],[-95.71067,43.72029],[-95.71233,43.71618],[-95.7032,43.7135],[-95.70505,43.71152],[-95.70394,43.70479],[-95.69919,43.7021],[-95.69708,43.6984],[-95.70015,43.69829],[-95.69962,43.69382],[-95.70291,43.69237],[-95.71152,43.68243],[-95.7163,43.68031],[-95.71784,43.67634],[-95.72093,43.67386],[-95.72171,43.66956],[-95.72545,43.66546],[-95.7284,43.6645],[-95.72787,43.66271],[-95.721,43.66158],[-95.71645,43.65826],[-95.71384,43.65935],[-95.71046,43.65546],[-95.70116,43.65257],[-95.70115,43.65103],[-95.70638,43.64899],[-95.70599,43.64534],[-95.70902,43.64079],[-95.70822,43.62852],[-95.70114,43.62501],[-95.69372,43.62774],[-95.68692,43.6225],[-95.68401,43.62236],[-95.68166,43.6179],[-95.68417,43.61548],[-95.68189,43.61151],[-95.68478,43.60992],[-95.68025,43.60817],[-95.6777,43.61029],[-95.6754,43.60986],[-95.67285,43.60747],[-95.67097,43.60384],[-95.67168,43.60196],[-95.66871,43.60012],[-95.67168,43.59568],[-95.66411,43.58629],[-95.66421,43.58311],[-95.65688,43.58055],[-95.65902,43.57773],[-95.65659,43.57544],[-95.66258,43.57169],[-95.67339,43.57252],[-95.67409,43.57039],[-95.67284,43.56889],[-95.67802,43.56309],[-95.68847,43.56521],[-95.69526,43.56206],[-95.69193,43.55919],[-95.69381,43.55308],[-95.69565,43.55181],[-95.69589,43.54597],[-95.69961,43.54572],[-95.70748,43.53927],[-95.7025,43.53671],[-95.69218,43.53683],[-95.68488,43.53087],[-95.68237,43.52644],[-95.67493,43.52298],[-95.68354,43.51599],[-95.68431,43.51303],[-95.68235,43.50866],[-95.6838,43.49998],[-95.68985,43.49983],[-95.69069,43.49447],[-95.69521,43.48813],[-95.69149,43.48348],[-95.69157,43.47998],[-95.69005,43.47946],[-95.69327,43.47032],[-95.68599,43.4555],[-95.68727,43.45291],[-95.68515,43.44918],[-95.69821,43.44276],[-95.6957,43.43729],[-95.69625,43.43275],[-95.69,43.42452],[-95.6812,43.41693],[-95.67474,43.41716],[-95.67396,43.40658],[-95.66911,43.4023],[-95.67122,43.39988],[-95.67091,43.39703],[-95.67386,43.39487],[-95.66859,43.38738],[-95.67095,43.38548],[-95.66839,43.38423],[-95.66576,43.37819],[-95.65632,43.36622],[-95.65718,43.36503],[-95.6544,43.35973],[-95.65607,43.35308],[-95.6513,43.3524],[-95.64992,43.34644],[-95.63549,43.34777],[-95.63365,43.34423],[-95.62503,43.34288],[-95.62335,43.34194],[-95.623,43.33754],[-95.61439,43.33402],[-95.61467,43.33087],[-95.61054,43.32767],[-95.61414,43.32468],[-95.61345,43.3216],[-95.61786,43.31588],[-95.61813,43.31277],[-95.61646,43.30482],[-95.61354,43.30135],[-95.61317,43.29729],[-95.60913,43.28971],[-95.6116,43.28454],[-95.60954,43.2813],[-95.61049,43.27734],[-95.60556,43.27307],[-95.60766,43.27095],[-95.60787,43.26507],[-95.60321,43.25845],[-95.60263,43.25211],[-95.59505,43.24584],[-95.5948,43.23613],[-95.59224,43.23048],[-95.59463,43.22685],[-95.58753,43.21004],[-95.58792,43.20709],[-95.5935,43.19651],[-95.59272,43.19271],[-95.59748,43.189],[-95.594,43.18583],[-95.59298,43.18264],[-95.59702,43.17488],[-95.60379,43.17437],[-95.60459,43.17127],[-95.61595,43.17118],[-95.61274,43.15528],[-95.62957,43.14506],[-95.63546,43.14447],[-95.63651,43.14061],[-95.64116,43.14454],[-95.64471,43.14517],[-95.65155,43.14498],[-95.65489,43.14296],[-95.65713,43.1446],[-95.67208,43.1442],[-95.67738,43.14618],[-95.69026,43.14317],[-95.69385,43.14092],[-95.69974,43.1406],[-95.70641,43.13558],[-95.71107,43.13525],[-95.73216,43.13896],[-95.73376,43.14094],[-95.73317,43.14347],[-95.73637,43.14679],[-95.74229,43.14962],[-95.75456,43.15178],[-95.76048,43.14661],[-95.75846,43.14294],[-95.76265,43.13976],[-95.77258,43.13635],[-95.77148,43.13367],[-95.76862,43.13307],[-95.76453,43.12787],[-95.76557,43.12667],[-95.76171,43.12625],[-95.76023,43.12329],[-95.75504,43.1206],[-95.75638,43.11607],[-95.74821,43.11025],[-95.74748,43.10757],[-95.74305,43.1038],[-95.74472,43.09721],[-95.74976,43.09065],[-95.76037,43.08685],[-95.77322,43.07625],[-95.77091,43.07207],[-95.77191,43.07011],[-95.78262,43.0631],[-95.78118,43.05829],[-95.78268,43.04626],[-95.79165,43.03462],[-95.79419,43.03402],[-95.79092,43.02965],[-95.77961,43.0249],[-95.78429,43.0189],[-95.77687,43.01548],[-95.77614,43.01137],[-95.783,43.00557],[-95.80332,43.00791],[-95.81587,43.01435],[-95.82579,43.01438],[-95.83257,43.01048],[-95.83491,43.00336],[-95.83794,43.00057],[-95.83689,42.98995],[-95.8415,42.98632],[-95.84225,42.98278],[-95.82657,42.97683],[-95.82563,42.97234],[-95.82097,42.96783],[-95.82056,42.96412],[-95.81051,42.95889],[-95.81219,42.95331],[-95.82359,42.95416],[-95.82795,42.95277],[-95.82865,42.94978],[-95.82114,42.94743],[-95.82033,42.94271],[-95.81537,42.93822],[-95.8093,42.93655],[-95.81022,42.93409],[-95.80783,42.92813],[-95.80505,42.92612],[-95.80212,42.91967],[-95.79279,42.91585],[-95.78425,42.90683],[-95.78036,42.90594],[-95.77742,42.90057],[-95.78406,42.89336],[-95.79174,42.89164],[-95.79679,42.88601],[-95.80925,42.87994],[-95.80682,42.87171],[-95.79965,42.86664],[-95.79269,42.8712],[-95.78525,42.87332],[-95.76431,42.86574],[-95.73991,42.86613],[-95.72697,42.85966],[-95.71956,42.86555],[-95.71126,42.8618],[-95.70963,42.85694],[-95.7167,42.85187],[-95.71238,42.84703],[-95.7117,42.83979],[-95.71552,42.83732],[-95.71325,42.8331],[-95.71786,42.83064],[-95.71327,42.8264],[-95.71324,42.82349],[-95.71827,42.8191],[-95.72322,42.81936],[-95.72475,42.81382],[-95.72642,42.81267],[-95.72556,42.80848],[-95.72718,42.80757],[-95.7248,42.80464],[-95.73297,42.79889],[-95.7333,42.79532],[-95.73536,42.79403],[-95.73257,42.79108],[-95.73278,42.78906],[-95.74179,42.78522],[-95.73763,42.7743],[-95.7406,42.76921],[-95.73988,42.76411],[-95.74153,42.76074],[-95.74875,42.75876],[-95.7477,42.75603],[-95.74869,42.7529],[-95.75282,42.75086],[-95.75652,42.75206],[-95.75911,42.74857],[-95.75747,42.74358],[-95.76541,42.73758],[-95.76193,42.731],[-95.76105,42.72093],[-95.75778,42.7184],[-95.75792,42.71165],[-95.75978,42.70963],[-95.75932,42.70416],[-95.76332,42.70187],[-95.76002,42.6973],[-95.76637,42.68708],[-95.76524,42.6796],[-95.76967,42.67692],[-95.77008,42.67446],[-95.77302,42.67346],[-95.77559,42.66754],[-95.78047,42.66756],[-95.78045,42.66394],[-95.78613,42.65992],[-95.78815,42.65494],[-95.79413,42.6484],[-95.79833,42.64728],[-95.80436,42.65025],[-95.80767,42.64987],[-95.80754,42.64605],[-95.81248,42.64075],[-95.81169,42.63727],[-95.82097,42.63379],[-95.82194,42.62692],[-95.81952,42.62466],[-95.82357,42.62332],[-95.82448,42.61834],[-95.83743,42.6158],[-95.84095,42.61344],[-95.84402,42.61405],[-95.84677,42.61181],[-95.85413,42.61316],[-95.86092,42.60853],[-95.85912,42.60603],[-95.86278,42.60284],[-95.86463,42.59448],[-95.87917,42.59401],[-95.88694,42.59602],[-95.89312,42.5919],[-95.89753,42.59119],[-95.8994,42.58343],[-95.89774,42.58086],[-95.90532,42.57349],[-95.9056,42.56858],[-95.90375,42.56413],[-95.90692,42.56271],[-95.91121,42.55386],[-95.91369,42.55323],[-95.91453,42.5505],[-95.91859,42.5488],[-95.92243,42.54445],[-95.92005,42.54173],[-95.92021,42.53373],[-95.90318,42.52357],[-95.90248,42.519],[-95.90467,42.51471],[-95.89439,42.51014],[-95.89393,42.5048],[-95.89073,42.50263],[-95.89577,42.49949],[-95.89859,42.5005],[-95.89881,42.49673],[-95.90149,42.49698],[-95.9047,42.49378],[-95.90873,42.49378],[-95.91518,42.48749],[-95.91572,42.48493],[-95.91156,42.48348],[-95.91279,42.48091],[-95.91586,42.48068],[-95.91825,42.47484],[-95.92235,42.47152],[-95.91486,42.4647],[-95.91514,42.46082],[-95.90878,42.46008],[-95.90774,42.45822],[-95.90107,42.45755],[-95.89814,42.4554],[-95.90479,42.4511],[-95.90343,42.44913],[-95.9047,42.44601],[-95.90036,42.44196],[-95.90226,42.44036],[-95.90169,42.4385],[-95.90477,42.4377],[-95.90574,42.43303],[-95.90389,42.42895],[-95.9059,42.4248],[-95.90296,42.42213],[-95.90468,42.42092],[-95.90394,42.41657],[-95.90517,42.41435],[-95.90261,42.4114],[-95.90235,42.40764],[-95.90524,42.40243],[-95.90282,42.39994],[-95.90443,42.39772],[-95.90276,42.39519],[-95.90463,42.39396],[-95.9024,42.38932],[-95.90808,42.38033],[-95.90853,42.37411],[-95.91123,42.37353],[-95.91273,42.36987],[-95.91073,42.3674],[-95.90768,42.36663],[-95.90784,42.35933],[-95.90992,42.35682],[-95.91267,42.35652],[-95.91116,42.35458],[-95.91222,42.3513],[-95.90786,42.34772],[-95.91139,42.34389],[-95.91066,42.34155],[-95.91271,42.34112],[-95.91752,42.33335],[-95.91656,42.32628],[-95.91896,42.32349],[-95.92068,42.32287],[-95.92221,42.32427],[-95.92911,42.31965],[-95.92802,42.31161],[-95.92509,42.30865],[-95.92533,42.30626],[-95.9284,42.30463],[-95.92715,42.3041],[-95.92621,42.29631],[-95.92843,42.29474],[-95.93208,42.29643],[-95.93363,42.29502],[-95.93829,42.29551],[-95.94049,42.29364],[-95.94376,42.29467],[-95.94708,42.29258],[-95.94818,42.28935],[-95.94588,42.28847],[-95.94535,42.28636],[-95.95034,42.28316],[-95.94892,42.27863],[-95.94689,42.27761],[-95.9469,42.27445],[-95.95017,42.27132],[-95.94864,42.2693],[-95.95479,42.26547],[-95.95479,42.2623],[-95.95209,42.25968],[-95.95446,42.25715],[-95.95942,42.25579],[-95.96159,42.25194],[-95.95851,42.24657],[-95.95857,42.24362],[-95.96005,42.24297],[-95.96198,42.23554],[-95.95901,42.23459],[-95.95646,42.23086],[-95.95982,42.2311],[-95.96395,42.22755],[-95.96614,42.22804],[-95.96982,42.22363],[-95.96838,42.22075],[-95.97072,42.21738],[-95.97864,42.21705],[-95.98131,42.21221],[-95.98892,42.20926],[-95.98973,42.20693],[-95.98794,42.20506],[-95.99356,42.20183],[-95.99579,42.19332],[-96.00091,42.19171],[-95.99962,42.18835],[-96.00608,42.18247],[-96.00932,42.18313],[-96.01009,42.17863],[-96.00838,42.1756],[-96.00994,42.17313],[-96.00948,42.16422],[-96.00672,42.16178],[-96.0053,42.15249],[-96.00311,42.14986],[-96.0055,42.14249],[-96.00518,42.12273],[-96.01678,42.11845],[-96.01591,42.11672],[-96.01715,42.11455],[-96.01116,42.11563],[-96.01001,42.11098],[-96.0075,42.11107],[-96.00349,42.1078],[-96.0031,42.10185],[-96.01102,42.09885],[-96.01575,42.09442],[-96.02964,42.09527],[-96.03414,42.09836],[-96.03678,42.0942],[-96.03526,42.09154],[-96.03869,42.08984],[-96.03834,42.07637],[-96.03506,42.07593],[-96.03649,42.07311],[-96.03356,42.07222],[-96.03396,42.06925],[-96.03177,42.06737],[-96.03525,42.06325],[-96.0353,42.05841],[-96.03115,42.0574],[-96.03002,42.05269],[-96.0191,42.0461],[-96.01825,42.04244],[-96.01166,42.03679],[-96.01131,42.03064],[-96.00663,42.03013],[-95.98505,42.01925],[-95.99291,42.02013],[-95.99369,42.01902],[-95.98979,42.01551],[-95.99089,42.01428],[-95.98906,42.00943],[-95.98542,42.00814],[-95.98545,42.00017],[-95.98796,41.99928],[-95.9909,41.99122],[-95.98842,41.99059],[-95.98786,41.99269],[-95.98475,41.99364],[-95.9836,41.98803],[-95.98405,41.98559],[-95.98965,41.98578],[-95.99163,41.97947],[-95.98871,41.97483],[-95.98579,41.97488],[-95.98603,41.97252],[-95.9822,41.96988],[-95.98232,41.96507],[-95.98888,41.96264],[-95.98725,41.96148],[-95.98339,41.94996],[-95.98069,41.94917],[-95.98033,41.94187],[-95.97486,41.94098],[-95.97524,41.93038],[-95.97778,41.93008],[-95.97926,41.92686],[-95.97529,41.92531],[-95.97524,41.91625],[-95.98179,41.91425],[-95.98179,41.90944],[-95.98397,41.90829],[-95.98012,41.90494],[-95.98114,41.90161],[-95.98645,41.90169],[-95.98805,41.89772],[-95.99435,41.89809],[-95.99781,41.89504],[-95.99928,41.89226],[-95.99909,41.87765],[-96.00245,41.87912],[-96.00325,41.87721],[-96.00831,41.87504],[-96.00873,41.87161],[-96.01457,41.86921],[-96.01834,41.8602],[-96.01521,41.85894],[-96.01494,41.85312],[-96.00952,41.85432],[-96.00928,41.84869],[-96.00538,41.84935],[-96.00492,41.85178],[-96.00237,41.85298],[-95.99237,41.84594],[-95.99925,41.83973],[-96.00005,41.83651],[-95.99636,41.83569],[-95.99017,41.83033],[-95.98721,41.82411],[-95.98846,41.82109],[-95.9924,41.82064],[-95.99473,41.81866],[-96.00036,41.82711],[-96.00598,41.82737],[-96.01256,41.81904],[-96.02766,41.80587],[-96.02463,41.79651],[-96.02476,41.79178],[-96.02911,41.78417],[-96.03857,41.77991],[-96.03849,41.77723],[-96.05014,41.7769],[-96.05309,41.79089],[-96.05106,41.79639],[-96.05752,41.804],[-96.06994,41.80108],[-96.07937,41.80784],[-96.09074,41.81058],[-96.08747,41.80646],[-96.08326,41.80564],[-96.08219,41.80075],[-96.07487,41.80015],[-96.07014,41.79605],[-96.07091,41.79233],[-96.07399,41.79129],[-96.07729,41.79723],[-96.09084,41.79825],[-96.09566,41.80113],[-96.09866,41.80695],[-96.1003,41.80629],[-96.10127,41.80146],[-96.10365,41.80211],[-96.10394,41.80381],[-96.11621,41.80281],[-96.11708,41.80383],[-96.11494,41.80702],[-96.11761,41.80885],[-96.11596,41.81469],[-96.12183,41.81991],[-96.11886,41.82203],[-96.11913,41.82477],[-96.11513,41.82585],[-96.11968,41.82925],[-96.1205,41.83519],[-96.12592,41.83834],[-96.12842,41.84254],[-96.13429,41.84272],[-96.13245,41.84398],[-96.13605,41.85673],[-96.13833,41.85814],[-96.14026,41.86464],[-96.14741,41.87302],[-96.16039,41.887],[-96.16785,41.88757],[-96.16827,41.90784],[-96.16666,41.91108],[-96.16764,41.91653],[-96.18795,41.91706],[-96.18906,41.9219],[-96.18284,41.93137],[-96.18271,41.93464],[-96.19407,41.94216],[-96.20335,41.95795],[-96.20697,41.96032],[-96.2085,41.97282],[-96.22332,41.98821],[-96.2441,41.99843],[-96.25034,41.99808],[-96.25506,41.99271],[-96.24126,41.97695],[-96.24331,41.97514],[-96.24129,41.97141],[-96.24457,41.96889],[-96.24285,41.96529],[-96.24393,41.96373],[-96.2467,41.96366],[-96.2485,41.96015],[-96.25328,41.96045],[-96.25364,41.95663],[-96.25629,41.95498],[-96.2577,41.95145],[-96.25658,41.94471],[-96.25914,41.94308],[-96.25799,41.93683],[-96.26541,41.93476],[-96.26406,41.93094],[-96.26465,41.92538],[-96.27147,41.92354],[-96.27491,41.92435],[-96.2851,41.91762],[-96.29009,41.91111],[-96.29237,41.9043],[-96.29592,41.90252],[-96.29614,41.89795],[-96.29915,41.89597],[-96.30495,41.89365],[-96.30871,41.89456],[-96.31186,41.89148],[-96.31581,41.89289],[-96.31798,41.89621]],[[-98.63783,44.60747],[-98.63544,44.60885],[-98.63195,44.60567],[-98.62536,44.60334],[-98.62482,44.59827],[-98.61667,44.59676],[-98.60971,44.60045],[-98.6068,44.60017],[-98.60609,44.59685],[-98.60954,44.59653],[-98.6127,44.59212],[-98.60607,44.59213],[-98.6014,44.58641],[-98.59736,44.58634],[-98.59749,44.58458],[-98.594,44.58306],[-98.59619,44.58168],[-98.59333,44.57771],[-98.59744,44.5715],[-98.57978,44.56566],[-98.57948,44.5613],[-98.58801,44.56289],[-98.59086,44.56116],[-98.58943,44.55916],[-98.59262,44.55885],[-98.58702,44.55298],[-98.5804,44.55279],[-98.57945,44.55438],[-98.57329,44.55516],[-98.56183,44.5505],[-98.55636,44.55239],[-98.55112,44.5515],[-98.54859,44.54922],[-98.54386,44.54905],[-98.54473,44.54722],[-98.54126,44.54589],[-98.53072,44.54679],[-98.52982,44.54903],[-98.51968,44.54997],[-98.50801,44.54759],[-98.50565,44.55112],[-98.5078,44.55379],[-98.51668,44.55556],[-98.52112,44.55883],[-98.52659,44.55782],[-98.5265,44.56039],[-98.53198,44.56406],[-98.53054,44.5674],[-98.53563,44.5696],[-98.53548,44.57157],[-98.53749,44.57329],[-98.5366,44.5754],[-98.53254,44.57719],[-98.53112,44.58263],[-98.52882,44.58425],[-98.53313,44.58682],[-98.53097,44.58924],[-98.53511,44.59163],[-98.53286,44.59332],[-98.53091,44.59259],[-98.5288,44.59514],[-98.52546,44.59501],[-98.52302,44.59713],[-98.52448,44.59893],[-98.52157,44.60067],[-98.51722,44.6005],[-98.51419,44.59798],[-98.51543,44.59628],[-98.51357,44.59296],[-98.5147,44.59033],[-98.49875,44.58509],[-98.49748,44.58675],[-98.49502,44.58686],[-98.49383,44.58531],[-98.49169,44.58844],[-98.48638,44.58817],[-98.48572,44.58529],[-98.47955,44.58692],[-98.48107,44.5887],[-98.48038,44.59048],[-98.4835,44.59115],[-98.48673,44.59676],[-98.48577,44.60274],[-98.49025,44.60523],[-98.48899,44.60672],[-98.49084,44.60783],[-98.48969,44.61085],[-98.49148,44.61257],[-98.49102,44.61514],[-98.48608,44.61772],[-98.48725,44.62132],[-98.48298,44.62144],[-98.47106,44.62899],[-98.46527,44.62774],[-98.4636,44.62962],[-98.45943,44.62926],[-98.45781,44.62735],[-98.44812,44.62916],[-98.43824,44.62791],[-98.43629,44.62941],[-98.4292,44.62988],[-98.42872,44.63304],[-98.4231,44.63327],[-98.4295,44.64088],[-98.4392,44.64845],[-98.43791,44.6502],[-98.44126,44.6549],[-98.43416,44.65674],[-98.43696,44.66209],[-98.44241,44.66529],[-98.44447,44.66471],[-98.44429,44.66821],[-98.44222,44.66986],[-98.44446,44.6746],[-98.45363,44.67746],[-98.45432,44.68826],[-98.45745,44.69145],[-98.45597,44.69302],[-98.45797,44.69433],[-98.45727,44.69753],[-98.45982,44.70544],[-98.45854,44.70726],[-98.46052,44.70982],[-98.45871,44.7118],[-98.46291,44.71586],[-98.45782,44.72166],[-98.45914,44.72475],[-98.45758,44.72638],[-98.46331,44.72724],[-98.46229,44.7314],[-98.46422,44.73375],[-98.46209,44.73776],[-98.46768,44.74383],[-98.4682,44.74595],[-98.46617,44.74967],[-98.47517,44.75394],[-98.47711,44.74929],[-98.4762,44.74617],[-98.4782,44.74431],[-98.48383,44.74453],[-98.48628,44.74275],[-98.49253,44.74614],[-98.49312,44.75528],[-98.49075,44.75528],[-98.49081,44.76395],[-98.49944,44.77045],[-98.49715,44.77373],[-98.49752,44.77774],[-98.49473,44.77811],[-98.49562,44.78134],[-98.50703,44.7859],[-98.50841,44.78733],[-98.50743,44.79004],[-98.51355,44.79409],[-98.51403,44.79738],[-98.51715,44.79882],[-98.51626,44.80079],[-98.51857,44.80223],[-98.52974,44.80455],[-98.52987,44.8029],[-98.53433,44.80051],[-98.53912,44.80218],[-98.54165,44.80122],[-98.54829,44.7959],[-98.55232,44.79487],[-98.55349,44.79061],[-98.56338,44.78432],[-98.56172,44.78088],[-98.55573,44.77849],[-98.54974,44.77953],[-98.54633,44.7766],[-98.54736,44.77239],[-98.54577,44.77079],[-98.54561,44.76204],[-98.53966,44.75939],[-98.53149,44.75851],[-98.52843,44.75565],[-98.53036,44.75359],[-98.53247,44.75377],[-98.53281,44.75043],[-98.53681,44.75023],[-98.53466,44.74907],[-98.53527,44.7449],[-98.529,44.7418],[-98.53158,44.73767],[-98.52854,44.73037],[-98.53235,44.72647],[-98.52837,44.72065],[-98.52315,44.72003],[-98.52474,44.71314],[-98.52698,44.71525],[-98.5311,44.71409],[-98.52937,44.70872],[-98.54876,44.70675],[-98.56137,44.71109],[-98.56427,44.70726],[-98.56654,44.70804],[-98.56632,44.71224],[-98.57026,44.71253],[-98.57089,44.711],[-98.57705,44.71035],[-98.58165,44.70723],[-98.58423,44.70287],[-98.59303,44.69818],[-98.59518,44.69318],[-98.60061,44.6947],[-98.60472,44.69244],[-98.61263,44.69231],[-98.6186,44.69498],[-98.62444,44.69431],[-98.6255,44.68141],[-98.62481,44.67996],[-98.62066,44.68162],[-98.61816,44.6798],[-98.62593,44.67696],[-98.63057,44.67804],[-98.63023,44.67362],[-98.62833,44.67256],[-98.62923,44.67024],[-98.64074,44.66798],[-98.64004,44.66408],[-98.64504,44.66324],[-98.64375,44.66206],[-98.64388,44.65544],[-98.64166,44.65394],[-98.64252,44.65274],[-98.63951,44.65128],[-98.64098,44.65029],[-98.63969,44.6483],[-98.63358,44.64901],[-98.63372,44.64577],[-98.63028,44.6423],[-98.63281,44.64138],[-98.6329,44.63855],[-98.62668,44.63473],[-98.6275,44.6334],[-98.6258,44.63133],[-98.62646,44.62986],[-98.63402,44.62917],[-98.63382,44.62397],[-98.63789,44.62261],[-98.63796,44.62097],[-98.63145,44.62006],[-98.63091,44.6173],[-98.63322,44.6133],[-98.639,44.61393],[-98.64452,44.61124],[-98.63783,44.60747]],[[-99.04756,46.69609],[-99.04299,46.69414],[-99.04595,46.69132],[-99.04367,46.68805],[-99.03981,46.68806],[-99.03644,46.68388],[-99.03342,46.68435],[-99.02856,46.68207],[-99.02187,46.68176],[-99.01908,46.68519],[-99.00394,46.68317],[-99.00181,46.6853],[-98.99265,46.68615],[-98.99088,46.68825],[-98.98406,46.68867],[-98.98009,46.69135],[-98.9832,46.69258],[-98.98153,46.697],[-98.983,46.69985],[-98.98571,46.69892],[-98.98952,46.70217],[-98.99432,46.70046],[-98.99732,46.70247],[-98.99921,46.70137],[-98.99899,46.70359],[-99.00432,46.70398],[-99.00789,46.70166],[-99.00683,46.70007],[-99.01143,46.69858],[-99.01163,46.69716],[-99.01762,46.69974],[-99.0221,46.69951],[-99.02695,46.69751],[-99.03127,46.69902],[-99.0397,46.69713],[-99.04451,46.69779],[-99.04756,46.69609]],[[-103.17943,43.14459],[-103.1714,43.14744],[-103.1704,43.15061],[-103.16211,43.15608],[-103.16043,43.15989],[-103.16446,43.16473],[-103.16567,43.17092],[-103.17689,43.17418],[-103.18082,43.17185],[-103.18295,43.17263],[-103.18324,43.17884],[-103.19427,43.1812],[-103.19895,43.17452],[-103.19734,43.17267],[-103.20117,43.16897],[-103.20046,43.16721],[-103.19152,43.157],[-103.19303,43.15514],[-103.18966,43.14661],[-103.18517,43.14399],[-103.17943,43.14459]],[[-112.2825,49.02997],[-112.28038,49.03132],[-112.27034,49.03148],[-112.26231,49.02955],[-112.25817,49.02688],[-112.24917,49.02665],[-112.24197,49.03488],[-112.24647,49.04396],[-112.25187,49.04684],[-112.25017,49.04982],[-112.25653,49.05354],[-112.26592,49.05507],[-112.26945,49.05284],[-112.27336,49.05277],[-112.27829,49.05454],[-112.28134,49.04382],[-112.28858,49.03286],[-112.28602,49.03294],[-112.2825,49.02997]],[[-111.14827,49.00241],[-111.14521,49.00592],[-111.13914,49.00835],[-111.13952,49.01277],[-111.13616,49.01528],[-111.13784,49.01836],[-111.13213,49.0211],[-111.13137,49.02353],[-111.13827,49.02578],[-111.14538,49.02562],[-111.14535,49.02291],[-111.15294,49.01532],[-111.15124,49.01208],[-111.15377,49.01049],[-111.15204,49.00186],[-111.14827,49.00241]],[[-111.05456,49.02518],[-111.05515,49.02784],[-111.05286,49.03183],[-111.05905,49.03578],[-111.05679,49.04204],[-111.06236,49.04315],[-111.07347,49.0384],[-111.06864,49.03274],[-111.05532,49.0289],[-111.05615,49.02537],[-111.05456,49.02518]],[[-109.92813,49.02866],[-109.91524,49.0328],[-109.91236,49.03812],[-109.92252,49.03866],[-109.93725,49.03398],[-109.92813,49.02866]],[[-108.97675,49.44709],[-108.9733,49.4408],[-108.97361,49.43626],[-108.96822,49.43308],[-108.9683,49.42731],[-108.96376,49.42088],[-108.95229,49.41691],[-108.94738,49.41879],[-108.94501,49.41321],[-108.94922,49.41048],[-108.94846,49.40812],[-108.96175,49.40525],[-108.97509,49.39891],[-108.97877,49.39912],[-108.98272,49.40164],[-108.98649,49.39889],[-108.99184,49.39838],[-108.99463,49.39512],[-109.00337,49.39201],[-108.99817,49.38734],[-109.00458,49.38664],[-109.00637,49.38361],[-109.01053,49.3839],[-109.02311,49.38928],[-109.02384,49.38716],[-109.02675,49.38625],[-109.03589,49.38786],[-109.04629,49.38713],[-109.04598,49.3835],[-109.05344,49.38036],[-109.06341,49.36771],[-109.07373,49.36553],[-109.07897,49.36232],[-109.08081,49.36461],[-109.08322,49.36464],[-109.08789,49.36223],[-109.08822,49.35981],[-109.09325,49.35893],[-109.09695,49.36036],[-109.09855,49.36127],[-109.09664,49.36368],[-109.10435,49.36487],[-109.10793,49.36746],[-109.09633,49.37619],[-109.09744,49.38129],[-109.09648,49.38353],[-109.10803,49.39057],[-109.10839,49.39259],[-109.10524,49.39331],[-109.10577,49.39555],[-109.10291,49.39785],[-109.11989,49.39978],[-109.12486,49.40391],[-109.13484,49.40294],[-109.14135,49.40803],[-109.14529,49.40912],[-109.14858,49.40607],[-109.15446,49.40405],[-109.15495,49.3987],[-109.15253,49.3981],[-109.15294,49.39702],[-109.16612,49.3937],[-109.16732,49.3896],[-109.17201,49.38944],[-109.1746,49.38553],[-109.17583,49.38654],[-109.17402,49.38734],[-109.17384,49.39143],[-109.1777,49.39341],[-109.18211,49.39079],[-109.19343,49.39169],[-109.20414,49.38869],[-109.20913,49.38009],[-109.20863,49.37709],[-109.21496,49.37467],[-109.22442,49.36598],[-109.23159,49.36285],[-109.24267,49.35274],[-109.24273,49.34737],[-109.24678,49.34121],[-109.24875,49.33879],[-109.25464,49.33644],[-109.25977,49.32504],[-109.26236,49.32381],[-109.26358,49.32107],[-109.26754,49.31999],[-109.2707,49.31474],[-109.27266,49.29814],[-109.27814,49.29102],[-109.27419,49.28795],[-109.26878,49.28718],[-109.27007,49.28407],[-109.27449,49.28174],[-109.27114,49.27779],[-109.2736,49.27392],[-109.26733,49.27276],[-109.26508,49.26967],[-109.26231,49.269],[-109.2579,49.27122],[-109.24907,49.26977],[-109.24543,49.27074],[-109.24432,49.27336],[-109.23981,49.27517],[-109.23624,49.2739],[-109.23619,49.26923],[-109.23728,49.26663],[-109.24207,49.26549],[-109.24549,49.25643],[-109.24797,49.25563],[-109.25281,49.2491],[-109.24894,49.2461],[-109.24288,49.24525],[-109.24901,49.23732],[-109.25111,49.23704],[-109.25267,49.23968],[-109.26605,49.23709],[-109.2689,49.23485],[-109.28102,49.23707],[-109.28576,49.23578],[-109.28881,49.2308],[-109.28935,49.22792],[-109.28455,49.22755],[-109.28388,49.22456],[-109.27952,49.22321],[-109.27993,49.21926],[-109.27362,49.21737],[-109.27164,49.215],[-109.2709,49.20787],[-109.26883,49.20387],[-109.26441,49.2015],[-109.26797,49.19804],[-109.26824,49.19551],[-109.26563,49.19457],[-109.26971,49.18696],[-109.25172,49.18581],[-109.24555,49.18265],[-109.22991,49.18551],[-109.22601,49.18244],[-109.22758,49.18116],[-109.22677,49.17966],[-109.19808,49.16893],[-109.18309,49.16842],[-109.17642,49.16545],[-109.17155,49.16778],[-109.16447,49.16463],[-109.15864,49.16484],[-109.15855,49.16172],[-109.15557,49.15897],[-109.14865,49.15738],[-109.14837,49.15361],[-109.13276,49.14802],[-109.13314,49.14215],[-109.14455,49.13261],[-109.14367,49.13044],[-109.13256,49.13476],[-109.10895,49.12582],[-109.11346,49.11896],[-109.12717,49.1119],[-109.12744,49.10423],[-109.12262,49.10329],[-109.11896,49.10626],[-109.11167,49.10859],[-109.11109,49.11473],[-109.10949,49.11572],[-109.11134,49.11953],[-109.09988,49.11316],[-109.09866,49.10951],[-109.09468,49.10995],[-109.08577,49.11446],[-109.0865,49.13001],[-109.09479,49.1346],[-109.09103,49.13826],[-109.08916,49.13654],[-109.08228,49.13565],[-109.08201,49.13753],[-109.07882,49.13891],[-109.07902,49.14159],[-109.06976,49.14587],[-109.05928,49.14631],[-109.05712,49.14728],[-109.05428,49.15239],[-109.04552,49.15148],[-109.04319,49.15554],[-109.03668,49.155],[-109.03383,49.15875],[-109.03027,49.15984],[-109.01785,49.15884],[-109.01476,49.15391],[-109.01868,49.15006],[-109.01338,49.14373],[-109.01303,49.13822],[-109.00319,49.13237],[-108.99743,49.13124],[-108.99722,49.12785],[-108.99931,49.12444],[-109.00642,49.12167],[-109.0118,49.11469],[-109.00121,49.11391],[-108.99823,49.10142],[-108.98921,49.08977],[-108.95654,49.083],[-108.95681,49.08136],[-108.96569,49.07495],[-108.96617,49.07048],[-108.97426,49.06569],[-108.97919,49.05903],[-108.97686,49.0541],[-108.9672,49.04949],[-108.94177,49.04984],[-108.9407,49.05471],[-108.93728,49.05806],[-108.9342,49.06476],[-108.93476,49.06768],[-108.92651,49.0705],[-108.91664,49.06864],[-108.90619,49.07283],[-108.90296,49.07268],[-108.89587,49.07754],[-108.89599,49.08035],[-108.89284,49.08254],[-108.8939,49.08613],[-108.88987,49.09047],[-108.89032,49.09242],[-108.88517,49.09317],[-108.86901,49.0865],[-108.86403,49.08728],[-108.85692,49.08193],[-108.85728,49.07931],[-108.85576,49.0783],[-108.84815,49.07805],[-108.84011,49.07994],[-108.8323,49.07882],[-108.83154,49.07783],[-108.83354,49.07511],[-108.81611,49.06899],[-108.81254,49.0695],[-108.80542,49.06087],[-108.79981,49.05943],[-108.79388,49.06052],[-108.78914,49.05735],[-108.78632,49.05763],[-108.78432,49.05475],[-108.78101,49.05489],[-108.78153,49.05341],[-108.77757,49.04997],[-108.77723,49.04447],[-108.77764,49.04256],[-108.78189,49.04014],[-108.77986,49.03504],[-108.77635,49.03575],[-108.76511,49.03083],[-108.76148,49.03308],[-108.75367,49.03409],[-108.7502,49.03677],[-108.75183,49.04278],[-108.7494,49.04363],[-108.73931,49.04175],[-108.73146,49.03524],[-108.71665,49.03673],[-108.71346,49.03559],[-108.69943,49.02233],[-108.68879,49.0196],[-108.67632,49.01271],[-108.65982,49.01009],[-108.65519,49.00797],[-108.65311,49.00489],[-108.64844,49.00531],[-108.64513,49.00278],[-108.64039,49.00411],[-108.63401,49.00238],[-108.62892,49.00389],[-108.62382,49.00168],[-108.60957,49.0019],[-108.60807,48.99725],[-108.60199,48.99651],[-108.59294,48.99796],[-108.59051,48.99647],[-108.5834,48.99828],[-108.56516,48.99407],[-108.56162,48.99465],[-108.56208,48.99652],[-108.55872,48.99784],[-108.55392,48.99839],[-108.5505,48.99708],[-108.54267,48.99795],[-108.53156,48.99463],[-108.52717,48.9955],[-108.52371,48.99868],[-108.51553,48.99571],[-108.50494,48.99618],[-108.50175,48.99903],[-108.49614,48.99803],[-108.4922,48.99425],[-108.49314,48.99064],[-108.48207,48.99375],[-108.47579,48.99314],[-108.46741,48.99525],[-108.4677,48.99192],[-108.46478,48.98921],[-108.45968,48.986],[-108.45486,48.98515],[-108.45171,48.9821],[-108.44619,48.98474],[-108.44191,48.98489],[-108.44111,48.98806],[-108.43895,48.98799],[-108.43782,48.98565],[-108.42032,48.98854],[-108.41678,48.99773],[-108.40952,48.99834],[-108.40316,49.0045],[-108.40562,49.01166],[-108.40504,49.019],[-108.40039,49.0187],[-108.40216,49.02638],[-108.40702,49.02661],[-108.40776,49.0248],[-108.41124,49.02597],[-108.41704,49.02495],[-108.42122,49.02812],[-108.43331,49.02786],[-108.43657,49.03517],[-108.43879,49.03608],[-108.43686,49.04032],[-108.43326,49.04148],[-108.4279,49.03991],[-108.42328,49.04149],[-108.41916,49.04857],[-108.40974,49.05079],[-108.40674,49.05317],[-108.39824,49.05045],[-108.3954,49.05167],[-108.38635,49.04955],[-108.36813,49.05212],[-108.35154,49.04725],[-108.34863,49.04906],[-108.34555,49.04796],[-108.34069,49.04151],[-108.33726,49.04245],[-108.32189,49.04089],[-108.31412,49.04272],[-108.31225,49.0455],[-108.29994,49.04108],[-108.29507,49.0431],[-108.29266,49.04039],[-108.28919,49.03948],[-108.28641,49.04142],[-108.27034,49.04189],[-108.26151,49.04738],[-108.25458,49.05025],[-108.25044,49.05004],[-108.24182,49.05507],[-108.23256,49.0511],[-108.2236,49.0517],[-108.22518,49.0549],[-108.22104,49.05899],[-108.22141,49.06374],[-108.20721,49.05907],[-108.20119,49.06275],[-108.1971,49.05807],[-108.19324,49.05781],[-108.19017,49.05988],[-108.18213,49.05943],[-108.18023,49.06394],[-108.16785,49.06458],[-108.16321,49.06565],[-108.16225,49.06764],[-108.16638,49.0721],[-108.16546,49.07774],[-108.16843,49.07872],[-108.17032,49.08368],[-108.17639,49.08387],[-108.1765,49.08653],[-108.18553,49.08535],[-108.20229,49.09065],[-108.21251,49.08766],[-108.22747,49.09279],[-108.22617,49.08773],[-108.23046,49.07896],[-108.22632,49.07654],[-108.22672,49.07552],[-108.23576,49.06607],[-108.24369,49.06472],[-108.2462,49.06197],[-108.26182,49.06286],[-108.26647,49.06525],[-108.27504,49.06536],[-108.27885,49.06754],[-108.28824,49.06798],[-108.29257,49.06523],[-108.29768,49.06767],[-108.30235,49.06335],[-108.30305,49.05923],[-108.30478,49.06047],[-108.30615,49.05757],[-108.3161,49.05816],[-108.321,49.05683],[-108.32496,49.06046],[-108.32428,49.06153],[-108.32818,49.0602],[-108.32884,49.05724],[-108.33785,49.05712],[-108.33632,49.06232],[-108.33728,49.0699],[-108.33951,49.07031],[-108.34087,49.07387],[-108.33925,49.07451],[-108.34208,49.07686],[-108.3316,49.08131],[-108.32449,49.07954],[-108.3187,49.08087],[-108.31325,49.08381],[-108.31291,49.0892],[-108.31753,49.09374],[-108.32263,49.09419],[-108.32746,49.09778],[-108.34271,49.10171],[-108.36566,49.09186],[-108.36681,49.0926],[-108.35968,49.09911],[-108.35769,49.10373],[-108.36891,49.10549],[-108.37237,49.10248],[-108.37249,49.09882],[-108.37184,49.09573],[-108.36841,49.09246],[-108.36864,49.08843],[-108.37132,49.08493],[-108.37648,49.08443],[-108.37865,49.08734],[-108.37647,49.09012],[-108.37917,49.09154],[-108.38108,49.1015],[-108.37768,49.10746],[-108.39013,49.1095],[-108.39545,49.1084],[-108.40084,49.10451],[-108.40243,49.10544],[-108.39689,49.10964],[-108.3966,49.11255],[-108.39215,49.11646],[-108.39132,49.11934],[-108.38481,49.12189],[-108.38538,49.12366],[-108.39349,49.12872],[-108.39216,49.13348],[-108.39593,49.13946],[-108.40015,49.14202],[-108.39845,49.15313],[-108.4012,49.15696],[-108.40661,49.15951],[-108.41718,49.16104],[-108.41538,49.16754],[-108.41951,49.16582],[-108.42597,49.16917],[-108.43808,49.17154],[-108.4377,49.17472],[-108.44972,49.17033],[-108.45335,49.16708],[-108.4603,49.16702],[-108.47208,49.1743],[-108.47816,49.17526],[-108.48167,49.17985],[-108.48702,49.18049],[-108.49251,49.1756],[-108.49428,49.17014],[-108.49283,49.16877],[-108.49817,49.1669],[-108.50003,49.16754],[-108.50334,49.17425],[-108.50542,49.17473],[-108.51352,49.17336],[-108.51604,49.16904],[-108.52395,49.16496],[-108.53004,49.16811],[-108.53438,49.16676],[-108.54033,49.16943],[-108.53752,49.18594],[-108.5394,49.19762],[-108.53444,49.20169],[-108.53147,49.20938],[-108.52901,49.21142],[-108.52924,49.22067],[-108.53417,49.22744],[-108.54102,49.23064],[-108.5356,49.23661],[-108.5373,49.24072],[-108.54327,49.24194],[-108.54913,49.24569],[-108.54309,49.25513],[-108.53816,49.25729],[-108.53816,49.26172],[-108.5282,49.26852],[-108.52491,49.26335],[-108.51811,49.26308],[-108.5263,49.2579],[-108.52724,49.25609],[-108.52593,49.24932],[-108.52301,49.2475],[-108.51916,49.24965],[-108.51366,49.24938],[-108.51487,49.25867],[-108.51375,49.25965],[-108.51544,49.26039],[-108.51694,49.26479],[-108.51891,49.2764],[-108.51043,49.28543],[-108.50818,49.28591],[-108.50799,49.28765],[-108.51135,49.28941],[-108.5102,49.29289],[-108.51156,49.29346],[-108.5097,49.29748],[-108.52023,49.30966],[-108.51445,49.31762],[-108.51628,49.32329],[-108.52564,49.32355],[-108.55178,49.32863],[-108.55568,49.33025],[-108.55744,49.33385],[-108.55983,49.33494],[-108.56936,49.33622],[-108.57044,49.34186],[-108.57908,49.34681],[-108.57823,49.349],[-108.58265,49.35675],[-108.60395,49.37182],[-108.60997,49.37366],[-108.62446,49.37323],[-108.63639,49.36861],[-108.64025,49.36371],[-108.64006,49.35622],[-108.6444,49.3505],[-108.65985,49.34128],[-108.66984,49.34306],[-108.67861,49.35119],[-108.70273,49.34943],[-108.75288,49.34899],[-108.7556,49.34961],[-108.76165,49.35678],[-108.7645,49.35777],[-108.7732,49.35073],[-108.78202,49.34897],[-108.78597,49.34673],[-108.78779,49.34338],[-108.79441,49.34083],[-108.80715,49.32444],[-108.81537,49.32338],[-108.84901,49.32865],[-108.85051,49.32962],[-108.84969,49.33148],[-108.86457,49.33551],[-108.87003,49.34307],[-108.8723,49.34928],[-108.88357,49.35345],[-108.88482,49.35878],[-108.89108,49.36135],[-108.89871,49.36202],[-108.9052,49.36716],[-108.90214,49.37561],[-108.89356,49.37706],[-108.88841,49.3807],[-108.88609,49.38535],[-108.88226,49.38515],[-108.87433,49.38864],[-108.87743,49.39062],[-108.87813,49.39454],[-108.87479,49.39718],[-108.88383,49.39798],[-108.88855,49.40008],[-108.89174,49.39643],[-108.89998,49.39608],[-108.90157,49.39891],[-108.8986,49.40048],[-108.89895,49.40463],[-108.89618,49.40517],[-108.89714,49.40675],[-108.90392,49.40981],[-108.90352,49.41445],[-108.9128,49.41456],[-108.91387,49.41486],[-108.91242,49.41605],[-108.91618,49.41795],[-108.91506,49.42081],[-108.9186,49.42394],[-108.91297,49.43065],[-108.91043,49.43648],[-108.91508,49.4465],[-108.91408,49.45095],[-108.91517,49.45572],[-108.91955,49.45783],[-108.92258,49.45707],[-108.92366,49.4548],[-108.93303,49.45178],[-108.93745,49.45534],[-108.94377,49.45737],[-108.94761,49.45509],[-108.94845,49.45018],[-108.95232,49.44947],[-108.95298,49.45307],[-108.95973,49.45396],[-108.96119,49.45701],[-108.96738,49.45833],[-108.96639,49.46054],[-108.96775,49.46283],[-108.96971,49.46467],[-108.97276,49.46464],[-108.97935,49.46037],[-108.97853,49.4555],[-108.98135,49.45539],[-108.98226,49.45116],[-108.9841,49.45039],[-108.97933,49.45005],[-108.97675,49.44709]],[[-107.58258,49.12622],[-107.58033,49.1217],[-107.58341,49.11504],[-107.58125,49.10687],[-107.57776,49.10366],[-107.57104,49.10215],[-107.56538,49.09417],[-107.56194,49.09609],[-107.55854,49.09135],[-107.55225,49.09143],[-107.54724,49.08905],[-107.53259,49.08652],[-107.52072,49.08712],[-107.5067,49.08394],[-107.50809,49.08021],[-107.50503,49.07241],[-107.48934,49.06549],[-107.48445,49.06036],[-107.48281,49.05457],[-107.46022,49.05834],[-107.46101,49.06509],[-107.4576,49.07205],[-107.46256,49.07606],[-107.46109,49.07911],[-107.46714,49.08826],[-107.46586,49.09128],[-107.46834,49.09667],[-107.47522,49.09963],[-107.47514,49.10236],[-107.47857,49.10621],[-107.47839,49.11248],[-107.48108,49.11407],[-107.48982,49.10932],[-107.49915,49.11239],[-107.49964,49.12294],[-107.50543,49.12414],[-107.50259,49.129],[-107.5042,49.13236],[-107.51067,49.1306],[-107.522,49.13538],[-107.52849,49.13548],[-107.5464,49.14162],[-107.54867,49.14179],[-107.55076,49.13914],[-107.55674,49.14056],[-107.55817,49.13908],[-107.56071,49.13996],[-107.56231,49.13789],[-107.57145,49.13714],[-107.57769,49.13969],[-107.58086,49.13634],[-107.57823,49.13261],[-107.58241,49.13089],[-107.58266,49.12902],[-107.58016,49.12785],[-107.58258,49.12622]],[[-110.05222,49.49077],[-110.05121,49.4867],[-110.05451,49.48075],[-110.0549,49.47894],[-110.05308,49.47801],[-110.05433,49.47635],[-110.04796,49.4741],[-110.04071,49.47605],[-110.04196,49.48224],[-110.04003,49.48274],[-110.04367,49.48416],[-110.04482,49.48903],[-110.04731,49.49151],[-110.04569,49.49588],[-110.05222,49.49077]],[[-110.09254,49.27362],[-110.09088,49.27136],[-110.08293,49.27108],[-110.08474,49.27591],[-110.0815,49.27825],[-110.08596,49.28036],[-110.09066,49.2792],[-110.09391,49.28393],[-110.10218,49.28662],[-110.09739,49.27985],[-110.09438,49.27839],[-110.0906,49.27893],[-110.09254,49.27362]],[[-110.21906,49.33097],[-110.20153,49.31626],[-110.19205,49.31668],[-110.18517,49.31348],[-110.17857,49.31475],[-110.1799,49.31701],[-110.17734,49.31803],[-110.18104,49.32198],[-110.19551,49.33101],[-110.20816,49.32847],[-110.21695,49.33135],[-110.21906,49.33097]],[[-109.48517,49.26637],[-109.4791,49.26157],[-109.47611,49.26095],[-109.46798,49.26282],[-109.46426,49.26751],[-109.47047,49.26921],[-109.47648,49.2661],[-109.48277,49.26757],[-109.48517,49.26637]],[[-109.5221,49.2082],[-109.52952,49.20087],[-109.52637,49.19704],[-109.52119,49.19554],[-109.52074,49.19862],[-109.51695,49.19925],[-109.51867,49.21065],[-109.52081,49.21287],[-109.5221,49.2082]],[[-108.86624,49.53494],[-108.86764,49.53819],[-108.86435,49.53956],[-108.86048,49.54495],[-108.86337,49.54738],[-108.8686,49.54636],[-108.87905,49.54989],[-108.88032,49.55147],[-108.87987,49.55527],[-108.87833,49.55593],[-108.8795,49.55726],[-108.88524,49.556],[-108.88812,49.55092],[-108.89315,49.54961],[-108.89412,49.5464],[-108.89307,49.54516],[-108.89578,49.54358],[-108.90009,49.54207],[-108.91171,49.54347],[-108.91087,49.54061],[-108.91459,49.53452],[-108.92643,49.53978],[-108.92951,49.53932],[-108.92855,49.53462],[-108.93581,49.53127],[-108.93732,49.52736],[-108.93896,49.52915],[-108.94477,49.52891],[-108.94562,49.53299],[-108.94805,49.53516],[-108.95866,49.53138],[-108.96128,49.53311],[-108.97081,49.53249],[-108.97079,49.52959],[-108.97844,49.52843],[-108.9833,49.52495],[-108.97998,49.52091],[-108.98184,49.51593],[-108.97342,49.51341],[-108.97347,49.50685],[-108.94709,49.50125],[-108.94027,49.50446],[-108.93965,49.50896],[-108.93511,49.5109],[-108.93511,49.51483],[-108.93361,49.51549],[-108.92923,49.51315],[-108.92087,49.51681],[-108.91845,49.51603],[-108.91182,49.51984],[-108.91165,49.52129],[-108.90642,49.52167],[-108.90128,49.5249],[-108.89332,49.52559],[-108.88402,49.52964],[-108.88172,49.5312],[-108.88338,49.53344],[-108.887,49.53342],[-108.88932,49.53533],[-108.8804,49.54068],[-108.87776,49.54153],[-108.87608,49.54042],[-108.87448,49.53742],[-108.87557,49.53675],[-108.87286,49.53485],[-108.86624,49.53494]],[[-103.29954,47.83166],[-103.30708,47.8329],[-103.3115,47.83633],[-103.32305,47.83476],[-103.32936,47.8359],[-103.33089,47.8374],[-103.32936,47.83954],[-103.33077,47.8404],[-103.32995,47.84227],[-103.33333,47.84488],[-103.3403,47.8439],[-103.35767,47.84644],[-103.36396,47.8439],[-103.37097,47.8441],[-103.37473,47.83983],[-103.37471,47.83844],[-103.37136,47.83843],[-103.36382,47.83384],[-103.368,47.82956],[-103.3669,47.82715],[-103.37048,47.82426],[-103.36699,47.82254],[-103.36723,47.82008],[-103.36968,47.81907],[-103.3682,47.81567],[-103.35684,47.80749],[-103.34974,47.80652],[-103.34843,47.8042],[-103.32784,47.80488],[-103.32583,47.81186],[-103.32546,47.80727],[-103.31362,47.80801],[-103.30766,47.80627],[-103.30665,47.80442],[-103.30193,47.80494],[-103.29629,47.80796],[-103.29774,47.81081],[-103.29527,47.81216],[-103.29342,47.81817],[-103.29051,47.81937],[-103.29129,47.82278],[-103.29331,47.82418],[-103.29357,47.82992],[-103.29792,47.82961],[-103.29954,47.83166]],[[-97.4424,43.69544],[-97.43855,43.69944],[-97.4407,43.70121],[-97.43854,43.70276],[-97.4407,43.70634],[-97.44057,43.71267],[-97.435,43.71307],[-97.43802,43.72486],[-97.44264,43.72697],[-97.44462,43.73088],[-97.44332,43.73339],[-97.44432,43.73436],[-97.44692,43.73414],[-97.44941,43.73689],[-97.4519,43.7361],[-97.4496,43.74107],[-97.45782,43.73992],[-97.46592,43.73492],[-97.46722,43.73149],[-97.46634,43.72906],[-97.46928,43.72634],[-97.46873,43.72357],[-97.47099,43.71946],[-97.46908,43.7172],[-97.48186,43.71446],[-97.48733,43.71604],[-97.49136,43.71298],[-97.49727,43.71457],[-97.49605,43.71027],[-97.50013,43.71016],[-97.50281,43.69772],[-97.50172,43.69634],[-97.50883,43.69772],[-97.50694,43.69584],[-97.50726,43.69302],[-97.51056,43.69243],[-97.50913,43.68818],[-97.51474,43.68576],[-97.51386,43.6797],[-97.52283,43.67264],[-97.521,43.66694],[-97.52249,43.66443],[-97.50843,43.66574],[-97.50845,43.66207],[-97.50652,43.66017],[-97.50069,43.66067],[-97.48369,43.66854],[-97.48435,43.67011],[-97.48091,43.67383],[-97.48117,43.67796],[-97.47805,43.67901],[-97.48092,43.68255],[-97.48172,43.68648],[-97.48744,43.69238],[-97.48488,43.69753],[-97.48211,43.69869],[-97.46865,43.69401],[-97.46963,43.68911],[-97.46769,43.68755],[-97.44761,43.68938],[-97.44829,43.69065],[-97.44125,43.69169],[-97.4429,43.69266],[-97.4424,43.69544]],[[-97.14268,44.35799],[-97.1455,44.35546],[-97.14687,44.35103],[-97.1524,44.35117],[-97.16161,44.34781],[-97.16234,44.34572],[-97.16074,44.34274],[-97.15605,44.34471],[-97.14776,44.34099],[-97.14978,44.33348],[-97.14895,44.33087],[-97.15387,44.32582],[-97.16174,44.32436],[-97.16361,44.32775],[-97.16933,44.32642],[-97.16898,44.31899],[-97.17091,44.31774],[-97.17589,44.31757],[-97.18133,44.3205],[-97.18588,44.31992],[-97.18732,44.32235],[-97.19131,44.31971],[-97.19227,44.31691],[-97.18696,44.31625],[-97.18832,44.31125],[-97.18583,44.30559],[-97.18928,44.30162],[-97.1887,44.29954],[-97.18147,44.29611],[-97.17669,44.29162],[-97.17817,44.28898],[-97.17412,44.28425],[-97.16227,44.27925],[-97.15317,44.28078],[-97.15354,44.27212],[-97.16126,44.27463],[-97.16505,44.27351],[-97.16926,44.26804],[-97.16787,44.26612],[-97.169,44.26279],[-97.16227,44.26035],[-97.15561,44.2608],[-97.15509,44.25925],[-97.15722,44.25711],[-97.15472,44.25385],[-97.14864,44.25003],[-97.14224,44.25015],[-97.13975,44.24781],[-97.14114,44.24304],[-97.15125,44.24202],[-97.15201,44.24037],[-97.14978,44.23584],[-97.15264,44.23033],[-97.14927,44.23032],[-97.13712,44.21618],[-97.13403,44.21697],[-97.1322,44.21387],[-97.12176,44.21239],[-97.11939,44.21266],[-97.12046,44.21811],[-97.1155,44.21822],[-97.11313,44.22063],[-97.1106,44.21974],[-97.11102,44.21797],[-97.1042,44.21607],[-97.09915,44.21816],[-97.09255,44.21842],[-97.08957,44.2167],[-97.0874,44.21854],[-97.08233,44.21769],[-97.08185,44.22051],[-97.07496,44.22446],[-97.06969,44.22377],[-97.06761,44.22852],[-97.07391,44.2302],[-97.06723,44.23524],[-97.07325,44.23551],[-97.07349,44.24001],[-97.06645,44.24147],[-97.06573,44.24303],[-97.06754,44.2446],[-97.06547,44.24582],[-97.05535,44.24661],[-97.05314,44.24993],[-97.04842,44.25038],[-97.04562,44.2535],[-97.04751,44.2562],[-97.0401,44.26188],[-97.03978,44.26401],[-97.04459,44.2685],[-97.04861,44.2761],[-97.05384,44.27593],[-97.05447,44.27873],[-97.05113,44.28009],[-97.05185,44.28228],[-97.04906,44.2887],[-97.0455,44.2883],[-97.04381,44.29376],[-97.05575,44.29467],[-97.05893,44.29633],[-97.06284,44.29508],[-97.06479,44.29009],[-97.0639,44.28684],[-97.07341,44.28434],[-97.0775,44.28671],[-97.07877,44.28944],[-97.0843,44.29204],[-97.08768,44.29727],[-97.09534,44.29343],[-97.1008,44.29649],[-97.10298,44.29187],[-97.10941,44.29349],[-97.1079,44.29873],[-97.11028,44.30049],[-97.10141,44.30268],[-97.0948,44.31699],[-97.09626,44.32002],[-97.10337,44.3228],[-97.10406,44.32446],[-97.10327,44.32672],[-97.09997,44.32744],[-97.10343,44.33037],[-97.10315,44.33499],[-97.09714,44.33853],[-97.09953,44.34756],[-97.10356,44.34726],[-97.10647,44.34866],[-97.10565,44.35131],[-97.11097,44.35131],[-97.12345,44.3564],[-97.12956,44.3554],[-97.13253,44.35696],[-97.13222,44.35968],[-97.13541,44.36031],[-97.14268,44.35799]],[[-97.11412,43.92592],[-97.1079,43.92404],[-97.10864,43.92679],[-97.10573,43.92744],[-97.10434,43.92984],[-97.10084,43.9284],[-97.09977,43.93042],[-97.09653,43.92721],[-97.09179,43.92764],[-97.08766,43.93072],[-97.08174,43.92883],[-97.07916,43.92993],[-97.08068,43.93664],[-97.07981,43.93952],[-97.07552,43.93495],[-97.07227,43.93659],[-97.0711,43.93515],[-97.06355,43.93556],[-97.05754,43.93245],[-97.03876,43.93311],[-97.03295,43.93118],[-97.03033,43.93342],[-97.02775,43.93344],[-97.0236,43.92981],[-97.01425,43.93175],[-97.00727,43.9277],[-97.00773,43.9261],[-96.99609,43.92292],[-96.99202,43.92518],[-96.99022,43.92432],[-96.98832,43.92687],[-96.99608,43.93314],[-97.01257,43.93815],[-97.02148,43.94416],[-97.02366,43.94774],[-97.02858,43.9497],[-97.02914,43.95199],[-97.03327,43.95515],[-97.04978,43.95804],[-97.05662,43.95666],[-97.05803,43.95861],[-97.0642,43.95937],[-97.0645,43.95608],[-97.07707,43.95412],[-97.09231,43.95753],[-97.09789,43.95425],[-97.09802,43.95118],[-97.11009,43.94606],[-97.11725,43.94548],[-97.11696,43.94267],[-97.11384,43.94361],[-97.11106,43.94234],[-97.11089,43.94066],[-97.11692,43.93238],[-97.1167,43.93012],[-97.11974,43.92899],[-97.12033,43.92716],[-97.11656,43.92758],[-97.11412,43.92592]],[[-96.58068,44.01456],[-96.57846,44.01861],[-96.5755,44.01835],[-96.57251,44.02509],[-96.58095,44.02912],[-96.58341,44.03165],[-96.58218,44.0335],[-96.59431,44.03639],[-96.59738,44.03493],[-96.60034,44.03783],[-96.60512,44.03925],[-96.61141,44.03577],[-96.61728,44.03511],[-96.62042,44.03025],[-96.61202,44.02882],[-96.60898,44.03004],[-96.59505,44.01798],[-96.59215,44.01757],[-96.58743,44.01372],[-96.58442,44.01266],[-96.58068,44.01456]],[[-97.041,44.24437],[-97.03573,44.24142],[-97.03531,44.23954],[-97.03713,44.23767],[-97.02441,44.23234],[-97.01326,44.23142],[-97.00299,44.22504],[-96.98747,44.22861],[-96.98321,44.22636],[-96.97988,44.22722],[-96.97357,44.23399],[-96.96883,44.23254],[-96.96919,44.2348],[-96.96587,44.23606],[-96.96558,44.2377],[-96.95928,44.23793],[-96.9539,44.23586],[-96.95179,44.23882],[-96.94785,44.24049],[-96.94482,44.24497],[-96.9492,44.2503],[-96.94766,44.25395],[-96.94804,44.25881],[-96.95382,44.26375],[-96.95087,44.26879],[-96.95302,44.26697],[-96.95929,44.26627],[-96.96459,44.2681],[-96.96608,44.26749],[-96.96573,44.26474],[-96.97144,44.2671],[-96.97854,44.26201],[-96.98455,44.26436],[-96.98427,44.26727],[-96.98688,44.26885],[-96.99597,44.265],[-97.00081,44.26717],[-97.00948,44.26704],[-97.01357,44.26584],[-97.01523,44.2618],[-97.01836,44.25964],[-97.02221,44.26064],[-97.02406,44.25906],[-97.02681,44.2609],[-97.03039,44.25802],[-97.03475,44.26002],[-97.03726,44.25701],[-97.03344,44.25262],[-97.03394,44.2509],[-97.04574,44.24771],[-97.04552,44.24652],[-97.04175,44.24632],[-97.041,44.24437]],[[-97.11111,44.37952],[-97.10492,44.37984],[-97.10276,44.38172],[-97.10446,44.38345],[-97.09444,44.38507],[-97.09319,44.37934],[-97.08766,44.37629],[-97.08724,44.37441],[-97.07202,44.36976],[-97.07102,44.36714],[-97.05717,44.36521],[-97.05023,44.36747],[-97.05143,44.37184],[-97.0477,44.3767],[-97.0503,44.3779],[-97.05016,44.37935],[-97.03888,44.39045],[-97.03294,44.39221],[-97.027,44.38989],[-97.02741,44.39434],[-97.02868,44.39471],[-97.02712,44.39769],[-97.01729,44.40124],[-97.0176,44.40363],[-97.00946,44.40561],[-97.00909,44.40872],[-97.00425,44.40991],[-97.00579,44.41184],[-96.99751,44.41269],[-96.99465,44.42291],[-96.99175,44.42333],[-96.99129,44.42701],[-96.98294,44.42973],[-96.98112,44.42816],[-96.97813,44.43164],[-96.98155,44.43695],[-96.97979,44.44407],[-96.98393,44.44569],[-96.98692,44.44985],[-96.98149,44.45556],[-96.98442,44.46467],[-96.97913,44.47016],[-96.97645,44.46995],[-96.97337,44.47345],[-96.96652,44.47326],[-96.95899,44.46845],[-96.95463,44.46755],[-96.95363,44.47076],[-96.94186,44.47661],[-96.92874,44.47517],[-96.9268,44.47771],[-96.92695,44.4835],[-96.92337,44.48513],[-96.92764,44.48754],[-96.9275,44.48895],[-96.91349,44.49633],[-96.91351,44.5015],[-96.91709,44.50233],[-96.91879,44.50677],[-96.92091,44.50746],[-96.92666,44.50585],[-96.93497,44.50768],[-96.93987,44.50413],[-96.94809,44.50287],[-96.94895,44.51351],[-96.95178,44.51295],[-96.95446,44.51918],[-96.96631,44.52444],[-96.98322,44.52709],[-96.98745,44.53078],[-96.99002,44.53395],[-96.99037,44.54325],[-96.99246,44.54645],[-96.99597,44.54419],[-97.00755,44.54364],[-97.00506,44.53463],[-97.00074,44.52991],[-96.99963,44.52177],[-96.99718,44.52151],[-96.99207,44.51598],[-96.99445,44.51259],[-97.00159,44.5136],[-97.00362,44.51257],[-97.00536,44.51416],[-97.00744,44.51098],[-97.01098,44.51032],[-97.01516,44.51185],[-97.01562,44.5144],[-97.03285,44.51544],[-97.03373,44.51403],[-97.03111,44.51133],[-97.03331,44.51],[-97.0322,44.50795],[-97.03827,44.50721],[-97.04558,44.51021],[-97.05023,44.50824],[-97.05592,44.50878],[-97.05965,44.5095],[-97.05915,44.51155],[-97.06229,44.51322],[-97.06778,44.51135],[-97.06951,44.513],[-97.07496,44.5085],[-97.07336,44.50492],[-97.08192,44.49956],[-97.09047,44.49936],[-97.09391,44.5008],[-97.09993,44.49955],[-97.1039,44.5017],[-97.11018,44.50189],[-97.10678,44.49345],[-97.1108,44.49403],[-97.11225,44.49255],[-97.11134,44.49084],[-97.11589,44.49034],[-97.11609,44.48684],[-97.11839,44.48695],[-97.11928,44.48367],[-97.11682,44.47907],[-97.11394,44.47716],[-97.11574,44.47412],[-97.10796,44.46867],[-97.10845,44.46555],[-97.10427,44.46397],[-97.09995,44.45935],[-97.10414,44.45476],[-97.10281,44.45396],[-97.10215,44.44859],[-97.1056,44.44499],[-97.11975,44.44146],[-97.12235,44.43818],[-97.1284,44.43848],[-97.12874,44.43157],[-97.127,44.42895],[-97.12252,44.42706],[-97.12323,44.42336],[-97.11454,44.42214],[-97.11579,44.41822],[-97.11871,44.41647],[-97.11688,44.41462],[-97.11912,44.41058],[-97.11787,44.40642],[-97.12095,44.40134],[-97.11852,44.39926],[-97.11848,44.39455],[-97.11614,44.39346],[-97.11149,44.38581],[-97.11428,44.38364],[-97.11111,44.37952]],[[-96.96167,44.65501],[-96.95196,44.65895],[-96.9438,44.66467],[-96.93832,44.66547],[-96.93565,44.67413],[-96.931,44.67349],[-96.92479,44.67619],[-96.91162,44.68534],[-96.90998,44.68794],[-96.88692,44.69508],[-96.88362,44.70159],[-96.88554,44.70506],[-96.87819,44.70924],[-96.8778,44.71115],[-96.87298,44.71287],[-96.87479,44.71667],[-96.87338,44.71771],[-96.86635,44.71757],[-96.86703,44.72416],[-96.87245,44.72712],[-96.87648,44.72412],[-96.88071,44.72674],[-96.88788,44.72815],[-96.89191,44.72765],[-96.89116,44.72377],[-96.89524,44.72143],[-96.93667,44.72502],[-96.94245,44.72206],[-96.94668,44.72308],[-96.95063,44.72077],[-96.95236,44.71902],[-96.95093,44.71538],[-96.95754,44.71036],[-96.96641,44.71149],[-96.96755,44.71042],[-96.96581,44.70689],[-96.96702,44.70333],[-96.97229,44.70177],[-96.97224,44.69923],[-96.96788,44.69437],[-96.97315,44.68786],[-96.97456,44.67993],[-96.98057,44.67867],[-96.98505,44.67576],[-96.98307,44.67167],[-96.98456,44.66839],[-96.98683,44.66765],[-96.9847,44.66368],[-96.98616,44.65963],[-96.98161,44.65031],[-96.97699,44.64775],[-96.96931,44.6479],[-96.96167,44.65501]],[[-97.07684,44.66722],[-97.07413,44.66342],[-97.07014,44.66531],[-97.06585,44.66478],[-97.06324,44.65896],[-97.05603,44.65898],[-97.04655,44.66262],[-97.04017,44.6675],[-97.03977,44.66992],[-97.04336,44.67177],[-97.04159,44.67665],[-97.04563,44.67832],[-97.0486,44.68253],[-97.05449,44.68273],[-97.05813,44.68674],[-97.06039,44.68699],[-97.06104,44.69074],[-97.07743,44.69191],[-97.09037,44.688],[-97.09201,44.68616],[-97.09104,44.68491],[-97.09521,44.68201],[-97.09522,44.67575],[-97.09098,44.6754],[-97.09162,44.67319],[-97.08601,44.67221],[-97.08694,44.67068],[-97.08437,44.66743],[-97.08256,44.6667],[-97.08043,44.66854],[-97.07684,44.66722]],[[-97.3545,42.74371],[-97.33993,42.73708],[-97.34051,42.74001],[-97.3351,42.74203],[-97.3289,42.73881],[-97.32124,42.74291],[-97.31603,42.74028],[-97.3131,42.74138],[-97.31678,42.74629],[-97.31639,42.75002],[-97.31078,42.75723],[-97.31461,42.76107],[-97.32528,42.76246],[-97.32823,42.76729],[-97.34121,42.76553],[-97.34079,42.76258],[-97.34466,42.75912],[-97.34639,42.75622],[-97.34546,42.75497],[-97.35574,42.75244],[-97.35713,42.74938],[-97.3545,42.74371]],[[-98.69923,43.75892],[-98.69623,43.76056],[-98.69551,43.76431],[-98.69201,43.76638],[-98.68784,43.76451],[-98.6857,43.7657],[-98.68558,43.77099],[-98.68761,43.77418],[-98.68578,43.77657],[-98.68682,43.77954],[-98.66153,43.78187],[-98.65877,43.78483],[-98.64705,43.78655],[-98.64566,43.79397],[-98.64201,43.80005],[-98.64142,43.80783],[-98.64351,43.80954],[-98.64125,43.81118],[-98.63863,43.82087],[-98.64168,43.82254],[-98.65507,43.82196],[-98.66575,43.82363],[-98.66869,43.81931],[-98.67517,43.81664],[-98.67456,43.82356],[-98.68073,43.82573],[-98.68612,43.82409],[-98.68831,43.82739],[-98.69089,43.82816],[-98.69154,43.8312],[-98.68859,43.83333],[-98.68376,43.83097],[-98.68017,43.83322],[-98.67875,43.83802],[-98.67106,43.84043],[-98.67801,43.84411],[-98.67726,43.84536],[-98.67929,43.84738],[-98.67979,43.85196],[-98.68377,43.8544],[-98.66961,43.8608],[-98.66837,43.86727],[-98.68264,43.86905],[-98.68297,43.87067],[-98.67559,43.87501],[-98.68903,43.88069],[-98.71333,43.89484],[-98.73013,43.9078],[-98.74659,43.90858],[-98.74827,43.90692],[-98.75242,43.90681],[-98.75342,43.90866],[-98.7629,43.91116],[-98.76533,43.90841],[-98.77071,43.90757],[-98.77098,43.90277],[-98.77325,43.89829],[-98.77238,43.89535],[-98.76669,43.89355],[-98.7638,43.88885],[-98.76992,43.88645],[-98.7708,43.88078],[-98.77299,43.87771],[-98.77125,43.87405],[-98.78447,43.86914],[-98.7877,43.87283],[-98.78901,43.86828],[-98.79468,43.86549],[-98.79533,43.86251],[-98.80218,43.86281],[-98.81038,43.85823],[-98.80956,43.85441],[-98.81355,43.85268],[-98.81842,43.85489],[-98.81981,43.85194],[-98.81782,43.85029],[-98.81838,43.84803],[-98.80849,43.84377],[-98.80996,43.84008],[-98.82193,43.8349],[-98.81903,43.83127],[-98.8211,43.82858],[-98.8253,43.82818],[-98.82373,43.82664],[-98.82581,43.82305],[-98.82799,43.82139],[-98.83286,43.82133],[-98.8333,43.81932],[-98.83755,43.81718],[-98.83641,43.81223],[-98.84313,43.81127],[-98.8463,43.80661],[-98.83508,43.80402],[-98.82665,43.79789],[-98.81615,43.79573],[-98.80408,43.78875],[-98.78655,43.78417],[-98.77378,43.77735],[-98.76009,43.77277],[-98.75302,43.7724],[-98.75315,43.77413],[-98.75074,43.77538],[-98.74341,43.77476],[-98.73985,43.77052],[-98.73311,43.76934],[-98.72803,43.7656],[-98.72655,43.76677],[-98.71948,43.76636],[-98.71724,43.76487],[-98.70849,43.76778],[-98.70419,43.7612],[-98.70668,43.75589],[-98.70302,43.75366],[-98.69923,43.75892]],[[-98.74258,44.21531],[-98.7474,44.21639],[-98.75653,44.21382],[-98.75664,44.22029],[-98.76144,44.22032],[-98.76788,44.21766],[-98.76947,44.2163],[-98.7686,44.21417],[-98.77184,44.20707],[-98.77951,44.20663],[-98.78275,44.20467],[-98.78587,44.19369],[-98.78921,44.18929],[-98.79956,44.18233],[-98.79227,44.18207],[-98.79246,44.17679],[-98.78744,44.17669],[-98.78145,44.18028],[-98.77646,44.17965],[-98.77353,44.17478],[-98.77612,44.17142],[-98.77006,44.16828],[-98.76776,44.16956],[-98.76277,44.16379],[-98.75627,44.16666],[-98.75128,44.16966],[-98.74448,44.18043],[-98.74611,44.18148],[-98.74661,44.18613],[-98.74403,44.19192],[-98.74779,44.19272],[-98.73901,44.19836],[-98.74115,44.20156],[-98.73908,44.20374],[-98.74079,44.20513],[-98.74036,44.20905],[-98.74501,44.21195],[-98.74258,44.21531]],[[-99.03561,44.33546],[-99.04443,44.34181],[-99.04382,44.34787],[-99.04967,44.34806],[-99.05881,44.35771],[-99.06125,44.35768],[-99.06903,44.36265],[-99.07513,44.36436],[-99.07792,44.36253],[-99.08224,44.36624],[-99.08317,44.37078],[-99.08144,44.37295],[-99.08576,44.37581],[-99.08388,44.37924],[-99.08077,44.37992],[-99.08244,44.3819],[-99.07536,44.38567],[-99.07818,44.38696],[-99.07925,44.38964],[-99.08521,44.39181],[-99.08745,44.39655],[-99.08727,44.40044],[-99.09569,44.40539],[-99.09342,44.40678],[-99.09351,44.41045],[-99.09685,44.41441],[-99.09574,44.4155],[-99.09946,44.41716],[-99.10257,44.42205],[-99.10185,44.4247],[-99.09686,44.42921],[-99.10406,44.43371],[-99.10361,44.43694],[-99.1086,44.44152],[-99.1127,44.44191],[-99.11315,44.44442],[-99.1277,44.44733],[-99.13214,44.44294],[-99.13822,44.44176],[-99.13901,44.43851],[-99.14457,44.43996],[-99.14607,44.43666],[-99.15181,44.43501],[-99.1523,44.43182],[-99.15556,44.43039],[-99.15881,44.43022],[-99.16216,44.43224],[-99.16474,44.43098],[-99.16383,44.4294],[-99.16749,44.4279],[-99.16851,44.42556],[-99.16553,44.42342],[-99.16469,44.41713],[-99.16588,44.4158],[-99.16803,44.41647],[-99.16958,44.41226],[-99.17255,44.41221],[-99.17594,44.40729],[-99.17817,44.40561],[-99.18048,44.40622],[-99.18361,44.40209],[-99.18712,44.40256],[-99.18916,44.40009],[-99.19583,44.39922],[-99.19698,44.39768],[-99.19244,44.39309],[-99.19477,44.39121],[-99.19329,44.38949],[-99.1944,44.3883],[-99.19308,44.3846],[-99.18461,44.38578],[-99.18218,44.38454],[-99.17905,44.37974],[-99.17404,44.37849],[-99.17426,44.37607],[-99.17086,44.37221],[-99.16164,44.36748],[-99.16107,44.36232],[-99.15657,44.35705],[-99.16244,44.34596],[-99.16244,44.34134],[-99.1535,44.34008],[-99.15135,44.33745],[-99.14731,44.33782],[-99.14144,44.33121],[-99.13622,44.33158],[-99.1332,44.32793],[-99.12844,44.32676],[-99.12564,44.3247],[-99.1273,44.32059],[-99.12066,44.31553],[-99.11934,44.31097],[-99.10705,44.31034],[-99.10132,44.3138],[-99.10008,44.32056],[-99.09568,44.3202],[-99.09256,44.31659],[-99.08391,44.32306],[-99.07696,44.32351],[-99.07488,44.32625],[-99.05824,44.3256],[-99.0545,44.3276],[-99.0522,44.32601],[-99.05034,44.327],[-99.05042,44.32491],[-99.04847,44.32332],[-99.05003,44.3161],[-99.05264,44.31655],[-99.05426,44.31574],[-99.05374,44.31435],[-99.04114,44.31319],[-99.0397,44.31484],[-99.04158,44.31497],[-99.04339,44.31769],[-99.04054,44.32323],[-99.03757,44.32331],[-99.03194,44.32687],[-99.03555,44.33097],[-99.0342,44.33179],[-99.03561,44.33546]],[[-99.39832,44.51111],[-99.39439,44.51916],[-99.38835,44.52087],[-99.3852,44.52687],[-99.38747,44.53169],[-99.38013,44.54048],[-99.37802,44.54526],[-99.3771,44.55497],[-99.38108,44.56696],[-99.37709,44.56845],[-99.37396,44.5667],[-99.36979,44.5684],[-99.37267,44.57179],[-99.373,44.58083],[-99.36773,44.58649],[-99.36376,44.5875],[-99.35927,44.5912],[-99.34995,44.59362],[-99.34816,44.59585],[-99.34174,44.59404],[-99.33485,44.59648],[-99.32883,44.5934],[-99.32445,44.59438],[-99.31395,44.59158],[-99.31179,44.59399],[-99.30804,44.5943],[-99.30707,44.5993],[-99.29976,44.60087],[-99.29546,44.60564],[-99.29063,44.60673],[-99.29105,44.60935],[-99.29584,44.61243],[-99.29363,44.61389],[-99.29289,44.61682],[-99.29534,44.62339],[-99.30179,44.62543],[-99.30431,44.63066],[-99.30819,44.63236],[-99.30684,44.63502],[-99.30934,44.63584],[-99.31386,44.64192],[-99.31513,44.65085],[-99.31832,44.65293],[-99.32282,44.66062],[-99.32783,44.6645],[-99.32663,44.66698],[-99.33885,44.67802],[-99.34374,44.67819],[-99.34627,44.68106],[-99.35083,44.68035],[-99.35811,44.67564],[-99.36005,44.66775],[-99.36611,44.66716],[-99.36836,44.66386],[-99.3724,44.6655],[-99.37067,44.66818],[-99.38074,44.66707],[-99.39552,44.66111],[-99.40334,44.65135],[-99.4171,44.65274],[-99.41958,44.64547],[-99.42582,44.64106],[-99.42604,44.63862],[-99.43321,44.634],[-99.43378,44.63071],[-99.44064,44.62686],[-99.44234,44.62312],[-99.45323,44.62224],[-99.4531,44.61935],[-99.4545,44.61925],[-99.45971,44.62319],[-99.4649,44.62264],[-99.46552,44.62099],[-99.46964,44.6199],[-99.48093,44.60859],[-99.47957,44.60638],[-99.49028,44.60098],[-99.48796,44.59616],[-99.48886,44.59332],[-99.48717,44.5919],[-99.48959,44.59073],[-99.487,44.58672],[-99.48867,44.58422],[-99.48747,44.58239],[-99.48919,44.57437],[-99.49773,44.57084],[-99.4938,44.56884],[-99.49402,44.55469],[-99.50043,44.54535],[-99.50248,44.54471],[-99.50258,44.52385],[-99.49107,44.52353],[-99.48473,44.52031],[-99.47346,44.52016],[-99.47151,44.51604],[-99.46441,44.51295],[-99.45532,44.51317],[-99.44994,44.51094],[-99.44412,44.51325],[-99.44199,44.50967],[-99.43294,44.50922],[-99.43106,44.50517],[-99.43124,44.50117],[-99.43298,44.49961],[-99.43119,44.49714],[-99.42321,44.49822],[-99.41974,44.50344],[-99.41716,44.50223],[-99.41615,44.50332],[-99.4162,44.50651],[-99.41401,44.5058],[-99.41395,44.50391],[-99.40189,44.5014],[-99.39832,44.51111]],[[-97.65115,43.0113],[-97.64945,43.009],[-97.64136,43.00525],[-97.63424,43.00621],[-97.63345,43.00759],[-97.64069,43.01642],[-97.63744,43.01927],[-97.63556,43.01852],[-97.63427,43.02093],[-97.63571,43.02481],[-97.64769,43.02265],[-97.6465,43.01847],[-97.65154,43.01852],[-97.65431,43.01356],[-97.65115,43.0113]],[[-97.77235,43.28988],[-97.76839,43.2885],[-97.76226,43.2899],[-97.75894,43.28784],[-97.75734,43.28879],[-97.75284,43.29357],[-97.75392,43.29797],[-97.74969,43.30067],[-97.74994,43.30297],[-97.74829,43.30407],[-97.74189,43.30263],[-97.73964,43.30363],[-97.73328,43.3024],[-97.73303,43.30351],[-97.73432,43.31075],[-97.73709,43.31081],[-97.73459,43.314],[-97.73416,43.31878],[-97.73758,43.31948],[-97.73743,43.32272],[-97.74509,43.32256],[-97.74391,43.3264],[-97.75141,43.33133],[-97.75198,43.33419],[-97.75714,43.33622],[-97.75712,43.34142],[-97.76139,43.34356],[-97.76211,43.34725],[-97.75928,43.34839],[-97.76449,43.34967],[-97.76827,43.35395],[-97.77309,43.35248],[-97.7745,43.34815],[-97.77726,43.34672],[-97.77711,43.34035],[-97.77234,43.33402],[-97.77729,43.3289],[-97.77642,43.32058],[-97.77443,43.31625],[-97.77032,43.31246],[-97.77285,43.30828],[-97.76892,43.30614],[-97.76792,43.30304],[-97.77235,43.2955],[-97.77107,43.29178],[-97.77235,43.28988]],[[-98.42875,43.59077],[-98.42792,43.59891],[-98.42422,43.60356],[-98.41899,43.60486],[-98.41511,43.60803],[-98.40769,43.62738],[-98.4041,43.6303],[-98.39613,43.64829],[-98.39061,43.65052],[-98.38935,43.6532],[-98.3759,43.66309],[-98.36036,43.66708],[-98.34873,43.66656],[-98.34553,43.66782],[-98.3422,43.67394],[-98.33196,43.68426],[-98.33218,43.69012],[-98.33006,43.69575],[-98.31993,43.69518],[-98.31464,43.6929],[-98.31415,43.68964],[-98.30851,43.6889],[-98.3086,43.69076],[-98.30491,43.69496],[-98.30537,43.70242],[-98.29644,43.70245],[-98.30252,43.71659],[-98.31934,43.7174],[-98.32594,43.72528],[-98.33032,43.72656],[-98.33053,43.73093],[-98.339,43.73224],[-98.33958,43.73517],[-98.34695,43.74122],[-98.34994,43.74601],[-98.352,43.74513],[-98.35131,43.74241],[-98.34482,43.73481],[-98.35196,43.72791],[-98.36399,43.72062],[-98.36444,43.72314],[-98.36646,43.72353],[-98.36554,43.72634],[-98.37547,43.72679],[-98.37653,43.72913],[-98.3785,43.72923],[-98.37867,43.73284],[-98.38291,43.73255],[-98.38401,43.73517],[-98.38902,43.73751],[-98.39762,43.73303],[-98.4004,43.73502],[-98.4226,43.72292],[-98.4297,43.72088],[-98.43088,43.71996],[-98.43025,43.71676],[-98.45015,43.70458],[-98.45583,43.70435],[-98.46032,43.70155],[-98.47653,43.70149],[-98.48417,43.70321],[-98.48645,43.69966],[-98.48142,43.69568],[-98.48225,43.69312],[-98.49619,43.68978],[-98.49514,43.68842],[-98.49698,43.68091],[-98.49437,43.68006],[-98.49388,43.6782],[-98.49527,43.67246],[-98.49065,43.66289],[-98.49263,43.6557],[-98.49175,43.65353],[-98.49518,43.6511],[-98.49629,43.64768],[-98.49942,43.64675],[-98.50062,43.64502],[-98.49971,43.64278],[-98.50237,43.64197],[-98.5009,43.63432],[-98.49891,43.63271],[-98.49724,43.62692],[-98.50042,43.62479],[-98.50279,43.62533],[-98.50276,43.62358],[-98.49334,43.62177],[-98.49377,43.61291],[-98.48782,43.60257],[-98.48373,43.6031],[-98.47784,43.59928],[-98.46995,43.59951],[-98.46863,43.59873],[-98.47055,43.59638],[-98.46891,43.59507],[-98.46286,43.59474],[-98.45873,43.59183],[-98.44426,43.59192],[-98.4408,43.58852],[-98.44049,43.58602],[-98.43556,43.5842],[-98.43357,43.58462],[-98.42875,43.59077]],[[-98.68197,44.1751],[-98.67052,44.17132],[-98.65684,44.17316],[-98.64683,44.17257],[-98.63454,44.17657],[-98.6273,44.17647],[-98.61936,44.18139],[-98.6094,44.18006],[-98.60556,44.18199],[-98.59913,44.1809],[-98.59007,44.18725],[-98.59027,44.18949],[-98.59772,44.18887],[-98.60261,44.19014],[-98.60505,44.1933],[-98.60799,44.19195],[-98.6173,44.19384],[-98.64244,44.18661],[-98.6626,44.1857],[-98.67728,44.1827],[-98.68149,44.17993],[-98.6822,44.17658],[-98.68197,44.1751]],[[-98.59409,44.102],[-98.57945,44.10337],[-98.56922,44.10856],[-98.56936,44.11026],[-98.56788,44.11074],[-98.56016,44.10836],[-98.54557,44.1074],[-98.5429,44.10966],[-98.53401,44.11004],[-98.52713,44.11246],[-98.50954,44.12033],[-98.50364,44.11829],[-98.50299,44.12048],[-98.50849,44.12655],[-98.50932,44.13163],[-98.52378,44.13352],[-98.53142,44.13652],[-98.53944,44.13195],[-98.54541,44.12525],[-98.55378,44.12245],[-98.55697,44.12426],[-98.56305,44.12213],[-98.56781,44.12327],[-98.57487,44.11829],[-98.59491,44.10919],[-98.59708,44.10694],[-98.59409,44.102]],[[-98.30223,44.12426],[-98.3,44.12443],[-98.30071,44.12099],[-98.29435,44.11829],[-98.29327,44.11404],[-98.28917,44.10911],[-98.27845,44.10436],[-98.27142,44.10312],[-98.27087,44.0976],[-98.24034,44.09747],[-98.23634,44.08819],[-98.22484,44.09071],[-98.22406,44.10004],[-98.22043,44.10193],[-98.22082,44.10421],[-98.2189,44.10454],[-98.21934,44.10637],[-98.2219,44.10732],[-98.22059,44.10896],[-98.22285,44.11345],[-98.22743,44.1153],[-98.22776,44.11375],[-98.23389,44.11536],[-98.2373,44.11407],[-98.24867,44.11773],[-98.25083,44.1169],[-98.25108,44.11328],[-98.25512,44.11141],[-98.26697,44.11027],[-98.27239,44.11367],[-98.28036,44.1148],[-98.28963,44.11917],[-98.29125,44.12057],[-98.29214,44.12597],[-98.29595,44.12825],[-98.31114,44.12622],[-98.30223,44.12426]],[[-98.9021,44.3222],[-98.89988,44.32205],[-98.89786,44.32447],[-98.89171,44.32247],[-98.88403,44.32709],[-98.8838,44.33096],[-98.86822,44.33331],[-98.86794,44.33787],[-98.86582,44.33835],[-98.86453,44.34172],[-98.85991,44.34252],[-98.8569,44.34636],[-98.86402,44.35428],[-98.86236,44.35526],[-98.86146,44.35999],[-98.86405,44.36332],[-98.86267,44.36998],[-98.8737,44.3755],[-98.87952,44.38119],[-98.88994,44.38135],[-98.89024,44.37919],[-98.89842,44.37777],[-98.89197,44.37465],[-98.89132,44.36304],[-98.89388,44.35917],[-98.89393,44.35606],[-98.89942,44.35736],[-98.90294,44.36368],[-98.90664,44.36588],[-98.9129,44.36535],[-98.91327,44.36297],[-98.90827,44.36047],[-98.9056,44.35527],[-98.90985,44.35058],[-98.91587,44.34831],[-98.91213,44.34482],[-98.91878,44.34031],[-98.92027,44.34081],[-98.92233,44.33617],[-98.92671,44.33297],[-98.92668,44.33071],[-98.92378,44.33011],[-98.92244,44.32554],[-98.91948,44.32517],[-98.91603,44.32206],[-98.91642,44.31995],[-98.91401,44.31867],[-98.9046,44.31932],[-98.9021,44.3222]],[[-98.30902,44.23486],[-98.30692,44.2334],[-98.30776,44.2304],[-98.30993,44.2297],[-98.30396,44.22541],[-98.30951,44.22573],[-98.30923,44.22381],[-98.30705,44.22253],[-98.30802,44.22076],[-98.30066,44.21685],[-98.30303,44.21345],[-98.30196,44.21003],[-98.30029,44.21004],[-98.296,44.20417],[-98.29418,44.20456],[-98.28925,44.20013],[-98.28246,44.20279],[-98.27862,44.20255],[-98.27536,44.19921],[-98.27233,44.19904],[-98.26887,44.20175],[-98.26436,44.20159],[-98.26276,44.20382],[-98.26395,44.20689],[-98.26094,44.20739],[-98.26154,44.21234],[-98.26321,44.21397],[-98.2571,44.21557],[-98.25109,44.22128],[-98.25856,44.22548],[-98.2554,44.22589],[-98.25458,44.22818],[-98.25941,44.23374],[-98.25729,44.23569],[-98.26117,44.23932],[-98.26007,44.24231],[-98.2612,44.24279],[-98.26685,44.23883],[-98.26969,44.23852],[-98.27443,44.24058],[-98.27612,44.23922],[-98.28147,44.24126],[-98.28637,44.24081],[-98.29423,44.24496],[-98.30725,44.23947],[-98.31347,44.23897],[-98.31377,44.2368],[-98.30902,44.23486]],[[-98.76381,44.33897],[-98.75798,44.34171],[-98.75817,44.34005],[-98.75417,44.3387],[-98.74346,44.34052],[-98.73935,44.33818],[-98.73566,44.34012],[-98.73456,44.3434],[-98.72857,44.34568],[-98.71089,44.34337],[-98.70519,44.34078],[-98.70189,44.3438],[-98.69383,44.34251],[-98.686,44.34367],[-98.68446,44.3415],[-98.68172,44.34124],[-98.67071,44.34537],[-98.67015,44.35005],[-98.66072,44.35257],[-98.66665,44.3604],[-98.66876,44.36659],[-98.67321,44.36452],[-98.67616,44.37036],[-98.67965,44.37076],[-98.68134,44.37305],[-98.6813,44.37677],[-98.68439,44.37973],[-98.69121,44.38183],[-98.70788,44.37694],[-98.71603,44.37263],[-98.73163,44.37013],[-98.73824,44.36702],[-98.74838,44.36573],[-98.75351,44.36255],[-98.75813,44.36199],[-98.75941,44.35567],[-98.76352,44.35706],[-98.76537,44.35621],[-98.76562,44.35352],[-98.77075,44.35356],[-98.76957,44.3504],[-98.76413,44.34859],[-98.76317,44.3463],[-98.76943,44.33986],[-98.76381,44.33897]],[[-98.40398,44.58919],[-98.39985,44.58061],[-98.40021,44.57614],[-98.40261,44.57513],[-98.40104,44.57284],[-98.39163,44.56792],[-98.3891,44.56383],[-98.38438,44.56053],[-98.37622,44.56021],[-98.37421,44.55638],[-98.36018,44.54854],[-98.3462,44.54878],[-98.3447,44.54588],[-98.33601,44.54509],[-98.33315,44.54307],[-98.32596,44.54321],[-98.31721,44.53837],[-98.30096,44.53704],[-98.30336,44.54705],[-98.29923,44.55022],[-98.29415,44.55043],[-98.29208,44.55254],[-98.29281,44.55635],[-98.29726,44.55815],[-98.29779,44.56031],[-98.30871,44.55596],[-98.31072,44.55681],[-98.30918,44.5629],[-98.31174,44.56591],[-98.31093,44.56778],[-98.31577,44.57283],[-98.31866,44.57192],[-98.3265,44.58093],[-98.33097,44.57944],[-98.33611,44.58297],[-98.34129,44.58228],[-98.3424,44.58548],[-98.34681,44.58568],[-98.35148,44.58909],[-98.35675,44.58928],[-98.36005,44.59115],[-98.36225,44.59569],[-98.36856,44.59684],[-98.37277,44.59439],[-98.38322,44.59882],[-98.38607,44.59868],[-98.38764,44.59635],[-98.39391,44.59545],[-98.40398,44.58919]],[[-98.20923,44.47605],[-98.21233,44.47405],[-98.21443,44.46592],[-98.22458,44.46623],[-98.22518,44.46414],[-98.23119,44.46003],[-98.22547,44.45599],[-98.22418,44.45019],[-98.22102,44.44831],[-98.2166,44.44954],[-98.21175,44.44135],[-98.21391,44.44042],[-98.2141,44.43643],[-98.21756,44.43433],[-98.21121,44.43136],[-98.2091,44.43178],[-98.20547,44.43343],[-98.20388,44.43769],[-98.20124,44.43907],[-98.19435,44.43785],[-98.18724,44.43965],[-98.17643,44.44651],[-98.17276,44.44626],[-98.17083,44.45016],[-98.18518,44.4585],[-98.19279,44.46937],[-98.19506,44.47622],[-98.20102,44.47839],[-98.20923,44.47605]],[[-98.07853,44.53518],[-98.07596,44.53464],[-98.0724,44.53638],[-98.06466,44.53319],[-98.05322,44.53203],[-98.04908,44.53609],[-98.04951,44.5399],[-98.04081,44.53988],[-98.03327,44.54215],[-98.03582,44.54672],[-98.03557,44.5492],[-98.04005,44.55084],[-98.04303,44.559],[-98.05755,44.56051],[-98.06459,44.55802],[-98.0717,44.55982],[-98.07526,44.55893],[-98.08581,44.56113],[-98.08947,44.56423],[-98.09489,44.56355],[-98.10051,44.56621],[-98.11717,44.55998],[-98.11634,44.55692],[-98.11165,44.55477],[-98.11256,44.55174],[-98.09245,44.5494],[-98.09266,44.54686],[-98.08838,44.54495],[-98.08934,44.53959],[-98.08817,44.53728],[-98.085,44.53533],[-98.07853,44.53518]],[[-98.19608,44.70677],[-98.19626,44.70547],[-98.18998,44.70476],[-98.18367,44.69601],[-98.17839,44.69419],[-98.17742,44.69039],[-98.17085,44.69025],[-98.15925,44.6824],[-98.154,44.68298],[-98.14801,44.67862],[-98.1391,44.68334],[-98.13696,44.68231],[-98.13484,44.68434],[-98.12869,44.68305],[-98.12664,44.68016],[-98.12454,44.68007],[-98.11984,44.68687],[-98.11058,44.69457],[-98.10959,44.69858],[-98.11208,44.70069],[-98.10921,44.70548],[-98.10021,44.70827],[-98.10127,44.7097],[-98.09912,44.71098],[-98.09868,44.71443],[-98.09869,44.73014],[-98.0998,44.73179],[-98.10477,44.73218],[-98.10957,44.73034],[-98.11903,44.73283],[-98.1232,44.73122],[-98.12484,44.72804],[-98.13025,44.7262],[-98.132,44.72804],[-98.13469,44.72395],[-98.13707,44.72657],[-98.13968,44.72684],[-98.14281,44.72378],[-98.14907,44.72186],[-98.15103,44.72655],[-98.15851,44.72836],[-98.16069,44.73028],[-98.16147,44.729],[-98.16419,44.73],[-98.16473,44.73298],[-98.16748,44.73448],[-98.1705,44.72987],[-98.17469,44.73113],[-98.18198,44.72873],[-98.18444,44.7265],[-98.18095,44.72347],[-98.18344,44.72182],[-98.1928,44.71915],[-98.20031,44.71938],[-98.20059,44.70929],[-98.19608,44.70677]],[[-98.09621,45.20952],[-98.09746,45.20876],[-98.09703,45.20627],[-98.08483,45.20502],[-98.08093,45.2021],[-98.07099,45.20385],[-98.06911,45.20253],[-98.06635,45.20418],[-98.05725,45.20018],[-98.04809,45.20395],[-98.04216,45.20442],[-98.06193,45.20639],[-98.0641,45.20733],[-98.06561,45.21216],[-98.06991,45.2117],[-98.07262,45.21424],[-98.07225,45.2178],[-98.07471,45.21982],[-98.0855,45.22142],[-98.08884,45.22073],[-98.09438,45.21601],[-98.09621,45.20952]],[[-98.78122,44.90134],[-98.7854,44.89918],[-98.77918,44.89707],[-98.77903,44.89458],[-98.78328,44.89377],[-98.7819,44.89229],[-98.78483,44.88828],[-98.78226,44.8866],[-98.78383,44.88417],[-98.78151,44.87952],[-98.78288,44.87806],[-98.77859,44.87705],[-98.77799,44.87502],[-98.77438,44.87371],[-98.77566,44.87149],[-98.77334,44.86774],[-98.77611,44.86694],[-98.77659,44.86275],[-98.77876,44.8614],[-98.77618,44.85808],[-98.77348,44.85787],[-98.77214,44.85457],[-98.76966,44.8532],[-98.76638,44.85514],[-98.76334,44.85346],[-98.75974,44.85432],[-98.76064,44.85226],[-98.75402,44.84906],[-98.75196,44.85124],[-98.74891,44.85138],[-98.74759,44.84886],[-98.74019,44.85128],[-98.73847,44.84883],[-98.73105,44.84736],[-98.72493,44.84185],[-98.72298,44.84183],[-98.72298,44.84543],[-98.71892,44.84708],[-98.72055,44.84809],[-98.71919,44.84931],[-98.71456,44.85092],[-98.71414,44.85212],[-98.71657,44.85361],[-98.71937,44.85302],[-98.71984,44.85538],[-98.71344,44.85942],[-98.71302,44.8639],[-98.71063,44.86618],[-98.70612,44.86657],[-98.70873,44.87087],[-98.70828,44.87323],[-98.71551,44.87729],[-98.71479,44.8794],[-98.71698,44.88369],[-98.72984,44.88743],[-98.73213,44.88537],[-98.73463,44.88803],[-98.73067,44.89089],[-98.73195,44.89254],[-98.73448,44.89119],[-98.75093,44.89091],[-98.75115,44.89428],[-98.75716,44.89588],[-98.75712,44.89832],[-98.75944,44.89984],[-98.7563,44.9016],[-98.76295,44.90441],[-98.76137,44.90615],[-98.77608,44.91278],[-98.78735,44.90886],[-98.78853,44.90537],[-98.7815,44.9036],[-98.78122,44.90134]],[[-99.10502,44.48061],[-99.10051,44.47291],[-99.10247,44.47106],[-99.10074,44.46967],[-99.09679,44.46872],[-99.08839,44.47153],[-99.08249,44.47133],[-99.07617,44.47832],[-99.0728,44.47828],[-99.06125,44.48693],[-99.06213,44.48804],[-99.07044,44.48761],[-99.10211,44.48294],[-99.10502,44.48061]],[[-99.08939,45.72584],[-99.08796,45.72484],[-99.08425,45.72599],[-99.0839,45.72963],[-99.07656,45.72797],[-99.0754,45.73009],[-99.07332,45.73032],[-99.05726,45.72295],[-99.03777,45.72451],[-99.03738,45.72652],[-99.03994,45.72808],[-99.04166,45.73218],[-99.05079,45.73425],[-99.05662,45.73879],[-99.06474,45.73933],[-99.07986,45.73656],[-99.08872,45.73721],[-99.09101,45.73509],[-99.0932,45.72833],[-99.09263,45.72581],[-99.08939,45.72584]],[[-98.70464,45.48912],[-98.70456,45.48276],[-98.70793,45.47951],[-98.70741,45.47603],[-98.71,45.47516],[-98.70986,45.47377],[-98.71302,45.47444],[-98.71373,45.47145],[-98.7201,45.46789],[-98.72199,45.46285],[-98.72027,45.46251],[-98.7207,45.45929],[-98.72362,45.45918],[-98.72578,45.45639],[-98.71988,45.45217],[-98.72049,45.45016],[-98.71832,45.44951],[-98.71792,45.44754],[-98.71369,45.44812],[-98.70783,45.44549],[-98.69881,45.44617],[-98.69775,45.43947],[-98.69,45.43527],[-98.68131,45.43378],[-98.68234,45.43221],[-98.68524,45.43203],[-98.68275,45.4303],[-98.68501,45.4241],[-98.68417,45.42309],[-98.68636,45.42163],[-98.68443,45.41933],[-98.68799,45.41339],[-98.68527,45.41178],[-98.68429,45.40743],[-98.68872,45.40802],[-98.69148,45.40622],[-98.69032,45.40488],[-98.69184,45.40369],[-98.69146,45.4018],[-98.6895,45.39802],[-98.69306,45.39662],[-98.6974,45.39179],[-98.69521,45.39008],[-98.69615,45.3887],[-98.70213,45.38549],[-98.69807,45.38368],[-98.69613,45.38061],[-98.69738,45.3782],[-98.70113,45.37704],[-98.70133,45.36225],[-98.69527,45.362],[-98.69048,45.35922],[-98.69173,45.35381],[-98.6865,45.34911],[-98.6839,45.34844],[-98.68081,45.34993],[-98.6775,45.34736],[-98.67772,45.34523],[-98.67362,45.34371],[-98.66892,45.34579],[-98.66551,45.34265],[-98.66235,45.34322],[-98.66146,45.34074],[-98.66502,45.33672],[-98.66315,45.33258],[-98.66415,45.33054],[-98.66747,45.3303],[-98.66771,45.32594],[-98.6615,45.325],[-98.66163,45.32293],[-98.65599,45.32266],[-98.65206,45.31275],[-98.64828,45.3122],[-98.64674,45.30857],[-98.64373,45.30782],[-98.64585,45.30596],[-98.645,45.30474],[-98.64098,45.30639],[-98.63577,45.30378],[-98.63446,45.30097],[-98.63883,45.29908],[-98.6368,45.295],[-98.64173,45.29485],[-98.64442,45.29225],[-98.64172,45.29103],[-98.64371,45.28849],[-98.64184,45.28536],[-98.64491,45.28292],[-98.63974,45.27914],[-98.6398,45.27131],[-98.63812,45.2703],[-98.63974,45.26527],[-98.62665,45.26676],[-98.61914,45.26362],[-98.6109,45.26518],[-98.59959,45.25683],[-98.60075,45.2551],[-98.59742,45.25543],[-98.59601,45.25764],[-98.58722,45.25745],[-98.58515,45.26078],[-98.57793,45.25999],[-98.57736,45.27192],[-98.57485,45.27492],[-98.57505,45.27935],[-98.57124,45.28909],[-98.58917,45.29044],[-98.59392,45.29991],[-98.60085,45.30215],[-98.59948,45.30716],[-98.6023,45.31002],[-98.60161,45.31393],[-98.60376,45.31428],[-98.60359,45.31584],[-98.59933,45.31779],[-98.6001,45.32519],[-98.59374,45.32922],[-98.59413,45.33183],[-98.59084,45.33219],[-98.59025,45.33431],[-98.59216,45.33655],[-98.59,45.33728],[-98.59092,45.33837],[-98.58715,45.34605],[-98.58989,45.34717],[-98.58914,45.34819],[-98.59109,45.35045],[-98.589,45.35456],[-98.58516,45.35526],[-98.58591,45.36169],[-98.58364,45.36531],[-98.58313,45.37176],[-98.58429,45.37538],[-98.57776,45.37958],[-98.57726,45.38851],[-98.57362,45.38917],[-98.57442,45.39245],[-98.57295,45.39399],[-98.57514,45.39635],[-98.58398,45.39909],[-98.58451,45.40161],[-98.59747,45.40224],[-98.59833,45.40518],[-98.60172,45.40629],[-98.61002,45.4062],[-98.61135,45.41106],[-98.62292,45.41192],[-98.63253,45.41995],[-98.63613,45.4168],[-98.63923,45.41751],[-98.63956,45.42259],[-98.63485,45.42261],[-98.63432,45.42391],[-98.63961,45.42557],[-98.64098,45.42853],[-98.63597,45.43007],[-98.63986,45.43749],[-98.63992,45.44577],[-98.64254,45.45328],[-98.65417,45.45469],[-98.65555,45.45702],[-98.65981,45.45768],[-98.66036,45.46298],[-98.66716,45.46461],[-98.66822,45.46336],[-98.67053,45.46711],[-98.66425,45.46805],[-98.66448,45.46968],[-98.66135,45.47268],[-98.67857,45.47545],[-98.68067,45.47739],[-98.68102,45.4883],[-98.69422,45.48999],[-98.6964,45.48795],[-98.70464,45.48912]],[[-98.93464,45.20678],[-98.93386,45.20497],[-98.93582,45.20193],[-98.93268,45.20154],[-98.93069,45.20299],[-98.92836,45.19956],[-98.92621,45.20016],[-98.92387,45.19694],[-98.91451,45.19537],[-98.91041,45.20182],[-98.89529,45.20291],[-98.88951,45.20119],[-98.88559,45.20318],[-98.88217,45.20283],[-98.8831,45.20387],[-98.88113,45.20844],[-98.8853,45.20949],[-98.89232,45.20815],[-98.89659,45.21063],[-98.90027,45.21552],[-98.90973,45.21719],[-98.91387,45.21447],[-98.91445,45.20819],[-98.92471,45.20764],[-98.92545,45.20575],[-98.93268,45.20874],[-98.93696,45.20722],[-98.93464,45.20678]],[[-97.95233,45.48022],[-97.94412,45.48556],[-97.93295,45.4867],[-97.9338,45.48373],[-97.93213,45.48219],[-97.91871,45.48053],[-97.91414,45.47828],[-97.90897,45.47956],[-97.89907,45.4786],[-97.89776,45.47123],[-97.89098,45.46867],[-97.8849,45.47088],[-97.87712,45.47007],[-97.87542,45.46863],[-97.8702,45.47147],[-97.85865,45.47209],[-97.84724,45.47515],[-97.84268,45.47791],[-97.84057,45.48382],[-97.83636,45.48759],[-97.82609,45.49024],[-97.78626,45.48914],[-97.77867,45.48598],[-97.7708,45.48505],[-97.76712,45.48157],[-97.76183,45.48117],[-97.76079,45.47792],[-97.75741,45.47825],[-97.76004,45.48111],[-97.75952,45.4835],[-97.76124,45.48628],[-97.7756,45.49344],[-97.77873,45.49671],[-97.77957,45.5003],[-97.78585,45.50072],[-97.78589,45.50394],[-97.79034,45.51271],[-97.79023,45.5181],[-97.79557,45.51928],[-97.79988,45.52403],[-97.80582,45.51927],[-97.8262,45.51326],[-97.83662,45.50792],[-97.83702,45.50585],[-97.84782,45.50355],[-97.85104,45.50561],[-97.85652,45.50518],[-97.85695,45.50793],[-97.86183,45.51038],[-97.87678,45.51558],[-97.88186,45.51539],[-97.88174,45.51715],[-97.88613,45.51969],[-97.89638,45.52367],[-97.90781,45.5213],[-97.90913,45.52055],[-97.90815,45.51887],[-97.91591,45.51602],[-97.92512,45.52165],[-97.92612,45.51782],[-97.94343,45.51019],[-97.94522,45.50573],[-97.94839,45.50295],[-97.94922,45.50545],[-97.95385,45.50613],[-97.95368,45.50917],[-97.95556,45.51156],[-97.96006,45.51033],[-97.96484,45.51231],[-97.97145,45.51191],[-97.97695,45.5143],[-97.98656,45.51469],[-97.98814,45.51209],[-97.9951,45.51145],[-97.98998,45.49717],[-97.98034,45.49277],[-97.98199,45.48762],[-97.97949,45.48451],[-97.97555,45.48219],[-97.96733,45.48661],[-97.96207,45.48477],[-97.96184,45.48103],[-97.95924,45.48185],[-97.95233,45.48022]],[[-98.40757,45.40097],[-98.43352,45.40097],[-98.43358,45.38668],[-98.44306,45.3866],[-98.44407,45.38332],[-98.45314,45.37798],[-98.454,45.37092],[-98.45673,45.36995],[-98.45888,45.36535],[-98.46307,45.3631],[-98.45369,45.36146],[-98.45103,45.35805],[-98.44709,45.35921],[-98.44454,45.35828],[-98.44328,45.36088],[-98.44457,45.36197],[-98.442,45.3659],[-98.44351,45.36769],[-98.44239,45.36916],[-98.43489,45.36957],[-98.43164,45.37416],[-98.42805,45.37157],[-98.41545,45.36854],[-98.40553,45.3739],[-98.40005,45.37218],[-98.39624,45.37452],[-98.39775,45.37829],[-98.39132,45.38253],[-98.39094,45.38587],[-98.39407,45.38799],[-98.38957,45.3913],[-98.39162,45.39446],[-98.39548,45.39439],[-98.39553,45.397],[-98.39296,45.40035],[-98.40757,45.40097]],[[-97.76548,45.6198],[-97.76651,45.62291],[-97.77173,45.62488],[-97.77854,45.62565],[-97.78429,45.62376],[-97.79868,45.62505],[-97.80758,45.62925],[-97.81031,45.62885],[-97.80939,45.62248],[-97.80761,45.62067],[-97.79055,45.61152],[-97.78501,45.61099],[-97.78202,45.60893],[-97.77427,45.61119],[-97.77229,45.61486],[-97.76054,45.61542],[-97.76548,45.6198]],[[-97.6034,45.75902],[-97.59186,45.757],[-97.59132,45.7542],[-97.58875,45.75367],[-97.58588,45.74971],[-97.58905,45.74645],[-97.58642,45.74521],[-97.58435,45.74602],[-97.58562,45.74304],[-97.58365,45.73983],[-97.57872,45.74097],[-97.57132,45.73699],[-97.56351,45.74101],[-97.56472,45.74452],[-97.56198,45.74863],[-97.56513,45.74976],[-97.56217,45.75691],[-97.56362,45.76207],[-97.56973,45.7622],[-97.57115,45.76373],[-97.56964,45.7651],[-97.57101,45.76751],[-97.57551,45.76508],[-97.57944,45.76585],[-97.585,45.76966],[-97.60059,45.77019],[-97.60612,45.7731],[-97.6263,45.7775],[-97.63044,45.78033],[-97.64237,45.78303],[-97.64831,45.78917],[-97.65761,45.79086],[-97.66015,45.79254],[-97.66239,45.79737],[-97.66547,45.79864],[-97.67368,45.79789],[-97.67948,45.79455],[-97.67758,45.79116],[-97.66483,45.79076],[-97.65503,45.78017],[-97.64754,45.77873],[-97.63966,45.77372],[-97.6325,45.77189],[-97.62966,45.76751],[-97.62663,45.76848],[-97.61946,45.76704],[-97.62104,45.76437],[-97.61549,45.76019],[-97.6034,45.75902]],[[-98.4603,46.2629],[-98.46182,46.26024],[-98.46566,46.25901],[-98.45763,46.25349],[-98.45519,46.24969],[-98.45547,46.24398],[-98.44712,46.24108],[-98.44688,46.23952],[-98.45345,46.23495],[-98.45033,46.23197],[-98.44756,46.23284],[-98.44383,46.23076],[-98.44167,46.23071],[-98.43809,46.2338],[-98.43355,46.23197],[-98.42977,46.23153],[-98.42743,46.23295],[-98.42467,46.23168],[-98.42479,46.23566],[-98.42246,46.23564],[-98.42202,46.23728],[-98.42415,46.24047],[-98.42113,46.24222],[-98.41606,46.24131],[-98.41853,46.24625],[-98.41707,46.24936],[-98.41844,46.25531],[-98.4098,46.25538],[-98.40318,46.25751],[-98.40135,46.2552],[-98.39795,46.25541],[-98.39794,46.247],[-98.40061,46.24262],[-98.39392,46.2381],[-98.39319,46.23524],[-98.3948,46.23411],[-98.39379,46.23119],[-98.39503,46.22876],[-98.398,46.22883],[-98.39863,46.22698],[-98.39848,46.21962],[-98.39478,46.21795],[-98.38906,46.212],[-98.38327,46.21231],[-98.37777,46.20952],[-98.3781,46.19627],[-98.38173,46.19588],[-98.38315,46.19103],[-98.38254,46.1886],[-98.37254,46.18542],[-98.37797,46.18143],[-98.37832,46.17644],[-98.3859,46.17535],[-98.3804,46.17255],[-98.37613,46.16806],[-98.36772,46.16949],[-98.36275,46.16406],[-98.36377,46.1622],[-98.3601,46.15841],[-98.35006,46.15146],[-98.34265,46.15089],[-98.34248,46.14817],[-98.33852,46.14629],[-98.33311,46.14019],[-98.31929,46.13774],[-98.31708,46.13208],[-98.31516,46.1321],[-98.31551,46.12676],[-98.31756,46.126],[-98.318,46.12365],[-98.3241,46.12394],[-98.32702,46.11917],[-98.32553,46.11596],[-98.33113,46.1143],[-98.33471,46.11659],[-98.33661,46.11445],[-98.33545,46.10955],[-98.3367,46.10809],[-98.34027,46.10855],[-98.33966,46.10568],[-98.34881,46.10081],[-98.3506,46.09687],[-98.36034,46.09508],[-98.35906,46.09123],[-98.36188,46.08812],[-98.35933,46.08762],[-98.35951,46.07713],[-98.35685,46.07274],[-98.36015,46.06981],[-98.36942,46.06742],[-98.36247,46.06652],[-98.35853,46.0636],[-98.35801,46.06141],[-98.35271,46.05906],[-98.35324,46.05754],[-98.35182,46.0567],[-98.35916,46.05131],[-98.3598,46.04163],[-98.35122,46.03838],[-98.35133,46.03605],[-98.34851,46.03336],[-98.34269,46.03215],[-98.34112,46.02861],[-98.33555,46.02924],[-98.33102,46.02674],[-98.32286,46.04454],[-98.32115,46.04494],[-98.31663,46.05228],[-98.31284,46.05208],[-98.31236,46.05513],[-98.30705,46.06043],[-98.3073,46.06579],[-98.30526,46.06896],[-98.3066,46.07107],[-98.30464,46.0747],[-98.3058,46.07539],[-98.30215,46.0811],[-98.30335,46.08284],[-98.29959,46.08275],[-98.29648,46.08761],[-98.2926,46.0881],[-98.29061,46.09463],[-98.2863,46.09524],[-98.28642,46.09744],[-98.28145,46.09533],[-98.27857,46.09659],[-98.28108,46.09857],[-98.27693,46.10152],[-98.27556,46.10735],[-98.27174,46.10908],[-98.27296,46.11254],[-98.2621,46.11648],[-98.26468,46.1187],[-98.25864,46.12116],[-98.25762,46.12381],[-98.2532,46.1248],[-98.25558,46.12808],[-98.25236,46.12855],[-98.24725,46.13427],[-98.23852,46.14017],[-98.23795,46.14138],[-98.24047,46.14157],[-98.23872,46.14397],[-98.23519,46.14483],[-98.22937,46.1515],[-98.22854,46.15569],[-98.23286,46.16238],[-98.23227,46.16402],[-98.22777,46.1677],[-98.22164,46.16803],[-98.21931,46.17044],[-98.21628,46.16973],[-98.21293,46.17458],[-98.21041,46.1757],[-98.21203,46.17859],[-98.20996,46.1799],[-98.21127,46.18113],[-98.21005,46.18264],[-98.21647,46.1861],[-98.21464,46.18706],[-98.21471,46.18957],[-98.21178,46.19369],[-98.21975,46.19776],[-98.22704,46.19522],[-98.22946,46.19771],[-98.24728,46.19591],[-98.24887,46.19363],[-98.25137,46.19497],[-98.25186,46.20027],[-98.25603,46.20556],[-98.25302,46.20841],[-98.25615,46.21198],[-98.27152,46.21636],[-98.2764,46.22301],[-98.27334,46.22374],[-98.27109,46.22747],[-98.27672,46.2328],[-98.28947,46.23663],[-98.29241,46.23472],[-98.3002,46.23906],[-98.30895,46.251],[-98.31499,46.25503],[-98.31525,46.2626],[-98.32124,46.26129],[-98.3214,46.25867],[-98.32395,46.25685],[-98.32715,46.25693],[-98.33461,46.26411],[-98.34706,46.26707],[-98.35532,46.26497],[-98.35958,46.26546],[-98.36186,46.26143],[-98.36528,46.26275],[-98.36518,46.26485],[-98.368,46.26517],[-98.38979,46.26389],[-98.39305,46.26862],[-98.38981,46.27055],[-98.38903,46.27781],[-98.39537,46.27837],[-98.39658,46.28089],[-98.40317,46.28052],[-98.40488,46.27905],[-98.40805,46.28315],[-98.41696,46.28226],[-98.42261,46.27873],[-98.42619,46.27886],[-98.43012,46.28126],[-98.43375,46.27772],[-98.43704,46.27992],[-98.45449,46.28058],[-98.46105,46.27764],[-98.46304,46.27866],[-98.46669,46.27476],[-98.46247,46.26809],[-98.46372,46.26541],[-98.4603,46.2629]],[[-98.71614,45.82836],[-98.72298,45.8235],[-98.71969,45.81804],[-98.72261,45.81595],[-98.72178,45.81447],[-98.72308,45.81361],[-98.72107,45.81017],[-98.71264,45.80935],[-98.71625,45.80523],[-98.71277,45.80298],[-98.71338,45.79906],[-98.70913,45.79821],[-98.71017,45.80131],[-98.70589,45.80116],[-98.7025,45.80588],[-98.69527,45.80467],[-98.69354,45.80585],[-98.69187,45.80342],[-98.68545,45.80475],[-98.68483,45.81018],[-98.68909,45.81186],[-98.68933,45.81494],[-98.69526,45.81192],[-98.69749,45.81223],[-98.69937,45.81899],[-98.70342,45.8198],[-98.70252,45.82442],[-98.69469,45.82778],[-98.70117,45.82956],[-98.70592,45.82879],[-98.70612,45.83398],[-98.70968,45.83686],[-98.71402,45.83763],[-98.71797,45.83599],[-98.71504,45.83324],[-98.71655,45.83163],[-98.71614,45.82836]],[[-98.97886,45.85295],[-98.9733,45.84577],[-98.95997,45.84452],[-98.91835,45.82412],[-98.91161,45.82425],[-98.90226,45.822],[-98.89902,45.81927],[-98.88449,45.81666],[-98.8661,45.8212],[-98.86488,45.81915],[-98.86672,45.81773],[-98.86539,45.81624],[-98.8585,45.81487],[-98.8561,45.8122],[-98.8483,45.81103],[-98.84778,45.80724],[-98.84455,45.8038],[-98.83789,45.80511],[-98.83082,45.80168],[-98.82341,45.80213],[-98.82076,45.80025],[-98.81445,45.79943],[-98.81442,45.80585],[-98.82281,45.81228],[-98.8232,45.81466],[-98.83576,45.81923],[-98.8419,45.82304],[-98.8436,45.8262],[-98.85867,45.82311],[-98.86076,45.82419],[-98.85978,45.82608],[-98.8613,45.82786],[-98.86924,45.8314],[-98.87948,45.83131],[-98.88322,45.83459],[-98.90012,45.83513],[-98.91553,45.84219],[-98.93085,45.84648],[-98.94575,45.85503],[-98.96791,45.85362],[-98.97352,45.85481],[-98.97886,45.85295]],[[-99.06319,46.90245],[-99.05935,46.8994],[-99.04258,46.9016],[-99.03377,46.89753],[-99.0183,46.89946],[-99.02082,46.90595],[-99.02989,46.90525],[-99.03661,46.90804],[-99.04469,46.90484],[-99.05315,46.90651],[-99.05443,46.90383],[-99.0597,46.90389],[-99.06235,46.90564],[-99.0678,46.9041],[-99.06576,46.90224],[-99.06319,46.90245]],[[-97.95324,42.77445],[-97.95462,42.77615],[-97.96204,42.77244],[-97.95207,42.77063],[-97.95083,42.77288],[-97.95324,42.77445]],[[-97.8736,42.84356],[-97.87465,42.84469],[-97.87744,42.84377],[-97.87582,42.83626],[-97.87797,42.83499],[-97.87665,42.83358],[-97.87461,42.83346],[-97.8686,42.84219],[-97.8736,42.84356]],[[-102.95049,42.6653],[-102.94303,42.65609],[-102.93155,42.65312],[-102.92355,42.64884],[-102.91634,42.63547],[-102.9112,42.63052],[-102.90396,42.62822],[-102.88966,42.61678],[-102.88532,42.61674],[-102.88237,42.61887],[-102.88358,42.62043],[-102.87834,42.62285],[-102.87304,42.6188],[-102.85919,42.61501],[-102.84755,42.60708],[-102.84485,42.60371],[-102.8451,42.60139],[-102.83941,42.59651],[-102.8324,42.59428],[-102.82899,42.58905],[-102.82162,42.58627],[-102.81342,42.57956],[-102.79183,42.57966],[-102.784,42.57805],[-102.77451,42.57857],[-102.76984,42.58051],[-102.76908,42.58292],[-102.75586,42.58128],[-102.75009,42.58692],[-102.74609,42.5874],[-102.73964,42.59157],[-102.72458,42.59229],[-102.7148,42.59899],[-102.71651,42.60117],[-102.71251,42.60152],[-102.70553,42.602],[-102.70337,42.60012],[-102.70034,42.60173],[-102.69261,42.60012],[-102.67771,42.59228],[-102.67239,42.59511],[-102.66418,42.59185],[-102.65589,42.58573],[-102.64385,42.58363],[-102.64134,42.58425],[-102.64157,42.58924],[-102.63373,42.59011],[-102.62829,42.594],[-102.6253,42.59415],[-102.6198,42.5901],[-102.61582,42.59503],[-102.61569,42.59754],[-102.62286,42.6018],[-102.62879,42.60179],[-102.6358,42.60542],[-102.64593,42.60775],[-102.65119,42.60548],[-102.65871,42.60979],[-102.66123,42.61589],[-102.67663,42.62466],[-102.67544,42.62829],[-102.67829,42.62924],[-102.68244,42.62848],[-102.686,42.63061],[-102.68904,42.6283],[-102.69149,42.62894],[-102.69476,42.62523],[-102.69849,42.62648],[-102.70067,42.62488],[-102.70804,42.62995],[-102.7149,42.63068],[-102.72024,42.62938],[-102.72514,42.63103],[-102.73308,42.63631],[-102.73521,42.63566],[-102.74062,42.63829],[-102.7424,42.64143],[-102.7455,42.64269],[-102.75421,42.63985],[-102.76387,42.64221],[-102.76719,42.64052],[-102.78184,42.64497],[-102.78881,42.64435],[-102.79335,42.64787],[-102.79386,42.65285],[-102.80026,42.65212],[-102.80285,42.65026],[-102.81064,42.6509],[-102.81519,42.65669],[-102.83186,42.66331],[-102.83866,42.67529],[-102.84513,42.68246],[-102.84731,42.68171],[-102.85755,42.6867],[-102.86261,42.68665],[-102.86202,42.68419],[-102.85974,42.6837],[-102.86296,42.68049],[-102.8665,42.68062],[-102.86706,42.67646],[-102.87537,42.68073],[-102.88059,42.67803],[-102.89874,42.68206],[-102.90873,42.67964],[-102.90779,42.67565],[-102.90925,42.67234],[-102.91286,42.67296],[-102.91805,42.66945],[-102.92621,42.66983],[-102.93074,42.668],[-102.94027,42.67015],[-102.95046,42.66965],[-102.95155,42.66847],[-102.95049,42.6653]],[[-102.41816,42.77156],[-102.42047,42.77173],[-102.42459,42.76524],[-102.38722,42.75292],[-102.37818,42.74697],[-102.37293,42.74598],[-102.37105,42.74781],[-102.37361,42.75225],[-102.38794,42.75828],[-102.38812,42.76245],[-102.39498,42.77169],[-102.39466,42.77317],[-102.39777,42.7749],[-102.40275,42.7768],[-102.4076,42.77606],[-102.41728,42.77797],[-102.41702,42.77669],[-102.41963,42.77544],[-102.41816,42.77156]],[[-102.27762,42.93204],[-102.26872,42.93293],[-102.26008,42.92979],[-102.25455,42.93015],[-102.24919,42.93186],[-102.24767,42.9353],[-102.24076,42.93507],[-102.24292,42.93543],[-102.24766,42.94137],[-102.24579,42.94514],[-102.24747,42.94693],[-102.24696,42.95305],[-102.24998,42.95832],[-102.24615,42.97199],[-102.25107,42.98162],[-102.25469,42.98348],[-102.25852,42.98092],[-102.26144,42.98165],[-102.26777,42.98937],[-102.2763,42.98706],[-102.2761,42.98963],[-102.28096,42.98439],[-102.27826,42.98316],[-102.27916,42.97925],[-102.27805,42.97631],[-102.28073,42.97579],[-102.27893,42.97063],[-102.28605,42.96375],[-102.28911,42.96409],[-102.29222,42.96066],[-102.29003,42.9503],[-102.28812,42.94954],[-102.28983,42.94498],[-102.28668,42.9431],[-102.28726,42.93942],[-102.28408,42.93766],[-102.27922,42.93027],[-102.27762,42.93204]],[[-102.24359,42.91865],[-102.23234,42.90886],[-102.21602,42.90086],[-102.18886,42.89745],[-102.18416,42.89818],[-102.17283,42.89374],[-102.16439,42.89295],[-102.16062,42.89491],[-102.15909,42.89284],[-102.15326,42.89365],[-102.1466,42.88943],[-102.14314,42.88944],[-102.13948,42.89658],[-102.13574,42.89766],[-102.13554,42.89981],[-102.12943,42.90026],[-102.11947,42.89806],[-102.10648,42.8923],[-102.09795,42.88467],[-102.09394,42.88434],[-102.0932,42.88138],[-102.08773,42.87663],[-102.07572,42.88434],[-102.06323,42.88478],[-102.0624,42.88107],[-102.05448,42.87429],[-102.0533,42.87033],[-102.05439,42.86952],[-102.05212,42.86889],[-102.0507,42.86477],[-102.04838,42.86407],[-102.04914,42.86018],[-102.04276,42.85948],[-102.0399,42.85361],[-102.03699,42.85246],[-102.03329,42.85535],[-102.02949,42.85393],[-102.02981,42.85912],[-102.02473,42.86464],[-102.02454,42.86781],[-102.02984,42.86835],[-102.03245,42.87213],[-102.03257,42.87935],[-102.03001,42.8798],[-102.02886,42.87759],[-102.02631,42.87777],[-102.02237,42.87374],[-102.02116,42.87528],[-102.01894,42.8746],[-102.01803,42.87679],[-102.0197,42.87831],[-102.01968,42.88291],[-102.02119,42.88377],[-102.01864,42.88966],[-102.01564,42.88631],[-102.01063,42.89008],[-102.01105,42.89176],[-102.00882,42.89364],[-102.00116,42.8928],[-101.99899,42.89476],[-102.00066,42.89801],[-101.998,42.89975],[-101.9961,42.89798],[-101.99708,42.89464],[-101.99406,42.89149],[-101.99183,42.89037],[-101.98844,42.89145],[-101.9854,42.88691],[-101.97064,42.89131],[-101.96879,42.89306],[-101.97067,42.89544],[-101.96978,42.89648],[-101.96272,42.89669],[-101.96073,42.89574],[-101.96145,42.89456],[-101.95401,42.89426],[-101.95324,42.89704],[-101.95759,42.89994],[-101.9586,42.90385],[-101.95407,42.90684],[-101.9563,42.90883],[-101.9538,42.90881],[-101.94847,42.91401],[-101.94064,42.91289],[-101.93943,42.91481],[-101.94046,42.91691],[-101.93757,42.91673],[-101.93822,42.91393],[-101.93257,42.90881],[-101.92909,42.91027],[-101.9303,42.91442],[-101.92815,42.91505],[-101.92473,42.91321],[-101.92034,42.91422],[-101.92059,42.91804],[-101.91817,42.91888],[-101.91591,42.91736],[-101.91607,42.91493],[-101.91365,42.91334],[-101.91351,42.91101],[-101.90705,42.90893],[-101.90144,42.90132],[-101.8971,42.90061],[-101.88944,42.9024],[-101.88907,42.90418],[-101.89098,42.90569],[-101.88865,42.90717],[-101.88252,42.90637],[-101.88104,42.90803],[-101.87581,42.90804],[-101.87039,42.91097],[-101.86623,42.90932],[-101.86583,42.91056],[-101.86077,42.91075],[-101.85833,42.90892],[-101.85181,42.90819],[-101.85187,42.91202],[-101.84896,42.91232],[-101.84568,42.91018],[-101.8443,42.91264],[-101.8373,42.90718],[-101.83609,42.9089],[-101.83084,42.90642],[-101.82629,42.91006],[-101.82646,42.91302],[-101.82414,42.91399],[-101.82434,42.9197],[-101.82184,42.91882],[-101.81832,42.92265],[-101.81375,42.92323],[-101.80862,42.91479],[-101.80248,42.91792],[-101.79856,42.91751],[-101.79894,42.91939],[-101.79389,42.92035],[-101.7913,42.91918],[-101.78561,42.92216],[-101.78406,42.91756],[-101.77918,42.91556],[-101.77316,42.91628],[-101.77296,42.9182],[-101.7669,42.92028],[-101.75669,42.91729],[-101.75842,42.90976],[-101.75732,42.90897],[-101.75558,42.90773],[-101.74774,42.90945],[-101.73836,42.89991],[-101.7307,42.9027],[-101.72725,42.899],[-101.72307,42.89784],[-101.71685,42.9001],[-101.70722,42.89887],[-101.70386,42.90183],[-101.70318,42.90054],[-101.69789,42.90089],[-101.69317,42.8976],[-101.69106,42.89854],[-101.68446,42.89379],[-101.67631,42.89467],[-101.67568,42.89255],[-101.67232,42.89151],[-101.67157,42.8897],[-101.65674,42.88674],[-101.64948,42.88262],[-101.64976,42.88814],[-101.64459,42.88829],[-101.6455,42.8902],[-101.64367,42.89194],[-101.64727,42.90021],[-101.64518,42.90553],[-101.63801,42.90533],[-101.63539,42.90804],[-101.63605,42.91254],[-101.63081,42.91191],[-101.63492,42.91971],[-101.64528,42.92117],[-101.65007,42.91952],[-101.65691,42.92241],[-101.66829,42.91961],[-101.67407,42.92396],[-101.68002,42.92125],[-101.68469,42.92277],[-101.68725,42.92716],[-101.69358,42.92719],[-101.70551,42.93495],[-101.70857,42.93265],[-101.70823,42.92713],[-101.71439,42.92899],[-101.71796,42.9266],[-101.73256,42.92894],[-101.74423,42.9338],[-101.74577,42.93263],[-101.7476,42.9347],[-101.75069,42.92933],[-101.75841,42.93691],[-101.76267,42.93781],[-101.76375,42.93403],[-101.77027,42.93082],[-101.7728,42.93145],[-101.77876,42.94112],[-101.77984,42.9389],[-101.78398,42.93925],[-101.7876,42.93572],[-101.79034,42.93524],[-101.79751,42.94143],[-101.79465,42.94565],[-101.79692,42.94861],[-101.80492,42.95461],[-101.80745,42.95929],[-101.80981,42.95832],[-101.81393,42.96087],[-101.81585,42.9607],[-101.81518,42.95859],[-101.8181,42.95741],[-101.82001,42.95878],[-101.8291,42.95822],[-101.82928,42.95423],[-101.82744,42.95077],[-101.83819,42.94919],[-101.83789,42.94651],[-101.84262,42.9434],[-101.84713,42.94977],[-101.84969,42.95783],[-101.84898,42.95958],[-101.85775,42.9629],[-101.86317,42.95907],[-101.86729,42.9589],[-101.87047,42.96146],[-101.87378,42.95995],[-101.88112,42.96387],[-101.88301,42.96647],[-101.89398,42.96409],[-101.89655,42.966],[-101.90478,42.96617],[-101.90596,42.96773],[-101.90847,42.96649],[-101.90749,42.96134],[-101.90887,42.96006],[-101.91572,42.96351],[-101.91657,42.95896],[-101.91992,42.96089],[-101.92528,42.961],[-101.92626,42.95934],[-101.9374,42.95804],[-101.93846,42.95652],[-101.94816,42.95652],[-101.94931,42.95734],[-101.94683,42.96032],[-101.94667,42.96342],[-101.94766,42.96931],[-101.9455,42.9717],[-101.94252,42.97091],[-101.94117,42.97292],[-101.94055,42.97778],[-101.94376,42.98069],[-101.93687,42.9806],[-101.93615,42.98277],[-101.9403,42.98709],[-101.93955,42.99108],[-101.94435,42.9931],[-101.94454,42.98912],[-101.94742,42.99069],[-101.94952,42.9897],[-101.95074,42.99198],[-101.95849,42.99628],[-101.96197,42.99214],[-101.96125,42.98981],[-101.97077,42.99031],[-101.97291,42.98781],[-101.98051,42.98938],[-101.98365,42.99385],[-101.98579,42.99241],[-101.98524,42.98982],[-101.99065,42.98312],[-102.00253,42.98299],[-102.00289,42.97974],[-102.01157,42.99116],[-102.01013,42.99419],[-102.01374,42.99571],[-102.0136,42.99735],[-102.02165,43.00407],[-102.02517,43.00455],[-102.02873,43.00112],[-102.02697,42.99943],[-102.0284,42.99514],[-102.03621,42.99727],[-102.04059,42.99668],[-102.0377,42.99248],[-102.03722,42.98759],[-102.0332,42.98613],[-102.03348,42.98482],[-102.03652,42.98496],[-102.03515,42.98295],[-102.03548,42.98111],[-102.03792,42.98121],[-102.03578,42.97994],[-102.0377,42.97637],[-102.05104,42.97537],[-102.05185,42.97798],[-102.0576,42.97719],[-102.06444,42.98091],[-102.06405,42.97474],[-102.06791,42.97134],[-102.07167,42.97226],[-102.07228,42.97546],[-102.07746,42.97901],[-102.08122,42.97903],[-102.08206,42.97712],[-102.09066,42.97673],[-102.09247,42.97158],[-102.10262,42.96817],[-102.10659,42.9693],[-102.11011,42.97517],[-102.10739,42.97865],[-102.10518,42.97871],[-102.1046,42.98503],[-102.1071,42.98857],[-102.10563,42.99221],[-102.10988,42.9923],[-102.11149,43.00024],[-102.11437,42.99889],[-102.11608,42.99356],[-102.11877,42.99298],[-102.12429,42.99575],[-102.12461,42.99429],[-102.12888,42.99265],[-102.13009,42.98851],[-102.13256,42.98687],[-102.12834,42.98281],[-102.12255,42.98085],[-102.1223,42.97398],[-102.12977,42.97169],[-102.13144,42.96919],[-102.13721,42.96902],[-102.14488,42.96446],[-102.14535,42.95937],[-102.14069,42.95282],[-102.14088,42.94896],[-102.15309,42.94637],[-102.16076,42.95145],[-102.1653,42.94983],[-102.16869,42.95047],[-102.17195,42.94699],[-102.1751,42.95118],[-102.18087,42.95399],[-102.18892,42.95253],[-102.19596,42.95377],[-102.1971,42.9531],[-102.19573,42.95007],[-102.19957,42.94848],[-102.19969,42.94512],[-102.20793,42.94655],[-102.21776,42.94458],[-102.21924,42.94368],[-102.22097,42.9351],[-102.22402,42.93354],[-102.22483,42.93082],[-102.23647,42.92386],[-102.24382,42.92171],[-102.24359,42.91865]],[[-99.88371,42.67659],[-99.88166,42.6787],[-99.88114,42.68289],[-99.8851,42.68193],[-99.88595,42.68578],[-99.89033,42.69136],[-99.89576,42.69061],[-99.89727,42.68827],[-99.90055,42.68771],[-99.89898,42.68539],[-99.90048,42.68321],[-99.89725,42.6797],[-99.9015,42.67717],[-99.9027,42.67342],[-99.89999,42.67149],[-99.89801,42.67233],[-99.89542,42.66978],[-99.89532,42.66718],[-99.89747,42.66561],[-99.89457,42.66015],[-99.89475,42.65723],[-99.89672,42.65562],[-99.90471,42.65789],[-99.90822,42.66148],[-99.91137,42.6618],[-99.91312,42.6651],[-99.92277,42.66631],[-99.92359,42.66898],[-99.92625,42.66923],[-99.93035,42.66685],[-99.93319,42.66826],[-99.93486,42.66725],[-99.93505,42.66511],[-99.93354,42.66446],[-99.93562,42.66034],[-99.94034,42.65891],[-99.94237,42.66059],[-99.94534,42.65948],[-99.94304,42.6566],[-99.94525,42.65424],[-99.95025,42.65739],[-99.9585,42.65555],[-99.9599,42.65656],[-99.96452,42.65228],[-99.97066,42.65045],[-99.97539,42.64392],[-99.98162,42.64179],[-99.98239,42.63952],[-99.98516,42.64154],[-99.98794,42.64068],[-99.99124,42.64195],[-99.99136,42.63911],[-99.99463,42.63814],[-99.99472,42.63603],[-100.00399,42.63639],[-100.0045,42.63435],[-100.01274,42.63424],[-100.01918,42.63068],[-100.01932,42.62829],[-100.01774,42.62794],[-100.01077,42.62954],[-99.99998,42.61539],[-100.00476,42.60491],[-100.00243,42.60382],[-100.00137,42.60114],[-100.00384,42.59855],[-100.00107,42.59577],[-100.00342,42.57293],[-100.00615,42.56438],[-100.01477,42.56261],[-100.00446,42.56239],[-100.00129,42.56491],[-99.99526,42.56576],[-99.98582,42.57329],[-99.98147,42.57223],[-99.97703,42.57446],[-99.97674,42.57601],[-99.97367,42.57438],[-99.96886,42.57701],[-99.96918,42.57897],[-99.9709,42.57947],[-99.97765,42.57945],[-99.98805,42.58854],[-99.99674,42.59096],[-99.99737,42.59982],[-99.98803,42.59981],[-99.98628,42.60142],[-99.98666,42.60485],[-99.97655,42.60838],[-99.97348,42.61139],[-99.97513,42.61492],[-99.97308,42.61988],[-99.96026,42.61962],[-99.95591,42.6234],[-99.9562,42.62946],[-99.95302,42.63671],[-99.95786,42.64547],[-99.95702,42.65034],[-99.95343,42.6502],[-99.95008,42.65338],[-99.94438,42.64817],[-99.93935,42.64967],[-99.92539,42.64972],[-99.92203,42.6459],[-99.91738,42.6455],[-99.91512,42.64825],[-99.91195,42.6478],[-99.91164,42.64969],[-99.88648,42.65005],[-99.88707,42.64899],[-99.87731,42.64636],[-99.87422,42.64394],[-99.86822,42.64749],[-99.8626,42.64215],[-99.85243,42.64182],[-99.85204,42.64397],[-99.85989,42.64589],[-99.86548,42.65069],[-99.87338,42.64902],[-99.88174,42.651],[-99.88068,42.65127],[-99.88073,42.66409],[-99.8818,42.67334],[-99.88371,42.67659]],[[-99.93492,42.56034],[-99.94174,42.5559],[-99.94878,42.55389],[-99.95023,42.54962],[-99.95669,42.54708],[-99.95791,42.5439],[-99.96477,42.54286],[-99.97261,42.53856],[-99.9777,42.5385],[-99.97861,42.53262],[-99.98205,42.52675],[-99.97787,42.52709],[-99.9744,42.53041],[-99.9596,42.53035],[-99.95404,42.53316],[-99.95494,42.53671],[-99.95298,42.5383],[-99.93925,42.54465],[-99.92916,42.5431],[-99.92096,42.54378],[-99.91887,42.54499],[-99.92058,42.54787],[-99.91447,42.55224],[-99.90283,42.55208],[-99.89383,42.5554],[-99.88778,42.55272],[-99.88095,42.55312],[-99.88076,42.55459],[-99.89071,42.55764],[-99.90183,42.55839],[-99.89982,42.56162],[-99.89315,42.56167],[-99.88393,42.55868],[-99.87675,42.56047],[-99.87431,42.55842],[-99.87371,42.56017],[-99.87529,42.56177],[-99.86963,42.56209],[-99.8655,42.56036],[-99.86293,42.56068],[-99.86238,42.56299],[-99.86706,42.56628],[-99.87284,42.56492],[-99.87544,42.56712],[-99.88149,42.56757],[-99.88444,42.56533],[-99.90642,42.56483],[-99.90949,42.5616],[-99.91902,42.55991],[-99.9243,42.56021],[-99.92798,42.5643],[-99.93209,42.56387],[-99.93492,42.56034]],[[-100.03891,42.60792],[-100.04468,42.60699],[-100.04499,42.60478],[-100.0485,42.60455],[-100.04869,42.60159],[-100.04755,42.59951],[-100.03613,42.59446],[-100.03328,42.59784],[-100.03482,42.59853],[-100.03467,42.60067],[-100.03096,42.60248],[-100.03116,42.60763],[-100.03443,42.61293],[-100.03714,42.61189],[-100.03891,42.60792]],[[-101.8649,42.59798],[-101.86491,42.59407],[-101.86217,42.59307],[-101.8644,42.58871],[-101.86362,42.58641],[-101.85358,42.58492],[-101.85233,42.58696],[-101.84089,42.58887],[-101.84418,42.59257],[-101.84334,42.59404],[-101.8404,42.59417],[-101.83868,42.59232],[-101.83457,42.59274],[-101.82755,42.5967],[-101.82485,42.60041],[-101.82424,42.60546],[-101.82714,42.61025],[-101.82059,42.61139],[-101.81914,42.60783],[-101.81758,42.61345],[-101.81909,42.61787],[-101.82214,42.61738],[-101.83033,42.62055],[-101.83262,42.61987],[-101.82975,42.62405],[-101.83064,42.62933],[-101.8279,42.63143],[-101.82791,42.63406],[-101.82036,42.63833],[-101.81462,42.63835],[-101.81543,42.63923],[-101.8089,42.64983],[-101.80536,42.65213],[-101.80023,42.64854],[-101.79928,42.65707],[-101.78964,42.65551],[-101.78779,42.6513],[-101.78212,42.65069],[-101.78123,42.64901],[-101.77936,42.65186],[-101.77257,42.65329],[-101.77507,42.65648],[-101.78405,42.65914],[-101.78343,42.66013],[-101.78575,42.66152],[-101.78408,42.6631],[-101.78574,42.66544],[-101.78181,42.66775],[-101.78373,42.67235],[-101.78168,42.67418],[-101.77256,42.67379],[-101.76627,42.67729],[-101.76228,42.67757],[-101.763,42.6795],[-101.76009,42.68331],[-101.76028,42.68787],[-101.76758,42.69021],[-101.76861,42.69293],[-101.76726,42.69439],[-101.75734,42.6979],[-101.75285,42.6967],[-101.74945,42.6998],[-101.74514,42.6979],[-101.73075,42.70142],[-101.72597,42.69606],[-101.72261,42.69552],[-101.72282,42.69702],[-101.71886,42.69752],[-101.71335,42.69596],[-101.70837,42.69735],[-101.70925,42.70021],[-101.70484,42.70328],[-101.70482,42.70889],[-101.70081,42.71188],[-101.68494,42.70448],[-101.67117,42.70322],[-101.66905,42.70391],[-101.66996,42.71021],[-101.66605,42.7116],[-101.64422,42.70841],[-101.63472,42.70884],[-101.63232,42.70998],[-101.63151,42.71258],[-101.63342,42.71428],[-101.62883,42.71758],[-101.62955,42.71997],[-101.61758,42.72099],[-101.61555,42.71857],[-101.60934,42.71879],[-101.61179,42.72301],[-101.60787,42.72302],[-101.60892,42.72722],[-101.60357,42.73018],[-101.60321,42.73374],[-101.60009,42.73695],[-101.59953,42.74062],[-101.60278,42.74707],[-101.60311,42.75181],[-101.59753,42.75186],[-101.59259,42.74911],[-101.58956,42.75015],[-101.58595,42.74913],[-101.58065,42.75221],[-101.57628,42.74902],[-101.57623,42.75061],[-101.57231,42.75061],[-101.56949,42.74881],[-101.56785,42.75054],[-101.56831,42.75297],[-101.56453,42.7565],[-101.56281,42.75396],[-101.55662,42.75131],[-101.55682,42.75333],[-101.55403,42.75239],[-101.55156,42.7549],[-101.53386,42.74846],[-101.53099,42.75198],[-101.52739,42.75338],[-101.52665,42.75675],[-101.5271,42.75947],[-101.53737,42.76555],[-101.53404,42.76939],[-101.52294,42.76702],[-101.5229,42.76453],[-101.50619,42.76274],[-101.50596,42.75891],[-101.50337,42.75649],[-101.49622,42.75689],[-101.49495,42.75916],[-101.4924,42.75916],[-101.48987,42.75864],[-101.49023,42.75608],[-101.48656,42.75449],[-101.48521,42.75615],[-101.47435,42.75843],[-101.46949,42.75666],[-101.46681,42.75859],[-101.45269,42.75956],[-101.44961,42.76243],[-101.44689,42.76038],[-101.44505,42.76213],[-101.4449,42.76524],[-101.44129,42.76468],[-101.44142,42.76363],[-101.43659,42.76429],[-101.43468,42.76229],[-101.43148,42.76372],[-101.4261,42.76157],[-101.4234,42.76271],[-101.4186,42.75874],[-101.4079,42.75859],[-101.4054,42.75673],[-101.38862,42.75442],[-101.38074,42.75737],[-101.3821,42.7613],[-101.38118,42.76299],[-101.38327,42.76697],[-101.39119,42.76977],[-101.39062,42.77224],[-101.39786,42.77337],[-101.39736,42.77162],[-101.39956,42.77138],[-101.40182,42.77511],[-101.40496,42.77531],[-101.4126,42.78013],[-101.41573,42.77973],[-101.4185,42.78242],[-101.42269,42.78199],[-101.4351,42.78686],[-101.43816,42.78916],[-101.43735,42.79653],[-101.43197,42.80037],[-101.43909,42.80342],[-101.44233,42.80683],[-101.45005,42.80812],[-101.45132,42.80737],[-101.4495,42.80687],[-101.45556,42.80312],[-101.46434,42.80264],[-101.47237,42.80464],[-101.4815,42.79961],[-101.4894,42.7989],[-101.49265,42.80004],[-101.49239,42.80703],[-101.49759,42.80859],[-101.50246,42.80783],[-101.50856,42.81293],[-101.51301,42.8129],[-101.51928,42.81177],[-101.52392,42.80836],[-101.52884,42.79815],[-101.52775,42.79478],[-101.53689,42.79531],[-101.53545,42.79189],[-101.53966,42.78955],[-101.55881,42.79172],[-101.5636,42.79636],[-101.5702,42.79607],[-101.57389,42.79873],[-101.58636,42.79579],[-101.58444,42.79359],[-101.58773,42.79169],[-101.59365,42.79381],[-101.59881,42.79057],[-101.60031,42.79115],[-101.6012,42.78465],[-101.60595,42.78251],[-101.60758,42.77828],[-101.6115,42.77734],[-101.62257,42.78037],[-101.62309,42.77912],[-101.62116,42.77791],[-101.62421,42.77472],[-101.61904,42.76996],[-101.62107,42.76833],[-101.62507,42.76869],[-101.62922,42.76365],[-101.62731,42.76274],[-101.63469,42.76207],[-101.63487,42.75945],[-101.63782,42.75931],[-101.63785,42.76497],[-101.6404,42.76571],[-101.64198,42.76439],[-101.64649,42.76468],[-101.65407,42.76704],[-101.65576,42.76966],[-101.66404,42.76761],[-101.67593,42.77376],[-101.67312,42.77734],[-101.6761,42.77857],[-101.68348,42.77233],[-101.69326,42.77206],[-101.69666,42.7698],[-101.70071,42.77128],[-101.70589,42.77071],[-101.70617,42.76885],[-101.71387,42.76981],[-101.71889,42.7663],[-101.72016,42.76237],[-101.72317,42.7627],[-101.72397,42.76085],[-101.72584,42.76084],[-101.72959,42.76307],[-101.72995,42.76098],[-101.73339,42.75966],[-101.74339,42.75782],[-101.74269,42.75481],[-101.75385,42.75663],[-101.75864,42.75584],[-101.75883,42.7533],[-101.76852,42.75085],[-101.77298,42.75192],[-101.77391,42.74816],[-101.77726,42.74643],[-101.78316,42.74712],[-101.78502,42.74435],[-101.78675,42.74494],[-101.78638,42.74199],[-101.78766,42.7414],[-101.79188,42.74286],[-101.79352,42.74087],[-101.8016,42.73926],[-101.80235,42.73698],[-101.80565,42.73576],[-101.80999,42.73584],[-101.8144,42.73297],[-101.82028,42.73315],[-101.82549,42.73005],[-101.83015,42.72372],[-101.83833,42.72287],[-101.83663,42.71857],[-101.83953,42.71329],[-101.84341,42.71341],[-101.84749,42.71098],[-101.84451,42.71004],[-101.84146,42.70266],[-101.83694,42.69937],[-101.83896,42.69748],[-101.83576,42.69087],[-101.83705,42.69038],[-101.83692,42.68475],[-101.83482,42.67823],[-101.83051,42.67558],[-101.82863,42.67139],[-101.83009,42.66978],[-101.82933,42.66701],[-101.83258,42.66633],[-101.83522,42.66236],[-101.84263,42.6599],[-101.85102,42.66137],[-101.85149,42.66271],[-101.85662,42.66191],[-101.85735,42.65703],[-101.86182,42.65409],[-101.86067,42.65268],[-101.86573,42.65388],[-101.86713,42.65253],[-101.86677,42.64845],[-101.87039,42.64068],[-101.86745,42.63754],[-101.86712,42.63359],[-101.86785,42.63188],[-101.86986,42.63276],[-101.8726,42.63052],[-101.87504,42.62373],[-101.87229,42.62018],[-101.8734,42.61885],[-101.87102,42.6103],[-101.86739,42.60961],[-101.8637,42.60468],[-101.86133,42.60447],[-101.8649,42.59798]],[[-101.52207,42.55771],[-101.51953,42.5554],[-101.51408,42.55665],[-101.51249,42.55497],[-101.50772,42.55529],[-101.50306,42.55294],[-101.49703,42.55382],[-101.49647,42.5502],[-101.50167,42.54723],[-101.50082,42.54128],[-101.49843,42.53985],[-101.50493,42.53831],[-101.50517,42.53542],[-101.50049,42.53172],[-101.50035,42.5286],[-101.50417,42.52827],[-101.50453,42.52605],[-101.50787,42.52491],[-101.50714,42.52211],[-101.50437,42.52176],[-101.5054,42.51887],[-101.50366,42.51583],[-101.50512,42.51344],[-101.50286,42.5123],[-101.49787,42.51408],[-101.49394,42.51184],[-101.48419,42.51136],[-101.4838,42.51825],[-101.48732,42.52098],[-101.48385,42.52334],[-101.47972,42.52331],[-101.47784,42.5292],[-101.47474,42.5281],[-101.46759,42.53002],[-101.46189,42.52815],[-101.46339,42.53005],[-101.46062,42.53239],[-101.4608,42.53397],[-101.45603,42.53394],[-101.44803,42.53022],[-101.44415,42.53105],[-101.43962,42.52869],[-101.43724,42.52924],[-101.43484,42.53239],[-101.43518,42.5345],[-101.41898,42.53443],[-101.41996,42.52819],[-101.41766,42.52516],[-101.41547,42.52807],[-101.408,42.52496],[-101.40111,42.52712],[-101.39618,42.52514],[-101.39195,42.52527],[-101.38957,42.52753],[-101.38566,42.52557],[-101.3845,42.52748],[-101.38091,42.52603],[-101.37984,42.5283],[-101.37273,42.52664],[-101.36582,42.52743],[-101.3651,42.52882],[-101.36127,42.52685],[-101.35348,42.52687],[-101.35153,42.52791],[-101.35186,42.53058],[-101.35612,42.53262],[-101.3534,42.53577],[-101.35584,42.53779],[-101.35486,42.54348],[-101.35272,42.54297],[-101.35074,42.54462],[-101.34871,42.54308],[-101.3446,42.54519],[-101.34482,42.54688],[-101.34132,42.54487],[-101.33681,42.54504],[-101.33969,42.56321],[-101.34108,42.56632],[-101.34487,42.56826],[-101.34434,42.57376],[-101.34922,42.57972],[-101.34787,42.58067],[-101.34993,42.58255],[-101.34906,42.58419],[-101.35442,42.58521],[-101.35394,42.592],[-101.34739,42.59597],[-101.34336,42.59398],[-101.33065,42.59611],[-101.32938,42.59784],[-101.3314,42.6016],[-101.33061,42.60465],[-101.33343,42.60762],[-101.33802,42.60577],[-101.3496,42.60912],[-101.35566,42.60769],[-101.36031,42.60785],[-101.36108,42.60947],[-101.3641,42.60989],[-101.36731,42.60846],[-101.37554,42.6098],[-101.37717,42.60945],[-101.37623,42.60833],[-101.37758,42.60654],[-101.38023,42.60844],[-101.38736,42.60704],[-101.39044,42.60841],[-101.40078,42.60201],[-101.41284,42.60068],[-101.40982,42.59784],[-101.41743,42.59696],[-101.41456,42.5893],[-101.41641,42.58466],[-101.42726,42.58794],[-101.43757,42.58852],[-101.43704,42.5897],[-101.43906,42.59055],[-101.44162,42.5887],[-101.44353,42.59071],[-101.45027,42.58982],[-101.45458,42.59176],[-101.4582,42.58786],[-101.46141,42.59012],[-101.46398,42.58708],[-101.46596,42.58842],[-101.46964,42.58686],[-101.47598,42.59081],[-101.48474,42.59279],[-101.48673,42.59028],[-101.48491,42.58876],[-101.4841,42.58331],[-101.48548,42.58268],[-101.49287,42.58424],[-101.4954,42.5832],[-101.49892,42.58532],[-101.50511,42.58264],[-101.51436,42.58378],[-101.51918,42.58111],[-101.52051,42.58145],[-101.52141,42.58518],[-101.5187,42.5869],[-101.51844,42.58903],[-101.52052,42.5895],[-101.5219,42.5876],[-101.52762,42.58598],[-101.53063,42.58256],[-101.53075,42.5798],[-101.53294,42.57924],[-101.52839,42.57545],[-101.53041,42.57136],[-101.52775,42.56721],[-101.52945,42.56555],[-101.52655,42.56403],[-101.53059,42.56052],[-101.52937,42.55931],[-101.5303,42.55826],[-101.52207,42.55771]],[[-102.0105,42.74291],[-102.00199,42.74933],[-102.00584,42.75534],[-102.0037,42.7578],[-102.00693,42.76363],[-102.02167,42.76655],[-102.02049,42.76437],[-102.02518,42.7629],[-102.02509,42.7601],[-102.03342,42.75914],[-102.03419,42.7543],[-102.02802,42.75184],[-102.02495,42.74769],[-102.02585,42.74304],[-102.02123,42.74046],[-102.0105,42.74291]],[[-102.70927,42.66893],[-102.70625,42.66655],[-102.70572,42.66192],[-102.6982,42.65174],[-102.69438,42.65074],[-102.68464,42.63779],[-102.67264,42.63715],[-102.65473,42.64186],[-102.63739,42.64143],[-102.63176,42.64484],[-102.67839,42.66852],[-102.68865,42.67101],[-102.69163,42.6681],[-102.70205,42.67146],[-102.70927,42.66893]],[[-102.18146,42.81396],[-102.17385,42.8101],[-102.1691,42.81309],[-102.17176,42.81578],[-102.17389,42.82172],[-102.17281,42.82676],[-102.16986,42.82798],[-102.16917,42.83015],[-102.17357,42.83109],[-102.17556,42.83392],[-102.18504,42.83681],[-102.18745,42.84673],[-102.19402,42.86237],[-102.20309,42.8704],[-102.20589,42.85907],[-102.20371,42.85582],[-102.20227,42.84469],[-102.19858,42.83794],[-102.19941,42.83587],[-102.19064,42.82749],[-102.19145,42.82549],[-102.18674,42.81963],[-102.18146,42.81396]],[[-99.06011,43.53396],[-99.06444,43.53544],[-99.06556,43.54072],[-99.06963,43.54284],[-99.07284,43.54819],[-99.07883,43.55276],[-99.08411,43.561],[-99.08034,43.56902],[-99.08259,43.57023],[-99.07901,43.57302],[-99.07906,43.57839],[-99.0766,43.57855],[-99.07678,43.58114],[-99.07143,43.58496],[-99.07085,43.58777],[-99.07379,43.59025],[-99.06952,43.59195],[-99.06913,43.59378],[-99.07193,43.59804],[-99.07246,43.60209],[-99.07707,43.60438],[-99.07683,43.60742],[-99.08001,43.61028],[-99.07746,43.61309],[-99.07905,43.6151],[-99.07772,43.61773],[-99.08003,43.62217],[-99.07995,43.62651],[-99.07729,43.63034],[-99.0686,43.63288],[-99.06768,43.63672],[-99.07002,43.63931],[-99.0679,43.64372],[-99.06499,43.64448],[-99.06512,43.64617],[-99.06911,43.64915],[-99.06622,43.65418],[-99.06991,43.65951],[-99.06918,43.66189],[-99.07149,43.66615],[-99.07794,43.6666],[-99.07843,43.66811],[-99.08242,43.66886],[-99.0852,43.67147],[-99.08714,43.67893],[-99.09127,43.68289],[-99.09649,43.68411],[-99.09753,43.68618],[-99.09401,43.6903],[-99.09758,43.69316],[-99.09927,43.69344],[-99.10118,43.69053],[-99.10689,43.69324],[-99.10755,43.69607],[-99.11042,43.69846],[-99.11518,43.69784],[-99.12064,43.70314],[-99.12682,43.70278],[-99.12815,43.70669],[-99.13285,43.70547],[-99.13636,43.70742],[-99.13565,43.71064],[-99.13233,43.71134],[-99.1311,43.71606],[-99.13264,43.71817],[-99.12997,43.72405],[-99.1343,43.72638],[-99.13251,43.73052],[-99.13519,43.73125],[-99.13794,43.72975],[-99.13885,43.72618],[-99.14446,43.72875],[-99.14396,43.73117],[-99.14825,43.7342],[-99.1502,43.73336],[-99.15442,43.73517],[-99.15815,43.73926],[-99.17388,43.7439],[-99.17295,43.74649],[-99.17816,43.74838],[-99.18013,43.75207],[-99.17997,43.75936],[-99.18958,43.75883],[-99.19112,43.7553],[-99.20519,43.75959],[-99.21748,43.75609],[-99.21997,43.75329],[-99.22359,43.75359],[-99.22568,43.75016],[-99.24945,43.74997],[-99.25431,43.75031],[-99.25746,43.75279],[-99.2616,43.75214],[-99.26661,43.75791],[-99.26378,43.7609],[-99.27243,43.76485],[-99.27465,43.76452],[-99.27408,43.76219],[-99.27671,43.75956],[-99.28187,43.75985],[-99.28785,43.7557],[-99.29502,43.75801],[-99.29562,43.76082],[-99.29952,43.75962],[-99.30279,43.76049],[-99.30453,43.75788],[-99.30964,43.75722],[-99.31188,43.75576],[-99.31125,43.75173],[-99.31651,43.75145],[-99.32225,43.74739],[-99.32033,43.74646],[-99.31902,43.73855],[-99.32338,43.73654],[-99.33188,43.7354],[-99.34082,43.7368],[-99.3502,43.73345],[-99.35518,43.73659],[-99.35683,43.73862],[-99.35615,43.74061],[-99.36021,43.74326],[-99.36156,43.74054],[-99.36993,43.73638],[-99.37007,43.73429],[-99.36288,43.72879],[-99.37124,43.72357],[-99.37753,43.72308],[-99.37589,43.71684],[-99.37677,43.71553],[-99.3666,43.70662],[-99.37349,43.7018],[-99.37628,43.69755],[-99.37464,43.69576],[-99.37533,43.69311],[-99.37894,43.68924],[-99.37808,43.68432],[-99.37571,43.68247],[-99.37713,43.68028],[-99.35671,43.67602],[-99.35275,43.67672],[-99.34943,43.67948],[-99.3424,43.68051],[-99.32465,43.67342],[-99.31239,43.67183],[-99.30142,43.66515],[-99.30151,43.66337],[-99.30854,43.65972],[-99.31072,43.65373],[-99.31349,43.65131],[-99.31786,43.65056],[-99.31806,43.64764],[-99.3239,43.64668],[-99.32026,43.64084],[-99.32238,43.62713],[-99.32079,43.62456],[-99.28027,43.61786],[-99.28067,43.62077],[-99.2779,43.62227],[-99.27253,43.61963],[-99.26692,43.62027],[-99.26459,43.62108],[-99.26269,43.62628],[-99.25745,43.6251],[-99.25405,43.62645],[-99.25222,43.62964],[-99.23539,43.62911],[-99.23155,43.63122],[-99.23086,43.63447],[-99.22866,43.63566],[-99.22476,43.63444],[-99.22484,43.63231],[-99.222,43.62966],[-99.21003,43.62976],[-99.2022,43.62522],[-99.20365,43.61838],[-99.2017,43.61679],[-99.20293,43.61311],[-99.19981,43.61114],[-99.19625,43.60428],[-99.18526,43.60103],[-99.18622,43.59333],[-99.18864,43.59085],[-99.19666,43.58916],[-99.19573,43.5864],[-99.20184,43.58154],[-99.20227,43.57668],[-99.21063,43.57535],[-99.21199,43.57288],[-99.22205,43.57442],[-99.22751,43.57276],[-99.23379,43.57442],[-99.23566,43.57089],[-99.23478,43.56218],[-99.22562,43.55604],[-99.22465,43.55103],[-99.21854,43.54757],[-99.22029,43.54551],[-99.2067,43.54171],[-99.20847,43.53754],[-99.21129,43.53709],[-99.20575,43.53313],[-99.2039,43.5288],[-99.19846,43.52739],[-99.1949,43.52886],[-99.19458,43.5323],[-99.18431,43.54028],[-99.17777,43.54162],[-99.17461,43.54029],[-99.16924,43.5423],[-99.15883,43.54072],[-99.15003,43.53567],[-99.13637,43.53587],[-99.12867,43.52942],[-99.1258,43.52957],[-99.12059,43.5266],[-99.12098,43.52455],[-99.1187,43.52259],[-99.10817,43.52155],[-99.10418,43.52329],[-99.10031,43.52237],[-99.09929,43.52639],[-99.09076,43.52795],[-99.08784,43.53014],[-99.08867,43.53111],[-99.0811,43.53258],[-99.07798,43.53157],[-99.07814,43.52919],[-99.07587,43.52776],[-99.07072,43.52605],[-99.06055,43.53189],[-99.06011,43.53396]],[[-101.42381,43.2243],[-101.42919,43.23078],[-101.43109,43.23603],[-101.4416,43.2481],[-101.44248,43.24998],[-101.4406,43.25278],[-101.44176,43.25597],[-101.44528,43.25938],[-101.45105,43.26116],[-101.4501,43.26354],[-101.45423,43.27043],[-101.46418,43.28023],[-101.46617,43.28014],[-101.47386,43.29302],[-101.47178,43.29554],[-101.47443,43.30001],[-101.46989,43.30218],[-101.46978,43.30566],[-101.46737,43.30658],[-101.46636,43.30872],[-101.46749,43.31276],[-101.47139,43.31139],[-101.47909,43.31725],[-101.48141,43.31582],[-101.48963,43.31977],[-101.48852,43.32166],[-101.48992,43.32494],[-101.4932,43.32662],[-101.50045,43.32772],[-101.50364,43.32628],[-101.51442,43.32866],[-101.52093,43.3274],[-101.52239,43.33553],[-101.52732,43.33767],[-101.53504,43.34435],[-101.53743,43.34455],[-101.53816,43.3386],[-101.53571,43.33195],[-101.54038,43.32722],[-101.54209,43.32124],[-101.53986,43.31802],[-101.54165,43.31755],[-101.54345,43.31308],[-101.54095,43.30511],[-101.53837,43.30274],[-101.53977,43.30009],[-101.53916,43.29428],[-101.53363,43.29277],[-101.5276,43.29652],[-101.52386,43.30321],[-101.52681,43.30413],[-101.52321,43.30666],[-101.5195,43.30224],[-101.51756,43.29877],[-101.51962,43.29645],[-101.51721,43.29476],[-101.51784,43.29195],[-101.51192,43.2839],[-101.51237,43.27977],[-101.51422,43.27824],[-101.50718,43.26952],[-101.50802,43.2682],[-101.50415,43.26597],[-101.50391,43.26421],[-101.5081,43.26],[-101.50638,43.25657],[-101.5109,43.25316],[-101.50973,43.25246],[-101.51059,43.24691],[-101.50413,43.24108],[-101.50467,43.2394],[-101.50087,43.23445],[-101.49779,43.23263],[-101.49495,43.22335],[-101.47953,43.22036],[-101.47617,43.22129],[-101.46312,43.21997],[-101.46216,43.22179],[-101.45449,43.22518],[-101.4215,43.21846],[-101.42086,43.21985],[-101.42381,43.2243]],[[-101.56213,43.21543],[-101.56156,43.22162],[-101.56746,43.22609],[-101.57543,43.22366],[-101.5781,43.22695],[-101.58662,43.22721],[-101.59649,43.23363],[-101.60609,43.23541],[-101.61354,43.24147],[-101.6199,43.24002],[-101.62296,43.2411],[-101.62704,43.2382],[-101.62432,43.23429],[-101.62645,43.22867],[-101.62526,43.22756],[-101.62706,43.2262],[-101.62608,43.22386],[-101.62358,43.22328],[-101.62304,43.22115],[-101.62503,43.21791],[-101.62209,43.21442],[-101.6222,43.21095],[-101.61875,43.20953],[-101.61861,43.20762],[-101.61958,43.20535],[-101.62394,43.20484],[-101.63777,43.19683],[-101.63397,43.1946],[-101.63092,43.19501],[-101.62892,43.19115],[-101.62975,43.18964],[-101.62524,43.1913],[-101.61739,43.18459],[-101.61126,43.18613],[-101.60772,43.18477],[-101.60566,43.18648],[-101.6007,43.18664],[-101.60048,43.18952],[-101.59242,43.19232],[-101.57687,43.18993],[-101.57323,43.19588],[-101.57471,43.19812],[-101.57381,43.1992],[-101.57044,43.19932],[-101.57036,43.2028],[-101.5681,43.20181],[-101.5666,43.205],[-101.56024,43.20928],[-101.56079,43.21469],[-101.56213,43.21543]],[[-101.77212,43.20151],[-101.77491,43.20997],[-101.77714,43.2109],[-101.79071,43.21158],[-101.79263,43.21038],[-101.79407,43.20347],[-101.79831,43.20436],[-101.79992,43.20671],[-101.80418,43.20369],[-101.80238,43.20012],[-101.79734,43.19971],[-101.79147,43.19394],[-101.7686,43.18502],[-101.76141,43.17746],[-101.76096,43.18535],[-101.76487,43.18758],[-101.7626,43.19308],[-101.7673,43.19598],[-101.76761,43.19882],[-101.77212,43.20151]],[[-102.43085,43.3228],[-102.43449,43.32412],[-102.44316,43.31978],[-102.44762,43.31918],[-102.45397,43.31523],[-102.4545,43.31299],[-102.4579,43.31466],[-102.45986,43.31293],[-102.46008,43.30958],[-102.46281,43.311],[-102.46522,43.31022],[-102.46422,43.30654],[-102.45786,43.30436],[-102.455,43.29928],[-102.45302,43.29924],[-102.45057,43.28913],[-102.44219,43.28661],[-102.43515,43.28746],[-102.43299,43.28392],[-102.42767,43.28152],[-102.42691,43.27898],[-102.42219,43.27935],[-102.41961,43.27681],[-102.4167,43.27732],[-102.41743,43.2822],[-102.41487,43.2835],[-102.41109,43.28273],[-102.41602,43.28968],[-102.41557,43.29554],[-102.4216,43.30178],[-102.42018,43.30436],[-102.42441,43.30792],[-102.42243,43.31225],[-102.42455,43.3128],[-102.42669,43.31898],[-102.43085,43.3228]],[[-102.74795,43.24562],[-102.75678,43.24236],[-102.75943,43.24503],[-102.77076,43.2466],[-102.77569,43.24411],[-102.7752,43.24109],[-102.77824,43.23571],[-102.77406,43.23485],[-102.77315,43.23069],[-102.76351,43.22219],[-102.75293,43.22258],[-102.74877,43.22398],[-102.74759,43.22678],[-102.74263,43.22972],[-102.74445,43.23386],[-102.74394,43.23806],[-102.74566,43.23958],[-102.743,43.24343],[-102.74795,43.24562]],[[-102.82337,42.87212],[-102.81373,42.86463],[-102.80843,42.85605],[-102.79958,42.84883],[-102.79792,42.84246],[-102.79886,42.84091],[-102.7923,42.83621],[-102.78896,42.83744],[-102.78723,42.84482],[-102.78169,42.8477],[-102.78129,42.8513],[-102.77671,42.85175],[-102.77635,42.85818],[-102.77899,42.86044],[-102.78317,42.86908],[-102.7875,42.86962],[-102.79423,42.87419],[-102.7971,42.87326],[-102.80204,42.87501],[-102.80476,42.88186],[-102.80947,42.8827],[-102.82272,42.87447],[-102.82337,42.87212]],[[-102.99587,42.87699],[-103.00265,42.87281],[-103.00486,42.86677],[-103.00449,42.86097],[-102.99943,42.85531],[-102.99465,42.85492],[-102.99214,42.85096],[-102.98666,42.85147],[-102.98224,42.85553],[-102.98265,42.85825],[-102.97881,42.86492],[-102.9764,42.87468],[-102.98308,42.87876],[-102.98961,42.87838],[-102.99295,42.8808],[-102.99587,42.87699]],[[-101.6504,43.12645],[-101.66339,43.12402],[-101.66919,43.12535],[-101.66943,43.12347],[-101.67413,43.12146],[-101.67575,43.11834],[-101.69862,43.1236],[-101.70616,43.12068],[-101.70301,43.11717],[-101.70169,43.11226],[-101.69809,43.11033],[-101.70024,43.1095],[-101.69874,43.10696],[-101.70036,43.10451],[-101.69475,43.10085],[-101.68822,43.10128],[-101.68871,43.09668],[-101.68732,43.09427],[-101.67431,43.09059],[-101.66992,43.09131],[-101.66749,43.08588],[-101.66166,43.08636],[-101.65929,43.08331],[-101.65424,43.08276],[-101.65218,43.08077],[-101.6448,43.08324],[-101.64114,43.08059],[-101.63729,43.08222],[-101.63799,43.08953],[-101.64122,43.09389],[-101.64058,43.09641],[-101.63815,43.09725],[-101.64073,43.10412],[-101.63992,43.10802],[-101.6349,43.11404],[-101.64173,43.12036],[-101.6425,43.12317],[-101.6504,43.12645]],[[-99.10729,44.13865],[-99.09791,44.14448],[-99.09232,44.14491],[-99.08844,44.14227],[-99.08239,44.14456],[-99.0779,44.15545],[-99.07547,44.15507],[-99.07671,44.15676],[-99.07435,44.15858],[-99.07528,44.16257],[-99.07164,44.16382],[-99.07333,44.16651],[-99.07241,44.16746],[-99.07929,44.17532],[-99.08472,44.17457],[-99.08227,44.17692],[-99.08489,44.18055],[-99.0901,44.18238],[-99.0907,44.18445],[-99.09504,44.18466],[-99.09664,44.18832],[-99.10187,44.18618],[-99.1033,44.18839],[-99.10691,44.18856],[-99.10809,44.19038],[-99.11265,44.19024],[-99.11293,44.19223],[-99.13188,44.20716],[-99.1289,44.20856],[-99.12815,44.21308],[-99.13215,44.21682],[-99.13802,44.21558],[-99.14012,44.21771],[-99.14426,44.21749],[-99.14539,44.22043],[-99.1523,44.22065],[-99.15371,44.2184],[-99.15305,44.21398],[-99.15871,44.20881],[-99.15514,44.20462],[-99.15679,44.20298],[-99.1555,44.19987],[-99.15708,44.19635],[-99.15347,44.19167],[-99.15556,44.18759],[-99.1588,44.1859],[-99.15939,44.17875],[-99.15653,44.1768],[-99.15163,44.17756],[-99.1479,44.17309],[-99.15096,44.17128],[-99.15169,44.16346],[-99.1574,44.16022],[-99.1531,44.15508],[-99.14897,44.15506],[-99.14509,44.15731],[-99.14094,44.15576],[-99.14062,44.15056],[-99.13499,44.14842],[-99.13617,44.14678],[-99.13392,44.14553],[-99.12665,44.14461],[-99.12557,44.14197],[-99.12709,44.13966],[-99.12121,44.13792],[-99.11679,44.13413],[-99.10729,44.13865]],[[-98.89542,44.14776],[-98.89355,44.14764],[-98.89266,44.14933],[-98.88668,44.14931],[-98.88531,44.15375],[-98.87949,44.15454],[-98.87125,44.15944],[-98.86749,44.15951],[-98.86087,44.15566],[-98.85684,44.15706],[-98.85348,44.16407],[-98.85699,44.16547],[-98.8562,44.16868],[-98.85417,44.16965],[-98.8513,44.16849],[-98.84562,44.17179],[-98.84721,44.17467],[-98.84677,44.17674],[-98.84451,44.17725],[-98.85036,44.18195],[-98.85307,44.17934],[-98.85613,44.18067],[-98.86967,44.18018],[-98.87134,44.17971],[-98.87074,44.17795],[-98.88413,44.17626],[-98.88768,44.17888],[-98.89312,44.17808],[-98.89544,44.17409],[-98.89388,44.17319],[-98.89471,44.17142],[-98.89129,44.16507],[-98.89169,44.16223],[-98.89472,44.16038],[-98.89419,44.15894],[-98.89996,44.159],[-98.90584,44.15666],[-98.90433,44.15366],[-98.90768,44.14993],[-98.90583,44.14782],[-98.89931,44.14672],[-98.89542,44.14776]],[[-99.66274,44.28391],[-99.65435,44.29211],[-99.65111,44.29178],[-99.64709,44.29742],[-99.63854,44.30231],[-99.63464,44.3014],[-99.63591,44.30384],[-99.63183,44.30607],[-99.63196,44.30921],[-99.63833,44.30762],[-99.65083,44.31062],[-99.65429,44.30551],[-99.65837,44.304],[-99.65996,44.30515],[-99.66036,44.30149],[-99.65812,44.29901],[-99.65927,44.29571],[-99.66123,44.29395],[-99.66691,44.29494],[-99.67154,44.2929],[-99.66446,44.28375],[-99.66274,44.28391]],[[-100.10224,44.44378],[-100.09557,44.44523],[-100.08539,44.45378],[-100.08286,44.4534],[-100.07703,44.45694],[-100.06673,44.45999],[-100.05255,44.45842],[-100.04593,44.4639],[-100.04322,44.4642],[-100.03786,44.47207],[-100.04372,44.4702],[-100.04895,44.47114],[-100.05682,44.47667],[-100.06458,44.49188],[-100.07062,44.49688],[-100.07282,44.50604],[-100.07618,44.50665],[-100.07983,44.51116],[-100.09233,44.51489],[-100.09528,44.51435],[-100.09839,44.51311],[-100.10339,44.50339],[-100.10828,44.50267],[-100.1212,44.50397],[-100.12727,44.50953],[-100.13975,44.51099],[-100.13826,44.50899],[-100.13991,44.50387],[-100.13656,44.49893],[-100.13936,44.49545],[-100.13742,44.49433],[-100.14508,44.48963],[-100.14666,44.48787],[-100.14597,44.48615],[-100.15502,44.48505],[-100.15413,44.47784],[-100.15531,44.47634],[-100.15335,44.47459],[-100.14947,44.47442],[-100.14445,44.47029],[-100.13959,44.4732],[-100.13913,44.47062],[-100.13371,44.46507],[-100.1219,44.46117],[-100.12101,44.4568],[-100.11551,44.45314],[-100.11316,44.44905],[-100.11417,44.44648],[-100.10846,44.44104],[-100.10811,44.43893],[-100.10224,44.44378]],[[-100.17856,44.59899],[-100.18137,44.6026],[-100.17432,44.60962],[-100.17459,44.61222],[-100.16952,44.61597],[-100.16924,44.61791],[-100.16551,44.61946],[-100.16387,44.62345],[-100.15501,44.62687],[-100.14046,44.62888],[-100.13681,44.63115],[-100.13663,44.63814],[-100.13373,44.63859],[-100.13264,44.6425],[-100.13048,44.64374],[-100.12616,44.6435],[-100.12515,44.64019],[-100.12339,44.64183],[-100.11737,44.6425],[-100.11548,44.64481],[-100.11729,44.64691],[-100.11612,44.65176],[-100.11198,44.65167],[-100.10946,44.65837],[-100.09808,44.66392],[-100.0942,44.67533],[-100.08923,44.67581],[-100.08838,44.67848],[-100.08219,44.68028],[-100.08166,44.68327],[-100.07952,44.68496],[-100.0768,44.68455],[-100.07426,44.68777],[-100.07042,44.68931],[-100.06658,44.69037],[-100.06019,44.68684],[-100.05694,44.68826],[-100.05212,44.69135],[-100.05091,44.69466],[-100.04668,44.69556],[-100.04919,44.69851],[-100.04801,44.6997],[-100.04372,44.70112],[-100.02715,44.7009],[-100.0266,44.70245],[-100.02247,44.70356],[-100.0181,44.70965],[-100.01784,44.71234],[-100.01333,44.71396],[-100.01562,44.71832],[-100.01291,44.71953],[-100.01461,44.72165],[-100.00982,44.72687],[-100.01434,44.73009],[-100.0149,44.73252],[-100.02125,44.7326],[-100.02018,44.73775],[-100.03794,44.74334],[-100.03663,44.7463],[-100.03986,44.74907],[-100.03992,44.75091],[-100.03697,44.75838],[-100.05227,44.75891],[-100.05371,44.75771],[-100.05415,44.74952],[-100.06028,44.74895],[-100.06082,44.75082],[-100.06816,44.7514],[-100.07219,44.74643],[-100.0976,44.74635],[-100.10036,44.74772],[-100.10575,44.74653],[-100.10657,44.75071],[-100.10907,44.75094],[-100.11454,44.74619],[-100.11367,44.74362],[-100.11097,44.74314],[-100.1069,44.73847],[-100.11106,44.73365],[-100.10985,44.72995],[-100.12132,44.72959],[-100.12642,44.72522],[-100.1392,44.72357],[-100.14321,44.72161],[-100.14756,44.71436],[-100.14132,44.70767],[-100.1468,44.70518],[-100.15274,44.69938],[-100.16777,44.70356],[-100.17589,44.69761],[-100.17915,44.69296],[-100.17509,44.68944],[-100.17631,44.68795],[-100.18096,44.68741],[-100.18316,44.68481],[-100.19223,44.68021],[-100.21208,44.67847],[-100.21822,44.68009],[-100.22091,44.68316],[-100.22623,44.67863],[-100.23135,44.67767],[-100.23389,44.67518],[-100.24677,44.67389],[-100.24691,44.66899],[-100.25492,44.66266],[-100.25044,44.66034],[-100.25208,44.65188],[-100.25535,44.64806],[-100.26156,44.6451],[-100.25684,44.64139],[-100.25763,44.63962],[-100.26623,44.6375],[-100.26792,44.63395],[-100.26995,44.63326],[-100.27106,44.62897],[-100.2792,44.62635],[-100.27951,44.62391],[-100.28176,44.62241],[-100.28055,44.61943],[-100.28396,44.619],[-100.28271,44.61426],[-100.28366,44.61243],[-100.27992,44.60899],[-100.26622,44.60136],[-100.26319,44.59808],[-100.25839,44.59797],[-100.25581,44.59484],[-100.2539,44.59496],[-100.25661,44.59066],[-100.25708,44.58575],[-100.25396,44.58378],[-100.24617,44.58561],[-100.24008,44.58309],[-100.23415,44.58285],[-100.22674,44.57931],[-100.22025,44.58064],[-100.21794,44.57959],[-100.21573,44.58173],[-100.19744,44.58735],[-100.19671,44.58969],[-100.19406,44.5903],[-100.18812,44.59695],[-100.18403,44.59642],[-100.17856,44.59899]],[[-99.88425,44.76213],[-99.87772,44.7642],[-99.87697,44.76854],[-99.88053,44.77037],[-99.87966,44.77245],[-99.8718,44.77034],[-99.86988,44.77307],[-99.87898,44.77711],[-99.87798,44.7818],[-99.88659,44.78666],[-99.89262,44.79224],[-99.89319,44.79545],[-99.90453,44.79698],[-99.90743,44.79477],[-99.91353,44.79525],[-99.91149,44.78778],[-99.90764,44.78205],[-99.90458,44.78051],[-99.90433,44.77688],[-99.89611,44.76659],[-99.89971,44.76518],[-99.8997,44.76327],[-99.89835,44.76214],[-99.88664,44.76351],[-99.88425,44.76213]],[[-100.47946,44.32374],[-100.45753,44.31103],[-100.44642,44.30938],[-100.44668,44.31561],[-100.45362,44.31799],[-100.46358,44.32767],[-100.47576,44.32685],[-100.4758,44.32548],[-100.47946,44.32374]],[[-101.04782,44.13523],[-101.04797,44.13277],[-101.03871,44.12307],[-101.0401,44.12112],[-101.03755,44.11409],[-101.03115,44.10793],[-101.02752,44.1076],[-101.02725,44.11091],[-101.0303,44.11859],[-101.02371,44.12049],[-101.0235,44.12376],[-101.03089,44.12588],[-101.03306,44.12984],[-101.04261,44.13518],[-101.0478,44.1406],[-101.0494,44.13653],[-101.04782,44.13523]],[[-101.7793,44.05214],[-101.76482,44.04448],[-101.76504,44.04194],[-101.76287,44.03858],[-101.75681,44.03784],[-101.74831,44.03015],[-101.73424,44.03292],[-101.71693,44.02302],[-101.71347,44.02324],[-101.71568,44.0308],[-101.71983,44.03367],[-101.72223,44.03775],[-101.7261,44.03893],[-101.72801,44.04128],[-101.74652,44.0491],[-101.74894,44.04657],[-101.7555,44.04851],[-101.76782,44.05483],[-101.77874,44.06295],[-101.78093,44.05542],[-101.7793,44.05214]],[[-101.11479,44.09117],[-101.1116,44.09035],[-101.10899,44.08733],[-101.10526,44.08711],[-101.09656,44.09299],[-101.09831,44.10094],[-101.10503,44.10407],[-101.10532,44.10902],[-101.11453,44.11289],[-101.11601,44.11569],[-101.13215,44.11526],[-101.12807,44.11007],[-101.13149,44.10329],[-101.12855,44.09977],[-101.13004,44.09643],[-101.1257,44.09734],[-101.11883,44.09341],[-101.1166,44.09377],[-101.11479,44.09117]],[[-103.10158,43.4659],[-103.10354,43.46418],[-103.10148,43.46257],[-103.10513,43.45955],[-103.10257,43.45081],[-103.10394,43.44952],[-103.10283,43.44458],[-103.09473,43.44206],[-103.09081,43.43661],[-103.08436,43.43561],[-103.07773,43.44378],[-103.08021,43.44692],[-103.08134,43.45261],[-103.07842,43.46126],[-103.08025,43.46282],[-103.07896,43.46441],[-103.08485,43.46943],[-103.08479,43.47269],[-103.08976,43.47539],[-103.09408,43.47425],[-103.09302,43.47039],[-103.09828,43.46909],[-103.09919,43.46627],[-103.10158,43.4659]],[[-103.67975,43.13269],[-103.67465,43.12894],[-103.6739,43.12486],[-103.66999,43.12489],[-103.66698,43.12285],[-103.66403,43.12546],[-103.66205,43.1249],[-103.65725,43.12708],[-103.64727,43.12577],[-103.64866,43.13028],[-103.65194,43.1326],[-103.65203,43.13808],[-103.64676,43.14113],[-103.63557,43.13883],[-103.63367,43.14008],[-103.63399,43.14202],[-103.63793,43.14583],[-103.64218,43.1472],[-103.6465,43.14704],[-103.65288,43.14981],[-103.66364,43.14769],[-103.67493,43.1533],[-103.68256,43.15421],[-103.67774,43.1351],[-103.67975,43.13269]],[[-105.00093,43.54447],[-104.99495,43.54055],[-104.98844,43.53895],[-104.98389,43.53867],[-104.97873,43.54076],[-104.98398,43.54287],[-104.98814,43.54847],[-104.9894,43.55354],[-105.00221,43.55057],[-105.00093,43.54447]],[[-103.10542,43.87675],[-103.10227,43.87847],[-103.09241,43.87758],[-103.09145,43.88044],[-103.08999,43.87986],[-103.08512,43.88337],[-103.07984,43.88362],[-103.07409,43.89094],[-103.07515,43.8921],[-103.07965,43.89159],[-103.08201,43.89005],[-103.08478,43.89273],[-103.08864,43.89203],[-103.09033,43.8901],[-103.10596,43.89128],[-103.10673,43.88538],[-103.10945,43.88409],[-103.10992,43.88137],[-103.10968,43.87747],[-103.10542,43.87675]],[[-103.38274,44.7697],[-103.38559,44.76907],[-103.38462,44.76529],[-103.38619,44.76412],[-103.3767,44.75111],[-103.37369,44.73993],[-103.37515,44.7376],[-103.37118,44.73485],[-103.3672,44.73557],[-103.36253,44.73422],[-103.34909,44.71963],[-103.34291,44.71639],[-103.34029,44.71692],[-103.34024,44.71879],[-103.34614,44.72098],[-103.34774,44.72308],[-103.34784,44.72748],[-103.35414,44.73055],[-103.35915,44.73619],[-103.37017,44.7431],[-103.37217,44.75088],[-103.36678,44.75459],[-103.36457,44.75811],[-103.36496,44.76151],[-103.37592,44.77117],[-103.38029,44.77282],[-103.38232,44.77204],[-103.38139,44.7706],[-103.38274,44.7697]],[[-103.81297,44.73134],[-103.80887,44.72593],[-103.80051,44.72083],[-103.76928,44.71037],[-103.75956,44.7087],[-103.75256,44.7035],[-103.74657,44.70532],[-103.76479,44.71776],[-103.79158,44.72595],[-103.80999,44.73587],[-103.81299,44.73659],[-103.81297,44.73134]],[[-103.64311,44.68589],[-103.63384,44.67776],[-103.62453,44.6733],[-103.61401,44.6706],[-103.61316,44.66696],[-103.61034,44.66652],[-103.60823,44.66652],[-103.60456,44.67136],[-103.60489,44.67401],[-103.60265,44.67534],[-103.57776,44.67594],[-103.57431,44.67437],[-103.57077,44.67663],[-103.57202,44.67939],[-103.59264,44.68143],[-103.60463,44.68695],[-103.61604,44.68889],[-103.61743,44.68735],[-103.65015,44.69412],[-103.6482,44.69183],[-103.64832,44.68801],[-103.64315,44.68722],[-103.64311,44.68589]],[[-103.49986,44.67698],[-103.48804,44.67436],[-103.48864,44.67587],[-103.48512,44.67647],[-103.48522,44.67802],[-103.48883,44.67988],[-103.49986,44.67698]],[[-105.36078,43.9147],[-105.37186,43.91931],[-105.37803,43.91978],[-105.3794,43.91442],[-105.37589,43.91097],[-105.37689,43.90878],[-105.37488,43.90514],[-105.37679,43.90142],[-105.37498,43.89826],[-105.37676,43.89714],[-105.37792,43.89168],[-105.3762,43.88866],[-105.37826,43.88744],[-105.38401,43.88816],[-105.38169,43.88275],[-105.38363,43.87716],[-105.37952,43.87467],[-105.38276,43.86944],[-105.36645,43.86033],[-105.36288,43.86286],[-105.36281,43.86568],[-105.35654,43.87222],[-105.3529,43.87358],[-105.34782,43.87273],[-105.35044,43.87964],[-105.34635,43.88514],[-105.34642,43.88848],[-105.34828,43.88973],[-105.33722,43.89043],[-105.33507,43.89493],[-105.33832,43.90288],[-105.35043,43.90998],[-105.35284,43.91569],[-105.36078,43.9147]],[[-105.50116,43.8773],[-105.50633,43.87707],[-105.50845,43.88126],[-105.51172,43.88195],[-105.5111,43.87955],[-105.51857,43.87479],[-105.53018,43.87347],[-105.53152,43.86959],[-105.52746,43.86299],[-105.52862,43.86157],[-105.52753,43.8596],[-105.51999,43.85448],[-105.51447,43.85781],[-105.50607,43.85855],[-105.50239,43.86239],[-105.49791,43.86354],[-105.49318,43.87109],[-105.49645,43.87337],[-105.49528,43.87437],[-105.49722,43.87846],[-105.50116,43.8773]],[[-105.70751,43.84185],[-105.71319,43.83794],[-105.70904,43.83487],[-105.70588,43.83581],[-105.70751,43.84185]],[[-103.66758,44.79044],[-103.66445,44.79103],[-103.67139,44.79373],[-103.67025,44.79116],[-103.66758,44.79044]],[[-99.95281,45.05012],[-99.93982,45.05644],[-99.93939,45.06377],[-99.9314,45.0691],[-99.93088,45.07703],[-99.92502,45.08124],[-99.90727,45.08693],[-99.90492,45.08916],[-99.90752,45.09163],[-99.9074,45.09387],[-99.90299,45.09636],[-99.90323,45.09771],[-99.90758,45.09776],[-99.91088,45.10343],[-99.90675,45.10504],[-99.9046,45.10806],[-99.90145,45.10726],[-99.89944,45.11024],[-99.89905,45.11673],[-99.89329,45.1242],[-99.89295,45.12766],[-99.88753,45.12777],[-99.88645,45.13197],[-99.87739,45.13841],[-99.87583,45.13791],[-99.87251,45.14146],[-99.87114,45.15241],[-99.87804,45.15975],[-99.88063,45.16491],[-99.89047,45.17285],[-99.88808,45.17375],[-99.89105,45.17941],[-99.89268,45.18762],[-99.90411,45.19613],[-99.90247,45.19789],[-99.90371,45.20124],[-99.90189,45.20292],[-99.90402,45.20863],[-99.89938,45.2132],[-99.89724,45.21248],[-99.89564,45.2207],[-99.89116,45.22439],[-99.89263,45.22838],[-99.89812,45.23229],[-99.89916,45.24025],[-99.89743,45.24335],[-99.90249,45.24809],[-99.90633,45.24746],[-99.90707,45.24211],[-99.91054,45.24099],[-99.92185,45.24259],[-99.92619,45.24497],[-99.92591,45.25248],[-99.92797,45.25372],[-99.93086,45.25469],[-99.9332,45.25247],[-99.93691,45.25536],[-99.94461,45.25492],[-99.94745,45.25807],[-99.96128,45.2623],[-99.965,45.25618],[-99.96768,45.25569],[-99.97396,45.24979],[-99.98416,45.2512],[-99.9851,45.24825],[-99.98888,45.24776],[-99.99769,45.2506],[-99.9992,45.25259],[-100.01272,45.2502],[-100.01721,45.25091],[-100.01864,45.25493],[-100.00975,45.25766],[-100.01173,45.25938],[-100.03232,45.26016],[-100.0444,45.2534],[-100.05515,45.25357],[-100.05618,45.25165],[-100.05121,45.24275],[-100.05382,45.2408],[-100.0554,45.23581],[-100.05391,45.23169],[-100.05593,45.22099],[-100.05435,45.21826],[-100.0517,45.2185],[-100.04825,45.21544],[-100.04496,45.20975],[-100.03989,45.20591],[-100.04313,45.20259],[-100.03725,45.19957],[-100.03163,45.19353],[-100.03371,45.18996],[-100.03217,45.18653],[-100.03557,45.18544],[-100.03009,45.18317],[-100.02795,45.18057],[-100.03021,45.1763],[-100.02915,45.17401],[-100.0198,45.1703],[-100.01918,45.16448],[-100.02297,45.16037],[-100.02442,45.15622],[-100.0185,45.13911],[-100.01451,45.13703],[-100.01042,45.13786],[-100.00674,45.13354],[-100.00499,45.13511],[-100.00135,45.13478],[-100.00567,45.13033],[-100.00288,45.12512],[-99.996,45.11805],[-99.99965,45.11556],[-100.00042,45.11267],[-99.99755,45.10985],[-100.00285,45.10662],[-100.00157,45.10442],[-100.00278,45.10273],[-100.00144,45.10073],[-100.00328,45.0995],[-100.00242,45.09804],[-100.0086,45.09795],[-100.01446,45.09179],[-100.01456,45.08387],[-100.01612,45.08144],[-100.0131,45.07897],[-100.01249,45.07443],[-100.00571,45.07006],[-99.99723,45.05947],[-99.99168,45.06394],[-99.98011,45.05433],[-99.97722,45.04994],[-99.96495,45.05009],[-99.96367,45.04888],[-99.95281,45.05012]],[[-100.06203,45.41429],[-100.05336,45.41982],[-100.04469,45.41929],[-100.04527,45.42101],[-100.04389,45.42216],[-100.04629,45.4251],[-100.04029,45.42917],[-100.03762,45.42873],[-100.03792,45.4366],[-100.02596,45.43683],[-100.01974,45.44007],[-100.0173,45.43703],[-100.01047,45.43682],[-100.00709,45.43226],[-100.00841,45.43077],[-100.00318,45.43009],[-99.99839,45.43135],[-99.9965,45.43479],[-99.99161,45.43742],[-99.99167,45.44314],[-99.9799,45.44604],[-99.97706,45.45182],[-99.97169,45.45125],[-99.96592,45.45337],[-99.95878,45.45055],[-99.94424,45.44906],[-99.94151,45.45123],[-99.93475,45.44983],[-99.92756,45.45059],[-99.92443,45.44644],[-99.90722,45.44077],[-99.90332,45.43614],[-99.89949,45.43793],[-99.89121,45.43324],[-99.88724,45.43578],[-99.88465,45.43548],[-99.88365,45.43651],[-99.88616,45.43986],[-99.88602,45.44413],[-99.88331,45.45007],[-99.88716,45.45459],[-99.88703,45.45986],[-99.8848,45.46157],[-99.89158,45.46985],[-99.88607,45.47284],[-99.8775,45.47049],[-99.875,45.46763],[-99.87202,45.47056],[-99.87445,45.47255],[-99.8727,45.47687],[-99.86813,45.48164],[-99.85828,45.48405],[-99.85839,45.48593],[-99.86749,45.48751],[-99.86541,45.49017],[-99.86975,45.49275],[-99.87156,45.49615],[-99.8777,45.49558],[-99.88469,45.50277],[-99.89211,45.50238],[-99.89421,45.50043],[-99.89431,45.49701],[-99.89756,45.49385],[-99.90352,45.49665],[-99.91392,45.49648],[-99.92169,45.49113],[-99.93107,45.49516],[-99.93098,45.49698],[-99.93649,45.50124],[-99.93881,45.50144],[-99.94451,45.49707],[-99.94846,45.49938],[-99.95508,45.50028],[-99.95733,45.50533],[-99.96197,45.50714],[-99.97059,45.50618],[-99.98182,45.50784],[-99.98537,45.50986],[-99.98542,45.51256],[-99.99219,45.51628],[-99.99358,45.52016],[-99.99242,45.52418],[-99.9965,45.52473],[-99.99817,45.5278],[-99.99422,45.53297],[-99.99399,45.5358],[-99.99915,45.53629],[-99.99912,45.53848],[-100.01172,45.53847],[-100.02031,45.53485],[-100.03034,45.53769],[-100.0331,45.53652],[-100.04034,45.5383],[-100.04308,45.53606],[-100.04536,45.53684],[-100.04759,45.54077],[-100.05493,45.5376],[-100.05597,45.53537],[-100.06272,45.53533],[-100.06673,45.53265],[-100.07458,45.53622],[-100.08278,45.53529],[-100.08402,45.53698],[-100.0885,45.53671],[-100.09498,45.54057],[-100.0892,45.54777],[-100.09061,45.54894],[-100.0894,45.55396],[-100.09126,45.55668],[-100.08781,45.55978],[-100.09567,45.56295],[-100.08982,45.56787],[-100.09123,45.57235],[-100.08746,45.57616],[-100.07881,45.57937],[-100.07959,45.58111],[-100.08184,45.58298],[-100.08706,45.58131],[-100.08828,45.58355],[-100.10515,45.5922],[-100.10523,45.60648],[-100.10759,45.61122],[-100.11083,45.61071],[-100.11093,45.61386],[-100.11267,45.61512],[-100.11372,45.61823],[-100.11262,45.62479],[-100.1218,45.62488],[-100.12411,45.62592],[-100.12506,45.62888],[-100.12834,45.62966],[-100.13113,45.62819],[-100.13349,45.62114],[-100.13662,45.62003],[-100.14472,45.6248],[-100.14633,45.62837],[-100.15433,45.63146],[-100.15555,45.63319],[-100.14996,45.63767],[-100.14863,45.64106],[-100.15141,45.64233],[-100.15165,45.64613],[-100.16007,45.6483],[-100.16411,45.65196],[-100.16109,45.65505],[-100.15677,45.6559],[-100.15491,45.65828],[-100.15427,45.6635],[-100.16039,45.66641],[-100.16056,45.6703],[-100.16725,45.67415],[-100.17278,45.67981],[-100.16967,45.68339],[-100.16946,45.68829],[-100.18043,45.68803],[-100.18545,45.69226],[-100.1835,45.69705],[-100.17889,45.69574],[-100.17277,45.69872],[-100.16666,45.69792],[-100.16198,45.69921],[-100.15448,45.70482],[-100.14495,45.70508],[-100.14433,45.70861],[-100.14172,45.70987],[-100.13981,45.71611],[-100.13672,45.71887],[-100.13738,45.72387],[-100.13292,45.72644],[-100.1324,45.73051],[-100.1296,45.73234],[-100.12741,45.73715],[-100.12209,45.73448],[-100.1217,45.73689],[-100.10599,45.73551],[-100.09443,45.73968],[-100.09329,45.74657],[-100.09491,45.74754],[-100.09494,45.75176],[-100.09881,45.75454],[-100.10016,45.759],[-100.10567,45.76305],[-100.09848,45.77031],[-100.09956,45.77319],[-100.1047,45.77528],[-100.1147,45.7709],[-100.11727,45.76721],[-100.12402,45.77203],[-100.12737,45.78326],[-100.13006,45.78601],[-100.13578,45.78426],[-100.1414,45.78495],[-100.14418,45.78313],[-100.14317,45.78142],[-100.14446,45.78002],[-100.14908,45.77961],[-100.15315,45.77532],[-100.15317,45.77314],[-100.15809,45.77173],[-100.17027,45.77165],[-100.17875,45.77673],[-100.18833,45.77479],[-100.19144,45.77059],[-100.19515,45.77172],[-100.19853,45.76564],[-100.20189,45.7642],[-100.2199,45.76987],[-100.22434,45.76715],[-100.22358,45.76393],[-100.22951,45.7638],[-100.23286,45.76553],[-100.23428,45.75841],[-100.23177,45.75652],[-100.22968,45.74899],[-100.22744,45.74755],[-100.22927,45.74429],[-100.22721,45.74219],[-100.22736,45.73923],[-100.21178,45.72769],[-100.20816,45.71995],[-100.20367,45.71946],[-100.19728,45.71392],[-100.19622,45.70936],[-100.20377,45.70074],[-100.20229,45.69659],[-100.20733,45.69267],[-100.21169,45.68487],[-100.20982,45.68337],[-100.21027,45.68099],[-100.21343,45.68025],[-100.21373,45.67859],[-100.22482,45.67745],[-100.23433,45.67222],[-100.24719,45.6707],[-100.25139,45.66389],[-100.25066,45.65852],[-100.25374,45.65647],[-100.25244,45.65355],[-100.2543,45.6511],[-100.25386,45.64806],[-100.25057,45.64575],[-100.25592,45.64235],[-100.24713,45.63595],[-100.23942,45.63464],[-100.23562,45.6319],[-100.21501,45.63471],[-100.21049,45.62972],[-100.2047,45.62664],[-100.20657,45.62363],[-100.20594,45.62205],[-100.21073,45.62153],[-100.21364,45.61479],[-100.22273,45.61296],[-100.22748,45.60609],[-100.23412,45.60895],[-100.23795,45.60749],[-100.2392,45.60625],[-100.23821,45.6033],[-100.23924,45.60033],[-100.24618,45.59928],[-100.2483,45.59522],[-100.25141,45.59437],[-100.25192,45.58908],[-100.25639,45.58563],[-100.25714,45.58312],[-100.25517,45.58034],[-100.24516,45.57679],[-100.24461,45.57193],[-100.24675,45.56865],[-100.24385,45.56749],[-100.24156,45.56258],[-100.24906,45.55704],[-100.25177,45.55699],[-100.24968,45.54986],[-100.25616,45.54694],[-100.25388,45.54086],[-100.25859,45.537],[-100.25021,45.53536],[-100.24799,45.5327],[-100.24996,45.53031],[-100.24828,45.52854],[-100.24056,45.53593],[-100.2366,45.53568],[-100.23526,45.53342],[-100.23331,45.53488],[-100.22637,45.53506],[-100.22424,45.53295],[-100.22065,45.5352],[-100.21118,45.53423],[-100.21297,45.52958],[-100.20748,45.52162],[-100.20277,45.52217],[-100.20182,45.52613],[-100.1993,45.52811],[-100.19529,45.52897],[-100.19284,45.52782],[-100.18554,45.5299],[-100.17897,45.52394],[-100.17622,45.5236],[-100.17268,45.52589],[-100.17,45.52495],[-100.16651,45.51975],[-100.16689,45.51214],[-100.17001,45.51098],[-100.17221,45.50549],[-100.1693,45.50362],[-100.16923,45.49993],[-100.17798,45.49665],[-100.17945,45.49278],[-100.17674,45.4882],[-100.18522,45.48582],[-100.19187,45.48952],[-100.19183,45.49124],[-100.19945,45.4917],[-100.20748,45.48827],[-100.20683,45.48471],[-100.19961,45.48143],[-100.20255,45.47813],[-100.20482,45.4703],[-100.22037,45.46403],[-100.21743,45.46007],[-100.2119,45.46361],[-100.20694,45.46388],[-100.20287,45.46145],[-100.20204,45.45901],[-100.19673,45.45895],[-100.1881,45.45596],[-100.18729,45.45317],[-100.1849,45.45247],[-100.18643,45.44992],[-100.18387,45.44853],[-100.16621,45.44186],[-100.16535,45.43997],[-100.15914,45.43987],[-100.15284,45.43736],[-100.14831,45.43301],[-100.14395,45.43278],[-100.14142,45.4348],[-100.13563,45.43192],[-100.13104,45.43188],[-100.13097,45.43023],[-100.12762,45.43128],[-100.11789,45.42859],[-100.11257,45.42852],[-100.10894,45.43064],[-100.11037,45.43195],[-100.10816,45.43258],[-100.10268,45.43163],[-100.09041,45.4172],[-100.08302,45.41818],[-100.06886,45.41156],[-100.06433,45.41128],[-100.06564,45.41305],[-100.06361,45.41485],[-100.06203,45.41429]],[[-99.79776,45.51323],[-99.79135,45.50936],[-99.78076,45.50812],[-99.77686,45.50941],[-99.7753,45.50703],[-99.77092,45.50682],[-99.76627,45.50828],[-99.76478,45.51194],[-99.76928,45.51391],[-99.76988,45.51717],[-99.77542,45.51683],[-99.78049,45.52184],[-99.79215,45.52493],[-99.80073,45.52115],[-99.79607,45.51796],[-99.79794,45.51709],[-99.79668,45.51544],[-99.79776,45.51323]],[[-99.83872,45.20734],[-99.83548,45.20435],[-99.83422,45.20043],[-99.83596,45.19353],[-99.83429,45.19086],[-99.83468,45.18789],[-99.83962,45.18355],[-99.84454,45.17385],[-99.84436,45.1691],[-99.84027,45.1673],[-99.84177,45.16372],[-99.83717,45.16484],[-99.82914,45.16996],[-99.82706,45.16946],[-99.82511,45.17224],[-99.82014,45.16985],[-99.80904,45.17244],[-99.80838,45.17466],[-99.79906,45.17897],[-99.79674,45.18357],[-99.79892,45.18675],[-99.79742,45.19359],[-99.80201,45.19424],[-99.80184,45.199],[-99.80439,45.20095],[-99.80434,45.20313],[-99.81285,45.21594],[-99.81653,45.21708],[-99.83663,45.21408],[-99.83872,45.20734]],[[-100.71415,45.62031],[-100.70519,45.61973],[-100.70466,45.62114],[-100.70075,45.6214],[-100.7028,45.63404],[-100.70036,45.63764],[-100.70206,45.64247],[-100.71221,45.64003],[-100.71473,45.6421],[-100.71132,45.64256],[-100.71439,45.64484],[-100.71926,45.64347],[-100.72241,45.64017],[-100.72154,45.63871],[-100.72366,45.63209],[-100.71897,45.62861],[-100.71652,45.62112],[-100.71415,45.62031]],[[-101.19934,45.55606],[-101.18824,45.55126],[-101.17749,45.55161],[-101.17533,45.54945],[-101.16507,45.55464],[-101.15795,45.55205],[-101.15548,45.55367],[-101.15852,45.55939],[-101.15635,45.55995],[-101.15859,45.56054],[-101.15839,45.56347],[-101.16379,45.56245],[-101.16584,45.55999],[-101.16972,45.56395],[-101.17532,45.56579],[-101.17884,45.56656],[-101.18307,45.56484],[-101.1981,45.57766],[-101.20418,45.575],[-101.2085,45.57521],[-101.20243,45.56603],[-101.20561,45.56189],[-101.20495,45.55935],[-101.20633,45.55718],[-101.19934,45.55606]],[[-103.63142,45.59539],[-103.6416,45.60146],[-103.64323,45.60691],[-103.64518,45.60717],[-103.64778,45.6046],[-103.64683,45.60099],[-103.64474,45.60097],[-103.64188,45.59624],[-103.63684,45.59451],[-103.63552,45.59116],[-103.63101,45.59078],[-103.63009,45.59418],[-103.63142,45.59539]],[[-103.22529,45.7977],[-103.21084,45.79249],[-103.19388,45.79137],[-103.1947,45.79375],[-103.19327,45.79453],[-103.18657,45.79528],[-103.18757,45.79739],[-103.18415,45.80011],[-103.18279,45.80421],[-103.1872,45.80702],[-103.18825,45.80859],[-103.18709,45.81238],[-103.19031,45.81392],[-103.20154,45.81209],[-103.21769,45.81475],[-103.22191,45.80806],[-103.22956,45.80653],[-103.22836,45.80296],[-103.22974,45.80111],[-103.22529,45.7977]],[[-102.39319,45.82316],[-102.401,45.83032],[-102.41486,45.83607],[-102.42089,45.83411],[-102.42227,45.83213],[-102.42084,45.82927],[-102.42358,45.82695],[-102.42134,45.82278],[-102.41323,45.81506],[-102.41224,45.81303],[-102.41361,45.81012],[-102.41077,45.80687],[-102.40657,45.80882],[-102.40279,45.8072],[-102.39518,45.80831],[-102.39414,45.81009],[-102.3953,45.81763],[-102.38844,45.81984],[-102.39319,45.82316]],[[-102.60796,45.90694],[-102.60334,45.91159],[-102.6035,45.91371],[-102.60794,45.91629],[-102.60486,45.91804],[-102.60516,45.92181],[-102.60207,45.92328],[-102.60581,45.9275],[-102.61569,45.93142],[-102.61617,45.92935],[-102.62043,45.92896],[-102.62055,45.92751],[-102.62651,45.92454],[-102.62924,45.9175],[-102.63543,45.91631],[-102.63695,45.91036],[-102.63968,45.90751],[-102.63647,45.90523],[-102.64176,45.90041],[-102.63975,45.8944],[-102.63475,45.89323],[-102.63249,45.89776],[-102.62515,45.89995],[-102.62495,45.90243],[-102.62101,45.9049],[-102.61177,45.90419],[-102.60796,45.90694]],[[-100.23202,46.04254],[-100.22916,46.03761],[-100.2302,46.03499],[-100.23316,46.03335],[-100.23311,46.03123],[-100.23197,46.02955],[-100.21935,46.02704],[-100.21928,46.02272],[-100.22219,46.01909],[-100.21503,46.00863],[-100.21003,46.00636],[-100.20597,46.00221],[-100.20562,45.99871],[-100.198,45.99221],[-100.19766,45.98922],[-100.18855,45.98598],[-100.18886,45.98189],[-100.17917,45.9722],[-100.17345,45.97346],[-100.17003,45.9693],[-100.17178,45.96867],[-100.17131,45.96689],[-100.16673,45.96501],[-100.16364,45.96593],[-100.16137,45.9702],[-100.15742,45.97221],[-100.15707,45.97438],[-100.1402,45.97588],[-100.12892,45.98063],[-100.11859,45.97492],[-100.11566,45.97681],[-100.10923,45.97657],[-100.10937,45.97813],[-100.10595,45.97926],[-100.10436,45.98266],[-100.10156,45.98404],[-100.09694,45.99257],[-100.08497,45.99455],[-100.08547,45.99591],[-100.0833,45.99744],[-100.08633,46.00185],[-100.08554,46.00368],[-100.08765,46.00835],[-100.08646,46.00919],[-100.08139,46.00671],[-100.07026,46.01108],[-100.06565,46.00934],[-100.06494,46.00759],[-100.06055,46.00869],[-100.0564,46.01461],[-100.05297,46.01509],[-100.04622,46.01275],[-100.041,46.01964],[-100.03903,46.03055],[-100.04391,46.03334],[-100.04398,46.03589],[-100.04814,46.03615],[-100.05013,46.04172],[-100.04735,46.04331],[-100.04483,46.04037],[-100.03741,46.03907],[-100.03545,46.04179],[-100.03776,46.04369],[-100.03705,46.04657],[-100.0346,46.04678],[-100.03073,46.05169],[-100.02375,46.05318],[-100.02358,46.05596],[-100.02515,46.05676],[-100.02252,46.05899],[-100.02427,46.0594],[-100.01231,46.06577],[-100.0113,46.07018],[-100.00742,46.06791],[-100.00152,46.06906],[-99.99934,46.06602],[-99.99133,46.06662],[-99.98975,46.0623],[-99.98367,46.06103],[-99.97947,46.06246],[-99.97294,46.06126],[-99.96562,46.06257],[-99.9601,46.0598],[-99.95958,46.06222],[-99.95507,46.06281],[-99.95322,46.06006],[-99.95449,46.0569],[-99.94777,46.05311],[-99.94422,46.05411],[-99.92627,46.04995],[-99.9121,46.04434],[-99.91129,46.04213],[-99.90801,46.04204],[-99.90507,46.03921],[-99.89738,46.04056],[-99.88902,46.03401],[-99.88849,46.03207],[-99.89342,46.02803],[-99.88469,46.02389],[-99.88303,46.02142],[-99.88275,46.01516],[-99.87975,46.01433],[-99.87685,46.00881],[-99.87138,46.00497],[-99.86032,46.00123],[-99.85791,46.00222],[-99.85027,45.99921],[-99.84724,45.99961],[-99.83822,46.00191],[-99.82889,46.00704],[-99.82207,46.00646],[-99.81759,46.0031],[-99.79852,46.00175],[-99.79501,45.9975],[-99.79233,45.99675],[-99.79354,45.99483],[-99.78445,45.99098],[-99.77941,45.9916],[-99.77543,45.99495],[-99.77176,45.99374],[-99.77044,45.9946],[-99.7712,45.99699],[-99.7694,46.00221],[-99.76164,46.00374],[-99.75831,46.00689],[-99.75019,46.00734],[-99.74239,46.01273],[-99.74319,46.01963],[-99.74805,46.02511],[-99.75207,46.02672],[-99.75209,46.03043],[-99.75364,46.03086],[-99.75351,46.03673],[-99.74993,46.03787],[-99.75173,46.0423],[-99.75563,46.0428],[-99.7584,46.04578],[-99.76325,46.04738],[-99.76512,46.05221],[-99.76909,46.05273],[-99.77628,46.05866],[-99.77816,46.05761],[-99.78477,46.05942],[-99.78944,46.05847],[-99.79596,46.06058],[-99.79969,46.05951],[-99.80759,46.06424],[-99.81824,46.06423],[-99.82423,46.07084],[-99.83404,46.074],[-99.84116,46.07405],[-99.8452,46.07829],[-99.84922,46.0797],[-99.8496,46.0825],[-99.84839,46.08329],[-99.85128,46.08614],[-99.85032,46.08898],[-99.85309,46.09008],[-99.86705,46.09035],[-99.86681,46.08847],[-99.87283,46.08636],[-99.88357,46.08798],[-99.88719,46.08662],[-99.88918,46.08431],[-99.88676,46.08251],[-99.89129,46.08043],[-99.8934,46.07731],[-99.8917,46.0766],[-99.89481,46.07493],[-99.91327,46.07379],[-99.92682,46.08337],[-99.92576,46.08686],[-99.9348,46.09105],[-99.93358,46.09273],[-99.93692,46.09641],[-99.93652,46.09901],[-99.93917,46.10048],[-99.93225,46.10338],[-99.93124,46.10515],[-99.93718,46.10758],[-99.93781,46.10977],[-99.94329,46.11346],[-99.95051,46.11222],[-99.96154,46.11833],[-99.96537,46.11731],[-99.96546,46.12025],[-99.97077,46.12711],[-99.97007,46.12914],[-99.97448,46.1325],[-99.97601,46.13623],[-99.97922,46.13742],[-99.97973,46.14243],[-99.98247,46.14736],[-99.98941,46.14972],[-99.99697,46.14721],[-99.9999,46.14846],[-100.00254,46.14585],[-100.00168,46.14487],[-100.0063,46.14234],[-100.02165,46.1382],[-100.03621,46.12864],[-100.03432,46.12416],[-100.03562,46.12201],[-100.03352,46.11892],[-100.03448,46.11608],[-100.03238,46.11445],[-100.03195,46.11027],[-100.03857,46.10857],[-100.0394,46.10774],[-100.03608,46.10676],[-100.04223,46.10139],[-100.04956,46.10342],[-100.06476,46.09703],[-100.06429,46.09431],[-100.06787,46.08813],[-100.06963,46.08793],[-100.07057,46.08992],[-100.07285,46.08923],[-100.07632,46.09085],[-100.08033,46.09534],[-100.07802,46.09588],[-100.07557,46.09981],[-100.08658,46.10183],[-100.09055,46.10735],[-100.09681,46.11108],[-100.10643,46.11045],[-100.11343,46.10585],[-100.128,46.10686],[-100.1321,46.1091],[-100.13543,46.10891],[-100.13709,46.10615],[-100.13989,46.10611],[-100.14433,46.10275],[-100.14554,46.10565],[-100.15006,46.10885],[-100.16044,46.1118],[-100.16308,46.11773],[-100.16908,46.1234],[-100.17242,46.12515],[-100.1764,46.12121],[-100.18229,46.12323],[-100.18718,46.12211],[-100.19372,46.12535],[-100.19872,46.13061],[-100.20678,46.1335],[-100.21015,46.13831],[-100.21357,46.13643],[-100.21214,46.13558],[-100.21408,46.13213],[-100.20744,46.12529],[-100.21379,46.12064],[-100.2223,46.1215],[-100.22696,46.11827],[-100.22342,46.11456],[-100.22604,46.10941],[-100.2224,46.09732],[-100.219,46.09354],[-100.22048,46.08968],[-100.21822,46.08595],[-100.2334,46.07632],[-100.23887,46.06817],[-100.23729,46.06701],[-100.24076,46.05487],[-100.24362,46.05435],[-100.23838,46.04504],[-100.23202,46.04254]],[[-99.59485,45.87044],[-99.58731,45.87155],[-99.57326,45.86926],[-99.5638,45.8734],[-99.56025,45.87301],[-99.55816,45.87739],[-99.56325,45.88016],[-99.56656,45.87916],[-99.56957,45.88114],[-99.57679,45.8765],[-99.58233,45.87923],[-99.58375,45.88227],[-99.59154,45.8837],[-99.59388,45.8878],[-99.59828,45.8883],[-99.60167,45.88744],[-99.60388,45.88387],[-99.61003,45.88116],[-99.61169,45.87746],[-99.60597,45.87011],[-99.59485,45.87044]],[[-99.49685,45.8803],[-99.50526,45.87768],[-99.50827,45.87366],[-99.50879,45.86795],[-99.50622,45.86398],[-99.50823,45.86084],[-99.51525,45.85633],[-99.51366,45.85389],[-99.50579,45.85457],[-99.49823,45.85933],[-99.49645,45.85874],[-99.49258,45.86083],[-99.4844,45.86869],[-99.4811,45.86873],[-99.48052,45.8759],[-99.47724,45.87712],[-99.48191,45.8818],[-99.49437,45.88364],[-99.49685,45.8803]],[[-100.40846,46.35847],[-100.41877,46.35055],[-100.42134,46.35244],[-100.42382,46.34955],[-100.42865,46.34966],[-100.42991,46.3443],[-100.43345,46.34346],[-100.43486,46.34],[-100.43979,46.33707],[-100.44042,46.33179],[-100.43862,46.33081],[-100.44077,46.32853],[-100.44019,46.32665],[-100.42832,46.32635],[-100.41067,46.31931],[-100.40033,46.32577],[-100.40181,46.33734],[-100.4007,46.33962],[-100.40248,46.34106],[-100.39941,46.34196],[-100.40039,46.34298],[-100.39894,46.34384],[-100.40362,46.34598],[-100.399,46.34934],[-100.39972,46.35235],[-100.39854,46.35362],[-100.40061,46.35753],[-100.39964,46.35884],[-100.40324,46.3636],[-100.40731,46.36164],[-100.40846,46.35847]],[[-101.21251,46.54761],[-101.22435,46.54837],[-101.23446,46.54545],[-101.23998,46.54544],[-101.24105,46.54294],[-101.23948,46.54013],[-101.23981,46.53352],[-101.24257,46.53286],[-101.24355,46.52428],[-101.24641,46.52323],[-101.2384,46.52262],[-101.2366,46.51995],[-101.22457,46.51959],[-101.21973,46.518],[-101.20989,46.52177],[-101.2057,46.52037],[-101.19509,46.52086],[-101.19495,46.53045],[-101.19737,46.53137],[-101.19758,46.53444],[-101.19524,46.53735],[-101.19638,46.5391],[-101.19536,46.53978],[-101.19809,46.54183],[-101.1934,46.54579],[-101.19917,46.54693],[-101.20329,46.55064],[-101.20955,46.54997],[-101.21251,46.54761]],[[-100.41116,46.6619],[-100.43983,46.67014],[-100.44048,46.66888],[-100.43689,46.66379],[-100.43317,46.66153],[-100.43415,46.65784],[-100.43205,46.65665],[-100.43465,46.65514],[-100.43469,46.65326],[-100.43037,46.64915],[-100.43595,46.64539],[-100.43487,46.63991],[-100.43813,46.63498],[-100.4365,46.63325],[-100.44178,46.62534],[-100.44393,46.62606],[-100.44731,46.62276],[-100.4443,46.62027],[-100.44572,46.6191],[-100.44366,46.6162],[-100.43432,46.61504],[-100.43078,46.61096],[-100.42596,46.60998],[-100.41419,46.60331],[-100.41078,46.60544],[-100.4034,46.60323],[-100.39482,46.60405],[-100.3882,46.60023],[-100.38077,46.59911],[-100.37644,46.60561],[-100.37869,46.61216],[-100.3829,46.61519],[-100.38817,46.61681],[-100.39258,46.61605],[-100.39567,46.61855],[-100.39334,46.62135],[-100.39558,46.62371],[-100.39581,46.62981],[-100.40538,46.63665],[-100.40867,46.64236],[-100.40363,46.64499],[-100.40197,46.65129],[-100.39992,46.65328],[-100.40386,46.65922],[-100.41116,46.6619]],[[-101.89829,46.95544],[-101.90687,46.95887],[-101.91443,46.95178],[-101.9192,46.95128],[-101.92256,46.95282],[-101.9224,46.95646],[-101.92884,46.96307],[-101.92684,46.96901],[-101.93323,46.97084],[-101.9419,46.97896],[-101.95093,46.98303],[-101.95233,46.98166],[-101.95651,46.98184],[-101.96531,46.9829],[-101.9704,46.98533],[-101.97461,46.97971],[-101.98138,46.98186],[-101.98736,46.97987],[-101.99129,46.98041],[-102.00184,46.98504],[-102.004,46.97402],[-102.003,46.97195],[-102.01032,46.9701],[-102.01132,46.96833],[-102.00433,46.96292],[-102.00425,46.95734],[-101.99992,46.95565],[-101.99679,46.95131],[-101.99299,46.94968],[-101.99592,46.94619],[-101.99021,46.94144],[-101.98342,46.94082],[-101.9838,46.9383],[-101.9811,46.9361],[-101.9701,46.93324],[-101.96228,46.92694],[-101.95748,46.92477],[-101.94791,46.92382],[-101.94737,46.92223],[-101.93509,46.91678],[-101.9344,46.9179],[-101.937,46.92101],[-101.93427,46.92346],[-101.93608,46.92627],[-101.93314,46.93021],[-101.93452,46.93385],[-101.92955,46.9364],[-101.93226,46.94014],[-101.93007,46.94211],[-101.93146,46.94342],[-101.92298,46.9425],[-101.92302,46.94087],[-101.91935,46.93813],[-101.91394,46.94245],[-101.89701,46.94876],[-101.88972,46.9497],[-101.89105,46.95305],[-101.88979,46.95485],[-101.89829,46.95544]],[[-100.94209,47.0018],[-100.93879,47.00469],[-100.93166,47.00718],[-100.9253,47.00516],[-100.91237,47.00764],[-100.91219,47.01269],[-100.91428,47.01435],[-100.91595,47.01415],[-100.91776,47.01039],[-100.92732,47.01098],[-100.93541,47.01461],[-100.93609,47.01627],[-100.94189,47.01779],[-100.94559,47.02103],[-100.9536,47.02075],[-100.95764,47.0261],[-100.94009,47.02512],[-100.93443,47.02831],[-100.92053,47.02402],[-100.9169,47.0215],[-100.90703,47.02263],[-100.90433,47.02237],[-100.90216,47.0198],[-100.89738,47.02085],[-100.89174,47.02588],[-100.88658,47.02486],[-100.88513,47.02654],[-100.88526,47.03359],[-100.88652,47.03674],[-100.89125,47.04092],[-100.89074,47.04372],[-100.8931,47.04832],[-100.90545,47.0496],[-100.92018,47.05968],[-100.92509,47.05807],[-100.92895,47.05877],[-100.92948,47.05729],[-100.94243,47.05973],[-100.95278,47.05779],[-100.95429,47.05563],[-100.96951,47.05528],[-100.97255,47.04809],[-100.97718,47.04457],[-100.9793,47.04059],[-100.98211,47.03989],[-100.98373,47.03613],[-100.98246,47.03296],[-100.98013,47.03184],[-100.97982,47.02812],[-100.96595,47.02535],[-100.96835,47.01906],[-100.96588,47.01252],[-100.96157,47.00892],[-100.95603,47.00717],[-100.94925,47.00067],[-100.94209,47.0018]],[[-101.4088,47.40245],[-101.4243,47.41221],[-101.42642,47.41736],[-101.43754,47.41787],[-101.44373,47.41378],[-101.4417,47.40733],[-101.44505,47.40483],[-101.44828,47.39662],[-101.44871,47.39161],[-101.4472,47.39046],[-101.44962,47.38629],[-101.4427,47.38614],[-101.44107,47.38474],[-101.44291,47.38141],[-101.44901,47.37708],[-101.45369,47.37458],[-101.45787,47.37527],[-101.46399,47.36838],[-101.46181,47.3665],[-101.45252,47.36896],[-101.45102,47.36707],[-101.44168,47.36791],[-101.44047,47.37019],[-101.43774,47.3687],[-101.43479,47.37092],[-101.42334,47.37398],[-101.42039,47.37738],[-101.41564,47.36973],[-101.41559,47.36523],[-101.41411,47.36417],[-101.40452,47.36779],[-101.38914,47.36772],[-101.385,47.37231],[-101.38576,47.37465],[-101.39416,47.37931],[-101.3958,47.38366],[-101.3991,47.3849],[-101.39771,47.38767],[-101.40907,47.40083],[-101.4088,47.40245]],[[-101.39476,47.28124],[-101.39729,47.28709],[-101.40651,47.29093],[-101.40744,47.29521],[-101.40638,47.30031],[-101.4044,47.30107],[-101.41305,47.3111],[-101.4165,47.3089],[-101.41669,47.30282],[-101.42115,47.30129],[-101.42216,47.29945],[-101.42995,47.29735],[-101.43546,47.28753],[-101.43741,47.28727],[-101.44689,47.2939],[-101.44514,47.29805],[-101.44644,47.30333],[-101.44383,47.30567],[-101.44406,47.30767],[-101.45204,47.30775],[-101.45485,47.30697],[-101.45448,47.30419],[-101.45831,47.30235],[-101.45669,47.2986],[-101.45902,47.29595],[-101.4618,47.29418],[-101.4666,47.29425],[-101.46666,47.29236],[-101.46392,47.29044],[-101.46657,47.28793],[-101.46448,47.28151],[-101.46082,47.27943],[-101.47182,47.27368],[-101.47007,47.27353],[-101.46895,47.27009],[-101.45893,47.26997],[-101.459,47.26787],[-101.45498,47.26612],[-101.45322,47.2627],[-101.45444,47.25942],[-101.44596,47.25904],[-101.4422,47.25474],[-101.43829,47.25697],[-101.4375,47.26019],[-101.43414,47.26069],[-101.41897,47.26015],[-101.41263,47.2623],[-101.40649,47.26212],[-101.40236,47.26155],[-101.39787,47.25811],[-101.39741,47.26426],[-101.39182,47.26373],[-101.38792,47.2646],[-101.38747,47.26598],[-101.38231,47.26513],[-101.37842,47.26648],[-101.37983,47.27403],[-101.39131,47.27445],[-101.39385,47.27626],[-101.39476,47.28124]],[[-101.74609,47.75594],[-101.74249,47.75378],[-101.74963,47.751],[-101.75194,47.74713],[-101.75088,47.74514],[-101.75287,47.74417],[-101.76082,47.74492],[-101.77263,47.75077],[-101.77768,47.7493],[-101.7762,47.74772],[-101.77986,47.74549],[-101.7847,47.74695],[-101.78913,47.74592],[-101.7922,47.74936],[-101.79816,47.7468],[-101.79916,47.74368],[-101.79846,47.74134],[-101.78661,47.73543],[-101.78058,47.73419],[-101.76271,47.73345],[-101.75834,47.73584],[-101.74942,47.73101],[-101.74718,47.73197],[-101.74175,47.73024],[-101.74044,47.73024],[-101.73937,47.73354],[-101.73649,47.73378],[-101.72732,47.72925],[-101.72538,47.73008],[-101.72194,47.72869],[-101.72194,47.72703],[-101.72002,47.72623],[-101.71637,47.72718],[-101.71537,47.72383],[-101.71287,47.72272],[-101.71056,47.72308],[-101.71136,47.72431],[-101.70937,47.72559],[-101.70441,47.72591],[-101.70579,47.73038],[-101.6984,47.73228],[-101.69863,47.73622],[-101.69489,47.73721],[-101.70745,47.74845],[-101.72303,47.75125],[-101.72954,47.75425],[-101.73094,47.75866],[-101.72805,47.76159],[-101.7415,47.76305],[-101.74432,47.76149],[-101.74609,47.75594]],[[-103.08001,48.07903],[-103.08206,48.07798],[-103.08812,48.07989],[-103.09457,48.07942],[-103.10042,48.08339],[-103.11371,48.08412],[-103.1207,48.08248],[-103.11485,48.07827],[-103.10262,48.07539],[-103.09894,48.07228],[-103.09541,48.06725],[-103.09498,48.06333],[-103.09289,48.06227],[-103.08493,48.0635],[-103.08146,48.06047],[-103.0743,48.06259],[-103.07149,48.05951],[-103.06389,48.06246],[-103.06299,48.0636],[-103.06508,48.06544],[-103.07077,48.07985],[-103.08001,48.07903]],[[-110.17547,46.18102],[-110.17299,46.17948],[-110.17396,46.17613],[-110.16613,46.17878],[-110.1621,46.17722],[-110.15653,46.1783],[-110.1572,46.18249],[-110.15056,46.19183],[-110.15317,46.19212],[-110.16246,46.18523],[-110.17356,46.18476],[-110.17739,46.18628],[-110.17547,46.18102]],[[-109.51923,45.96473],[-109.50739,45.95946],[-109.50053,45.95941],[-109.49685,45.95484],[-109.49344,45.95412],[-109.49354,45.95192],[-109.49577,45.95057],[-109.49146,45.94558],[-109.4922,45.94327],[-109.49434,45.94261],[-109.49441,45.93446],[-109.49145,45.93269],[-109.49383,45.92953],[-109.48045,45.93028],[-109.47376,45.93328],[-109.46809,45.93323],[-109.4629,45.93514],[-109.43346,45.92969],[-109.42793,45.9273],[-109.42671,45.92423],[-109.42047,45.91965],[-109.41929,45.91648],[-109.40336,45.90959],[-109.39694,45.89807],[-109.38536,45.89667],[-109.37962,45.89333],[-109.3685,45.89108],[-109.36249,45.88626],[-109.33808,45.88768],[-109.33508,45.88666],[-109.33118,45.88331],[-109.33379,45.87801],[-109.32211,45.87807],[-109.32174,45.87459],[-109.31783,45.87199],[-109.31746,45.86578],[-109.31461,45.86489],[-109.31484,45.86133],[-109.30413,45.85724],[-109.30519,45.85321],[-109.30164,45.85083],[-109.30418,45.84431],[-109.29791,45.84307],[-109.29558,45.83922],[-109.29751,45.83762],[-109.29816,45.83269],[-109.28986,45.83405],[-109.27744,45.83162],[-109.27437,45.83265],[-109.26029,45.83066],[-109.25125,45.82505],[-109.25048,45.82304],[-109.24852,45.82297],[-109.24783,45.82078],[-109.24389,45.81831],[-109.24321,45.81551],[-109.23553,45.81349],[-109.22612,45.81331],[-109.21824,45.80718],[-109.21585,45.80286],[-109.20843,45.80277],[-109.18683,45.79207],[-109.17139,45.7914],[-109.16862,45.79296],[-109.16563,45.79168],[-109.15376,45.79461],[-109.14152,45.79322],[-109.13793,45.79589],[-109.13251,45.79683],[-109.10589,45.79805],[-109.10422,45.8023],[-109.09796,45.8081],[-109.09793,45.8106],[-109.08947,45.81654],[-109.06032,45.8146],[-109.03783,45.8111],[-109.02926,45.81295],[-109.01733,45.81186],[-109.01409,45.81022],[-109.01006,45.81372],[-108.99172,45.81919],[-108.99566,45.82493],[-108.99466,45.82717],[-108.99862,45.82959],[-108.99887,45.83596],[-109.00196,45.83959],[-109.00553,45.84103],[-108.99269,45.8447],[-108.98375,45.84546],[-108.97799,45.84961],[-108.96656,45.85025],[-108.96011,45.85239],[-108.94066,45.85154],[-108.93738,45.85387],[-108.94103,45.8597],[-108.93665,45.86158],[-108.93745,45.86411],[-108.93602,45.8688],[-108.92327,45.86991],[-108.92345,45.87351],[-108.92042,45.87453],[-108.92268,45.87938],[-108.91677,45.88222],[-108.90879,45.88315],[-108.90182,45.88918],[-108.89334,45.88657],[-108.89003,45.88797],[-108.8861,45.88733],[-108.87359,45.89433],[-108.8637,45.89512],[-108.85905,45.89133],[-108.84893,45.88939],[-108.84597,45.88746],[-108.8486,45.88394],[-108.84358,45.88199],[-108.83997,45.88249],[-108.83723,45.87762],[-108.83043,45.87408],[-108.82289,45.87712],[-108.80994,45.87148],[-108.79781,45.87149],[-108.79202,45.86746],[-108.78201,45.86772],[-108.77,45.86436],[-108.76386,45.86916],[-108.75936,45.87054],[-108.75893,45.87237],[-108.74983,45.87626],[-108.72641,45.88127],[-108.71995,45.89143],[-108.71403,45.89269],[-108.70509,45.90318],[-108.69798,45.91545],[-108.69321,45.91302],[-108.68497,45.91453],[-108.67825,45.91391],[-108.67592,45.91774],[-108.67735,45.91841],[-108.67665,45.92075],[-108.67312,45.92378],[-108.65656,45.92037],[-108.64375,45.92323],[-108.64227,45.92546],[-108.6448,45.9268],[-108.64479,45.92972],[-108.64935,45.93598],[-108.66429,45.93863],[-108.66613,45.94071],[-108.66641,45.94839],[-108.66807,45.94964],[-108.66261,45.95318],[-108.66264,45.95542],[-108.66559,45.95859],[-108.66546,45.96254],[-108.65478,45.96354],[-108.64338,45.95882],[-108.62822,45.95595],[-108.61964,45.95593],[-108.6189,45.95933],[-108.6262,45.96203],[-108.62743,45.96312],[-108.62567,45.96594],[-108.62928,45.96671],[-108.62439,45.97072],[-108.6239,45.97285],[-108.62725,45.97651],[-108.62721,45.98331],[-108.63205,45.98633],[-108.64784,45.99046],[-108.65224,45.99462],[-108.65843,45.99683],[-108.66013,46.00041],[-108.65937,46.0023],[-108.66999,46.01229],[-108.6723,46.01935],[-108.67155,46.02173],[-108.67867,46.02514],[-108.67935,46.02993],[-108.67819,46.03181],[-108.66842,46.03345],[-108.67043,46.03897],[-108.66898,46.04087],[-108.66999,46.04289],[-108.66381,46.04397],[-108.66807,46.04955],[-108.66594,46.05538],[-108.66856,46.05761],[-108.66743,46.06082],[-108.67472,46.06428],[-108.67677,46.0679],[-108.67333,46.07209],[-108.6785,46.07477],[-108.68247,46.08014],[-108.68002,46.08262],[-108.67088,46.08415],[-108.65147,46.08306],[-108.64904,46.08191],[-108.64974,46.07963],[-108.64596,46.07775],[-108.62935,46.0802],[-108.62456,46.08267],[-108.62553,46.089],[-108.62055,46.0931],[-108.60146,46.09371],[-108.60013,46.09552],[-108.58417,46.10117],[-108.57435,46.10103],[-108.56737,46.10752],[-108.56866,46.11183],[-108.56254,46.11761],[-108.55809,46.11785],[-108.55318,46.12107],[-108.55518,46.12643],[-108.54874,46.13079],[-108.55704,46.13224],[-108.56247,46.13627],[-108.56058,46.13775],[-108.56155,46.13865],[-108.57219,46.14454],[-108.57881,46.14352],[-108.59737,46.14781],[-108.60073,46.1525],[-108.59814,46.16022],[-108.60438,46.1618],[-108.61062,46.16895],[-108.61363,46.16998],[-108.61673,46.17459],[-108.61472,46.18045],[-108.6181,46.18345],[-108.62978,46.18668],[-108.63816,46.19195],[-108.64051,46.19223],[-108.64291,46.18876],[-108.64116,46.18541],[-108.6426,46.18374],[-108.65026,46.18109],[-108.64949,46.17838],[-108.64424,46.1766],[-108.65264,46.16847],[-108.65795,46.16783],[-108.66535,46.17009],[-108.67016,46.16919],[-108.67867,46.17216],[-108.68168,46.17138],[-108.67767,46.16848],[-108.67812,46.16606],[-108.69339,46.16927],[-108.69233,46.16685],[-108.70238,46.16381],[-108.72073,46.16809],[-108.7287,46.16708],[-108.73402,46.16926],[-108.74226,46.16919],[-108.74867,46.17286],[-108.74487,46.18068],[-108.77828,46.18954],[-108.78068,46.18741],[-108.79865,46.18762],[-108.80233,46.18592],[-108.80297,46.18209],[-108.81375,46.18073],[-108.81138,46.1775],[-108.81439,46.17332],[-108.81029,46.16387],[-108.81222,46.16279],[-108.82718,46.16152],[-108.86089,46.16562],[-108.87193,46.16418],[-108.88321,46.16568],[-108.88349,46.16353],[-108.88087,46.16091],[-108.88108,46.15701],[-108.87833,46.15571],[-108.87517,46.15013],[-108.88137,46.14363],[-108.88779,46.13968],[-108.88665,46.12787],[-108.88299,46.12349],[-108.8843,46.1156],[-108.89583,46.11418],[-108.9007,46.12077],[-108.90169,46.12817],[-108.91026,46.12905],[-108.91933,46.13443],[-108.92744,46.13592],[-108.92864,46.13707],[-108.92794,46.14482],[-108.92974,46.14616],[-108.94554,46.1465],[-108.94996,46.14894],[-108.94949,46.1453],[-108.95199,46.14042],[-108.95621,46.13753],[-108.95469,46.13402],[-108.95989,46.12818],[-108.96428,46.12628],[-108.96541,46.12316],[-108.96276,46.11938],[-108.96292,46.11616],[-108.9666,46.1131],[-108.96834,46.10283],[-108.9676,46.09781],[-108.96975,46.09534],[-108.96426,46.08734],[-108.96483,46.08531],[-108.96006,46.08353],[-108.95494,46.07771],[-108.95751,46.06607],[-108.96174,46.06743],[-108.96689,46.0667],[-108.96984,46.06398],[-108.98082,46.06236],[-108.99924,46.05221],[-109.00658,46.05116],[-109.00999,46.05326],[-109.0124,46.05733],[-109.01675,46.0586],[-109.02064,46.05762],[-109.02955,46.06431],[-109.03538,46.06368],[-109.03935,46.0655],[-109.0429,46.06955],[-109.05272,46.07419],[-109.06356,46.07189],[-109.07593,46.07705],[-109.08641,46.07702],[-109.09224,46.08014],[-109.09555,46.08417],[-109.11264,46.09026],[-109.11854,46.08682],[-109.12578,46.08575],[-109.12801,46.08332],[-109.13225,46.08256],[-109.13914,46.08398],[-109.14817,46.08222],[-109.15099,46.07988],[-109.16032,46.08552],[-109.17789,46.08475],[-109.17926,46.08263],[-109.18955,46.0811],[-109.19101,46.07876],[-109.19734,46.07926],[-109.19878,46.07511],[-109.20131,46.07458],[-109.20627,46.07763],[-109.21322,46.07721],[-109.22087,46.07975],[-109.23569,46.07841],[-109.24953,46.08212],[-109.25474,46.08216],[-109.2601,46.08002],[-109.26521,46.0821],[-109.27365,46.08167],[-109.27639,46.07016],[-109.29721,46.07143],[-109.30096,46.06729],[-109.30351,46.06669],[-109.3115,46.06818],[-109.31458,46.06696],[-109.31695,46.06373],[-109.35149,46.05472],[-109.35364,46.05346],[-109.35513,46.04922],[-109.36213,46.04978],[-109.36759,46.0484],[-109.37296,46.0503],[-109.37674,46.04673],[-109.3907,46.04139],[-109.39737,46.04345],[-109.40619,46.04374],[-109.40605,46.04117],[-109.40361,46.03924],[-109.40692,46.03684],[-109.43195,46.0352],[-109.43841,46.03715],[-109.44575,46.03461],[-109.45371,46.03425],[-109.46965,46.02773],[-109.47395,46.02123],[-109.48168,46.0264],[-109.48523,46.02632],[-109.48663,46.02326],[-109.50172,46.02207],[-109.50309,46.01816],[-109.50784,46.01431],[-109.50797,46.01199],[-109.51681,46.00989],[-109.51407,46.00808],[-109.51577,46.00352],[-109.50905,45.9983],[-109.50798,45.9958],[-109.50998,45.99302],[-109.50917,45.98958],[-109.51582,45.98887],[-109.51761,45.98116],[-109.52777,45.97284],[-109.52743,45.96682],[-109.51923,45.96473]],[[-107.90616,46.44251],[-107.90816,46.44574],[-107.90333,46.44468],[-107.89479,46.44654],[-107.89482,46.44952],[-107.89086,46.44975],[-107.88759,46.45353],[-107.88019,46.45449],[-107.8773,46.45307],[-107.87712,46.45485],[-107.87146,46.45745],[-107.8733,46.46133],[-107.86773,46.46548],[-107.86497,46.46567],[-107.86344,46.46734],[-107.86417,46.46949],[-107.85742,46.47117],[-107.85537,46.47602],[-107.85683,46.47786],[-107.85083,46.47768],[-107.85032,46.48188],[-107.85532,46.48499],[-107.85463,46.48782],[-107.86223,46.49339],[-107.8674,46.49383],[-107.87062,46.49648],[-107.86375,46.50649],[-107.86686,46.50782],[-107.86643,46.50973],[-107.8697,46.51227],[-107.86807,46.51401],[-107.86885,46.51928],[-107.87736,46.52047],[-107.88277,46.52394],[-107.88393,46.52829],[-107.88782,46.5329],[-107.89048,46.5329],[-107.89182,46.53082],[-107.90512,46.52964],[-107.91161,46.53425],[-107.92549,46.53964],[-107.95034,46.54431],[-107.96014,46.54812],[-107.97674,46.55837],[-107.97872,46.55093],[-107.98438,46.54856],[-107.99646,46.54684],[-107.99507,46.54374],[-107.99612,46.53709],[-108.00125,46.5364],[-108.00016,46.53384],[-107.98923,46.528],[-107.98223,46.5208],[-107.9849,46.51599],[-107.99396,46.51595],[-107.99399,46.5128],[-107.98898,46.50689],[-107.99397,46.50094],[-108.00184,46.4967],[-107.99564,46.49234],[-107.99081,46.48571],[-107.99227,46.4812],[-107.99427,46.47978],[-108.00037,46.48079],[-108.00375,46.47938],[-108.00282,46.47852],[-108.00656,46.47309],[-108.00157,46.46944],[-107.99906,46.47033],[-107.99375,46.46734],[-107.98847,46.4665],[-107.97947,46.4602],[-107.97647,46.46044],[-107.96158,46.455],[-107.94781,46.45548],[-107.94436,46.45287],[-107.93598,46.45202],[-107.93173,46.448],[-107.91859,46.44267],[-107.91627,46.43918],[-107.91123,46.4397],[-107.90718,46.43818],[-107.90616,46.44251]],[[-106.83137,45.42336],[-106.83287,45.42398],[-106.84208,45.41548],[-106.85167,45.41621],[-106.84605,45.41457],[-106.8407,45.4152],[-106.83831,45.41701],[-106.83381,45.4152],[-106.82576,45.41586],[-106.82802,45.41967],[-106.82461,45.42301],[-106.83137,45.42336]],[[-107.7705,45.67506],[-107.75317,45.67038],[-107.75066,45.66768],[-107.73536,45.66082],[-107.73247,45.65803],[-107.70886,45.66177],[-107.68314,45.65543],[-107.67585,45.66406],[-107.66787,45.66288],[-107.66491,45.66531],[-107.65479,45.6643],[-107.64193,45.6658],[-107.64226,45.66767],[-107.6472,45.67119],[-107.65823,45.67131],[-107.67769,45.67703],[-107.68276,45.67414],[-107.69998,45.67505],[-107.70866,45.67953],[-107.70867,45.68151],[-107.71624,45.68709],[-107.72947,45.6895],[-107.74653,45.68536],[-107.75722,45.68626],[-107.76465,45.68183],[-107.77412,45.68098],[-107.7705,45.67506]],[[-108.47271,44.4166],[-108.44598,44.41037],[-108.42072,44.39586],[-108.41965,44.39334],[-108.41628,44.3935],[-108.41444,44.39192],[-108.40761,44.39576],[-108.39971,44.39466],[-108.392,44.3962],[-108.39159,44.39814],[-108.38021,44.40198],[-108.38036,44.40387],[-108.39829,44.4138],[-108.4129,44.41474],[-108.42908,44.41859],[-108.44417,44.41778],[-108.44754,44.42057],[-108.45827,44.42086],[-108.4645,44.42455],[-108.48562,44.42462],[-108.47271,44.4166]],[[-110.61227,45.41642],[-110.60897,45.42607],[-110.6108,45.42893],[-110.61756,45.42459],[-110.61533,45.41673],[-110.61227,45.41642]],[[-109.23096,45.22174],[-109.22718,45.22138],[-109.22589,45.22664],[-109.22521,45.23471],[-109.228,45.23623],[-109.23181,45.23488],[-109.2363,45.22404],[-109.23096,45.22174]],[[-106.16031,45.90221],[-106.1488,45.8925],[-106.14171,45.89057],[-106.13459,45.89265],[-106.12965,45.89045],[-106.12815,45.88714],[-106.11803,45.88247],[-106.1128,45.87611],[-106.10654,45.87481],[-106.09684,45.86946],[-106.09587,45.86317],[-106.09057,45.86153],[-106.08581,45.85548],[-106.07986,45.85458],[-106.07636,45.8583],[-106.07305,45.85919],[-106.07234,45.86137],[-106.08141,45.86599],[-106.08436,45.87011],[-106.08791,45.88059],[-106.09419,45.88389],[-106.09344,45.88621],[-106.09589,45.88719],[-106.09622,45.88929],[-106.1153,45.8971],[-106.11578,45.9002],[-106.12161,45.90443],[-106.14131,45.90279],[-106.14908,45.90495],[-106.15613,45.90918],[-106.1581,45.90893],[-106.15861,45.90395],[-106.16031,45.90221]],[[-105.75161,46.16069],[-105.75094,46.16209],[-105.76056,46.16682],[-105.76528,46.17563],[-105.78434,46.1805],[-105.7903,46.17907],[-105.78986,46.17632],[-105.78773,46.17648],[-105.78287,46.17266],[-105.78084,46.16804],[-105.77352,46.16128],[-105.75067,46.15695],[-105.75161,46.16069]],[[-105.81106,44.89211],[-105.80522,44.88833],[-105.80266,44.89177],[-105.81018,44.8961],[-105.81106,44.89211]],[[-107.03122,43.23652],[-107.01135,43.22835],[-107.00263,43.23059],[-106.99349,43.23378],[-106.98944,43.23927],[-106.99274,43.23981],[-106.9997,43.24503],[-107.0086,43.24685],[-107.01251,43.24328],[-107.02332,43.24597],[-107.02652,43.24292],[-107.03914,43.24301],[-107.03961,43.23748],[-107.03122,43.23652]],[[-106.53296,43.34198],[-106.52993,43.34521],[-106.53231,43.34987],[-106.54241,43.34738],[-106.54084,43.34466],[-106.54175,43.34073],[-106.53296,43.34198]],[[-106.73932,44.17106],[-106.73115,44.16792],[-106.72767,44.16473],[-106.7237,44.1654],[-106.74113,44.17605],[-106.74213,44.17306],[-106.73932,44.17106]],[[-112.14212,48.81136],[-112.15505,48.81206],[-112.16862,48.80258],[-112.17959,48.80083],[-112.18788,48.79621],[-112.18953,48.79388],[-112.18579,48.78995],[-112.18646,48.78751],[-112.1841,48.78293],[-112.19351,48.7759],[-112.19681,48.77722],[-112.19995,48.77648],[-112.20108,48.76801],[-112.20882,48.76633],[-112.21026,48.76097],[-112.21914,48.759],[-112.22428,48.75583],[-112.225,48.7497],[-112.22783,48.74406],[-112.21265,48.74657],[-112.21359,48.7452],[-112.21122,48.74415],[-112.20635,48.74404],[-112.20828,48.74168],[-112.21397,48.7406],[-112.21778,48.73758],[-112.21592,48.73676],[-112.21486,48.7315],[-112.21872,48.7293],[-112.21778,48.72449],[-112.21389,48.72219],[-112.21238,48.71917],[-112.21329,48.71759],[-112.20959,48.71429],[-112.21162,48.71041],[-112.20922,48.70864],[-112.2097,48.70561],[-112.20656,48.70391],[-112.2092,48.70232],[-112.20591,48.69721],[-112.20805,48.69558],[-112.20763,48.69394],[-112.19873,48.69047],[-112.19452,48.69096],[-112.19166,48.68753],[-112.18757,48.68841],[-112.18824,48.68551],[-112.1843,48.68209],[-112.18542,48.68074],[-112.18416,48.6769],[-112.19133,48.67522],[-112.20364,48.67634],[-112.20417,48.67402],[-112.20885,48.672],[-112.20983,48.66964],[-112.21829,48.66953],[-112.21938,48.66714],[-112.22481,48.6677],[-112.22598,48.66508],[-112.23022,48.66516],[-112.23949,48.66122],[-112.24493,48.6564],[-112.24251,48.65189],[-112.23989,48.63769],[-112.22922,48.63626],[-112.22942,48.63445],[-112.2251,48.6318],[-112.22666,48.62475],[-112.22917,48.62104],[-112.23307,48.6188],[-112.24409,48.61893],[-112.25574,48.61528],[-112.26614,48.6153],[-112.27116,48.61071],[-112.26795,48.60319],[-112.26831,48.60053],[-112.27263,48.59669],[-112.26711,48.59197],[-112.26275,48.58416],[-112.25294,48.58444],[-112.25033,48.58245],[-112.24153,48.58113],[-112.23279,48.57576],[-112.24041,48.57471],[-112.24542,48.57216],[-112.24623,48.5699],[-112.24014,48.56442],[-112.23955,48.56194],[-112.25216,48.55246],[-112.24899,48.54481],[-112.23708,48.54172],[-112.22096,48.54117],[-112.21993,48.53963],[-112.21196,48.53793],[-112.207,48.53794],[-112.20571,48.53939],[-112.19162,48.53793],[-112.18797,48.53495],[-112.18282,48.53463],[-112.17862,48.53057],[-112.16635,48.53167],[-112.1613,48.53043],[-112.15675,48.53295],[-112.15392,48.53156],[-112.14356,48.53352],[-112.14236,48.53173],[-112.1454,48.52805],[-112.13668,48.52738],[-112.13151,48.51876],[-112.12804,48.51696],[-112.10791,48.51119],[-112.09667,48.51028],[-112.09542,48.50779],[-112.09919,48.50336],[-112.09814,48.50111],[-112.08142,48.49201],[-112.07644,48.49423],[-112.07035,48.49315],[-112.05947,48.49588],[-112.05187,48.494],[-112.04916,48.49706],[-112.0443,48.4974],[-112.03235,48.50208],[-112.02972,48.50102],[-112.02669,48.50358],[-112.02329,48.50053],[-112.01072,48.4994],[-112.001,48.49528],[-112.00146,48.49298],[-111.99767,48.48772],[-111.97566,48.48234],[-111.97146,48.48253],[-111.9677,48.48633],[-111.95986,48.4872],[-111.94686,48.48169],[-111.9324,48.48312],[-111.92993,48.48567],[-111.9161,48.48606],[-111.91392,48.49024],[-111.90983,48.49237],[-111.90442,48.49229],[-111.89894,48.48899],[-111.89652,48.4892],[-111.89283,48.49382],[-111.89011,48.49421],[-111.88156,48.4912],[-111.87195,48.49691],[-111.87008,48.50306],[-111.8708,48.5054],[-111.85854,48.51586],[-111.85797,48.51999],[-111.85546,48.52334],[-111.86383,48.53872],[-111.86163,48.54383],[-111.85709,48.54432],[-111.85602,48.54691],[-111.85202,48.54959],[-111.8535,48.55438],[-111.85267,48.55887],[-111.8502,48.56083],[-111.85235,48.56789],[-111.85542,48.57195],[-111.85335,48.57681],[-111.85472,48.5781],[-111.8526,48.58051],[-111.85254,48.58709],[-111.85658,48.58905],[-111.86259,48.59649],[-111.86413,48.60199],[-111.87276,48.60576],[-111.86862,48.61341],[-111.87054,48.61852],[-111.87484,48.62336],[-111.8692,48.62662],[-111.87719,48.63462],[-111.88017,48.63563],[-111.88114,48.63847],[-111.87573,48.6452],[-111.85913,48.64731],[-111.85603,48.64945],[-111.85458,48.65459],[-111.85302,48.65542],[-111.84942,48.65598],[-111.84327,48.65381],[-111.83458,48.65491],[-111.83473,48.65717],[-111.84083,48.66354],[-111.83791,48.66567],[-111.83759,48.6678],[-111.84074,48.67562],[-111.83992,48.67777],[-111.83219,48.68286],[-111.80161,48.68905],[-111.79579,48.69203],[-111.78867,48.68834],[-111.77539,48.68582],[-111.77173,48.68683],[-111.77296,48.69129],[-111.76749,48.69738],[-111.78593,48.70334],[-111.7973,48.70906],[-111.79793,48.70711],[-111.81547,48.7108],[-111.81486,48.71197],[-111.81856,48.71344],[-111.83319,48.71308],[-111.83772,48.71921],[-111.8374,48.72186],[-111.84006,48.72341],[-111.83838,48.73013],[-111.84579,48.73618],[-111.84313,48.73803],[-111.84259,48.7422],[-111.85216,48.74622],[-111.85071,48.74839],[-111.85448,48.75222],[-111.85025,48.75673],[-111.85247,48.76439],[-111.8457,48.76474],[-111.83835,48.76243],[-111.83388,48.75697],[-111.82927,48.75759],[-111.82628,48.75364],[-111.8103,48.75123],[-111.80527,48.75363],[-111.80235,48.75619],[-111.80455,48.76002],[-111.80325,48.76244],[-111.80974,48.77801],[-111.81394,48.78176],[-111.8109,48.78341],[-111.8133,48.79065],[-111.81246,48.79364],[-111.80692,48.79601],[-111.80342,48.79994],[-111.79382,48.80107],[-111.79147,48.79468],[-111.78317,48.79556],[-111.77914,48.79852],[-111.78151,48.80277],[-111.77959,48.80516],[-111.76458,48.80187],[-111.76358,48.80504],[-111.75925,48.80552],[-111.75524,48.81096],[-111.75631,48.81336],[-111.75467,48.81887],[-111.75638,48.82193],[-111.75443,48.82371],[-111.75385,48.83441],[-111.75683,48.83609],[-111.755,48.8394],[-111.75561,48.84154],[-111.75335,48.84337],[-111.74341,48.84278],[-111.72908,48.83974],[-111.72588,48.83682],[-111.72325,48.84053],[-111.71857,48.84041],[-111.7189,48.84336],[-111.717,48.84486],[-111.71661,48.84812],[-111.71852,48.85073],[-111.72389,48.85169],[-111.72607,48.85454],[-111.72567,48.85684],[-111.72024,48.85876],[-111.71845,48.86416],[-111.71253,48.86898],[-111.70364,48.87281],[-111.70078,48.87617],[-111.70003,48.87961],[-111.70146,48.88081],[-111.69923,48.88337],[-111.69193,48.88369],[-111.6864,48.88613],[-111.6855,48.88827],[-111.6892,48.89547],[-111.68642,48.89668],[-111.69054,48.90035],[-111.68563,48.90472],[-111.68484,48.90771],[-111.68088,48.90698],[-111.67673,48.90838],[-111.66884,48.90535],[-111.66371,48.90723],[-111.65814,48.9059],[-111.65474,48.91254],[-111.65629,48.91438],[-111.65383,48.92097],[-111.64711,48.92359],[-111.64656,48.92635],[-111.6384,48.92495],[-111.63415,48.92835],[-111.61561,48.93237],[-111.61741,48.93495],[-111.61507,48.93931],[-111.60954,48.94072],[-111.6096,48.94204],[-111.61582,48.94276],[-111.61953,48.94402],[-111.62067,48.94654],[-111.62656,48.94762],[-111.63158,48.94384],[-111.63807,48.94439],[-111.64299,48.93814],[-111.6558,48.9375],[-111.66115,48.93467],[-111.67443,48.93722],[-111.67901,48.94214],[-111.68627,48.93965],[-111.69817,48.93961],[-111.70065,48.93697],[-111.70569,48.93551],[-111.70617,48.93785],[-111.71075,48.93996],[-111.71898,48.93941],[-111.71936,48.94564],[-111.72235,48.9464],[-111.72775,48.94166],[-111.73383,48.94069],[-111.73923,48.93717],[-111.75022,48.93469],[-111.75954,48.93534],[-111.75915,48.93949],[-111.77393,48.95221],[-111.77467,48.95567],[-111.77845,48.95673],[-111.77787,48.95983],[-111.77946,48.96129],[-111.77615,48.96481],[-111.77832,48.97236],[-111.77794,48.97392],[-111.77446,48.97494],[-111.77534,48.98344],[-111.76889,48.99889],[-111.77261,49.00158],[-111.76684,49.01641],[-111.77021,49.01827],[-111.77915,49.01775],[-111.78709,49.02014],[-111.79049,49.02018],[-111.7944,49.01632],[-111.80157,49.01357],[-111.80335,49.0006],[-111.80788,48.99961],[-111.80837,48.99747],[-111.81485,48.9974],[-111.81571,48.99398],[-111.82326,48.998],[-111.8263,48.99744],[-111.82827,48.99596],[-111.83062,48.98881],[-111.82788,48.98714],[-111.82783,48.9839],[-111.83437,48.98185],[-111.83616,48.97842],[-111.84076,48.97841],[-111.84429,48.97646],[-111.84404,48.97385],[-111.84608,48.97248],[-111.85953,48.96904],[-111.86206,48.96551],[-111.86477,48.96485],[-111.86907,48.96937],[-111.87329,48.96828],[-111.87892,48.9709],[-111.87516,48.97801],[-111.87369,48.97911],[-111.8698,48.97762],[-111.87142,48.98137],[-111.8666,48.98354],[-111.86728,48.9876],[-111.86997,48.98852],[-111.87517,48.99611],[-111.86871,48.99824],[-111.86863,48.99955],[-111.87126,49.00018],[-111.87072,49.003],[-111.8751,49.0073],[-111.88373,49.01065],[-111.88504,49.01234],[-111.88433,49.01451],[-111.88911,49.01741],[-111.88728,49.02161],[-111.90328,49.02495],[-111.90728,49.02266],[-111.90838,49.01893],[-111.91178,49.01605],[-111.91381,49.00944],[-111.92069,49.00059],[-111.92671,49.00023],[-111.92685,48.99651],[-111.93002,48.99375],[-111.92627,48.99358],[-111.9273,48.9813],[-111.93112,48.97936],[-111.942,48.97826],[-111.94993,48.98291],[-111.95873,48.98241],[-111.96829,48.9851],[-111.97805,48.97995],[-111.98799,48.97998],[-111.99316,48.98359],[-112.00741,48.98495],[-112.01466,48.98846],[-112.01678,48.99526],[-112.02378,48.9972],[-112.03101,48.99508],[-112.03217,48.99329],[-112.03794,48.99322],[-112.04304,48.98711],[-112.04737,48.98632],[-112.05493,48.98749],[-112.07237,48.98595],[-112.08138,48.98869],[-112.08484,48.98814],[-112.09104,48.98485],[-112.10144,48.98395],[-112.10132,48.97942],[-112.09434,48.97339],[-112.0932,48.97062],[-112.09014,48.9705],[-112.09237,48.96756],[-112.08968,48.96732],[-112.08649,48.96455],[-112.08978,48.96162],[-112.0903,48.95776],[-112.08575,48.95669],[-112.08424,48.94516],[-112.07607,48.94459],[-112.06977,48.93572],[-112.07106,48.932],[-112.06409,48.92205],[-112.05767,48.91713],[-112.06337,48.91645],[-112.06782,48.91317],[-112.07194,48.91258],[-112.079,48.91474],[-112.08073,48.91165],[-112.08494,48.91084],[-112.08631,48.90316],[-112.08852,48.89954],[-112.09752,48.89876],[-112.10421,48.89604],[-112.10639,48.89161],[-112.10954,48.89055],[-112.11113,48.88592],[-112.11534,48.88209],[-112.11424,48.88051],[-112.11945,48.8785],[-112.12051,48.87561],[-112.11683,48.87262],[-112.11963,48.86994],[-112.11852,48.86833],[-112.12196,48.86712],[-112.1215,48.86398],[-112.12386,48.86046],[-112.12598,48.85809],[-112.12944,48.85863],[-112.13206,48.85709],[-112.13167,48.85175],[-112.12748,48.84479],[-112.11577,48.84245],[-112.11318,48.83892],[-112.11029,48.83812],[-112.10875,48.83421],[-112.11042,48.83082],[-112.10664,48.82861],[-112.10552,48.82602],[-112.0999,48.82398],[-112.10022,48.82095],[-112.11318,48.81331],[-112.12677,48.8177],[-112.13023,48.81655],[-112.13796,48.81736],[-112.13846,48.81457],[-112.14212,48.81136]],[[-110.7512,48.62261],[-110.75077,48.6101],[-110.74207,48.60365],[-110.74241,48.60159],[-110.73776,48.59268],[-110.7391,48.59101],[-110.73859,48.58803],[-110.72427,48.58625],[-110.71796,48.58349],[-110.71139,48.57763],[-110.69717,48.57622],[-110.69417,48.57149],[-110.6914,48.57059],[-110.67327,48.56999],[-110.66791,48.57789],[-110.66056,48.57955],[-110.65846,48.57749],[-110.65298,48.57731],[-110.64846,48.58112],[-110.64119,48.58207],[-110.63843,48.58044],[-110.61289,48.59041],[-110.60454,48.59064],[-110.59781,48.59278],[-110.59432,48.59076],[-110.58879,48.59048],[-110.58525,48.59271],[-110.58005,48.58972],[-110.56236,48.58789],[-110.55463,48.5897],[-110.54974,48.58687],[-110.54386,48.58752],[-110.53908,48.58602],[-110.52994,48.58643],[-110.52335,48.5849],[-110.52165,48.58673],[-110.51384,48.58621],[-110.51211,48.58085],[-110.50636,48.58116],[-110.50358,48.58456],[-110.50536,48.58742],[-110.50258,48.58927],[-110.49978,48.5948],[-110.50947,48.60101],[-110.50788,48.60197],[-110.51029,48.60308],[-110.51087,48.61586],[-110.51958,48.61512],[-110.53945,48.62059],[-110.54363,48.61697],[-110.55099,48.61646],[-110.55649,48.61413],[-110.56184,48.61752],[-110.57017,48.61738],[-110.58029,48.62159],[-110.58839,48.62171],[-110.59701,48.63069],[-110.60147,48.62861],[-110.61004,48.63082],[-110.62457,48.62853],[-110.63282,48.6341],[-110.65366,48.64008],[-110.6583,48.64276],[-110.67692,48.64566],[-110.681,48.64448],[-110.6849,48.63762],[-110.68833,48.63659],[-110.70257,48.63824],[-110.70805,48.6355],[-110.71677,48.63619],[-110.71844,48.63818],[-110.72275,48.63683],[-110.72593,48.6379],[-110.73476,48.63344],[-110.74643,48.63211],[-110.74959,48.63076],[-110.7507,48.62793],[-110.75344,48.62734],[-110.7512,48.62261]],[[-110.28313,47.80238],[-110.29022,47.79698],[-110.29392,47.79887],[-110.30312,47.79674],[-110.30777,47.80181],[-110.3158,47.79984],[-110.32432,47.80113],[-110.34255,47.79208],[-110.34548,47.78876],[-110.36041,47.78884],[-110.36461,47.78392],[-110.36963,47.78381],[-110.37032,47.78197],[-110.37253,47.78183],[-110.37863,47.7831],[-110.39234,47.77659],[-110.41323,47.78486],[-110.41446,47.78811],[-110.41945,47.78752],[-110.4227,47.784],[-110.43244,47.78083],[-110.44388,47.77948],[-110.45295,47.77538],[-110.4557,47.77039],[-110.46621,47.76909],[-110.46945,47.76418],[-110.47485,47.76097],[-110.48387,47.76135],[-110.48806,47.75867],[-110.49443,47.75962],[-110.5071,47.75603],[-110.50782,47.75322],[-110.50497,47.7531],[-110.50694,47.75095],[-110.51251,47.74951],[-110.51378,47.74632],[-110.52489,47.74043],[-110.52671,47.73735],[-110.53105,47.73802],[-110.53532,47.73588],[-110.53879,47.73333],[-110.53945,47.72914],[-110.54191,47.72586],[-110.54712,47.72321],[-110.54464,47.7203],[-110.55011,47.71174],[-110.54662,47.70704],[-110.53917,47.70479],[-110.54048,47.70193],[-110.5385,47.70055],[-110.53866,47.69634],[-110.52946,47.70192],[-110.52551,47.70331],[-110.52139,47.7025],[-110.52038,47.69767],[-110.50636,47.69444],[-110.50442,47.68924],[-110.49367,47.68685],[-110.4858,47.68105],[-110.48808,47.67852],[-110.48866,47.6746],[-110.49475,47.66804],[-110.49178,47.66477],[-110.49307,47.66232],[-110.49148,47.65628],[-110.49881,47.65036],[-110.50444,47.65058],[-110.50779,47.64888],[-110.51262,47.65028],[-110.51566,47.64307],[-110.52057,47.64142],[-110.52177,47.63721],[-110.52526,47.63224],[-110.52842,47.63117],[-110.5308,47.62669],[-110.53104,47.62132],[-110.52757,47.61581],[-110.52914,47.60843],[-110.5245,47.60384],[-110.52908,47.59522],[-110.52834,47.59259],[-110.52323,47.58948],[-110.52291,47.58787],[-110.52633,47.58651],[-110.53187,47.57595],[-110.52138,47.56859],[-110.52704,47.55127],[-110.52448,47.54962],[-110.52609,47.54593],[-110.52246,47.54322],[-110.51614,47.54227],[-110.51229,47.52656],[-110.50396,47.52495],[-110.49978,47.5215],[-110.48628,47.51884],[-110.47485,47.51149],[-110.46861,47.50987],[-110.46949,47.50612],[-110.46597,47.50348],[-110.46398,47.49286],[-110.45707,47.49063],[-110.45832,47.48109],[-110.43565,47.48075],[-110.43255,47.47858],[-110.42524,47.48268],[-110.42304,47.48617],[-110.42711,47.49007],[-110.43122,47.49152],[-110.43051,47.50257],[-110.42093,47.50804],[-110.42578,47.51892],[-110.4225,47.52304],[-110.41121,47.52874],[-110.37951,47.53592],[-110.35123,47.53407],[-110.3359,47.54847],[-110.32389,47.54847],[-110.32273,47.55155],[-110.3239,47.55298],[-110.32098,47.55743],[-110.3137,47.56353],[-110.31844,47.56721],[-110.31932,47.57361],[-110.31096,47.57913],[-110.32513,47.58564],[-110.32962,47.58615],[-110.33812,47.58268],[-110.33989,47.58323],[-110.33918,47.58713],[-110.34878,47.59356],[-110.34722,47.6013],[-110.3441,47.60561],[-110.34737,47.61155],[-110.35558,47.6163],[-110.35697,47.61935],[-110.3504,47.62226],[-110.34881,47.62505],[-110.34964,47.63035],[-110.35162,47.63281],[-110.34642,47.63846],[-110.34684,47.6397],[-110.35495,47.63922],[-110.36476,47.63559],[-110.37042,47.63868],[-110.36905,47.64046],[-110.38378,47.64157],[-110.38737,47.64879],[-110.39324,47.6536],[-110.38903,47.65539],[-110.38997,47.65687],[-110.38876,47.66075],[-110.39231,47.66163],[-110.39385,47.66758],[-110.3984,47.67133],[-110.39837,47.67291],[-110.37424,47.6936],[-110.3712,47.6983],[-110.37237,47.70715],[-110.36971,47.71086],[-110.3639,47.71027],[-110.35075,47.71369],[-110.34912,47.71653],[-110.35102,47.72122],[-110.34966,47.72265],[-110.33237,47.73008],[-110.32788,47.72903],[-110.31682,47.73236],[-110.31548,47.73421],[-110.31043,47.73531],[-110.31278,47.73777],[-110.31017,47.74088],[-110.29966,47.7444],[-110.29887,47.74628],[-110.30085,47.75469],[-110.29671,47.76189],[-110.29822,47.7672],[-110.29314,47.77329],[-110.28705,47.77599],[-110.28535,47.78158],[-110.28887,47.78388],[-110.28921,47.78646],[-110.28339,47.7903],[-110.28349,47.79361],[-110.27815,47.79639],[-110.27532,47.79983],[-110.27688,47.80152],[-110.28313,47.80238]],[[-112.29359,47.64884],[-112.28812,47.6475],[-112.28384,47.64346],[-112.27533,47.6394],[-112.26615,47.63862],[-112.26119,47.63415],[-112.25694,47.63266],[-112.23017,47.63322],[-112.22454,47.63526],[-112.19438,47.63017],[-112.18723,47.63046],[-112.18011,47.62869],[-112.17588,47.6239],[-112.15495,47.61614],[-112.14095,47.61445],[-112.12668,47.60968],[-112.10936,47.60659],[-112.09322,47.60748],[-112.08467,47.60106],[-112.0754,47.58874],[-112.05177,47.59122],[-112.03365,47.58961],[-112.03322,47.58715],[-112.03082,47.5863],[-112.00729,47.58632],[-112.00439,47.58773],[-112.00267,47.59265],[-112.00413,47.59759],[-112.00156,47.60167],[-112.00184,47.61265],[-111.99027,47.61977],[-111.98001,47.63358],[-111.98084,47.63781],[-111.97767,47.64283],[-111.97363,47.65571],[-111.97563,47.65972],[-111.97272,47.67395],[-111.97557,47.67979],[-111.97556,47.68405],[-111.96561,47.68829],[-111.96451,47.69199],[-111.96683,47.6949],[-111.96573,47.69582],[-111.95826,47.69834],[-111.95143,47.69665],[-111.94334,47.70054],[-111.93671,47.69992],[-111.93443,47.70287],[-111.92829,47.70599],[-111.92626,47.7097],[-111.93033,47.71737],[-111.92875,47.72115],[-111.93224,47.72574],[-111.92992,47.73025],[-111.9346,47.73392],[-111.93213,47.7458],[-111.93295,47.74765],[-111.9478,47.75319],[-111.95136,47.75985],[-111.9643,47.75936],[-111.98021,47.76323],[-111.9969,47.76442],[-112.00061,47.76664],[-112.00121,47.77169],[-112.00503,47.7755],[-112.00293,47.77957],[-112.00366,47.78153],[-112.01205,47.78],[-112.01893,47.77604],[-112.02671,47.77948],[-112.02899,47.77829],[-112.03528,47.7795],[-112.03741,47.77495],[-112.04385,47.77225],[-112.03979,47.76949],[-112.03963,47.76558],[-112.05586,47.75535],[-112.06167,47.75397],[-112.06551,47.75086],[-112.06595,47.7445],[-112.08329,47.73905],[-112.08167,47.73701],[-112.0902,47.73314],[-112.09394,47.72795],[-112.10365,47.73023],[-112.10567,47.73389],[-112.10983,47.73542],[-112.11707,47.73387],[-112.12023,47.73602],[-112.14551,47.74207],[-112.16792,47.74145],[-112.19521,47.733],[-112.20348,47.72393],[-112.20848,47.72346],[-112.21818,47.71905],[-112.22847,47.71109],[-112.22978,47.70548],[-112.22576,47.69981],[-112.22988,47.69471],[-112.23177,47.6889],[-112.24216,47.67821],[-112.25294,47.6709],[-112.27299,47.66431],[-112.28095,47.65882],[-112.28887,47.65678],[-112.29928,47.65699],[-112.29765,47.65148],[-112.29359,47.64884]],[[-111.95267,45.19242],[-111.93509,45.19178],[-111.92031,45.1965],[-111.90759,45.19653],[-111.90048,45.19853],[-111.89747,45.20509],[-111.89785,45.20793],[-111.90134,45.21133],[-111.90114,45.2152],[-111.89529,45.21917],[-111.88657,45.22117],[-111.88214,45.22587],[-111.88215,45.23026],[-111.88391,45.23229],[-111.883,45.23568],[-111.88581,45.23921],[-111.88574,45.24168],[-111.88309,45.2433],[-111.88273,45.24792],[-111.88592,45.25005],[-111.89002,45.25783],[-111.87843,45.26738],[-111.87944,45.27001],[-111.87649,45.27378],[-111.88217,45.28081],[-111.89405,45.28508],[-111.9004,45.29029],[-111.89666,45.2937],[-111.90248,45.3017],[-111.90711,45.30531],[-111.90654,45.30973],[-111.9083,45.31147],[-111.9153,45.31228],[-111.92468,45.31651],[-111.93111,45.32243],[-111.93023,45.32824],[-111.93815,45.33217],[-111.94498,45.33029],[-111.95054,45.33215],[-111.9583,45.32243],[-111.96816,45.31664],[-111.98432,45.31443],[-111.98301,45.30943],[-111.987,45.30608],[-111.9859,45.30349],[-111.9898,45.29973],[-111.99482,45.29839],[-111.99571,45.29172],[-112.00393,45.28468],[-112.00192,45.28033],[-112.00515,45.2761],[-112.00059,45.26992],[-111.98428,45.26107],[-111.9837,45.25704],[-111.97768,45.24954],[-111.97799,45.24525],[-111.97409,45.23001],[-111.96986,45.22532],[-111.95583,45.22016],[-111.95327,45.20952],[-111.9559,45.20592],[-111.95509,45.20172],[-111.9571,45.19319],[-111.95267,45.19242]],[[-113.32352,45.14738],[-113.32772,45.14164],[-113.32195,45.1375],[-113.32037,45.12833],[-113.30199,45.12507],[-113.30124,45.12123],[-113.29714,45.11539],[-113.27892,45.11273],[-113.25403,45.09492],[-113.24492,45.0918],[-113.23557,45.07272],[-113.23305,45.07028],[-113.22,45.06461],[-113.20701,45.05663],[-113.1931,45.05142],[-113.1857,45.0455],[-113.18357,45.04281],[-113.18821,45.03541],[-113.18103,45.02993],[-113.18264,45.02503],[-113.18057,45.02211],[-113.16874,45.02147],[-113.16458,45.02309],[-113.1532,45.02371],[-113.1443,45.02713],[-113.13096,45.04365],[-113.1229,45.04704],[-113.11852,45.05152],[-113.10948,45.05602],[-113.10956,45.0579],[-113.10634,45.05859],[-113.10414,45.06174],[-113.0911,45.06374],[-113.09181,45.06562],[-113.09941,45.06615],[-113.10168,45.07138],[-113.10752,45.07337],[-113.11816,45.08227],[-113.13723,45.07955],[-113.14047,45.07186],[-113.15302,45.06942],[-113.15357,45.07154],[-113.15026,45.07402],[-113.15072,45.07844],[-113.14605,45.0858],[-113.1471,45.08948],[-113.14032,45.09617],[-113.14288,45.10225],[-113.14515,45.11704],[-113.15697,45.11913],[-113.16315,45.11806],[-113.16993,45.12563],[-113.1856,45.13659],[-113.20394,45.14174],[-113.21233,45.13977],[-113.23651,45.14169],[-113.24729,45.14826],[-113.24861,45.15159],[-113.2529,45.15547],[-113.25053,45.16428],[-113.26063,45.16583],[-113.26396,45.16363],[-113.26805,45.16545],[-113.26904,45.16863],[-113.27247,45.16871],[-113.28575,45.16131],[-113.28634,45.15415],[-113.32078,45.15817],[-113.32345,45.15434],[-113.32352,45.14738]],[[-112.38706,45.43198],[-112.38659,45.42907],[-112.37832,45.42292],[-112.3771,45.41949],[-112.37125,45.41639],[-112.36882,45.40505],[-112.36485,45.40211],[-112.35948,45.39405],[-112.35611,45.39257],[-112.35375,45.38297],[-112.34826,45.37843],[-112.34307,45.36978],[-112.33382,45.36121],[-112.31835,45.35539],[-112.29026,45.34804],[-112.27659,45.34772],[-112.2768,45.35077],[-112.28163,45.35535],[-112.30277,45.35906],[-112.31465,45.36618],[-112.32591,45.37772],[-112.34539,45.39169],[-112.35872,45.41242],[-112.36589,45.41778],[-112.36749,45.42299],[-112.37215,45.42526],[-112.37712,45.43222],[-112.38267,45.43676],[-112.38916,45.43761],[-112.38983,45.43643],[-112.38706,45.43198]],[[-112.98478,45.06985],[-112.98278,45.06809],[-112.98378,45.06486],[-112.98233,45.06201],[-112.9824,45.06034],[-112.98494,45.05902],[-112.98461,45.0535],[-112.97411,45.04552],[-112.97015,45.0348],[-112.97667,45.02547],[-112.96955,45.0216],[-112.96557,45.02239],[-112.96539,45.02512],[-112.9637,45.02493],[-112.96236,45.01235],[-112.96505,45.00723],[-112.96398,45.00242],[-112.95526,44.99614],[-112.94782,44.99951],[-112.94488,45.00405],[-112.93391,45.00104],[-112.93294,44.99898],[-112.92905,44.99812],[-112.92234,45.00157],[-112.91695,45.00076],[-112.91903,45.00363],[-112.92782,45.00756],[-112.9269,45.01332],[-112.92801,45.0199],[-112.91763,45.01918],[-112.91704,45.02467],[-112.91965,45.02751],[-112.91445,45.0335],[-112.90748,45.0393],[-112.89044,45.04577],[-112.88619,45.05042],[-112.89972,45.06208],[-112.90337,45.06769],[-112.91284,45.07141],[-112.91877,45.06834],[-112.92429,45.06997],[-112.92811,45.06873],[-112.94431,45.06111],[-112.95227,45.07299],[-112.96219,45.07733],[-112.96659,45.07633],[-112.97336,45.07936],[-112.98439,45.07914],[-112.98692,45.07622],[-112.98472,45.07473],[-112.98824,45.07154],[-112.98478,45.06985]],[[-113.58733,45.63214],[-113.57896,45.63235],[-113.57646,45.63811],[-113.57059,45.64381],[-113.55616,45.65373],[-113.53985,45.65977],[-113.53573,45.66621],[-113.53002,45.66928],[-113.53052,45.67314],[-113.538,45.66853],[-113.54149,45.66292],[-113.55528,45.66028],[-113.55594,45.65829],[-113.56471,45.65323],[-113.56733,45.64922],[-113.57885,45.64244],[-113.58018,45.64016],[-113.58329,45.64245],[-113.594,45.63859],[-113.59859,45.63921],[-113.601,45.63505],[-113.59893,45.63377],[-113.59982,45.62916],[-113.58733,45.63214]],[[-111.57205,45.88502],[-111.58102,45.87165],[-111.5847,45.87008],[-111.58471,45.86818],[-111.58794,45.86526],[-111.58731,45.86353],[-111.58206,45.86541],[-111.57614,45.87001],[-111.57373,45.87069],[-111.57011,45.86854],[-111.56698,45.87072],[-111.56459,45.87554],[-111.56089,45.87643],[-111.56165,45.87746],[-111.55892,45.87914],[-111.56063,45.88233],[-111.56023,45.8854],[-111.5618,45.88646],[-111.57205,45.88502]],[[-111.19709,45.61103],[-111.19887,45.61028],[-111.19817,45.60812],[-111.1766,45.59639],[-111.16366,45.59243],[-111.14804,45.58113],[-111.1301,45.57348],[-111.12038,45.57184],[-111.12744,45.57801],[-111.12826,45.58079],[-111.13365,45.58305],[-111.13989,45.58909],[-111.14432,45.5887],[-111.14674,45.5902],[-111.14793,45.59222],[-111.14652,45.5929],[-111.14911,45.59704],[-111.14797,45.59836],[-111.15386,45.6032],[-111.16326,45.60308],[-111.17116,45.60829],[-111.18041,45.60866],[-111.18927,45.61145],[-111.19317,45.60998],[-111.19709,45.61103]],[[-111.24361,45.74949],[-111.24032,45.7429],[-111.24197,45.74162],[-111.23888,45.74006],[-111.24109,45.74787],[-111.23947,45.75357],[-111.24153,45.75772],[-111.25024,45.76558],[-111.25499,45.76653],[-111.25718,45.76441],[-111.25521,45.76009],[-111.25122,45.75744],[-111.25014,45.75392],[-111.24361,45.74949]],[[-111.30295,45.71909],[-111.30309,45.71255],[-111.29612,45.71167],[-111.29178,45.70559],[-111.29337,45.70333],[-111.29756,45.70263],[-111.29801,45.7005],[-111.29548,45.69963],[-111.29409,45.69657],[-111.28803,45.69665],[-111.28697,45.69571],[-111.28888,45.69374],[-111.28705,45.6919],[-111.28454,45.69232],[-111.28007,45.6951],[-111.27732,45.7004],[-111.27813,45.70468],[-111.2733,45.70918],[-111.27326,45.71236],[-111.26718,45.71918],[-111.26299,45.72113],[-111.26342,45.72762],[-111.26543,45.72829],[-111.26551,45.73539],[-111.27038,45.73802],[-111.27391,45.73799],[-111.27531,45.74085],[-111.29415,45.73554],[-111.30377,45.7278],[-111.30692,45.72303],[-111.30675,45.7214],[-111.30379,45.72096],[-111.30295,45.71909]],[[-111.18188,45.89358],[-111.18022,45.88618],[-111.18484,45.88247],[-111.18259,45.87599],[-111.18448,45.87105],[-111.18346,45.86837],[-111.18148,45.86819],[-111.17764,45.8695],[-111.16938,45.87643],[-111.16551,45.88373],[-111.15761,45.89111],[-111.15981,45.89463],[-111.14314,45.9063],[-111.16648,45.90542],[-111.17182,45.90006],[-111.17876,45.89992],[-111.18416,45.89757],[-111.18188,45.89358]],[[-111.08006,45.83827],[-111.10117,45.83317],[-111.10123,45.8302],[-111.03172,45.83615],[-111.02929,45.83751],[-111.03871,45.83668],[-111.04196,45.83732],[-111.04298,45.83904],[-111.05008,45.83957],[-111.08006,45.83827]],[[-110.92539,46.60827],[-110.92861,46.60623],[-110.92862,46.60391],[-110.93406,46.60159],[-110.94074,46.60184],[-110.95099,46.5953],[-110.95691,46.59359],[-110.96044,46.58921],[-110.97691,46.58521],[-110.98121,46.58075],[-110.95328,46.56423],[-110.94385,46.56374],[-110.92927,46.55775],[-110.91896,46.55979],[-110.91215,46.56724],[-110.91001,46.57692],[-110.90791,46.57848],[-110.90419,46.57813],[-110.90502,46.58974],[-110.90953,46.59557],[-110.90513,46.60132],[-110.90249,46.60251],[-110.90442,46.60555],[-110.90298,46.60924],[-110.90943,46.61303],[-110.92173,46.60828],[-110.92539,46.60827]],[[-112.42573,47.48388],[-112.42254,47.48119],[-112.41846,47.48026],[-112.41453,47.48237],[-112.41007,47.4803],[-112.40665,47.48897],[-112.4108,47.49009],[-112.41799,47.48722],[-112.42531,47.48812],[-112.42994,47.48425],[-112.42573,47.48388]],[[-112.44731,48.05447],[-112.44118,48.05573],[-112.42498,48.0532],[-112.41301,48.05497],[-112.40281,48.05879],[-112.37564,48.06389],[-112.33885,48.07664],[-112.33203,48.07258],[-112.32547,48.07372],[-112.3215,48.07647],[-112.31324,48.07674],[-112.29375,48.07267],[-112.28425,48.07242],[-112.26978,48.06462],[-112.23214,48.05557],[-112.21943,48.05048],[-112.20774,48.04331],[-112.19436,48.03934],[-112.17374,48.02634],[-112.12991,48.01697],[-112.11426,48.01522],[-112.11054,48.01678],[-112.10065,48.01321],[-112.09462,48.0127],[-112.08849,48.00379],[-112.08308,48.00042],[-112.08304,47.99736],[-112.06413,47.98517],[-112.06841,47.9823],[-112.0692,47.97939],[-112.06716,47.97724],[-112.06917,47.97722],[-112.07316,47.97116],[-112.06896,47.97037],[-112.07086,47.96571],[-112.06536,47.96334],[-112.06059,47.9632],[-112.05857,47.96623],[-112.04767,47.96145],[-112.03351,47.9669],[-112.02957,47.96466],[-112.02783,47.96584],[-112.02969,47.96712],[-112.02589,47.9701],[-112.0279,47.97328],[-112.02333,47.97419],[-112.01535,47.98023],[-112.01763,47.98326],[-112.02186,47.98361],[-112.02216,47.9855],[-112.02492,47.9864],[-112.02732,47.98451],[-112.03025,47.98485],[-112.03124,47.9879],[-112.02844,47.99425],[-112.02591,47.99501],[-112.01977,47.99059],[-112.01639,47.99099],[-112.01438,47.99339],[-112.00837,47.99149],[-111.99718,47.99884],[-111.99933,48.00265],[-111.99792,48.00392],[-112.00661,48.00323],[-112.00898,48.00507],[-112.02423,48.00712],[-112.02627,48.01429],[-112.03017,48.01556],[-112.05076,48.00868],[-112.0521,48.0113],[-112.0567,48.01007],[-112.06284,48.01169],[-112.06459,48.01385],[-112.06238,48.0189],[-112.0647,48.02085],[-112.07348,48.02182],[-112.09841,48.02997],[-112.10599,48.02874],[-112.11106,48.03437],[-112.12122,48.04015],[-112.15878,48.05302],[-112.17586,48.05469],[-112.21661,48.07446],[-112.23014,48.07668],[-112.24307,48.08089],[-112.24952,48.08832],[-112.24893,48.09191],[-112.26366,48.09826],[-112.28574,48.09779],[-112.30885,48.09314],[-112.32482,48.0936],[-112.33616,48.09047],[-112.34085,48.09184],[-112.34465,48.0893],[-112.36891,48.08534],[-112.37446,48.08303],[-112.38745,48.08323],[-112.39415,48.08088],[-112.39963,48.07578],[-112.40533,48.07481],[-112.41866,48.06826],[-112.43382,48.06445],[-112.44209,48.05967],[-112.44605,48.05904],[-112.44731,48.05447]],[[-108.84436,46.64577],[-108.84812,46.64357],[-108.84672,46.64035],[-108.8399,46.63537],[-108.84018,46.63134],[-108.82611,46.62347],[-108.81592,46.61999],[-108.81296,46.62035],[-108.81038,46.6182],[-108.80983,46.61276],[-108.81386,46.60907],[-108.81013,46.60469],[-108.80932,46.5983],[-108.8124,46.59409],[-108.81047,46.58785],[-108.80586,46.58204],[-108.80311,46.58148],[-108.79747,46.57656],[-108.79274,46.57522],[-108.78721,46.57614],[-108.77624,46.57154],[-108.77158,46.56619],[-108.76705,46.55617],[-108.76078,46.5535],[-108.75965,46.5504],[-108.75353,46.54515],[-108.74345,46.54032],[-108.735,46.53894],[-108.73293,46.5361],[-108.71451,46.53777],[-108.70274,46.54576],[-108.70753,46.55425],[-108.70752,46.57052],[-108.71033,46.57393],[-108.72468,46.5829],[-108.72793,46.59021],[-108.72391,46.59712],[-108.7303,46.60197],[-108.73079,46.60862],[-108.76121,46.61939],[-108.78217,46.62937],[-108.79741,46.63933],[-108.81037,46.64243],[-108.81795,46.64198],[-108.82447,46.64348],[-108.84531,46.65595],[-108.85595,46.65795],[-108.84371,46.64877],[-108.84436,46.64577]],[[-108.5347,47.16386],[-108.52479,47.16407],[-108.51859,47.16645],[-108.51988,47.16944],[-108.514,47.17262],[-108.517,47.1771],[-108.51107,47.18106],[-108.51399,47.18493],[-108.52051,47.18898],[-108.5194,47.19128],[-108.52918,47.19358],[-108.53216,47.19887],[-108.53507,47.20067],[-108.56724,47.21407],[-108.56541,47.21882],[-108.5806,47.22124],[-108.58356,47.22004],[-108.59212,47.22062],[-108.60334,47.22437],[-108.62845,47.22335],[-108.63762,47.22107],[-108.63868,47.21508],[-108.64184,47.21041],[-108.64061,47.20698],[-108.63488,47.20204],[-108.63827,47.1961],[-108.6288,47.19087],[-108.62011,47.18846],[-108.59113,47.17103],[-108.57084,47.17028],[-108.56568,47.16733],[-108.55265,47.16379],[-108.53636,47.16211],[-108.5347,47.16386]],[[-107.75118,48.22852],[-107.74788,48.23253],[-107.73703,48.23269],[-107.72096,48.23753],[-107.71913,48.23974],[-107.72446,48.23979],[-107.72413,48.2434],[-107.70995,48.24627],[-107.70974,48.24773],[-107.71469,48.25211],[-107.70951,48.25798],[-107.71287,48.26018],[-107.7245,48.26093],[-107.73462,48.26652],[-107.72976,48.26726],[-107.72759,48.26983],[-107.7269,48.27145],[-107.72843,48.27381],[-107.72679,48.27831],[-107.7226,48.2808],[-107.72841,48.284],[-107.72844,48.28694],[-107.72707,48.28992],[-107.72183,48.29272],[-107.72566,48.29748],[-107.72455,48.29921],[-107.72616,48.30064],[-107.73503,48.30304],[-107.73784,48.30638],[-107.74088,48.30701],[-107.74064,48.31233],[-107.74425,48.31421],[-107.74478,48.31782],[-107.73933,48.31867],[-107.73376,48.32492],[-107.74725,48.32669],[-107.75526,48.33312],[-107.75863,48.33796],[-107.75776,48.33956],[-107.76264,48.34069],[-107.76609,48.34388],[-107.75883,48.34601],[-107.75895,48.34859],[-107.76343,48.34842],[-107.76371,48.35341],[-107.75753,48.35553],[-107.754,48.36005],[-107.75469,48.36213],[-107.7486,48.36772],[-107.74547,48.36764],[-107.74445,48.36482],[-107.74018,48.36222],[-107.73986,48.35881],[-107.73041,48.35851],[-107.72605,48.35621],[-107.71401,48.35484],[-107.70184,48.35738],[-107.69255,48.35686],[-107.67189,48.36182],[-107.66139,48.36243],[-107.65764,48.3605],[-107.65577,48.37295],[-107.64929,48.37494],[-107.64527,48.37465],[-107.63064,48.36747],[-107.62379,48.36654],[-107.62078,48.36794],[-107.617,48.37392],[-107.60728,48.3767],[-107.60711,48.37815],[-107.61087,48.38116],[-107.60655,48.38395],[-107.6033,48.38349],[-107.60319,48.38986],[-107.60512,48.39185],[-107.59965,48.39285],[-107.59495,48.38937],[-107.58854,48.38994],[-107.58228,48.39561],[-107.57197,48.39849],[-107.56328,48.40853],[-107.56813,48.41276],[-107.57413,48.41255],[-107.5799,48.41982],[-107.58851,48.42468],[-107.59091,48.42994],[-107.58645,48.44089],[-107.59342,48.44409],[-107.59277,48.44764],[-107.59489,48.45132],[-107.59863,48.45217],[-107.60452,48.44743],[-107.613,48.4544],[-107.61233,48.45616],[-107.61693,48.45618],[-107.61929,48.45378],[-107.62228,48.4535],[-107.65334,48.45479],[-107.67038,48.45982],[-107.67477,48.45936],[-107.68712,48.46593],[-107.69936,48.4681],[-107.70288,48.46809],[-107.7029,48.46625],[-107.70825,48.46212],[-107.71753,48.46067],[-107.72429,48.46303],[-107.7278,48.46614],[-107.74737,48.47302],[-107.74946,48.47117],[-107.74904,48.46692],[-107.75662,48.46214],[-107.75943,48.46155],[-107.7629,48.46398],[-107.7691,48.45914],[-107.77239,48.46005],[-107.78041,48.45508],[-107.77677,48.45277],[-107.78208,48.4475],[-107.78203,48.44456],[-107.76916,48.43889],[-107.76081,48.43835],[-107.75622,48.43326],[-107.74521,48.43253],[-107.74619,48.42692],[-107.75239,48.4212],[-107.77442,48.41176],[-107.77525,48.40817],[-107.77383,48.4051],[-107.76748,48.40065],[-107.76835,48.39597],[-107.77617,48.38473],[-107.77863,48.3786],[-107.78224,48.37572],[-107.79756,48.37053],[-107.8009,48.36541],[-107.81013,48.36243],[-107.81839,48.36325],[-107.82462,48.36617],[-107.83421,48.3661],[-107.82132,48.35447],[-107.81822,48.35426],[-107.81175,48.34985],[-107.81025,48.34702],[-107.80257,48.34521],[-107.80296,48.34053],[-107.80044,48.33709],[-107.80184,48.33354],[-107.79677,48.32947],[-107.8016,48.32714],[-107.80021,48.3244],[-107.80256,48.31804],[-107.80902,48.31476],[-107.81124,48.31127],[-107.8148,48.31148],[-107.82388,48.30676],[-107.83151,48.30758],[-107.83745,48.30408],[-107.83837,48.30096],[-107.84364,48.29927],[-107.85381,48.29205],[-107.86654,48.29267],[-107.86943,48.29034],[-107.86749,48.28643],[-107.86961,48.28562],[-107.86411,48.28076],[-107.86006,48.27935],[-107.8565,48.27418],[-107.8539,48.27356],[-107.85182,48.2688],[-107.84444,48.2654],[-107.84017,48.26534],[-107.83885,48.26218],[-107.83212,48.26199],[-107.82505,48.25833],[-107.82113,48.25262],[-107.82569,48.24742],[-107.8164,48.24593],[-107.81601,48.24243],[-107.80011,48.24246],[-107.79853,48.23813],[-107.78987,48.23712],[-107.78628,48.23897],[-107.78015,48.2358],[-107.77755,48.23998],[-107.76286,48.2318],[-107.7598,48.23159],[-107.757,48.22786],[-107.75118,48.22852]],[[-109.65107,49.54312],[-109.64788,49.54277],[-109.644,49.54576],[-109.63894,49.54472],[-109.63092,49.54614],[-109.62568,49.546],[-109.62406,49.54385],[-109.61931,49.54697],[-109.62332,49.55249],[-109.62626,49.55246],[-109.62695,49.55682],[-109.62977,49.55688],[-109.62923,49.56229],[-109.63461,49.56488],[-109.64571,49.5588],[-109.64931,49.55493],[-109.64842,49.5535],[-109.65327,49.54976],[-109.65407,49.5466],[-109.65107,49.54312]],[[-109.5631,49.45119],[-109.57769,49.44393],[-109.57796,49.44251],[-109.57082,49.43928],[-109.5732,49.43192],[-109.57516,49.43065],[-109.57309,49.42763],[-109.56946,49.42657],[-109.55456,49.42762],[-109.54666,49.4202],[-109.54679,49.4178],[-109.54249,49.41746],[-109.54204,49.41299],[-109.53273,49.40308],[-109.52366,49.3973],[-109.51934,49.39259],[-109.51141,49.39182],[-109.50868,49.38929],[-109.51074,49.38739],[-109.50823,49.38551],[-109.50371,49.38568],[-109.50374,49.38746],[-109.4921,49.381],[-109.48864,49.38218],[-109.4773,49.39199],[-109.47688,49.39929],[-109.47314,49.40525],[-109.46739,49.40677],[-109.46648,49.4106],[-109.46969,49.42376],[-109.46872,49.42572],[-109.47129,49.42941],[-109.47648,49.43154],[-109.47221,49.43858],[-109.47541,49.43883],[-109.47961,49.44235],[-109.49121,49.44144],[-109.49796,49.44425],[-109.50547,49.44024],[-109.50929,49.44055],[-109.52328,49.44518],[-109.53011,49.45417],[-109.53507,49.45636],[-109.53979,49.45546],[-109.54411,49.45781],[-109.55038,49.45554],[-109.5544,49.45695],[-109.5631,49.45119]],[[-109.4669,49.43516],[-109.45945,49.43503],[-109.45742,49.43754],[-109.4567,49.44504],[-109.45931,49.44545],[-109.47181,49.43862],[-109.4669,49.43516]],[[-109.44487,49.43462],[-109.44716,49.42723],[-109.44207,49.42357],[-109.44434,49.42259],[-109.44167,49.42028],[-109.44472,49.41846],[-109.44316,49.41512],[-109.43451,49.41165],[-109.43102,49.41278],[-109.42264,49.41143],[-109.41922,49.40903],[-109.41618,49.40871],[-109.41109,49.41132],[-109.41328,49.43171],[-109.40798,49.43707],[-109.4088,49.4461],[-109.40973,49.44062],[-109.41238,49.43916],[-109.42343,49.43771],[-109.44505,49.44062],[-109.44487,49.43462]],[[-109.40095,49.45076],[-109.39951,49.44754],[-109.40133,49.4443],[-109.39717,49.43904],[-109.39791,49.43752],[-109.39045,49.43253],[-109.39064,49.42995],[-109.38393,49.43271],[-109.38761,49.43558],[-109.38574,49.44146],[-109.38822,49.44457],[-109.39833,49.45338],[-109.40218,49.4523],[-109.40095,49.45076]],[[-109.04813,49.44361],[-109.04416,49.44168],[-109.04191,49.43671],[-109.02304,49.4386],[-109.02657,49.44187],[-109.0351,49.44543],[-109.04569,49.44769],[-109.05112,49.44705],[-109.04813,49.44361]],[[-108.47983,49.28825],[-108.47981,49.28472],[-108.48519,49.27772],[-108.48348,49.27565],[-108.4799,49.27563],[-108.47174,49.27134],[-108.47069,49.26754],[-108.46464,49.26575],[-108.45999,49.2614],[-108.45432,49.26148],[-108.44415,49.24954],[-108.43345,49.24868],[-108.42394,49.24207],[-108.42448,49.2406],[-108.42267,49.23887],[-108.41267,49.23769],[-108.41127,49.23352],[-108.4075,49.23295],[-108.40534,49.22994],[-108.4034,49.23115],[-108.40166,49.22969],[-108.39557,49.22997],[-108.39246,49.23285],[-108.3891,49.23032],[-108.38341,49.22939],[-108.37649,49.23195],[-108.36983,49.24013],[-108.36659,49.24147],[-108.36632,49.24344],[-108.36941,49.24827],[-108.37828,49.2499],[-108.37873,49.24868],[-108.38014,49.25476],[-108.37715,49.26038],[-108.38542,49.26081],[-108.39344,49.26595],[-108.39332,49.27398],[-108.39604,49.27405],[-108.39635,49.27801],[-108.40476,49.28518],[-108.4157,49.28283],[-108.41813,49.27944],[-108.4183,49.27707],[-108.41666,49.27689],[-108.42134,49.26946],[-108.43299,49.27077],[-108.43706,49.26807],[-108.44426,49.26716],[-108.45159,49.26899],[-108.45555,49.27329],[-108.45577,49.27612],[-108.45322,49.28567],[-108.44516,49.28758],[-108.44466,49.29039],[-108.44731,49.29143],[-108.45305,49.289],[-108.45533,49.29484],[-108.45912,49.299],[-108.47111,49.29742],[-108.47779,49.2996],[-108.48506,49.29526],[-108.47983,49.28825]],[[-108.36167,49.28836],[-108.35535,49.27849],[-108.35782,49.27675],[-108.35736,49.2753],[-108.36404,49.26473],[-108.36317,49.26254],[-108.35933,49.26177],[-108.35177,49.26717],[-108.35215,49.27205],[-108.34819,49.27703],[-108.35435,49.28143],[-108.34824,49.28581],[-108.33527,49.28384],[-108.33056,49.27918],[-108.32599,49.27689],[-108.32185,49.27691],[-108.32025,49.2751],[-108.32451,49.26835],[-108.32371,49.26648],[-108.31699,49.26431],[-108.31283,49.27132],[-108.31412,49.27539],[-108.318,49.27801],[-108.3148,49.28049],[-108.3103,49.27527],[-108.30501,49.27351],[-108.30296,49.27052],[-108.29438,49.26933],[-108.28884,49.2732],[-108.27119,49.27307],[-108.26825,49.27423],[-108.26356,49.27231],[-108.26374,49.26925],[-108.25967,49.26534],[-108.25064,49.26585],[-108.25082,49.26441],[-108.24641,49.26091],[-108.2408,49.2595],[-108.23529,49.25993],[-108.22838,49.25788],[-108.21997,49.26332],[-108.21679,49.26235],[-108.21589,49.26019],[-108.20613,49.2615],[-108.19984,49.26018],[-108.19362,49.25506],[-108.19395,49.25229],[-108.19151,49.25096],[-108.18081,49.25118],[-108.17964,49.24608],[-108.17531,49.24289],[-108.17393,49.23922],[-108.17151,49.23826],[-108.16656,49.2409],[-108.16274,49.23929],[-108.16029,49.23558],[-108.15361,49.23637],[-108.14808,49.23435],[-108.14622,49.22501],[-108.14048,49.22551],[-108.13975,49.22317],[-108.13089,49.21532],[-108.1227,49.21458],[-108.11219,49.21639],[-108.1089,49.21356],[-108.10282,49.21179],[-108.09473,49.20587],[-108.09686,49.20374],[-108.09656,49.2007],[-108.09183,49.19165],[-108.08571,49.18625],[-108.06321,49.17765],[-108.05626,49.18114],[-108.05529,49.18916],[-108.05401,49.18981],[-108.04968,49.18315],[-108.03984,49.18092],[-108.04105,49.17884],[-108.03707,49.17047],[-108.0262,49.16946],[-108.02044,49.16058],[-108.01537,49.15991],[-108.00783,49.1554],[-108.00352,49.1548],[-108.00047,49.15731],[-107.99594,49.15538],[-107.99335,49.15845],[-107.99004,49.1563],[-107.98675,49.15743],[-107.98143,49.15662],[-107.97108,49.15199],[-107.96645,49.14707],[-107.96114,49.14712],[-107.9598,49.14401],[-107.95315,49.14262],[-107.95301,49.14063],[-107.94994,49.13888],[-107.94645,49.13962],[-107.94372,49.14288],[-107.9369,49.14269],[-107.93357,49.13932],[-107.9336,49.13678],[-107.92951,49.13595],[-107.9293,49.1347],[-107.92415,49.13477],[-107.92402,49.13238],[-107.92833,49.12774],[-107.91094,49.11463],[-107.88713,49.11572],[-107.87659,49.11258],[-107.87178,49.10396],[-107.87558,49.10127],[-107.87808,49.10205],[-107.8847,49.0955],[-107.88242,49.09441],[-107.88163,49.0895],[-107.87947,49.0879],[-107.86175,49.07865],[-107.8623,49.07492],[-107.85696,49.06912],[-107.84751,49.07244],[-107.84284,49.07834],[-107.82977,49.08513],[-107.8144,49.08067],[-107.80202,49.08082],[-107.79234,49.07758],[-107.78919,49.08149],[-107.7831,49.08417],[-107.77552,49.08413],[-107.7668,49.08069],[-107.75995,49.08147],[-107.7447,49.08709],[-107.7446,49.08954],[-107.74176,49.09109],[-107.72945,49.08471],[-107.716,49.09069],[-107.71273,49.09442],[-107.71329,49.09688],[-107.71206,49.09783],[-107.70292,49.09598],[-107.69944,49.09937],[-107.69978,49.10199],[-107.70418,49.10396],[-107.70627,49.108],[-107.70403,49.11038],[-107.69788,49.11158],[-107.69305,49.11591],[-107.6942,49.12961],[-107.69172,49.13784],[-107.69446,49.14124],[-107.69955,49.14247],[-107.70211,49.15043],[-107.69916,49.15233],[-107.68862,49.15045],[-107.68901,49.15336],[-107.69739,49.1582],[-107.7008,49.15778],[-107.70095,49.16042],[-107.70414,49.16388],[-107.71162,49.16458],[-107.71586,49.16237],[-107.71756,49.16453],[-107.7174,49.16761],[-107.72806,49.1714],[-107.72937,49.17472],[-107.72845,49.17682],[-107.7323,49.1778],[-107.74793,49.17732],[-107.75132,49.17111],[-107.75687,49.17379],[-107.75747,49.17237],[-107.76447,49.17009],[-107.76815,49.17219],[-107.77817,49.1709],[-107.78286,49.17382],[-107.78673,49.17198],[-107.79052,49.1743],[-107.80213,49.17122],[-107.80516,49.17238],[-107.80501,49.17377],[-107.80118,49.17519],[-107.79293,49.17631],[-107.79008,49.17899],[-107.78099,49.17866],[-107.77484,49.17617],[-107.77155,49.17767],[-107.76944,49.18163],[-107.77065,49.18394],[-107.77534,49.1859],[-107.76426,49.18864],[-107.76337,49.19077],[-107.7688,49.19192],[-107.77075,49.19413],[-107.77657,49.19468],[-107.78235,49.198],[-107.79167,49.19784],[-107.79378,49.20274],[-107.7922,49.20335],[-107.79146,49.20762],[-107.80548,49.21161],[-107.81393,49.21635],[-107.815,49.21777],[-107.81342,49.22011],[-107.8171,49.22346],[-107.81746,49.22612],[-107.82229,49.22609],[-107.83028,49.23346],[-107.82985,49.23697],[-107.82363,49.23723],[-107.81588,49.2402],[-107.8142,49.24136],[-107.81341,49.24552],[-107.81192,49.24588],[-107.80676,49.24448],[-107.80134,49.24003],[-107.79006,49.24194],[-107.794,49.24658],[-107.80397,49.24619],[-107.80903,49.24837],[-107.79817,49.24888],[-107.7942,49.2514],[-107.78977,49.24957],[-107.78952,49.24794],[-107.78521,49.24808],[-107.784,49.24974],[-107.77985,49.24904],[-107.77364,49.2443],[-107.77141,49.24448],[-107.76741,49.24044],[-107.76221,49.24003],[-107.76272,49.23832],[-107.75776,49.23644],[-107.75319,49.23803],[-107.74709,49.23533],[-107.74412,49.23745],[-107.74115,49.23765],[-107.73906,49.23591],[-107.73619,49.23943],[-107.73271,49.23892],[-107.73147,49.24296],[-107.73273,49.24452],[-107.72782,49.24676],[-107.73219,49.24838],[-107.73023,49.25065],[-107.73797,49.25501],[-107.74365,49.2545],[-107.74921,49.25167],[-107.75492,49.25161],[-107.75642,49.25378],[-107.76311,49.25604],[-107.76618,49.26126],[-107.77261,49.26272],[-107.77619,49.26283],[-107.78538,49.25744],[-107.7859,49.25513],[-107.79079,49.2539],[-107.79228,49.25528],[-107.77815,49.26389],[-107.77856,49.26709],[-107.78192,49.26873],[-107.78216,49.27057],[-107.78554,49.27121],[-107.78695,49.27804],[-107.78423,49.2792],[-107.7863,49.28098],[-107.79556,49.27573],[-107.80325,49.27444],[-107.81143,49.26484],[-107.81687,49.26522],[-107.82253,49.2584],[-107.82867,49.25669],[-107.83027,49.25284],[-107.83186,49.25374],[-107.83304,49.25088],[-107.83915,49.25092],[-107.83883,49.24334],[-107.83291,49.24341],[-107.83293,49.24118],[-107.83462,49.24052],[-107.83413,49.23852],[-107.83207,49.23789],[-107.83652,49.23725],[-107.83853,49.23583],[-107.83892,49.23256],[-107.84254,49.23119],[-107.85116,49.23367],[-107.85362,49.23815],[-107.85069,49.24018],[-107.85125,49.24329],[-107.85621,49.24537],[-107.85835,49.25024],[-107.86465,49.25235],[-107.86616,49.25155],[-107.87359,49.25393],[-107.88087,49.25046],[-107.9077,49.25093],[-107.91082,49.25479],[-107.91213,49.25986],[-107.92191,49.26583],[-107.92358,49.27293],[-107.92941,49.27625],[-107.9309,49.27934],[-107.93998,49.28326],[-107.94132,49.28566],[-107.94222,49.29003],[-107.93211,49.28938],[-107.92875,49.29166],[-107.93044,49.2962],[-107.92893,49.29959],[-107.92391,49.30036],[-107.92105,49.30298],[-107.92216,49.30628],[-107.92832,49.30674],[-107.92582,49.31298],[-107.9277,49.3187],[-107.93617,49.32335],[-107.93744,49.32698],[-107.94043,49.32844],[-107.93969,49.32989],[-107.95041,49.33692],[-107.95231,49.3407],[-107.95021,49.34362],[-107.95498,49.34587],[-107.95743,49.35219],[-107.96081,49.35233],[-107.96312,49.34994],[-107.97414,49.35196],[-107.98419,49.34518],[-107.99508,49.34789],[-108.00665,49.34781],[-108.01075,49.34921],[-108.01255,49.35312],[-108.01704,49.35437],[-108.01912,49.35712],[-108.02842,49.35327],[-108.03166,49.35302],[-108.03307,49.35571],[-108.03458,49.35493],[-108.03237,49.35134],[-108.04078,49.34766],[-108.04317,49.34456],[-108.04609,49.34555],[-108.04641,49.34773],[-108.05197,49.35303],[-108.05462,49.365],[-108.05722,49.36464],[-108.06309,49.36902],[-108.06723,49.36728],[-108.06882,49.3724],[-108.07208,49.37335],[-108.07349,49.37555],[-108.0823,49.37707],[-108.08705,49.37641],[-108.094,49.37209],[-108.09342,49.36989],[-108.0972,49.36565],[-108.09728,49.3624],[-108.09404,49.35835],[-108.10037,49.35661],[-108.10108,49.35411],[-108.10514,49.35159],[-108.11671,49.34805],[-108.11917,49.3459],[-108.11729,49.34371],[-108.12095,49.3415],[-108.13614,49.34567],[-108.13401,49.34935],[-108.13085,49.34965],[-108.1286,49.35476],[-108.1297,49.35526],[-108.14545,49.35325],[-108.15207,49.34555],[-108.15963,49.3433],[-108.16446,49.33899],[-108.17208,49.34207],[-108.17354,49.34485],[-108.168,49.34362],[-108.16322,49.34712],[-108.16394,49.34932],[-108.15859,49.35453],[-108.15465,49.36217],[-108.15599,49.36704],[-108.1606,49.36713],[-108.16487,49.37036],[-108.16899,49.37082],[-108.16963,49.36908],[-108.17931,49.36795],[-108.1856,49.36206],[-108.18671,49.3599],[-108.1847,49.35838],[-108.18321,49.35241],[-108.18566,49.34737],[-108.18915,49.34701],[-108.19533,49.34962],[-108.19964,49.34067],[-108.19776,49.33429],[-108.19421,49.33266],[-108.19458,49.33151],[-108.20724,49.32815],[-108.20598,49.3261],[-108.19705,49.32133],[-108.20557,49.31628],[-108.20775,49.31043],[-108.21251,49.30827],[-108.20643,49.30587],[-108.20503,49.30358],[-108.20985,49.29792],[-108.21395,49.29563],[-108.22598,49.29129],[-108.23261,49.29204],[-108.24086,49.29054],[-108.24463,49.2915],[-108.24693,49.29693],[-108.25247,49.29808],[-108.26412,49.29205],[-108.28399,49.28828],[-108.28813,49.28063],[-108.29425,49.27816],[-108.29699,49.28597],[-108.29434,49.28949],[-108.29916,49.29116],[-108.30085,49.29405],[-108.30433,49.2944],[-108.32058,49.28495],[-108.32838,49.28923],[-108.32187,49.2942],[-108.3242,49.29753],[-108.32935,49.29772],[-108.33082,49.29997],[-108.33464,49.29934],[-108.33267,49.29804],[-108.33264,49.29114],[-108.33137,49.2898],[-108.3398,49.29099],[-108.34834,49.29272],[-108.3529,49.30182],[-108.35772,49.30361],[-108.36349,49.30337],[-108.36697,49.29836],[-108.36918,49.29829],[-108.36832,49.29515],[-108.36968,49.29341],[-108.36167,49.28836]],[[-108.05965,48.91891],[-108.07271,48.92126],[-108.07742,48.92409],[-108.08508,48.92353],[-108.0862,48.92239],[-108.0837,48.91833],[-108.08555,48.91636],[-108.08247,48.91401],[-108.08543,48.9111],[-108.09323,48.90842],[-108.09415,48.90629],[-108.0971,48.90628],[-108.10139,48.90212],[-108.09985,48.89926],[-108.10031,48.8924],[-108.09728,48.88861],[-108.0887,48.88629],[-108.08605,48.88168],[-108.08092,48.88075],[-108.07777,48.8774],[-108.07036,48.87582],[-108.07034,48.87317],[-108.07469,48.86871],[-108.07348,48.8672],[-108.07153,48.87007],[-108.06851,48.86989],[-108.06274,48.87442],[-108.04984,48.86853],[-108.05032,48.86446],[-108.04866,48.8623],[-108.05416,48.85362],[-108.05279,48.85262],[-108.059,48.84366],[-108.05769,48.84269],[-108.05987,48.84286],[-108.06847,48.8346],[-108.07794,48.83296],[-108.07692,48.82979],[-108.07865,48.82918],[-108.08642,48.82699],[-108.09646,48.82983],[-108.09762,48.82896],[-108.10149,48.8253],[-108.10033,48.82323],[-108.10546,48.8216],[-108.10662,48.81684],[-108.10005,48.81757],[-108.10081,48.81594],[-108.10624,48.81381],[-108.10505,48.81093],[-108.11097,48.80694],[-108.11256,48.79685],[-108.12183,48.78831],[-108.1262,48.78737],[-108.13025,48.7826],[-108.1246,48.78145],[-108.09499,48.78799],[-108.08833,48.78613],[-108.07159,48.7859],[-108.06858,48.78354],[-108.06383,48.78761],[-108.05776,48.78918],[-108.0491,48.78725],[-108.04751,48.78329],[-108.04395,48.78154],[-108.04462,48.77295],[-108.03828,48.76997],[-108.02656,48.77643],[-108.02526,48.77962],[-108.01953,48.78093],[-108.01891,48.77901],[-108.01601,48.7794],[-108.01199,48.78158],[-108.00285,48.78208],[-108.00151,48.78356],[-107.99724,48.7784],[-107.98513,48.77734],[-107.97959,48.78026],[-107.97089,48.77729],[-107.96925,48.77408],[-107.96193,48.77262],[-107.9614,48.76888],[-107.9588,48.76781],[-107.94668,48.76963],[-107.93788,48.76216],[-107.93405,48.76218],[-107.92799,48.76389],[-107.92351,48.76721],[-107.91153,48.76628],[-107.89087,48.77134],[-107.88642,48.77063],[-107.87657,48.77542],[-107.86955,48.78896],[-107.85513,48.79665],[-107.84644,48.8032],[-107.84343,48.80761],[-107.83787,48.80866],[-107.84468,48.81296],[-107.84355,48.81485],[-107.84836,48.81722],[-107.85245,48.82351],[-107.85194,48.8298],[-107.85582,48.83603],[-107.85303,48.83979],[-107.85218,48.84529],[-107.85454,48.84794],[-107.85451,48.8508],[-107.84581,48.85503],[-107.84653,48.85793],[-107.84421,48.85911],[-107.8432,48.86376],[-107.84974,48.86378],[-107.85474,48.86745],[-107.86359,48.87035],[-107.86168,48.87338],[-107.8636,48.87699],[-107.85901,48.87812],[-107.86065,48.88304],[-107.85976,48.88669],[-107.86736,48.89041],[-107.88683,48.88254],[-107.89328,48.88327],[-107.89998,48.8896],[-107.90331,48.88708],[-107.90809,48.8871],[-107.91196,48.89006],[-107.91633,48.88808],[-107.9199,48.88957],[-107.9255,48.89646],[-107.93108,48.89708],[-107.93023,48.90038],[-107.93732,48.90317],[-107.94332,48.90894],[-107.94704,48.90999],[-107.94586,48.91373],[-107.94692,48.9147],[-107.95608,48.91685],[-107.95102,48.92292],[-107.94646,48.91922],[-107.94069,48.9182],[-107.92921,48.92878],[-107.93392,48.93625],[-107.93247,48.94024],[-107.9368,48.94544],[-107.94075,48.9469],[-107.93656,48.94902],[-107.94139,48.95237],[-107.95618,48.95217],[-107.96916,48.94877],[-107.96824,48.94594],[-107.97007,48.94513],[-107.97708,48.94636],[-107.97997,48.94485],[-107.98735,48.94516],[-107.99433,48.94776],[-108.01111,48.94556],[-108.01514,48.9516],[-108.02125,48.94911],[-108.02171,48.94512],[-108.02628,48.94351],[-108.02777,48.94046],[-108.02798,48.93869],[-108.02083,48.93506],[-108.03486,48.92935],[-108.0353,48.92775],[-108.03233,48.92577],[-108.03672,48.92394],[-108.03839,48.92132],[-108.05176,48.92092],[-108.05965,48.91891]],[[-108.5996,48.43891],[-108.5995,48.44711],[-108.60712,48.44578],[-108.60243,48.43849],[-108.5996,48.43891]],[[-111.03104,49.00484],[-110.99979,49.02149],[-110.99204,49.02244],[-110.99049,49.02551],[-110.99358,49.02989],[-111.00466,49.02877],[-111.02765,49.01654],[-111.03714,49.01372],[-111.05034,49.01445],[-111.05583,49.01201],[-111.05228,49.00749],[-111.03978,49.00128],[-111.03667,49.00132],[-111.03104,49.00484]],[[-110.9759,49.00192],[-110.96987,48.99799],[-110.95734,49.00024],[-110.95457,48.99741],[-110.94628,48.99843],[-110.94373,48.99605],[-110.93411,48.99932],[-110.92941,48.99625],[-110.92474,48.99784],[-110.92485,48.99909],[-110.90865,49.00238],[-110.90635,49.00515],[-110.9071,49.00676],[-110.91283,49.00823],[-110.9059,49.01367],[-110.90651,49.01524],[-110.91572,49.01554],[-110.91944,49.01721],[-110.91833,49.01803],[-110.92098,49.02202],[-110.91169,49.02535],[-110.91104,49.02834],[-110.91395,49.03185],[-110.91113,49.03393],[-110.91166,49.03516],[-110.92053,49.03756],[-110.91559,49.04356],[-110.92002,49.04626],[-110.92416,49.04602],[-110.92847,49.04929],[-110.93773,49.04553],[-110.93821,49.04184],[-110.94163,49.03922],[-110.93403,49.0339],[-110.94017,49.02807],[-110.94412,49.01854],[-110.94926,49.01319],[-110.96072,49.0165],[-110.96306,49.01246],[-110.96766,49.00925],[-110.97853,49.00579],[-110.9759,49.00192]],[[-110.87719,49.01633],[-110.87109,49.02324],[-110.87328,49.02562],[-110.87307,49.03043],[-110.86829,49.03175],[-110.86053,49.02895],[-110.85584,49.02926],[-110.85138,49.03303],[-110.84796,49.0305],[-110.8455,49.0314],[-110.82477,49.04584],[-110.81664,49.05994],[-110.80673,49.05955],[-110.78718,49.06721],[-110.78382,49.06899],[-110.78534,49.07148],[-110.78498,49.07478],[-110.79671,49.07878],[-110.80491,49.0757],[-110.81431,49.07487],[-110.81969,49.07124],[-110.82919,49.07426],[-110.84367,49.07435],[-110.8476,49.06708],[-110.85196,49.06509],[-110.85452,49.06031],[-110.88141,49.04623],[-110.88541,49.04273],[-110.88184,49.03685],[-110.87685,49.03427],[-110.87355,49.03043],[-110.87731,49.02849],[-110.88157,49.02881],[-110.88222,49.02697],[-110.88282,49.01935],[-110.87719,49.01633]],[[-110.33606,48.71616],[-110.33627,48.71429],[-110.3399,48.71142],[-110.33461,48.70333],[-110.33924,48.70207],[-110.33997,48.69841],[-110.33512,48.6919],[-110.3357,48.68551],[-110.33258,48.68248],[-110.33383,48.67425],[-110.3307,48.6682],[-110.33246,48.66411],[-110.33213,48.65808],[-110.32611,48.65357],[-110.32669,48.65144],[-110.3239,48.65083],[-110.31634,48.64211],[-110.31078,48.63947],[-110.31019,48.63694],[-110.30713,48.63604],[-110.30252,48.62979],[-110.2903,48.62053],[-110.28938,48.61537],[-110.28289,48.6104],[-110.28139,48.60468],[-110.27393,48.59933],[-110.27392,48.59739],[-110.26926,48.59496],[-110.25712,48.59549],[-110.25281,48.59823],[-110.24539,48.59721],[-110.24355,48.59891],[-110.23713,48.5994],[-110.22974,48.58944],[-110.21915,48.58782],[-110.20938,48.59137],[-110.20187,48.59056],[-110.19128,48.59219],[-110.19144,48.59536],[-110.18961,48.59726],[-110.18604,48.59681],[-110.1857,48.5929],[-110.1836,48.59015],[-110.17638,48.58885],[-110.17066,48.5836],[-110.17011,48.57912],[-110.17203,48.57756],[-110.1691,48.57468],[-110.15705,48.57739],[-110.14354,48.56736],[-110.13249,48.56449],[-110.12752,48.56031],[-110.11644,48.56127],[-110.10429,48.5558],[-110.08643,48.55578],[-110.07707,48.56315],[-110.06694,48.56614],[-110.06291,48.57029],[-110.06265,48.57292],[-110.06712,48.58212],[-110.06522,48.58809],[-110.05052,48.60695],[-110.04351,48.62157],[-110.03155,48.62894],[-110.03032,48.63433],[-110.02524,48.63542],[-110.0294,48.6377],[-110.03042,48.64032],[-110.027,48.64344],[-110.03147,48.64694],[-110.02838,48.64774],[-110.02505,48.65142],[-110.02446,48.65329],[-110.02659,48.65532],[-110.02777,48.66082],[-110.02418,48.66629],[-110.02936,48.67476],[-110.0294,48.68025],[-110.02739,48.68333],[-110.02909,48.68801],[-110.03252,48.68998],[-110.03467,48.68701],[-110.03998,48.68742],[-110.04436,48.6834],[-110.06353,48.68068],[-110.07655,48.69027],[-110.08984,48.69054],[-110.09266,48.69872],[-110.10038,48.69921],[-110.10809,48.69225],[-110.10744,48.68889],[-110.11086,48.68111],[-110.11617,48.68194],[-110.11921,48.67881],[-110.12413,48.67824],[-110.12639,48.68045],[-110.13269,48.68137],[-110.13528,48.68415],[-110.14033,48.68528],[-110.14691,48.68412],[-110.15088,48.68835],[-110.16747,48.688],[-110.17969,48.69351],[-110.19254,48.69383],[-110.20772,48.70209],[-110.21275,48.70329],[-110.22456,48.70261],[-110.23405,48.71239],[-110.2439,48.71968],[-110.25499,48.72064],[-110.27833,48.72632],[-110.28201,48.7268],[-110.28742,48.72409],[-110.30314,48.72824],[-110.32886,48.72396],[-110.33645,48.72415],[-110.33482,48.71874],[-110.33606,48.71616]],[[-110.409,49.01613],[-110.4017,49.00864],[-110.39165,49.00429],[-110.39485,49.00012],[-110.3929,48.99523],[-110.38743,48.99293],[-110.38608,48.99539],[-110.37972,48.99608],[-110.3802,48.99942],[-110.3778,49.00461],[-110.38482,49.01248],[-110.38224,49.01435],[-110.3727,49.01028],[-110.3614,49.00886],[-110.35983,49.00947],[-110.36114,49.01251],[-110.35881,49.01493],[-110.35886,49.01756],[-110.3577,49.01858],[-110.35357,49.01714],[-110.35096,49.02099],[-110.34884,49.02157],[-110.35094,49.02353],[-110.37563,49.02954],[-110.38205,49.02915],[-110.38877,49.02478],[-110.39048,49.02179],[-110.39524,49.02198],[-110.39777,49.02449],[-110.41403,49.02939],[-110.42016,49.0226],[-110.409,49.01613]],[[-112.68505,49.05393],[-112.68447,49.05167],[-112.69221,49.05],[-112.69211,49.04717],[-112.69398,49.04562],[-112.69287,49.04321],[-112.68295,49.04182],[-112.67485,49.04277],[-112.67074,49.03931],[-112.68371,49.03489],[-112.68552,49.03221],[-112.6825,49.02945],[-112.69127,49.02348],[-112.69055,49.02111],[-112.68031,49.01625],[-112.6884,49.01527],[-112.68693,49.014],[-112.68678,49.0103],[-112.69406,49.0055],[-112.69454,49.00036],[-112.69188,48.99697],[-112.69691,48.99341],[-112.69711,48.99109],[-112.69336,48.98788],[-112.6957,48.98357],[-112.68934,48.98022],[-112.68777,48.98494],[-112.68092,48.98535],[-112.67583,48.98365],[-112.6706,48.98647],[-112.66214,48.98624],[-112.65884,48.98266],[-112.65589,48.98333],[-112.65559,48.9794],[-112.64432,48.98326],[-112.64615,48.98584],[-112.64211,48.98821],[-112.62389,48.98896],[-112.62296,48.99005],[-112.62449,48.99227],[-112.6232,48.99406],[-112.62489,48.99471],[-112.62223,48.9964],[-112.62392,48.99885],[-112.62091,49.00215],[-112.60765,48.99869],[-112.59731,49.0001],[-112.58858,48.99181],[-112.58177,48.99328],[-112.58131,48.99654],[-112.5769,48.99716],[-112.57647,48.9985],[-112.5743,48.99754],[-112.56771,48.99901],[-112.56154,49.00635],[-112.56227,49.0084],[-112.55855,49.01096],[-112.55788,49.01438],[-112.55374,49.01622],[-112.55075,49.02089],[-112.5398,49.02942],[-112.53818,49.03594],[-112.52942,49.04334],[-112.52802,49.04982],[-112.52367,49.04918],[-112.50962,49.05431],[-112.5033,49.05326],[-112.49961,49.05624],[-112.49905,49.05883],[-112.50367,49.06696],[-112.50739,49.06562],[-112.51398,49.06711],[-112.51851,49.06519],[-112.52134,49.06575],[-112.5245,49.06329],[-112.52302,49.06227],[-112.52622,49.06282],[-112.53186,49.06048],[-112.54417,49.06089],[-112.54765,49.05876],[-112.55035,49.05851],[-112.55186,49.0609],[-112.55616,49.06143],[-112.55878,49.06105],[-112.55965,49.05434],[-112.56414,49.04904],[-112.57573,49.04495],[-112.58223,49.04071],[-112.58908,49.0438],[-112.59006,49.04768],[-112.5935,49.04578],[-112.59938,49.04815],[-112.59905,49.05104],[-112.60406,49.05193],[-112.60567,49.04776],[-112.60994,49.04615],[-112.62683,49.04997],[-112.63626,49.04403],[-112.64729,49.04034],[-112.64867,49.03834],[-112.6521,49.04002],[-112.65172,49.04284],[-112.64604,49.04991],[-112.64661,49.05149],[-112.64413,49.0525],[-112.64409,49.05482],[-112.65359,49.05992],[-112.66139,49.05938],[-112.6564,49.06564],[-112.65704,49.06811],[-112.65492,49.07245],[-112.65165,49.07378],[-112.65719,49.07643],[-112.65666,49.07817],[-112.65292,49.08042],[-112.65162,49.08369],[-112.64574,49.08489],[-112.64411,49.08687],[-112.6505,49.09074],[-112.67436,49.09312],[-112.68158,49.08626],[-112.68279,49.08327],[-112.69476,49.07607],[-112.69265,49.07171],[-112.6941,49.07042],[-112.69107,49.06722],[-112.70361,49.0621],[-112.69704,49.05753],[-112.68839,49.05615],[-112.68505,49.05393]],[[-111.13803,48.9998],[-111.13349,48.99683],[-111.12918,49.00048],[-111.13648,49.00533],[-111.13748,49.00363],[-111.14498,49.00152],[-111.13803,48.9998]],[[-110.8879,49.06096],[-110.88986,49.06699],[-110.892,49.06849],[-110.89824,49.06966],[-110.90031,49.06817],[-110.8985,49.05849],[-110.89486,49.05528],[-110.88761,49.05462],[-110.8879,49.06096]],[[-111.14045,49.04255],[-111.13396,49.05168],[-111.12269,49.05182],[-111.11723,49.05732],[-111.11919,49.06122],[-111.12495,49.06325],[-111.13306,49.0634],[-111.13563,49.06633],[-111.14879,49.06762],[-111.15009,49.06281],[-111.14613,49.05451],[-111.15484,49.04977],[-111.15691,49.04729],[-111.15587,49.0464],[-111.1574,49.04247],[-111.15283,49.04165],[-111.14719,49.04366],[-111.14045,49.04255]],[[-111.08054,49.08235],[-111.08817,49.09626],[-111.09296,49.09944],[-111.09657,49.10432],[-111.10275,49.10359],[-111.10545,49.10005],[-111.10639,49.09465],[-111.10021,49.09124],[-111.09327,49.09092],[-111.09391,49.08936],[-111.09099,49.08578],[-111.08354,49.0848],[-111.09222,49.08087],[-111.08526,49.07924],[-111.08054,49.08235]],[[-111.97338,49.01707],[-111.98574,49.00949],[-111.98468,49.00403],[-111.98034,48.99972],[-111.97494,48.99966],[-111.97481,48.99519],[-111.9719,48.99298],[-111.97037,48.99942],[-111.96603,48.99974],[-111.96552,49.00234],[-111.96787,49.00391],[-111.96696,49.01216],[-111.97054,49.01307],[-111.97338,49.01707]],[[-111.85236,49.05235],[-111.83968,49.05972],[-111.84217,49.06985],[-111.84891,49.07031],[-111.85259,49.0685],[-111.85534,49.07212],[-111.85996,49.07284],[-111.86613,49.06999],[-111.86562,49.06144],[-111.86951,49.04655],[-111.85888,49.04686],[-111.85236,49.05235]],[[-112.55702,49.1587],[-112.54971,49.15784],[-112.54702,49.1603],[-112.55216,49.16428],[-112.5541,49.16873],[-112.54881,49.17049],[-112.54565,49.17407],[-112.54737,49.17997],[-112.54013,49.18221],[-112.52547,49.18214],[-112.52147,49.17955],[-112.51659,49.17974],[-112.51301,49.18811],[-112.51505,49.19114],[-112.51417,49.19316],[-112.5185,49.19963],[-112.52652,49.19826],[-112.53369,49.20155],[-112.54491,49.20052],[-112.55967,49.20201],[-112.565,49.2048],[-112.56532,49.20657],[-112.56914,49.20705],[-112.58236,49.20505],[-112.5832,49.19891],[-112.58059,49.1909],[-112.58179,49.18699],[-112.58016,49.18471],[-112.58914,49.16874],[-112.58141,49.16748],[-112.58023,49.1645],[-112.57399,49.16118],[-112.57795,49.15583],[-112.57572,49.1539],[-112.57105,49.1548],[-112.56711,49.15252],[-112.5631,49.15471],[-112.56252,49.15668],[-112.55702,49.1587]],[[-112.49495,49.2121],[-112.48725,49.20886],[-112.48178,49.20992],[-112.47508,49.20845],[-112.4751,49.21383],[-112.47272,49.21547],[-112.47065,49.22174],[-112.47802,49.22576],[-112.48759,49.22292],[-112.49643,49.2153],[-112.49495,49.2121]],[[-112.4493,49.21347],[-112.45279,49.21593],[-112.46022,49.21485],[-112.46166,49.21101],[-112.46808,49.20881],[-112.46822,49.20402],[-112.46146,49.19887],[-112.45467,49.20186],[-112.45052,49.20147],[-112.44299,49.20812],[-112.42638,49.20995],[-112.42468,49.21179],[-112.42638,49.21672],[-112.4244,49.21829],[-112.4289,49.22251],[-112.43423,49.2228],[-112.44718,49.21687],[-112.4493,49.21347]],[[-112.40987,49.21875],[-112.41238,49.21965],[-112.41924,49.21437],[-112.42233,49.20709],[-112.41223,49.20136],[-112.40436,49.20225],[-112.39889,49.20489],[-112.3974,49.20735],[-112.39271,49.20792],[-112.38926,49.21486],[-112.39093,49.2187],[-112.39814,49.22551],[-112.4034,49.22536],[-112.40421,49.21932],[-112.40987,49.21875]],[[-112.17206,49.26537],[-112.17677,49.25945],[-112.17464,49.25328],[-112.17898,49.24892],[-112.17718,49.24729],[-112.17349,49.24757],[-112.16707,49.25907],[-112.16203,49.26217],[-112.16173,49.26405],[-112.16975,49.267],[-112.17206,49.26537]],[[-112.21775,49.24397],[-112.19976,49.24841],[-112.19718,49.25326],[-112.19803,49.25842],[-112.2017,49.25927],[-112.20454,49.26211],[-112.21695,49.26167],[-112.22365,49.25633],[-112.2265,49.25094],[-112.21775,49.24397]],[[-112.68843,49.21095],[-112.689,49.21458],[-112.6914,49.21627],[-112.69066,49.21916],[-112.69235,49.22393],[-112.68924,49.22733],[-112.68827,49.23161],[-112.69433,49.23644],[-112.69274,49.23766],[-112.69554,49.24045],[-112.70234,49.23665],[-112.70842,49.22803],[-112.71368,49.22515],[-112.71394,49.22198],[-112.71142,49.21875],[-112.7133,49.21456],[-112.70831,49.20469],[-112.70185,49.20906],[-112.68843,49.21095]],[[-110.334,49.01531],[-110.31236,49.00632],[-110.30622,49.00971],[-110.30925,49.01324],[-110.30857,49.01446],[-110.31541,49.01693],[-110.33431,49.01968],[-110.33804,49.0164],[-110.334,49.01531]],[[-109.96791,49.43932],[-109.954,49.44303],[-109.96441,49.44996],[-109.97173,49.44885],[-109.97564,49.44586],[-109.96791,49.43932]],[[-109.82913,49.38879],[-109.83351,49.38483],[-109.83804,49.36572],[-109.84297,49.36],[-109.84279,49.34342],[-109.85216,49.33355],[-109.85236,49.33172],[-109.84984,49.33055],[-109.85685,49.32817],[-109.85617,49.32324],[-109.86133,49.32022],[-109.86152,49.31828],[-109.85293,49.31597],[-109.85253,49.31043],[-109.85409,49.3082],[-109.83293,49.30732],[-109.83207,49.30479],[-109.83419,49.30125],[-109.84108,49.3014],[-109.84284,49.29931],[-109.83857,49.29397],[-109.82283,49.29241],[-109.82413,49.29669],[-109.8194,49.30133],[-109.81928,49.3088],[-109.80448,49.30656],[-109.80092,49.308],[-109.79769,49.30536],[-109.79689,49.30218],[-109.79945,49.28898],[-109.79035,49.2843],[-109.78537,49.27849],[-109.77023,49.27815],[-109.76622,49.28187],[-109.76099,49.28317],[-109.73708,49.27903],[-109.72126,49.28229],[-109.71978,49.2805],[-109.71031,49.28067],[-109.71342,49.2835],[-109.71453,49.28842],[-109.72111,49.2905],[-109.72915,49.28934],[-109.73092,49.28667],[-109.73558,49.29023],[-109.73883,49.29013],[-109.74262,49.2924],[-109.76465,49.29055],[-109.76604,49.29264],[-109.77657,49.29242],[-109.77975,49.29494],[-109.77891,49.29754],[-109.77181,49.30075],[-109.76654,49.29823],[-109.75944,49.29875],[-109.75578,49.30198],[-109.75687,49.30414],[-109.75518,49.3054],[-109.75571,49.30842],[-109.75437,49.30952],[-109.74204,49.31001],[-109.72937,49.31347],[-109.71674,49.3223],[-109.71702,49.3274],[-109.70865,49.32559],[-109.69801,49.32934],[-109.68278,49.32938],[-109.66899,49.32369],[-109.65794,49.31639],[-109.64997,49.32303],[-109.63425,49.32269],[-109.62971,49.32721],[-109.63131,49.33234],[-109.63325,49.33371],[-109.63893,49.33483],[-109.65022,49.33185],[-109.66256,49.33949],[-109.66087,49.34782],[-109.65686,49.35432],[-109.65203,49.35671],[-109.65238,49.35997],[-109.65076,49.36191],[-109.65386,49.36286],[-109.6558,49.36824],[-109.66403,49.37363],[-109.67212,49.37659],[-109.68822,49.37822],[-109.6918,49.38412],[-109.69111,49.38692],[-109.69661,49.39011],[-109.69966,49.39778],[-109.70269,49.40013],[-109.7064,49.39865],[-109.71021,49.40106],[-109.71346,49.40086],[-109.71183,49.39894],[-109.7155,49.39668],[-109.7175,49.39822],[-109.71892,49.39634],[-109.72357,49.39624],[-109.72448,49.39442],[-109.7278,49.39606],[-109.74081,49.39698],[-109.74421,49.40044],[-109.76368,49.39693],[-109.77177,49.3978],[-109.78173,49.39533],[-109.78654,49.39221],[-109.7869,49.38858],[-109.79076,49.38612],[-109.79432,49.38672],[-109.80245,49.38447],[-109.80133,49.38854],[-109.80281,49.38882],[-109.80367,49.39188],[-109.80583,49.39252],[-109.8085,49.39053],[-109.81922,49.39497],[-109.8203,49.39259],[-109.8248,49.39495],[-109.82913,49.38879]],[[-109.73495,49.23478],[-109.73612,49.23055],[-109.73897,49.22769],[-109.73372,49.2274],[-109.73175,49.2258],[-109.72768,49.22715],[-109.72651,49.22953],[-109.72878,49.23193],[-109.73064,49.24166],[-109.73557,49.23775],[-109.73495,49.23478]],[[-109.69379,49.20603],[-109.69777,49.19991],[-109.6991,49.18771],[-109.69278,49.18141],[-109.69009,49.17096],[-109.69038,49.16548],[-109.68568,49.16269],[-109.68542,49.15992],[-109.67321,49.16031],[-109.66085,49.16886],[-109.66229,49.17306],[-109.66082,49.17596],[-109.66323,49.17759],[-109.66053,49.17881],[-109.65729,49.18417],[-109.66001,49.18645],[-109.66792,49.1872],[-109.68384,49.19365],[-109.68398,49.19623],[-109.68216,49.19826],[-109.68391,49.20589],[-109.68991,49.20417],[-109.69379,49.20603]],[[-109.66709,49.04958],[-109.66637,49.05116],[-109.67099,49.05698],[-109.67325,49.05738],[-109.67759,49.05463],[-109.66709,49.04958]],[[-109.90084,49.03739],[-109.89617,49.03729],[-109.89331,49.04073],[-109.89653,49.04276],[-109.9023,49.04267],[-109.90572,49.0396],[-109.90084,49.03739]],[[-110.08814,49.45579],[-110.08048,49.453],[-110.07238,49.45497],[-110.05981,49.46749],[-110.05604,49.46878],[-110.05569,49.47113],[-110.06757,49.47057],[-110.07248,49.46873],[-110.0741,49.46995],[-110.0809,49.46871],[-110.08796,49.47069],[-110.09478,49.46972],[-110.09622,49.46826],[-110.09547,49.46188],[-110.09394,49.46158],[-110.09368,49.45828],[-110.08997,49.45828],[-110.08814,49.45579]],[[-110.13336,49.46757],[-110.13915,49.46618],[-110.13822,49.46508],[-110.14084,49.45996],[-110.13057,49.46025],[-110.12925,49.46255],[-110.13336,49.46757]],[[-109.88278,49.42169],[-109.8898,49.43321],[-109.89404,49.43526],[-109.89467,49.43206],[-109.89084,49.4247],[-109.8945,49.42128],[-109.88558,49.42048],[-109.88278,49.42169]],[[-110.28644,49.3569],[-110.28199,49.35956],[-110.27581,49.35971],[-110.27221,49.36167],[-110.26909,49.36062],[-110.26001,49.36929],[-110.25459,49.37083],[-110.26204,49.37574],[-110.26353,49.3831],[-110.26996,49.37621],[-110.27857,49.3726],[-110.29624,49.37031],[-110.29793,49.37227],[-110.30319,49.37265],[-110.30456,49.36904],[-110.30166,49.36522],[-110.30101,49.35917],[-110.29734,49.35418],[-110.29223,49.35424],[-110.28644,49.3569]],[[-110.01134,49.37717],[-110.00722,49.37608],[-110.00357,49.37728],[-110.00701,49.38368],[-110.01112,49.38532],[-110.01874,49.39193],[-110.02053,49.38676],[-110.02443,49.38222],[-110.02414,49.37879],[-110.02852,49.37736],[-110.01547,49.37439],[-110.01134,49.37717]],[[-109.9194,49.36379],[-109.9175,49.3568],[-109.91231,49.35404],[-109.90998,49.35018],[-109.90323,49.34905],[-109.89726,49.35227],[-109.89187,49.35118],[-109.88874,49.35606],[-109.88975,49.36061],[-109.88411,49.36406],[-109.88357,49.3662],[-109.87966,49.36637],[-109.87672,49.37167],[-109.88251,49.37266],[-109.88233,49.37893],[-109.89211,49.38378],[-109.89848,49.38147],[-109.90195,49.38554],[-109.90839,49.38594],[-109.91337,49.3818],[-109.91385,49.37951],[-109.91018,49.37663],[-109.91001,49.37495],[-109.91302,49.37417],[-109.91346,49.37212],[-109.91149,49.37119],[-109.91145,49.36759],[-109.9194,49.36379]],[[-109.84867,49.3601],[-109.84663,49.36088],[-109.84625,49.36295],[-109.84787,49.36325],[-109.84479,49.36684],[-109.84639,49.3718],[-109.84978,49.3692],[-109.85908,49.37068],[-109.86371,49.368],[-109.86783,49.36302],[-109.86521,49.36029],[-109.86647,49.3568],[-109.86552,49.35506],[-109.85953,49.35517],[-109.85441,49.35332],[-109.84867,49.3601]],[[-109.98041,49.28322],[-109.97805,49.27799],[-109.97163,49.27711],[-109.97102,49.27256],[-109.96659,49.26938],[-109.96777,49.26734],[-109.96679,49.2663],[-109.95909,49.26899],[-109.9578,49.27134],[-109.96282,49.27278],[-109.96109,49.27432],[-109.96184,49.27953],[-109.96057,49.2831],[-109.96717,49.2872],[-109.95723,49.29223],[-109.96103,49.29987],[-109.96695,49.30282],[-109.96284,49.30746],[-109.95873,49.30389],[-109.95192,49.30099],[-109.94804,49.30107],[-109.94294,49.29414],[-109.94325,49.28909],[-109.93847,49.28571],[-109.93501,49.28741],[-109.92455,49.28666],[-109.92627,49.28405],[-109.92562,49.28155],[-109.92124,49.27747],[-109.92075,49.27865],[-109.9163,49.27873],[-109.90468,49.27576],[-109.90042,49.27902],[-109.89558,49.28993],[-109.89303,49.29108],[-109.89813,49.29483],[-109.90659,49.29423],[-109.91133,49.29843],[-109.92114,49.29743],[-109.92555,49.29998],[-109.94437,49.30303],[-109.96563,49.31194],[-109.96467,49.3135],[-109.96947,49.31966],[-109.9678,49.32238],[-109.94921,49.32225],[-109.94166,49.3195],[-109.94107,49.31697],[-109.93885,49.3191],[-109.93755,49.32052],[-109.93901,49.32476],[-109.9444,49.32837],[-109.93821,49.33026],[-109.93707,49.33222],[-109.9383,49.33548],[-109.94268,49.3361],[-109.94394,49.34308],[-109.93957,49.34477],[-109.93456,49.34364],[-109.93149,49.34537],[-109.94404,49.35366],[-109.9454,49.35732],[-109.95141,49.35935],[-109.9567,49.35829],[-109.95929,49.3616],[-109.96461,49.36303],[-109.96675,49.36072],[-109.97256,49.36074],[-109.97413,49.35767],[-109.9712,49.35055],[-109.97447,49.34763],[-109.97188,49.34558],[-109.97117,49.3412],[-109.97546,49.33991],[-109.97608,49.33627],[-109.97353,49.33555],[-109.96779,49.33739],[-109.96594,49.33278],[-109.97047,49.33146],[-109.97656,49.32329],[-109.98414,49.31957],[-109.99753,49.31907],[-110.00312,49.31479],[-110.00597,49.31555],[-110.01007,49.31328],[-110.00961,49.31204],[-110.01183,49.31111],[-110.00965,49.30853],[-110.00598,49.30785],[-110.00446,49.30968],[-110.00278,49.30838],[-110.00258,49.3058],[-110.00596,49.30253],[-110.00513,49.30059],[-109.99943,49.30084],[-110.00202,49.29778],[-109.99984,49.29711],[-109.99828,49.2941],[-109.99591,49.29441],[-109.98886,49.29051],[-109.98188,49.29119],[-109.98041,49.28322]],[[-109.85941,49.33937],[-109.86217,49.34355],[-109.86831,49.34091],[-109.86432,49.33675],[-109.85941,49.33937]],[[-109.88223,49.27434],[-109.88935,49.28116],[-109.89099,49.27963],[-109.89564,49.27945],[-109.89874,49.27236],[-109.8975,49.27164],[-109.89426,49.27384],[-109.88891,49.27223],[-109.88223,49.27434]],[[-110.26153,49.23719],[-110.2584,49.23519],[-110.25254,49.23631],[-110.25082,49.23745],[-110.25232,49.23909],[-110.24573,49.24354],[-110.25998,49.24812],[-110.26224,49.24628],[-110.26105,49.24252],[-110.25773,49.23937],[-110.26153,49.23719]],[[-110.26914,49.25439],[-110.26948,49.25764],[-110.27441,49.25773],[-110.27675,49.25643],[-110.28041,49.25738],[-110.28155,49.25409],[-110.27628,49.25064],[-110.27082,49.25145],[-110.26914,49.25439]],[[-110.2533,49.27468],[-110.25553,49.27819],[-110.26263,49.28051],[-110.27175,49.27875],[-110.27191,49.27694],[-110.26688,49.27418],[-110.25918,49.27282],[-110.2533,49.27468]],[[-110.27287,49.28598],[-110.26846,49.29158],[-110.26995,49.29285],[-110.26941,49.29572],[-110.27954,49.30227],[-110.2791,49.29615],[-110.28086,49.29406],[-110.28455,49.29413],[-110.28816,49.28952],[-110.28373,49.28514],[-110.27895,49.28372],[-110.27138,49.28361],[-110.27287,49.28598]],[[-110.06827,49.31644],[-110.06186,49.313],[-110.05473,49.31187],[-110.05275,49.30859],[-110.04168,49.31398],[-110.03885,49.31745],[-110.04334,49.32087],[-110.05194,49.32346],[-110.06149,49.33068],[-110.06732,49.32871],[-110.06858,49.32608],[-110.0727,49.32538],[-110.0748,49.32159],[-110.06827,49.31644]],[[-110.01739,49.33964],[-110.01611,49.34133],[-110.01061,49.34276],[-110.0097,49.34465],[-110.02145,49.34876],[-110.02184,49.34651],[-110.02743,49.34095],[-110.02647,49.33769],[-110.02363,49.33582],[-110.01739,49.33964]],[[-110.22245,49.32137],[-110.23043,49.32749],[-110.23169,49.32172],[-110.23657,49.31891],[-110.23642,49.31744],[-110.2313,49.31604],[-110.22126,49.31691],[-110.22245,49.32137]],[[-110.01182,49.32493],[-110.01571,49.32806],[-110.01911,49.32838],[-110.01478,49.32292],[-110.01182,49.32493]],[[-110.09674,49.35511],[-110.09897,49.36192],[-110.10322,49.36112],[-110.10628,49.35685],[-110.10036,49.35428],[-110.09674,49.35511]],[[-110.03039,49.21407],[-110.03765,49.21335],[-110.03767,49.21142],[-110.04364,49.21024],[-110.0473,49.21208],[-110.04155,49.20538],[-110.03131,49.20609],[-110.02935,49.20828],[-110.03039,49.21407]],[[-110.00285,49.19644],[-110.0064,49.19995],[-110.00508,49.20258],[-110.00646,49.20566],[-110.01035,49.20334],[-110.00955,49.20101],[-110.01181,49.20135],[-110.0127,49.19987],[-110.00925,49.19968],[-110.00579,49.1955],[-110.00285,49.19644]],[[-109.98913,49.18185],[-109.98583,49.18319],[-109.99295,49.18384],[-109.99547,49.17797],[-109.98788,49.17672],[-109.98913,49.18185]],[[-109.95559,49.13628],[-109.95406,49.13953],[-109.95608,49.14135],[-109.96369,49.14377],[-109.96531,49.14813],[-109.97192,49.14558],[-109.97682,49.14573],[-109.97954,49.14354],[-109.97274,49.14055],[-109.96721,49.13532],[-109.96636,49.13952],[-109.96403,49.13976],[-109.9579,49.13646],[-109.95559,49.13628]],[[-109.90211,49.1271],[-109.8955,49.12875],[-109.8988,49.13118],[-109.89812,49.13378],[-109.90277,49.14287],[-109.90957,49.14625],[-109.92114,49.1467],[-109.91983,49.1444],[-109.92298,49.14345],[-109.92615,49.13967],[-109.92825,49.13226],[-109.92598,49.1266],[-109.92415,49.12521],[-109.90628,49.12461],[-109.90211,49.1271]],[[-109.77907,49.10218],[-109.78101,49.10135],[-109.78057,49.10004],[-109.77666,49.0983],[-109.77092,49.09859],[-109.76801,49.10099],[-109.76974,49.10525],[-109.77454,49.11001],[-109.7753,49.11765],[-109.77969,49.11941],[-109.78779,49.11262],[-109.78059,49.10763],[-109.77907,49.10218]],[[-109.74096,49.01999],[-109.73635,49.02552],[-109.74021,49.03151],[-109.74502,49.02088],[-109.74096,49.01999]],[[-109.29956,49.10875],[-109.29714,49.11038],[-109.29836,49.1162],[-109.29557,49.12243],[-109.29193,49.12415],[-109.29057,49.12702],[-109.28438,49.12843],[-109.27889,49.13328],[-109.28022,49.1364],[-109.28287,49.13464],[-109.28934,49.13498],[-109.30216,49.12791],[-109.30103,49.12264],[-109.29887,49.1202],[-109.3057,49.11407],[-109.30655,49.11079],[-109.29956,49.10875]],[[-109.27084,49.12845],[-109.2725,49.11552],[-109.27694,49.11144],[-109.27336,49.10602],[-109.27497,49.10188],[-109.26978,49.09664],[-109.25389,49.09586],[-109.25278,49.09932],[-109.26079,49.10459],[-109.25975,49.1135],[-109.26092,49.11715],[-109.25951,49.1228],[-109.26338,49.12396],[-109.26568,49.12661],[-109.26535,49.13636],[-109.26722,49.13825],[-109.27528,49.13495],[-109.27265,49.13303],[-109.27273,49.12967],[-109.27084,49.12845]],[[-109.25918,49.14383],[-109.25661,49.13885],[-109.25463,49.13865],[-109.25119,49.13969],[-109.25002,49.14509],[-109.25954,49.15108],[-109.26095,49.14925],[-109.26542,49.14897],[-109.25918,49.14383]],[[-109.15486,49.08041],[-109.14052,49.08662],[-109.14181,49.08898],[-109.14334,49.09005],[-109.15399,49.08665],[-109.15586,49.08394],[-109.15486,49.08041]],[[-109.05173,49.02216],[-109.04697,49.02618],[-109.04795,49.02858],[-109.04621,49.02962],[-109.05753,49.03255],[-109.05809,49.02962],[-109.05415,49.02701],[-109.05173,49.02216]],[[-109.52631,49.012],[-109.52425,49.01322],[-109.5298,49.01738],[-109.53164,49.02106],[-109.534,49.01683],[-109.53313,49.01311],[-109.52631,49.012]],[[-109.54492,49.10134],[-109.54212,49.09374],[-109.54547,49.08674],[-109.54539,49.07764],[-109.54871,49.07433],[-109.53383,49.06822],[-109.53065,49.06835],[-109.52632,49.07358],[-109.53615,49.0811],[-109.53185,49.08864],[-109.53388,49.09152],[-109.53351,49.09471],[-109.53837,49.09944],[-109.53954,49.10306],[-109.54492,49.10134]],[[-109.53277,49.0484],[-109.52996,49.04287],[-109.52237,49.04026],[-109.51449,49.04405],[-109.51903,49.04498],[-109.52073,49.04595],[-109.52059,49.04775],[-109.53167,49.05197],[-109.53277,49.0484]],[[-109.65464,49.10899],[-109.65149,49.10561],[-109.64573,49.10467],[-109.64707,49.09833],[-109.63838,49.09263],[-109.63371,49.09329],[-109.63366,49.09496],[-109.62994,49.09599],[-109.62221,49.09427],[-109.6171,49.09594],[-109.6184,49.09777],[-109.62215,49.09785],[-109.62179,49.10268],[-109.62641,49.10392],[-109.63213,49.10047],[-109.6294,49.10514],[-109.631,49.10714],[-109.63941,49.10574],[-109.64333,49.10683],[-109.64552,49.11131],[-109.65464,49.10899]],[[-109.7689,49.46037],[-109.76852,49.46347],[-109.77315,49.46403],[-109.78335,49.46352],[-109.78799,49.46145],[-109.7806,49.45608],[-109.772,49.45727],[-109.7689,49.46037]],[[-109.68405,49.40098],[-109.66895,49.41094],[-109.66742,49.4171],[-109.66169,49.41965],[-109.67226,49.42619],[-109.68034,49.425],[-109.68556,49.42045],[-109.68379,49.41781],[-109.68596,49.41559],[-109.69244,49.41656],[-109.69431,49.41312],[-109.69388,49.40765],[-109.70233,49.40528],[-109.69974,49.40207],[-109.69366,49.39991],[-109.68405,49.40098]],[[-109.30853,49.39506],[-109.31126,49.40071],[-109.31679,49.40625],[-109.31489,49.40018],[-109.31869,49.39324],[-109.31459,49.39099],[-109.3087,49.39141],[-109.30635,49.39271],[-109.30853,49.39506]],[[-109.30288,49.35384],[-109.29484,49.35971],[-109.29641,49.36127],[-109.29543,49.36436],[-109.28534,49.37138],[-109.28296,49.37649],[-109.27968,49.37924],[-109.2812,49.38794],[-109.27358,49.4059],[-109.27623,49.41207],[-109.27947,49.41328],[-109.28368,49.41324],[-109.28214,49.40968],[-109.28869,49.40036],[-109.29103,49.40095],[-109.30289,49.39372],[-109.30257,49.3866],[-109.29881,49.38049],[-109.30102,49.37845],[-109.30169,49.37287],[-109.30395,49.37197],[-109.30285,49.37098],[-109.30364,49.36621],[-109.30661,49.36282],[-109.3115,49.361],[-109.31243,49.35727],[-109.31009,49.35713],[-109.30807,49.35403],[-109.30288,49.35384]],[[-109.41683,49.24909],[-109.41047,49.24126],[-109.39901,49.23961],[-109.38647,49.23449],[-109.38237,49.23891],[-109.38333,49.24247],[-109.38562,49.24144],[-109.3882,49.2428],[-109.39575,49.25011],[-109.40219,49.25254],[-109.40384,49.25593],[-109.40922,49.25881],[-109.41525,49.25929],[-109.41901,49.25551],[-109.42705,49.25623],[-109.43816,49.25284],[-109.44796,49.25662],[-109.44701,49.2578],[-109.4498,49.26003],[-109.44978,49.2619],[-109.45316,49.26281],[-109.46004,49.25591],[-109.45405,49.25164],[-109.45408,49.2485],[-109.44887,49.24421],[-109.44773,49.24095],[-109.43914,49.23753],[-109.42847,49.24471],[-109.42368,49.24984],[-109.41683,49.24909]],[[-109.39694,49.26507],[-109.39733,49.26625],[-109.40363,49.26674],[-109.4001,49.26213],[-109.39738,49.26199],[-109.39694,49.26507]],[[-109.67294,49.21447],[-109.67209,49.21031],[-109.66709,49.20763],[-109.66123,49.21114],[-109.65795,49.21054],[-109.65207,49.21353],[-109.65069,49.21834],[-109.65459,49.22257],[-109.66176,49.22148],[-109.66141,49.22259],[-109.66626,49.2263],[-109.66948,49.22207],[-109.67219,49.22151],[-109.67032,49.21716],[-109.67294,49.21447]],[[-109.37422,49.17724],[-109.38059,49.17894],[-109.3811,49.17553],[-109.37655,49.17286],[-109.37422,49.17724]],[[-109.52875,49.14224],[-109.52781,49.14878],[-109.52893,49.15081],[-109.53572,49.151],[-109.53337,49.1475],[-109.53739,49.1422],[-109.52875,49.14224]],[[-109.35225,49.12869],[-109.35294,49.13076],[-109.35115,49.13203],[-109.34222,49.13379],[-109.34049,49.13569],[-109.34038,49.13989],[-109.34687,49.1455],[-109.34411,49.1533],[-109.33841,49.15578],[-109.33872,49.15919],[-109.34138,49.16226],[-109.34426,49.15927],[-109.35477,49.1574],[-109.3533,49.15506],[-109.35445,49.1522],[-109.35336,49.14639],[-109.36603,49.13686],[-109.3679,49.12754],[-109.35983,49.12854],[-109.35402,49.12615],[-109.35225,49.12869]],[[-109.48776,49.11355],[-109.48641,49.1172],[-109.48099,49.11921],[-109.4941,49.12437],[-109.51237,49.12325],[-109.51509,49.11879],[-109.50554,49.11445],[-109.50113,49.1156],[-109.49696,49.11467],[-109.49162,49.10965],[-109.49023,49.10951],[-109.48776,49.11355]],[[-109.47523,49.13495],[-109.47187,49.12886],[-109.47033,49.12892],[-109.46781,49.13297],[-109.45925,49.13698],[-109.45813,49.13935],[-109.45305,49.14036],[-109.4494,49.14402],[-109.45498,49.14763],[-109.46098,49.14675],[-109.47306,49.13752],[-109.47216,49.13637],[-109.47523,49.13495]],[[-107.81611,49.01213],[-107.82157,49.01453],[-107.82316,49.01809],[-107.82648,49.0162],[-107.83345,49.01673],[-107.83709,49.01399],[-107.83502,49.01384],[-107.8317,49.01028],[-107.82795,49.0103],[-107.82659,49.00883],[-107.82457,49.01006],[-107.81531,49.00536],[-107.81288,49.00721],[-107.8142,49.00854],[-107.81177,49.00963],[-107.8125,49.01256],[-107.81611,49.01213]],[[-108.18629,49.1411],[-108.19613,49.1387],[-108.19591,49.13199],[-108.19395,49.12768],[-108.19678,49.12484],[-108.19843,49.11776],[-108.19427,49.11452],[-108.18873,49.11686],[-108.17739,49.11479],[-108.17024,49.12117],[-108.16464,49.12363],[-108.1646,49.13047],[-108.16303,49.13223],[-108.16554,49.135],[-108.16194,49.13824],[-108.16228,49.14283],[-108.16532,49.14479],[-108.17042,49.1412],[-108.18391,49.14332],[-108.18629,49.1411]],[[-108.13691,49.11192],[-108.13655,49.10864],[-108.13124,49.10815],[-108.12706,49.10365],[-108.13199,49.09724],[-108.13087,49.08863],[-108.12704,49.08703],[-108.11534,49.08837],[-108.11586,49.08431],[-108.11969,49.08283],[-108.12212,49.07971],[-108.11521,49.07615],[-108.10784,49.0788],[-108.10341,49.07759],[-108.10142,49.07419],[-108.10235,49.07187],[-108.09613,49.06758],[-108.09239,49.0669],[-108.09094,49.06455],[-108.08676,49.06554],[-108.08624,49.06785],[-108.07664,49.06967],[-108.07391,49.06682],[-108.07417,49.06265],[-108.08071,49.05811],[-108.08225,49.05537],[-108.08149,49.05313],[-108.07738,49.05103],[-108.07526,49.0466],[-108.07063,49.04552],[-108.06913,49.04739],[-108.06497,49.04826],[-108.06097,49.04733],[-108.06155,49.04442],[-108.05368,49.04123],[-108.05268,49.03905],[-108.04944,49.04156],[-108.04664,49.04101],[-108.03848,49.04416],[-108.03732,49.0436],[-108.03796,49.04183],[-108.03005,49.04115],[-108.02029,49.04888],[-108.01767,49.05555],[-108.02111,49.06071],[-108.02633,49.06393],[-108.02597,49.07182],[-108.01971,49.07304],[-108.01685,49.06948],[-108.00052,49.06313],[-108.0008,49.06978],[-107.99888,49.07005],[-108.00171,49.07194],[-108.00317,49.08314],[-107.9991,49.08116],[-107.99552,49.08263],[-107.98642,49.07894],[-107.98457,49.08191],[-107.97563,49.08307],[-107.97035,49.08666],[-107.9801,49.09295],[-107.98378,49.09131],[-107.98975,49.09488],[-107.99328,49.0882],[-108.00188,49.08943],[-108.00454,49.08605],[-108.00934,49.09183],[-108.01454,49.0918],[-108.02485,49.09481],[-108.02543,49.1002],[-108.02868,49.10134],[-108.03491,49.10732],[-108.04223,49.10778],[-108.04516,49.10983],[-108.05492,49.10856],[-108.05841,49.10292],[-108.07429,49.11082],[-108.07996,49.10704],[-108.08901,49.1058],[-108.10112,49.10917],[-108.10533,49.10879],[-108.103,49.11289],[-108.10522,49.11558],[-108.11081,49.11561],[-108.11956,49.11299],[-108.12232,49.11673],[-108.12942,49.11943],[-108.14065,49.1171],[-108.14399,49.11427],[-108.13691,49.11192]],[[-108.19936,49.00456],[-108.19811,49.00904],[-108.1994,49.01182],[-108.20976,49.01536],[-108.21091,49.01201],[-108.21584,49.00785],[-108.21577,49.00343],[-108.21718,49.00232],[-108.20449,49.00104],[-108.19936,49.00456]],[[-108.30961,49.0106],[-108.31638,49.01498],[-108.31729,49.02404],[-108.32353,49.02646],[-108.32833,49.02626],[-108.32965,49.01972],[-108.33404,49.01539],[-108.33225,49.01228],[-108.33007,49.01215],[-108.3285,49.00774],[-108.31724,49.00281],[-108.30744,49.00861],[-108.30961,49.0106]],[[-108.26075,49.11084],[-108.26542,49.11364],[-108.26742,49.11281],[-108.26667,49.11088],[-108.26247,49.11045],[-108.2598,49.10247],[-108.25606,49.09905],[-108.25382,49.09283],[-108.25046,49.09151],[-108.24896,49.0937],[-108.24997,49.09784],[-108.26075,49.11084]],[[-108.31039,49.18332],[-108.31847,49.18431],[-108.32546,49.18762],[-108.33009,49.19264],[-108.33296,49.19935],[-108.33092,49.20241],[-108.33095,49.20596],[-108.33902,49.2074],[-108.34121,49.20978],[-108.356,49.21496],[-108.36427,49.22002],[-108.36491,49.21218],[-108.36331,49.2057],[-108.36819,49.19771],[-108.36087,49.18928],[-108.35926,49.18387],[-108.36334,49.17695],[-108.35637,49.16032],[-108.36533,49.15319],[-108.36613,49.14529],[-108.3573,49.13771],[-108.35087,49.14018],[-108.34728,49.13634],[-108.34185,49.13476],[-108.34128,49.13284],[-108.33164,49.13158],[-108.33248,49.12738],[-108.32602,49.11946],[-108.30703,49.10928],[-108.29601,49.10929],[-108.29373,49.10817],[-108.29471,49.10569],[-108.29271,49.10419],[-108.28373,49.10841],[-108.28277,49.10648],[-108.27784,49.10543],[-108.27264,49.11001],[-108.27488,49.11293],[-108.27186,49.11416],[-108.27188,49.12228],[-108.26046,49.12384],[-108.25691,49.12759],[-108.24849,49.12707],[-108.2472,49.1351],[-108.24986,49.13731],[-108.24625,49.14032],[-108.24742,49.14403],[-108.25333,49.14567],[-108.25758,49.14915],[-108.27608,49.15017],[-108.28081,49.15973],[-108.28691,49.16293],[-108.29358,49.17351],[-108.30147,49.17824],[-108.3073,49.17831],[-108.31039,49.18332]],[[-108.22356,49.24953],[-108.2272,49.24829],[-108.22846,49.25094],[-108.23759,49.25506],[-108.24312,49.25434],[-108.24667,49.25679],[-108.24904,49.25522],[-108.24454,49.25012],[-108.23295,49.2457],[-108.22993,49.2406],[-108.22,49.23969],[-108.21743,49.24667],[-108.22356,49.24953]],[[-109.65913,49.59297],[-109.6564,49.5963],[-109.65939,49.59794],[-109.66412,49.59712],[-109.66375,49.59448],[-109.66575,49.59255],[-109.66338,49.59162],[-109.65913,49.59297]],[[-108.45448,49.45354],[-108.46755,49.44818],[-108.47101,49.44921],[-108.47337,49.44537],[-108.47012,49.44388],[-108.47011,49.44086],[-108.47194,49.43943],[-108.4602,49.43696],[-108.4552,49.43809],[-108.44809,49.42586],[-108.44053,49.42199],[-108.43776,49.41529],[-108.44104,49.41339],[-108.44048,49.41012],[-108.4436,49.40914],[-108.44188,49.40487],[-108.43905,49.40516],[-108.43652,49.4026],[-108.43443,49.40282],[-108.42523,49.40664],[-108.42004,49.40435],[-108.41985,49.40929],[-108.41839,49.41089],[-108.42109,49.41858],[-108.4301,49.42126],[-108.42344,49.4264],[-108.42655,49.4285],[-108.42462,49.43429],[-108.42511,49.43784],[-108.43182,49.44492],[-108.43234,49.44872],[-108.43071,49.45198],[-108.43271,49.45594],[-108.43343,49.46364],[-108.43936,49.46535],[-108.442,49.46836],[-108.44325,49.46218],[-108.45448,49.45354]],[[-108.42307,49.46616],[-108.42005,49.46986],[-108.4241,49.47358],[-108.41742,49.4772],[-108.42211,49.4834],[-108.42981,49.47558],[-108.42965,49.4725],[-108.43133,49.47107],[-108.42668,49.46532],[-108.42307,49.46616]],[[-108.409,49.4299],[-108.41634,49.43065],[-108.41384,49.42541],[-108.40904,49.42379],[-108.39527,49.4264],[-108.3947,49.42781],[-108.39947,49.43361],[-108.409,49.4299]],[[-108.64335,49.38679],[-108.65147,49.37981],[-108.64882,49.37702],[-108.64246,49.37488],[-108.632,49.38389],[-108.62818,49.38451],[-108.63699,49.38899],[-108.63636,49.39061],[-108.63977,49.39335],[-108.64614,49.39509],[-108.65371,49.39342],[-108.66049,49.38766],[-108.65799,49.38426],[-108.65392,49.38516],[-108.65335,49.38658],[-108.64606,49.38687],[-108.64501,49.38895],[-108.64074,49.3909],[-108.64335,49.38679]],[[-108.29315,49.36692],[-108.28773,49.36862],[-108.28747,49.37202],[-108.28975,49.37473],[-108.29646,49.37565],[-108.29885,49.37901],[-108.30791,49.3826],[-108.31769,49.37415],[-108.31125,49.37017],[-108.30579,49.36416],[-108.30202,49.36353],[-108.29987,49.36116],[-108.29694,49.36629],[-108.29315,49.36692]],[[-108.1431,49.3874],[-108.14247,49.38023],[-108.14856,49.37374],[-108.1462,49.37139],[-108.12858,49.37059],[-108.12222,49.37914],[-108.12675,49.38136],[-108.12627,49.38379],[-108.13244,49.38973],[-108.13631,49.39029],[-108.13846,49.38809],[-108.14192,49.3886],[-108.1431,49.3874]],[[-108.50209,49.30091],[-108.4965,49.30221],[-108.49572,49.30664],[-108.49744,49.30698],[-108.49761,49.30964],[-108.50433,49.30936],[-108.50385,49.30512],[-108.5061,49.30065],[-108.50519,49.29954],[-108.50209,49.30091]],[[-108.44225,49.29026],[-108.44102,49.28836],[-108.43551,49.28912],[-108.43789,49.29579],[-108.44101,49.2965],[-108.44225,49.29026]],[[-108.00485,49.36294],[-108.00376,49.36481],[-108.00694,49.36761],[-108.00994,49.36765],[-108.01086,49.36383],[-108.00816,49.35858],[-108.00501,49.36065],[-108.00485,49.36294]],[[-107.59154,49.23147],[-107.61149,49.23048],[-107.61199,49.22844],[-107.61647,49.22518],[-107.61387,49.22116],[-107.61812,49.21807],[-107.61745,49.21684],[-107.61304,49.21716],[-107.61192,49.22098],[-107.6051,49.21955],[-107.60284,49.22059],[-107.59805,49.21736],[-107.5961,49.21836],[-107.59446,49.22505],[-107.59028,49.22707],[-107.59154,49.23147]],[[-108.38288,49.49898],[-108.3835,49.50547],[-108.38807,49.5024],[-108.3948,49.5045],[-108.39619,49.50341],[-108.39367,49.50093],[-108.39738,49.49772],[-108.39697,49.49246],[-108.39884,49.49237],[-108.39917,49.49072],[-108.387,49.49289],[-108.38479,49.49243],[-108.38416,49.4898],[-108.37832,49.48875],[-108.37511,49.4928],[-108.37707,49.49777],[-108.38051,49.49717],[-108.38288,49.49898]],[[-104.32909,48.63332],[-104.31651,48.63227],[-104.31164,48.62714],[-104.30247,48.62421],[-104.29347,48.61906],[-104.29174,48.61347],[-104.28699,48.61187],[-104.27772,48.61419],[-104.27591,48.61638],[-104.2791,48.61987],[-104.27239,48.62438],[-104.26809,48.62509],[-104.26829,48.6269],[-104.26089,48.62847],[-104.26091,48.63087],[-104.26336,48.63308],[-104.26105,48.63415],[-104.25457,48.63235],[-104.24881,48.63886],[-104.24417,48.63888],[-104.23803,48.64397],[-104.24067,48.64817],[-104.23587,48.65753],[-104.2373,48.65872],[-104.23667,48.66105],[-104.23889,48.66261],[-104.23414,48.67047],[-104.21253,48.67483],[-104.20229,48.68499],[-104.20314,48.69096],[-104.21073,48.69698],[-104.22593,48.68911],[-104.23165,48.69729],[-104.24141,48.69868],[-104.24296,48.70284],[-104.24646,48.70544],[-104.24665,48.70808],[-104.24853,48.70947],[-104.24227,48.71411],[-104.24187,48.71708],[-104.26061,48.72308],[-104.26204,48.71814],[-104.26108,48.71178],[-104.25471,48.70382],[-104.25595,48.70245],[-104.26047,48.70325],[-104.2598,48.69856],[-104.26206,48.69372],[-104.2761,48.69033],[-104.28038,48.69124],[-104.29766,48.67939],[-104.30532,48.68073],[-104.3078,48.67588],[-104.32057,48.67051],[-104.31967,48.66918],[-104.3236,48.6651],[-104.32163,48.65904],[-104.32336,48.65476],[-104.31789,48.65209],[-104.32227,48.64793],[-104.32263,48.64022],[-104.32909,48.63332]],[[-103.71127,48.14621],[-103.70895,48.14234],[-103.69885,48.1386],[-103.69564,48.13475],[-103.68473,48.13347],[-103.68089,48.1365],[-103.69065,48.14592],[-103.69296,48.15031],[-103.69678,48.15227],[-103.70599,48.15002],[-103.71127,48.14621]],[[-103.57369,48.3198],[-103.57052,48.32153],[-103.57338,48.32285],[-103.57191,48.32651],[-103.57378,48.32694],[-103.57313,48.33198],[-103.57806,48.34377],[-103.59141,48.34383],[-103.59301,48.33842],[-103.58971,48.33787],[-103.5891,48.3329],[-103.59087,48.33078],[-103.58889,48.32456],[-103.58468,48.32056],[-103.58021,48.3219],[-103.57369,48.3198]],[[-103.66476,48.43986],[-103.66058,48.44172],[-103.65702,48.44779],[-103.65642,48.45782],[-103.65831,48.46018],[-103.66739,48.4598],[-103.67277,48.45637],[-103.67003,48.45182],[-103.67001,48.44872],[-103.67299,48.44133],[-103.66919,48.43869],[-103.66476,48.43986]],[[-103.6919,48.59052],[-103.68104,48.59064],[-103.68184,48.59317],[-103.68061,48.59566],[-103.68352,48.59736],[-103.68088,48.59869],[-103.68655,48.60547],[-103.68898,48.60576],[-103.69086,48.60292],[-103.69687,48.60149],[-103.6979,48.59968],[-103.70829,48.60018],[-103.70826,48.5968],[-103.698,48.59625],[-103.69733,48.59301],[-103.69896,48.58785],[-103.69551,48.58789],[-103.6919,48.59052]],[[-102.7806,48.1733],[-102.77856,48.17806],[-102.7883,48.18692],[-102.78955,48.19355],[-102.79308,48.20053],[-102.79226,48.2018],[-102.79553,48.20477],[-102.79289,48.20845],[-102.78788,48.20898],[-102.79453,48.21436],[-102.7934,48.22268],[-102.79712,48.22612],[-102.79602,48.22775],[-102.7977,48.23001],[-102.79571,48.23327],[-102.79727,48.23492],[-102.79656,48.23665],[-102.79903,48.23882],[-102.79737,48.23999],[-102.79873,48.24487],[-102.80228,48.24625],[-102.8029,48.24844],[-102.82232,48.25546],[-102.82977,48.25182],[-102.83126,48.24783],[-102.83355,48.24742],[-102.84202,48.25103],[-102.84259,48.24828],[-102.83783,48.24634],[-102.83336,48.23993],[-102.83782,48.23341],[-102.83439,48.22921],[-102.83091,48.22818],[-102.82569,48.21411],[-102.82163,48.21305],[-102.82832,48.20799],[-102.82778,48.20646],[-102.82278,48.20368],[-102.82018,48.19905],[-102.81184,48.19576],[-102.80976,48.19309],[-102.81084,48.18971],[-102.80613,48.18741],[-102.80716,48.18386],[-102.79948,48.17751],[-102.79894,48.17346],[-102.79241,48.17035],[-102.7806,48.1733]],[[-103.82164,46.46977],[-103.81624,46.4701],[-103.81282,46.46729],[-103.80386,46.46558],[-103.79982,46.46259],[-103.79069,46.46909],[-103.7987,46.47407],[-103.79881,46.47634],[-103.80101,46.47819],[-103.80576,46.47934],[-103.80492,46.4819],[-103.8199,46.48481],[-103.82783,46.48897],[-103.83103,46.48634],[-103.85037,46.49105],[-103.84964,46.48739],[-103.83069,46.47914],[-103.82895,46.47784],[-103.82827,46.47292],[-103.82164,46.46977]],[[-105.00749,44.94605],[-105.00256,44.94803],[-105.00303,44.95179],[-105.0074,44.95583],[-105.01286,44.95207],[-105.01411,44.94948],[-105.01635,44.94987],[-105.01973,44.94706],[-105.01352,44.94161],[-105.00749,44.94605]],[[-101.27667,47.25055],[-101.26824,47.24992],[-101.26725,47.24863],[-101.25849,47.24974],[-101.2528,47.24605],[-101.24891,47.24674],[-101.24809,47.24869],[-101.24978,47.25513],[-101.2543,47.25985],[-101.26435,47.26371],[-101.26833,47.26191],[-101.26997,47.26281],[-101.27304,47.25489],[-101.27768,47.25294],[-101.27667,47.25055]],[[-101.33063,47.3163],[-101.32377,47.32142],[-101.31757,47.31899],[-101.31386,47.32225],[-101.30845,47.32044],[-101.30308,47.3212],[-101.28598,47.31888],[-101.28055,47.31678],[-101.27846,47.31349],[-101.27618,47.31345],[-101.27339,47.31538],[-101.27849,47.32211],[-101.27893,47.33084],[-101.27593,47.33321],[-101.27665,47.33618],[-101.26652,47.33793],[-101.26225,47.34149],[-101.26365,47.34435],[-101.25996,47.35122],[-101.25022,47.3521],[-101.24795,47.35682],[-101.24128,47.35909],[-101.24073,47.36056],[-101.24336,47.36464],[-101.24873,47.36404],[-101.25384,47.37166],[-101.26823,47.37134],[-101.27057,47.37396],[-101.27036,47.3812],[-101.27399,47.38497],[-101.27389,47.38781],[-101.28619,47.38712],[-101.28892,47.39262],[-101.29322,47.39279],[-101.29414,47.39587],[-101.30195,47.39775],[-101.30491,47.40349],[-101.31547,47.4077],[-101.31719,47.40277],[-101.32494,47.40217],[-101.33737,47.40619],[-101.34011,47.41052],[-101.34943,47.40928],[-101.35124,47.40694],[-101.35932,47.41058],[-101.36154,47.40799],[-101.35943,47.40523],[-101.36246,47.39921],[-101.36136,47.39458],[-101.36248,47.3908],[-101.35966,47.38661],[-101.36145,47.38326],[-101.35703,47.37861],[-101.35354,47.37844],[-101.35315,47.37371],[-101.34912,47.37044],[-101.34805,47.36564],[-101.34316,47.36163],[-101.33057,47.36301],[-101.32217,47.35641],[-101.31468,47.354],[-101.31164,47.35059],[-101.31317,47.34783],[-101.31037,47.34817],[-101.30879,47.34694],[-101.30895,47.34446],[-101.30732,47.34398],[-101.31203,47.33863],[-101.318,47.33632],[-101.31787,47.33493],[-101.32735,47.32614],[-101.33187,47.32471],[-101.3359,47.32113],[-101.33516,47.31512],[-101.33063,47.3163]],[[-101.0224,47.56423],[-101.01535,47.56466],[-101.00861,47.56954],[-101.00568,47.56992],[-101.00347,47.57231],[-101.00685,47.57466],[-101.00657,47.57782],[-101.00036,47.57745],[-100.9983,47.57994],[-101.00358,47.58593],[-101.00492,47.58891],[-101.0031,47.58936],[-101.00637,47.59477],[-101.01867,47.6015],[-101.02702,47.60082],[-101.02942,47.60196],[-101.03045,47.60107],[-101.02796,47.59935],[-101.03108,47.59741],[-101.02802,47.59126],[-101.02491,47.59124],[-101.02197,47.57927],[-101.02776,47.57619],[-101.02809,47.57441],[-101.0249,47.57229],[-101.03003,47.56726],[-101.02696,47.56724],[-101.0224,47.56423]],[[-100.52569,46.8139],[-100.53243,46.81487],[-100.53907,46.81334],[-100.54157,46.81025],[-100.54191,46.80115],[-100.53392,46.79897],[-100.5334,46.79658],[-100.52836,46.79366],[-100.52046,46.79128],[-100.52101,46.78726],[-100.51777,46.78616],[-100.51247,46.78937],[-100.50708,46.78784],[-100.50703,46.78982],[-100.50489,46.78969],[-100.49876,46.78824],[-100.49413,46.78349],[-100.48918,46.78538],[-100.48459,46.78399],[-100.48426,46.78613],[-100.48051,46.78892],[-100.48074,46.79223],[-100.47854,46.79409],[-100.48102,46.79595],[-100.47981,46.79831],[-100.48232,46.80057],[-100.48647,46.80119],[-100.48995,46.80476],[-100.49759,46.80822],[-100.50191,46.80653],[-100.50201,46.80513],[-100.51263,46.80862],[-100.51725,46.81308],[-100.5206,46.81234],[-100.52569,46.8139]],[[-100.3434,46.73988],[-100.3427,46.7418],[-100.3381,46.7409],[-100.33376,46.74373],[-100.33116,46.7434],[-100.32535,46.73792],[-100.3112,46.73539],[-100.3029,46.73567],[-100.29882,46.72949],[-100.29286,46.7269],[-100.29001,46.72097],[-100.275,46.71858],[-100.2748,46.71329],[-100.27234,46.70808],[-100.27386,46.70397],[-100.2727,46.70357],[-100.26971,46.70621],[-100.26493,46.70636],[-100.26185,46.70525],[-100.2598,46.70144],[-100.25608,46.70322],[-100.2504,46.70131],[-100.2397,46.70355],[-100.23172,46.70274],[-100.22766,46.70108],[-100.22708,46.69832],[-100.22486,46.69712],[-100.21962,46.6993],[-100.21186,46.69562],[-100.21264,46.6989],[-100.20944,46.70003],[-100.2105,46.70099],[-100.20781,46.70258],[-100.21452,46.70984],[-100.2132,46.71198],[-100.21358,46.71758],[-100.21177,46.7208],[-100.20457,46.72265],[-100.20617,46.72533],[-100.20283,46.72829],[-100.20383,46.73248],[-100.1994,46.73737],[-100.20034,46.7384],[-100.19832,46.7455],[-100.19514,46.74915],[-100.19243,46.74957],[-100.19447,46.75147],[-100.19051,46.75523],[-100.1926,46.75903],[-100.19005,46.76114],[-100.19047,46.76518],[-100.17848,46.76768],[-100.17496,46.77046],[-100.17492,46.77547],[-100.1628,46.77454],[-100.16241,46.77645],[-100.15503,46.77542],[-100.15326,46.77988],[-100.15685,46.78212],[-100.1539,46.78768],[-100.15636,46.78928],[-100.16469,46.78774],[-100.16742,46.79112],[-100.17325,46.79321],[-100.17656,46.79091],[-100.17918,46.78407],[-100.18802,46.78676],[-100.18948,46.78484],[-100.19578,46.78261],[-100.20459,46.78298],[-100.21269,46.77966],[-100.21423,46.78135],[-100.21832,46.78147],[-100.22272,46.77896],[-100.2388,46.77681],[-100.24144,46.77402],[-100.24812,46.7746],[-100.25278,46.77143],[-100.26207,46.77154],[-100.26377,46.77098],[-100.26417,46.76823],[-100.26736,46.7694],[-100.27272,46.76728],[-100.27511,46.76939],[-100.27925,46.76804],[-100.29981,46.76921],[-100.31285,46.77504],[-100.32352,46.77173],[-100.3241,46.76923],[-100.33518,46.76787],[-100.33769,46.76574],[-100.3387,46.76264],[-100.33627,46.76017],[-100.34707,46.7527],[-100.34648,46.74885],[-100.34862,46.7465],[-100.34824,46.74071],[-100.3434,46.73988]],[[-101.52287,46.10771],[-101.51076,46.10434],[-101.5096,46.10561],[-101.51043,46.10728],[-101.50731,46.10815],[-101.50522,46.11146],[-101.5012,46.11229],[-101.4991,46.1158],[-101.49992,46.11713],[-101.49441,46.1254],[-101.4959,46.12741],[-101.48665,46.13065],[-101.49102,46.13411],[-101.49949,46.13404],[-101.49979,46.13854],[-101.50362,46.13852],[-101.50878,46.14245],[-101.51312,46.15217],[-101.51614,46.15447],[-101.52044,46.15445],[-101.52572,46.15145],[-101.52816,46.14465],[-101.53554,46.14002],[-101.53718,46.13183],[-101.54925,46.12755],[-101.55309,46.12153],[-101.55163,46.12027],[-101.55239,46.11851],[-101.54466,46.10986],[-101.53865,46.11227],[-101.5345,46.1069],[-101.52681,46.10517],[-101.52287,46.10771]],[[-102.3696,46.30313],[-102.35661,46.30029],[-102.34676,46.29458],[-102.34769,46.29794],[-102.34324,46.30217],[-102.3409,46.30245],[-102.3441,46.30553],[-102.34317,46.30764],[-102.32912,46.3139],[-102.32693,46.31691],[-102.32586,46.32023],[-102.33277,46.32433],[-102.33376,46.32707],[-102.3337,46.33027],[-102.33037,46.33659],[-102.33807,46.34342],[-102.34092,46.35327],[-102.3449,46.35622],[-102.35705,46.35701],[-102.35883,46.35592],[-102.35841,46.35319],[-102.36206,46.35023],[-102.35941,46.34908],[-102.35848,46.34539],[-102.36264,46.34358],[-102.3627,46.34058],[-102.36858,46.33649],[-102.37575,46.33592],[-102.37889,46.33294],[-102.37434,46.33017],[-102.37565,46.32886],[-102.37257,46.32402],[-102.37632,46.32188],[-102.37409,46.31811],[-102.37545,46.3168],[-102.3744,46.31471],[-102.37701,46.31351],[-102.37584,46.31117],[-102.37702,46.30788],[-102.3719,46.30245],[-102.3696,46.30313]],[[-102.29784,46.27917],[-102.3012,46.27679],[-102.29778,46.26833],[-102.29128,46.2649],[-102.29262,46.26158],[-102.28611,46.25498],[-102.28169,46.25485],[-102.28306,46.25341],[-102.27762,46.24532],[-102.26815,46.24103],[-102.26535,46.24092],[-102.26179,46.24442],[-102.25434,46.24356],[-102.2593,46.24948],[-102.26187,46.25468],[-102.26125,46.25673],[-102.26305,46.25752],[-102.25962,46.26051],[-102.25979,46.26425],[-102.26179,46.26543],[-102.26233,46.26875],[-102.25881,46.27248],[-102.25875,46.27778],[-102.26919,46.27937],[-102.27999,46.27773],[-102.28487,46.28148],[-102.29362,46.28431],[-102.29664,46.28335],[-102.29784,46.27917]],[[-101.89918,46.18831],[-101.87119,46.17284],[-101.86389,46.17403],[-101.8628,46.17586],[-101.86248,46.17733],[-101.86647,46.18115],[-101.86663,46.18872],[-101.88102,46.20057],[-101.88871,46.20113],[-101.89407,46.19311],[-101.8997,46.19218],[-101.89918,46.18831]],[[-102.58777,46.13838],[-102.58332,46.13082],[-102.57329,46.13191],[-102.55981,46.12672],[-102.54924,46.12587],[-102.54268,46.13155],[-102.54035,46.13154],[-102.53365,46.13647],[-102.52833,46.13528],[-102.5203,46.13639],[-102.51994,46.13852],[-102.51717,46.13934],[-102.51762,46.14393],[-102.52108,46.14988],[-102.52623,46.15246],[-102.52999,46.1621],[-102.5396,46.16591],[-102.55068,46.15999],[-102.55249,46.15693],[-102.55008,46.15293],[-102.54626,46.15068],[-102.54664,46.14848],[-102.5512,46.14763],[-102.55699,46.13877],[-102.55985,46.1382],[-102.56799,46.14106],[-102.56946,46.14374],[-102.57537,46.14628],[-102.58044,46.14457],[-102.58104,46.13864],[-102.58777,46.13838]],[[-102.31795,46.40751],[-102.32622,46.41153],[-102.32799,46.41528],[-102.33723,46.41434],[-102.34564,46.41666],[-102.34928,46.41583],[-102.35155,46.41193],[-102.35102,46.41002],[-102.35376,46.40788],[-102.34762,46.40637],[-102.34482,46.40046],[-102.34196,46.39866],[-102.35037,46.39691],[-102.3487,46.39502],[-102.34268,46.39362],[-102.34443,46.39014],[-102.34363,46.38563],[-102.32668,46.3742],[-102.32192,46.37981],[-102.31807,46.38133],[-102.31795,46.38403],[-102.32048,46.3861],[-102.31542,46.38813],[-102.3174,46.38866],[-102.31751,46.39804],[-102.31946,46.39981],[-102.31332,46.4023],[-102.31323,46.40406],[-102.31795,46.40751]],[[-103.00944,46.57433],[-103.01414,46.57023],[-103.01506,46.56506],[-103.01366,46.5609],[-103.00795,46.56024],[-103.00655,46.55838],[-103.00178,46.56164],[-103.00321,46.56415],[-102.99817,46.56771],[-103.00176,46.56951],[-103.00111,46.57258],[-103.0032,46.57489],[-103.00851,46.57681],[-103.00944,46.57433]],[[-103.11721,46.59701],[-103.1077,46.59309],[-103.10283,46.59349],[-103.10857,46.60324],[-103.11485,46.60007],[-103.11768,46.60044],[-103.11909,46.59916],[-103.11721,46.59701]],[[-100.44275,46.207],[-100.43957,46.20723],[-100.43031,46.20366],[-100.421,46.19694],[-100.40966,46.19211],[-100.40711,46.18827],[-100.39749,46.18371],[-100.38541,46.18413],[-100.37584,46.17995],[-100.37157,46.18044],[-100.36878,46.17814],[-100.36542,46.17842],[-100.36064,46.18205],[-100.36084,46.18339],[-100.35137,46.18036],[-100.34308,46.18275],[-100.33735,46.18085],[-100.33344,46.18218],[-100.3246,46.17645],[-100.32293,46.17148],[-100.31624,46.17086],[-100.31214,46.16669],[-100.30582,46.16531],[-100.2982,46.16116],[-100.2932,46.16186],[-100.29829,46.16556],[-100.29368,46.16944],[-100.29578,46.17451],[-100.30042,46.17724],[-100.30616,46.17813],[-100.30811,46.18364],[-100.31407,46.18794],[-100.31425,46.19162],[-100.31867,46.19484],[-100.31814,46.19711],[-100.32076,46.20228],[-100.31986,46.20455],[-100.32586,46.20379],[-100.32962,46.20638],[-100.33426,46.20574],[-100.33733,46.20841],[-100.34242,46.20923],[-100.35416,46.22213],[-100.35833,46.22245],[-100.35564,46.2163],[-100.35826,46.21286],[-100.36421,46.21663],[-100.36643,46.21649],[-100.38634,46.20966],[-100.38945,46.21012],[-100.3941,46.21352],[-100.39906,46.22095],[-100.40618,46.22312],[-100.42182,46.23406],[-100.43404,46.23667],[-100.43772,46.23448],[-100.44362,46.23474],[-100.43881,46.22847],[-100.43913,46.22426],[-100.43309,46.21934],[-100.43594,46.21775],[-100.43654,46.21459],[-100.44183,46.21328],[-100.44868,46.21629],[-100.45033,46.21572],[-100.45162,46.2093],[-100.44275,46.207]],[[-100.34725,46.24907],[-100.34407,46.24797],[-100.347,46.24568],[-100.34103,46.24202],[-100.33156,46.2395],[-100.32313,46.24072],[-100.32047,46.23491],[-100.3087,46.23176],[-100.29668,46.22443],[-100.29766,46.22176],[-100.29388,46.22146],[-100.29125,46.21751],[-100.28261,46.21174],[-100.27275,46.20872],[-100.27489,46.20328],[-100.27288,46.20163],[-100.27206,46.19266],[-100.26727,46.19025],[-100.26657,46.18391],[-100.25805,46.1805],[-100.25495,46.18255],[-100.24817,46.17979],[-100.24717,46.18172],[-100.24255,46.18294],[-100.2423,46.18511],[-100.23803,46.18654],[-100.23836,46.18977],[-100.23406,46.19589],[-100.23614,46.20589],[-100.23818,46.20772],[-100.23677,46.21359],[-100.23828,46.21652],[-100.2502,46.22105],[-100.25348,46.22838],[-100.25679,46.23041],[-100.25649,46.23486],[-100.26313,46.23572],[-100.26658,46.23452],[-100.27295,46.23988],[-100.27158,46.24197],[-100.2809,46.24443],[-100.28061,46.24632],[-100.28325,46.24936],[-100.28257,46.2525],[-100.2851,46.25566],[-100.28963,46.25444],[-100.30469,46.25906],[-100.31233,46.25899],[-100.31239,46.25722],[-100.3156,46.25553],[-100.31734,46.25728],[-100.32985,46.25778],[-100.34133,46.26267],[-100.35249,46.25501],[-100.35095,46.25121],[-100.34725,46.24907]],[[-99.77359,46.08617],[-99.78347,46.08425],[-99.78465,46.08205],[-99.78297,46.07775],[-99.78083,46.0772],[-99.78181,46.07367],[-99.78051,46.07154],[-99.76502,46.06515],[-99.75635,46.06656],[-99.74795,46.06587],[-99.74068,46.06276],[-99.73706,46.05677],[-99.73563,46.05739],[-99.73603,46.06312],[-99.73412,46.06402],[-99.73421,46.06562],[-99.73642,46.06853],[-99.73915,46.06874],[-99.73988,46.07423],[-99.74477,46.07317],[-99.74814,46.07459],[-99.75259,46.08475],[-99.76092,46.0878],[-99.76607,46.08554],[-99.76768,46.08556],[-99.76761,46.08797],[-99.77359,46.08617]]]}}]}