{"type":"FeatureCollection","features":[{"type":"Feature","properties":{},"geometry":{"type":"Polygon","coordinates":[[[-93.94613,43.40602],[-93.94243,43.406],[-93.94218,43.40735],[-93.94613,43.40602]]]}},{"type":"Feature","properties":{},"geometry":{"type":"Polygon","coordinates":[[[-94.44006,43.4912],[-94.4383,43.49189],[-94.44179,43.49182],[-94.44006,43.4912]]]}},{"type":"Feature","properties":{},"geometry":{"type":"Polygon","coordinates":[[[-94.12621,43.26181],[-94.15556,43.2422],[-94.1203,43.26129],[-94.12621,43.26181]]]}},{"type":"Feature","properties":{},"geometry":{"type":"Polygon","coordinates":[[[-94.398,43.49006],[-94.41141,43.48719],[-94.4132,43.48385],[-94.40921,43.47974],[-94.398,43.49006]]]}},{"type":"Feature","properties":{},"geometry":{"type":"MultiPolygon","coordinates":[[[[-94.11942,43.31125],[-94.12318,43.3108],[-94.1166,43.26522],[-94.11319,43.26767],[-94.11031,43.29015],[-94.11291,43.28489],[-94.11218,43.29813],[-94.11942,43.31125]]],[[[-94.11419,43.2928],[-94.11328,43.2947],[-94.11716,43.2971],[-94.11419,43.2928]]],[[[-94.11798,43.30387],[-94.11547,43.30247],[-94.11629,43.3038],[-94.11798,43.30387]]],[[[-94.11331,43.29593],[-94.11287,43.29815],[-94.11672,43.29847],[-94.11331,43.29593]]],[[[-94.11547,43.2871],[-94.11422,43.28486],[-94.11406,43.28848],[-94.11547,43.2871]]]]}},{"type":"Feature","properties":{},"geometry":{"type":"Polygon","coordinates":[[[-94.15822,43.23207],[-94.16047,43.23726],[-94.16185,43.23206],[-94.15822,43.23207]]]}},{"type":"Feature","properties":{},"geometry":{"type":"Polygon","coordinates":[[[-94.47535,43.51161],[-94.45957,43.49197],[-94.44803,43.50102],[-94.47243,43.50828],[-94.47452,43.51911],[-94.48039,43.51401],[-94.49331,43.51921],[-94.47535,43.51161]]]}},{"type":"Feature","properties":{},"geometry":{"type":"Polygon","coordinates":[[[-94.38448,43.50402],[-94.39179,43.49717],[-94.38021,43.50212],[-94.38448,43.50402]]]}},{"type":"Feature","properties":{},"geometry":{"type":"Polygon","coordinates":[[[-94.47488,43.49712],[-94.47862,43.49927],[-94.48006,43.49783],[-94.47488,43.49712]]]}},{"type":"Feature","properties":{},"geometry":{"type":"Polygon","coordinates":[[[-93.69576,43.49627],[-93.69526,43.49819],[-93.69573,43.49821],[-93.69576,43.49627]]]}},{"type":"Feature","properties":{},"geometry":{"type":"Polygon","coordinates":[[[-93.7128,43.48843],[-93.70923,43.48992],[-93.71525,43.48864],[-93.7128,43.48843]]]}},{"type":"Feature","properties":{},"geometry":{"type":"Polygon","coordinates":[[[-94.46292,43.48956],[-94.47022,43.49347],[-94.47152,43.48569],[-94.46292,43.48956]]]}},{"type":"Feature","properties":{},"geometry":{"type":"Polygon","coordinates":[[[-94.40623,43.48441],[-94.41308,43.48523],[-94.41091,43.48015],[-94.40623,43.48441]]]}},{"type":"Feature","properties":{},"geometry":{"type":"Polygon","coordinates":[[[-94.12183,43.31098],[-94.11923,43.3129],[-94.12211,43.31203],[-94.12183,43.31098]]]}},{"type":"Feature","properties":{},"geometry":{"type":"Polygon","coordinates":[[[-94.11798,43.30387],[-94.11547,43.30247],[-94.11629,43.3038],[-94.11798,43.30387]]]}},{"type":"Feature","properties":{},"geometry":{"type":"Polygon","coordinates":[[[-94.11331,43.29593],[-94.11287,43.29815],[-94.11672,43.29847],[-94.11331,43.29593]]]}},{"type":"Feature","properties":{},"geometry":{"type":"Polygon","coordinates":[[[-94.11419,43.2928],[-94.11328,43.2947],[-94.11716,43.2971],[-94.11419,43.2928]]]}},{"type":"Feature","properties":{},"geometry":{"type":"Polygon","coordinates":[[[-94.11137,43.28511],[-94.11215,43.29424],[-94.11291,43.28489],[-94.11137,43.28511]]]}},{"type":"Feature","properties":{},"geometry":{"type":"Polygon","coordinates":[[[-94.11547,43.2871],[-94.11422,43.28486],[-94.11406,43.28848],[-94.11547,43.2871]]]}},{"type":"Feature","properties":{},"geometry":{"type":"Polygon","coordinates":[[[-94.11498,43.27071],[-94.11607,43.27773],[-94.11732,43.27025],[-94.11498,43.27071]]]}},{"type":"Feature","properties":{},"geometry":{"type":"Polygon","coordinates":[[[-94.11667,43.26371],[-94.11836,43.26773],[-94.12186,43.26309],[-94.11667,43.26371]]]}},{"type":"Feature","properties":{},"geometry":{"type":"Polygon","coordinates":[[[-92.37597,40.96977],[-92.37374,40.9684],[-92.37377,40.97089],[-92.37597,40.96977]]]}},{"type":"Feature","properties":{},"geometry":{"type":"Polygon","coordinates":[[[-92.79936,40.95345],[-92.79833,40.95423],[-92.79888,40.95464],[-92.79936,40.95345]]]}},{"type":"Feature","properties":{},"geometry":{"type":"Polygon","coordinates":[[[-92.1556,40.87706],[-92.15464,40.87743],[-92.15657,40.87853],[-92.1556,40.87706]]]}},{"type":"Feature","properties":{},"geometry":{"type":"Polygon","coordinates":[[[-92.70283,40.87939],[-92.7012,40.87934],[-92.70072,40.87996],[-92.70283,40.87939]]]}},{"type":"Feature","properties":{},"geometry":{"type":"Polygon","coordinates":[[[-92.16614,40.85285],[-92.16385,40.85304],[-92.16614,40.85329],[-92.16614,40.85285]]]}},{"type":"Feature","properties":{},"geometry":{"type":"Polygon","coordinates":[[[-92.58898,40.79656],[-92.58729,40.79601],[-92.58774,40.79674],[-92.58898,40.79656]]]}},{"type":"Feature","properties":{},"geometry":{"type":"Polygon","coordinates":[[[-93.09453,40.92905],[-93.09266,40.92928],[-93.09453,40.93011],[-93.09453,40.92905]]]}},{"type":"Feature","properties":{},"geometry":{"type":"Polygon","coordinates":[[[-93.96203,42.8147],[-93.96474,42.81804],[-93.96483,42.81467],[-93.96203,42.8147]]]}},{"type":"Feature","properties":{},"geometry":{"type":"Polygon","coordinates":[[[-94.49919,43.30515],[-94.49669,43.3055],[-94.49919,43.30554],[-94.49919,43.30515]]]}},{"type":"Feature","properties":{},"geometry":{"type":"Polygon","coordinates":[[[-94.03703,43.24304],[-94.03575,43.2435],[-94.03737,43.24391],[-94.03703,43.24304]]]}},{"type":"Feature","properties":{},"geometry":{"type":"Polygon","coordinates":[[[-94.26252,41.56194],[-94.2613,41.56279],[-94.26252,41.56281],[-94.26252,41.56194]]]}},{"type":"Feature","properties":{},"geometry":{"type":"Polygon","coordinates":[[[-93.22941,41.23083],[-93.22802,41.23188],[-93.22956,41.23103],[-93.22941,41.23083]]]}},{"type":"Feature","properties":{},"geometry":{"type":"Polygon","coordinates":[[[-95.15808,42.60207],[-95.15604,42.5991],[-95.15607,42.60207],[-95.15808,42.60207]]]}},{"type":"Feature","properties":{},"geometry":{"type":"Polygon","coordinates":[[[-94.6936,43.29679],[-94.69508,43.30241],[-94.6809,43.31026],[-94.69637,43.30742],[-94.69937,43.29889],[-94.6936,43.29679]]]}},{"type":"Feature","properties":{},"geometry":{"type":"Polygon","coordinates":[[[-94.8776,43.0379],[-94.90734,43.03552],[-94.8719,43.02608],[-94.8776,43.0379]]]}},{"type":"Feature","properties":{},"geometry":{"type":"Polygon","coordinates":[[[-94.17417,42.88869],[-94.17352,42.89059],[-94.17516,42.88896],[-94.17417,42.88869]]]}},{"type":"Feature","properties":{},"geometry":{"type":"Polygon","coordinates":[[[-94.46207,42.89786],[-94.46049,42.8977],[-94.46198,42.89957],[-94.46207,42.89786]]]}},{"type":"Feature","properties":{},"geometry":{"type":"Polygon","coordinates":[[[-94.34707,42.8157],[-94.34496,42.8162],[-94.34546,42.81904],[-94.34707,42.8157]]]}},{"type":"Feature","properties":{},"geometry":{"type":"Polygon","coordinates":[[[-94.45815,42.75877],[-94.4538,42.75747],[-94.45626,42.75932],[-94.45815,42.75877]]]}},{"type":"Feature","properties":{},"geometry":{"type":"Polygon","coordinates":[[[-94.57132,43.48119],[-94.57506,43.47706],[-94.57013,43.47978],[-94.57132,43.48119]]]}},{"type":"Feature","properties":{},"geometry":{"type":"Polygon","coordinates":[[[-94.47368,43.3693],[-94.47124,43.36994],[-94.47396,43.36985],[-94.47368,43.3693]]]}},{"type":"Feature","properties":{},"geometry":{"type":"Polygon","coordinates":[[[-93.90235,43.10036],[-93.90045,43.09958],[-93.90117,43.10093],[-93.90235,43.10036]]]}},{"type":"Feature","properties":{},"geometry":{"type":"Polygon","coordinates":[[[-94.96306,42.40258],[-94.96188,42.40285],[-94.96296,42.40317],[-94.96306,42.40258]]]}},{"type":"Feature","properties":{},"geometry":{"type":"Polygon","coordinates":[[[-94.71511,42.39498],[-94.71397,42.39432],[-94.71415,42.39528],[-94.71511,42.39498]]]}},{"type":"Feature","properties":{},"geometry":{"type":"Polygon","coordinates":[[[-94.62933,42.37801],[-94.62708,42.37849],[-94.62961,42.37872],[-94.62933,42.37801]]]}},{"type":"Feature","properties":{},"geometry":{"type":"Polygon","coordinates":[[[-94.53106,42.23975],[-94.52884,42.23915],[-94.52918,42.23993],[-94.53106,42.23975]]]}},{"type":"Feature","properties":{},"geometry":{"type":"Polygon","coordinates":[[[-94.53792,42.21249],[-94.53645,42.21368],[-94.53795,42.214],[-94.53792,42.21249]]]}},{"type":"Feature","properties":{},"geometry":{"type":"Polygon","coordinates":[[[-94.72206,42.17407],[-94.72052,42.17533],[-94.7223,42.17522],[-94.72206,42.17407]]]}},{"type":"Feature","properties":{},"geometry":{"type":"Polygon","coordinates":[[[-94.68285,42.11187],[-94.68482,42.11418],[-94.68445,42.11178],[-94.68285,42.11187]]]}},{"type":"Feature","properties":{},"geometry":{"type":"Polygon","coordinates":[[[-94.24943,42.0724],[-94.24787,42.07373],[-94.24842,42.07377],[-94.24943,42.0724]]]}},{"type":"Feature","properties":{},"geometry":{"type":"Polygon","coordinates":[[[-93.68267,41.6965],[-93.6773,41.69911],[-93.68387,41.69899],[-93.68267,41.6965]]]}},{"type":"Feature","properties":{},"geometry":{"type":"Polygon","coordinates":[[[-93.67922,41.65418],[-93.67739,41.65459],[-93.67876,41.65534],[-93.67922,41.65418]]]}},{"type":"Feature","properties":{},"geometry":{"type":"Polygon","coordinates":[[[-93.67204,41.56251],[-93.67168,41.56436],[-93.6729,41.56413],[-93.67204,41.56251]]]}},{"type":"Feature","properties":{},"geometry":{"type":"Polygon","coordinates":[[[-93.71386,41.55905],[-93.71331,41.55784],[-93.71286,41.55885],[-93.71386,41.55905]]]}},{"type":"Feature","properties":{},"geometry":{"type":"Polygon","coordinates":[[[-93.76669,41.51161],[-93.76606,41.51042],[-93.76593,41.51156],[-93.76669,41.51161]]]}},{"type":"Feature","properties":{},"geometry":{"type":"Polygon","coordinates":[[[-93.89618,42.58113],[-93.8951,42.58257],[-93.89612,42.58268],[-93.89618,42.58113]]]}},{"type":"Feature","properties":{},"geometry":{"type":"Polygon","coordinates":[[[-93.86182,42.33514],[-93.8608,42.3355],[-93.86145,42.33575],[-93.86182,42.33514]]]}},{"type":"Feature","properties":{},"geometry":{"type":"Polygon","coordinates":[[[-94.91692,42.47645],[-94.91624,42.47732],[-94.91772,42.47652],[-94.91692,42.47645]]]}},{"type":"Feature","properties":{},"geometry":{"type":"Polygon","coordinates":[[[-94.63979,42.46608],[-94.66002,42.46164],[-94.66261,42.45715],[-94.64473,42.45531],[-94.64745,42.46191],[-94.63979,42.46608]]]}},{"type":"Feature","properties":{},"geometry":{"type":"Polygon","coordinates":[[[-94.9963,42.43984],[-94.99581,42.44119],[-94.9972,42.4403],[-94.9963,42.43984]]]}},{"type":"Feature","properties":{},"geometry":{"type":"Polygon","coordinates":[[[-94.01347,41.62677],[-94.01072,41.62833],[-94.0138,41.62897],[-94.01347,41.62677]]]}},{"type":"Feature","properties":{},"geometry":{"type":"Polygon","coordinates":[[[-94.73852,41.82567],[-94.74017,41.82432],[-94.73849,41.82475],[-94.73852,41.82567]]]}},{"type":"Feature","properties":{},"geometry":{"type":"Polygon","coordinates":[[[-93.50234,41.06065],[-93.50301,41.05726],[-93.50089,41.06028],[-93.50234,41.06065]]]}},{"type":"Feature","properties":{},"geometry":{"type":"Polygon","coordinates":[[[-93.41925,41.62545],[-93.41794,41.62595],[-93.41964,41.62611],[-93.41925,41.62545]]]}},{"type":"Feature","properties":{},"geometry":{"type":"Polygon","coordinates":[[[-93.39781,41.54902],[-93.39733,41.54828],[-93.39684,41.54879],[-93.39781,41.54902]]]}},{"type":"Feature","properties":{},"geometry":{"type":"Polygon","coordinates":[[[-93.70511,41.50658],[-93.70326,41.50713],[-93.70475,41.50811],[-93.70511,41.50658]]]}},{"type":"Feature","properties":{},"geometry":{"type":"Polygon","coordinates":[[[-93.33559,41.5006],[-93.33368,41.50001],[-93.33349,41.50039],[-93.33559,41.5006]]]}},{"type":"Feature","properties":{},"geometry":{"type":"Polygon","coordinates":[[[-93.91583,41.49265],[-93.91306,41.49235],[-93.91306,41.49265],[-93.91583,41.49265]]]}},{"type":"Feature","properties":{},"geometry":{"type":"Polygon","coordinates":[[[-93.63471,41.42902],[-93.63258,41.42915],[-93.6338,41.42984],[-93.63471,41.42902]]]}},{"type":"Feature","properties":{},"geometry":{"type":"Polygon","coordinates":[[[-93.31322,41.31529],[-93.31131,41.31621],[-93.31346,41.31573],[-93.31322,41.31529]]]}},{"type":"Feature","properties":{},"geometry":{"type":"Polygon","coordinates":[[[-94.45194,41.47535],[-94.44908,41.47567],[-94.45194,41.4772],[-94.45194,41.47535]]]}},{"type":"Feature","properties":{},"geometry":{"type":"Polygon","coordinates":[[[-94.61264,41.47082],[-94.61137,41.47093],[-94.61198,41.47153],[-94.61264,41.47082]]]}},{"type":"Feature","properties":{},"geometry":{"type":"Polygon","coordinates":[[[-93.50521,40.9823],[-93.50237,40.9815],[-93.5047,40.98299],[-93.50521,40.9823]]]}},{"type":"Feature","properties":{},"geometry":{"type":"Polygon","coordinates":[[[-93.0529,40.92226],[-93.05239,40.92361],[-93.05363,40.92332],[-93.0529,40.92226]]]}},{"type":"Feature","properties":{},"geometry":{"type":"Polygon","coordinates":[[[-94.89833,42.27773],[-94.89772,42.27944],[-94.89898,42.27898],[-94.89833,42.27773]]]}},{"type":"Feature","properties":{},"geometry":{"type":"Polygon","coordinates":[[[-92.82763,41.26639],[-92.82596,41.26584],[-92.8262,41.26669],[-92.82763,41.26639]]]}},{"type":"Feature","properties":{},"geometry":{"type":"Polygon","coordinates":[[[-92.69355,41.26137],[-92.69421,41.25954],[-92.69327,41.26119],[-92.69355,41.26137]]]}},{"type":"Feature","properties":{},"geometry":{"type":"Polygon","coordinates":[[[-92.96859,41.21205],[-92.96695,41.2127],[-92.96941,41.21441],[-92.96859,41.21205]]]}},{"type":"Feature","properties":{},"geometry":{"type":"Polygon","coordinates":[[[-92.60487,41.19421],[-92.60608,41.19512],[-92.60615,41.19425],[-92.60487,41.19421]]]}},{"type":"Feature","properties":{},"geometry":{"type":"Polygon","coordinates":[[[-92.55698,41.1711],[-92.55431,41.17153],[-92.55404,41.17217],[-92.55698,41.1711]]]}},{"type":"Feature","properties":{},"geometry":{"type":"Polygon","coordinates":[[[-92.54977,41.09758],[-92.54662,41.09673],[-92.54989,41.09816],[-92.54977,41.09758]]]}},{"type":"Feature","properties":{},"geometry":{"type":"Polygon","coordinates":[[[-92.42763,41.01434],[-92.42555,41.01406],[-92.42555,41.01425],[-92.42763,41.01434]]]}},{"type":"Feature","properties":{},"geometry":{"type":"Polygon","coordinates":[[[-91.79212,40.79243],[-91.79155,40.79211],[-91.79152,40.79323],[-91.79212,40.79243]]]}},{"type":"Feature","properties":{},"geometry":{"type":"Polygon","coordinates":[[[-91.73043,40.6924],[-91.72877,40.69281],[-91.73064,40.69272],[-91.73043,40.6924]]]}},{"type":"Feature","properties":{},"geometry":{"type":"Polygon","coordinates":[[[-91.99457,40.65436],[-91.9936,40.65358],[-91.99384,40.65447],[-91.99457,40.65436]]]}},{"type":"Feature","properties":{},"geometry":{"type":"Polygon","coordinates":[[[-91.61974,40.58011],[-91.61731,40.58041],[-91.61986,40.58075],[-91.61974,40.58011]]]}},{"type":"Feature","properties":{},"geometry":{"type":"Polygon","coordinates":[[[-92.49414,40.99474],[-92.49224,40.99523],[-92.49405,40.99598],[-92.49414,40.99474]]]}},{"type":"Feature","properties":{},"geometry":{"type":"Polygon","coordinates":[[[-92.71811,40.96925],[-92.71621,40.96935],[-92.71787,40.96996],[-92.71811,40.96925]]]}},{"type":"Feature","properties":{},"geometry":{"type":"Polygon","coordinates":[[[-92.62689,40.95716],[-92.62553,40.95849],[-92.62695,40.95797],[-92.62689,40.95716]]]}},{"type":"Feature","properties":{},"geometry":{"type":"Polygon","coordinates":[[[-92.83103,40.93995],[-92.83028,40.93896],[-92.83006,40.93944],[-92.83103,40.93995]]]}},{"type":"Feature","properties":{},"geometry":{"type":"Polygon","coordinates":[[[-92.42511,40.91954],[-92.42448,40.9205],[-92.42626,40.91963],[-92.42511,40.91954]]]}},{"type":"Feature","properties":{},"geometry":{"type":"Polygon","coordinates":[[[-92.65455,40.91424],[-92.65461,40.9154],[-92.65548,40.91421],[-92.65455,40.91424]]]}},{"type":"Feature","properties":{},"geometry":{"type":"Polygon","coordinates":[[[-92.21617,40.91057],[-92.21786,40.91139],[-92.2162,40.91002],[-92.21617,40.91057]]]}},{"type":"Feature","properties":{},"geometry":{"type":"Polygon","coordinates":[[[-92.25538,40.90221],[-92.25366,40.90175],[-92.25378,40.90265],[-92.25538,40.90221]]]}},{"type":"Feature","properties":{},"geometry":{"type":"Polygon","coordinates":[[[-92.66285,40.87886],[-92.66204,40.87978],[-92.663,40.87916],[-92.66285,40.87886]]]}},{"type":"Feature","properties":{},"geometry":{"type":"Polygon","coordinates":[[[-92.36224,40.8194],[-92.36498,40.82004],[-92.36233,40.81892],[-92.36224,40.8194]]]}},{"type":"Feature","properties":{},"geometry":{"type":"Polygon","coordinates":[[[-94.67664,43.33951],[-94.67097,43.34498],[-94.67809,43.34447],[-94.67664,43.33951]]]}},{"type":"Feature","properties":{},"geometry":{"type":"Polygon","coordinates":[[[-95.11531,42.44624],[-95.11077,42.44919],[-95.11389,42.45002],[-95.11531,42.44624]]]}},{"type":"Feature","properties":{},"geometry":{"type":"Polygon","coordinates":[[[-93.93764,41.84187],[-93.9385,41.84389],[-93.93948,41.84199],[-93.93764,41.84187]]]}},{"type":"Feature","properties":{},"geometry":{"type":"Polygon","coordinates":[[[-93.65218,41.56883],[-93.65322,41.57164],[-93.65453,41.56853],[-93.65218,41.56883]]]}},{"type":"Feature","properties":{},"geometry":{"type":"Polygon","coordinates":[[[-93.56356,41.57369],[-93.55996,41.57387],[-93.56411,41.57412],[-93.56356,41.57369]]]}},{"type":"Feature","properties":{},"geometry":{"type":"Polygon","coordinates":[[[-93.80958,41.75641],[-93.80851,41.75721],[-93.80951,41.75725],[-93.80958,41.75641]]]}},{"type":"Feature","properties":{},"geometry":{"type":"Polygon","coordinates":[[[-94.97895,42.19652],[-94.97772,42.19689],[-94.97908,42.19712],[-94.97895,42.19652]]]}},{"type":"Feature","properties":{},"geometry":{"type":"Polygon","coordinates":[[[-94.69501,43.34526],[-94.69143,43.34312],[-94.69244,43.34707],[-94.69501,43.34526]]]}},{"type":"Feature","properties":{},"geometry":{"type":"Polygon","coordinates":[[[-93.84546,43.35191],[-93.84248,43.35189],[-93.84521,43.35248],[-93.84546,43.35191]]]}},{"type":"Feature","properties":{},"geometry":{"type":"Polygon","coordinates":[[[-93.92804,42.06948],[-93.92831,42.06797],[-93.92647,42.06886],[-93.92804,42.06948]]]}},{"type":"Feature","properties":{},"geometry":{"type":"Polygon","coordinates":[[[-94.58235,42.10419],[-94.5822,42.1052],[-94.58263,42.10511],[-94.58235,42.10419]]]}},{"type":"Feature","properties":{},"geometry":{"type":"Polygon","coordinates":[[[-94.78546,42.24835],[-94.78435,42.24812],[-94.78417,42.2491],[-94.78546,42.24835]]]}},{"type":"Feature","properties":{},"geometry":{"type":"Polygon","coordinates":[[[-94.75921,42.2258],[-94.7566,42.22511],[-94.75654,42.22527],[-94.75921,42.2258]]]}},{"type":"Feature","properties":{},"geometry":{"type":"Polygon","coordinates":[[[-94.72963,42.182],[-94.72721,42.18365],[-94.72927,42.18429],[-94.72963,42.182]]]}},{"type":"Feature","properties":{},"geometry":{"type":"Polygon","coordinates":[[[-94.73929,42.18076],[-94.73344,42.18012],[-94.73821,42.18316],[-94.73929,42.18076]]]}},{"type":"Feature","properties":{},"geometry":{"type":"Polygon","coordinates":[[[-94.71827,42.17255],[-94.71763,42.17291],[-94.71815,42.17309],[-94.71827,42.17255]]]}},{"type":"Feature","properties":{},"geometry":{"type":"Polygon","coordinates":[[[-94.69147,42.15541],[-94.69086,42.15578],[-94.6916,42.15621],[-94.69147,42.15541]]]}},{"type":"Feature","properties":{},"geometry":{"type":"Polygon","coordinates":[[[-93.6752,41.66417],[-93.67136,41.66935],[-93.67453,41.66946],[-93.6752,41.66417]]]}},{"type":"Feature","properties":{},"geometry":{"type":"Polygon","coordinates":[[[-93.64331,41.64373],[-93.64102,41.64394],[-93.64325,41.64394],[-93.64331,41.64373]]]}},{"type":"Feature","properties":{},"geometry":{"type":"Polygon","coordinates":[[[-93.90589,41.53524],[-93.90805,41.53582],[-93.90629,41.53463],[-93.90589,41.53524]]]}},{"type":"Feature","properties":{},"geometry":{"type":"Polygon","coordinates":[[[-93.79726,41.53062],[-93.79416,41.5287],[-93.79345,41.53259],[-93.79726,41.53062]]]}},{"type":"Feature","properties":{},"geometry":{"type":"Polygon","coordinates":[[[-93.64659,42.63491],[-93.64588,42.63308],[-93.64508,42.63422],[-93.64659,42.63491]]]}},{"type":"Feature","properties":{},"geometry":{"type":"Polygon","coordinates":[[[-93.65963,42.62951],[-93.65746,42.62898],[-93.6575,42.63024],[-93.65963,42.62951]]]}},{"type":"Feature","properties":{},"geometry":{"type":"Polygon","coordinates":[[[-94.89243,42.63054],[-94.89447,42.63079],[-94.89401,42.62953],[-94.89243,42.63054]]]}},{"type":"Feature","properties":{},"geometry":{"type":"Polygon","coordinates":[[[-95.03753,42.67156],[-95.03431,42.67009],[-95.03409,42.67169],[-95.03753,42.67156]]]}},{"type":"Feature","properties":{},"geometry":{"type":"Polygon","coordinates":[[[-95.0097,42.53276],[-95.00654,42.53552],[-95.00998,42.53292],[-95.0097,42.53276]]]}},{"type":"Feature","properties":{},"geometry":{"type":"Polygon","coordinates":[[[-94.98499,42.4984],[-94.98362,42.49707],[-94.98434,42.49876],[-94.98499,42.4984]]]}},{"type":"Feature","properties":{},"geometry":{"type":"Polygon","coordinates":[[[-94.87247,42.44803],[-94.8708,42.44808],[-94.87237,42.4484],[-94.87247,42.44803]]]}},{"type":"Feature","properties":{},"geometry":{"type":"Polygon","coordinates":[[[-93.86218,41.64524],[-93.85971,41.64492],[-93.85959,41.64561],[-93.86218,41.64524]]]}},{"type":"Feature","properties":{},"geometry":{"type":"Polygon","coordinates":[[[-93.99713,41.61093],[-93.99619,41.61066],[-93.99634,41.61104],[-93.99713,41.61093]]]}},{"type":"Feature","properties":{},"geometry":{"type":"Polygon","coordinates":[[[-93.99993,41.53019],[-93.9989,41.52997],[-93.99875,41.53038],[-93.99993,41.53019]]]}},{"type":"Feature","properties":{},"geometry":{"type":"Polygon","coordinates":[[[-94.19564,41.87881],[-94.19362,41.87929],[-94.19369,41.88028],[-94.19564,41.87881]]]}},{"type":"Feature","properties":{},"geometry":{"type":"Polygon","coordinates":[[[-94.07825,41.75377],[-94.0759,41.75404],[-94.07835,41.75509],[-94.07825,41.75377]]]}},{"type":"Feature","properties":{},"geometry":{"type":"Polygon","coordinates":[[[-93.91611,41.12614],[-93.91429,41.12676],[-93.91529,41.12689],[-93.91611,41.12614]]]}},{"type":"Feature","properties":{},"geometry":{"type":"Polygon","coordinates":[[[-93.81284,41.05552],[-93.81151,41.05358],[-93.81184,41.05651],[-93.81284,41.05552]]]}},{"type":"Feature","properties":{},"geometry":{"type":"Polygon","coordinates":[[[-93.44217,41.58778],[-93.44174,41.58942],[-93.44262,41.58794],[-93.44217,41.58778]]]}},{"type":"Feature","properties":{},"geometry":{"type":"Polygon","coordinates":[[[-93.57257,41.5809],[-93.57166,41.58202],[-93.57248,41.58358],[-93.57257,41.5809]]]}},{"type":"Feature","properties":{},"geometry":{"type":"Polygon","coordinates":[[[-93.53703,41.54846],[-93.53514,41.54825],[-93.53511,41.54853],[-93.53703,41.54846]]]}},{"type":"Feature","properties":{},"geometry":{"type":"Polygon","coordinates":[[[-93.61083,41.51532],[-93.6097,41.51797],[-93.61222,41.51875],[-93.61083,41.51532]]]}},{"type":"Feature","properties":{},"geometry":{"type":"Polygon","coordinates":[[[-93.43015,41.50059],[-93.42622,41.50339],[-93.42641,41.50403],[-93.43015,41.50059]]]}},{"type":"Feature","properties":{},"geometry":{"type":"Polygon","coordinates":[[[-93.3923,41.64563],[-93.39038,41.64591],[-93.39236,41.64614],[-93.3923,41.64563]]]}},{"type":"Feature","properties":{},"geometry":{"type":"Polygon","coordinates":[[[-93.57885,41.24786],[-93.57782,41.24681],[-93.5776,41.24768],[-93.57885,41.24786]]]}},{"type":"Feature","properties":{},"geometry":{"type":"Polygon","coordinates":[[[-94.45035,41.47306],[-94.44783,41.47242],[-94.44761,41.47299],[-94.45035,41.47306]]]}},{"type":"Feature","properties":{},"geometry":{"type":"Polygon","coordinates":[[[-94.27654,41.27567],[-94.27708,41.27682],[-94.27772,41.27574],[-94.27654,41.27567]]]}},{"type":"Feature","properties":{},"geometry":{"type":"Polygon","coordinates":[[[-93.26579,40.98692],[-93.26479,40.98856],[-93.26664,40.98863],[-93.26579,40.98692]]]}},{"type":"Feature","properties":{},"geometry":{"type":"Polygon","coordinates":[[[-92.91242,41.32304],[-92.91117,41.32306],[-92.91214,41.32361],[-92.91242,41.32304]]]}},{"type":"Feature","properties":{},"geometry":{"type":"Polygon","coordinates":[[[-92.69293,41.22249],[-92.69811,41.22633],[-92.69305,41.22098],[-92.69293,41.22249]]]}},{"type":"Feature","properties":{},"geometry":{"type":"Polygon","coordinates":[[[-92.65563,41.17475],[-92.65539,41.17258],[-92.65366,41.17423],[-92.65563,41.17475]]]}},{"type":"Feature","properties":{},"geometry":{"type":"Polygon","coordinates":[[[-92.64433,41.13762],[-92.6433,41.13723],[-92.64293,41.13778],[-92.64433,41.13762]]]}},{"type":"Feature","properties":{},"geometry":{"type":"Polygon","coordinates":[[[-92.93943,41.10882],[-92.94745,41.11259],[-92.94736,41.11048],[-92.93943,41.10882]]]}},{"type":"Feature","properties":{},"geometry":{"type":"Polygon","coordinates":[[[-92.5272,41.09606],[-92.52533,41.09663],[-92.52678,41.09736],[-92.5272,41.09606]]]}},{"type":"Feature","properties":{},"geometry":{"type":"Polygon","coordinates":[[[-91.93879,40.79352],[-91.93768,40.79384],[-91.93858,40.79396],[-91.93879,40.79352]]]}},{"type":"Feature","properties":{},"geometry":{"type":"Polygon","coordinates":[[[-91.93497,40.74439],[-91.93488,40.74507],[-91.93576,40.74455],[-91.93497,40.74439]]]}},{"type":"Feature","properties":{},"geometry":{"type":"Polygon","coordinates":[[[-91.73177,40.6247],[-91.72919,40.62639],[-91.73195,40.62678],[-91.73177,40.6247]]]}},{"type":"Feature","properties":{},"geometry":{"type":"Polygon","coordinates":[[[-92.66969,40.69149],[-92.66888,40.6898],[-92.66828,40.69147],[-92.66969,40.69149]]]}},{"type":"Feature","properties":{},"geometry":{"type":"Polygon","coordinates":[[[-92.30223,40.61622],[-92.30181,40.61492],[-92.30142,40.61579],[-92.30223,40.61622]]]}},{"type":"Feature","properties":{},"geometry":{"type":"Polygon","coordinates":[[[-92.1077,40.66144],[-92.10716,40.66043],[-92.10704,40.66144],[-92.1077,40.66144]]]}},{"type":"Feature","properties":{},"geometry":{"type":"Polygon","coordinates":[[[-92.36794,40.72468],[-92.36719,40.72585],[-92.36848,40.72585],[-92.36794,40.72468]]]}},{"type":"Feature","properties":{},"geometry":{"type":"Polygon","coordinates":[[[-92.50117,40.72091],[-92.49952,40.72288],[-92.50183,40.72105],[-92.50117,40.72091]]]}},{"type":"Feature","properties":{},"geometry":{"type":"Polygon","coordinates":[[[-92.4901,40.72042],[-92.49121,40.7208],[-92.49214,40.71856],[-92.4901,40.72042]]]}},{"type":"Feature","properties":{},"geometry":{"type":"Polygon","coordinates":[[[-92.35339,40.71948],[-92.352,40.71914],[-92.35275,40.72008],[-92.35339,40.71948]]]}},{"type":"Feature","properties":{},"geometry":{"type":"Polygon","coordinates":[[[-92.47867,40.71979],[-92.4775,40.71871],[-92.47762,40.72002],[-92.47867,40.71979]]]}},{"type":"Feature","properties":{},"geometry":{"type":"Polygon","coordinates":[[[-92.35928,40.71669],[-92.35859,40.71823],[-92.35961,40.71873],[-92.35928,40.71669]]]}},{"type":"Feature","properties":{},"geometry":{"type":"Polygon","coordinates":[[[-92.47121,40.71917],[-92.47016,40.71863],[-92.47007,40.71915],[-92.47121,40.71917]]]}},{"type":"Feature","properties":{},"geometry":{"type":"Polygon","coordinates":[[[-92.51477,40.71797],[-92.51318,40.71531],[-92.51215,40.71824],[-92.51477,40.71797]]]}},{"type":"Feature","properties":{},"geometry":{"type":"Polygon","coordinates":[[[-92.32581,40.71362],[-92.32572,40.71483],[-92.32756,40.71428],[-92.32581,40.71362]]]}},{"type":"Feature","properties":{},"geometry":{"type":"Polygon","coordinates":[[[-92.21527,40.71019],[-92.21235,40.70808],[-92.21368,40.71058],[-92.21527,40.71019]]]}},{"type":"Feature","properties":{},"geometry":{"type":"Polygon","coordinates":[[[-92.53556,40.70808],[-92.53526,40.70915],[-92.53682,40.70895],[-92.53556,40.70808]]]}},{"type":"Feature","properties":{},"geometry":{"type":"Polygon","coordinates":[[[-92.23782,40.70717],[-92.23968,40.70655],[-92.23766,40.70559],[-92.23782,40.70717]]]}},{"type":"Feature","properties":{},"geometry":{"type":"Polygon","coordinates":[[[-92.48021,40.70493],[-92.47895,40.70512],[-92.48034,40.7069],[-92.48021,40.70493]]]}},{"type":"Feature","properties":{},"geometry":{"type":"Polygon","coordinates":[[[-92.4554,40.69544],[-92.45423,40.69681],[-92.45666,40.69875],[-92.4554,40.69544]]]}},{"type":"Feature","properties":{},"geometry":{"type":"Polygon","coordinates":[[[-92.43844,40.69673],[-92.44088,40.69586],[-92.43814,40.69526],[-92.43844,40.69673]]]}},{"type":"Feature","properties":{},"geometry":{"type":"Polygon","coordinates":[[[-92.36635,40.69622],[-92.36515,40.69583],[-92.36515,40.69594],[-92.36635,40.69622]]]}},{"type":"Feature","properties":{},"geometry":{"type":"Polygon","coordinates":[[[-92.10225,40.6942],[-92.10053,40.69306],[-92.09987,40.69342],[-92.10225,40.6942]]]}},{"type":"Feature","properties":{},"geometry":{"type":"Polygon","coordinates":[[[-92.47217,40.69229],[-92.46898,40.69307],[-92.47217,40.69256],[-92.47217,40.69229]]]}},{"type":"Feature","properties":{},"geometry":{"type":"Polygon","coordinates":[[[-92.20481,40.68546],[-92.203,40.68661],[-92.20517,40.68585],[-92.20481,40.68546]]]}},{"type":"Feature","properties":{},"geometry":{"type":"Polygon","coordinates":[[[-92.45695,40.68676],[-92.45494,40.68752],[-92.45755,40.68724],[-92.45695,40.68676]]]}},{"type":"Feature","properties":{},"geometry":{"type":"Polygon","coordinates":[[[-92.37805,40.68539],[-92.37609,40.68661],[-92.37817,40.68626],[-92.37805,40.68539]]]}},{"type":"Feature","properties":{},"geometry":{"type":"Polygon","coordinates":[[[-92.43287,40.68259],[-92.43107,40.68275],[-92.43317,40.68328],[-92.43287,40.68259]]]}},{"type":"Feature","properties":{},"geometry":{"type":"Polygon","coordinates":[[[-92.41805,40.68209],[-92.41625,40.68038],[-92.4176,40.68248],[-92.41805,40.68209]]]}},{"type":"Feature","properties":{},"geometry":{"type":"Polygon","coordinates":[[[-92.36846,40.6759],[-92.36596,40.67604],[-92.36849,40.67878],[-92.36846,40.6759]]]}},{"type":"Feature","properties":{},"geometry":{"type":"Polygon","coordinates":[[[-92.45937,40.67713],[-92.45814,40.6764],[-92.45844,40.67701],[-92.45937,40.67713]]]}},{"type":"Feature","properties":{},"geometry":{"type":"Polygon","coordinates":[[[-92.35451,40.67411],[-92.3568,40.67356],[-92.35494,40.67359],[-92.35451,40.67411]]]}},{"type":"Feature","properties":{},"geometry":{"type":"Polygon","coordinates":[[[-92.46881,40.67646],[-92.46652,40.67609],[-92.46677,40.67682],[-92.46881,40.67646]]]}},{"type":"Feature","properties":{},"geometry":{"type":"Polygon","coordinates":[[[-92.4377,40.67412],[-92.43689,40.67307],[-92.4365,40.67366],[-92.4377,40.67412]]]}},{"type":"Feature","properties":{},"geometry":{"type":"Polygon","coordinates":[[[-92.39719,40.6718],[-92.39686,40.66988],[-92.39545,40.67194],[-92.39719,40.6718]]]}},{"type":"Feature","properties":{},"geometry":{"type":"Polygon","coordinates":[[[-92.25448,40.66956],[-92.25255,40.66991],[-92.25448,40.66975],[-92.25448,40.66956]]]}},{"type":"Feature","properties":{},"geometry":{"type":"Polygon","coordinates":[[[-92.51684,40.79594],[-92.51564,40.79471],[-92.51548,40.79612],[-92.51684,40.79594]]]}},{"type":"Feature","properties":{},"geometry":{"type":"Polygon","coordinates":[[[-92.6267,40.78567],[-92.62598,40.78455],[-92.62562,40.78512],[-92.6267,40.78567]]]}},{"type":"Feature","properties":{},"geometry":{"type":"Polygon","coordinates":[[[-92.58667,40.77317],[-92.58412,40.77246],[-92.58414,40.77356],[-92.58667,40.77317]]]}},{"type":"Feature","properties":{},"geometry":{"type":"Polygon","coordinates":[[[-92.60847,40.76586],[-92.60678,40.76654],[-92.6085,40.76615],[-92.60847,40.76586]]]}},{"type":"Feature","properties":{},"geometry":{"type":"Polygon","coordinates":[[[-92.62276,40.76405],[-92.62156,40.76382],[-92.62171,40.76471],[-92.62276,40.76405]]]}},{"type":"Feature","properties":{},"geometry":{"type":"Polygon","coordinates":[[[-92.40354,40.76112],[-92.40161,40.76051],[-92.4018,40.76144],[-92.40354,40.76112]]]}},{"type":"Feature","properties":{},"geometry":{"type":"Polygon","coordinates":[[[-92.43929,40.75784],[-92.44611,40.75278],[-92.43799,40.75168],[-92.43929,40.75784]]]}},{"type":"Feature","properties":{},"geometry":{"type":"Polygon","coordinates":[[[-92.50378,40.75852],[-92.50261,40.7571],[-92.50282,40.759],[-92.50378,40.75852]]]}},{"type":"Feature","properties":{},"geometry":{"type":"Polygon","coordinates":[[[-92.20574,40.75547],[-92.20378,40.75561],[-92.20348,40.75628],[-92.20574,40.75547]]]}},{"type":"Feature","properties":{},"geometry":{"type":"Polygon","coordinates":[[[-92.70385,40.7545],[-92.70115,40.75485],[-92.70103,40.75524],[-92.70385,40.7545]]]}},{"type":"Feature","properties":{},"geometry":{"type":"Polygon","coordinates":[[[-92.40287,40.75234],[-92.39947,40.75245],[-92.40306,40.75279],[-92.40287,40.75234]]]}},{"type":"Feature","properties":{},"geometry":{"type":"Polygon","coordinates":[[[-92.42404,40.73655],[-92.42037,40.73838],[-92.42097,40.73895],[-92.42404,40.73655]]]}},{"type":"Feature","properties":{},"geometry":{"type":"Polygon","coordinates":[[[-92.35488,40.73733],[-92.35314,40.73818],[-92.35509,40.7374],[-92.35488,40.73733]]]}},{"type":"Feature","properties":{},"geometry":{"type":"Polygon","coordinates":[[[-92.43002,40.73437],[-92.42867,40.73339],[-92.42876,40.73426],[-92.43002,40.73437]]]}},{"type":"Feature","properties":{},"geometry":{"type":"Polygon","coordinates":[[[-92.49689,40.73045],[-92.49394,40.73032],[-92.49412,40.73096],[-92.49689,40.73045]]]}},{"type":"Feature","properties":{},"geometry":{"type":"Polygon","coordinates":[[[-92.38581,40.72875],[-92.38548,40.72976],[-92.38668,40.72962],[-92.38581,40.72875]]]}},{"type":"Feature","properties":{},"geometry":{"type":"Polygon","coordinates":[[[-92.51348,40.72936],[-92.51036,40.72815],[-92.51366,40.72996],[-92.51348,40.72936]]]}},{"type":"Feature","properties":{},"geometry":{"type":"Polygon","coordinates":[[[-92.24822,40.72672],[-92.24612,40.72688],[-92.24612,40.72727],[-92.24822,40.72672]]]}},{"type":"Feature","properties":{},"geometry":{"type":"Polygon","coordinates":[[[-91.9694,40.6382],[-91.96769,40.63811],[-91.97012,40.63965],[-91.9694,40.6382]]]}},{"type":"Feature","properties":{},"geometry":{"type":"Polygon","coordinates":[[[-92.42471,40.66534],[-92.42564,40.66687],[-92.42754,40.66504],[-92.42471,40.66534]]]}},{"type":"Feature","properties":{},"geometry":{"type":"Polygon","coordinates":[[[-92.38544,40.66498],[-92.38442,40.66576],[-92.38652,40.66567],[-92.38544,40.66498]]]}},{"type":"Feature","properties":{},"geometry":{"type":"Polygon","coordinates":[[[-92.15343,40.65871],[-92.15117,40.65867],[-92.15364,40.65919],[-92.15343,40.65871]]]}},{"type":"Feature","properties":{},"geometry":{"type":"Polygon","coordinates":[[[-92.22216,40.6522],[-92.2209,40.65129],[-92.22042,40.6517],[-92.22216,40.6522]]]}},{"type":"Feature","properties":{},"geometry":{"type":"Polygon","coordinates":[[[-92.35636,40.65141],[-92.35518,40.65061],[-92.35476,40.65132],[-92.35636,40.65141]]]}},{"type":"Feature","properties":{},"geometry":{"type":"Polygon","coordinates":[[[-92.21149,40.64843],[-92.20984,40.64896],[-92.21149,40.64882],[-92.21149,40.64843]]]}},{"type":"Feature","properties":{},"geometry":{"type":"Polygon","coordinates":[[[-92.18593,40.64808],[-92.18449,40.64715],[-92.18449,40.64809],[-92.18593,40.64808]]]}},{"type":"Feature","properties":{},"geometry":{"type":"Polygon","coordinates":[[[-92.18313,40.64072],[-92.18016,40.64168],[-92.18325,40.64097],[-92.18313,40.64072]]]}},{"type":"Feature","properties":{},"geometry":{"type":"Polygon","coordinates":[[[-92.30503,40.63844],[-92.30386,40.63755],[-92.30268,40.63833],[-92.30503,40.63844]]]}},{"type":"Feature","properties":{},"geometry":{"type":"Polygon","coordinates":[[[-92.13639,40.63256],[-92.13408,40.63435],[-92.13855,40.63503],[-92.13639,40.63256]]]}},{"type":"Feature","properties":{},"geometry":{"type":"Polygon","coordinates":[[[-92.22615,40.62289],[-92.22488,40.62197],[-92.22573,40.62399],[-92.22615,40.62289]]]}},{"type":"Feature","properties":{},"geometry":{"type":"Polygon","coordinates":[[[-92.02557,40.61259],[-92.02529,40.61396],[-92.02656,40.6136],[-92.02557,40.61259]]]}},{"type":"Feature","properties":{},"geometry":{"type":"Polygon","coordinates":[[[-92.26396,40.60766],[-92.26273,40.60631],[-92.26375,40.608],[-92.26396,40.60766]]]}},{"type":"Feature","properties":{},"geometry":{"type":"Polygon","coordinates":[[[-92.60779,40.69274],[-92.60635,40.69207],[-92.60623,40.69267],[-92.60779,40.69274]]]}},{"type":"Feature","properties":{},"geometry":{"type":"Polygon","coordinates":[[[-92.5465,40.68557],[-92.54788,40.68628],[-92.54765,40.68509],[-92.5465,40.68557]]]}},{"type":"Feature","properties":{},"geometry":{"type":"Polygon","coordinates":[[[-92.54156,40.67534],[-92.54054,40.67401],[-92.53993,40.67438],[-92.54156,40.67534]]]}},{"type":"Feature","properties":{},"geometry":{"type":"Polygon","coordinates":[[[-92.41959,40.64775],[-92.41932,40.64669],[-92.41857,40.64713],[-92.41959,40.64775]]]}},{"type":"Feature","properties":{},"geometry":{"type":"Polygon","coordinates":[[[-92.52576,40.64416],[-92.5258,40.64288],[-92.52511,40.64307],[-92.52576,40.64416]]]}},{"type":"Feature","properties":{},"geometry":{"type":"Polygon","coordinates":[[[-92.49484,40.64282],[-92.49282,40.64269],[-92.49282,40.64287],[-92.49484,40.64282]]]}},{"type":"Feature","properties":{},"geometry":{"type":"Polygon","coordinates":[[[-92.58379,40.61873],[-92.58241,40.61946],[-92.58397,40.61901],[-92.58379,40.61873]]]}},{"type":"Feature","properties":{},"geometry":{"type":"Polygon","coordinates":[[[-92.59133,40.60574],[-92.59055,40.60484],[-92.59019,40.6059],[-92.59133,40.60574]]]}},{"type":"Feature","properties":{},"geometry":{"type":"Polygon","coordinates":[[[-92.35378,40.69823],[-92.35273,40.69736],[-92.35261,40.69809],[-92.35378,40.69823]]]}},{"type":"Feature","properties":{},"geometry":{"type":"Polygon","coordinates":[[[-92.2346,40.69155],[-92.2319,40.69118],[-92.23455,40.69292],[-92.2346,40.69155]]]}},{"type":"Feature","properties":{},"geometry":{"type":"Polygon","coordinates":[[[-92.17781,40.68184],[-92.17616,40.68156],[-92.17649,40.68214],[-92.17781,40.68184]]]}},{"type":"Feature","properties":{},"geometry":{"type":"Polygon","coordinates":[[[-92.53689,40.77072],[-92.53545,40.77111],[-92.53659,40.77152],[-92.53689,40.77072]]]}},{"type":"Feature","properties":{},"geometry":{"type":"Polygon","coordinates":[[[-92.44514,40.74697],[-92.44512,40.75065],[-92.44706,40.74676],[-92.44514,40.74697]]]}},{"type":"Feature","properties":{},"geometry":{"type":"Polygon","coordinates":[[[-92.4431,40.72578],[-92.44121,40.72491],[-92.44446,40.72809],[-92.4431,40.72578]]]}},{"type":"Feature","properties":{},"geometry":{"type":"Polygon","coordinates":[[[-92.1771,40.65349],[-92.17578,40.65305],[-92.17575,40.65324],[-92.1771,40.65349]]]}},{"type":"Feature","properties":{},"geometry":{"type":"Polygon","coordinates":[[[-92.14095,40.60545],[-92.13951,40.60618],[-92.14095,40.60559],[-92.14095,40.60545]]]}},{"type":"Feature","properties":{},"geometry":{"type":"Polygon","coordinates":[[[-92.48884,40.7009],[-92.48709,40.70278],[-92.49169,40.70154],[-92.48884,40.7009]]]}},{"type":"Feature","properties":{},"geometry":{"type":"Polygon","coordinates":[[[-92.37507,40.66311],[-92.37366,40.6629],[-92.37399,40.66334],[-92.37507,40.66311]]]}},{"type":"Feature","properties":{},"geometry":{"type":"Polygon","coordinates":[[[-92.32304,40.65063],[-92.32178,40.65083],[-92.32427,40.6512],[-92.32304,40.65063]]]}},{"type":"Feature","properties":{},"geometry":{"type":"Polygon","coordinates":[[[-92.37348,40.69896],[-92.3708,40.69864],[-92.37351,40.69912],[-92.37348,40.69896]]]}},{"type":"Feature","properties":{},"geometry":{"type":"Polygon","coordinates":[[[-92.1159,40.6913],[-92.11481,40.69084],[-92.11439,40.69283],[-92.1159,40.6913]]]}},{"type":"Feature","properties":{},"geometry":{"type":"Polygon","coordinates":[[[-92.45057,40.67702],[-92.44921,40.67697],[-92.44982,40.67739],[-92.45057,40.67702]]]}},{"type":"Feature","properties":{},"geometry":{"type":"Polygon","coordinates":[[[-92.46362,40.73316],[-92.46233,40.73245],[-92.46194,40.73357],[-92.46362,40.73316]]]}},{"type":"Feature","properties":{},"geometry":{"type":"Polygon","coordinates":[[[-92.01426,40.64191],[-92.01291,40.64175],[-92.01387,40.64237],[-92.01426,40.64191]]]}},{"type":"Feature","properties":{},"geometry":{"type":"Polygon","coordinates":[[[-92.37609,40.74244],[-92.37398,40.74285],[-92.37624,40.74317],[-92.37609,40.74244]]]}},{"type":"Feature","properties":{},"geometry":{"type":"Polygon","coordinates":[[[-92.37639,40.65606],[-92.37405,40.65512],[-92.37366,40.65521],[-92.37639,40.65606]]]}},{"type":"Feature","properties":{},"geometry":{"type":"Polygon","coordinates":[[[-92.2371,40.65432],[-92.2365,40.65599],[-92.24017,40.65624],[-92.2371,40.65432]]]}},{"type":"Feature","properties":{},"geometry":{"type":"Polygon","coordinates":[[[-92.01201,40.65559],[-92.01318,40.65473],[-92.01195,40.65484],[-92.01201,40.65559]]]}},{"type":"Feature","properties":{},"geometry":{"type":"Polygon","coordinates":[[[-92.06465,40.6857],[-92.06456,40.68492],[-92.06387,40.68593],[-92.06465,40.6857]]]}},{"type":"Feature","properties":{},"geometry":{"type":"Polygon","coordinates":[[[-95.86192,42.33716],[-95.86244,42.33913],[-95.86333,42.33865],[-95.86192,42.33716]]]}},{"type":"Feature","properties":{},"geometry":{"type":"Polygon","coordinates":[[[-95.854,42.32052],[-95.85231,42.3218],[-95.85268,42.32294],[-95.854,42.32052]]]}},{"type":"Feature","properties":{},"geometry":{"type":"Polygon","coordinates":[[[-95.82271,42.3107],[-95.82089,42.3113],[-95.82253,42.31155],[-95.82271,42.3107]]]}},{"type":"Feature","properties":{},"geometry":{"type":"Polygon","coordinates":[[[-95.91585,42.30591],[-95.9172,42.30714],[-95.91819,42.30565],[-95.91585,42.30591]]]}},{"type":"Feature","properties":{},"geometry":{"type":"Polygon","coordinates":[[[-95.81751,42.3083],[-95.81819,42.30704],[-95.81665,42.30714],[-95.81751,42.3083]]]}},{"type":"Feature","properties":{},"geometry":{"type":"Polygon","coordinates":[[[-95.89138,42.27485],[-95.88941,42.27574],[-95.88994,42.27631],[-95.89138,42.27485]]]}},{"type":"Feature","properties":{},"geometry":{"type":"Polygon","coordinates":[[[-95.91806,42.2568],[-95.91563,42.25856],[-95.91581,42.26112],[-95.91415,42.26181],[-95.9148,42.26407],[-95.91806,42.2568]]]}},{"type":"Feature","properties":{},"geometry":{"type":"Polygon","coordinates":[[[-95.91197,42.26236],[-95.9091,42.25896],[-95.90846,42.26033],[-95.91197,42.26236]]]}},{"type":"Feature","properties":{},"geometry":{"type":"Polygon","coordinates":[[[-95.91947,42.2523],[-95.9244,42.25399],[-95.92347,42.25225],[-95.91947,42.2523]]]}},{"type":"Feature","properties":{},"geometry":{"type":"Polygon","coordinates":[[[-95.91356,42.25271],[-95.9095,42.25123],[-95.91058,42.2534],[-95.91356,42.25271]]]}},{"type":"Feature","properties":{},"geometry":{"type":"Polygon","coordinates":[[[-95.91928,42.24887],[-95.91937,42.24974],[-95.91929,42.25198],[-95.92331,42.25001],[-95.92266,42.24893],[-95.91928,42.24887]]]}},{"type":"Feature","properties":{},"geometry":{"type":"Polygon","coordinates":[[[-95.91177,42.24807],[-95.91248,42.24864],[-95.91596,42.24802],[-95.91177,42.24807]]]}},{"type":"Feature","properties":{},"geometry":{"type":"Polygon","coordinates":[[[-95.91716,42.24839],[-95.91577,42.24521],[-95.915,42.2451],[-95.91716,42.24839]]]}},{"type":"Feature","properties":{},"geometry":{"type":"Polygon","coordinates":[[[-95.87713,42.24545],[-95.87854,42.24643],[-95.87851,42.24506],[-95.87713,42.24545]]]}},{"type":"Feature","properties":{},"geometry":{"type":"Polygon","coordinates":[[[-95.87663,42.24401],[-95.87473,42.2439],[-95.87528,42.24518],[-95.87663,42.24401]]]}},{"type":"Feature","properties":{},"geometry":{"type":"Polygon","coordinates":[[[-95.92121,42.24203],[-95.91715,42.24375],[-95.9217,42.24258],[-95.92121,42.24203]]]}},{"type":"Feature","properties":{},"geometry":{"type":"Polygon","coordinates":[[[-95.83898,42.23695],[-95.83722,42.23747],[-95.83836,42.23788],[-95.83898,42.23695]]]}},{"type":"Feature","properties":{},"geometry":{"type":"Polygon","coordinates":[[[-95.88001,42.22984],[-95.87866,42.22812],[-95.87808,42.22924],[-95.88001,42.22984]]]}},{"type":"Feature","properties":{},"geometry":{"type":"Polygon","coordinates":[[[-95.97638,42.21207],[-95.97401,42.21282],[-95.97675,42.213],[-95.97638,42.21207]]]}},{"type":"Feature","properties":{},"geometry":{"type":"Polygon","coordinates":[[[-95.92865,42.20897],[-95.92881,42.20758],[-95.92828,42.20883],[-95.92865,42.20897]]]}},{"type":"Feature","properties":{},"geometry":{"type":"Polygon","coordinates":[[[-95.94534,42.19838],[-95.94315,42.19856],[-95.94414,42.19973],[-95.94534,42.19838]]]}},{"type":"Feature","properties":{},"geometry":{"type":"Polygon","coordinates":[[[-95.88293,42.19527],[-95.88087,42.19459],[-95.8809,42.19488],[-95.88293,42.19527]]]}},{"type":"Feature","properties":{},"geometry":{"type":"Polygon","coordinates":[[[-95.9461,42.19236],[-95.94478,42.19268],[-95.94484,42.19342],[-95.9461,42.19236]]]}},{"type":"Feature","properties":{},"geometry":{"type":"Polygon","coordinates":[[[-95.96452,42.17891],[-95.9628,42.17978],[-95.96253,42.18101],[-95.96452,42.17891]]]}},{"type":"Feature","properties":{},"geometry":{"type":"Polygon","coordinates":[[[-95.89542,42.16457],[-95.89638,42.16761],[-95.89988,42.16489],[-95.89542,42.16457]]]}},{"type":"Feature","properties":{},"geometry":{"type":"Polygon","coordinates":[[[-95.95921,42.14058],[-95.96065,42.13984],[-95.9581,42.14005],[-95.95921,42.14058]]]}},{"type":"Feature","properties":{},"geometry":{"type":"Polygon","coordinates":[[[-95.9461,42.12314],[-95.94742,42.11793],[-95.94221,42.12721],[-95.9461,42.12314]]]}},{"type":"Feature","properties":{},"geometry":{"type":"Polygon","coordinates":[[[-95.99969,42.10954],[-95.99689,42.10787],[-95.99975,42.10974],[-95.99969,42.10954]]]}},{"type":"Feature","properties":{},"geometry":{"type":"Polygon","coordinates":[[[-95.99295,42.10335],[-95.99218,42.1031],[-95.99649,42.10691],[-95.99295,42.10335]]]}},{"type":"Feature","properties":{},"geometry":{"type":"Polygon","coordinates":[[[-95.94841,42.10574],[-95.95102,42.10613],[-95.95078,42.10547],[-95.94841,42.10574]]]}},{"type":"Feature","properties":{},"geometry":{"type":"Polygon","coordinates":[[[-95.96219,42.10253],[-95.96281,42.10315],[-95.9629,42.10251],[-95.96219,42.10253]]]}},{"type":"Feature","properties":{},"geometry":{"type":"Polygon","coordinates":[[[-95.99945,42.0982],[-95.99736,42.09893],[-95.99672,42.09994],[-95.99945,42.0982]]]}},{"type":"Feature","properties":{},"geometry":{"type":"Polygon","coordinates":[[[-95.95454,42.06994],[-95.95454,42.07115],[-95.95561,42.06976],[-95.95454,42.06994]]]}},{"type":"Feature","properties":{},"geometry":{"type":"Polygon","coordinates":[[[-95.53892,43.40341],[-95.53723,43.40265],[-95.53732,43.40352],[-95.53892,43.40341]]]}},{"type":"Feature","properties":{},"geometry":{"type":"Polygon","coordinates":[[[-96.02917,43.1795],[-96.02536,43.1808],[-96.02923,43.18062],[-96.02917,43.1795]]]}},{"type":"Feature","properties":{},"geometry":{"type":"Polygon","coordinates":[[[-95.31187,43.1564],[-95.3099,43.15866],[-95.31193,43.15866],[-95.31187,43.1564]]]}},{"type":"Feature","properties":{},"geometry":{"type":"Polygon","coordinates":[[[-95.61313,43.07645],[-95.61191,43.07997],[-95.61303,43.08002],[-95.61313,43.07645]]]}},{"type":"Feature","properties":{},"geometry":{"type":"Polygon","coordinates":[[[-95.88618,42.98919],[-95.88397,42.98834],[-95.88397,42.98919],[-95.88618,42.98919]]]}},{"type":"Feature","properties":{},"geometry":{"type":"Polygon","coordinates":[[[-95.38723,42.69872],[-95.38534,42.70001],[-95.38723,42.70051],[-95.38723,42.69872]]]}},{"type":"Feature","properties":{},"geometry":{"type":"Polygon","coordinates":[[[-95.85767,42.53555],[-95.85847,42.53749],[-95.85931,42.53653],[-95.85767,42.53555]]]}},{"type":"Feature","properties":{},"geometry":{"type":"Polygon","coordinates":[[[-95.43238,42.15413],[-95.43281,42.15715],[-95.43367,42.15704],[-95.43238,42.15413]]]}},{"type":"Feature","properties":{},"geometry":{"type":"Polygon","coordinates":[[[-95.60009,42.0672],[-95.59767,42.06832],[-95.60043,42.0682],[-95.60009,42.0672]]]}},{"type":"Feature","properties":{},"geometry":{"type":"Polygon","coordinates":[[[-95.37705,42.00993],[-95.37531,42.01531],[-95.38135,42.01009],[-95.37705,42.00993]]]}},{"type":"Feature","properties":{},"geometry":{"type":"Polygon","coordinates":[[[-95.3773,42.00445],[-95.37448,42.0073],[-95.37295,42.00838],[-95.37825,42.00644],[-95.3773,42.00445]]]}},{"type":"Feature","properties":{},"geometry":{"type":"Polygon","coordinates":[[[-95.49668,41.936],[-95.49447,41.93518],[-95.49448,41.93605],[-95.49668,41.936]]]}},{"type":"Feature","properties":{},"geometry":{"type":"Polygon","coordinates":[[[-95.61474,41.84417],[-95.61373,41.8477],[-95.61593,41.84461],[-95.61474,41.84417]]]}},{"type":"Feature","properties":{},"geometry":{"type":"Polygon","coordinates":[[[-95.71204,41.72282],[-95.70926,41.7252],[-95.71207,41.72517],[-95.71204,41.72282]]]}},{"type":"Feature","properties":{},"geometry":{"type":"Polygon","coordinates":[[[-95.68142,41.37681],[-95.68112,41.37979],[-95.68327,41.37716],[-95.68142,41.37681]]]}},{"type":"Feature","properties":{},"geometry":{"type":"Polygon","coordinates":[[[-94.9038,43.12172],[-94.90271,43.12287],[-94.9038,43.12287],[-94.9038,43.12172]]]}},{"type":"Feature","properties":{},"geometry":{"type":"Polygon","coordinates":[[[-94.90221,43.12133],[-94.90115,43.12278],[-94.90205,43.12277],[-94.90221,43.12133]]]}},{"type":"Feature","properties":{},"geometry":{"type":"Polygon","coordinates":[[[-95.37328,42.00977],[-95.3697,42.01025],[-95.36979,42.01046],[-95.37328,42.00977]]]}},{"type":"Feature","properties":{},"geometry":{"type":"Polygon","coordinates":[[[-95.37479,42.00657],[-95.37196,42.00717],[-95.37267,42.00804],[-95.37479,42.00657]]]}},{"type":"Feature","properties":{},"geometry":{"type":"Polygon","coordinates":[[[-95.90908,43.06217],[-95.90771,43.06336],[-95.90918,43.0635],[-95.90908,43.06217]]]}},{"type":"Feature","properties":{},"geometry":{"type":"Polygon","coordinates":[[[-95.67428,42.97622],[-95.67253,42.97526],[-95.67263,42.976],[-95.67428,42.97622]]]}},{"type":"Feature","properties":{},"geometry":{"type":"Polygon","coordinates":[[[-95.48386,42.97047],[-95.4818,42.97001],[-95.48373,42.97095],[-95.48386,42.97047]]]}},{"type":"Feature","properties":{},"geometry":{"type":"Polygon","coordinates":[[[-95.48239,42.96933],[-95.48099,42.96892],[-95.48102,42.9691],[-95.48239,42.96933]]]}},{"type":"Feature","properties":{},"geometry":{"type":"Polygon","coordinates":[[[-95.32897,42.9189],[-95.32704,42.92032],[-95.32922,42.9194],[-95.32897,42.9189]]]}},{"type":"Feature","properties":{},"geometry":{"type":"Polygon","coordinates":[[[-95.2509,42.89703],[-95.24883,42.89661],[-95.24905,42.89732],[-95.2509,42.89703]]]}},{"type":"Feature","properties":{},"geometry":{"type":"Polygon","coordinates":[[[-95.63199,42.80341],[-95.6314,42.80145],[-95.63147,42.80348],[-95.63199,42.80341]]]}},{"type":"Feature","properties":{},"geometry":{"type":"Polygon","coordinates":[[[-95.57377,42.72741],[-95.57132,42.7248],[-95.5712,42.72752],[-95.57377,42.72741]]]}},{"type":"Feature","properties":{},"geometry":{"type":"Polygon","coordinates":[[[-95.39163,42.70028],[-95.3885,42.70108],[-95.39169,42.70211],[-95.39163,42.70028]]]}},{"type":"Feature","properties":{},"geometry":{"type":"Polygon","coordinates":[[[-95.71463,42.58355],[-95.7133,42.5825],[-95.71311,42.58333],[-95.71463,42.58355]]]}},{"type":"Feature","properties":{},"geometry":{"type":"Polygon","coordinates":[[[-95.71701,42.58223],[-95.7163,42.58054],[-95.71596,42.58232],[-95.71701,42.58223]]]}},{"type":"Feature","properties":{},"geometry":{"type":"Polygon","coordinates":[[[-95.30408,42.50429],[-95.30213,42.50482],[-95.30414,42.50443],[-95.30408,42.50429]]]}},{"type":"Feature","properties":{},"geometry":{"type":"Polygon","coordinates":[[[-95.30155,42.50363],[-95.29994,42.50424],[-95.30164,42.50477],[-95.30155,42.50363]]]}},{"type":"Feature","properties":{},"geometry":{"type":"Polygon","coordinates":[[[-95.53346,42.47122],[-95.53247,42.47236],[-95.5334,42.47291],[-95.53346,42.47122]]]}},{"type":"Feature","properties":{},"geometry":{"type":"Polygon","coordinates":[[[-95.15613,42.45353],[-95.15431,42.45369],[-95.15613,42.45374],[-95.15613,42.45353]]]}},{"type":"Feature","properties":{},"geometry":{"type":"Polygon","coordinates":[[[-95.15749,42.45317],[-95.1561,42.4525],[-95.1569,42.45337],[-95.15749,42.45317]]]}},{"type":"Feature","properties":{},"geometry":{"type":"Polygon","coordinates":[[[-96.38673,42.39053],[-96.38463,42.38941],[-96.38451,42.39059],[-96.38673,42.39053]]]}},{"type":"Feature","properties":{},"geometry":{"type":"Polygon","coordinates":[[[-95.66554,42.98875],[-95.6671,42.98903],[-95.66626,42.98816],[-95.66554,42.98875]]]}},{"type":"Feature","properties":{},"geometry":{"type":"Polygon","coordinates":[[[-95.66759,42.98802],[-95.66999,42.98418],[-95.66563,42.98677],[-95.66759,42.98802]]]}},{"type":"Feature","properties":{},"geometry":{"type":"Polygon","coordinates":[[[-95.07171,42.99707],[-95.06741,42.9984],[-95.07171,42.99746],[-95.07171,42.99707]]]}},{"type":"Feature","properties":{},"geometry":{"type":"Polygon","coordinates":[[[-95.38941,42.72856],[-95.38863,42.72927],[-95.38959,42.72916],[-95.38941,42.72856]]]}},{"type":"Feature","properties":{},"geometry":{"type":"Polygon","coordinates":[[[-95.38535,42.72559],[-95.3837,42.72589],[-95.38547,42.72646],[-95.38535,42.72559]]]}},{"type":"Feature","properties":{},"geometry":{"type":"Polygon","coordinates":[[[-95.36733,42.72555],[-95.36553,42.72484],[-95.3655,42.72571],[-95.36733,42.72555]]]}},{"type":"Feature","properties":{},"geometry":{"type":"Polygon","coordinates":[[[-95.6301,42.98634],[-95.62867,42.98652],[-95.62914,42.98694],[-95.6301,42.98634]]]}},{"type":"Feature","properties":{},"geometry":{"type":"Polygon","coordinates":[[[-95.20515,42.97311],[-95.20469,42.97501],[-95.20612,42.97503],[-95.20515,42.97311]]]}},{"type":"Feature","properties":{},"geometry":{"type":"Polygon","coordinates":[[[-95.6784,42.9578],[-95.6761,42.95846],[-95.6788,42.95814],[-95.6784,42.9578]]]}},{"type":"Feature","properties":{},"geometry":{"type":"Polygon","coordinates":[[[-95.47026,42.93969],[-95.47561,42.9366],[-95.47097,42.93779],[-95.46733,42.93551],[-95.47026,42.93969]]]}},{"type":"Feature","properties":{},"geometry":{"type":"Polygon","coordinates":[[[-95.07974,42.91597],[-95.07818,42.91563],[-95.07855,42.9168],[-95.07974,42.91597]]]}},{"type":"Feature","properties":{},"geometry":{"type":"Polygon","coordinates":[[[-95.31079,42.90158],[-95.31032,42.90414],[-95.31129,42.90136],[-95.31079,42.90158]]]}},{"type":"Feature","properties":{},"geometry":{"type":"Polygon","coordinates":[[[-96.0003,42.06809],[-95.99856,42.06798],[-95.99822,42.06837],[-96.0003,42.06809]]]}},{"type":"Feature","properties":{},"geometry":{"type":"Polygon","coordinates":[[[-96.0003,42.06654],[-95.9977,42.06672],[-95.99764,42.06688],[-96.0003,42.06654]]]}},{"type":"Feature","properties":{},"geometry":{"type":"Polygon","coordinates":[[[-95.84522,42.06155],[-95.84031,42.05902],[-95.83878,42.06219],[-95.84522,42.06155]]]}},{"type":"Feature","properties":{},"geometry":{"type":"Polygon","coordinates":[[[-95.84489,42.05385],[-95.84471,42.05012],[-95.84105,42.05159],[-95.84489,42.05385]]]}},{"type":"Feature","properties":{},"geometry":{"type":"Polygon","coordinates":[[[-95.8417,42.04233],[-95.84557,42.03881],[-95.84489,42.0381],[-95.8417,42.04233]]]}},{"type":"Feature","properties":{},"geometry":{"type":"Polygon","coordinates":[[[-95.854,42.03277],[-95.85287,42.03339],[-95.85311,42.03435],[-95.854,42.03277]]]}},{"type":"Feature","properties":{},"geometry":{"type":"Polygon","coordinates":[[[-95.88102,42.02585],[-95.88197,42.02804],[-95.88203,42.02619],[-95.88102,42.02585]]]}},{"type":"Feature","properties":{},"geometry":{"type":"Polygon","coordinates":[[[-95.88372,42.02009],[-95.88617,42.01924],[-95.88601,42.01812],[-95.88372,42.02009]]]}},{"type":"Feature","properties":{},"geometry":{"type":"Polygon","coordinates":[[[-95.85732,42.01846],[-95.85382,42.01949],[-95.85744,42.01915],[-95.85732,42.01846]]]}},{"type":"Feature","properties":{},"geometry":{"type":"Polygon","coordinates":[[[-95.96648,42.01251],[-95.96602,42.01561],[-95.96642,42.01566],[-95.96648,42.01251]]]}},{"type":"Feature","properties":{},"geometry":{"type":"Polygon","coordinates":[[[-95.87746,42.01462],[-95.87657,42.01316],[-95.87706,42.01485],[-95.87746,42.01462]]]}},{"type":"Feature","properties":{},"geometry":{"type":"Polygon","coordinates":[[[-95.85892,42.013],[-95.85778,42.01192],[-95.8557,42.01222],[-95.85892,42.013]]]}},{"type":"Feature","properties":{},"geometry":{"type":"Polygon","coordinates":[[[-94.86966,43.27052],[-94.86807,43.26956],[-94.86798,43.27057],[-94.86966,43.27052]]]}},{"type":"Feature","properties":{},"geometry":{"type":"Polygon","coordinates":[[[-94.96383,43.20425],[-94.95425,43.19576],[-94.95632,43.18112],[-94.94045,43.178],[-94.94288,43.20029],[-94.95545,43.20236],[-94.9502,43.20715],[-94.95665,43.21032],[-94.96383,43.20425]]]}},{"type":"Feature","properties":{},"geometry":{"type":"Polygon","coordinates":[[[-94.89984,43.1954],[-94.91628,43.19345],[-94.92458,43.18187],[-94.9193,43.18181],[-94.89984,43.1954]]]}},{"type":"Feature","properties":{},"geometry":{"type":"Polygon","coordinates":[[[-94.96015,43.17238],[-94.95641,43.17227],[-94.95962,43.17325],[-94.96015,43.17238]]]}},{"type":"Feature","properties":{},"geometry":{"type":"Polygon","coordinates":[[[-94.96877,43.17062],[-94.96584,43.17259],[-94.96918,43.17174],[-94.96877,43.17062]]]}},{"type":"Feature","properties":{},"geometry":{"type":"Polygon","coordinates":[[[-94.96146,43.16744],[-94.95968,43.16868],[-94.9599,43.17138],[-94.96343,43.17181],[-94.96146,43.16744]]]}},{"type":"Feature","properties":{},"geometry":{"type":"Polygon","coordinates":[[[-94.95656,43.17008],[-94.9569,43.16788],[-94.95406,43.16898],[-94.95656,43.17008]]]}},{"type":"Feature","properties":{},"geometry":{"type":"Polygon","coordinates":[[[-94.88227,43.16044],[-94.87124,43.16332],[-94.8714,43.16773],[-94.87487,43.16865],[-94.88227,43.16044]]]}},{"type":"Feature","properties":{},"geometry":{"type":"Polygon","coordinates":[[[-94.92069,43.16557],[-94.92462,43.15969],[-94.91697,43.16134],[-94.92069,43.16557]]]}},{"type":"Feature","properties":{},"geometry":{"type":"Polygon","coordinates":[[[-94.92696,43.15464],[-94.93118,43.15544],[-94.93074,43.15425],[-94.92696,43.15464]]]}},{"type":"Feature","properties":{},"geometry":{"type":"Polygon","coordinates":[[[-94.94019,43.14658],[-94.94603,43.14539],[-94.94803,43.14388],[-94.94079,43.14514],[-94.94121,43.13865],[-94.93803,43.13684],[-94.94019,43.14658]]]}},{"type":"Feature","properties":{},"geometry":{"type":"Polygon","coordinates":[[[-94.88968,43.10042],[-94.89886,43.10764],[-94.90747,43.0995],[-94.89967,43.10318],[-94.88968,43.10042]]]}},{"type":"Feature","properties":{},"geometry":{"type":"Polygon","coordinates":[[[-94.91667,43.08644],[-94.9332,43.08321],[-94.92542,43.07752],[-94.91585,43.08033],[-94.91667,43.08644]]]}},{"type":"Feature","properties":{},"geometry":{"type":"Polygon","coordinates":[[[-95.53972,43.49361],[-95.54107,43.49576],[-95.54151,43.49395],[-95.53972,43.49361]]]}},{"type":"Feature","properties":{},"geometry":{"type":"Polygon","coordinates":[[[-95.40428,43.49458],[-95.40278,43.49416],[-95.40325,43.49526],[-95.40428,43.49458]]]}},{"type":"Feature","properties":{},"geometry":{"type":"Polygon","coordinates":[[[-95.40098,43.49044],[-95.3997,43.48959],[-95.39935,43.49087],[-95.40098,43.49044]]]}},{"type":"Feature","properties":{},"geometry":{"type":"Polygon","coordinates":[[[-95.14263,43.49555],[-95.14096,43.49605],[-95.14288,43.49591],[-95.14263,43.49555]]]}},{"type":"Feature","properties":{},"geometry":{"type":"Polygon","coordinates":[[[-95.15327,43.49442],[-95.15086,43.49395],[-95.15349,43.49534],[-95.15327,43.49442]]]}},{"type":"Feature","properties":{},"geometry":{"type":"Polygon","coordinates":[[[-95.16034,43.49067],[-95.15927,43.49042],[-95.15949,43.49131],[-95.16034,43.49067]]]}},{"type":"Feature","properties":{},"geometry":{"type":"Polygon","coordinates":[[[-95.13726,43.48979],[-95.13327,43.4907],[-95.13729,43.4907],[-95.13726,43.48979]]]}},{"type":"Feature","properties":{},"geometry":{"type":"Polygon","coordinates":[[[-95.13255,43.48595],[-95.12922,43.4867],[-95.13229,43.48823],[-95.13255,43.48595]]]}},{"type":"Feature","properties":{},"geometry":{"type":"Polygon","coordinates":[[[-95.12975,43.47975],[-95.12752,43.48099],[-95.12969,43.48117],[-95.12975,43.47975]]]}},{"type":"Feature","properties":{},"geometry":{"type":"MultiPolygon","coordinates":[[[[-95.13822,43.46949],[-95.12931,43.47273],[-95.12771,43.47671],[-95.13942,43.47746],[-95.13822,43.46949]]],[[[-95.13452,43.47356],[-95.1337,43.47374],[-95.13377,43.47415],[-95.13452,43.47356]]]]}},{"type":"Feature","properties":{},"geometry":{"type":"Polygon","coordinates":[[[-95.2058,43.4644],[-95.20697,43.47082],[-95.20655,43.46374],[-95.2058,43.4644]]]}},{"type":"Feature","properties":{},"geometry":{"type":"Polygon","coordinates":[[[-95.14795,43.4693],[-95.14544,43.46846],[-95.14582,43.47008],[-95.14795,43.4693]]]}},{"type":"Feature","properties":{},"geometry":{"type":"Polygon","coordinates":[[[-95.17557,43.46099],[-95.17004,43.46054],[-95.17199,43.46417],[-95.17557,43.46099]]]}},{"type":"Feature","properties":{},"geometry":{"type":"Polygon","coordinates":[[[-95.12745,43.46288],[-95.12557,43.46313],[-95.12755,43.46363],[-95.12745,43.46288]]]}},{"type":"Feature","properties":{},"geometry":{"type":"Polygon","coordinates":[[[-95.33042,43.45622],[-95.3281,43.45686],[-95.33042,43.45658],[-95.33042,43.45622]]]}},{"type":"Feature","properties":{},"geometry":{"type":"Polygon","coordinates":[[[-95.32976,43.45498],[-95.3372,43.45473],[-95.32873,43.45404],[-95.32976,43.45498]]]}},{"type":"Feature","properties":{},"geometry":{"type":"Polygon","coordinates":[[[-95.18448,43.45751],[-95.18228,43.45813],[-95.18451,43.45795],[-95.18448,43.45751]]]}},{"type":"Feature","properties":{},"geometry":{"type":"Polygon","coordinates":[[[-95.32684,43.45386],[-95.32502,43.45253],[-95.32418,43.45306],[-95.32684,43.45386]]]}},{"type":"Feature","properties":{},"geometry":{"type":"Polygon","coordinates":[[[-95.3276,43.44876],[-95.33889,43.45293],[-95.36779,43.43873],[-95.34461,43.44113],[-95.33846,43.43199],[-95.32723,43.43832],[-95.3276,43.44876]]]}},{"type":"Feature","properties":{},"geometry":{"type":"Polygon","coordinates":[[[-95.50238,43.44642],[-95.50275,43.44841],[-95.50328,43.44832],[-95.50238,43.44642]]]}},{"type":"Feature","properties":{},"geometry":{"type":"Polygon","coordinates":[[[-95.38239,43.44774],[-95.38173,43.44699],[-95.38069,43.4479],[-95.38239,43.44774]]]}},{"type":"Feature","properties":{},"geometry":{"type":"Polygon","coordinates":[[[-95.51666,43.44346],[-95.51647,43.44271],[-95.51518,43.44319],[-95.51666,43.44346]]]}},{"type":"Feature","properties":{},"geometry":{"type":"Polygon","coordinates":[[[-95.50113,43.44267],[-95.51233,43.44211],[-95.52128,43.43494],[-95.50525,43.43506],[-95.50113,43.44267]]]}},{"type":"Feature","properties":{},"geometry":{"type":"Polygon","coordinates":[[[-95.15842,43.44294],[-95.15629,43.44216],[-95.15613,43.44262],[-95.15842,43.44294]]]}},{"type":"Feature","properties":{},"geometry":{"type":"Polygon","coordinates":[[[-95.6184,43.43215],[-95.61508,43.43201],[-95.61853,43.43228],[-95.6184,43.43215]]]}},{"type":"Feature","properties":{},"geometry":{"type":"Polygon","coordinates":[[[-95.15556,43.43672],[-95.15355,43.4369],[-95.1555,43.43704],[-95.15556,43.43672]]]}},{"type":"Feature","properties":{},"geometry":{"type":"Polygon","coordinates":[[[-95.14577,43.43382],[-95.14442,43.43444],[-95.14477,43.43553],[-95.14577,43.43382]]]}},{"type":"Feature","properties":{},"geometry":{"type":"Polygon","coordinates":[[[-95.25213,43.43209],[-95.25082,43.43175],[-95.25085,43.43268],[-95.25213,43.43209]]]}},{"type":"Feature","properties":{},"geometry":{"type":"Polygon","coordinates":[[[-95.13934,43.43245],[-95.13209,43.43085],[-95.13121,43.43373],[-95.13934,43.43245]]]}},{"type":"Feature","properties":{},"geometry":{"type":"Polygon","coordinates":[[[-95.17335,43.432],[-95.17266,43.43301],[-95.17385,43.43303],[-95.17335,43.432]]]}},{"type":"Feature","properties":{},"geometry":{"type":"Polygon","coordinates":[[[-95.14022,43.42616],[-95.13946,43.42774],[-95.14725,43.43345],[-95.14778,43.42892],[-95.14022,43.42616]]]}},{"type":"Feature","properties":{},"geometry":{"type":"Polygon","coordinates":[[[-95.16654,43.4313],[-95.16566,43.43242],[-95.16666,43.43185],[-95.16654,43.4313]]]}},{"type":"Feature","properties":{},"geometry":{"type":"Polygon","coordinates":[[[-95.13093,43.43051],[-95.1303,43.42728],[-95.12993,43.4303],[-95.13093,43.43051]]]}},{"type":"Feature","properties":{},"geometry":{"type":"Polygon","coordinates":[[[-95.23589,43.42683],[-95.23416,43.42558],[-95.23332,43.42791],[-95.23589,43.42683]]]}},{"type":"Feature","properties":{},"geometry":{"type":"Polygon","coordinates":[[[-95.15932,43.426],[-95.15574,43.42533],[-95.15684,43.42732],[-95.15932,43.426]]]}},{"type":"Feature","properties":{},"geometry":{"type":"Polygon","coordinates":[[[-95.14185,43.42454],[-95.13686,43.42401],[-95.13667,43.42445],[-95.14185,43.42454]]]}},{"type":"Feature","properties":{},"geometry":{"type":"Polygon","coordinates":[[[-95.14395,43.42127],[-95.14188,43.42049],[-95.1415,43.42118],[-95.14395,43.42127]]]}},{"type":"Feature","properties":{},"geometry":{"type":"Polygon","coordinates":[[[-95.51321,43.40282],[-95.514,43.40437],[-95.51372,43.40254],[-95.51321,43.40282]]]}},{"type":"Feature","properties":{},"geometry":{"type":"Polygon","coordinates":[[[-95.54971,43.39768],[-95.54824,43.398],[-95.55006,43.39811],[-95.54971,43.39768]]]}},{"type":"Feature","properties":{},"geometry":{"type":"Polygon","coordinates":[[[-95.14306,43.40439],[-95.14134,43.40158],[-95.14043,43.40627],[-95.14306,43.40439]]]}},{"type":"Feature","properties":{},"geometry":{"type":"Polygon","coordinates":[[[-95.55047,43.39665],[-95.54881,43.39665],[-95.55047,43.39681],[-95.55047,43.39665]]]}},{"type":"Feature","properties":{},"geometry":{"type":"Polygon","coordinates":[[[-95.28747,43.39703],[-95.28098,43.39826],[-95.28753,43.3984],[-95.28747,43.39703]]]}},{"type":"Feature","properties":{},"geometry":{"type":"Polygon","coordinates":[[[-95.02237,43.3996],[-95.02758,43.39533],[-95.02216,43.39182],[-95.01859,43.39358],[-95.02237,43.3996]]]}},{"type":"Feature","properties":{},"geometry":{"type":"Polygon","coordinates":[[[-95.14472,43.39447],[-95.14299,43.39438],[-95.14472,43.39481],[-95.14472,43.39447]]]}},{"type":"Feature","properties":{},"geometry":{"type":"Polygon","coordinates":[[[-95.29181,43.39166],[-95.29635,43.39036],[-95.28996,43.38905],[-95.29181,43.39166]]]}},{"type":"Feature","properties":{},"geometry":{"type":"Polygon","coordinates":[[[-95.53584,43.38624],[-95.53418,43.38519],[-95.53418,43.38624],[-95.53584,43.38624]]]}},{"type":"Feature","properties":{},"geometry":{"type":"Polygon","coordinates":[[[-95.13434,43.39308],[-95.13277,43.39267],[-95.13296,43.3934],[-95.13434,43.39308]]]}},{"type":"Feature","properties":{},"geometry":{"type":"Polygon","coordinates":[[[-95.35585,43.38663],[-95.35394,43.38704],[-95.35592,43.38707],[-95.35585,43.38663]]]}},{"type":"Feature","properties":{},"geometry":{"type":"Polygon","coordinates":[[[-95.2128,43.3873],[-95.21202,43.38856],[-95.21343,43.38842],[-95.2128,43.3873]]]}},{"type":"Feature","properties":{},"geometry":{"type":"Polygon","coordinates":[[[-95.04365,43.3845],[-95.04399,43.38537],[-95.04562,43.38514],[-95.04365,43.3845]]]}},{"type":"Feature","properties":{},"geometry":{"type":"Polygon","coordinates":[[[-95.03431,43.38401],[-95.03493,43.38546],[-95.03569,43.38415],[-95.03431,43.38401]]]}},{"type":"Feature","properties":{},"geometry":{"type":"Polygon","coordinates":[[[-95.05745,43.38165],[-95.0655,43.38417],[-95.06877,43.3772],[-95.05745,43.38165]]]}},{"type":"Feature","properties":{},"geometry":{"type":"Polygon","coordinates":[[[-95.09371,43.37892],[-95.09252,43.37904],[-95.09274,43.37977],[-95.09371,43.37892]]]}},{"type":"Feature","properties":{},"geometry":{"type":"Polygon","coordinates":[[[-95.0535,43.37614],[-95.0541,43.37509],[-95.05291,43.37536],[-95.0535,43.37614]]]}},{"type":"Feature","properties":{},"geometry":{"type":"Polygon","coordinates":[[[-95.36006,43.36302],[-95.35332,43.36775],[-95.3625,43.3635],[-95.36006,43.36302]]]}},{"type":"Feature","properties":{},"geometry":{"type":"Polygon","coordinates":[[[-95.17436,43.37062],[-95.17314,43.3713],[-95.17473,43.37128],[-95.17436,43.37062]]]}},{"type":"Feature","properties":{},"geometry":{"type":"Polygon","coordinates":[[[-95.16784,43.3676],[-95.1679,43.36664],[-95.16548,43.36696],[-95.16784,43.3676]]]}},{"type":"Feature","properties":{},"geometry":{"type":"Polygon","coordinates":[[[-95.05956,43.3678],[-95.05796,43.36846],[-95.0594,43.36874],[-95.05956,43.3678]]]}},{"type":"Feature","properties":{},"geometry":{"type":"Polygon","coordinates":[[[-95.0704,43.36773],[-95.06915,43.36634],[-95.06771,43.36753],[-95.0704,43.36773]]]}},{"type":"Feature","properties":{},"geometry":{"type":"Polygon","coordinates":[[[-95.11961,43.36443],[-95.11964,43.36557],[-95.12089,43.36429],[-95.11961,43.36443]]]}},{"type":"Feature","properties":{},"geometry":{"type":"Polygon","coordinates":[[[-95.09109,43.36011],[-95.08993,43.36072],[-95.09118,43.36104],[-95.09109,43.36011]]]}},{"type":"Feature","properties":{},"geometry":{"type":"Polygon","coordinates":[[[-95.16685,43.34936],[-95.16428,43.34865],[-95.16519,43.35077],[-95.16685,43.34936]]]}},{"type":"Feature","properties":{},"geometry":{"type":"Polygon","coordinates":[[[-95.13903,43.34783],[-95.13765,43.34726],[-95.13706,43.34799],[-95.13903,43.34783]]]}},{"type":"Feature","properties":{},"geometry":{"type":"Polygon","coordinates":[[[-95.13314,43.34799],[-95.13242,43.34712],[-95.13195,43.34772],[-95.13314,43.34799]]]}},{"type":"Feature","properties":{},"geometry":{"type":"Polygon","coordinates":[[[-95.17734,43.33872],[-95.17521,43.33966],[-95.17593,43.34229],[-95.17734,43.33872]]]}},{"type":"Feature","properties":{},"geometry":{"type":"Polygon","coordinates":[[[-95.12311,43.33178],[-95.12005,43.32952],[-95.12286,43.33263],[-95.12311,43.33178]]]}},{"type":"Feature","properties":{},"geometry":{"type":"Polygon","coordinates":[[[-95.47412,43.31392],[-95.47271,43.31451],[-95.47422,43.31451],[-95.47412,43.31392]]]}},{"type":"Feature","properties":{},"geometry":{"type":"Polygon","coordinates":[[[-95.17024,43.31559],[-95.1698,43.31648],[-95.17061,43.31598],[-95.17024,43.31559]]]}},{"type":"Feature","properties":{},"geometry":{"type":"Polygon","coordinates":[[[-95.01904,43.20857],[-95.02257,43.20848],[-95.02342,43.20713],[-95.01904,43.20857]]]}},{"type":"Feature","properties":{},"geometry":{"type":"Polygon","coordinates":[[[-95.03733,43.20344],[-95.03255,43.20165],[-95.0323,43.20305],[-95.03733,43.20344]]]}},{"type":"Feature","properties":{},"geometry":{"type":"Polygon","coordinates":[[[-95.38729,43.19094],[-95.38567,43.18931],[-95.38657,43.19121],[-95.38729,43.19094]]]}},{"type":"Feature","properties":{},"geometry":{"type":"Polygon","coordinates":[[[-95.25071,43.16342],[-95.24915,43.1629],[-95.25049,43.16385],[-95.25071,43.16342]]]}},{"type":"Feature","properties":{},"geometry":{"type":"Polygon","coordinates":[[[-95.17444,43.16452],[-95.17288,43.16404],[-95.17254,43.16523],[-95.17444,43.16452]]]}},{"type":"Feature","properties":{},"geometry":{"type":"Polygon","coordinates":[[[-95.25275,43.15754],[-95.25231,43.16001],[-95.25334,43.1599],[-95.25275,43.15754]]]}},{"type":"Feature","properties":{},"geometry":{"type":"Polygon","coordinates":[[[-95.13374,43.13698],[-95.13177,43.13771],[-95.13393,43.13746],[-95.13374,43.13698]]]}},{"type":"Feature","properties":{},"geometry":{"type":"Polygon","coordinates":[[[-95.08379,43.1314],[-95.07702,43.13046],[-95.08398,43.13263],[-95.08379,43.1314]]]}},{"type":"Feature","properties":{},"geometry":{"type":"Polygon","coordinates":[[[-95.0758,43.12872],[-95.07539,43.12968],[-95.07689,43.12966],[-95.0758,43.12872]]]}},{"type":"Feature","properties":{},"geometry":{"type":"Polygon","coordinates":[[[-95.11498,43.11382],[-95.11348,43.1151],[-95.11501,43.1151],[-95.11498,43.11382]]]}},{"type":"Feature","properties":{},"geometry":{"type":"Polygon","coordinates":[[[-95.46985,43.00307],[-95.47091,43.00233],[-95.46969,43.0024],[-95.46985,43.00307]]]}},{"type":"Feature","properties":{},"geometry":{"type":"Polygon","coordinates":[[[-95.14429,43.41692],[-95.14579,43.41717],[-95.14482,43.41578],[-95.14429,43.41692]]]}},{"type":"Feature","properties":{},"geometry":{"type":"Polygon","coordinates":[[[-95.76609,43.23784],[-95.76474,43.23889],[-95.76643,43.2382],[-95.76609,43.23784]]]}},{"type":"Feature","properties":{},"geometry":{"type":"Polygon","coordinates":[[[-95.85678,43.20094],[-95.8545,43.20224],[-95.85719,43.2011],[-95.85678,43.20094]]]}},{"type":"Feature","properties":{},"geometry":{"type":"Polygon","coordinates":[[[-95.89115,43.13283],[-95.88984,43.13114],[-95.89097,43.13392],[-95.89115,43.13283]]]}},{"type":"Feature","properties":{},"geometry":{"type":"Polygon","coordinates":[[[-95.91074,43.07227],[-95.90956,43.0728],[-95.91015,43.07308],[-95.91074,43.07227]]]}},{"type":"Feature","properties":{},"geometry":{"type":"Polygon","coordinates":[[[-95.23195,42.89693],[-95.2317,42.89734],[-95.23484,42.89697],[-95.23195,42.89693]]]}},{"type":"Feature","properties":{},"geometry":{"type":"Polygon","coordinates":[[[-95.23984,42.89328],[-95.23844,42.89614],[-95.24139,42.89406],[-95.23984,42.89328]]]}},{"type":"Feature","properties":{},"geometry":{"type":"Polygon","coordinates":[[[-95.06118,42.89712],[-95.05991,42.89742],[-95.06084,42.89811],[-95.06118,42.89712]]]}},{"type":"Feature","properties":{},"geometry":{"type":"Polygon","coordinates":[[[-95.29589,42.87668],[-95.29489,42.87693],[-95.29589,42.87688],[-95.29589,42.87668]]]}},{"type":"Feature","properties":{},"geometry":{"type":"Polygon","coordinates":[[[-95.36764,42.8617],[-95.36565,42.86166],[-95.36568,42.86244],[-95.36764,42.8617]]]}},{"type":"Feature","properties":{},"geometry":{"type":"Polygon","coordinates":[[[-95.35931,42.84883],[-95.35863,42.84959],[-95.36077,42.84888],[-95.35931,42.84883]]]}},{"type":"Feature","properties":{},"geometry":{"type":"Polygon","coordinates":[[[-95.34356,42.84894],[-95.34272,42.8499],[-95.34356,42.8491],[-95.34356,42.84894]]]}},{"type":"Feature","properties":{},"geometry":{"type":"Polygon","coordinates":[[[-95.28076,42.84658],[-95.27737,42.8474],[-95.28104,42.84726],[-95.28076,42.84658]]]}},{"type":"Feature","properties":{},"geometry":{"type":"Polygon","coordinates":[[[-95.3642,42.72534],[-95.36314,42.72422],[-95.36333,42.7258],[-95.3642,42.72534]]]}},{"type":"Feature","properties":{},"geometry":{"type":"Polygon","coordinates":[[[-95.26591,42.80886],[-95.26483,42.80902],[-95.26613,42.80937],[-95.26591,42.80886]]]}},{"type":"Feature","properties":{},"geometry":{"type":"Polygon","coordinates":[[[-95.51895,42.7862],[-95.51948,42.78549],[-95.51693,42.78567],[-95.51895,42.7862]]]}},{"type":"Feature","properties":{},"geometry":{"type":"Polygon","coordinates":[[[-95.59014,42.75554],[-95.58911,42.7541],[-95.58921,42.75551],[-95.59014,42.75554]]]}},{"type":"Feature","properties":{},"geometry":{"type":"Polygon","coordinates":[[[-95.55928,42.73757],[-95.55816,42.73718],[-95.55596,42.74054],[-95.55928,42.73757]]]}},{"type":"Feature","properties":{},"geometry":{"type":"Polygon","coordinates":[[[-95.53354,42.68806],[-95.535,42.68884],[-95.53497,42.68806],[-95.53354,42.68806]]]}},{"type":"Feature","properties":{},"geometry":{"type":"Polygon","coordinates":[[[-95.53956,42.67917],[-95.53898,42.67785],[-95.5374,42.67784],[-95.53956,42.67917]]]}},{"type":"Feature","properties":{},"geometry":{"type":"Polygon","coordinates":[[[-95.72898,42.6714],[-95.72796,42.67185],[-95.72979,42.67201],[-95.72898,42.6714]]]}},{"type":"Feature","properties":{},"geometry":{"type":"Polygon","coordinates":[[[-95.54924,42.67108],[-95.54815,42.67188],[-95.54946,42.67184],[-95.54924,42.67108]]]}},{"type":"Feature","properties":{},"geometry":{"type":"Polygon","coordinates":[[[-95.70315,42.65171],[-95.70312,42.65055],[-95.70182,42.65032],[-95.70315,42.65171]]]}},{"type":"Feature","properties":{},"geometry":{"type":"Polygon","coordinates":[[[-95.61148,42.64219],[-95.61247,42.64184],[-95.60962,42.64132],[-95.61148,42.64219]]]}},{"type":"Feature","properties":{},"geometry":{"type":"Polygon","coordinates":[[[-95.67301,42.64057],[-95.67449,42.64066],[-95.67397,42.6397],[-95.67301,42.64057]]]}},{"type":"Feature","properties":{},"geometry":{"type":"Polygon","coordinates":[[[-95.65009,42.63425],[-95.64867,42.63386],[-95.64901,42.63457],[-95.65009,42.63425]]]}},{"type":"Feature","properties":{},"geometry":{"type":"Polygon","coordinates":[[[-95.67654,42.60918],[-95.67434,42.60875],[-95.67419,42.60932],[-95.67654,42.60918]]]}},{"type":"Feature","properties":{},"geometry":{"type":"Polygon","coordinates":[[[-95.75078,42.60239],[-95.75155,42.60157],[-95.75053,42.60146],[-95.75078,42.60239]]]}},{"type":"Feature","properties":{},"geometry":{"type":"Polygon","coordinates":[[[-95.66555,42.60075],[-95.66533,42.59975],[-95.6636,42.59918],[-95.66555,42.60075]]]}},{"type":"Feature","properties":{},"geometry":{"type":"Polygon","coordinates":[[[-95.75703,42.58443],[-95.75641,42.58532],[-95.75697,42.58539],[-95.75703,42.58443]]]}},{"type":"Feature","properties":{},"geometry":{"type":"Polygon","coordinates":[[[-95.62779,42.58565],[-95.62529,42.58521],[-95.62482,42.58528],[-95.62779,42.58565]]]}},{"type":"Feature","properties":{},"geometry":{"type":"Polygon","coordinates":[[[-95.61461,42.56514],[-95.61397,42.56356],[-95.61363,42.56446],[-95.61461,42.56514]]]}},{"type":"Feature","properties":{},"geometry":{"type":"Polygon","coordinates":[[[-95.75213,42.55677],[-95.75192,42.55581],[-95.75164,42.55647],[-95.75213,42.55677]]]}},{"type":"Feature","properties":{},"geometry":{"type":"Polygon","coordinates":[[[-95.75473,42.52666],[-95.7516,42.5278],[-95.75141,42.52858],[-95.75473,42.52666]]]}},{"type":"Feature","properties":{},"geometry":{"type":"Polygon","coordinates":[[[-95.1944,42.50275],[-95.19261,42.50314],[-95.19455,42.50318],[-95.1944,42.50275]]]}},{"type":"Feature","properties":{},"geometry":{"type":"Polygon","coordinates":[[[-95.1914,42.50199],[-95.19023,42.50099],[-95.19023,42.50209],[-95.1914,42.50199]]]}},{"type":"Feature","properties":{},"geometry":{"type":"Polygon","coordinates":[[[-95.77227,42.49349],[-95.77165,42.49255],[-95.77005,42.49161],[-95.77227,42.49349]]]}},{"type":"Feature","properties":{},"geometry":{"type":"Polygon","coordinates":[[[-95.66886,42.49124],[-95.66994,42.49211],[-95.66985,42.49135],[-95.66886,42.49124]]]}},{"type":"Feature","properties":{},"geometry":{"type":"Polygon","coordinates":[[[-95.70744,42.49041],[-95.70874,42.4911],[-95.70877,42.49062],[-95.70744,42.49041]]]}},{"type":"Feature","properties":{},"geometry":{"type":"Polygon","coordinates":[[[-95.68485,42.48042],[-95.68609,42.48122],[-95.68615,42.48039],[-95.68485,42.48042]]]}},{"type":"Feature","properties":{},"geometry":{"type":"Polygon","coordinates":[[[-95.70125,42.48013],[-95.70011,42.47949],[-95.69896,42.48098],[-95.70125,42.48013]]]}},{"type":"Feature","properties":{},"geometry":{"type":"Polygon","coordinates":[[[-95.79692,42.46477],[-95.79438,42.4645],[-95.79497,42.46594],[-95.79692,42.46477]]]}},{"type":"Feature","properties":{},"geometry":{"type":"Polygon","coordinates":[[[-95.79834,42.45913],[-95.79689,42.45951],[-95.79717,42.46189],[-95.79834,42.45913]]]}},{"type":"Feature","properties":{},"geometry":{"type":"Polygon","coordinates":[[[-95.80434,42.44626],[-95.80175,42.44685],[-95.79919,42.4495],[-95.80434,42.44626]]]}},{"type":"Feature","properties":{},"geometry":{"type":"Polygon","coordinates":[[[-95.88515,42.44689],[-95.88657,42.44586],[-95.88497,42.44543],[-95.88515,42.44689]]]}},{"type":"Feature","properties":{},"geometry":{"type":"Polygon","coordinates":[[[-95.71195,42.44889],[-95.71396,42.44953],[-95.71371,42.44791],[-95.71195,42.44889]]]}},{"type":"Feature","properties":{},"geometry":{"type":"Polygon","coordinates":[[[-95.81472,42.44503],[-95.81215,42.44503],[-95.81212,42.44619],[-95.81472,42.44503]]]}},{"type":"Feature","properties":{},"geometry":{"type":"Polygon","coordinates":[[[-95.79561,42.44486],[-95.79391,42.44513],[-95.79518,42.44662],[-95.79561,42.44486]]]}},{"type":"Feature","properties":{},"geometry":{"type":"Polygon","coordinates":[[[-95.71711,42.43485],[-95.71486,42.43577],[-95.71773,42.4359],[-95.71711,42.43485]]]}},{"type":"Feature","properties":{},"geometry":{"type":"Polygon","coordinates":[[[-95.68509,42.42315],[-95.68469,42.42454],[-95.6858,42.42397],[-95.68509,42.42315]]]}},{"type":"Feature","properties":{},"geometry":{"type":"Polygon","coordinates":[[[-95.85401,42.40554],[-95.8525,42.40712],[-95.85401,42.40584],[-95.85401,42.40554]]]}},{"type":"Feature","properties":{},"geometry":{"type":"Polygon","coordinates":[[[-95.75748,42.39582],[-95.75551,42.39691],[-95.75695,42.39822],[-95.75748,42.39582]]]}},{"type":"Feature","properties":{},"geometry":{"type":"Polygon","coordinates":[[[-95.8711,42.33979],[-95.87073,42.34091],[-95.8711,42.34023],[-95.8711,42.33979]]]}},{"type":"Feature","properties":{},"geometry":{"type":"Polygon","coordinates":[[[-95.79411,42.45727],[-95.79612,42.45999],[-95.79501,42.45661],[-95.79411,42.45727]]]}},{"type":"Feature","properties":{},"geometry":{"type":"Polygon","coordinates":[[[-95.84889,42.40739],[-95.84781,42.41032],[-95.85065,42.4073],[-95.84889,42.40739]]]}},{"type":"Feature","properties":{},"geometry":{"type":"Polygon","coordinates":[[[-96.07021,41.82],[-96.06425,41.82011],[-96.06528,41.82212],[-96.07021,41.82]]]}},{"type":"Feature","properties":{},"geometry":{"type":"Polygon","coordinates":[[[-95.94027,41.58511],[-95.93765,41.58572],[-95.94188,41.58597],[-95.94027,41.58511]]]}},{"type":"Feature","properties":{},"geometry":{"type":"Polygon","coordinates":[[[-95.55479,41.57884],[-95.55275,41.57941],[-95.55503,41.58012],[-95.55479,41.57884]]]}},{"type":"Feature","properties":{},"geometry":{"type":"Polygon","coordinates":[[[-95.62142,41.54678],[-95.6213,41.54561],[-95.61959,41.54691],[-95.62142,41.54678]]]}},{"type":"Feature","properties":{},"geometry":{"type":"Polygon","coordinates":[[[-95.9844,41.50085],[-95.97857,41.50392],[-95.978,41.51153],[-95.9832,41.51162],[-95.9844,41.50085]]]}},{"type":"Feature","properties":{},"geometry":{"type":"Polygon","coordinates":[[[-95.8777,41.98498],[-95.8766,41.98681],[-95.87798,41.98731],[-95.8777,41.98498]]]}},{"type":"Feature","properties":{},"geometry":{"type":"Polygon","coordinates":[[[-95.96924,41.96152],[-95.96857,41.96363],[-95.96928,41.96367],[-95.96924,41.96152]]]}},{"type":"Feature","properties":{},"geometry":{"type":"Polygon","coordinates":[[[-95.97766,41.95797],[-95.9761,41.96127],[-95.97754,41.96131],[-95.97766,41.95797]]]}},{"type":"Feature","properties":{},"geometry":{"type":"Polygon","coordinates":[[[-95.97106,41.95055],[-95.96739,41.95119],[-95.97125,41.95124],[-95.97106,41.95055]]]}},{"type":"Feature","properties":{},"geometry":{"type":"Polygon","coordinates":[[[-95.97687,41.94316],[-95.97608,41.95039],[-95.97759,41.95052],[-95.97687,41.94316]]]}},{"type":"Feature","properties":{},"geometry":{"type":"MultiPolygon","coordinates":[[[[-96.21228,42.00865],[-96.18306,42.00096],[-96.18581,41.99503],[-96.1794,41.98536],[-96.17505,41.98201],[-96.18493,42.00585],[-96.20161,42.01069],[-96.20835,42.00986],[-96.21228,42.00865]]],[[[-96.18766,42.00409],[-96.18588,42.00562],[-96.18867,42.00601],[-96.18766,42.00409]]]]}},{"type":"Feature","properties":{},"geometry":{"type":"Polygon","coordinates":[[[-96.0003,41.62616],[-96.00165,41.62838],[-96.00157,41.62618],[-96.0003,41.62616]]]}},{"type":"Feature","properties":{},"geometry":{"type":"Polygon","coordinates":[[[-95.03888,42.11177],[-95.04026,42.11273],[-95.03937,42.11149],[-95.03888,42.11177]]]}},{"type":"Feature","properties":{},"geometry":{"type":"Polygon","coordinates":[[[-95.57151,42.00035],[-95.57241,42.00001],[-95.57145,42.00001],[-95.57151,42.00035]]]}},{"type":"Feature","properties":{},"geometry":{"type":"Polygon","coordinates":[[[-96.10878,42.55084],[-96.10813,42.55189],[-96.11082,42.55082],[-96.10878,42.55084]]]}},{"type":"Feature","properties":{},"geometry":{"type":"Polygon","coordinates":[[[-96.03351,42.54379],[-96.03187,42.54241],[-96.03174,42.54353],[-96.03351,42.54379]]]}},{"type":"Feature","properties":{},"geometry":{"type":"Polygon","coordinates":[[[-96.02832,42.54042],[-96.02677,42.54115],[-96.02708,42.54156],[-96.02832,42.54042]]]}},{"type":"Feature","properties":{},"geometry":{"type":"Polygon","coordinates":[[[-96.11821,42.54362],[-96.11654,42.5428],[-96.11787,42.54371],[-96.11821,42.54362]]]}},{"type":"Feature","properties":{},"geometry":{"type":"Polygon","coordinates":[[[-96.02829,42.53814],[-96.02674,42.53896],[-96.03005,42.53821],[-96.02829,42.53814]]]}},{"type":"Feature","properties":{},"geometry":{"type":"Polygon","coordinates":[[[-96.05305,42.53868],[-96.0515,42.53729],[-96.05246,42.53884],[-96.05305,42.53868]]]}},{"type":"Feature","properties":{},"geometry":{"type":"Polygon","coordinates":[[[-96.11929,42.53585],[-96.11694,42.53562],[-96.11913,42.53642],[-96.11929,42.53585]]]}},{"type":"Feature","properties":{},"geometry":{"type":"Polygon","coordinates":[[[-96.04316,42.53255],[-96.04196,42.53145],[-96.04109,42.53259],[-96.04316,42.53255]]]}},{"type":"Feature","properties":{},"geometry":{"type":"Polygon","coordinates":[[[-96.12393,42.51649],[-96.12328,42.51491],[-96.12244,42.51534],[-96.12393,42.51649]]]}},{"type":"Feature","properties":{},"geometry":{"type":"Polygon","coordinates":[[[-96.02527,42.1185],[-96.02835,42.11176],[-96.02407,42.11827],[-96.02527,42.1185]]]}},{"type":"Feature","properties":{},"geometry":{"type":"Polygon","coordinates":[[[-95.96697,43.02109],[-95.96498,43.02096],[-95.96476,43.02201],[-95.96697,43.02109]]]}},{"type":"Feature","properties":{},"geometry":{"type":"Polygon","coordinates":[[[-95.99557,43.00904],[-95.9938,43.00843],[-95.9947,43.00975],[-95.99557,43.00904]]]}},{"type":"Feature","properties":{},"geometry":{"type":"Polygon","coordinates":[[[-95.20065,42.4938],[-95.20198,42.49503],[-95.20223,42.49464],[-95.20065,42.4938]]]}},{"type":"Feature","properties":{},"geometry":{"type":"Polygon","coordinates":[[[-96.10268,41.92419],[-96.09949,41.9251],[-96.10209,41.92611],[-96.10268,41.92419]]]}},{"type":"Feature","properties":{},"geometry":{"type":"Polygon","coordinates":[[[-96.09857,41.87691],[-96.09554,41.87444],[-96.09575,41.87686],[-96.09857,41.87691]]]}},{"type":"Feature","properties":{},"geometry":{"type":"Polygon","coordinates":[[[-95.14912,42.37702],[-95.15057,42.37807],[-95.15081,42.377],[-95.14912,42.37702]]]}},{"type":"Feature","properties":{},"geometry":{"type":"Polygon","coordinates":[[[-95.08798,42.28587],[-95.08628,42.28484],[-95.08604,42.28585],[-95.08798,42.28587]]]}},{"type":"Feature","properties":{},"geometry":{"type":"Polygon","coordinates":[[[-95.07154,42.27256],[-95.06807,42.26993],[-95.0676,42.27278],[-95.07154,42.27256]]]}},{"type":"Feature","properties":{},"geometry":{"type":"Polygon","coordinates":[[[-95.08454,42.26618],[-95.08245,42.26707],[-95.08475,42.26666],[-95.08454,42.26618]]]}},{"type":"Feature","properties":{},"geometry":{"type":"Polygon","coordinates":[[[-95.08787,42.22883],[-95.08495,42.22867],[-95.08483,42.22885],[-95.08787,42.22883]]]}},{"type":"Feature","properties":{},"geometry":{"type":"Polygon","coordinates":[[[-95.35549,42.18447],[-95.35337,42.18429],[-95.3533,42.18495],[-95.35549,42.18447]]]}},{"type":"Feature","properties":{},"geometry":{"type":"Polygon","coordinates":[[[-95.07215,42.18634],[-95.07067,42.18519],[-95.07095,42.18693],[-95.07215,42.18634]]]}},{"type":"Feature","properties":{},"geometry":{"type":"Polygon","coordinates":[[[-95.3633,42.17903],[-95.3629,42.18017],[-95.36462,42.1799],[-95.3633,42.17903]]]}},{"type":"Feature","properties":{},"geometry":{"type":"Polygon","coordinates":[[[-95.32971,42.1498],[-95.32855,42.15156],[-95.331,42.15035],[-95.32971,42.1498]]]}},{"type":"Feature","properties":{},"geometry":{"type":"Polygon","coordinates":[[[-95.06087,42.14453],[-95.06035,42.14579],[-95.06204,42.1451],[-95.06087,42.14453]]]}},{"type":"Feature","properties":{},"geometry":{"type":"Polygon","coordinates":[[[-95.27006,42.13424],[-95.26666,42.13364],[-95.26653,42.13384],[-95.27006,42.13424]]]}},{"type":"Feature","properties":{},"geometry":{"type":"Polygon","coordinates":[[[-95.31965,42.12777],[-95.31827,42.12757],[-95.31726,42.12828],[-95.31965,42.12777]]]}},{"type":"Feature","properties":{},"geometry":{"type":"Polygon","coordinates":[[[-95.33223,42.09849],[-95.33076,42.09901],[-95.33217,42.09869],[-95.33223,42.09849]]]}},{"type":"Feature","properties":{},"geometry":{"type":"Polygon","coordinates":[[[-95.28901,42.06931],[-95.28689,42.06983],[-95.28898,42.06954],[-95.28901,42.06931]]]}},{"type":"Feature","properties":{},"geometry":{"type":"Polygon","coordinates":[[[-95.12337,42.07098],[-95.12478,42.07009],[-95.12273,42.06835],[-95.12337,42.07098]]]}},{"type":"Feature","properties":{},"geometry":{"type":"Polygon","coordinates":[[[-95.21837,42.05358],[-95.21662,42.05372],[-95.21818,42.05491],[-95.21837,42.05358]]]}},{"type":"Feature","properties":{},"geometry":{"type":"Polygon","coordinates":[[[-95.52344,42.04411],[-95.52271,42.04262],[-95.52231,42.04399],[-95.52344,42.04411]]]}},{"type":"Feature","properties":{},"geometry":{"type":"Polygon","coordinates":[[[-95.12914,42.04402],[-95.12782,42.0466],[-95.1304,42.04477],[-95.12914,42.04402]]]}},{"type":"Feature","properties":{},"geometry":{"type":"Polygon","coordinates":[[[-95.51466,42.03436],[-95.51337,42.0344],[-95.5137,42.03696],[-95.51466,42.03436]]]}},{"type":"Feature","properties":{},"geometry":{"type":"Polygon","coordinates":[[[-95.32569,42.02303],[-95.31823,42.02716],[-95.31593,42.03002],[-95.32406,42.02828],[-95.32569,42.02303]]]}},{"type":"Feature","properties":{},"geometry":{"type":"Polygon","coordinates":[[[-95.29906,42.02758],[-95.29729,42.02708],[-95.29952,42.02928],[-95.29906,42.02758]]]}},{"type":"Feature","properties":{},"geometry":{"type":"Polygon","coordinates":[[[-95.33461,42.02445],[-95.33409,42.02598],[-95.33467,42.02625],[-95.33461,42.02445]]]}},{"type":"Feature","properties":{},"geometry":{"type":"Polygon","coordinates":[[[-95.42746,42.01699],[-95.42615,42.01742],[-95.42842,42.01845],[-95.42746,42.01699]]]}},{"type":"Feature","properties":{},"geometry":{"type":"Polygon","coordinates":[[[-95.55799,42.00382],[-95.55729,42.00535],[-95.55873,42.00602],[-95.55799,42.00382]]]}},{"type":"Feature","properties":{},"geometry":{"type":"Polygon","coordinates":[[[-95.55131,42.0024],[-95.55563,42.00334],[-95.55318,42.00126],[-95.55131,42.0024]]]}},{"type":"Feature","properties":{},"geometry":{"type":"Polygon","coordinates":[[[-95.545,42.00006],[-95.54454,42.00061],[-95.54479,42.00054],[-95.545,42.00006]]]}},{"type":"Feature","properties":{},"geometry":{"type":"Polygon","coordinates":[[[-95.78192,42.29598],[-95.78017,42.29676],[-95.78198,42.29753],[-95.78192,42.29598]]]}},{"type":"Feature","properties":{},"geometry":{"type":"Polygon","coordinates":[[[-95.5438,42.29365],[-95.54253,42.29419],[-95.54407,42.29422],[-95.5438,42.29365]]]}},{"type":"Feature","properties":{},"geometry":{"type":"Polygon","coordinates":[[[-95.49415,42.29394],[-95.49428,42.29465],[-95.49449,42.29438],[-95.49415,42.29394]]]}},{"type":"Feature","properties":{},"geometry":{"type":"Polygon","coordinates":[[[-95.55045,42.29184],[-95.54888,42.29257],[-95.55017,42.29251],[-95.55045,42.29184]]]}},{"type":"Feature","properties":{},"geometry":{"type":"Polygon","coordinates":[[[-95.77875,42.27565],[-95.77623,42.27453],[-95.7781,42.27579],[-95.77875,42.27565]]]}},{"type":"Feature","properties":{},"geometry":{"type":"Polygon","coordinates":[[[-95.77192,42.27165],[-95.76955,42.27286],[-95.77078,42.2737],[-95.77192,42.27165]]]}},{"type":"Feature","properties":{},"geometry":{"type":"Polygon","coordinates":[[[-95.56472,42.27804],[-95.56288,42.2772],[-95.56315,42.27845],[-95.56472,42.27804]]]}},{"type":"Feature","properties":{},"geometry":{"type":"Polygon","coordinates":[[[-95.5726,42.27796],[-95.57067,42.27642],[-95.569,42.27612],[-95.5726,42.27796]]]}},{"type":"Feature","properties":{},"geometry":{"type":"Polygon","coordinates":[[[-95.60561,42.27678],[-95.60392,42.2722],[-95.59921,42.26669],[-95.60561,42.27678]]]}},{"type":"Feature","properties":{},"geometry":{"type":"Polygon","coordinates":[[[-95.57972,42.27686],[-95.57873,42.27471],[-95.57827,42.2772],[-95.57972,42.27686]]]}},{"type":"Feature","properties":{},"geometry":{"type":"Polygon","coordinates":[[[-95.57156,42.27137],[-95.57295,42.27222],[-95.57292,42.27078],[-95.57156,42.27137]]]}},{"type":"Feature","properties":{},"geometry":{"type":"Polygon","coordinates":[[[-95.56384,42.27139],[-95.56454,42.2699],[-95.56362,42.27015],[-95.56384,42.27139]]]}},{"type":"Feature","properties":{},"geometry":{"type":"Polygon","coordinates":[[[-95.61635,42.26695],[-95.61531,42.26564],[-95.61537,42.26686],[-95.61635,42.26695]]]}},{"type":"Feature","properties":{},"geometry":{"type":"Polygon","coordinates":[[[-95.59755,42.26084],[-95.59785,42.26573],[-95.59915,42.26573],[-95.59755,42.26084]]]}},{"type":"Feature","properties":{},"geometry":{"type":"Polygon","coordinates":[[[-95.58708,42.26397],[-95.58791,42.26221],[-95.58659,42.26166],[-95.58708,42.26397]]]}},{"type":"Feature","properties":{},"geometry":{"type":"Polygon","coordinates":[[[-95.72677,42.25513],[-95.72425,42.25504],[-95.72539,42.25794],[-95.72677,42.25513]]]}},{"type":"Feature","properties":{},"geometry":{"type":"Polygon","coordinates":[[[-95.59946,42.25208],[-95.59863,42.25403],[-95.59992,42.25403],[-95.59946,42.25208]]]}},{"type":"Feature","properties":{},"geometry":{"type":"Polygon","coordinates":[[[-95.71203,42.19444],[-95.71344,42.19307],[-95.71202,42.19211],[-95.71203,42.19444]]]}},{"type":"Feature","properties":{},"geometry":{"type":"Polygon","coordinates":[[[-95.87545,42.17024],[-95.87259,42.17271],[-95.87259,42.17403],[-95.87545,42.17024]]]}},{"type":"Feature","properties":{},"geometry":{"type":"Polygon","coordinates":[[[-95.87185,42.15997],[-95.87244,42.15465],[-95.87149,42.15447],[-95.87185,42.15997]]]}},{"type":"Feature","properties":{},"geometry":{"type":"Polygon","coordinates":[[[-95.88943,42.14927],[-95.88771,42.14905],[-95.88866,42.15314],[-95.88943,42.14927]]]}},{"type":"Feature","properties":{},"geometry":{"type":"Polygon","coordinates":[[[-95.85588,42.15314],[-95.85637,42.15129],[-95.85483,42.15145],[-95.85588,42.15314]]]}},{"type":"Feature","properties":{},"geometry":{"type":"Polygon","coordinates":[[[-95.88961,42.14539],[-95.88774,42.14813],[-95.88826,42.14831],[-95.88961,42.14539]]]}},{"type":"Feature","properties":{},"geometry":{"type":"Polygon","coordinates":[[[-95.87422,42.14598],[-95.87379,42.1455],[-95.87287,42.14818],[-95.87422,42.14598]]]}},{"type":"Feature","properties":{},"geometry":{"type":"Polygon","coordinates":[[[-95.77693,42.14885],[-95.77435,42.14887],[-95.77474,42.14986],[-95.77693,42.14885]]]}},{"type":"Feature","properties":{},"geometry":{"type":"Polygon","coordinates":[[[-95.77989,42.13555],[-95.77888,42.1368],[-95.7802,42.13671],[-95.77989,42.13555]]]}},{"type":"Feature","properties":{},"geometry":{"type":"Polygon","coordinates":[[[-95.76257,42.13272],[-95.76116,42.13572],[-95.76239,42.13549],[-95.76257,42.13272]]]}},{"type":"Feature","properties":{},"geometry":{"type":"Polygon","coordinates":[[[-95.90287,42.13098],[-95.90266,42.12913],[-95.90158,42.1289],[-95.90287,42.13098]]]}},{"type":"Feature","properties":{},"geometry":{"type":"Polygon","coordinates":[[[-95.90974,42.12225],[-95.91067,42.12151],[-95.90974,42.12204],[-95.90974,42.12225]]]}},{"type":"Feature","properties":{},"geometry":{"type":"Polygon","coordinates":[[[-95.89546,42.11932],[-95.89491,42.12022],[-95.899,42.12321],[-95.89546,42.11932]]]}},{"type":"Feature","properties":{},"geometry":{"type":"Polygon","coordinates":[[[-95.85714,42.11393],[-95.85785,42.11574],[-95.86046,42.11396],[-95.85714,42.11393]]]}},{"type":"Feature","properties":{},"geometry":{"type":"Polygon","coordinates":[[[-95.86949,42.11247],[-95.86722,42.11238],[-95.86746,42.11332],[-95.86949,42.11247]]]}},{"type":"Feature","properties":{},"geometry":{"type":"Polygon","coordinates":[[[-95.77157,42.11458],[-95.77044,42.11252],[-95.76865,42.11416],[-95.77157,42.11458]]]}},{"type":"Feature","properties":{},"geometry":{"type":"Polygon","coordinates":[[[-95.77781,42.11028],[-95.77824,42.10779],[-95.77664,42.11031],[-95.77781,42.11028]]]}},{"type":"Feature","properties":{},"geometry":{"type":"Polygon","coordinates":[[[-95.8499,42.10161],[-95.85018,42.10239],[-95.85395,42.10278],[-95.8499,42.10161]]]}},{"type":"Feature","properties":{},"geometry":{"type":"Polygon","coordinates":[[[-95.80284,42.10257],[-95.80428,42.10255],[-95.80201,42.10063],[-95.80284,42.10257]]]}},{"type":"Feature","properties":{},"geometry":{"type":"Polygon","coordinates":[[[-95.79822,42.09354],[-95.79478,42.09457],[-95.79772,42.09443],[-95.79822,42.09354]]]}},{"type":"Feature","properties":{},"geometry":{"type":"Polygon","coordinates":[[[-95.86758,42.09121],[-95.86894,42.0908],[-95.867,42.08915],[-95.86758,42.09121]]]}},{"type":"Feature","properties":{},"geometry":{"type":"Polygon","coordinates":[[[-95.8759,42.07612],[-95.87228,42.07541],[-95.867,42.0777],[-95.8759,42.07612]]]}},{"type":"Feature","properties":{},"geometry":{"type":"Polygon","coordinates":[[[-95.86265,42.07527],[-95.86338,42.07667],[-95.86406,42.0761],[-95.86265,42.07527]]]}},{"type":"Feature","properties":{},"geometry":{"type":"Polygon","coordinates":[[[-95.8886,42.07578],[-95.88922,42.07427],[-95.88753,42.07358],[-95.8886,42.07578]]]}},{"type":"Feature","properties":{},"geometry":{"type":"Polygon","coordinates":[[[-95.88004,42.06599],[-95.88087,42.06533],[-95.87897,42.06531],[-95.88004,42.06599]]]}},{"type":"Feature","properties":{},"geometry":{"type":"Polygon","coordinates":[[[-95.8713,42.06384],[-95.87093,42.06211],[-95.8693,42.06334],[-95.8713,42.06384]]]}},{"type":"Feature","properties":{},"geometry":{"type":"Polygon","coordinates":[[[-95.94559,42.05255],[-95.94491,42.05335],[-95.94712,42.05392],[-95.94559,42.05255]]]}},{"type":"Feature","properties":{},"geometry":{"type":"Polygon","coordinates":[[[-95.8943,42.02948],[-95.89617,42.02857],[-95.89368,42.02886],[-95.8943,42.02948]]]}},{"type":"Feature","properties":{},"geometry":{"type":"Polygon","coordinates":[[[-95.54649,41.98104],[-95.54492,41.98198],[-95.54817,41.98256],[-95.54649,41.98104]]]}},{"type":"Feature","properties":{},"geometry":{"type":"Polygon","coordinates":[[[-95.57045,41.9806],[-95.56806,41.98131],[-95.57112,41.98177],[-95.57045,41.9806]]]}},{"type":"Feature","properties":{},"geometry":{"type":"Polygon","coordinates":[[[-95.29237,41.97678],[-95.29363,41.97483],[-95.29191,41.97588],[-95.29237,41.97678]]]}},{"type":"Feature","properties":{},"geometry":{"type":"Polygon","coordinates":[[[-95.58222,41.96723],[-95.5813,41.96851],[-95.58345,41.96832],[-95.58222,41.96723]]]}},{"type":"Feature","properties":{},"geometry":{"type":"Polygon","coordinates":[[[-96.17728,42.02687],[-96.17831,42.04374],[-96.17858,42.03932],[-96.18063,42.03567],[-96.17728,42.02687]]]}},{"type":"Feature","properties":{},"geometry":{"type":"MultiPolygon","coordinates":[[[[-96.23228,42.03947],[-96.23998,42.0407],[-96.24937,42.03877],[-96.23363,42.03794],[-96.23208,42.02905],[-96.236,42.02527],[-96.23603,42.0068],[-96.23017,42.0057],[-96.22244,42.02226],[-96.23228,42.03947]]],[[[-96.22984,42.02477],[-96.22588,42.0256],[-96.2277,42.02816],[-96.22984,42.02477]]],[[[-96.23511,42.02536],[-96.23253,42.02372],[-96.23242,42.02671],[-96.23511,42.02536]]],[[[-96.22732,42.02199],[-96.22438,42.02267],[-96.22542,42.02487],[-96.22732,42.02199]]],[[[-96.22784,42.02034],[-96.22646,42.02041],[-96.22765,42.02096],[-96.22784,42.02034]]],[[[-96.22888,42.02155],[-96.22805,42.02146],[-96.22818,42.02205],[-96.22888,42.02155]]]]}},{"type":"Feature","properties":{},"geometry":{"type":"Polygon","coordinates":[[[-96.14368,42.02793],[-96.14233,42.02731],[-96.14212,42.02774],[-96.14368,42.02793]]]}},{"type":"Feature","properties":{},"geometry":{"type":"Polygon","coordinates":[[[-96.14508,42.01366],[-96.15487,42.02559],[-96.16008,42.02614],[-96.15815,42.02344],[-96.14508,42.01366]]]}},{"type":"Feature","properties":{},"geometry":{"type":"Polygon","coordinates":[[[-96.17084,42.01635],[-96.17676,42.02572],[-96.17142,42.00906],[-96.17084,42.01635]]]}},{"type":"Feature","properties":{},"geometry":{"type":"Polygon","coordinates":[[[-95.63117,42.21222],[-95.63335,42.21167],[-95.63086,42.21197],[-95.63117,42.21222]]]}},{"type":"Feature","properties":{},"geometry":{"type":"Polygon","coordinates":[[[-95.60821,42.14516],[-95.60741,42.14615],[-95.60876,42.14615],[-95.60821,42.14516]]]}},{"type":"Feature","properties":{},"geometry":{"type":"Polygon","coordinates":[[[-95.59777,42.11462],[-95.59716,42.11333],[-95.59578,42.11381],[-95.59777,42.11462]]]}},{"type":"Feature","properties":{},"geometry":{"type":"Polygon","coordinates":[[[-95.67837,42.10781],[-95.67487,42.10797],[-95.67426,42.1088],[-95.67837,42.10781]]]}},{"type":"Feature","properties":{},"geometry":{"type":"Polygon","coordinates":[[[-95.58047,42.03852],[-95.57762,42.03783],[-95.58065,42.03927],[-95.58047,42.03852]]]}},{"type":"Feature","properties":{},"geometry":{"type":"Polygon","coordinates":[[[-95.62237,42.03407],[-95.62274,42.03244],[-95.62175,42.03265],[-95.62237,42.03407]]]}},{"type":"Feature","properties":{},"geometry":{"type":"Polygon","coordinates":[[[-95.80167,42.02057],[-95.80171,42.01929],[-95.79956,42.02089],[-95.80167,42.02057]]]}},{"type":"Feature","properties":{},"geometry":{"type":"Polygon","coordinates":[[[-95.78635,42.01811],[-95.78457,42.01964],[-95.78613,42.02053],[-95.78635,42.01811]]]}},{"type":"Feature","properties":{},"geometry":{"type":"Polygon","coordinates":[[[-95.65925,42.02286],[-95.66017,42.02174],[-95.65956,42.02137],[-95.65925,42.02286]]]}},{"type":"Feature","properties":{},"geometry":{"type":"Polygon","coordinates":[[[-95.66002,42.01797],[-95.65873,42.01884],[-95.66017,42.01881],[-95.66002,42.01797]]]}},{"type":"Feature","properties":{},"geometry":{"type":"Polygon","coordinates":[[[-95.79899,42.00993],[-95.80031,42.00838],[-95.79936,42.00833],[-95.79899,42.00993]]]}},{"type":"Feature","properties":{},"geometry":{"type":"Polygon","coordinates":[[[-95.81226,42.00855],[-95.80978,42.00695],[-95.80972,42.0099],[-95.81226,42.00855]]]}},{"type":"Feature","properties":{},"geometry":{"type":"Polygon","coordinates":[[[-95.71783,42.00696],[-95.71626,42.00742],[-95.71623,42.00762],[-95.71783,42.00696]]]}},{"type":"Feature","properties":{},"geometry":{"type":"Polygon","coordinates":[[[-95.81506,42.00052],[-95.81236,42.00087],[-95.81635,42.00219],[-95.81506,42.00052]]]}},{"type":"Feature","properties":{},"geometry":{"type":"Polygon","coordinates":[[[-95.06378,42.27143],[-95.05368,42.27383],[-95.05334,42.27623],[-95.06378,42.27143]]]}},{"type":"Feature","properties":{},"geometry":{"type":"Polygon","coordinates":[[[-95.06643,42.27306],[-95.06486,42.2715],[-95.05731,42.27523],[-95.06643,42.27306]]]}},{"type":"Feature","properties":{},"geometry":{"type":"Polygon","coordinates":[[[-95.05359,42.27227],[-95.0535,42.27312],[-95.05664,42.27056],[-95.05359,42.27227]]]}},{"type":"Feature","properties":{},"geometry":{"type":"Polygon","coordinates":[[[-95.06693,42.26519],[-95.06422,42.26576],[-95.06739,42.26634],[-95.06693,42.26519]]]}},{"type":"Feature","properties":{},"geometry":{"type":"Polygon","coordinates":[[[-96.10534,41.98779],[-96.10448,41.989],[-96.10712,41.98955],[-96.10534,41.98779]]]}},{"type":"Feature","properties":{},"geometry":{"type":"Polygon","coordinates":[[[-96.07025,41.80822],[-96.06942,41.80772],[-96.06551,41.80923],[-96.06636,41.81227],[-96.06997,41.81396],[-96.0755,41.81499],[-96.06676,41.81188],[-96.07025,41.80822]]]}},{"type":"Feature","properties":{},"geometry":{"type":"Polygon","coordinates":[[[-96.01991,41.78],[-96.01652,41.77638],[-96.01969,41.78117],[-96.01991,41.78]]]}},{"type":"Feature","properties":{},"geometry":{"type":"Polygon","coordinates":[[[-95.59066,41.94798],[-95.59228,41.94875],[-95.59219,41.94704],[-95.59066,41.94798]]]}},{"type":"Feature","properties":{},"geometry":{"type":"Polygon","coordinates":[[[-95.34647,41.95055],[-95.34512,41.95141],[-95.34745,41.95098],[-95.34647,41.95055]]]}},{"type":"Feature","properties":{},"geometry":{"type":"Polygon","coordinates":[[[-95.6049,41.94412],[-95.60717,41.94439],[-95.60594,41.94364],[-95.6049,41.94412]]]}},{"type":"Feature","properties":{},"geometry":{"type":"Polygon","coordinates":[[[-95.61314,41.94437],[-95.61106,41.94364],[-95.61093,41.94448],[-95.61314,41.94437]]]}},{"type":"Feature","properties":{},"geometry":{"type":"Polygon","coordinates":[[[-95.58858,41.93895],[-95.58938,41.93691],[-95.5876,41.9365],[-95.58858,41.93895]]]}},{"type":"Feature","properties":{},"geometry":{"type":"Polygon","coordinates":[[[-95.45424,41.91379],[-95.45638,41.91475],[-95.45607,41.91214],[-95.45424,41.91379]]]}},{"type":"Feature","properties":{},"geometry":{"type":"Polygon","coordinates":[[[-95.52404,41.90878],[-95.52272,41.91019],[-95.52468,41.90992],[-95.52404,41.90878]]]}},{"type":"Feature","properties":{},"geometry":{"type":"Polygon","coordinates":[[[-95.47596,41.90776],[-95.47568,41.90568],[-95.47446,41.90694],[-95.47596,41.90776]]]}},{"type":"Feature","properties":{},"geometry":{"type":"Polygon","coordinates":[[[-95.38138,41.90696],[-95.3792,41.9047],[-95.37963,41.90685],[-95.38138,41.90696]]]}},{"type":"Feature","properties":{},"geometry":{"type":"Polygon","coordinates":[[[-95.51019,41.89559],[-95.51016,41.89744],[-95.51203,41.89694],[-95.51019,41.89559]]]}},{"type":"Feature","properties":{},"geometry":{"type":"Polygon","coordinates":[[[-95.51565,41.88707],[-95.51372,41.8886],[-95.51577,41.88817],[-95.51565,41.88707]]]}},{"type":"Feature","properties":{},"geometry":{"type":"Polygon","coordinates":[[[-95.60228,41.88156],[-95.60152,41.88],[-95.60005,41.88092],[-95.60228,41.88156]]]}},{"type":"Feature","properties":{},"geometry":{"type":"Polygon","coordinates":[[[-95.47673,41.87101],[-95.47419,41.87124],[-95.47688,41.87193],[-95.47673,41.87101]]]}},{"type":"Feature","properties":{},"geometry":{"type":"Polygon","coordinates":[[[-95.52119,41.8659],[-95.52131,41.86773],[-95.52254,41.86666],[-95.52119,41.8659]]]}},{"type":"Feature","properties":{},"geometry":{"type":"Polygon","coordinates":[[[-95.44959,41.86648],[-95.45069,41.86831],[-95.45118,41.86749],[-95.44959,41.86648]]]}},{"type":"Feature","properties":{},"geometry":{"type":"Polygon","coordinates":[[[-95.44264,41.86068],[-95.44059,41.85961],[-95.44004,41.86013],[-95.44264,41.86068]]]}},{"type":"Feature","properties":{},"geometry":{"type":"Polygon","coordinates":[[[-95.45435,41.85791],[-95.45912,41.85818],[-95.45915,41.85719],[-95.45435,41.85791]]]}},{"type":"Feature","properties":{},"geometry":{"type":"Polygon","coordinates":[[[-95.45037,41.8572],[-95.44774,41.85809],[-95.45037,41.85821],[-95.45037,41.8572]]]}},{"type":"Feature","properties":{},"geometry":{"type":"Polygon","coordinates":[[[-95.58886,41.85092],[-95.5895,41.85293],[-95.58996,41.85284],[-95.58886,41.85092]]]}},{"type":"Feature","properties":{},"geometry":{"type":"Polygon","coordinates":[[[-95.46709,41.85316],[-95.46759,41.85431],[-95.46856,41.85367],[-95.46709,41.85316]]]}},{"type":"Feature","properties":{},"geometry":{"type":"Polygon","coordinates":[[[-95.53314,41.85262],[-95.53235,41.85132],[-95.53207,41.8532],[-95.53314,41.85262]]]}},{"type":"Feature","properties":{},"geometry":{"type":"Polygon","coordinates":[[[-95.43523,41.85355],[-95.43336,41.8525],[-95.4333,41.85291],[-95.43523,41.85355]]]}},{"type":"Feature","properties":{},"geometry":{"type":"Polygon","coordinates":[[[-95.55251,41.84715],[-95.55364,41.848],[-95.55367,41.84727],[-95.55251,41.84715]]]}},{"type":"Feature","properties":{},"geometry":{"type":"Polygon","coordinates":[[[-95.47558,41.84497],[-95.47396,41.84426],[-95.47393,41.84573],[-95.47558,41.84497]]]}},{"type":"Feature","properties":{},"geometry":{"type":"Polygon","coordinates":[[[-95.58566,41.84145],[-95.58719,41.84259],[-95.58694,41.84108],[-95.58566,41.84145]]]}},{"type":"Feature","properties":{},"geometry":{"type":"Polygon","coordinates":[[[-95.46656,41.8405],[-95.46524,41.84203],[-95.46671,41.84205],[-95.46656,41.8405]]]}},{"type":"Feature","properties":{},"geometry":{"type":"Polygon","coordinates":[[[-95.74715,41.82435],[-95.75222,41.81387],[-95.75465,41.80596],[-95.7486,41.81221],[-95.74715,41.82435]]]}},{"type":"Feature","properties":{},"geometry":{"type":"Polygon","coordinates":[[[-95.60462,41.82408],[-95.6059,41.82492],[-95.60639,41.8238],[-95.60462,41.82408]]]}},{"type":"Feature","properties":{},"geometry":{"type":"Polygon","coordinates":[[[-95.53168,41.80451],[-95.52911,41.80476],[-95.52957,41.80684],[-95.53168,41.80451]]]}},{"type":"Feature","properties":{},"geometry":{"type":"Polygon","coordinates":[[[-95.56249,41.79729],[-95.5613,41.80024],[-95.56335,41.79841],[-95.56249,41.79729]]]}},{"type":"Feature","properties":{},"geometry":{"type":"Polygon","coordinates":[[[-95.52692,41.79772],[-95.52802,41.79932],[-95.52906,41.79889],[-95.52692,41.79772]]]}},{"type":"Feature","properties":{},"geometry":{"type":"Polygon","coordinates":[[[-95.51002,41.79946],[-95.5073,41.79889],[-95.50727,41.79919],[-95.51002,41.79946]]]}},{"type":"Feature","properties":{},"geometry":{"type":"Polygon","coordinates":[[[-95.55308,41.7968],[-95.55125,41.79735],[-95.55176,41.79831],[-95.55308,41.7968]]]}},{"type":"Feature","properties":{},"geometry":{"type":"Polygon","coordinates":[[[-95.55514,41.78958],[-95.55498,41.79177],[-95.55645,41.79104],[-95.55514,41.78958]]]}},{"type":"Feature","properties":{},"geometry":{"type":"Polygon","coordinates":[[[-95.79014,41.76916],[-95.7866,41.77316],[-95.79185,41.77092],[-95.79014,41.76916]]]}},{"type":"Feature","properties":{},"geometry":{"type":"Polygon","coordinates":[[[-95.57294,41.75748],[-95.57535,41.75872],[-95.57508,41.75755],[-95.57294,41.75748]]]}},{"type":"Feature","properties":{},"geometry":{"type":"Polygon","coordinates":[[[-95.70679,41.72447],[-95.70651,41.72227],[-95.70444,41.72413],[-95.70679,41.72447]]]}},{"type":"Feature","properties":{},"geometry":{"type":"Polygon","coordinates":[[[-95.65408,41.72208],[-95.65274,41.72288],[-95.65475,41.72349],[-95.65408,41.72208]]]}},{"type":"Feature","properties":{},"geometry":{"type":"Polygon","coordinates":[[[-95.64971,41.71872],[-95.6474,41.71835],[-95.64944,41.71968],[-95.64971,41.71872]]]}},{"type":"Feature","properties":{},"geometry":{"type":"Polygon","coordinates":[[[-95.76724,41.65065],[-95.7654,41.652],[-95.7676,41.65205],[-95.76724,41.65065]]]}},{"type":"Feature","properties":{},"geometry":{"type":"Polygon","coordinates":[[[-95.79156,41.62344],[-95.79378,41.62582],[-95.79668,41.625],[-95.79156,41.62344]]]}},{"type":"Feature","properties":{},"geometry":{"type":"Polygon","coordinates":[[[-95.74438,41.62662],[-95.7417,41.62601],[-95.74142,41.62617],[-95.74438,41.62662]]]}},{"type":"Feature","properties":{},"geometry":{"type":"Polygon","coordinates":[[[-95.76993,41.62541],[-95.77045,41.62306],[-95.76341,41.62358],[-95.76993,41.62541]]]}},{"type":"Feature","properties":{},"geometry":{"type":"Polygon","coordinates":[[[-95.74037,41.61958],[-95.73718,41.62014],[-95.73891,41.62073],[-95.74037,41.61958]]]}},{"type":"Feature","properties":{},"geometry":{"type":"Polygon","coordinates":[[[-96.01574,41.63813],[-96.01355,41.63673],[-96.01367,41.63888],[-96.01574,41.63813]]]}},{"type":"Feature","properties":{},"geometry":{"type":"Polygon","coordinates":[[[-96.01172,41.63607],[-96.01041,41.63572],[-96.01072,41.63666],[-96.01172,41.63607]]]}},{"type":"Feature","properties":{},"geometry":{"type":"Polygon","coordinates":[[[-95.68216,41.48275],[-95.68177,41.48437],[-95.68335,41.48279],[-95.68216,41.48275]]]}},{"type":"Feature","properties":{},"geometry":{"type":"Polygon","coordinates":[[[-95.65468,41.48393],[-95.65547,41.48265],[-95.65416,41.48338],[-95.65468,41.48393]]]}},{"type":"Feature","properties":{},"geometry":{"type":"Polygon","coordinates":[[[-95.77648,41.47788],[-95.77903,41.47729],[-95.77769,41.47669],[-95.77648,41.47788]]]}},{"type":"Feature","properties":{},"geometry":{"type":"Polygon","coordinates":[[[-95.79898,41.47419],[-95.80077,41.47474],[-95.80062,41.47424],[-95.79898,41.47419]]]}},{"type":"Feature","properties":{},"geometry":{"type":"Polygon","coordinates":[[[-95.79922,41.47053],[-95.80089,41.4711],[-95.80044,41.47049],[-95.79922,41.47053]]]}},{"type":"Feature","properties":{},"geometry":{"type":"Polygon","coordinates":[[[-95.80801,41.46937],[-95.806,41.46838],[-95.80804,41.47044],[-95.80801,41.46937]]]}},{"type":"Feature","properties":{},"geometry":{"type":"Polygon","coordinates":[[[-95.79922,41.46843],[-95.8005,41.46932],[-95.80065,41.46838],[-95.79922,41.46843]]]}},{"type":"Feature","properties":{},"geometry":{"type":"Polygon","coordinates":[[[-95.66098,41.4555],[-95.66241,41.45745],[-95.66278,41.45548],[-95.66098,41.4555]]]}},{"type":"Feature","properties":{},"geometry":{"type":"Polygon","coordinates":[[[-95.8172,41.45399],[-95.81532,41.4533],[-95.81665,41.45467],[-95.8172,41.45399]]]}},{"type":"Feature","properties":{},"geometry":{"type":"Polygon","coordinates":[[[-95.70119,41.45553],[-95.70293,41.45715],[-95.70296,41.45598],[-95.70119,41.45553]]]}},{"type":"Feature","properties":{},"geometry":{"type":"Polygon","coordinates":[[[-95.89633,41.45205],[-95.89469,41.44953],[-95.89418,41.45187],[-95.89633,41.45205]]]}},{"type":"Feature","properties":{},"geometry":{"type":"Polygon","coordinates":[[[-95.82559,41.45013],[-95.82361,41.44987],[-95.82498,41.4509],[-95.82559,41.45013]]]}},{"type":"Feature","properties":{},"geometry":{"type":"Polygon","coordinates":[[[-95.8317,41.43872],[-95.83052,41.43968],[-95.83322,41.44032],[-95.8317,41.43872]]]}},{"type":"Feature","properties":{},"geometry":{"type":"Polygon","coordinates":[[[-95.92737,41.43429],[-95.92355,41.43455],[-95.92112,41.43738],[-95.92737,41.43429]]]}},{"type":"Feature","properties":{},"geometry":{"type":"Polygon","coordinates":[[[-95.59184,41.43614],[-95.5937,41.43539],[-95.59096,41.43299],[-95.59184,41.43614]]]}},{"type":"Feature","properties":{},"geometry":{"type":"Polygon","coordinates":[[[-95.73775,41.40432],[-95.73544,41.40476],[-95.73718,41.40622],[-95.73775,41.40432]]]}},{"type":"Feature","properties":{},"geometry":{"type":"Polygon","coordinates":[[[-95.76033,41.38625],[-95.75905,41.38748],[-95.76105,41.38698],[-95.76033,41.38625]]]}},{"type":"Feature","properties":{},"geometry":{"type":"Polygon","coordinates":[[[-95.8932,41.36293],[-95.89098,41.36227],[-95.8911,41.36295],[-95.8932,41.36293]]]}},{"type":"Feature","properties":{},"geometry":{"type":"Polygon","coordinates":[[[-95.71737,41.36609],[-95.71962,41.36517],[-95.71707,41.36511],[-95.71737,41.36609]]]}},{"type":"Feature","properties":{},"geometry":{"type":"Polygon","coordinates":[[[-95.7515,41.34764],[-95.75311,41.34895],[-95.75338,41.34765],[-95.7515,41.34764]]]}},{"type":"Feature","properties":{},"geometry":{"type":"Polygon","coordinates":[[[-95.90475,41.33842],[-95.90984,41.3378],[-95.91002,41.33736],[-95.90939,41.33652],[-95.90475,41.33842]]]}},{"type":"Feature","properties":{},"geometry":{"type":"Polygon","coordinates":[[[-95.80761,41.33966],[-95.8054,41.33895],[-95.80549,41.34048],[-95.80761,41.33966]]]}},{"type":"Feature","properties":{},"geometry":{"type":"Polygon","coordinates":[[[-95.81736,41.32522],[-95.81593,41.3262],[-95.81693,41.32696],[-95.81736,41.32522]]]}},{"type":"Feature","properties":{},"geometry":{"type":"Polygon","coordinates":[[[-95.82479,41.32229],[-95.82495,41.31944],[-95.82207,41.31907],[-95.82479,41.32229]]]}},{"type":"Feature","properties":{},"geometry":{"type":"Polygon","coordinates":[[[-95.83568,41.32239],[-95.83401,41.32193],[-95.83477,41.32356],[-95.83568,41.32239]]]}},{"type":"Feature","properties":{},"geometry":{"type":"Polygon","coordinates":[[[-95.89958,41.31878],[-95.90049,41.31967],[-95.90662,41.3188],[-95.89958,41.31878]]]}},{"type":"Feature","properties":{},"geometry":{"type":"Polygon","coordinates":[[[-95.88848,41.31622],[-95.88542,41.31567],[-95.88848,41.31647],[-95.88848,41.31622]]]}},{"type":"Feature","properties":{},"geometry":{"type":"MultiPolygon","coordinates":[[[[-95.90612,41.2875],[-95.90166,41.29706],[-95.90591,41.30319],[-95.93062,41.29915],[-95.92888,41.2904],[-95.92549,41.29854],[-95.90624,41.30124],[-95.91012,41.28803],[-95.90612,41.2875]]],[[[-95.90706,41.28864],[-95.90563,41.28894],[-95.9059,41.28924],[-95.90706,41.28864]]]]}},{"type":"Feature","properties":{},"geometry":{"type":"Polygon","coordinates":[[[-95.87468,41.29592],[-95.87344,41.29324],[-95.87432,41.29608],[-95.87468,41.29592]]]}},{"type":"Feature","properties":{},"geometry":{"type":"Polygon","coordinates":[[[-95.86459,41.29105],[-95.86325,41.29029],[-95.86444,41.29158],[-95.86459,41.29105]]]}},{"type":"Feature","properties":{},"geometry":{"type":"Polygon","coordinates":[[[-95.86247,41.28632],[-95.8631,41.28741],[-95.86286,41.28645],[-95.86247,41.28632]]]}},{"type":"Feature","properties":{},"geometry":{"type":"Polygon","coordinates":[[[-95.86138,41.28671],[-95.86038,41.28547],[-95.86053,41.28732],[-95.86138,41.28671]]]}},{"type":"Feature","properties":{},"geometry":{"type":"Polygon","coordinates":[[[-95.83742,41.23121],[-95.83521,41.23112],[-95.8373,41.23201],[-95.83742,41.23121]]]}},{"type":"Feature","properties":{},"geometry":{"type":"Polygon","coordinates":[[[-95.90835,41.22706],[-95.90796,41.22825],[-95.90853,41.22816],[-95.90835,41.22706]]]}},{"type":"Feature","properties":{},"geometry":{"type":"Polygon","coordinates":[[[-95.86725,41.21354],[-95.86647,41.21269],[-95.86492,41.21555],[-95.86725,41.21354]]]}},{"type":"Feature","properties":{},"geometry":{"type":"Polygon","coordinates":[[[-95.7354,41.21101],[-95.73736,41.20971],[-95.73564,41.20918],[-95.7354,41.21101]]]}},{"type":"Feature","properties":{},"geometry":{"type":"Polygon","coordinates":[[[-95.83151,41.18187],[-95.8247,41.18296],[-95.82464,41.18872],[-95.82972,41.19046],[-95.83151,41.18187]]]}},{"type":"Feature","properties":{},"geometry":{"type":"Polygon","coordinates":[[[-95.85615,41.11577],[-95.85528,41.11405],[-95.85558,41.116],[-95.85615,41.11577]]]}},{"type":"Feature","properties":{},"geometry":{"type":"Polygon","coordinates":[[[-95.8606,41.09556],[-95.85906,41.09533],[-95.86036,41.09659],[-95.8606,41.09556]]]}},{"type":"Feature","properties":{},"geometry":{"type":"MultiPolygon","coordinates":[[[[-95.82159,41.08679],[-95.82745,41.08485],[-95.82132,41.0795],[-95.81845,41.08116],[-95.82159,41.08679]]],[[[-95.82271,41.08352],[-95.82096,41.08359],[-95.82283,41.08386],[-95.82271,41.08352]]],[[[-95.8244,41.08482],[-95.82295,41.08473],[-95.8238,41.08537],[-95.8244,41.08482]]]]}},{"type":"Feature","properties":{},"geometry":{"type":"Polygon","coordinates":[[[-95.82459,41.07625],[-95.81909,41.07337],[-95.81984,41.07623],[-95.82459,41.07625]]]}},{"type":"Feature","properties":{},"geometry":{"type":"Polygon","coordinates":[[[-95.8603,41.06469],[-95.85662,41.0657],[-95.85426,41.06775],[-95.8603,41.06469]]]}},{"type":"Feature","properties":{},"geometry":{"type":"Polygon","coordinates":[[[-95.83058,41.06226],[-95.83393,41.06361],[-95.8355,41.06185],[-95.83058,41.06226]]]}},{"type":"Feature","properties":{},"geometry":{"type":"Polygon","coordinates":[[[-95.44899,42.49932],[-95.44741,42.49969],[-95.4493,42.49964],[-95.44899,42.49932]]]}},{"type":"Feature","properties":{},"geometry":{"type":"Polygon","coordinates":[[[-95.43894,42.49371],[-95.43801,42.49332],[-95.43882,42.49471],[-95.43894,42.49371]]]}},{"type":"Feature","properties":{},"geometry":{"type":"Polygon","coordinates":[[[-95.53984,42.47726],[-95.53824,42.47762],[-95.53975,42.47852],[-95.53984,42.47726]]]}},{"type":"Feature","properties":{},"geometry":{"type":"Polygon","coordinates":[[[-95.34791,42.44665],[-95.3476,42.44521],[-95.34723,42.44647],[-95.34791,42.44665]]]}},{"type":"Feature","properties":{},"geometry":{"type":"Polygon","coordinates":[[[-95.62801,42.41018],[-95.62875,42.4113],[-95.63023,42.41032],[-95.62801,42.41018]]]}},{"type":"Feature","properties":{},"geometry":{"type":"Polygon","coordinates":[[[-95.31279,42.39272],[-95.31048,42.39213],[-95.31044,42.39261],[-95.31279,42.39272]]]}},{"type":"Feature","properties":{},"geometry":{"type":"Polygon","coordinates":[[[-95.60509,42.37849],[-95.60364,42.37856],[-95.60376,42.37966],[-95.60509,42.37849]]]}},{"type":"Feature","properties":{},"geometry":{"type":"Polygon","coordinates":[[[-95.61887,42.37557],[-95.62072,42.37529],[-95.61875,42.37463],[-95.61887,42.37557]]]}},{"type":"Feature","properties":{},"geometry":{"type":"Polygon","coordinates":[[[-95.50254,42.37292],[-95.49788,42.37373],[-95.5029,42.37507],[-95.50254,42.37292]]]}},{"type":"Feature","properties":{},"geometry":{"type":"Polygon","coordinates":[[[-95.62319,42.3613],[-95.62199,42.36423],[-95.62276,42.36473],[-95.62319,42.3613]]]}},{"type":"Feature","properties":{},"geometry":{"type":"Polygon","coordinates":[[[-95.47883,42.35951],[-95.48241,42.35928],[-95.4808,42.35706],[-95.47883,42.35951]]]}},{"type":"Feature","properties":{},"geometry":{"type":"Polygon","coordinates":[[[-95.53808,42.35492],[-95.53697,42.35613],[-95.53808,42.35748],[-95.53808,42.35492]]]}},{"type":"Feature","properties":{},"geometry":{"type":"Polygon","coordinates":[[[-95.54243,42.35108],[-95.54351,42.3508],[-95.54271,42.35064],[-95.54243,42.35108]]]}},{"type":"Feature","properties":{},"geometry":{"type":"Polygon","coordinates":[[[-95.42565,42.35292],[-95.42417,42.35358],[-95.42568,42.35319],[-95.42565,42.35292]]]}},{"type":"Feature","properties":{},"geometry":{"type":"Polygon","coordinates":[[[-95.59696,42.34818],[-95.59468,42.34852],[-95.59693,42.34843],[-95.59696,42.34818]]]}},{"type":"Feature","properties":{},"geometry":{"type":"Polygon","coordinates":[[[-95.47712,42.35039],[-95.47534,42.35119],[-95.47737,42.35078],[-95.47712,42.35039]]]}},{"type":"Feature","properties":{},"geometry":{"type":"Polygon","coordinates":[[[-95.47358,42.35014],[-95.4721,42.35021],[-95.47232,42.35122],[-95.47358,42.35014]]]}},{"type":"Feature","properties":{},"geometry":{"type":"Polygon","coordinates":[[[-95.52952,42.34926],[-95.52977,42.34807],[-95.52854,42.34798],[-95.52952,42.34926]]]}},{"type":"Feature","properties":{},"geometry":{"type":"Polygon","coordinates":[[[-95.71379,42.34391],[-95.71604,42.34242],[-95.71345,42.34368],[-95.71379,42.34391]]]}},{"type":"Feature","properties":{},"geometry":{"type":"Polygon","coordinates":[[[-95.43513,42.34043],[-95.43414,42.33951],[-95.43458,42.34111],[-95.43513,42.34043]]]}},{"type":"Feature","properties":{},"geometry":{"type":"Polygon","coordinates":[[[-95.63588,42.33297],[-95.63376,42.33341],[-95.63619,42.33336],[-95.63588,42.33297]]]}},{"type":"Feature","properties":{},"geometry":{"type":"Polygon","coordinates":[[[-95.54362,42.31436],[-95.54303,42.31546],[-95.54359,42.31507],[-95.54362,42.31436]]]}},{"type":"Feature","properties":{},"geometry":{"type":"Polygon","coordinates":[[[-95.55909,42.30808],[-95.5601,42.31142],[-95.56106,42.3108],[-95.55909,42.30808]]]}},{"type":"Feature","properties":{},"geometry":{"type":"Polygon","coordinates":[[[-95.52579,42.30634],[-95.52539,42.30874],[-95.52671,42.30868],[-95.52579,42.30634]]]}},{"type":"Feature","properties":{},"geometry":{"type":"Polygon","coordinates":[[[-95.54151,42.30176],[-95.54311,42.30359],[-95.54477,42.30307],[-95.54151,42.30176]]]}},{"type":"Feature","properties":{},"geometry":{"type":"Polygon","coordinates":[[[-96.04565,42.47834],[-96.04596,42.47692],[-96.04488,42.47712],[-96.04565,42.47834]]]}},{"type":"Feature","properties":{},"geometry":{"type":"Polygon","coordinates":[[[-96.22703,42.48202],[-96.22597,42.48161],[-96.22573,42.48257],[-96.22703,42.48202]]]}},{"type":"Feature","properties":{},"geometry":{"type":"Polygon","coordinates":[[[-96.07496,42.47166],[-96.07357,42.47307],[-96.07469,42.47319],[-96.07496,42.47166]]]}},{"type":"Feature","properties":{},"geometry":{"type":"Polygon","coordinates":[[[-96.10594,42.46954],[-96.10507,42.46778],[-96.10473,42.46833],[-96.10594,42.46954]]]}},{"type":"Feature","properties":{},"geometry":{"type":"Polygon","coordinates":[[[-96.11134,42.46875],[-96.10915,42.46916],[-96.11134,42.4692],[-96.11134,42.46875]]]}},{"type":"Feature","properties":{},"geometry":{"type":"Polygon","coordinates":[[[-96.10693,42.46324],[-96.10683,42.46449],[-96.10887,42.46301],[-96.10693,42.46324]]]}},{"type":"Feature","properties":{},"geometry":{"type":"Polygon","coordinates":[[[-96.03092,42.44536],[-96.02962,42.44573],[-96.03085,42.44682],[-96.03092,42.44536]]]}},{"type":"Feature","properties":{},"geometry":{"type":"Polygon","coordinates":[[[-96.11197,42.44673],[-96.11052,42.44694],[-96.11329,42.44765],[-96.11197,42.44673]]]}},{"type":"Feature","properties":{},"geometry":{"type":"Polygon","coordinates":[[[-96.02393,42.43612],[-96.02689,42.43564],[-96.02226,42.43493],[-96.02393,42.43612]]]}},{"type":"Feature","properties":{},"geometry":{"type":"Polygon","coordinates":[[[-96.10926,42.43014],[-96.10707,42.43002],[-96.10904,42.43228],[-96.10926,42.43014]]]}},{"type":"Feature","properties":{},"geometry":{"type":"Polygon","coordinates":[[[-96.10988,42.4246],[-96.10886,42.42531],[-96.11234,42.42609],[-96.10988,42.4246]]]}},{"type":"Feature","properties":{},"geometry":{"type":"Polygon","coordinates":[[[-96.06841,42.4226],[-96.06702,42.42251],[-96.06733,42.42369],[-96.06841,42.4226]]]}},{"type":"Feature","properties":{},"geometry":{"type":"Polygon","coordinates":[[[-96.09865,42.42046],[-96.10361,42.42261],[-96.10189,42.41966],[-96.09865,42.42046]]]}},{"type":"Feature","properties":{},"geometry":{"type":"Polygon","coordinates":[[[-96.10667,42.41244],[-96.10374,42.41226],[-96.1039,42.41267],[-96.10667,42.41244]]]}},{"type":"Feature","properties":{},"geometry":{"type":"Polygon","coordinates":[[[-96.0973,42.3979],[-96.09727,42.39692],[-96.09653,42.39742],[-96.0973,42.3979]]]}},{"type":"Feature","properties":{},"geometry":{"type":"Polygon","coordinates":[[[-96.10615,42.39777],[-96.10307,42.39381],[-96.10116,42.39454],[-96.10097,42.39566],[-96.10615,42.39777]]]}},{"type":"Feature","properties":{},"geometry":{"type":"Polygon","coordinates":[[[-96.09299,42.39484],[-96.09311,42.39397],[-96.09274,42.39417],[-96.09299,42.39484]]]}},{"type":"Feature","properties":{},"geometry":{"type":"Polygon","coordinates":[[[-96.09512,42.38137],[-96.09423,42.38206],[-96.09565,42.38224],[-96.09512,42.38137]]]}},{"type":"Feature","properties":{},"geometry":{"type":"Polygon","coordinates":[[[-96.1046,42.3608],[-96.10321,42.35989],[-96.10312,42.36101],[-96.1046,42.3608]]]}},{"type":"Feature","properties":{},"geometry":{"type":"Polygon","coordinates":[[[-96.09911,42.35865],[-96.09797,42.35902],[-96.09908,42.35888],[-96.09911,42.35865]]]}},{"type":"Feature","properties":{},"geometry":{"type":"Polygon","coordinates":[[[-96.11992,42.35232],[-96.12032,42.34814],[-96.11816,42.34857],[-96.11992,42.35232]]]}},{"type":"Feature","properties":{},"geometry":{"type":"Polygon","coordinates":[[[-96.14614,42.35084],[-96.1443,42.3509],[-96.1442,42.35138],[-96.14614,42.35084]]]}},{"type":"Feature","properties":{},"geometry":{"type":"Polygon","coordinates":[[[-96.1438,42.34389],[-96.14442,42.34313],[-96.1426,42.34288],[-96.1438,42.34389]]]}},{"type":"Feature","properties":{},"geometry":{"type":"Polygon","coordinates":[[[-96.12115,42.32996],[-96.11934,42.33063],[-96.12017,42.3312],[-96.12115,42.32996]]]}},{"type":"Feature","properties":{},"geometry":{"type":"Polygon","coordinates":[[[-96.12725,42.32859],[-96.12661,42.32939],[-96.12772,42.32937],[-96.12725,42.32859]]]}},{"type":"Feature","properties":{},"geometry":{"type":"Polygon","coordinates":[[[-96.28446,42.31213],[-96.28162,42.31106],[-96.28122,42.31195],[-96.28446,42.31213]]]}},{"type":"Feature","properties":{},"geometry":{"type":"Polygon","coordinates":[[[-96.01293,42.25957],[-96.00926,42.26112],[-96.01459,42.25991],[-96.01293,42.25957]]]}},{"type":"Feature","properties":{},"geometry":{"type":"Polygon","coordinates":[[[-96.02388,42.26042],[-96.01804,42.259],[-96.01597,42.25994],[-96.01727,42.26046],[-96.02388,42.26042]]]}},{"type":"Feature","properties":{},"geometry":{"type":"Polygon","coordinates":[[[-96.10308,42.23358],[-96.10047,42.23402],[-96.10305,42.23406],[-96.10308,42.23358]]]}},{"type":"Feature","properties":{},"geometry":{"type":"Polygon","coordinates":[[[-96.04189,42.15747],[-96.04023,42.15726],[-96.03958,42.15872],[-96.04189,42.15747]]]}},{"type":"Feature","properties":{},"geometry":{"type":"Polygon","coordinates":[[[-96.02499,42.12284],[-96.02443,42.12239],[-96.02302,42.123],[-96.02499,42.12284]]]}},{"type":"Feature","properties":{},"geometry":{"type":"Polygon","coordinates":[[[-96.3547,42.34626],[-96.35837,42.34772],[-96.36262,42.34356],[-96.3547,42.34626]]]}},{"type":"Feature","properties":{},"geometry":{"type":"Polygon","coordinates":[[[-95.91713,42.45141],[-95.9154,42.45161],[-95.91775,42.45365],[-95.91713,42.45141]]]}},{"type":"Feature","properties":{},"geometry":{"type":"Polygon","coordinates":[[[-95.93457,42.44891],[-95.93685,42.449],[-95.93586,42.44792],[-95.93457,42.44891]]]}},{"type":"Feature","properties":{},"geometry":{"type":"Polygon","coordinates":[[[-95.91338,42.4339],[-95.91598,42.43472],[-95.91588,42.43392],[-95.91338,42.4339]]]}},{"type":"Feature","properties":{},"geometry":{"type":"Polygon","coordinates":[[[-95.93539,42.43668],[-95.9369,42.43574],[-95.93542,42.43659],[-95.93539,42.43668]]]}},{"type":"Feature","properties":{},"geometry":{"type":"Polygon","coordinates":[[[-95.93005,42.43327],[-95.93276,42.43458],[-95.93214,42.43302],[-95.93005,42.43327]]]}},{"type":"Feature","properties":{},"geometry":{"type":"Polygon","coordinates":[[[-95.97926,42.4318],[-95.98013,42.43344],[-95.98096,42.43189],[-95.97926,42.4318]]]}},{"type":"Feature","properties":{},"geometry":{"type":"Polygon","coordinates":[[[-95.98315,42.41673],[-95.9808,42.41515],[-95.9822,42.41899],[-95.98315,42.41673]]]}},{"type":"Feature","properties":{},"geometry":{"type":"Polygon","coordinates":[[[-95.98456,42.40955],[-95.98332,42.40656],[-95.98139,42.41239],[-95.98456,42.40955]]]}},{"type":"Feature","properties":{},"geometry":{"type":"Polygon","coordinates":[[[-95.98908,42.40449],[-95.98674,42.40525],[-95.98967,42.40611],[-95.98908,42.40449]]]}},{"type":"Feature","properties":{},"geometry":{"type":"Polygon","coordinates":[[[-95.9829,42.39769],[-95.98114,42.39712],[-95.98056,42.39867],[-95.9829,42.39769]]]}},{"type":"Feature","properties":{},"geometry":{"type":"Polygon","coordinates":[[[-95.99853,42.3971],[-95.99631,42.39619],[-95.99798,42.39772],[-95.99853,42.3971]]]}},{"type":"Feature","properties":{},"geometry":{"type":"Polygon","coordinates":[[[-95.95854,42.39759],[-95.95958,42.39636],[-95.95851,42.39741],[-95.95854,42.39759]]]}},{"type":"Feature","properties":{},"geometry":{"type":"Polygon","coordinates":[[[-95.98743,42.39592],[-95.98536,42.39526],[-95.98533,42.39572],[-95.98743,42.39592]]]}},{"type":"Feature","properties":{},"geometry":{"type":"Polygon","coordinates":[[[-95.96773,42.37973],[-95.96893,42.38026],[-95.96881,42.37884],[-95.96773,42.37973]]]}},{"type":"Feature","properties":{},"geometry":{"type":"Polygon","coordinates":[[[-95.97448,42.37628],[-95.97451,42.37888],[-95.97626,42.37577],[-95.97448,42.37628]]]}},{"type":"Feature","properties":{},"geometry":{"type":"Polygon","coordinates":[[[-95.98239,42.37145],[-95.98356,42.37286],[-95.98461,42.37144],[-95.98239,42.37145]]]}},{"type":"Feature","properties":{},"geometry":{"type":"Polygon","coordinates":[[[-95.95726,42.32214],[-95.95569,42.32308],[-95.95646,42.32353],[-95.95726,42.32214]]]}},{"type":"Feature","properties":{},"geometry":{"type":"Polygon","coordinates":[[[-95.93593,42.30898],[-95.93931,42.30727],[-95.93633,42.30622],[-95.93593,42.30898]]]}},{"type":"Feature","properties":{},"geometry":{"type":"Polygon","coordinates":[[[-95.97262,42.2791],[-95.97265,42.28009],[-95.97637,42.27814],[-95.97262,42.2791]]]}},{"type":"Feature","properties":{},"geometry":{"type":"Polygon","coordinates":[[[-95.96726,42.27822],[-95.96431,42.2797],[-95.96767,42.28002],[-95.96726,42.27822]]]}},{"type":"Feature","properties":{},"geometry":{"type":"Polygon","coordinates":[[[-95.96517,42.23926],[-95.96594,42.24081],[-95.96658,42.23928],[-95.96517,42.23926]]]}},{"type":"Feature","properties":{},"geometry":{"type":"Polygon","coordinates":[[[-95.99338,42.23813],[-95.9927,42.23953],[-95.99399,42.23916],[-95.99338,42.23813]]]}},{"type":"Feature","properties":{},"geometry":{"type":"Polygon","coordinates":[[[-95.97809,42.22379],[-95.9773,42.22548],[-95.9796,42.22436],[-95.97809,42.22379]]]}},{"type":"Feature","properties":{},"geometry":{"type":"Polygon","coordinates":[[[-95.99833,42.22491],[-95.99464,42.22373],[-95.99442,42.22414],[-95.99833,42.22491]]]}},{"type":"Feature","properties":{},"geometry":{"type":"Polygon","coordinates":[[[-95.98617,42.21949],[-95.98713,42.22088],[-95.98796,42.21937],[-95.98617,42.21949]]]}},{"type":"Feature","properties":{},"geometry":{"type":"Polygon","coordinates":[[[-96.11761,43.06517],[-96.11397,43.06426],[-96.11362,43.06474],[-96.11761,43.06517]]]}},{"type":"Feature","properties":{},"geometry":{"type":"Polygon","coordinates":[[[-96.17079,43.0109],[-96.16705,43.00816],[-96.16575,43.01107],[-96.17079,43.0109]]]}},{"type":"Feature","properties":{},"geometry":{"type":"Polygon","coordinates":[[[-96.00626,42.97458],[-96.00518,42.97335],[-96.00548,42.97463],[-96.00626,42.97458]]]}},{"type":"Feature","properties":{},"geometry":{"type":"Polygon","coordinates":[[[-96.00704,42.97296],[-96.00484,42.97177],[-96.00468,42.97289],[-96.00704,42.97296]]]}},{"type":"Feature","properties":{},"geometry":{"type":"Polygon","coordinates":[[[-96.18991,42.96601],[-96.18864,42.96717],[-96.18988,42.96726],[-96.18991,42.96601]]]}},{"type":"Feature","properties":{},"geometry":{"type":"Polygon","coordinates":[[[-96.29549,42.65969],[-96.29317,42.66049],[-96.29556,42.65988],[-96.29549,42.65969]]]}},{"type":"Feature","properties":{},"geometry":{"type":"Polygon","coordinates":[[[-96.29225,42.61239],[-96.29033,42.61239],[-96.29218,42.61523],[-96.29225,42.61239]]]}},{"type":"Feature","properties":{},"geometry":{"type":"Polygon","coordinates":[[[-96.33651,42.60307],[-96.3384,42.60282],[-96.33955,42.60243],[-96.33651,42.60307]]]}},{"type":"Feature","properties":{},"geometry":{"type":"Polygon","coordinates":[[[-96.32494,42.60037],[-96.32581,42.5992],[-96.32479,42.59959],[-96.32494,42.60037]]]}},{"type":"Feature","properties":{},"geometry":{"type":"Polygon","coordinates":[[[-96.27281,42.58023],[-96.27268,42.58117],[-96.27423,42.58072],[-96.27281,42.58023]]]}},{"type":"Feature","properties":{},"geometry":{"type":"Polygon","coordinates":[[[-96.32469,42.56546],[-96.32284,42.5652],[-96.32438,42.56589],[-96.32469,42.56546]]]}},{"type":"Feature","properties":{},"geometry":{"type":"Polygon","coordinates":[[[-96.31112,42.5596],[-96.30825,42.55994],[-96.30788,42.56035],[-96.31112,42.5596]]]}},{"type":"Feature","properties":{},"geometry":{"type":"Polygon","coordinates":[[[-96.31109,42.55818],[-96.30964,42.55845],[-96.31109,42.55871],[-96.31109,42.55818]]]}},{"type":"Feature","properties":{},"geometry":{"type":"Polygon","coordinates":[[[-95.8753,42.62123],[-95.87458,42.62207],[-95.87592,42.62216],[-95.8753,42.62123]]]}},{"type":"Feature","properties":{},"geometry":{"type":"Polygon","coordinates":[[[-95.74983,42.56471],[-95.75051,42.56387],[-95.74973,42.56375],[-95.74983,42.56471]]]}},{"type":"Feature","properties":{},"geometry":{"type":"Polygon","coordinates":[[[-96.43266,42.59422],[-96.43352,42.5965],[-96.43572,42.59447],[-96.43266,42.59422]]]}},{"type":"Feature","properties":{},"geometry":{"type":"Polygon","coordinates":[[[-96.38695,42.44864],[-96.3834,42.45107],[-96.38738,42.45081],[-96.38695,42.44864]]]}},{"type":"Feature","properties":{},"geometry":{"type":"Polygon","coordinates":[[[-96.3687,42.44681],[-96.36389,42.44693],[-96.3691,42.44825],[-96.3687,42.44681]]]}},{"type":"Feature","properties":{},"geometry":{"type":"Polygon","coordinates":[[[-96.39953,42.38275],[-96.39838,42.38051],[-96.39909,42.38291],[-96.39953,42.38275]]]}},{"type":"Feature","properties":{},"geometry":{"type":"Polygon","coordinates":[[[-96.35373,42.38151],[-96.34985,42.37795],[-96.35207,42.38051],[-96.35373,42.38151]]]}},{"type":"Feature","properties":{},"geometry":{"type":"Polygon","coordinates":[[[-96.36289,42.37795],[-96.36067,42.37667],[-96.36098,42.37783],[-96.36289,42.37795]]]}},{"type":"Feature","properties":{},"geometry":{"type":"Polygon","coordinates":[[[-96.3661,42.37587],[-96.36342,42.37701],[-96.36675,42.37626],[-96.3661,42.37587]]]}},{"type":"Feature","properties":{},"geometry":{"type":"Polygon","coordinates":[[[-96.40325,42.37539],[-96.40011,42.37646],[-96.39965,42.37758],[-96.40325,42.37539]]]}},{"type":"Feature","properties":{},"geometry":{"type":"Polygon","coordinates":[[[-96.4048,42.37674],[-96.40415,42.3753],[-96.40406,42.37685],[-96.4048,42.37674]]]}},{"type":"Feature","properties":{},"geometry":{"type":"Polygon","coordinates":[[[-96.35127,42.3723],[-96.34865,42.37157],[-96.34819,42.37349],[-96.35127,42.3723]]]}},{"type":"Feature","properties":{},"geometry":{"type":"Polygon","coordinates":[[[-96.36021,42.36988],[-96.35349,42.37001],[-96.35216,42.37013],[-96.36021,42.36988]]]}},{"type":"Feature","properties":{},"geometry":{"type":"Polygon","coordinates":[[[-96.40853,42.37107],[-96.40939,42.36718],[-96.40532,42.3715],[-96.40853,42.37107]]]}},{"type":"Feature","properties":{},"geometry":{"type":"Polygon","coordinates":[[[-96.3641,42.34318],[-96.35889,42.34809],[-96.3576,42.34889],[-96.36469,42.34882],[-96.3641,42.34318]]]}},{"type":"Feature","properties":{},"geometry":{"type":"Polygon","coordinates":[[[-96.3564,42.34153],[-96.36099,42.33529],[-96.35579,42.33362],[-96.36817,42.3328],[-96.35471,42.32978],[-96.3564,42.34153]]]}},{"type":"Feature","properties":{},"geometry":{"type":"Polygon","coordinates":[[[-96.40096,42.33913],[-96.40124,42.34125],[-96.40213,42.34],[-96.40096,42.33913]]]}},{"type":"Feature","properties":{},"geometry":{"type":"Polygon","coordinates":[[[-96.39507,42.33737],[-96.39791,42.33787],[-96.39375,42.33563],[-96.39507,42.33737]]]}},{"type":"Feature","properties":{},"geometry":{"type":"Polygon","coordinates":[[[-96.38185,42.32976],[-96.38093,42.3322],[-96.38152,42.33234],[-96.38185,42.32976]]]}},{"type":"Feature","properties":{},"geometry":{"type":"Polygon","coordinates":[[[-96.37452,42.33042],[-96.37378,42.3314],[-96.37446,42.33145],[-96.37452,42.33042]]]}},{"type":"Feature","properties":{},"geometry":{"type":"Polygon","coordinates":[[[-96.3585,42.33046],[-96.35693,42.32978],[-96.35847,42.33085],[-96.3585,42.33046]]]}},{"type":"Feature","properties":{},"geometry":{"type":"Polygon","coordinates":[[[-96.37474,42.32976],[-96.37406,42.32877],[-96.37384,42.3298],[-96.37474,42.32976]]]}},{"type":"Feature","properties":{},"geometry":{"type":"Polygon","coordinates":[[[-96.35631,42.3287],[-96.35813,42.32299],[-96.35471,42.32852],[-96.35631,42.3287]]]}},{"type":"Feature","properties":{},"geometry":{"type":"Polygon","coordinates":[[[-96.33293,42.32442],[-96.32357,42.31154],[-96.32472,42.30981],[-96.33553,42.30864],[-96.33858,42.3065],[-96.32173,42.30649],[-96.32544,42.32428],[-96.33672,42.32511],[-96.3443,42.32072],[-96.33293,42.32442]]]}},{"type":"Feature","properties":{},"geometry":{"type":"Polygon","coordinates":[[[-96.36494,42.32392],[-96.36257,42.32274],[-96.36251,42.32406],[-96.36494,42.32392]]]}},{"type":"Feature","properties":{},"geometry":{"type":"Polygon","coordinates":[[[-96.36808,42.32411],[-96.36725,42.32315],[-96.3659,42.32326],[-96.36808,42.32411]]]}},{"type":"Feature","properties":{},"geometry":{"type":"Polygon","coordinates":[[[-96.37123,42.32203],[-96.36956,42.32194],[-96.36913,42.32402],[-96.37123,42.32203]]]}},{"type":"Feature","properties":{},"geometry":{"type":"Polygon","coordinates":[[[-96.36845,42.32077],[-96.36411,42.31727],[-96.36414,42.32125],[-96.36845,42.32077]]]}},{"type":"Feature","properties":{},"geometry":{"type":"Polygon","coordinates":[[[-96.37372,42.31995],[-96.37209,42.32008],[-96.37301,42.32093],[-96.37372,42.31995]]]}},{"type":"Feature","properties":{},"geometry":{"type":"Polygon","coordinates":[[[-96.35457,42.30291],[-96.35111,42.30609],[-96.35139,42.30652],[-96.35457,42.30291]]]}},{"type":"Feature","properties":{},"geometry":{"type":"Polygon","coordinates":[[[-96.35364,42.30152],[-96.34982,42.30492],[-96.34998,42.30584],[-96.35364,42.30152]]]}},{"type":"Feature","properties":{},"geometry":{"type":"Polygon","coordinates":[[[-96.34687,42.29264],[-96.34936,42.2934],[-96.35007,42.29294],[-96.34687,42.29264]]]}},{"type":"Feature","properties":{},"geometry":{"type":"Polygon","coordinates":[[[-96.33945,42.28937],[-96.34044,42.29113],[-96.34102,42.29104],[-96.33945,42.28937]]]}},{"type":"Feature","properties":{},"geometry":{"type":"Polygon","coordinates":[[[-96.33339,42.2861],[-96.33321,42.28253],[-96.33136,42.28121],[-96.33339,42.2861]]]}},{"type":"Feature","properties":{},"geometry":{"type":"Polygon","coordinates":[[[-96.32196,42.2861],[-96.32267,42.28591],[-96.32092,42.28475],[-96.32196,42.2861]]]}},{"type":"Feature","properties":{},"geometry":{"type":"MultiPolygon","coordinates":[[[[-96.32591,42.27629],[-96.33382,42.281],[-96.35328,42.28384],[-96.32825,42.27743],[-96.3278,42.26052],[-96.32457,42.26266],[-96.32303,42.26719],[-96.32591,42.27629]]],[[[-96.32531,42.26641],[-96.32466,42.2644],[-96.32414,42.26685],[-96.32531,42.26641]]]]}},{"type":"Feature","properties":{},"geometry":{"type":"Polygon","coordinates":[[[-96.31341,42.28051],[-96.31366,42.27932],[-96.3127,42.27914],[-96.31341,42.28051]]]}},{"type":"Feature","properties":{},"geometry":{"type":"MultiPolygon","coordinates":[[[[-96.33056,42.25],[-96.33526,42.25348],[-96.33764,42.24102],[-96.34074,42.24948],[-96.34038,42.24281],[-96.33448,42.23725],[-96.33056,42.25]]],[[[-96.33398,42.2452],[-96.33207,42.24616],[-96.33234,42.24783],[-96.33398,42.2452]]],[[[-96.33493,42.24941],[-96.33394,42.24797],[-96.33406,42.24994],[-96.33493,42.24941]]]]}},{"type":"Feature","properties":{},"geometry":{"type":"Polygon","coordinates":[[[-96.33165,42.23379],[-96.32799,42.2321],[-96.32971,42.23391],[-96.32878,42.2353],[-96.33165,42.23379]]]}},{"type":"Feature","properties":{},"geometry":{"type":"Polygon","coordinates":[[[-96.3579,42.21261],[-96.33717,42.21692],[-96.32605,42.22821],[-96.3306,42.23228],[-96.3332,42.2214],[-96.3579,42.21261]]]}},{"type":"Feature","properties":{},"geometry":{"type":"Polygon","coordinates":[[[-96.28522,42.21956],[-96.2846,42.21997],[-96.28463,42.22231],[-96.28522,42.21956]]]}},{"type":"Feature","properties":{},"geometry":{"type":"Polygon","coordinates":[[[-96.34356,42.18288],[-96.3415,42.18281],[-96.3395,42.1851],[-96.34356,42.18288]]]}},{"type":"Feature","properties":{},"geometry":{"type":"Polygon","coordinates":[[[-96.33893,42.16018],[-96.33699,42.16029],[-96.34062,42.16198],[-96.33893,42.16018]]]}},{"type":"Feature","properties":{},"geometry":{"type":"Polygon","coordinates":[[[-96.22237,42.15775],[-96.22089,42.15656],[-96.22095,42.158],[-96.22237,42.15775]]]}},{"type":"Feature","properties":{},"geometry":{"type":"Polygon","coordinates":[[[-96.244,42.14262],[-96.23587,42.15028],[-96.22522,42.15578],[-96.23833,42.15026],[-96.244,42.14262]]]}},{"type":"Feature","properties":{},"geometry":{"type":"MultiPolygon","coordinates":[[[[-96.32179,42.15653],[-96.32228,42.15766],[-96.33469,42.15931],[-96.32858,42.15638],[-96.32179,42.15653]]],[[[-96.3307,42.15777],[-96.32437,42.15747],[-96.33103,42.15816],[-96.3307,42.15777]]]]}},{"type":"Feature","properties":{},"geometry":{"type":"Polygon","coordinates":[[[-96.31927,42.15246],[-96.31543,42.14878],[-96.31887,42.15319],[-96.31927,42.15246]]]}},{"type":"Feature","properties":{},"geometry":{"type":"Polygon","coordinates":[[[-96.26012,42.14098],[-96.25901,42.1411],[-96.26073,42.14197],[-96.26012,42.14098]]]}},{"type":"Feature","properties":{},"geometry":{"type":"Polygon","coordinates":[[[-96.26052,42.13707],[-96.25967,42.13561],[-96.25942,42.13812],[-96.26052,42.13707]]]}},{"type":"Feature","properties":{},"geometry":{"type":"Polygon","coordinates":[[[-96.18836,42.13228],[-96.18707,42.13173],[-96.18637,42.1352],[-96.18836,42.13228]]]}},{"type":"Feature","properties":{},"geometry":{"type":"Polygon","coordinates":[[[-96.23422,42.1325],[-96.2223,42.13143],[-96.22602,42.13292],[-96.23422,42.1325]]]}},{"type":"Feature","properties":{},"geometry":{"type":"Polygon","coordinates":[[[-96.21127,42.12739],[-96.21277,42.12424],[-96.21151,42.12428],[-96.21127,42.12739]]]}},{"type":"Feature","properties":{},"geometry":{"type":"Polygon","coordinates":[[[-96.24569,42.12311],[-96.24206,42.1225],[-96.24778,42.12368],[-96.24569,42.12311]]]}},{"type":"Feature","properties":{},"geometry":{"type":"Polygon","coordinates":[[[-96.23238,42.11928],[-96.22646,42.12032],[-96.22545,42.12148],[-96.23238,42.11928]]]}},{"type":"Feature","properties":{},"geometry":{"type":"Polygon","coordinates":[[[-96.22546,42.10891],[-96.22432,42.10864],[-96.22273,42.1096],[-96.22546,42.10891]]]}},{"type":"Feature","properties":{},"geometry":{"type":"Polygon","coordinates":[[[-96.23693,42.08174],[-96.23385,42.07964],[-96.2338,42.08142],[-96.23693,42.08174]]]}},{"type":"Feature","properties":{},"geometry":{"type":"Polygon","coordinates":[[[-96.25207,42.08002],[-96.24524,42.07961],[-96.2396,42.08135],[-96.25207,42.08002]]]}},{"type":"Feature","properties":{},"geometry":{"type":"Polygon","coordinates":[[[-96.1644,42.07691],[-96.16247,42.07742],[-96.16579,42.07755],[-96.1644,42.07691]]]}},{"type":"Feature","properties":{},"geometry":{"type":"Polygon","coordinates":[[[-96.16244,42.07609],[-96.15986,42.0766],[-96.16281,42.07644],[-96.16244,42.07609]]]}},{"type":"Feature","properties":{},"geometry":{"type":"Polygon","coordinates":[[[-96.16763,42.07607],[-96.16483,42.07577],[-96.16471,42.07598],[-96.16763,42.07607]]]}},{"type":"Feature","properties":{},"geometry":{"type":"Polygon","coordinates":[[[-96.25523,42.07849],[-96.25665,42.07731],[-96.25379,42.07803],[-96.25523,42.07849]]]}},{"type":"Feature","properties":{},"geometry":{"type":"Polygon","coordinates":[[[-96.26941,42.04515],[-96.26311,42.06933],[-96.2645,42.07754],[-96.27197,42.05096],[-96.26941,42.04515]]]}},{"type":"Feature","properties":{},"geometry":{"type":"Polygon","coordinates":[[[-96.21374,42.06857],[-96.22755,42.06938],[-96.20741,42.06192],[-96.21374,42.06857]]]}},{"type":"Feature","properties":{},"geometry":{"type":"Polygon","coordinates":[[[-96.23193,42.06858],[-96.22822,42.06924],[-96.22807,42.06947],[-96.23193,42.06858]]]}},{"type":"Feature","properties":{},"geometry":{"type":"Polygon","coordinates":[[[-96.16816,42.05133],[-96.17696,42.04847],[-96.16083,42.04706],[-96.16266,42.03067],[-96.15521,42.02687],[-96.15601,42.04599],[-96.16816,42.05133]]]}},{"type":"Feature","properties":{},"geometry":{"type":"Polygon","coordinates":[[[-96.09394,41.69598],[-96.09088,41.69787],[-96.09131,41.69863],[-96.09394,41.69598]]]}},{"type":"Feature","properties":{},"geometry":{"type":"Polygon","coordinates":[[[-96.10107,41.65529],[-96.10107,41.65444],[-96.09875,41.65403],[-96.10107,41.65529]]]}},{"type":"Feature","properties":{},"geometry":{"type":"Polygon","coordinates":[[[-96.1051,41.63645],[-96.10351,41.63885],[-96.10452,41.63915],[-96.1051,41.63645]]]}},{"type":"Feature","properties":{},"geometry":{"type":"Polygon","coordinates":[[[-96.09889,41.62643],[-96.09806,41.63578],[-96.10016,41.63368],[-96.09889,41.62643]]]}},{"type":"Feature","properties":{},"geometry":{"type":"Polygon","coordinates":[[[-96.09045,41.61832],[-96.09365,41.61896],[-96.08789,41.61751],[-96.09045,41.61832]]]}},{"type":"Feature","properties":{},"geometry":{"type":"Polygon","coordinates":[[[-96.10648,41.60968],[-96.11102,41.61281],[-96.11403,41.60721],[-96.11254,41.60586],[-96.10648,41.60968]]]}},{"type":"Feature","properties":{},"geometry":{"type":"Polygon","coordinates":[[[-96.09473,41.58702],[-96.09629,41.58768],[-96.09635,41.58745],[-96.09473,41.58702]]]}},{"type":"Feature","properties":{},"geometry":{"type":"Polygon","coordinates":[[[-96.09017,41.58459],[-96.08746,41.58448],[-96.09056,41.58517],[-96.09017,41.58459]]]}},{"type":"Feature","properties":{},"geometry":{"type":"MultiPolygon","coordinates":[[[[-96.07248,41.57521],[-96.07398,41.56925],[-96.08299,41.56719],[-96.07142,41.56927],[-96.07054,41.57146],[-96.07248,41.57521]]],[[[-96.07276,41.57098],[-96.07121,41.5706],[-96.07148,41.57206],[-96.07276,41.57098]]]]}},{"type":"Feature","properties":{},"geometry":{"type":"Polygon","coordinates":[[[-96.09597,41.56087],[-96.09243,41.56288],[-96.09472,41.56526],[-96.09597,41.56087]]]}},{"type":"Feature","properties":{},"geometry":{"type":"Polygon","coordinates":[[[-95.79644,41.98407],[-95.79497,41.98476],[-95.79674,41.98593],[-95.79644,41.98407]]]}},{"type":"Feature","properties":{},"geometry":{"type":"Polygon","coordinates":[[[-95.75261,41.93838],[-95.75141,41.94252],[-95.75254,41.94252],[-95.75261,41.93838]]]}},{"type":"Feature","properties":{},"geometry":{"type":"Polygon","coordinates":[[[-95.74531,41.92548],[-95.7451,41.9279],[-95.74678,41.92806],[-95.74531,41.92548]]]}},{"type":"Feature","properties":{},"geometry":{"type":"Polygon","coordinates":[[[-95.82377,41.88941],[-95.82365,41.89211],[-95.82567,41.89191],[-95.82377,41.88941]]]}},{"type":"Feature","properties":{},"geometry":{"type":"Polygon","coordinates":[[[-95.9246,41.87039],[-95.92747,41.87061],[-95.92472,41.86988],[-95.9246,41.87039]]]}},{"type":"Feature","properties":{},"geometry":{"type":"Polygon","coordinates":[[[-95.84633,41.86807],[-95.84709,41.86898],[-95.84517,41.86425],[-95.84633,41.86807]]]}},{"type":"Feature","properties":{},"geometry":{"type":"Polygon","coordinates":[[[-95.97395,41.77031],[-95.9731,41.77148],[-95.97475,41.77098],[-95.97395,41.77031]]]}},{"type":"Feature","properties":{},"geometry":{"type":"Polygon","coordinates":[[[-96.0003,42.26433],[-96.00128,42.26529],[-96.00184,42.26383],[-96.0003,42.26433]]]}},{"type":"Feature","properties":{},"geometry":{"type":"Polygon","coordinates":[[[-94.91803,43.19146],[-94.92182,43.20209],[-94.92819,43.20035],[-94.92415,43.19216],[-94.91803,43.19146]]]}},{"type":"Feature","properties":{},"geometry":{"type":"MultiPolygon","coordinates":[[[[-94.95632,43.18112],[-94.9714,43.17368],[-94.9703,43.16792],[-94.95921,43.16623],[-94.95275,43.16889],[-94.95632,43.18112]]],[[[-94.96146,43.16744],[-94.95968,43.16868],[-94.9599,43.17138],[-94.96343,43.17181],[-94.96146,43.16744]]],[[[-94.96877,43.17062],[-94.96584,43.17259],[-94.96918,43.17174],[-94.96877,43.17062]]],[[[-94.96015,43.17238],[-94.95641,43.17227],[-94.95962,43.17325],[-94.96015,43.17238]]],[[[-94.95656,43.17008],[-94.9569,43.16788],[-94.95406,43.16898],[-94.95656,43.17008]]]]}},{"type":"Feature","properties":{},"geometry":{"type":"MultiPolygon","coordinates":[[[[-94.9235,43.16408],[-94.92597,43.1658],[-94.9401,43.147],[-94.93725,43.13728],[-94.94079,43.14514],[-94.95052,43.14155],[-94.93977,43.13415],[-94.92956,43.13486],[-94.9235,43.16408]]],[[[-94.93492,43.15091],[-94.92971,43.15103],[-94.93339,43.15358],[-94.93492,43.15091]]],[[[-94.92696,43.15464],[-94.93118,43.15544],[-94.93074,43.15425],[-94.92696,43.15464]]]]}},{"type":"Feature","properties":{},"geometry":{"type":"Polygon","coordinates":[[[-94.92115,43.07679],[-94.914,43.0729],[-94.91522,43.07619],[-94.92115,43.07679]]]}},{"type":"Feature","properties":{},"geometry":{"type":"Polygon","coordinates":[[[-94.88531,43.19906],[-94.90478,43.19363],[-94.89918,43.18922],[-94.90968,43.18629],[-94.89418,43.18323],[-94.89468,43.19505],[-94.89096,43.18922],[-94.88531,43.19906]]]}},{"type":"Feature","properties":{},"geometry":{"type":"Polygon","coordinates":[[[-94.92649,43.1853],[-94.93946,43.18962],[-94.93769,43.17004],[-94.93433,43.1831],[-94.92649,43.1853]]]}},{"type":"Feature","properties":{},"geometry":{"type":"Polygon","coordinates":[[[-94.94376,43.12527],[-94.94728,43.11955],[-94.94487,43.11647],[-94.94376,43.12527]]]}},{"type":"Feature","properties":{},"geometry":{"type":"Polygon","coordinates":[[[-95.34462,43.42547],[-95.35042,43.42973],[-95.35904,43.42303],[-95.34462,43.42547]]]}},{"type":"Feature","properties":{},"geometry":{"type":"Polygon","coordinates":[[[-95.04813,43.3859],[-95.04665,43.38997],[-95.04995,43.38892],[-95.04813,43.3859]]]}},{"type":"Feature","properties":{},"geometry":{"type":"Polygon","coordinates":[[[-95.05607,43.37632],[-95.0524,43.37941],[-95.0571,43.37987],[-95.05607,43.37632]]]}},{"type":"Feature","properties":{},"geometry":{"type":"Polygon","coordinates":[[[-95.24502,43.1595],[-95.24249,43.15667],[-95.24115,43.15823],[-95.24502,43.1595]]]}},{"type":"Feature","properties":{},"geometry":{"type":"Polygon","coordinates":[[[-95.25028,43.15054],[-95.24606,43.14549],[-95.24347,43.14606],[-95.24389,43.15313],[-95.25028,43.15054]]]}},{"type":"Feature","properties":{},"geometry":{"type":"Polygon","coordinates":[[[-96.13166,41.96198],[-96.13267,41.97442],[-96.14386,41.9747],[-96.13356,41.95668],[-96.13724,41.972],[-96.13166,41.96198]]]}},{"type":"Feature","properties":{},"geometry":{"type":"Polygon","coordinates":[[[-96.13583,41.96118],[-96.13604,41.96201],[-96.13638,41.96102],[-96.13583,41.96118]]]}},{"type":"Feature","properties":{},"geometry":{"type":"Polygon","coordinates":[[[-96.13555,41.96016],[-96.1358,41.95968],[-96.13549,41.95956],[-96.13555,41.96016]]]}},{"type":"Feature","properties":{},"geometry":{"type":"Polygon","coordinates":[[[-96.13528,41.95803],[-96.13905,41.95654],[-96.13555,41.95524],[-96.13528,41.95803]]]}},{"type":"Feature","properties":{},"geometry":{"type":"Polygon","coordinates":[[[-96.13751,41.95437],[-96.14128,41.95051],[-96.13969,41.94895],[-96.13751,41.95437]]]}},{"type":"Feature","properties":{},"geometry":{"type":"Polygon","coordinates":[[[-96.14364,41.94182],[-96.14156,41.93985],[-96.14223,41.94248],[-96.14364,41.94182]]]}},{"type":"Feature","properties":{},"geometry":{"type":"Polygon","coordinates":[[[-96.14079,41.9305],[-96.14152,41.92929],[-96.13926,41.92854],[-96.14079,41.9305]]]}},{"type":"Feature","properties":{},"geometry":{"type":"Polygon","coordinates":[[[-96.04569,41.73445],[-96.03104,41.73558],[-96.03242,41.74491],[-96.04269,41.74137],[-96.03231,41.74027],[-96.04569,41.73445]]]}},{"type":"Feature","properties":{},"geometry":{"type":"Polygon","coordinates":[[[-96.11252,41.66791],[-96.1064,41.65986],[-96.09677,41.6527],[-96.10131,41.66128],[-96.11252,41.66791]]]}},{"type":"Feature","properties":{},"geometry":{"type":"Polygon","coordinates":[[[-96.0695,41.57793],[-96.06996,41.57498],[-96.06865,41.57119],[-96.0695,41.57793]]]}},{"type":"Feature","properties":{},"geometry":{"type":"Polygon","coordinates":[[[-96.13877,41.92801],[-96.14446,41.91635],[-96.1399,41.9191],[-96.13877,41.92801]]]}},{"type":"Feature","properties":{},"geometry":{"type":"Polygon","coordinates":[[[-96.06765,41.63044],[-96.05181,41.62929],[-96.04606,41.62241],[-96.05332,41.63354],[-96.06234,41.63378],[-96.06765,41.63044]]]}},{"type":"Feature","properties":{},"geometry":{"type":"Polygon","coordinates":[[[-96.1392,41.94408],[-96.14149,41.93741],[-96.13892,41.9338],[-96.1392,41.94408]]]}},{"type":"Feature","properties":{},"geometry":{"type":"Polygon","coordinates":[[[-96.1956,42.00537],[-96.18388,41.99398],[-96.18306,42.00096],[-96.1971,42.00927],[-96.20712,42.00001],[-96.1956,42.00537]]]}},{"type":"Feature","properties":{},"geometry":{"type":"Polygon","coordinates":[[[-95.33681,43.47035],[-95.34432,43.46658],[-95.35769,43.46804],[-95.33911,43.46443],[-95.33681,43.47035]]]}},{"type":"Feature","properties":{},"geometry":{"type":"Polygon","coordinates":[[[-95.28206,43.45569],[-95.2765,43.46202],[-95.28428,43.45953],[-95.28206,43.45569]]]}},{"type":"Feature","properties":{},"geometry":{"type":"Polygon","coordinates":[[[-95.03447,43.40176],[-95.04297,43.39861],[-95.03345,43.39366],[-95.03447,43.40176]]]}},{"type":"Feature","properties":{},"geometry":{"type":"Polygon","coordinates":[[[-95.03334,43.38095],[-95.03787,43.3898],[-95.04007,43.39019],[-95.04064,43.3861],[-95.03334,43.38095]]]}},{"type":"Feature","properties":{},"geometry":{"type":"Polygon","coordinates":[[[-95.028,43.38927],[-95.03218,43.38557],[-95.03168,43.38097],[-95.028,43.38927]]]}},{"type":"Feature","properties":{},"geometry":{"type":"Polygon","coordinates":[[[-95.04145,43.38551],[-95.04199,43.38187],[-95.03798,43.38198],[-95.04145,43.38551]]]}},{"type":"Feature","properties":{},"geometry":{"type":"Polygon","coordinates":[[[-95.36379,43.36208],[-95.35194,43.36583],[-95.34752,43.37077],[-95.36087,43.36741],[-95.36379,43.36208]]]}},{"type":"Feature","properties":{},"geometry":{"type":"Polygon","coordinates":[[[-95.04683,43.37582],[-95.05062,43.3728],[-95.04113,43.37227],[-95.04683,43.37582]]]}},{"type":"Feature","properties":{},"geometry":{"type":"Polygon","coordinates":[[[-96.18766,42.00409],[-96.18588,42.00562],[-96.18867,42.00601],[-96.18766,42.00409]]]}},{"type":"Feature","properties":{},"geometry":{"type":"Polygon","coordinates":[[[-96.33142,42.32202],[-96.34538,42.31919],[-96.34335,42.30437],[-96.33142,42.32202]]]}},{"type":"Feature","properties":{},"geometry":{"type":"Polygon","coordinates":[[[-96.30588,42.31986],[-96.30545,42.3212],[-96.30945,42.32313],[-96.30588,42.31986]]]}},{"type":"Feature","properties":{},"geometry":{"type":"Polygon","coordinates":[[[-96.32379,42.31605],[-96.32835,42.30887],[-96.32401,42.31024],[-96.32379,42.31605]]]}},{"type":"Feature","properties":{},"geometry":{"type":"Polygon","coordinates":[[[-96.33926,42.30517],[-96.33242,42.30835],[-96.34107,42.30444],[-96.33926,42.30517]]]}},{"type":"Feature","properties":{},"geometry":{"type":"Polygon","coordinates":[[[-96.32467,42.29536],[-96.32116,42.28742],[-96.32048,42.2887],[-96.32467,42.29536]]]}},{"type":"Feature","properties":{},"geometry":{"type":"Polygon","coordinates":[[[-96.32092,42.28523],[-96.31467,42.28104],[-96.31234,42.27022],[-96.31409,42.28125],[-96.32092,42.28523]]]}},{"type":"Feature","properties":{},"geometry":{"type":"Polygon","coordinates":[[[-96.35147,42.2755],[-96.35202,42.28089],[-96.35587,42.2843],[-96.35808,42.28119],[-96.35147,42.2755]]]}},{"type":"Feature","properties":{},"geometry":{"type":"Polygon","coordinates":[[[-96.2745,42.27998],[-96.2654,42.27202],[-96.26727,42.27671],[-96.2745,42.27998]]]}},{"type":"Feature","properties":{},"geometry":{"type":"Polygon","coordinates":[[[-96.29419,42.26523],[-96.28674,42.26477],[-96.29465,42.26667],[-96.29419,42.26523]]]}},{"type":"Feature","properties":{},"geometry":{"type":"Polygon","coordinates":[[[-96.31183,42.26385],[-96.30685,42.2539],[-96.30648,42.2565],[-96.31183,42.26385]]]}},{"type":"Feature","properties":{},"geometry":{"type":"Polygon","coordinates":[[[-96.21305,42.12746],[-96.21198,42.13325],[-96.21611,42.14195],[-96.21657,42.14156],[-96.21305,42.12746]]]}},{"type":"Feature","properties":{},"geometry":{"type":"Polygon","coordinates":[[[-96.22063,42.12611],[-96.22192,42.12531],[-96.22474,42.12187],[-96.22063,42.12611]]]}},{"type":"Feature","properties":{},"geometry":{"type":"Polygon","coordinates":[[[-96.21277,42.12424],[-96.21322,42.1182],[-96.21699,42.11388],[-96.21184,42.11809],[-96.21277,42.12424]]]}},{"type":"Feature","properties":{},"geometry":{"type":"MultiPolygon","coordinates":[[[[-95.1469,43.48985],[-95.14614,43.48027],[-95.14717,43.47067],[-95.1387,43.47968],[-95.1469,43.48985]]],[[[-95.14532,43.48201],[-95.14391,43.48288],[-95.1463,43.4827],[-95.14532,43.48201]]]]}},{"type":"Feature","properties":{},"geometry":{"type":"Polygon","coordinates":[[[-95.32085,43.44851],[-95.31825,43.44992],[-95.32079,43.44993],[-95.32085,43.44851]]]}},{"type":"Feature","properties":{},"geometry":{"type":"Polygon","coordinates":[[[-95.05528,42.08082],[-95.05301,42.08317],[-95.05534,42.08313],[-95.05528,42.08082]]]}},{"type":"Feature","properties":{},"geometry":{"type":"Polygon","coordinates":[[[-95.09368,42.2642],[-95.09295,42.26273],[-95.09301,42.26431],[-95.09368,42.2642]]]}},{"type":"Feature","properties":{},"geometry":{"type":"Polygon","coordinates":[[[-95.09233,42.26285],[-95.09138,42.26433],[-95.09233,42.26426],[-95.09233,42.26285]]]}},{"type":"Feature","properties":{},"geometry":{"type":"Polygon","coordinates":[[[-95.21422,43.4724],[-95.21312,43.47087],[-95.21165,43.47233],[-95.21422,43.4724]]]}},{"type":"Feature","properties":{},"geometry":{"type":"Polygon","coordinates":[[[-95.6158,43.45519],[-95.61423,43.45448],[-95.61379,43.45523],[-95.6158,43.45519]]]}},{"type":"Feature","properties":{},"geometry":{"type":"Polygon","coordinates":[[[-95.05812,43.37045],[-95.05655,43.36956],[-95.0547,43.37045],[-95.05812,43.37045]]]}},{"type":"Feature","properties":{},"geometry":{"type":"Polygon","coordinates":[[[-95.35443,43.31222],[-95.35067,43.31243],[-95.35443,43.3124],[-95.35443,43.31222]]]}},{"type":"Feature","properties":{},"geometry":{"type":"Polygon","coordinates":[[[-95.19098,43.15107],[-95.18777,43.15393],[-95.19114,43.15534],[-95.19098,43.15107]]]}},{"type":"Feature","properties":{},"geometry":{"type":"Polygon","coordinates":[[[-95.22808,43.13567],[-95.22668,43.13428],[-95.22671,43.13627],[-95.22808,43.13567]]]}},{"type":"Feature","properties":{},"geometry":{"type":"Polygon","coordinates":[[[-95.43341,43.04618],[-95.43148,43.04495],[-95.43304,43.04669],[-95.43341,43.04618]]]}},{"type":"Feature","properties":{},"geometry":{"type":"Polygon","coordinates":[[[-95.3405,42.87009],[-95.33951,42.86927],[-95.3396,42.87014],[-95.3405,42.87009]]]}},{"type":"Feature","properties":{},"geometry":{"type":"Polygon","coordinates":[[[-95.6643,42.63022],[-95.66331,42.63013],[-95.66334,42.63029],[-95.6643,42.63022]]]}},{"type":"Feature","properties":{},"geometry":{"type":"Polygon","coordinates":[[[-96.01885,42.08185],[-96.03417,42.09768],[-96.01883,42.08112],[-96.01885,42.08185]]]}},{"type":"Feature","properties":{},"geometry":{"type":"Polygon","coordinates":[[[-95.81049,42.44542],[-95.80712,42.44388],[-95.80709,42.44571],[-95.81049,42.44542]]]}},{"type":"Feature","properties":{},"geometry":{"type":"Polygon","coordinates":[[[-95.8993,42.35678],[-95.89175,42.35515],[-95.89277,42.35806],[-95.8993,42.35678]]]}},{"type":"Feature","properties":{},"geometry":{"type":"Polygon","coordinates":[[[-95.93502,42.20794],[-95.93231,42.20716],[-95.93044,42.20968],[-95.93502,42.20794]]]}},{"type":"Feature","properties":{},"geometry":{"type":"Polygon","coordinates":[[[-95.9377,42.12923],[-95.94153,42.12829],[-95.94153,42.12788],[-95.9377,42.12923]]]}},{"type":"Feature","properties":{},"geometry":{"type":"Polygon","coordinates":[[[-95.96137,42.10987],[-95.96184,42.11143],[-95.96205,42.10948],[-95.96137,42.10987]]]}},{"type":"Feature","properties":{},"geometry":{"type":"Polygon","coordinates":[[[-95.0577,42.05875],[-95.05813,42.05804],[-95.05697,42.05781],[-95.0577,42.05875]]]}},{"type":"Feature","properties":{},"geometry":{"type":"Polygon","coordinates":[[[-95.04654,42.21141],[-95.04712,42.21205],[-95.04777,42.21121],[-95.04654,42.21141]]]}},{"type":"Feature","properties":{},"geometry":{"type":"Polygon","coordinates":[[[-95.09781,42.13974],[-95.09627,42.13869],[-95.09713,42.14109],[-95.09781,42.13974]]]}},{"type":"Feature","properties":{},"geometry":{"type":"Polygon","coordinates":[[[-95.32651,42.03046],[-95.32421,42.03069],[-95.32565,42.03293],[-95.32651,42.03046]]]}},{"type":"Feature","properties":{},"geometry":{"type":"Polygon","coordinates":[[[-95.60537,42.25732],[-95.6042,42.25641],[-95.60426,42.25743],[-95.60537,42.25732]]]}},{"type":"Feature","properties":{},"geometry":{"type":"Polygon","coordinates":[[[-95.87425,42.16297],[-95.87232,42.16276],[-95.87447,42.16651],[-95.87425,42.16297]]]}},{"type":"Feature","properties":{},"geometry":{"type":"Polygon","coordinates":[[[-95.92801,42.08653],[-95.92688,42.08747],[-95.92933,42.08847],[-95.92801,42.08653]]]}},{"type":"Feature","properties":{},"geometry":{"type":"Polygon","coordinates":[[[-95.46932,41.92457],[-95.47161,41.92386],[-95.47121,41.92334],[-95.46932,41.92457]]]}},{"type":"Feature","properties":{},"geometry":{"type":"Polygon","coordinates":[[[-95.51915,41.90173],[-95.51698,41.90246],[-95.51927,41.90235],[-95.51915,41.90173]]]}},{"type":"Feature","properties":{},"geometry":{"type":"Polygon","coordinates":[[[-95.93926,41.63449],[-95.93615,41.63303],[-95.93554,41.63456],[-95.93926,41.63449]]]}},{"type":"Feature","properties":{},"geometry":{"type":"Polygon","coordinates":[[[-96.04559,41.55983],[-96.04803,41.5586],[-96.04465,41.55492],[-96.04559,41.55983]]]}},{"type":"Feature","properties":{},"geometry":{"type":"Polygon","coordinates":[[[-95.96697,41.4842],[-95.96919,41.48346],[-95.96217,41.48173],[-95.96697,41.4842]]]}},{"type":"Feature","properties":{},"geometry":{"type":"Polygon","coordinates":[[[-95.81747,41.4616],[-95.81604,41.46212],[-95.81811,41.46256],[-95.81747,41.4616]]]}},{"type":"Feature","properties":{},"geometry":{"type":"Polygon","coordinates":[[[-95.88954,41.41789],[-95.88827,41.41901],[-95.88982,41.41899],[-95.88954,41.41789]]]}},{"type":"Feature","properties":{},"geometry":{"type":"Polygon","coordinates":[[[-95.8626,41.40194],[-95.86197,41.39981],[-95.86075,41.40088],[-95.8626,41.40194]]]}},{"type":"Feature","properties":{},"geometry":{"type":"Polygon","coordinates":[[[-95.6251,42.3581],[-95.62137,42.35639],[-95.62257,42.36002],[-95.6251,42.3581]]]}},{"type":"Feature","properties":{},"geometry":{"type":"Polygon","coordinates":[[[-95.43674,42.35161],[-95.43653,42.35316],[-95.43739,42.35257],[-95.43674,42.35161]]]}},{"type":"Feature","properties":{},"geometry":{"type":"Polygon","coordinates":[[[-95.60347,42.30734],[-95.60095,42.3065],[-95.60086,42.30705],[-95.60347,42.30734]]]}},{"type":"Feature","properties":{},"geometry":{"type":"Polygon","coordinates":[[[-96.07688,42.47161],[-96.07552,42.4731],[-96.07651,42.47328],[-96.07688,42.47161]]]}},{"type":"Feature","properties":{},"geometry":{"type":"Polygon","coordinates":[[[-96.02244,42.45674],[-96.02133,42.45708],[-96.02253,42.45724],[-96.02244,42.45674]]]}},{"type":"Feature","properties":{},"geometry":{"type":"Polygon","coordinates":[[[-95.96755,42.3833],[-95.96567,42.3844],[-95.96792,42.38444],[-95.96755,42.3833]]]}},{"type":"Feature","properties":{},"geometry":{"type":"Polygon","coordinates":[[[-96.02485,42.81323],[-96.02239,42.81449],[-96.02485,42.81486],[-96.02485,42.81323]]]}},{"type":"Feature","properties":{},"geometry":{"type":"Polygon","coordinates":[[[-96.26257,42.5949],[-96.26081,42.59398],[-96.25966,42.59677],[-96.26257,42.5949]]]}},{"type":"Feature","properties":{},"geometry":{"type":"Polygon","coordinates":[[[-96.35466,42.49295],[-96.35346,42.49297],[-96.35454,42.49407],[-96.35466,42.49295]]]}},{"type":"Feature","properties":{},"geometry":{"type":"Polygon","coordinates":[[[-96.17928,42.07094],[-96.18107,42.07597],[-96.17717,42.0816],[-96.18211,42.07682],[-96.17928,42.07094]]]}},{"type":"Feature","properties":{},"geometry":{"type":"Polygon","coordinates":[[[-96.22986,42.07834],[-96.22796,42.07848],[-96.23257,42.08099],[-96.22986,42.07834]]]}},{"type":"Feature","properties":{},"geometry":{"type":"Polygon","coordinates":[[[-96.15595,42.04809],[-96.15522,42.04839],[-96.15648,42.04994],[-96.15595,42.04809]]]}},{"type":"Feature","properties":{},"geometry":{"type":"Polygon","coordinates":[[[-95.06034,42.2667],[-95.0664,42.26983],[-95.06856,42.26791],[-95.06034,42.2667]]]}},{"type":"Feature","properties":{},"geometry":{"type":"Polygon","coordinates":[[[-95.84685,42.24733],[-95.84863,42.24838],[-95.84842,42.24751],[-95.84685,42.24733]]]}},{"type":"Feature","properties":{},"geometry":{"type":"Polygon","coordinates":[[[-96.09506,41.70121],[-96.08737,41.71161],[-96.08718,41.71497],[-96.08895,41.71927],[-96.09506,41.70121]]]}},{"type":"Feature","properties":{},"geometry":{"type":"Polygon","coordinates":[[[-96.10766,41.64098],[-96.10595,41.64004],[-96.10778,41.64502],[-96.10766,41.64098]]]}},{"type":"Feature","properties":{},"geometry":{"type":"Polygon","coordinates":[[[-96.09959,41.62479],[-96.09873,41.62543],[-96.09898,41.62577],[-96.09959,41.62479]]]}},{"type":"Feature","properties":{},"geometry":{"type":"Polygon","coordinates":[[[-95.83317,41.87332],[-95.83171,41.87097],[-95.82874,41.87414],[-95.83317,41.87332]]]}},{"type":"Feature","properties":{},"geometry":{"type":"Polygon","coordinates":[[[-96.06663,41.78806],[-96.07317,41.77853],[-96.08142,41.7759],[-96.09313,41.76292],[-96.07299,41.77617],[-96.06663,41.78806]]]}},{"type":"Feature","properties":{},"geometry":{"type":"Polygon","coordinates":[[[-96.35316,42.34395],[-96.3544,42.33908],[-96.35276,42.34098],[-96.35316,42.34395]]]}},{"type":"Feature","properties":{},"geometry":{"type":"Polygon","coordinates":[[[-96.35634,42.34009],[-96.35803,42.34196],[-96.36265,42.34283],[-96.35634,42.34009]]]}},{"type":"Feature","properties":{},"geometry":{"type":"Polygon","coordinates":[[[-95.67518,42.97389],[-95.6749,42.97565],[-95.67549,42.97565],[-95.67518,42.97389]]]}},{"type":"Feature","properties":{},"geometry":{"type":"Polygon","coordinates":[[[-95.52301,42.75202],[-95.52202,42.75234],[-95.52301,42.75234],[-95.52301,42.75202]]]}},{"type":"Feature","properties":{},"geometry":{"type":"Polygon","coordinates":[[[-95.57368,42.72802],[-95.5702,42.73058],[-95.5738,42.73042],[-95.57368,42.72802]]]}},{"type":"Feature","properties":{},"geometry":{"type":"Polygon","coordinates":[[[-96.38892,42.3903],[-96.38719,42.38936],[-96.38719,42.39025],[-96.38892,42.3903]]]}},{"type":"Feature","properties":{},"geometry":{"type":"Polygon","coordinates":[[[-95.48715,42.93663],[-95.48821,42.93505],[-95.48706,42.93512],[-95.48715,42.93663]]]}},{"type":"Feature","properties":{},"geometry":{"type":"Polygon","coordinates":[[[-95.96618,42.05848],[-95.96351,42.05555],[-95.96348,42.05857],[-95.96618,42.05848]]]}},{"type":"Feature","properties":{},"geometry":{"type":"Polygon","coordinates":[[[-95.19749,43.49685],[-95.19583,43.49667],[-95.19526,43.4976],[-95.19749,43.49685]]]}},{"type":"Feature","properties":{},"geometry":{"type":"Polygon","coordinates":[[[-95.05204,43.48419],[-95.05233,43.47818],[-95.04912,43.47891],[-95.05204,43.48419]]]}},{"type":"Feature","properties":{},"geometry":{"type":"Polygon","coordinates":[[[-95.13063,43.4661],[-95.12924,43.46517],[-95.12906,43.46619],[-95.13063,43.4661]]]}},{"type":"Feature","properties":{},"geometry":{"type":"Polygon","coordinates":[[[-95.12858,43.46466],[-95.12645,43.46535],[-95.12692,43.46626],[-95.12858,43.46466]]]}},{"type":"Feature","properties":{},"geometry":{"type":"Polygon","coordinates":[[[-95.1329,43.40837],[-95.13027,43.41805],[-95.13472,43.41999],[-95.14347,43.40888],[-95.1329,43.40837]]]}},{"type":"Feature","properties":{},"geometry":{"type":"Polygon","coordinates":[[[-95.02682,43.40134],[-95.0301,43.40832],[-95.03243,43.40464],[-95.02682,43.40134]]]}},{"type":"Feature","properties":{},"geometry":{"type":"Polygon","coordinates":[[[-95.04389,43.39033],[-95.0427,43.39136],[-95.04377,43.39125],[-95.04389,43.39033]]]}},{"type":"Feature","properties":{},"geometry":{"type":"Polygon","coordinates":[[[-95.2937,43.15237],[-95.29148,43.15344],[-95.29429,43.15326],[-95.2937,43.15237]]]}},{"type":"Feature","properties":{},"geometry":{"type":"Polygon","coordinates":[[[-95.21209,43.13109],[-95.2135,43.12988],[-95.21141,43.13036],[-95.21209,43.13109]]]}},{"type":"Feature","properties":{},"geometry":{"type":"Polygon","coordinates":[[[-95.42233,43.05593],[-95.41936,43.05531],[-95.41918,43.05591],[-95.42233,43.05593]]]}},{"type":"Feature","properties":{},"geometry":{"type":"Polygon","coordinates":[[[-95.40616,42.58708],[-95.40192,42.58738],[-95.40158,42.58813],[-95.40616,42.58708]]]}},{"type":"Feature","properties":{},"geometry":{"type":"Polygon","coordinates":[[[-95.76627,42.56961],[-95.766,42.56858],[-95.76408,42.56871],[-95.76627,42.56961]]]}},{"type":"Feature","properties":{},"geometry":{"type":"Polygon","coordinates":[[[-95.75822,42.44965],[-95.75526,42.45025],[-95.75615,42.45075],[-95.75822,42.44965]]]}},{"type":"Feature","properties":{},"geometry":{"type":"Polygon","coordinates":[[[-95.15101,42.10747],[-95.14996,42.10663],[-95.15,42.1075],[-95.15101,42.10747]]]}},{"type":"Feature","properties":{},"geometry":{"type":"Polygon","coordinates":[[[-95.64686,42.22411],[-95.64714,42.22545],[-95.64803,42.22509],[-95.64686,42.22411]]]}},{"type":"Feature","properties":{},"geometry":{"type":"Polygon","coordinates":[[[-95.84304,42.07676],[-95.84184,42.07804],[-95.84288,42.07779],[-95.84304,42.07676]]]}},{"type":"Feature","properties":{},"geometry":{"type":"Polygon","coordinates":[[[-95.60174,41.95118],[-95.60438,41.95043],[-95.60184,41.95095],[-95.60174,41.95118]]]}},{"type":"Feature","properties":{},"geometry":{"type":"Polygon","coordinates":[[[-95.69803,41.79835],[-95.70094,41.79728],[-95.69932,41.79712],[-95.69803,41.79835]]]}},{"type":"Feature","properties":{},"geometry":{"type":"Polygon","coordinates":[[[-95.54638,41.80153],[-95.54504,41.80308],[-95.5466,41.8024],[-95.54638,41.80153]]]}},{"type":"Feature","properties":{},"geometry":{"type":"Polygon","coordinates":[[[-95.9117,41.52136],[-95.90796,41.52246],[-95.91176,41.52223],[-95.9117,41.52136]]]}},{"type":"Feature","properties":{},"geometry":{"type":"Polygon","coordinates":[[[-95.42449,41.74712],[-95.42324,41.74561],[-95.42266,41.74714],[-95.42449,41.74712]]]}},{"type":"Feature","properties":{},"geometry":{"type":"Polygon","coordinates":[[[-95.91871,41.35556],[-95.91541,41.35412],[-95.91486,41.35545],[-95.91871,41.35556]]]}},{"type":"Feature","properties":{},"geometry":{"type":"Polygon","coordinates":[[[-95.821,41.31902],[-95.81739,41.32165],[-95.81763,41.32341],[-95.821,41.31902]]]}},{"type":"Feature","properties":{},"geometry":{"type":"Polygon","coordinates":[[[-95.8698,41.20896],[-95.86901,41.20743],[-95.86768,41.2104],[-95.8698,41.20896]]]}},{"type":"Feature","properties":{},"geometry":{"type":"Polygon","coordinates":[[[-96.11004,42.40104],[-96.11075,42.40168],[-96.1122,42.40138],[-96.11004,42.40104]]]}},{"type":"Feature","properties":{},"geometry":{"type":"Polygon","coordinates":[[[-95.97955,42.41931],[-95.97658,42.41895],[-95.97548,42.42012],[-95.97955,42.41931]]]}},{"type":"Feature","properties":{},"geometry":{"type":"Polygon","coordinates":[[[-95.95664,42.4085],[-95.95423,42.40912],[-95.95643,42.4093],[-95.95664,42.4085]]]}},{"type":"Feature","properties":{},"geometry":{"type":"Polygon","coordinates":[[[-96.32234,42.56655],[-96.31934,42.56577],[-96.32021,42.56799],[-96.32234,42.56655]]]}},{"type":"Feature","properties":{},"geometry":{"type":"Polygon","coordinates":[[[-96.36579,42.58865],[-96.36366,42.58872],[-96.36279,42.58972],[-96.36579,42.58865]]]}},{"type":"Feature","properties":{},"geometry":{"type":"Polygon","coordinates":[[[-96.34076,42.49626],[-96.33804,42.49395],[-96.3365,42.49948],[-96.34076,42.49626]]]}},{"type":"Feature","properties":{},"geometry":{"type":"Polygon","coordinates":[[[-96.3367,42.25931],[-96.33615,42.25876],[-96.3355,42.2602],[-96.3367,42.25931]]]}},{"type":"Feature","properties":{},"geometry":{"type":"Polygon","coordinates":[[[-96.21273,42.1441],[-96.20909,42.15465],[-96.2196,42.15818],[-96.21068,42.15339],[-96.21273,42.1441]]]}},{"type":"Feature","properties":{},"geometry":{"type":"Polygon","coordinates":[[[-96.24277,42.14166],[-96.24033,42.13174],[-96.23553,42.13055],[-96.24277,42.14166]]]}},{"type":"Feature","properties":{},"geometry":{"type":"Polygon","coordinates":[[[-95.7851,42.01409],[-95.79074,42.0108],[-95.79105,42.00787],[-95.78961,42.00757],[-95.7851,42.01409]]]}},{"type":"Feature","properties":{},"geometry":{"type":"Polygon","coordinates":[[[-96.22606,42.07734],[-96.23173,42.07452],[-96.22289,42.07329],[-96.22606,42.07734]]]}},{"type":"Feature","properties":{},"geometry":{"type":"Polygon","coordinates":[[[-95.97961,42.58995],[-95.9827,42.58926],[-95.97951,42.58869],[-95.97961,42.58995]]]}},{"type":"Feature","properties":{},"geometry":{"type":"Polygon","coordinates":[[[-95.8986,41.54297],[-95.90234,41.54758],[-95.90231,41.54301],[-95.8986,41.54297]]]}},{"type":"Feature","properties":{},"geometry":{"type":"Polygon","coordinates":[[[-95.9064,43.06224],[-95.90509,43.0638],[-95.90647,43.06366],[-95.9064,43.06224]]]}},{"type":"Feature","properties":{},"geometry":{"type":"Polygon","coordinates":[[[-95.67406,42.97389],[-95.67253,42.97458],[-95.67412,42.97449],[-95.67406,42.97389]]]}},{"type":"Feature","properties":{},"geometry":{"type":"Polygon","coordinates":[[[-95.53531,42.47188],[-95.53411,42.4728],[-95.53553,42.47284],[-95.53531,42.47188]]]}},{"type":"Feature","properties":{},"geometry":{"type":"Polygon","coordinates":[[[-95.89705,42.01092],[-95.89843,42.01179],[-95.89745,42.01083],[-95.89705,42.01092]]]}},{"type":"Feature","properties":{},"geometry":{"type":"Polygon","coordinates":[[[-95.87507,42.00504],[-95.874,42.00584],[-95.87581,42.00667],[-95.87507,42.00504]]]}},{"type":"Feature","properties":{},"geometry":{"type":"Polygon","coordinates":[[[-94.89548,43.16398],[-94.89515,43.18184],[-94.91086,43.18064],[-94.92045,43.17097],[-94.91532,43.1626],[-94.89548,43.16398]]]}},{"type":"Feature","properties":{},"geometry":{"type":"Polygon","coordinates":[[[-95.18981,43.47932],[-95.19158,43.48816],[-95.19571,43.47819],[-95.18981,43.47932]]]}},{"type":"Feature","properties":{},"geometry":{"type":"Polygon","coordinates":[[[-95.21975,43.47223],[-95.21805,43.4729],[-95.22006,43.47303],[-95.21975,43.47223]]]}},{"type":"Feature","properties":{},"geometry":{"type":"Polygon","coordinates":[[[-95.12616,43.43611],[-95.1229,43.43672],[-95.1261,43.43787],[-95.12616,43.43611]]]}},{"type":"Feature","properties":{},"geometry":{"type":"Polygon","coordinates":[[[-95.02661,43.39329],[-95.02583,43.39407],[-95.02683,43.39377],[-95.02661,43.39329]]]}},{"type":"Feature","properties":{},"geometry":{"type":"Polygon","coordinates":[[[-95.535,43.38263],[-95.53353,43.38297],[-95.53522,43.38322],[-95.535,43.38263]]]}},{"type":"Feature","properties":{},"geometry":{"type":"Polygon","coordinates":[[[-95.03418,43.38973],[-95.03631,43.38994],[-95.03562,43.38841],[-95.03418,43.38973]]]}},{"type":"Feature","properties":{},"geometry":{"type":"Polygon","coordinates":[[[-95.52364,43.35173],[-95.52126,43.35057],[-95.52114,43.35107],[-95.52364,43.35173]]]}},{"type":"Feature","properties":{},"geometry":{"type":"Polygon","coordinates":[[[-95.18728,43.35367],[-95.18484,43.3533],[-95.18446,43.35397],[-95.18728,43.35367]]]}},{"type":"Feature","properties":{},"geometry":{"type":"Polygon","coordinates":[[[-95.17512,43.34332],[-95.17055,43.35034],[-95.17256,43.35333],[-95.17512,43.35278],[-95.17512,43.34332]]]}},{"type":"Feature","properties":{},"geometry":{"type":"Polygon","coordinates":[[[-95.08498,43.2381],[-95.08192,43.23874],[-95.08507,43.23956],[-95.08498,43.2381]]]}},{"type":"Feature","properties":{},"geometry":{"type":"Polygon","coordinates":[[[-95.25089,43.16593],[-95.24819,43.1657],[-95.24747,43.16661],[-95.25089,43.16593]]]}},{"type":"Feature","properties":{},"geometry":{"type":"Polygon","coordinates":[[[-95.19586,43.12845],[-95.19436,43.12875],[-95.19243,43.1301],[-95.19586,43.12845]]]}},{"type":"Feature","properties":{},"geometry":{"type":"Polygon","coordinates":[[[-95.33332,42.87567],[-95.33316,42.87631],[-95.33506,42.87562],[-95.33332,42.87567]]]}},{"type":"Feature","properties":{},"geometry":{"type":"Polygon","coordinates":[[[-95.29423,42.78735],[-95.29293,42.78801],[-95.29426,42.78753],[-95.29423,42.78735]]]}},{"type":"Feature","properties":{},"geometry":{"type":"Polygon","coordinates":[[[-95.49901,42.75855],[-95.49898,42.75789],[-95.49824,42.75844],[-95.49901,42.75855]]]}},{"type":"Feature","properties":{},"geometry":{"type":"Polygon","coordinates":[[[-95.56026,42.64192],[-95.56079,42.64357],[-95.56163,42.64245],[-95.56026,42.64192]]]}},{"type":"Feature","properties":{},"geometry":{"type":"Polygon","coordinates":[[[-95.74704,42.61059],[-95.74964,42.61109],[-95.74738,42.6097],[-95.74704,42.61059]]]}},{"type":"Feature","properties":{},"geometry":{"type":"Polygon","coordinates":[[[-95.65765,42.59874],[-95.65871,42.59698],[-95.65533,42.59673],[-95.65765,42.59874]]]}},{"type":"Feature","properties":{},"geometry":{"type":"Polygon","coordinates":[[[-95.67278,42.48362],[-95.67265,42.4852],[-95.6738,42.4841],[-95.67278,42.48362]]]}},{"type":"Feature","properties":{},"geometry":{"type":"Polygon","coordinates":[[[-95.88612,42.27361],[-95.88363,42.27441],[-95.88507,42.27498],[-95.88612,42.27361]]]}},{"type":"Feature","properties":{},"geometry":{"type":"Polygon","coordinates":[[[-95.91695,42.25628],[-95.91286,42.25594],[-95.91218,42.25745],[-95.91695,42.25628]]]}},{"type":"Feature","properties":{},"geometry":{"type":"Polygon","coordinates":[[[-95.9359,42.20186],[-95.93212,42.20314],[-95.93129,42.2052],[-95.9359,42.20186]]]}},{"type":"Feature","properties":{},"geometry":{"type":"Polygon","coordinates":[[[-95.94134,42.19749],[-95.93995,42.19621],[-95.93931,42.19744],[-95.94134,42.19749]]]}},{"type":"Feature","properties":{},"geometry":{"type":"Polygon","coordinates":[[[-96.1302,42.52225],[-96.12835,42.523],[-96.13079,42.52506],[-96.1302,42.52225]]]}},{"type":"Feature","properties":{},"geometry":{"type":"Polygon","coordinates":[[[-95.28478,42.13345],[-95.28331,42.13381],[-95.28487,42.13619],[-95.28478,42.13345]]]}},{"type":"Feature","properties":{},"geometry":{"type":"Polygon","coordinates":[[[-95.62789,42.01194],[-95.6266,42.01251],[-95.62779,42.0126],[-95.62789,42.01194]]]}},{"type":"Feature","properties":{},"geometry":{"type":"Polygon","coordinates":[[[-95.55725,42.30289],[-95.55623,42.30202],[-95.55595,42.3028],[-95.55725,42.30289]]]}},{"type":"Feature","properties":{},"geometry":{"type":"Polygon","coordinates":[[[-95.56812,42.29531],[-95.56803,42.29675],[-95.56911,42.29618],[-95.56812,42.29531]]]}},{"type":"Feature","properties":{},"geometry":{"type":"Polygon","coordinates":[[[-95.565,42.27489],[-95.56697,42.27432],[-95.56543,42.2737],[-95.565,42.27489]]]}},{"type":"Feature","properties":{},"geometry":{"type":"Polygon","coordinates":[[[-95.63024,41.87865],[-95.62914,41.88023],[-95.63055,41.88131],[-95.63024,41.87865]]]}},{"type":"Feature","properties":{},"geometry":{"type":"Polygon","coordinates":[[[-95.57048,41.85942],[-95.57259,41.85978],[-95.57072,41.85884],[-95.57048,41.85942]]]}},{"type":"Feature","properties":{},"geometry":{"type":"Polygon","coordinates":[[[-95.53491,41.76592],[-95.53476,41.76432],[-95.53406,41.76443],[-95.53491,41.76592]]]}},{"type":"Feature","properties":{},"geometry":{"type":"Polygon","coordinates":[[[-95.75853,41.66279],[-95.75691,41.66285],[-95.75734,41.66306],[-95.75853,41.66279]]]}},{"type":"Feature","properties":{},"geometry":{"type":"Polygon","coordinates":[[[-96.01667,41.5473],[-96.02985,41.54092],[-96.04144,41.5254],[-96.03102,41.53033],[-96.0328,41.52425],[-96.04266,41.51784],[-96.03225,41.52133],[-96.02151,41.54354],[-96.0003,41.53714],[-96.01667,41.5473]]]}},{"type":"Feature","properties":{},"geometry":{"type":"Polygon","coordinates":[[[-95.81379,41.46722],[-95.81187,41.46683],[-95.81339,41.46907],[-95.81379,41.46722]]]}},{"type":"Feature","properties":{},"geometry":{"type":"Polygon","coordinates":[[[-95.8969,41.36954],[-95.89393,41.37022],[-95.89627,41.37141],[-95.8969,41.36954]]]}},{"type":"Feature","properties":{},"geometry":{"type":"Polygon","coordinates":[[[-95.68518,41.34126],[-95.68378,41.34025],[-95.68415,41.34153],[-95.68518,41.34126]]]}},{"type":"Feature","properties":{},"geometry":{"type":"Polygon","coordinates":[[[-95.80581,41.3219],[-95.80472,41.32032],[-95.80447,41.32233],[-95.80581,41.3219]]]}},{"type":"Feature","properties":{},"geometry":{"type":"Polygon","coordinates":[[[-95.86447,41.1227],[-95.86241,41.11956],[-95.8638,41.12379],[-95.86447,41.1227]]]}},{"type":"Feature","properties":{},"geometry":{"type":"Polygon","coordinates":[[[-96.03184,42.37224],[-96.03298,42.37231],[-96.03208,42.3715],[-96.03184,42.37224]]]}},{"type":"Feature","properties":{},"geometry":{"type":"Polygon","coordinates":[[[-96.0364,42.26617],[-96.03656,42.26181],[-96.0345,42.26075],[-96.0364,42.26617]]]}},{"type":"Feature","properties":{},"geometry":{"type":"Polygon","coordinates":[[[-95.91951,42.41426],[-95.91991,42.413],[-95.91775,42.41282],[-95.91951,42.41426]]]}},{"type":"Feature","properties":{},"geometry":{"type":"Polygon","coordinates":[[[-95.98451,42.40233],[-95.98488,42.40299],[-95.98843,42.40024],[-95.98451,42.40233]]]}},{"type":"Feature","properties":{},"geometry":{"type":"Polygon","coordinates":[[[-96.18165,43.03645],[-96.17913,43.03364],[-96.17975,43.03646],[-96.18165,43.03645]]]}},{"type":"Feature","properties":{},"geometry":{"type":"Polygon","coordinates":[[[-96.35559,42.57041],[-96.35438,42.57118],[-96.35676,42.57098],[-96.35559,42.57041]]]}},{"type":"Feature","properties":{},"geometry":{"type":"Polygon","coordinates":[[[-95.26644,42.77562],[-95.26523,42.77564],[-95.26665,42.77658],[-95.26644,42.77562]]]}},{"type":"Feature","properties":{},"geometry":{"type":"Polygon","coordinates":[[[-96.40504,42.37463],[-96.40418,42.37363],[-96.40436,42.37484],[-96.40504,42.37463]]]}},{"type":"Feature","properties":{},"geometry":{"type":"Polygon","coordinates":[[[-96.22519,42.1572],[-96.22418,42.15743],[-96.22522,42.15736],[-96.22519,42.1572]]]}},{"type":"Feature","properties":{},"geometry":{"type":"Polygon","coordinates":[[[-96.21912,42.0738],[-96.21875,42.07449],[-96.22044,42.07496],[-96.21912,42.0738]]]}},{"type":"Feature","properties":{},"geometry":{"type":"Polygon","coordinates":[[[-96.09155,41.56651],[-96.08936,41.56656],[-96.08899,41.56692],[-96.09155,41.56651]]]}},{"type":"Feature","properties":{},"geometry":{"type":"Polygon","coordinates":[[[-94.90859,43.19523],[-94.91716,43.19955],[-94.91956,43.1993],[-94.91796,43.19203],[-94.90859,43.19523]]]}},{"type":"Feature","properties":{},"geometry":{"type":"Polygon","coordinates":[[[-95.34937,43.37865],[-95.3494,43.37365],[-95.35225,43.37164],[-95.34714,43.37173],[-95.34937,43.37865]]]}},{"type":"Feature","properties":{},"geometry":{"type":"Polygon","coordinates":[[[-96.07997,41.57684],[-96.07918,41.57183],[-96.08287,41.56754],[-96.07623,41.56957],[-96.07997,41.57684]]]}},{"type":"Feature","properties":{},"geometry":{"type":"Polygon","coordinates":[[[-96.36555,42.33252],[-96.36999,42.3311],[-96.37008,42.33003],[-96.36555,42.33252]]]}},{"type":"Feature","properties":{},"geometry":{"type":"Polygon","coordinates":[[[-96.0003,41.54242],[-95.99503,41.51083],[-96.01616,41.49136],[-95.99141,41.51145],[-96.0003,41.54242]]]}},{"type":"Feature","properties":{},"geometry":{"type":"Polygon","coordinates":[[[-96.06475,41.63239],[-96.05193,41.63078],[-96.04699,41.62725],[-96.05332,41.63354],[-96.05933,41.63442],[-96.06475,41.63239]]]}},{"type":"Feature","properties":{},"geometry":{"type":"Polygon","coordinates":[[[-95.8631,41.29452],[-95.86053,41.29247],[-95.86068,41.29686],[-95.8631,41.29452]]]}},{"type":"Feature","properties":{},"geometry":{"type":"Polygon","coordinates":[[[-95.16339,43.4952],[-95.14695,43.50601],[-95.16632,43.49998],[-95.16339,43.4952]]]}},{"type":"Feature","properties":{},"geometry":{"type":"Polygon","coordinates":[[[-95.06236,43.49998],[-95.06999,43.49399],[-95.10482,43.49763],[-95.10093,43.50917],[-95.12306,43.49418],[-95.12538,43.47605],[-95.11132,43.44637],[-95.09372,43.44806],[-95.07729,43.47837],[-95.06166,43.47238],[-95.06674,43.47588],[-95.05495,43.48941],[-95.06236,43.49998]]]}},{"type":"Feature","properties":{},"geometry":{"type":"Polygon","coordinates":[[[-95.49603,43.50306],[-95.49366,43.49936],[-95.49098,43.50316],[-95.49603,43.50306]]]}},{"type":"Feature","properties":{},"geometry":{"type":"Polygon","coordinates":[[[-95.09013,43.50045],[-95.09364,43.49907],[-95.08837,43.49872],[-95.09013,43.50045]]]}},{"type":"Feature","properties":{},"geometry":{"type":"Polygon","coordinates":[[[-94.98752,43.23784],[-95.01834,43.21518],[-95.01753,43.21298],[-95.00349,43.21973],[-94.98752,43.23784]]]}},{"type":"Feature","properties":{},"geometry":{"type":"Polygon","coordinates":[[[-95.45434,43.49286],[-95.45129,43.51149],[-95.4652,43.49344],[-95.45434,43.49286]]]}},{"type":"Feature","properties":{},"geometry":{"type":"Polygon","coordinates":[[[-95.15293,43.44033],[-95.14725,43.44024],[-95.15277,43.44244],[-95.15293,43.44033]]]}},{"type":"Feature","properties":{},"geometry":{"type":"MultiPolygon","coordinates":[[[[-95.12658,43.48983],[-95.11547,43.50974],[-95.1265,43.51603],[-95.13677,43.51175],[-95.13426,43.50279],[-95.12452,43.50341],[-95.1351,43.50012],[-95.13538,43.49644],[-95.13349,43.49399],[-95.12715,43.49761],[-95.12658,43.48983]]],[[[-95.13415,43.49614],[-95.13333,43.49564],[-95.13296,43.49624],[-95.13415,43.49614]]]]}},{"type":"Feature","properties":{},"geometry":{"type":"Polygon","coordinates":[[[-95.12674,43.48307],[-95.13198,43.48407],[-95.1376,43.47968],[-95.13386,43.47961],[-95.12674,43.48307]]]}},{"type":"Feature","properties":{},"geometry":{"type":"Polygon","coordinates":[[[-95.14834,42.87663],[-95.14978,42.8796],[-95.1513,42.87999],[-95.14834,42.87663]]]}},{"type":"Feature","properties":{},"geometry":{"type":"Polygon","coordinates":[[[-95.1306,43.34029],[-95.11462,43.35455],[-95.12515,43.36336],[-95.11957,43.37122],[-95.07094,43.39926],[-95.07388,43.4112],[-95.07987,43.41171],[-95.07626,43.41838],[-95.09435,43.42536],[-95.09466,43.44381],[-95.10213,43.43526],[-95.07718,43.40324],[-95.08828,43.39353],[-95.12393,43.38636],[-95.13036,43.3747],[-95.1512,43.3861],[-95.15231,43.40361],[-95.16722,43.42734],[-95.18089,43.41561],[-95.16535,43.39259],[-95.18123,43.37777],[-95.15913,43.37085],[-95.17814,43.36334],[-95.17519,43.3569],[-95.15065,43.35028],[-95.14198,43.36759],[-95.12634,43.37655],[-95.12095,43.36978],[-95.13161,43.36384],[-95.12246,43.34959],[-95.1306,43.34029]]]}},{"type":"Feature","properties":{},"geometry":{"type":"Polygon","coordinates":[[[-95.85439,41.21413],[-95.85584,41.2088],[-95.86308,41.21637],[-95.86795,41.19792],[-95.84373,41.20528],[-95.85439,41.21413]]]}},{"type":"Feature","properties":{},"geometry":{"type":"Polygon","coordinates":[[[-95.53891,40.71753],[-95.54038,40.71696],[-95.53945,40.71582],[-95.53891,40.71753]]]}},{"type":"Feature","properties":{},"geometry":{"type":"Polygon","coordinates":[[[-95.55558,40.69143],[-95.54954,40.69415],[-95.56123,40.69127],[-95.55558,40.69143]]]}},{"type":"Feature","properties":{},"geometry":{"type":"Polygon","coordinates":[[[-95.52931,40.67972],[-95.52906,40.68272],[-95.53138,40.68265],[-95.52931,40.67972]]]}},{"type":"Feature","properties":{},"geometry":{"type":"Polygon","coordinates":[[[-95.53892,40.68074],[-95.53964,40.67824],[-95.53211,40.67481],[-95.53892,40.68074]]]}},{"type":"Feature","properties":{},"geometry":{"type":"Polygon","coordinates":[[[-95.50092,40.67906],[-95.502,40.68087],[-95.50224,40.67906],[-95.50092,40.67906]]]}},{"type":"Feature","properties":{},"geometry":{"type":"Polygon","coordinates":[[[-95.49709,40.66553],[-95.49806,40.66667],[-95.49739,40.66377],[-95.49709,40.66553]]]}},{"type":"Feature","properties":{},"geometry":{"type":"Polygon","coordinates":[[[-95.51891,40.66364],[-95.51645,40.65925],[-95.51251,40.66228],[-95.51891,40.66364]]]}},{"type":"Feature","properties":{},"geometry":{"type":"Polygon","coordinates":[[[-95.51051,40.65295],[-95.51175,40.65147],[-95.50857,40.64982],[-95.51051,40.65295]]]}},{"type":"Feature","properties":{},"geometry":{"type":"Polygon","coordinates":[[[-95.4986,40.65217],[-95.49667,40.65069],[-95.49553,40.65115],[-95.4986,40.65217]]]}},{"type":"Feature","properties":{},"geometry":{"type":"Polygon","coordinates":[[[-95.5025,40.64867],[-95.50352,40.64963],[-95.50382,40.64901],[-95.5025,40.64867]]]}},{"type":"Feature","properties":{},"geometry":{"type":"Polygon","coordinates":[[[-95.59916,40.63742],[-95.59775,40.63948],[-95.59949,40.63912],[-95.59916,40.63742]]]}},{"type":"Feature","properties":{},"geometry":{"type":"Polygon","coordinates":[[[-95.04758,41.11786],[-95.04727,41.11665],[-95.04643,41.1174],[-95.04758,41.11786]]]}},{"type":"Feature","properties":{},"geometry":{"type":"Polygon","coordinates":[[[-95.04416,41.11365],[-95.04356,41.11443],[-95.04483,41.11518],[-95.04416,41.11365]]]}},{"type":"Feature","properties":{},"geometry":{"type":"Polygon","coordinates":[[[-95.03421,41.02426],[-95.03285,41.02439],[-95.03279,41.02542],[-95.03421,41.02426]]]}},{"type":"Feature","properties":{},"geometry":{"type":"Polygon","coordinates":[[[-95.07883,41.62243],[-95.07995,41.6235],[-95.08005,41.62238],[-95.07883,41.62243]]]}},{"type":"Feature","properties":{},"geometry":{"type":"Polygon","coordinates":[[[-95.06338,41.58457],[-95.06517,41.5856],[-95.06514,41.5843],[-95.06338,41.58457]]]}},{"type":"Feature","properties":{},"geometry":{"type":"Polygon","coordinates":[[[-95.21198,41.47337],[-95.20985,41.47404],[-95.21201,41.47376],[-95.21198,41.47337]]]}},{"type":"Feature","properties":{},"geometry":{"type":"Polygon","coordinates":[[[-95.35164,41.45492],[-95.35328,41.45783],[-95.35362,41.45492],[-95.35164,41.45492]]]}},{"type":"Feature","properties":{},"geometry":{"type":"Polygon","coordinates":[[[-95.38517,41.33544],[-95.39091,41.3345],[-95.38514,41.33235],[-95.38517,41.33544]]]}},{"type":"Feature","properties":{},"geometry":{"type":"Polygon","coordinates":[[[-95.41194,41.30133],[-95.40836,41.30298],[-95.41197,41.30303],[-95.41194,41.30133]]]}},{"type":"Feature","properties":{},"geometry":{"type":"Polygon","coordinates":[[[-95.60209,40.99257],[-95.6008,40.99063],[-95.60004,40.99193],[-95.60209,40.99257]]]}},{"type":"Feature","properties":{},"geometry":{"type":"Polygon","coordinates":[[[-94.57474,40.87512],[-94.5729,40.8759],[-94.5748,40.87592],[-94.57474,40.87512]]]}},{"type":"Feature","properties":{},"geometry":{"type":"Polygon","coordinates":[[[-94.89,40.73072],[-94.88913,40.73008],[-94.88913,40.7307],[-94.89,40.73072]]]}},{"type":"Feature","properties":{},"geometry":{"type":"Polygon","coordinates":[[[-95.30495,41.64423],[-95.30294,41.64522],[-95.30523,41.64481],[-95.30495,41.64423]]]}},{"type":"Feature","properties":{},"geometry":{"type":"Polygon","coordinates":[[[-95.30425,41.64201],[-95.30224,41.64368],[-95.30486,41.64373],[-95.30425,41.64201]]]}},{"type":"Feature","properties":{},"geometry":{"type":"Polygon","coordinates":[[[-95.54,41.46367],[-95.53806,41.46296],[-95.53809,41.4637],[-95.54,41.46367]]]}},{"type":"Feature","properties":{},"geometry":{"type":"Polygon","coordinates":[[[-95.36524,41.33013],[-95.3633,41.32999],[-95.36554,41.33217],[-95.36524,41.33013]]]}},{"type":"Feature","properties":{},"geometry":{"type":"Polygon","coordinates":[[[-95.6204,41.23692],[-95.61891,41.23749],[-95.61985,41.23785],[-95.6204,41.23692]]]}},{"type":"Feature","properties":{},"geometry":{"type":"Polygon","coordinates":[[[-95.16744,41.1614],[-95.16592,41.16209],[-95.16744,41.16209],[-95.16744,41.1614]]]}},{"type":"Feature","properties":{},"geometry":{"type":"Polygon","coordinates":[[[-95.22997,40.64293],[-95.22823,40.64174],[-95.22826,40.64201],[-95.22997,40.64293]]]}},{"type":"Feature","properties":{},"geometry":{"type":"Polygon","coordinates":[[[-94.88958,41.58371],[-94.88888,41.58195],[-94.88897,41.58387],[-94.88958,41.58371]]]}},{"type":"Feature","properties":{},"geometry":{"type":"Polygon","coordinates":[[[-95.65727,40.62514],[-95.65433,40.63015],[-95.65847,40.62999],[-95.65727,40.62514]]]}},{"type":"Feature","properties":{},"geometry":{"type":"Polygon","coordinates":[[[-95.60156,40.6224],[-95.60015,40.62245],[-95.59889,40.62343],[-95.60156,40.6224]]]}},{"type":"Feature","properties":{},"geometry":{"type":"Polygon","coordinates":[[[-95.60475,40.61298],[-95.6016,40.61282],[-95.60274,40.61382],[-95.60475,40.61298]]]}},{"type":"Feature","properties":{},"geometry":{"type":"Polygon","coordinates":[[[-95.12022,41.03363],[-95.12095,41.03159],[-95.11971,41.03276],[-95.12022,41.03363]]]}},{"type":"Feature","properties":{},"geometry":{"type":"Polygon","coordinates":[[[-95.06696,41.01307],[-95.06596,41.01264],[-95.06605,41.01362],[-95.06696,41.01307]]]}},{"type":"Feature","properties":{},"geometry":{"type":"Polygon","coordinates":[[[-95.74133,41.11422],[-95.74048,41.11564],[-95.74215,41.11579],[-95.74133,41.11422]]]}},{"type":"Feature","properties":{},"geometry":{"type":"Polygon","coordinates":[[[-95.77271,41.11305],[-95.77489,41.11306],[-95.77471,41.11232],[-95.77271,41.11305]]]}},{"type":"Feature","properties":{},"geometry":{"type":"Polygon","coordinates":[[[-95.77548,41.10501],[-95.77466,41.10606],[-95.77566,41.1051],[-95.77548,41.10501]]]}},{"type":"Feature","properties":{},"geometry":{"type":"Polygon","coordinates":[[[-95.79413,41.10253],[-95.79573,41.10203],[-95.79468,41.10157],[-95.79413,41.10253]]]}},{"type":"Feature","properties":{},"geometry":{"type":"Polygon","coordinates":[[[-95.67066,41.10254],[-95.67408,41.10247],[-95.6742,41.10208],[-95.67066,41.10254]]]}},{"type":"Feature","properties":{},"geometry":{"type":"Polygon","coordinates":[[[-95.77776,41.09237],[-95.78018,41.09294],[-95.78015,41.09257],[-95.77776,41.09237]]]}},{"type":"Feature","properties":{},"geometry":{"type":"Polygon","coordinates":[[[-95.78918,41.07024],[-95.79267,41.08767],[-95.79184,41.06978],[-95.78918,41.07024]]]}},{"type":"Feature","properties":{},"geometry":{"type":"Polygon","coordinates":[[[-95.77991,41.08615],[-95.7785,41.08535],[-95.77704,41.08525],[-95.77991,41.08615]]]}},{"type":"Feature","properties":{},"geometry":{"type":"Polygon","coordinates":[[[-95.76705,41.08207],[-95.76771,41.08296],[-95.76801,41.082],[-95.76705,41.08207]]]}},{"type":"Feature","properties":{},"geometry":{"type":"Polygon","coordinates":[[[-95.77111,41.07526],[-95.77413,41.07482],[-95.77368,41.07389],[-95.77111,41.07526]]]}},{"type":"Feature","properties":{},"geometry":{"type":"Polygon","coordinates":[[[-95.67928,41.07635],[-95.68134,41.07578],[-95.67813,41.07354],[-95.67928,41.07635]]]}},{"type":"Feature","properties":{},"geometry":{"type":"Polygon","coordinates":[[[-95.75724,41.07177],[-95.75694,41.07305],[-95.75842,41.07168],[-95.75724,41.07177]]]}},{"type":"Feature","properties":{},"geometry":{"type":"Polygon","coordinates":[[[-95.68302,41.06297],[-95.68223,41.06439],[-95.6835,41.06361],[-95.68302,41.06297]]]}},{"type":"Feature","properties":{},"geometry":{"type":"Polygon","coordinates":[[[-95.78228,41.05592],[-95.78696,41.05515],[-95.78663,41.05398],[-95.78228,41.05592]]]}},{"type":"Feature","properties":{},"geometry":{"type":"Polygon","coordinates":[[[-95.78084,41.04657],[-95.78519,41.04573],[-95.78055,41.04396],[-95.78084,41.04657]]]}},{"type":"Feature","properties":{},"geometry":{"type":"Polygon","coordinates":[[[-95.73516,41.04606],[-95.7345,41.04537],[-95.73411,41.04684],[-95.73516,41.04606]]]}},{"type":"Feature","properties":{},"geometry":{"type":"Polygon","coordinates":[[[-95.737,41.04572],[-95.73688,41.04524],[-95.73622,41.04599],[-95.737,41.04572]]]}},{"type":"Feature","properties":{},"geometry":{"type":"Polygon","coordinates":[[[-95.84835,41.02998],[-95.84926,41.0298],[-95.84829,41.02902],[-95.84835,41.02998]]]}},{"type":"Feature","properties":{},"geometry":{"type":"Polygon","coordinates":[[[-95.81632,41.02155],[-95.81346,41.02011],[-95.81346,41.02059],[-95.81632,41.02155]]]}},{"type":"Feature","properties":{},"geometry":{"type":"Polygon","coordinates":[[[-95.71809,41.01868],[-95.71667,41.01777],[-95.71652,41.01804],[-95.71809,41.01868]]]}},{"type":"Feature","properties":{},"geometry":{"type":"Polygon","coordinates":[[[-95.81328,41.01348],[-95.81204,41.01547],[-95.81464,41.01545],[-95.81328,41.01348]]]}},{"type":"Feature","properties":{},"geometry":{"type":"Polygon","coordinates":[[[-95.83589,41.01086],[-95.83381,41.01193],[-95.83647,41.012],[-95.83589,41.01086]]]}},{"type":"Feature","properties":{},"geometry":{"type":"Polygon","coordinates":[[[-94.78958,41.29708],[-94.78761,41.29763],[-94.78958,41.29747],[-94.78958,41.29708]]]}},{"type":"Feature","properties":{},"geometry":{"type":"Polygon","coordinates":[[[-94.66402,41.29817],[-94.66259,41.29804],[-94.66299,41.29886],[-94.66402,41.29817]]]}},{"type":"Feature","properties":{},"geometry":{"type":"Polygon","coordinates":[[[-94.74429,41.28988],[-94.74314,41.2892],[-94.74314,41.28947],[-94.74429,41.28988]]]}},{"type":"Feature","properties":{},"geometry":{"type":"Polygon","coordinates":[[[-94.49675,41.29054],[-94.49707,41.28789],[-94.49094,41.28602],[-94.49675,41.29054]]]}},{"type":"Feature","properties":{},"geometry":{"type":"Polygon","coordinates":[[[-94.48848,41.283],[-94.48761,41.28419],[-94.48876,41.28389],[-94.48848,41.283]]]}},{"type":"Feature","properties":{},"geometry":{"type":"Polygon","coordinates":[[[-94.64803,41.28137],[-94.64669,41.28061],[-94.64648,41.28107],[-94.64803,41.28137]]]}},{"type":"Feature","properties":{},"geometry":{"type":"Polygon","coordinates":[[[-94.7496,41.27467],[-94.74881,41.27359],[-94.74732,41.27439],[-94.7496,41.27467]]]}},{"type":"Feature","properties":{},"geometry":{"type":"Polygon","coordinates":[[[-94.82006,41.26595],[-94.81845,41.2654],[-94.81833,41.26581],[-94.82006,41.26595]]]}},{"type":"Feature","properties":{},"geometry":{"type":"Polygon","coordinates":[[[-94.73713,41.25624],[-94.73625,41.25494],[-94.7365,41.25636],[-94.73713,41.25624]]]}},{"type":"Feature","properties":{},"geometry":{"type":"Polygon","coordinates":[[[-94.74495,41.25434],[-94.74329,41.25553],[-94.74444,41.25562],[-94.74495,41.25434]]]}},{"type":"Feature","properties":{},"geometry":{"type":"Polygon","coordinates":[[[-94.76027,41.253],[-94.75918,41.25268],[-94.75933,41.25364],[-94.76027,41.253]]]}},{"type":"Feature","properties":{},"geometry":{"type":"Polygon","coordinates":[[[-94.57545,41.25464],[-94.57421,41.25361],[-94.57378,41.25393],[-94.57545,41.25464]]]}},{"type":"Feature","properties":{},"geometry":{"type":"Polygon","coordinates":[[[-94.62975,41.24232],[-94.63651,41.23981],[-94.62954,41.24198],[-94.62975,41.24232]]]}},{"type":"Feature","properties":{},"geometry":{"type":"Polygon","coordinates":[[[-94.52068,41.24199],[-94.51947,41.24153],[-94.51971,41.2423],[-94.52068,41.24199]]]}},{"type":"Feature","properties":{},"geometry":{"type":"Polygon","coordinates":[[[-94.6496,41.23662],[-94.64748,41.23562],[-94.6473,41.23607],[-94.6496,41.23662]]]}},{"type":"Feature","properties":{},"geometry":{"type":"Polygon","coordinates":[[[-94.80168,41.19604],[-94.80044,41.19778],[-94.80332,41.19712],[-94.80168,41.19604]]]}},{"type":"Feature","properties":{},"geometry":{"type":"Polygon","coordinates":[[[-94.7901,41.17941],[-94.78911,41.17833],[-94.78841,41.17925],[-94.7901,41.17941]]]}},{"type":"Feature","properties":{},"geometry":{"type":"Polygon","coordinates":[[[-94.70321,41.17019],[-94.70221,41.17094],[-94.70357,41.17062],[-94.70321,41.17019]]]}},{"type":"Feature","properties":{},"geometry":{"type":"Polygon","coordinates":[[[-94.79808,41.11589],[-94.79934,41.1174],[-94.79953,41.11596],[-94.79808,41.11589]]]}},{"type":"Feature","properties":{},"geometry":{"type":"Polygon","coordinates":[[[-94.93634,41.09639],[-94.93504,41.09735],[-94.93658,41.09698],[-94.93634,41.09639]]]}},{"type":"Feature","properties":{},"geometry":{"type":"Polygon","coordinates":[[[-94.95904,41.09109],[-94.95756,41.09116],[-94.95886,41.09212],[-94.95904,41.09109]]]}},{"type":"Feature","properties":{},"geometry":{"type":"Polygon","coordinates":[[[-94.88496,41.06429],[-94.88339,41.06328],[-94.8827,41.06452],[-94.88496,41.06429]]]}},{"type":"Feature","properties":{},"geometry":{"type":"Polygon","coordinates":[[[-94.90091,41.04043],[-94.89949,41.03947],[-94.89949,41.04034],[-94.90091,41.04043]]]}},{"type":"Feature","properties":{},"geometry":{"type":"Polygon","coordinates":[[[-94.90257,41.03066],[-94.90196,41.03201],[-94.90423,41.03146],[-94.90257,41.03066]]]}},{"type":"Feature","properties":{},"geometry":{"type":"Polygon","coordinates":[[[-94.92344,41.02649],[-94.92171,41.02624],[-94.92208,41.02745],[-94.92344,41.02649]]]}},{"type":"Feature","properties":{},"geometry":{"type":"Polygon","coordinates":[[[-94.90918,41.02174],[-94.90745,41.02188],[-94.90918,41.0227],[-94.90918,41.02174]]]}},{"type":"Feature","properties":{},"geometry":{"type":"Polygon","coordinates":[[[-94.81328,41.68225],[-94.8155,41.68239],[-94.8155,41.68184],[-94.81328,41.68225]]]}},{"type":"Feature","properties":{},"geometry":{"type":"Polygon","coordinates":[[[-94.76118,41.67346],[-94.76273,41.67398],[-94.76292,41.67227],[-94.76118,41.67346]]]}},{"type":"Feature","properties":{},"geometry":{"type":"Polygon","coordinates":[[[-94.78852,41.64509],[-94.79041,41.6434],[-94.78724,41.64338],[-94.78852,41.64509]]]}},{"type":"Feature","properties":{},"geometry":{"type":"Polygon","coordinates":[[[-94.81542,41.63475],[-94.81728,41.63386],[-94.81518,41.63294],[-94.81542,41.63475]]]}},{"type":"Feature","properties":{},"geometry":{"type":"Polygon","coordinates":[[[-94.95358,41.62622],[-94.9512,41.62719],[-94.95129,41.62776],[-94.95358,41.62622]]]}},{"type":"Feature","properties":{},"geometry":{"type":"Polygon","coordinates":[[[-94.64586,41.47896],[-94.64683,41.47969],[-94.64741,41.4788],[-94.64586,41.47896]]]}},{"type":"Feature","properties":{},"geometry":{"type":"Polygon","coordinates":[[[-94.63676,41.47168],[-94.63573,41.47246],[-94.63728,41.47246],[-94.63676,41.47168]]]}},{"type":"Feature","properties":{},"geometry":{"type":"Polygon","coordinates":[[[-94.61915,41.45478],[-94.61809,41.4538],[-94.61763,41.45437],[-94.61915,41.45478]]]}},{"type":"Feature","properties":{},"geometry":{"type":"Polygon","coordinates":[[[-94.73662,41.42661],[-94.73498,41.42748],[-94.73674,41.42709],[-94.73662,41.42661]]]}},{"type":"Feature","properties":{},"geometry":{"type":"Polygon","coordinates":[[[-94.65325,41.42758],[-94.65164,41.42735],[-94.65167,41.42797],[-94.65325,41.42758]]]}},{"type":"Feature","properties":{},"geometry":{"type":"Polygon","coordinates":[[[-94.55995,41.41956],[-94.56096,41.41876],[-94.55995,41.41933],[-94.55995,41.41956]]]}},{"type":"Feature","properties":{},"geometry":{"type":"Polygon","coordinates":[[[-94.75728,41.49116],[-94.75609,41.49226],[-94.75749,41.49207],[-94.75728,41.49116]]]}},{"type":"Feature","properties":{},"geometry":{"type":"Polygon","coordinates":[[[-94.6552,41.49055],[-94.6538,41.48989],[-94.65374,41.49035],[-94.6552,41.49055]]]}},{"type":"Feature","properties":{},"geometry":{"type":"Polygon","coordinates":[[[-94.83903,41.46673],[-94.83794,41.46504],[-94.8366,41.46575],[-94.83903,41.46673]]]}},{"type":"Feature","properties":{},"geometry":{"type":"Polygon","coordinates":[[[-94.92234,41.45277],[-94.92146,41.45369],[-94.92288,41.45341],[-94.92234,41.45277]]]}},{"type":"Feature","properties":{},"geometry":{"type":"Polygon","coordinates":[[[-94.85561,41.4413],[-94.85327,41.44201],[-94.85585,41.44178],[-94.85561,41.4413]]]}},{"type":"Feature","properties":{},"geometry":{"type":"Polygon","coordinates":[[[-94.73841,41.44191],[-94.73537,41.44276],[-94.73853,41.44296],[-94.73841,41.44191]]]}},{"type":"Feature","properties":{},"geometry":{"type":"Polygon","coordinates":[[[-94.74098,41.43804],[-94.74299,41.43772],[-94.74247,41.43662],[-94.74098,41.43804]]]}},{"type":"Feature","properties":{},"geometry":{"type":"Polygon","coordinates":[[[-94.75829,41.43363],[-94.75555,41.43295],[-94.75528,41.43329],[-94.75829,41.43363]]]}},{"type":"Feature","properties":{},"geometry":{"type":"Polygon","coordinates":[[[-94.76619,41.43083],[-94.78276,41.43066],[-94.78204,41.42126],[-94.77317,41.4186],[-94.77979,41.42686],[-94.76619,41.43083]]]}},{"type":"Feature","properties":{},"geometry":{"type":"Polygon","coordinates":[[[-94.77279,41.41313],[-94.77163,41.41395],[-94.77318,41.414],[-94.77279,41.41313]]]}},{"type":"Feature","properties":{},"geometry":{"type":"Polygon","coordinates":[[[-94.79215,41.40868],[-94.79403,41.40754],[-94.79139,41.40708],[-94.79215,41.40868]]]}},{"type":"Feature","properties":{},"geometry":{"type":"Polygon","coordinates":[[[-95.55651,41.46554],[-95.55392,41.46643],[-95.55587,41.46897],[-95.55651,41.46554]]]}},{"type":"Feature","properties":{},"geometry":{"type":"Polygon","coordinates":[[[-95.65861,41.25646],[-95.65989,41.2571],[-95.66001,41.25662],[-95.65861,41.25646]]]}},{"type":"Feature","properties":{},"geometry":{"type":"Polygon","coordinates":[[[-95.64911,41.18208],[-95.65129,41.18285],[-95.65169,41.18219],[-95.64911,41.18208]]]}},{"type":"Feature","properties":{},"geometry":{"type":"Polygon","coordinates":[[[-95.70858,41.17738],[-95.70728,41.17935],[-95.71028,41.17944],[-95.70858,41.17738]]]}},{"type":"Feature","properties":{},"geometry":{"type":"Polygon","coordinates":[[[-95.75101,41.0271],[-95.75551,41.02695],[-95.7569,41.02379],[-95.75101,41.0271]]]}},{"type":"Feature","properties":{},"geometry":{"type":"Polygon","coordinates":[[[-95.7738,40.9622],[-95.77211,40.96248],[-95.7735,40.9628],[-95.7738,40.9622]]]}},{"type":"Feature","properties":{},"geometry":{"type":"Polygon","coordinates":[[[-95.72331,40.89522],[-95.7187,40.89484],[-95.71849,40.89676],[-95.72331,40.89522]]]}},{"type":"Feature","properties":{},"geometry":{"type":"Polygon","coordinates":[[[-95.8031,40.8926],[-95.80002,40.8909],[-95.80086,40.89374],[-95.8031,40.8926]]]}},{"type":"Feature","properties":{},"geometry":{"type":"Polygon","coordinates":[[[-95.80428,40.88082],[-95.80278,40.88116],[-95.80419,40.88203],[-95.80428,40.88082]]]}},{"type":"Feature","properties":{},"geometry":{"type":"Polygon","coordinates":[[[-95.80228,40.86712],[-95.7995,40.869],[-95.802,40.86895],[-95.80228,40.86712]]]}},{"type":"Feature","properties":{},"geometry":{"type":"Polygon","coordinates":[[[-95.80201,40.86067],[-95.79948,40.86191],[-95.80114,40.86248],[-95.80201,40.86067]]]}},{"type":"Feature","properties":{},"geometry":{"type":"Polygon","coordinates":[[[-95.80453,40.84556],[-95.80278,40.84209],[-95.80266,40.8459],[-95.80453,40.84556]]]}},{"type":"Feature","properties":{},"geometry":{"type":"Polygon","coordinates":[[[-95.8203,40.81237],[-95.8156,40.81305],[-95.81927,40.81392],[-95.8203,40.81237]]]}},{"type":"Feature","properties":{},"geometry":{"type":"Polygon","coordinates":[[[-95.72373,40.77391],[-95.72731,40.77526],[-95.72782,40.7742],[-95.72373,40.77391]]]}},{"type":"Feature","properties":{},"geometry":{"type":"Polygon","coordinates":[[[-95.81971,40.7477],[-95.82248,40.75091],[-95.82209,40.74791],[-95.81971,40.7477]]]}},{"type":"Feature","properties":{},"geometry":{"type":"Polygon","coordinates":[[[-95.80293,40.7173],[-95.79972,40.71746],[-95.80293,40.71799],[-95.80293,40.7173]]]}},{"type":"Feature","properties":{},"geometry":{"type":"Polygon","coordinates":[[[-95.78062,40.67663],[-95.77891,40.67992],[-95.78062,40.67979],[-95.78062,40.67663]]]}},{"type":"Feature","properties":{},"geometry":{"type":"Polygon","coordinates":[[[-94.97823,40.99611],[-94.9775,40.99664],[-94.97814,40.99668],[-94.97823,40.99611]]]}},{"type":"Feature","properties":{},"geometry":{"type":"Polygon","coordinates":[[[-94.97099,40.98372],[-94.96758,40.98374],[-94.96891,40.9853],[-94.97099,40.98372]]]}},{"type":"Feature","properties":{},"geometry":{"type":"Polygon","coordinates":[[[-94.97925,40.98023],[-94.97777,40.97955],[-94.9766,40.98067],[-94.97925,40.98023]]]}},{"type":"Feature","properties":{},"geometry":{"type":"Polygon","coordinates":[[[-94.4504,40.89522],[-94.45245,40.89423],[-94.45013,40.89361],[-94.4504,40.89522]]]}},{"type":"Feature","properties":{},"geometry":{"type":"Polygon","coordinates":[[[-94.99881,40.82534],[-94.99779,40.826],[-94.99926,40.82668],[-94.99881,40.82534]]]}},{"type":"Feature","properties":{},"geometry":{"type":"Polygon","coordinates":[[[-94.9925,40.81441],[-94.99066,40.81505],[-94.98988,40.81594],[-94.9925,40.81441]]]}},{"type":"Feature","properties":{},"geometry":{"type":"Polygon","coordinates":[[[-94.99584,40.81456],[-94.99325,40.81352],[-94.99457,40.81534],[-94.99584,40.81456]]]}},{"type":"Feature","properties":{},"geometry":{"type":"Polygon","coordinates":[[[-94.99385,40.76466],[-94.9931,40.76484],[-94.99418,40.76523],[-94.99385,40.76466]]]}},{"type":"Feature","properties":{},"geometry":{"type":"Polygon","coordinates":[[[-94.99316,40.76344],[-94.99147,40.76104],[-94.9928,40.76372],[-94.99316,40.76344]]]}},{"type":"Feature","properties":{},"geometry":{"type":"Polygon","coordinates":[[[-95.04257,40.96454],[-95.02949,40.97869],[-95.04639,40.98005],[-95.03514,40.97483],[-95.04257,40.96454]]]}},{"type":"Feature","properties":{},"geometry":{"type":"Polygon","coordinates":[[[-95.02726,40.93356],[-95.02505,40.93303],[-95.02617,40.93434],[-95.02726,40.93356]]]}},{"type":"Feature","properties":{},"geometry":{"type":"Polygon","coordinates":[[[-95.03301,40.67506],[-95.03048,40.67385],[-95.02694,40.67613],[-95.03301,40.67506]]]}},{"type":"Feature","properties":{},"geometry":{"type":"Polygon","coordinates":[[[-94.91577,41.6111],[-94.91546,41.60987],[-94.91479,41.61092],[-94.91577,41.6111]]]}},{"type":"Feature","properties":{},"geometry":{"type":"Polygon","coordinates":[[[-94.82815,41.60621],[-94.82752,41.6039],[-94.82599,41.60628],[-94.82815,41.60621]]]}},{"type":"Feature","properties":{},"geometry":{"type":"Polygon","coordinates":[[[-94.85473,41.59384],[-94.85787,41.59533],[-94.85516,41.59327],[-94.85473,41.59384]]]}},{"type":"Feature","properties":{},"geometry":{"type":"Polygon","coordinates":[[[-94.79995,41.594],[-94.80193,41.59339],[-94.80086,41.59302],[-94.79995,41.594]]]}},{"type":"Feature","properties":{},"geometry":{"type":"Polygon","coordinates":[[[-94.97475,41.57804],[-94.97417,41.57905],[-94.97524,41.57854],[-94.97475,41.57804]]]}},{"type":"Feature","properties":{},"geometry":{"type":"Polygon","coordinates":[[[-94.75445,41.56608],[-94.75545,41.56714],[-94.7557,41.56631],[-94.75445,41.56608]]]}},{"type":"Feature","properties":{},"geometry":{"type":"Polygon","coordinates":[[[-94.80364,41.56036],[-94.80529,41.55894],[-94.80376,41.55812],[-94.80364,41.56036]]]}},{"type":"Feature","properties":{},"geometry":{"type":"Polygon","coordinates":[[[-94.78905,41.56012],[-94.78379,41.55582],[-94.77782,41.55854],[-94.77812,41.55956],[-94.78905,41.56012]]]}},{"type":"Feature","properties":{},"geometry":{"type":"Polygon","coordinates":[[[-94.77535,41.55906],[-94.77681,41.5581],[-94.77523,41.55798],[-94.77535,41.55906]]]}},{"type":"Feature","properties":{},"geometry":{"type":"Polygon","coordinates":[[[-94.782,41.55076],[-94.7806,41.55019],[-94.78087,41.55094],[-94.782,41.55076]]]}},{"type":"Feature","properties":{},"geometry":{"type":"Polygon","coordinates":[[[-94.89527,41.5441],[-94.89481,41.54224],[-94.89216,41.54259],[-94.89527,41.5441]]]}},{"type":"Feature","properties":{},"geometry":{"type":"Polygon","coordinates":[[[-94.88592,41.54009],[-94.88641,41.53861],[-94.885,41.53874],[-94.88592,41.54009]]]}},{"type":"Feature","properties":{},"geometry":{"type":"Polygon","coordinates":[[[-94.78622,41.53741],[-94.78406,41.53741],[-94.78579,41.53864],[-94.78622,41.53741]]]}},{"type":"Feature","properties":{},"geometry":{"type":"Polygon","coordinates":[[[-94.87956,41.53433],[-94.88032,41.53671],[-94.8819,41.53593],[-94.87956,41.53433]]]}},{"type":"Feature","properties":{},"geometry":{"type":"MultiPolygon","coordinates":[[[[-94.94523,41.52198],[-94.94033,41.52294],[-94.9404,41.52578],[-94.94517,41.52582],[-94.94523,41.52198]]],[[[-94.94417,41.5239],[-94.94252,41.52317],[-94.94234,41.52342],[-94.94417,41.5239]]]]}},{"type":"Feature","properties":{},"geometry":{"type":"Polygon","coordinates":[[[-94.94483,41.52109],[-94.94106,41.51945],[-94.941,41.52111],[-94.94483,41.52109]]]}},{"type":"Feature","properties":{},"geometry":{"type":"Polygon","coordinates":[[[-94.91693,41.51872],[-94.91744,41.51769],[-94.91598,41.51813],[-94.91693,41.51872]]]}},{"type":"Feature","properties":{},"geometry":{"type":"Polygon","coordinates":[[[-94.8148,41.51364],[-94.81553,41.51565],[-94.8158,41.51412],[-94.8148,41.51364]]]}},{"type":"Feature","properties":{},"geometry":{"type":"Polygon","coordinates":[[[-94.90423,41.51235],[-94.90262,41.51292],[-94.90177,41.51418],[-94.90423,41.51235]]]}},{"type":"Feature","properties":{},"geometry":{"type":"Polygon","coordinates":[[[-94.78154,41.51366],[-94.77913,41.51457],[-94.7829,41.5149],[-94.78154,41.51366]]]}},{"type":"Feature","properties":{},"geometry":{"type":"Polygon","coordinates":[[[-94.91135,41.50759],[-94.91168,41.50869],[-94.91178,41.50766],[-94.91135,41.50759]]]}},{"type":"Feature","properties":{},"geometry":{"type":"Polygon","coordinates":[[[-94.94458,41.49265],[-94.94357,41.49375],[-94.94427,41.49375],[-94.94458,41.49265]]]}},{"type":"Feature","properties":{},"geometry":{"type":"Polygon","coordinates":[[[-95.27175,41.91127],[-95.27031,41.91248],[-95.27453,41.91328],[-95.27175,41.91127]]]}},{"type":"Feature","properties":{},"geometry":{"type":"Polygon","coordinates":[[[-95.07293,41.91283],[-95.07063,41.91308],[-95.07302,41.91343],[-95.07293,41.91283]]]}},{"type":"Feature","properties":{},"geometry":{"type":"Polygon","coordinates":[[[-95.25146,41.90857],[-95.2493,41.90893],[-95.25137,41.91006],[-95.25146,41.90857]]]}},{"type":"Feature","properties":{},"geometry":{"type":"Polygon","coordinates":[[[-95.08071,41.90138],[-95.07881,41.90195],[-95.08108,41.90193],[-95.08071,41.90138]]]}},{"type":"Feature","properties":{},"geometry":{"type":"Polygon","coordinates":[[[-95.2808,41.88027],[-95.27856,41.88219],[-95.28171,41.88276],[-95.2808,41.88027]]]}},{"type":"Feature","properties":{},"geometry":{"type":"Polygon","coordinates":[[[-95.20925,41.60232],[-95.2048,41.60141],[-95.20849,41.6036],[-95.20925,41.60232]]]}},{"type":"Feature","properties":{},"geometry":{"type":"Polygon","coordinates":[[[-95.3257,41.57093],[-95.32464,41.5699],[-95.32488,41.57097],[-95.3257,41.57093]]]}},{"type":"Feature","properties":{},"geometry":{"type":"Polygon","coordinates":[[[-95.33027,41.5699],[-95.32881,41.57086],[-95.32972,41.57082],[-95.33027,41.5699]]]}},{"type":"Feature","properties":{},"geometry":{"type":"Polygon","coordinates":[[[-95.32403,41.56832],[-95.32278,41.56942],[-95.32351,41.571],[-95.32403,41.56832]]]}},{"type":"Feature","properties":{},"geometry":{"type":"Polygon","coordinates":[[[-95.32945,41.56812],[-95.32668,41.56997],[-95.32732,41.57081],[-95.32945,41.56812]]]}},{"type":"Feature","properties":{},"geometry":{"type":"Polygon","coordinates":[[[-95.3645,41.54281],[-95.36392,41.5443],[-95.36557,41.54382],[-95.3645,41.54281]]]}},{"type":"Feature","properties":{},"geometry":{"type":"Polygon","coordinates":[[[-95.37077,41.47903],[-95.36918,41.47971],[-95.37086,41.48015],[-95.37077,41.47903]]]}},{"type":"Feature","properties":{},"geometry":{"type":"Polygon","coordinates":[[[-95.28388,41.45997],[-95.28376,41.46141],[-95.28534,41.46141],[-95.28388,41.45997]]]}},{"type":"Feature","properties":{},"geometry":{"type":"Polygon","coordinates":[[[-95.16336,41.43484],[-95.16132,41.43411],[-95.16132,41.43429],[-95.16336,41.43484]]]}},{"type":"Feature","properties":{},"geometry":{"type":"Polygon","coordinates":[[[-95.02627,41.41073],[-95.0225,41.41022],[-95.02235,41.41194],[-95.02627,41.41073]]]}},{"type":"Feature","properties":{},"geometry":{"type":"Polygon","coordinates":[[[-95.07115,41.40575],[-95.0703,41.40653],[-95.0723,41.40724],[-95.07115,41.40575]]]}},{"type":"Feature","properties":{},"geometry":{"type":"Polygon","coordinates":[[[-95.01143,41.38423],[-95.01046,41.38297],[-95.01049,41.38448],[-95.01143,41.38423]]]}},{"type":"Feature","properties":{},"geometry":{"type":"Polygon","coordinates":[[[-95.13967,41.37669],[-95.13797,41.37566],[-95.13888,41.37703],[-95.13967,41.37669]]]}},{"type":"Feature","properties":{},"geometry":{"type":"Polygon","coordinates":[[[-95.16183,41.36566],[-95.16201,41.36715],[-95.16419,41.36532],[-95.16183,41.36566]]]}},{"type":"Feature","properties":{},"geometry":{"type":"Polygon","coordinates":[[[-95.00244,41.33509],[-95.00299,41.33404],[-95.00171,41.33356],[-95.00244,41.33509]]]}},{"type":"Feature","properties":{},"geometry":{"type":"Polygon","coordinates":[[[-95.07958,41.3236],[-95.07719,41.32399],[-95.07989,41.32387],[-95.07958,41.3236]]]}},{"type":"Feature","properties":{},"geometry":{"type":"Polygon","coordinates":[[[-95.08761,41.29117],[-95.08539,41.29293],[-95.08855,41.29215],[-95.08761,41.29117]]]}},{"type":"Feature","properties":{},"geometry":{"type":"Polygon","coordinates":[[[-95.18298,41.12407],[-95.18906,41.12246],[-95.19048,41.12136],[-95.1912,41.11867],[-95.18875,41.11528],[-95.1902,41.11459],[-95.19102,41.11299],[-95.18803,41.11553],[-95.19018,41.12095],[-95.18298,41.12407]]]}},{"type":"Feature","properties":{},"geometry":{"type":"Polygon","coordinates":[[[-95.13465,41.12232],[-95.13541,41.12141],[-95.13317,41.12122],[-95.13465,41.12232]]]}},{"type":"Feature","properties":{},"geometry":{"type":"Polygon","coordinates":[[[-95.16807,41.06082],[-95.17178,41.06701],[-95.1732,41.06632],[-95.17368,41.06564],[-95.16807,41.06082]]]}},{"type":"Feature","properties":{},"geometry":{"type":"Polygon","coordinates":[[[-95.21867,41.06124],[-95.21918,41.06154],[-95.22184,41.06144],[-95.21867,41.06124]]]}},{"type":"Feature","properties":{},"geometry":{"type":"Polygon","coordinates":[[[-95.18422,41.05696],[-95.18615,41.056],[-95.18443,41.05516],[-95.18422,41.05696]]]}},{"type":"Feature","properties":{},"geometry":{"type":"Polygon","coordinates":[[[-95.18259,41.05461],[-95.18292,41.05278],[-95.18035,41.05308],[-95.18259,41.05461]]]}},{"type":"Feature","properties":{},"geometry":{"type":"Polygon","coordinates":[[[-95.15273,41.04625],[-95.15373,41.04762],[-95.15364,41.04632],[-95.15273,41.04625]]]}},{"type":"Feature","properties":{},"geometry":{"type":"Polygon","coordinates":[[[-95.25382,41.03522],[-95.25267,41.03739],[-95.2537,41.03758],[-95.25382,41.03522]]]}},{"type":"Feature","properties":{},"geometry":{"type":"Polygon","coordinates":[[[-95.24559,41.02508],[-95.24407,41.024],[-95.2445,41.02526],[-95.24559,41.02508]]]}},{"type":"Feature","properties":{},"geometry":{"type":"Polygon","coordinates":[[[-95.18661,41.02535],[-95.18703,41.02432],[-95.18549,41.0238],[-95.18661,41.02535]]]}},{"type":"Feature","properties":{},"geometry":{"type":"Polygon","coordinates":[[[-95.18436,41.01101],[-95.18249,41.01106],[-95.18448,41.01106],[-95.18436,41.01101]]]}},{"type":"Feature","properties":{},"geometry":{"type":"Polygon","coordinates":[[[-95.20086,41.0019],[-95.19815,41.00156],[-95.19806,41.00183],[-95.20086,41.0019]]]}},{"type":"Feature","properties":{},"geometry":{"type":"Polygon","coordinates":[[[-95.31045,41.45971],[-95.30948,41.45875],[-95.30918,41.4591],[-95.31045,41.45971]]]}},{"type":"Feature","properties":{},"geometry":{"type":"Polygon","coordinates":[[[-95.30375,41.41292],[-95.30199,41.41361],[-95.30356,41.41393],[-95.30375,41.41292]]]}},{"type":"Feature","properties":{},"geometry":{"type":"Polygon","coordinates":[[[-95.2477,41.35956],[-95.2466,41.35826],[-95.24609,41.35908],[-95.2477,41.35956]]]}},{"type":"Feature","properties":{},"geometry":{"type":"Polygon","coordinates":[[[-95.36208,41.33921],[-95.36439,41.33795],[-95.36175,41.338],[-95.36208,41.33921]]]}},{"type":"Feature","properties":{},"geometry":{"type":"Polygon","coordinates":[[[-95.36524,41.32597],[-95.36384,41.32684],[-95.3653,41.32652],[-95.36524,41.32597]]]}},{"type":"Feature","properties":{},"geometry":{"type":"Polygon","coordinates":[[[-95.47092,41.29968],[-95.4688,41.29858],[-95.46837,41.29968],[-95.47092,41.29968]]]}},{"type":"Feature","properties":{},"geometry":{"type":"Polygon","coordinates":[[[-95.41378,41.2414],[-95.41384,41.24254],[-95.41511,41.24181],[-95.41378,41.2414]]]}},{"type":"Feature","properties":{},"geometry":{"type":"Polygon","coordinates":[[[-95.41603,41.21594],[-95.41751,41.21757],[-95.41754,41.21603],[-95.41603,41.21594]]]}},{"type":"Feature","properties":{},"geometry":{"type":"Polygon","coordinates":[[[-95.41826,41.20451],[-95.4152,41.20369],[-95.41526,41.20442],[-95.41826,41.20451]]]}},{"type":"Feature","properties":{},"geometry":{"type":"Polygon","coordinates":[[[-95.42062,41.2027],[-95.41941,41.20352],[-95.42086,41.20348],[-95.42062,41.2027]]]}},{"type":"Feature","properties":{},"geometry":{"type":"Polygon","coordinates":[[[-95.31998,41.19433],[-95.31946,41.1957],[-95.32064,41.19527],[-95.31998,41.19433]]]}},{"type":"Feature","properties":{},"geometry":{"type":"Polygon","coordinates":[[[-95.46838,41.18927],[-95.47013,41.18961],[-95.46989,41.18799],[-95.46838,41.18927]]]}},{"type":"Feature","properties":{},"geometry":{"type":"Polygon","coordinates":[[[-95.61703,41.16722],[-95.61482,41.16747],[-95.61652,41.16921],[-95.61703,41.16722]]]}},{"type":"Feature","properties":{},"geometry":{"type":"Polygon","coordinates":[[[-95.262,41.17348],[-95.26106,41.17236],[-95.26076,41.17268],[-95.262,41.17348]]]}},{"type":"Feature","properties":{},"geometry":{"type":"Polygon","coordinates":[[[-95.61258,41.14289],[-95.6118,41.1435],[-95.61255,41.14378],[-95.61258,41.14289]]]}},{"type":"Feature","properties":{},"geometry":{"type":"Polygon","coordinates":[[[-95.54753,41.13075],[-95.54826,41.12988],[-95.54723,41.12997],[-95.54753,41.13075]]]}},{"type":"Feature","properties":{},"geometry":{"type":"Polygon","coordinates":[[[-95.45458,41.10105],[-95.46359,41.10084],[-95.46373,41.09437],[-95.46031,41.09398],[-95.45458,41.10105]]]}},{"type":"Feature","properties":{},"geometry":{"type":"Polygon","coordinates":[[[-95.41055,41.0265],[-95.40988,41.02906],[-95.41181,41.02659],[-95.41055,41.0265]]]}},{"type":"Feature","properties":{},"geometry":{"type":"Polygon","coordinates":[[[-95.20393,40.99765],[-95.20828,40.99879],[-95.20758,40.99658],[-95.20393,40.99765]]]}},{"type":"Feature","properties":{},"geometry":{"type":"Polygon","coordinates":[[[-95.31425,40.89226],[-95.3175,40.89498],[-95.31955,40.89446],[-95.31425,40.89226]]]}},{"type":"Feature","properties":{},"geometry":{"type":"Polygon","coordinates":[[[-95.34448,40.875],[-95.34183,40.87516],[-95.34454,40.87827],[-95.34448,40.875]]]}},{"type":"Feature","properties":{},"geometry":{"type":"Polygon","coordinates":[[[-95.28567,40.87044],[-95.28676,40.86859],[-95.28652,40.86775],[-95.28567,40.87044]]]}},{"type":"Feature","properties":{},"geometry":{"type":"Polygon","coordinates":[[[-95.28549,40.86898],[-95.28453,40.86708],[-95.28393,40.86928],[-95.28549,40.86898]]]}},{"type":"Feature","properties":{},"geometry":{"type":"Polygon","coordinates":[[[-95.30205,40.85746],[-95.30617,40.85655],[-95.30681,40.85568],[-95.30205,40.85746]]]}},{"type":"Feature","properties":{},"geometry":{"type":"Polygon","coordinates":[[[-95.35774,40.84047],[-95.35973,40.8332],[-95.35645,40.83036],[-95.35434,40.83159],[-95.35774,40.84047]]]}},{"type":"Feature","properties":{},"geometry":{"type":"Polygon","coordinates":[[[-95.33595,40.81581],[-95.33863,40.81862],[-95.33671,40.81601],[-95.34104,40.81492],[-95.34252,40.81062],[-95.33595,40.81581]]]}},{"type":"Feature","properties":{},"geometry":{"type":"Polygon","coordinates":[[[-95.35688,40.79271],[-95.35622,40.7958],[-95.35733,40.79319],[-95.36392,40.79109],[-95.35688,40.79271]]]}},{"type":"Feature","properties":{},"geometry":{"type":"Polygon","coordinates":[[[-95.03011,41.00001],[-95.03074,41.0006],[-95.03143,41.00001],[-95.03011,41.00001]]]}},{"type":"Feature","properties":{},"geometry":{"type":"Polygon","coordinates":[[[-95.16744,41.16252],[-95.16592,41.16319],[-95.16744,41.16318],[-95.16744,41.16252]]]}},{"type":"Feature","properties":{},"geometry":{"type":"Polygon","coordinates":[[[-94.8904,41.58012],[-94.88882,41.58149],[-94.88992,41.58142],[-94.8904,41.58012]]]}},{"type":"Feature","properties":{},"geometry":{"type":"Polygon","coordinates":[[[-95.59724,40.61552],[-95.60118,40.61767],[-95.6016,40.61666],[-95.59724,40.61552]]]}},{"type":"Feature","properties":{},"geometry":{"type":"Polygon","coordinates":[[[-95.79009,41.12324],[-95.78564,41.11949],[-95.78379,41.12532],[-95.79009,41.12324]]]}},{"type":"Feature","properties":{},"geometry":{"type":"Polygon","coordinates":[[[-95.78201,41.10451],[-95.78594,41.10218],[-95.78582,41.10042],[-95.78201,41.10451]]]}},{"type":"Feature","properties":{},"geometry":{"type":"Polygon","coordinates":[[[-95.73084,41.02864],[-95.73124,41.03003],[-95.73217,41.02939],[-95.73084,41.02864]]]}},{"type":"Feature","properties":{},"geometry":{"type":"Polygon","coordinates":[[[-94.9253,41.01883],[-94.92684,41.01953],[-94.92645,41.01848],[-94.9253,41.01883]]]}},{"type":"Feature","properties":{},"geometry":{"type":"Polygon","coordinates":[[[-95.69607,41.2124],[-95.6944,41.21391],[-95.69704,41.21411],[-95.69607,41.2124]]]}},{"type":"Feature","properties":{},"geometry":{"type":"Polygon","coordinates":[[[-95.74182,40.94315],[-95.74934,40.93564],[-95.74387,40.92943],[-95.73956,40.93065],[-95.74182,40.94315]]]}},{"type":"Feature","properties":{},"geometry":{"type":"Polygon","coordinates":[[[-95.81842,40.70112],[-95.81671,40.70146],[-95.81692,40.70192],[-95.81842,40.70112]]]}},{"type":"Feature","properties":{},"geometry":{"type":"Polygon","coordinates":[[[-95.8214,40.6981],[-95.81957,40.69792],[-95.81932,40.69938],[-95.8214,40.6981]]]}},{"type":"Feature","properties":{},"geometry":{"type":"Polygon","coordinates":[[[-95.03967,41.12401],[-95.03946,41.12275],[-95.03862,41.12303],[-95.03967,41.12401]]]}},{"type":"Feature","properties":{},"geometry":{"type":"Polygon","coordinates":[[[-95.64199,40.98706],[-95.64413,40.9855],[-95.63912,40.98413],[-95.64199,40.98706]]]}},{"type":"Feature","properties":{},"geometry":{"type":"Polygon","coordinates":[[[-95.64292,40.96984],[-95.64391,40.9683],[-95.64261,40.9684],[-95.64292,40.96984]]]}},{"type":"Feature","properties":{},"geometry":{"type":"Polygon","coordinates":[[[-95.60892,40.93897],[-95.60328,40.93945],[-95.60246,40.94132],[-95.60892,40.93897]]]}},{"type":"Feature","properties":{},"geometry":{"type":"Polygon","coordinates":[[[-95.63026,40.91176],[-95.62803,40.91306],[-95.63068,40.9132],[-95.63026,40.91176]]]}},{"type":"Feature","properties":{},"geometry":{"type":"Polygon","coordinates":[[[-95.60191,40.85358],[-95.60242,40.85548],[-95.60525,40.85394],[-95.60191,40.85358]]]}},{"type":"Feature","properties":{},"geometry":{"type":"Polygon","coordinates":[[[-95.5827,40.71284],[-95.57792,40.71863],[-95.58279,40.71899],[-95.5827,40.71284]]]}},{"type":"Feature","properties":{},"geometry":{"type":"MultiPolygon","coordinates":[[[[-95.58217,40.69016],[-95.56654,40.70234],[-95.57462,40.71177],[-95.58261,40.71177],[-95.58066,40.70312],[-95.58379,40.70276],[-95.58595,40.70118],[-95.58701,40.69469],[-95.59004,40.69498],[-95.58217,40.69016]]],[[[-95.5819,40.69873],[-95.58061,40.69658],[-95.57745,40.70127],[-95.5819,40.69873]]],[[[-95.58376,40.70216],[-95.58202,40.69976],[-95.58109,40.70173],[-95.58376,40.70216]]],[[[-95.58235,40.69466],[-95.5776,40.69551],[-95.57757,40.69569],[-95.58235,40.69466]]],[[[-95.57649,40.70148],[-95.57481,40.70147],[-95.57351,40.70216],[-95.57649,40.70148]]]]}},{"type":"Feature","properties":{},"geometry":{"type":"Polygon","coordinates":[[[-94.65116,41.49488],[-94.64997,41.49533],[-94.65098,41.49579],[-94.65116,41.49488]]]}},{"type":"Feature","properties":{},"geometry":{"type":"Polygon","coordinates":[[[-95.67664,40.59792],[-95.67972,40.59577],[-95.67405,40.59369],[-95.67664,40.59792]]]}},{"type":"Feature","properties":{},"geometry":{"type":"Polygon","coordinates":[[[-95.64795,40.5942],[-95.646,40.59688],[-95.64792,40.59679],[-95.64795,40.5942]]]}},{"type":"Feature","properties":{},"geometry":{"type":"Polygon","coordinates":[[[-95.73649,40.71555],[-95.73254,40.71045],[-95.7361,40.71612],[-95.73649,40.71555]]]}},{"type":"Feature","properties":{},"geometry":{"type":"Polygon","coordinates":[[[-95.77858,40.67665],[-95.77528,40.67688],[-95.7784,40.67855],[-95.77858,40.67665]]]}},{"type":"Feature","properties":{},"geometry":{"type":"Polygon","coordinates":[[[-95.65967,40.66507],[-95.65459,40.66514],[-95.66024,40.67172],[-95.65967,40.66507]]]}},{"type":"Feature","properties":{},"geometry":{"type":"Polygon","coordinates":[[[-95.76799,40.66713],[-95.76385,40.66612],[-95.76691,40.66828],[-95.76799,40.66713]]]}},{"type":"Feature","properties":{},"geometry":{"type":"Polygon","coordinates":[[[-94.83684,40.65281],[-94.8354,40.65338],[-94.83468,40.65395],[-94.83684,40.65281]]]}},{"type":"Feature","properties":{},"geometry":{"type":"Polygon","coordinates":[[[-94.7044,40.65402],[-94.70308,40.65413],[-94.70425,40.65425],[-94.7044,40.65402]]]}},{"type":"Feature","properties":{},"geometry":{"type":"Polygon","coordinates":[[[-94.71557,40.63212],[-94.71371,40.62946],[-94.71341,40.63248],[-94.71557,40.63212]]]}},{"type":"Feature","properties":{},"geometry":{"type":"Polygon","coordinates":[[[-94.48746,41.25436],[-94.48586,41.25395],[-94.48598,41.25486],[-94.48746,41.25436]]]}},{"type":"Feature","properties":{},"geometry":{"type":"Polygon","coordinates":[[[-94.50158,41.21099],[-94.5007,41.20928],[-94.50103,41.21102],[-94.50158,41.21099]]]}},{"type":"Feature","properties":{},"geometry":{"type":"Polygon","coordinates":[[[-94.40462,41.18067],[-94.40277,41.18081],[-94.40317,41.18141],[-94.40462,41.18067]]]}},{"type":"Feature","properties":{},"geometry":{"type":"Polygon","coordinates":[[[-94.49412,41.16137],[-94.49321,41.16224],[-94.49442,41.1619],[-94.49412,41.16137]]]}},{"type":"Feature","properties":{},"geometry":{"type":"Polygon","coordinates":[[[-94.4125,41.15361],[-94.41105,41.1532],[-94.41163,41.15386],[-94.4125,41.15361]]]}},{"type":"Feature","properties":{},"geometry":{"type":"Polygon","coordinates":[[[-94.49509,41.14838],[-94.49358,41.14765],[-94.49322,41.14859],[-94.49509,41.14838]]]}},{"type":"Feature","properties":{},"geometry":{"type":"Polygon","coordinates":[[[-94.40457,41.14425],[-94.40327,41.1446],[-94.40439,41.14487],[-94.40457,41.14425]]]}},{"type":"Feature","properties":{},"geometry":{"type":"Polygon","coordinates":[[[-94.47857,40.6818],[-94.47682,40.68208],[-94.47604,40.68391],[-94.47857,40.6818]]]}},{"type":"Feature","properties":{},"geometry":{"type":"Polygon","coordinates":[[[-94.49136,40.67877],[-94.49079,40.67934],[-94.49205,40.67964],[-94.49136,40.67877]]]}},{"type":"Feature","properties":{},"geometry":{"type":"Polygon","coordinates":[[[-94.59863,40.67553],[-94.59791,40.67464],[-94.59662,40.67553],[-94.59863,40.67553]]]}},{"type":"Feature","properties":{},"geometry":{"type":"Polygon","coordinates":[[[-94.50621,40.66944],[-94.50402,40.67053],[-94.50669,40.67063],[-94.50621,40.66944]]]}},{"type":"Feature","properties":{},"geometry":{"type":"Polygon","coordinates":[[[-94.48958,40.65944],[-94.48787,40.66017],[-94.49166,40.66008],[-94.48958,40.65944]]]}},{"type":"Feature","properties":{},"geometry":{"type":"Polygon","coordinates":[[[-94.51756,40.65568],[-94.52056,40.6562],[-94.52032,40.65591],[-94.51756,40.65568]]]}},{"type":"Feature","properties":{},"geometry":{"type":"Polygon","coordinates":[[[-94.50286,40.65889],[-94.50203,40.6577],[-94.50121,40.65795],[-94.50286,40.65889]]]}},{"type":"Feature","properties":{},"geometry":{"type":"Polygon","coordinates":[[[-94.60933,40.64314],[-94.6115,40.64183],[-94.60858,40.64112],[-94.60933,40.64314]]]}},{"type":"Feature","properties":{},"geometry":{"type":"Polygon","coordinates":[[[-94.48991,40.64214],[-94.48862,40.64274],[-94.48883,40.64329],[-94.48991,40.64214]]]}},{"type":"Feature","properties":{},"geometry":{"type":"Polygon","coordinates":[[[-94.53063,40.63123],[-94.52663,40.63239],[-94.5296,40.63466],[-94.53063,40.63123]]]}},{"type":"Feature","properties":{},"geometry":{"type":"Polygon","coordinates":[[[-94.53268,40.62364],[-94.53175,40.6245],[-94.53445,40.62407],[-94.53268,40.62364]]]}},{"type":"Feature","properties":{},"geometry":{"type":"Polygon","coordinates":[[[-94.53184,40.62071],[-94.53013,40.61974],[-94.5301,40.62009],[-94.53184,40.62071]]]}},{"type":"Feature","properties":{},"geometry":{"type":"Polygon","coordinates":[[[-94.55824,40.61695],[-94.55593,40.61551],[-94.55674,40.61903],[-94.55824,40.61695]]]}},{"type":"Feature","properties":{},"geometry":{"type":"Polygon","coordinates":[[[-94.70305,40.60916],[-94.70219,40.61026],[-94.70429,40.61014],[-94.70305,40.60916]]]}},{"type":"Feature","properties":{},"geometry":{"type":"Polygon","coordinates":[[[-94.51029,40.60383],[-94.51155,40.60378],[-94.51143,40.60335],[-94.51029,40.60383]]]}},{"type":"Feature","properties":{},"geometry":{"type":"Polygon","coordinates":[[[-94.61156,40.60001],[-94.61063,40.59903],[-94.61063,40.59997],[-94.61156,40.60001]]]}},{"type":"Feature","properties":{},"geometry":{"type":"Polygon","coordinates":[[[-94.48756,40.60115],[-94.48792,40.5997],[-94.48726,40.5997],[-94.48756,40.60115]]]}},{"type":"Feature","properties":{},"geometry":{"type":"Polygon","coordinates":[[[-94.53335,40.59582],[-94.53182,40.59735],[-94.53421,40.59968],[-94.53335,40.59582]]]}},{"type":"Feature","properties":{},"geometry":{"type":"Polygon","coordinates":[[[-94.56111,40.59858],[-94.55952,40.59931],[-94.5612,40.59876],[-94.56111,40.59858]]]}},{"type":"Feature","properties":{},"geometry":{"type":"Polygon","coordinates":[[[-94.53669,40.59097],[-94.53219,40.58868],[-94.53191,40.59325],[-94.53669,40.59097]]]}},{"type":"Feature","properties":{},"geometry":{"type":"Polygon","coordinates":[[[-94.69246,40.58309],[-94.69156,40.58455],[-94.696,40.58436],[-94.69246,40.58309]]]}},{"type":"Feature","properties":{},"geometry":{"type":"Polygon","coordinates":[[[-94.55977,40.58334],[-94.55845,40.58293],[-94.55794,40.5838],[-94.55977,40.58334]]]}},{"type":"Feature","properties":{},"geometry":{"type":"Polygon","coordinates":[[[-94.54186,40.58253],[-94.5394,40.58285],[-94.54195,40.5834],[-94.54186,40.58253]]]}},{"type":"Feature","properties":{},"geometry":{"type":"Polygon","coordinates":[[[-94.50833,40.57239],[-94.5071,40.5717],[-94.50749,40.57308],[-94.50833,40.57239]]]}},{"type":"Feature","properties":{},"geometry":{"type":"Polygon","coordinates":[[[-94.58846,41.13423],[-94.58695,41.1335],[-94.58755,41.13464],[-94.58846,41.13423]]]}},{"type":"Feature","properties":{},"geometry":{"type":"Polygon","coordinates":[[[-94.59672,41.1281],[-94.5983,41.12829],[-94.59827,41.12682],[-94.59672,41.1281]]]}},{"type":"Feature","properties":{},"geometry":{"type":"Polygon","coordinates":[[[-94.72764,40.92001],[-94.72792,40.9209],[-94.7287,40.92072],[-94.72764,40.92001]]]}},{"type":"Feature","properties":{},"geometry":{"type":"Polygon","coordinates":[[[-94.64893,41.10287],[-94.64727,41.10312],[-94.6483,41.10434],[-94.64893,41.10287]]]}},{"type":"Feature","properties":{},"geometry":{"type":"Polygon","coordinates":[[[-94.62803,41.10285],[-94.62701,41.10363],[-94.62822,41.10315],[-94.62803,41.10285]]]}},{"type":"Feature","properties":{},"geometry":{"type":"Polygon","coordinates":[[[-94.71242,41.08925],[-94.71242,41.09129],[-94.71339,41.09021],[-94.71242,41.08925]]]}},{"type":"Feature","properties":{},"geometry":{"type":"Polygon","coordinates":[[[-94.45072,41.09347],[-94.44888,41.09445],[-94.45087,41.09406],[-94.45072,41.09347]]]}},{"type":"Feature","properties":{},"geometry":{"type":"Polygon","coordinates":[[[-94.67202,41.0833],[-94.67033,41.08282],[-94.67015,41.08312],[-94.67202,41.0833]]]}},{"type":"Feature","properties":{},"geometry":{"type":"Polygon","coordinates":[[[-94.68768,41.08003],[-94.69638,41.07718],[-94.7052,41.06707],[-94.73523,41.05972],[-94.73092,41.06638],[-94.73353,41.07148],[-94.7528,41.04695],[-94.70096,41.06531],[-94.68768,41.08003]]]}},{"type":"Feature","properties":{},"geometry":{"type":"Polygon","coordinates":[[[-94.69859,41.07837],[-94.69717,41.07885],[-94.69917,41.07951],[-94.69859,41.07837]]]}},{"type":"Feature","properties":{},"geometry":{"type":"Polygon","coordinates":[[[-94.65104,41.07684],[-94.65339,41.07578],[-94.6498,41.07515],[-94.65104,41.07684]]]}},{"type":"Feature","properties":{},"geometry":{"type":"Polygon","coordinates":[[[-94.6893,41.07261],[-94.68773,41.07284],[-94.68873,41.0736],[-94.6893,41.07261]]]}},{"type":"Feature","properties":{},"geometry":{"type":"Polygon","coordinates":[[[-94.665,41.07011],[-94.66355,41.06839],[-94.66355,41.07038],[-94.665,41.07011]]]}},{"type":"Feature","properties":{},"geometry":{"type":"Polygon","coordinates":[[[-94.71644,41.06882],[-94.71689,41.06738],[-94.71578,41.06797],[-94.71644,41.06882]]]}},{"type":"Feature","properties":{},"geometry":{"type":"Polygon","coordinates":[[[-94.76577,41.06051],[-94.76426,41.05973],[-94.76426,41.05989],[-94.76577,41.06051]]]}},{"type":"Feature","properties":{},"geometry":{"type":"Polygon","coordinates":[[[-94.76319,41.05078],[-94.76203,41.05346],[-94.76267,41.05357],[-94.76319,41.05078]]]}},{"type":"Feature","properties":{},"geometry":{"type":"Polygon","coordinates":[[[-94.7272,41.05049],[-94.71838,41.0518],[-94.72824,41.05296],[-94.7272,41.05049]]]}},{"type":"Feature","properties":{},"geometry":{"type":"Polygon","coordinates":[[[-94.71544,41.04524],[-94.71438,41.04471],[-94.7142,41.04521],[-94.71544,41.04524]]]}},{"type":"Feature","properties":{},"geometry":{"type":"Polygon","coordinates":[[[-94.73878,41.03627],[-94.74006,41.03856],[-94.74081,41.0373],[-94.73878,41.03627]]]}},{"type":"Feature","properties":{},"geometry":{"type":"Polygon","coordinates":[[[-94.72147,41.03361],[-94.72056,41.03119],[-94.72071,41.03389],[-94.72147,41.03361]]]}},{"type":"Feature","properties":{},"geometry":{"type":"Polygon","coordinates":[[[-94.70989,41.03046],[-94.70835,41.03101],[-94.71038,41.03129],[-94.70989,41.03046]]]}},{"type":"Feature","properties":{},"geometry":{"type":"Polygon","coordinates":[[[-94.61936,41.03152],[-94.61739,41.03173],[-94.61918,41.03239],[-94.61936,41.03152]]]}},{"type":"Feature","properties":{},"geometry":{"type":"Polygon","coordinates":[[[-94.78059,41.02792],[-94.77766,41.0274],[-94.78056,41.02829],[-94.78059,41.02792]]]}},{"type":"Feature","properties":{},"geometry":{"type":"Polygon","coordinates":[[[-94.80286,41.02041],[-94.80093,41.02078],[-94.80066,41.02229],[-94.80286,41.02041]]]}},{"type":"Feature","properties":{},"geometry":{"type":"Polygon","coordinates":[[[-94.76544,41.02029],[-94.76004,41.01887],[-94.75952,41.01962],[-94.76544,41.02029]]]}},{"type":"Feature","properties":{},"geometry":{"type":"Polygon","coordinates":[[[-94.80728,41.01735],[-94.80495,41.01801],[-94.80634,41.01866],[-94.80728,41.01735]]]}},{"type":"Feature","properties":{},"geometry":{"type":"Polygon","coordinates":[[[-94.74398,41.01726],[-94.74337,41.01838],[-94.74416,41.01826],[-94.74398,41.01726]]]}},{"type":"Feature","properties":{},"geometry":{"type":"Polygon","coordinates":[[[-94.75944,41.01745],[-94.75802,41.018],[-94.75947,41.01759],[-94.75944,41.01745]]]}},{"type":"Feature","properties":{},"geometry":{"type":"Polygon","coordinates":[[[-94.65237,41.01784],[-94.65246,41.01896],[-94.65355,41.01853],[-94.65237,41.01784]]]}},{"type":"Feature","properties":{},"geometry":{"type":"Polygon","coordinates":[[[-94.71079,41.00301],[-94.70977,41.00736],[-94.71383,41.01465],[-94.71079,41.00301]]]}},{"type":"Feature","properties":{},"geometry":{"type":"Polygon","coordinates":[[[-94.31611,40.97956],[-94.31496,40.98045],[-94.31602,40.98203],[-94.31611,40.97956]]]}},{"type":"Feature","properties":{},"geometry":{"type":"Polygon","coordinates":[[[-94.3898,40.97948],[-94.38853,40.97975],[-94.39004,40.98078],[-94.3898,40.97948]]]}},{"type":"Feature","properties":{},"geometry":{"type":"Polygon","coordinates":[[[-94.55765,40.97017],[-94.5569,40.9706],[-94.55786,40.97136],[-94.55765,40.97017]]]}},{"type":"Feature","properties":{},"geometry":{"type":"Polygon","coordinates":[[[-94.55521,40.96573],[-94.55669,40.96493],[-94.55503,40.96486],[-94.55521,40.96573]]]}},{"type":"Feature","properties":{},"geometry":{"type":"Polygon","coordinates":[[[-94.42711,40.93815],[-94.42394,40.93799],[-94.424,40.93815],[-94.42711,40.93815]]]}},{"type":"Feature","properties":{},"geometry":{"type":"Polygon","coordinates":[[[-94.34411,40.93347],[-94.34242,40.93301],[-94.34258,40.9342],[-94.34411,40.93347]]]}},{"type":"Feature","properties":{},"geometry":{"type":"Polygon","coordinates":[[[-94.37081,40.93247],[-94.36891,40.93194],[-94.36885,40.93219],[-94.37081,40.93247]]]}},{"type":"Feature","properties":{},"geometry":{"type":"Polygon","coordinates":[[[-94.50706,40.92129],[-94.50585,40.92154],[-94.50772,40.92262],[-94.50706,40.92129]]]}},{"type":"Feature","properties":{},"geometry":{"type":"Polygon","coordinates":[[[-94.83412,40.99748],[-94.83107,40.99835],[-94.83581,40.99794],[-94.83412,40.99748]]]}},{"type":"Feature","properties":{},"geometry":{"type":"Polygon","coordinates":[[[-94.81393,40.99485],[-94.81492,40.9962],[-94.81544,40.99496],[-94.81393,40.99485]]]}},{"type":"Feature","properties":{},"geometry":{"type":"Polygon","coordinates":[[[-94.86217,40.99278],[-94.86136,40.99044],[-94.86009,40.99349],[-94.86217,40.99278]]]}},{"type":"Feature","properties":{},"geometry":{"type":"Polygon","coordinates":[[[-94.72162,40.98205],[-94.72087,40.98391],[-94.7225,40.9837],[-94.72162,40.98205]]]}},{"type":"Feature","properties":{},"geometry":{"type":"Polygon","coordinates":[[[-94.73517,40.98069],[-94.73439,40.98156],[-94.73481,40.98161],[-94.73517,40.98069]]]}},{"type":"Feature","properties":{},"geometry":{"type":"Polygon","coordinates":[[[-94.74464,40.97819],[-94.74362,40.97894],[-94.74482,40.97903],[-94.74464,40.97819]]]}},{"type":"Feature","properties":{},"geometry":{"type":"Polygon","coordinates":[[[-94.74971,40.97594],[-94.74723,40.97533],[-94.74723,40.97585],[-94.74971,40.97594]]]}},{"type":"Feature","properties":{},"geometry":{"type":"Polygon","coordinates":[[[-94.74621,40.97508],[-94.74458,40.97512],[-94.74467,40.97592],[-94.74621,40.97508]]]}},{"type":"Feature","properties":{},"geometry":{"type":"Polygon","coordinates":[[[-94.7475,40.97402],[-94.74524,40.97329],[-94.74488,40.97432],[-94.7475,40.97402]]]}},{"type":"Feature","properties":{},"geometry":{"type":"Polygon","coordinates":[[[-94.74958,40.97164],[-94.7462,40.97139],[-94.74611,40.97176],[-94.74958,40.97164]]]}},{"type":"Feature","properties":{},"geometry":{"type":"Polygon","coordinates":[[[-94.74816,40.9689],[-94.74725,40.96974],[-94.74858,40.96988],[-94.74816,40.9689]]]}},{"type":"Feature","properties":{},"geometry":{"type":"Polygon","coordinates":[[[-94.80358,40.86283],[-94.80225,40.86203],[-94.80198,40.86232],[-94.80358,40.86283]]]}},{"type":"Feature","properties":{},"geometry":{"type":"Polygon","coordinates":[[[-94.78717,40.95379],[-94.78617,40.95505],[-94.78704,40.95503],[-94.78717,40.95379]]]}},{"type":"Feature","properties":{},"geometry":{"type":"Polygon","coordinates":[[[-94.83614,40.94368],[-94.83518,40.94192],[-94.83515,40.94366],[-94.83614,40.94368]]]}},{"type":"Feature","properties":{},"geometry":{"type":"Polygon","coordinates":[[[-94.81169,40.85503],[-94.80946,40.85451],[-94.80916,40.85483],[-94.81169,40.85503]]]}},{"type":"Feature","properties":{},"geometry":{"type":"Polygon","coordinates":[[[-94.54597,40.83656],[-94.5416,40.83791],[-94.54702,40.83727],[-94.54597,40.83656]]]}},{"type":"Feature","properties":{},"geometry":{"type":"Polygon","coordinates":[[[-94.61218,40.82123],[-94.6086,40.82139],[-94.60875,40.82208],[-94.61218,40.82123]]]}},{"type":"Feature","properties":{},"geometry":{"type":"Polygon","coordinates":[[[-94.63801,40.80524],[-94.63711,40.80389],[-94.63627,40.80515],[-94.63801,40.80524]]]}},{"type":"Feature","properties":{},"geometry":{"type":"Polygon","coordinates":[[[-94.60409,40.78168],[-94.60186,40.78081],[-94.60415,40.78186],[-94.60409,40.78168]]]}},{"type":"Feature","properties":{},"geometry":{"type":"Polygon","coordinates":[[[-94.88665,40.87339],[-94.88753,40.87454],[-94.88858,40.87346],[-94.88665,40.87339]]]}},{"type":"Feature","properties":{},"geometry":{"type":"Polygon","coordinates":[[[-94.61968,40.78081],[-94.61917,40.77999],[-94.61781,40.78088],[-94.61968,40.78081]]]}},{"type":"Feature","properties":{},"geometry":{"type":"Polygon","coordinates":[[[-94.62799,40.7742],[-94.62672,40.77363],[-94.62675,40.77431],[-94.62799,40.7742]]]}},{"type":"Feature","properties":{},"geometry":{"type":"Polygon","coordinates":[[[-94.63788,40.76681],[-94.63677,40.76724],[-94.638,40.76775],[-94.63788,40.76681]]]}},{"type":"Feature","properties":{},"geometry":{"type":"Polygon","coordinates":[[[-94.84505,40.76121],[-94.84367,40.76169],[-94.84493,40.76366],[-94.84505,40.76121]]]}},{"type":"Feature","properties":{},"geometry":{"type":"Polygon","coordinates":[[[-94.93579,40.82939],[-94.93504,40.82987],[-94.93648,40.83046],[-94.93579,40.82939]]]}},{"type":"Feature","properties":{},"geometry":{"type":"Polygon","coordinates":[[[-94.68981,40.74153],[-94.69053,40.74309],[-94.69098,40.74302],[-94.68981,40.74153]]]}},{"type":"Feature","properties":{},"geometry":{"type":"Polygon","coordinates":[[[-94.80532,40.73474],[-94.80409,40.73544],[-94.80556,40.73519],[-94.80532,40.73474]]]}},{"type":"Feature","properties":{},"geometry":{"type":"Polygon","coordinates":[[[-94.63215,40.73439],[-94.63076,40.73492],[-94.63194,40.73522],[-94.63215,40.73439]]]}},{"type":"Feature","properties":{},"geometry":{"type":"Polygon","coordinates":[[[-94.8261,40.73118],[-94.82791,40.72882],[-94.82466,40.72729],[-94.8261,40.73118]]]}},{"type":"Feature","properties":{},"geometry":{"type":"Polygon","coordinates":[[[-94.89973,40.79203],[-94.89843,40.7926],[-94.89976,40.79246],[-94.89973,40.79203]]]}},{"type":"Feature","properties":{},"geometry":{"type":"Polygon","coordinates":[[[-94.81935,40.7193],[-94.82235,40.72049],[-94.81998,40.71738],[-94.81935,40.7193]]]}},{"type":"Feature","properties":{},"geometry":{"type":"Polygon","coordinates":[[[-94.79591,40.70433],[-94.79432,40.70385],[-94.7932,40.70485],[-94.79591,40.70433]]]}},{"type":"Feature","properties":{},"geometry":{"type":"Polygon","coordinates":[[[-94.73115,40.69941],[-94.72905,40.69902],[-94.72743,40.7036],[-94.73115,40.69941]]]}},{"type":"Feature","properties":{},"geometry":{"type":"Polygon","coordinates":[[[-94.7145,40.68169],[-94.71397,40.68588],[-94.7189,40.68665],[-94.7145,40.68169]]]}},{"type":"Feature","properties":{},"geometry":{"type":"Polygon","coordinates":[[[-94.70456,40.68511],[-94.70348,40.68499],[-94.70438,40.68586],[-94.70456,40.68511]]]}},{"type":"Feature","properties":{},"geometry":{"type":"Polygon","coordinates":[[[-94.68613,40.67066],[-94.68453,40.67121],[-94.68435,40.67176],[-94.68613,40.67066]]]}},{"type":"Feature","properties":{},"geometry":{"type":"Polygon","coordinates":[[[-94.70448,40.67088],[-94.70376,40.66974],[-94.70337,40.67015],[-94.70448,40.67088]]]}},{"type":"Feature","properties":{},"geometry":{"type":"Polygon","coordinates":[[[-94.98421,40.74817],[-94.98277,40.74803],[-94.98421,40.74835],[-94.98421,40.74817]]]}},{"type":"Feature","properties":{},"geometry":{"type":"Polygon","coordinates":[[[-94.77289,40.66087],[-94.7697,40.66137],[-94.77301,40.66135],[-94.77289,40.66087]]]}},{"type":"Feature","properties":{},"geometry":{"type":"Polygon","coordinates":[[[-94.71042,40.66172],[-94.7097,40.66097],[-94.70937,40.66175],[-94.71042,40.66172]]]}},{"type":"Feature","properties":{},"geometry":{"type":"Polygon","coordinates":[[[-94.69843,40.65997],[-94.69951,40.66105],[-94.69993,40.66011],[-94.69843,40.65997]]]}},{"type":"Feature","properties":{},"geometry":{"type":"Polygon","coordinates":[[[-94.90991,40.73648],[-94.9113,40.73683],[-94.91298,40.7357],[-94.90991,40.73648]]]}},{"type":"Feature","properties":{},"geometry":{"type":"Polygon","coordinates":[[[-94.9623,40.60867],[-94.96098,40.61012],[-94.96314,40.60936],[-94.9623,40.60867]]]}},{"type":"Feature","properties":{},"geometry":{"type":"Polygon","coordinates":[[[-94.54952,40.89961],[-94.54762,40.89956],[-94.55105,40.90238],[-94.54952,40.89961]]]}},{"type":"Feature","properties":{},"geometry":{"type":"Polygon","coordinates":[[[-94.55227,40.89415],[-94.55549,40.89401],[-94.55498,40.89264],[-94.55227,40.89415]]]}},{"type":"Feature","properties":{},"geometry":{"type":"Polygon","coordinates":[[[-94.42424,40.82559],[-94.42394,40.82635],[-94.42451,40.82564],[-94.42424,40.82559]]]}},{"type":"Feature","properties":{},"geometry":{"type":"Polygon","coordinates":[[[-94.44438,40.81762],[-94.44531,40.81602],[-94.44357,40.81693],[-94.44438,40.81762]]]}},{"type":"Feature","properties":{},"geometry":{"type":"Polygon","coordinates":[[[-94.39815,40.79064],[-94.39703,40.79035],[-94.39712,40.79073],[-94.39815,40.79064]]]}},{"type":"Feature","properties":{},"geometry":{"type":"Polygon","coordinates":[[[-94.41963,40.78201],[-94.41897,40.78105],[-94.41813,40.78199],[-94.41963,40.78201]]]}},{"type":"Feature","properties":{},"geometry":{"type":"Polygon","coordinates":[[[-94.45803,40.74251],[-94.45659,40.74336],[-94.45818,40.74359],[-94.45803,40.74251]]]}},{"type":"Feature","properties":{},"geometry":{"type":"Polygon","coordinates":[[[-94.45059,40.73421],[-94.45029,40.73335],[-94.45026,40.73371],[-94.45059,40.73421]]]}},{"type":"Feature","properties":{},"geometry":{"type":"Polygon","coordinates":[[[-94.44589,40.73024],[-94.44469,40.73088],[-94.44647,40.73115],[-94.44589,40.73024]]]}},{"type":"Feature","properties":{},"geometry":{"type":"Polygon","coordinates":[[[-94.6098,40.71335],[-94.60806,40.71312],[-94.60941,40.71431],[-94.6098,40.71335]]]}},{"type":"Feature","properties":{},"geometry":{"type":"Polygon","coordinates":[[[-94.55904,40.69599],[-94.55696,40.69638],[-94.55904,40.6962],[-94.55904,40.69599]]]}},{"type":"Feature","properties":{},"geometry":{"type":"Polygon","coordinates":[[[-94.48551,40.68113],[-94.48365,40.68395],[-94.48665,40.68387],[-94.48551,40.68113]]]}},{"type":"Feature","properties":{},"geometry":{"type":"Polygon","coordinates":[[[-94.86622,41.40272],[-94.86679,41.40137],[-94.86312,41.40139],[-94.86622,41.40272]]]}},{"type":"Feature","properties":{},"geometry":{"type":"Polygon","coordinates":[[[-94.82667,41.3991],[-94.8277,41.40205],[-94.82925,41.40122],[-94.82667,41.3991]]]}},{"type":"Feature","properties":{},"geometry":{"type":"Polygon","coordinates":[[[-94.84112,41.40123],[-94.83967,41.40072],[-94.83954,41.40127],[-94.84112,41.40123]]]}},{"type":"Feature","properties":{},"geometry":{"type":"Polygon","coordinates":[[[-94.80832,41.39637],[-94.8102,41.39769],[-94.81017,41.39664],[-94.80832,41.39637]]]}},{"type":"Feature","properties":{},"geometry":{"type":"Polygon","coordinates":[[[-94.97373,41.3898],[-94.97313,41.39096],[-94.97431,41.39066],[-94.97373,41.3898]]]}},{"type":"Feature","properties":{},"geometry":{"type":"Polygon","coordinates":[[[-94.9572,41.38324],[-94.95878,41.38247],[-94.95717,41.38288],[-94.9572,41.38324]]]}},{"type":"Feature","properties":{},"geometry":{"type":"Polygon","coordinates":[[[-94.93499,41.36704],[-94.93368,41.36565],[-94.93329,41.36636],[-94.93499,41.36704]]]}},{"type":"Feature","properties":{},"geometry":{"type":"Polygon","coordinates":[[[-94.90195,41.35846],[-94.90107,41.35649],[-94.90046,41.35839],[-94.90195,41.35846]]]}},{"type":"Feature","properties":{},"geometry":{"type":"Polygon","coordinates":[[[-94.89041,41.35359],[-94.89008,41.35596],[-94.89184,41.35574],[-94.89041,41.35359]]]}},{"type":"Feature","properties":{},"geometry":{"type":"Polygon","coordinates":[[[-94.98389,41.34411],[-94.98231,41.34553],[-94.98389,41.34557],[-94.98389,41.34411]]]}},{"type":"Feature","properties":{},"geometry":{"type":"Polygon","coordinates":[[[-94.98036,41.34061],[-94.979,41.34121],[-94.98037,41.34199],[-94.98036,41.34061]]]}},{"type":"Feature","properties":{},"geometry":{"type":"Polygon","coordinates":[[[-94.9741,41.33588],[-94.97259,41.33728],[-94.9742,41.33627],[-94.9741,41.33588]]]}},{"type":"Feature","properties":{},"geometry":{"type":"Polygon","coordinates":[[[-94.87748,41.33652],[-94.87951,41.33595],[-94.87748,41.33556],[-94.87748,41.33652]]]}},{"type":"Feature","properties":{},"geometry":{"type":"Polygon","coordinates":[[[-94.96957,41.32688],[-94.97063,41.32809],[-94.97355,41.32715],[-94.96957,41.32688]]]}},{"type":"Feature","properties":{},"geometry":{"type":"Polygon","coordinates":[[[-94.96335,41.32581],[-94.96104,41.32617],[-94.9635,41.32684],[-94.96335,41.32581]]]}},{"type":"Feature","properties":{},"geometry":{"type":"Polygon","coordinates":[[[-94.94921,41.3249],[-94.94742,41.3257],[-94.94894,41.32664],[-94.94921,41.3249]]]}},{"type":"Feature","properties":{},"geometry":{"type":"Polygon","coordinates":[[[-94.57479,41.4128],[-94.57324,41.41342],[-94.57491,41.41312],[-94.57479,41.4128]]]}},{"type":"Feature","properties":{},"geometry":{"type":"Polygon","coordinates":[[[-94.62046,41.41201],[-94.62183,41.41262],[-94.6221,41.41194],[-94.62046,41.41201]]]}},{"type":"Feature","properties":{},"geometry":{"type":"Polygon","coordinates":[[[-94.63939,41.40924],[-94.63769,41.40931],[-94.63805,41.41029],[-94.63939,41.40924]]]}},{"type":"Feature","properties":{},"geometry":{"type":"Polygon","coordinates":[[[-94.56122,41.39692],[-94.55991,41.39726],[-94.56092,41.39744],[-94.56122,41.39692]]]}},{"type":"Feature","properties":{},"geometry":{"type":"Polygon","coordinates":[[[-94.55935,41.38397],[-94.55792,41.38475],[-94.55968,41.38436],[-94.55935,41.38397]]]}},{"type":"Feature","properties":{},"geometry":{"type":"Polygon","coordinates":[[[-94.651,41.35854],[-94.65012,41.35612],[-94.64663,41.35683],[-94.651,41.35854]]]}},{"type":"Feature","properties":{},"geometry":{"type":"Polygon","coordinates":[[[-94.45892,41.35822],[-94.45823,41.35906],[-94.4595,41.35861],[-94.45892,41.35822]]]}},{"type":"Feature","properties":{},"geometry":{"type":"Polygon","coordinates":[[[-94.69058,41.34743],[-94.69,41.34622],[-94.68955,41.34679],[-94.69058,41.34743]]]}},{"type":"Feature","properties":{},"geometry":{"type":"Polygon","coordinates":[[[-94.59363,41.34619],[-94.59247,41.34679],[-94.59429,41.34715],[-94.59363,41.34619]]]}},{"type":"Feature","properties":{},"geometry":{"type":"Polygon","coordinates":[[[-94.69282,41.34082],[-94.69142,41.34169],[-94.69227,41.34181],[-94.69282,41.34082]]]}},{"type":"Feature","properties":{},"geometry":{"type":"Polygon","coordinates":[[[-94.54115,41.34168],[-94.54011,41.34267],[-94.54102,41.34276],[-94.54115,41.34168]]]}},{"type":"Feature","properties":{},"geometry":{"type":"Polygon","coordinates":[[[-94.73149,41.32828],[-94.73213,41.32711],[-94.73086,41.32775],[-94.73149,41.32828]]]}},{"type":"Feature","properties":{},"geometry":{"type":"Polygon","coordinates":[[[-94.63114,41.31547],[-94.62959,41.31605],[-94.6315,41.31634],[-94.63114,41.31547]]]}},{"type":"Feature","properties":{},"geometry":{"type":"Polygon","coordinates":[[[-94.81216,41.31345],[-94.81322,41.31254],[-94.81071,41.31217],[-94.81216,41.31345]]]}},{"type":"Feature","properties":{},"geometry":{"type":"Polygon","coordinates":[[[-94.69382,41.31518],[-94.6923,41.31449],[-94.6923,41.31472],[-94.69382,41.31518]]]}},{"type":"Feature","properties":{},"geometry":{"type":"Polygon","coordinates":[[[-94.81835,41.31124],[-94.81693,41.31105],[-94.81747,41.31181],[-94.81835,41.31124]]]}},{"type":"Feature","properties":{},"geometry":{"type":"Polygon","coordinates":[[[-94.69287,41.3047],[-94.69223,41.30564],[-94.69336,41.30521],[-94.69287,41.3047]]]}},{"type":"Feature","properties":{},"geometry":{"type":"Polygon","coordinates":[[[-94.5185,41.30344],[-94.51717,41.30399],[-94.51789,41.30449],[-94.5185,41.30344]]]}},{"type":"Feature","properties":{},"geometry":{"type":"Polygon","coordinates":[[[-94.39923,41.11655],[-94.39799,41.10493],[-94.38223,41.0975],[-94.37667,41.11404],[-94.38628,41.10367],[-94.39536,41.11202],[-94.39104,41.12367],[-94.39923,41.11655]]]}},{"type":"Feature","properties":{},"geometry":{"type":"Polygon","coordinates":[[[-94.40625,41.11175],[-94.40467,41.11069],[-94.40495,41.11193],[-94.40625,41.11175]]]}},{"type":"Feature","properties":{},"geometry":{"type":"Polygon","coordinates":[[[-94.3721,41.08498],[-94.3711,41.08377],[-94.36889,41.08398],[-94.3721,41.08498]]]}},{"type":"Feature","properties":{},"geometry":{"type":"Polygon","coordinates":[[[-94.39057,41.07819],[-94.39045,41.07247],[-94.38552,41.08254],[-94.39057,41.07819]]]}},{"type":"Feature","properties":{},"geometry":{"type":"Polygon","coordinates":[[[-94.40305,41.07672],[-94.40182,41.07704],[-94.40333,41.07775],[-94.40305,41.07672]]]}},{"type":"Feature","properties":{},"geometry":{"type":"Polygon","coordinates":[[[-94.39187,41.0708],[-94.40199,41.06876],[-94.39827,41.05943],[-94.39531,41.06002],[-94.39187,41.0708]]]}},{"type":"Feature","properties":{},"geometry":{"type":"Polygon","coordinates":[[[-94.32056,41.06953],[-94.31962,41.07024],[-94.3211,41.06999],[-94.32056,41.06953]]]}},{"type":"Feature","properties":{},"geometry":{"type":"Polygon","coordinates":[[[-94.39443,41.04383],[-94.39334,41.04465],[-94.39434,41.04467],[-94.39443,41.04383]]]}},{"type":"Feature","properties":{},"geometry":{"type":"Polygon","coordinates":[[[-94.39938,41.03177],[-94.39811,41.0312],[-94.39763,41.03188],[-94.39938,41.03177]]]}},{"type":"Feature","properties":{},"geometry":{"type":"Polygon","coordinates":[[[-94.33468,41.00397],[-94.33353,41.00454],[-94.3348,41.00456],[-94.33468,41.00397]]]}},{"type":"Feature","properties":{},"geometry":{"type":"Polygon","coordinates":[[[-95.29064,41.65525],[-95.29217,41.6544],[-95.2904,41.6539],[-95.29064,41.65525]]]}},{"type":"Feature","properties":{},"geometry":{"type":"Polygon","coordinates":[[[-95.1826,41.03491],[-95.18459,41.03382],[-95.18181,41.034],[-95.1826,41.03491]]]}},{"type":"Feature","properties":{},"geometry":{"type":"Polygon","coordinates":[[[-95.27436,41.25668],[-95.273,41.25631],[-95.27381,41.25691],[-95.27436,41.25668]]]}},{"type":"Feature","properties":{},"geometry":{"type":"Polygon","coordinates":[[[-95.43399,41.06745],[-95.43462,41.06843],[-95.43477,41.06816],[-95.43399,41.06745]]]}},{"type":"Feature","properties":{},"geometry":{"type":"Polygon","coordinates":[[[-95.1791,40.98429],[-95.17665,40.98411],[-95.17675,40.98564],[-95.1791,40.98429]]]}},{"type":"Feature","properties":{},"geometry":{"type":"Polygon","coordinates":[[[-94.55416,41.06996],[-94.55246,41.06996],[-94.55289,41.07076],[-94.55416,41.06996]]]}},{"type":"Feature","properties":{},"geometry":{"type":"Polygon","coordinates":[[[-94.6972,41.04944],[-94.69539,41.05074],[-94.6972,41.05062],[-94.6972,41.04944]]]}},{"type":"Feature","properties":{},"geometry":{"type":"Polygon","coordinates":[[[-94.81493,41.00503],[-94.81245,41.004],[-94.81435,41.00544],[-94.81493,41.00503]]]}},{"type":"Feature","properties":{},"geometry":{"type":"Polygon","coordinates":[[[-94.82362,40.85431],[-94.82209,40.85467],[-94.82368,40.8547],[-94.82362,40.85431]]]}},{"type":"Feature","properties":{},"geometry":{"type":"Polygon","coordinates":[[[-94.8784,40.88698],[-94.87912,40.88719],[-94.87903,40.88668],[-94.8784,40.88698]]]}},{"type":"Feature","properties":{},"geometry":{"type":"Polygon","coordinates":[[[-94.70607,40.66658],[-94.70466,40.66722],[-94.70607,40.66703],[-94.70607,40.66658]]]}},{"type":"Feature","properties":{},"geometry":{"type":"Polygon","coordinates":[[[-94.70883,40.66456],[-94.70916,40.6625],[-94.7076,40.66449],[-94.70883,40.66456]]]}},{"type":"Feature","properties":{},"geometry":{"type":"Polygon","coordinates":[[[-94.70459,41.3119],[-94.7031,41.31252],[-94.7048,41.31227],[-94.70459,41.3119]]]}},{"type":"Feature","properties":{},"geometry":{"type":"Polygon","coordinates":[[[-94.80136,41.60976],[-94.79853,41.60946],[-94.79935,41.61148],[-94.80136,41.60976]]]}},{"type":"Feature","properties":{},"geometry":{"type":"Polygon","coordinates":[[[-94.81766,41.58223],[-94.8179,41.5839],[-94.81952,41.58262],[-94.81766,41.58223]]]}},{"type":"Feature","properties":{},"geometry":{"type":"Polygon","coordinates":[[[-94.83926,41.5711],[-94.8385,41.57245],[-94.84003,41.57197],[-94.83926,41.5711]]]}},{"type":"Feature","properties":{},"geometry":{"type":"Polygon","coordinates":[[[-94.76546,41.57106],[-94.76735,41.57003],[-94.76446,41.57012],[-94.76546,41.57106]]]}},{"type":"Feature","properties":{},"geometry":{"type":"Polygon","coordinates":[[[-95.02363,41.32901],[-95.02521,41.32864],[-95.02372,41.32768],[-95.02363,41.32901]]]}},{"type":"Feature","properties":{},"geometry":{"type":"Polygon","coordinates":[[[-95.03944,41.30452],[-95.03783,41.30407],[-95.03783,41.30434],[-95.03944,41.30452]]]}},{"type":"Feature","properties":{},"geometry":{"type":"Polygon","coordinates":[[[-95.17979,41.07437],[-95.1775,41.07583],[-95.18064,41.0748],[-95.17979,41.07437]]]}},{"type":"Feature","properties":{},"geometry":{"type":"Polygon","coordinates":[[[-95.36392,40.79034],[-95.35769,40.78851],[-95.35754,40.78928],[-95.36392,40.79034]]]}},{"type":"Feature","properties":{},"geometry":{"type":"Polygon","coordinates":[[[-95.58048,40.7752],[-95.5819,40.77383],[-95.57976,40.77326],[-95.58048,40.7752]]]}},{"type":"Feature","properties":{},"geometry":{"type":"Polygon","coordinates":[[[-94.75646,40.63933],[-94.75511,40.63981],[-94.75631,40.64013],[-94.75646,40.63933]]]}},{"type":"Feature","properties":{},"geometry":{"type":"Polygon","coordinates":[[[-94.50573,41.19183],[-94.5041,41.19125],[-94.50412,41.19196],[-94.50573,41.19183]]]}},{"type":"Feature","properties":{},"geometry":{"type":"Polygon","coordinates":[[[-94.52507,41.18029],[-94.5238,41.18093],[-94.52549,41.18116],[-94.52507,41.18029]]]}},{"type":"Feature","properties":{},"geometry":{"type":"Polygon","coordinates":[[[-94.48437,40.65061],[-94.48344,40.65173],[-94.48813,40.65166],[-94.48437,40.65061]]]}},{"type":"Feature","properties":{},"geometry":{"type":"Polygon","coordinates":[[[-94.57574,40.62631],[-94.57456,40.62755],[-94.5758,40.62698],[-94.57574,40.62631]]]}},{"type":"Feature","properties":{},"geometry":{"type":"Polygon","coordinates":[[[-94.51865,40.61029],[-94.51709,40.60733],[-94.51577,40.60832],[-94.51865,40.61029]]]}},{"type":"Feature","properties":{},"geometry":{"type":"Polygon","coordinates":[[[-94.63217,41.08103],[-94.63227,41.08203],[-94.63347,41.081],[-94.63217,41.08103]]]}},{"type":"Feature","properties":{},"geometry":{"type":"Polygon","coordinates":[[[-94.69326,40.85942],[-94.69163,40.85857],[-94.6925,40.86022],[-94.69326,40.85942]]]}},{"type":"Feature","properties":{},"geometry":{"type":"Polygon","coordinates":[[[-94.8444,40.87302],[-94.84392,40.87227],[-94.84253,40.87321],[-94.8444,40.87302]]]}},{"type":"Feature","properties":{},"geometry":{"type":"Polygon","coordinates":[[[-94.69484,40.76016],[-94.69486,40.75897],[-94.69267,40.75963],[-94.69484,40.76016]]]}},{"type":"Feature","properties":{},"geometry":{"type":"Polygon","coordinates":[[[-94.7009,40.66445],[-94.70012,40.66514],[-94.70129,40.66486],[-94.7009,40.66445]]]}},{"type":"Feature","properties":{},"geometry":{"type":"Polygon","coordinates":[[[-94.77817,41.57093],[-94.77661,41.57002],[-94.77667,41.571],[-94.77817,41.57093]]]}},{"type":"Feature","properties":{},"geometry":{"type":"Polygon","coordinates":[[[-94.82764,41.51399],[-94.82788,41.51278],[-94.82411,41.51284],[-94.82764,41.51399]]]}},{"type":"Feature","properties":{},"geometry":{"type":"Polygon","coordinates":[[[-95.21395,41.61069],[-95.21516,41.60527],[-95.2296,41.60155],[-95.2111,41.60184],[-95.21395,41.61069]]]}},{"type":"Feature","properties":{},"geometry":{"type":"Polygon","coordinates":[[[-95.13851,41.34494],[-95.13757,41.34593],[-95.13896,41.34595],[-95.13851,41.34494]]]}},{"type":"Feature","properties":{},"geometry":{"type":"Polygon","coordinates":[[[-95.21226,41.39058],[-95.21056,41.39072],[-95.21226,41.39161],[-95.21226,41.39058]]]}},{"type":"Feature","properties":{},"geometry":{"type":"Polygon","coordinates":[[[-95.27546,41.25409],[-95.27452,41.25412],[-95.27442,41.25476],[-95.27546,41.25409]]]}},{"type":"Feature","properties":{},"geometry":{"type":"Polygon","coordinates":[[[-95.29228,41.00552],[-95.29101,41.00493],[-95.29116,41.00566],[-95.29228,41.00552]]]}},{"type":"Feature","properties":{},"geometry":{"type":"Polygon","coordinates":[[[-94.58351,40.63085],[-94.57928,40.63082],[-94.58357,40.6313],[-94.58351,40.63085]]]}},{"type":"Feature","properties":{},"geometry":{"type":"Polygon","coordinates":[[[-94.5701,40.61826],[-94.57004,40.61922],[-94.57061,40.61849],[-94.5701,40.61826]]]}},{"type":"Feature","properties":{},"geometry":{"type":"Polygon","coordinates":[[[-94.5058,40.57497],[-94.50439,40.57586],[-94.5058,40.57575],[-94.5058,40.57497]]]}},{"type":"Feature","properties":{},"geometry":{"type":"Polygon","coordinates":[[[-94.63726,41.08977],[-94.63589,41.08853],[-94.63583,41.08947],[-94.63726,41.08977]]]}},{"type":"Feature","properties":{},"geometry":{"type":"Polygon","coordinates":[[[-94.7014,41.05177],[-94.70207,41.05462],[-94.7033,41.0517],[-94.7014,41.05177]]]}},{"type":"Feature","properties":{},"geometry":{"type":"Polygon","coordinates":[[[-94.72312,41.04868],[-94.72122,41.0485],[-94.72128,41.04875],[-94.72312,41.04868]]]}},{"type":"Feature","properties":{},"geometry":{"type":"Polygon","coordinates":[[[-94.72622,40.989],[-94.72413,40.98864],[-94.72477,40.9896],[-94.72622,40.989]]]}},{"type":"Feature","properties":{},"geometry":{"type":"Polygon","coordinates":[[[-94.73145,40.97671],[-94.73082,40.97763],[-94.73169,40.9774],[-94.73145,40.97671]]]}},{"type":"Feature","properties":{},"geometry":{"type":"Polygon","coordinates":[[[-94.93013,40.8707],[-94.9289,40.86951],[-94.92893,40.87045],[-94.93013,40.8707]]]}},{"type":"Feature","properties":{},"geometry":{"type":"Polygon","coordinates":[[[-94.68066,40.742],[-94.68217,40.74266],[-94.6831,40.74144],[-94.68066,40.742]]]}},{"type":"Feature","properties":{},"geometry":{"type":"Polygon","coordinates":[[[-94.43556,40.78685],[-94.43505,40.78781],[-94.4367,40.78775],[-94.43556,40.78685]]]}},{"type":"Feature","properties":{},"geometry":{"type":"Polygon","coordinates":[[[-94.65116,40.68278],[-94.64848,40.68248],[-94.6514,40.68315],[-94.65116,40.68278]]]}},{"type":"Feature","properties":{},"geometry":{"type":"Polygon","coordinates":[[[-94.54937,41.34761],[-94.54864,41.34848],[-94.54949,41.34771],[-94.54937,41.34761]]]}},{"type":"Feature","properties":{},"geometry":{"type":"Polygon","coordinates":[[[-94.53517,41.31553],[-94.53408,41.31462],[-94.53329,41.31535],[-94.53517,41.31553]]]}},{"type":"Feature","properties":{},"geometry":{"type":"Polygon","coordinates":[[[-94.39965,41.09299],[-94.39828,41.09317],[-94.39946,41.09374],[-94.39965,41.09299]]]}},{"type":"Feature","properties":{},"geometry":{"type":"Polygon","coordinates":[[[-94.431,41.05237],[-94.42991,41.05315],[-94.43042,41.05351],[-94.431,41.05237]]]}},{"type":"Feature","properties":{},"geometry":{"type":"Polygon","coordinates":[[[-95.40909,41.00937],[-95.41144,41.01156],[-95.41147,41.00937],[-95.40909,41.00937]]]}},{"type":"Feature","properties":{},"geometry":{"type":"Polygon","coordinates":[[[-94.7914,41.29814],[-94.78994,41.29807],[-94.79143,41.29836],[-94.7914,41.29814]]]}},{"type":"Feature","properties":{},"geometry":{"type":"Polygon","coordinates":[[[-94.66388,41.27811],[-94.66537,41.27766],[-94.66431,41.2774],[-94.66388,41.27811]]]}},{"type":"Feature","properties":{},"geometry":{"type":"Polygon","coordinates":[[[-94.6137,41.27588],[-94.61243,41.27684],[-94.61364,41.27691],[-94.6137,41.27588]]]}},{"type":"Feature","properties":{},"geometry":{"type":"Polygon","coordinates":[[[-94.59994,41.20778],[-94.59818,41.20821],[-94.60057,41.20826],[-94.59994,41.20778]]]}},{"type":"Feature","properties":{},"geometry":{"type":"Polygon","coordinates":[[[-94.97992,41.13894],[-94.9782,41.13865],[-94.97832,41.13997],[-94.97992,41.13894]]]}},{"type":"Feature","properties":{},"geometry":{"type":"Polygon","coordinates":[[[-94.86676,41.65242],[-94.86832,41.65178],[-94.86713,41.65139],[-94.86676,41.65242]]]}},{"type":"Feature","properties":{},"geometry":{"type":"Polygon","coordinates":[[[-94.97874,41.44265],[-94.97592,41.44194],[-94.97567,41.44215],[-94.97874,41.44265]]]}},{"type":"Feature","properties":{},"geometry":{"type":"Polygon","coordinates":[[[-95.80618,40.98443],[-95.8019,40.98555],[-95.804,40.98987],[-95.80618,40.98443]]]}},{"type":"Feature","properties":{},"geometry":{"type":"Polygon","coordinates":[[[-94.57454,40.70895],[-94.57265,40.70856],[-94.57274,40.71057],[-94.57454,40.70895]]]}},{"type":"Feature","properties":{},"geometry":{"type":"Polygon","coordinates":[[[-94.66729,41.41584],[-94.66583,41.41575],[-94.66704,41.41655],[-94.66729,41.41584]]]}},{"type":"Feature","properties":{},"geometry":{"type":"Polygon","coordinates":[[[-94.33455,41.07205],[-94.33325,41.07205],[-94.33449,41.07246],[-94.33455,41.07205]]]}},{"type":"Feature","properties":{},"geometry":{"type":"Polygon","coordinates":[[[-95.24156,41.87976],[-95.24165,41.88197],[-95.24284,41.88062],[-95.24156,41.87976]]]}},{"type":"Feature","properties":{},"geometry":{"type":"Polygon","coordinates":[[[-94.5742,40.87345],[-94.57284,40.87428],[-94.57426,40.87425],[-94.5742,40.87345]]]}},{"type":"Feature","properties":{},"geometry":{"type":"Polygon","coordinates":[[[-94.89178,40.73061],[-94.89088,40.73088],[-94.89196,40.73104],[-94.89178,40.73061]]]}},{"type":"Feature","properties":{},"geometry":{"type":"Polygon","coordinates":[[[-95.81654,41.01913],[-95.81273,41.01723],[-95.81313,41.01906],[-95.81654,41.01913]]]}},{"type":"Feature","properties":{},"geometry":{"type":"Polygon","coordinates":[[[-94.55605,41.20696],[-94.55502,41.20635],[-94.55484,41.20683],[-94.55605,41.20696]]]}},{"type":"Feature","properties":{},"geometry":{"type":"Polygon","coordinates":[[[-95.8122,40.77626],[-95.80898,40.77806],[-95.81208,40.77827],[-95.8122,40.77626]]]}},{"type":"Feature","properties":{},"geometry":{"type":"Polygon","coordinates":[[[-95.77918,40.67508],[-95.77501,40.67544],[-95.77954,40.67595],[-95.77918,40.67508]]]}},{"type":"Feature","properties":{},"geometry":{"type":"Polygon","coordinates":[[[-95.36576,40.78169],[-95.36287,40.78016],[-95.36317,40.78153],[-95.36576,40.78169]]]}},{"type":"Feature","properties":{},"geometry":{"type":"Polygon","coordinates":[[[-95.00632,41.15529],[-95.00499,41.15513],[-95.00601,41.15607],[-95.00632,41.15529]]]}},{"type":"Feature","properties":{},"geometry":{"type":"Polygon","coordinates":[[[-95.03181,41.03562],[-95.03039,41.03596],[-95.0322,41.03706],[-95.03181,41.03562]]]}},{"type":"Feature","properties":{},"geometry":{"type":"Polygon","coordinates":[[[-94.55648,40.89685],[-94.55422,40.89568],[-94.55398,40.89719],[-94.55648,40.89685]]]}},{"type":"Feature","properties":{},"geometry":{"type":"Polygon","coordinates":[[[-95.79085,40.8491],[-95.77341,40.85178],[-95.76603,40.85626],[-95.79395,40.8561],[-95.79085,40.8491]]]}},{"type":"Feature","properties":{},"geometry":{"type":"Polygon","coordinates":[[[-94.48254,41.29888],[-94.4774,41.29248],[-94.47249,41.29363],[-94.47658,41.29417],[-94.48254,41.29888]]]}},{"type":"Feature","properties":{},"geometry":{"type":"Polygon","coordinates":[[[-94.38388,41.05694],[-94.38497,41.05122],[-94.38265,41.05698],[-94.38388,41.05694]]]}},{"type":"Feature","properties":{},"geometry":{"type":"Polygon","coordinates":[[[-95.01743,40.72896],[-95.01487,40.73125],[-95.01772,40.73125],[-95.01743,40.72896]]]}},{"type":"Feature","properties":{},"geometry":{"type":"Polygon","coordinates":[[[-94.72625,41.00137],[-94.7257,41.00023],[-94.7255,41.00385],[-94.72625,41.00137]]]}},{"type":"Feature","properties":{},"geometry":{"type":"Polygon","coordinates":[[[-94.43567,41.19903],[-94.43737,41.19606],[-94.43488,41.19633],[-94.43567,41.19903]]]}},{"type":"Feature","properties":{},"geometry":{"type":"Polygon","coordinates":[[[-94.69726,40.71318],[-94.69043,40.70859],[-94.68698,40.70999],[-94.68741,40.72012],[-94.69726,40.71318]]]}},{"type":"Feature","properties":{},"geometry":{"type":"Polygon","coordinates":[[[-94.20005,41.01436],[-94.19785,41.01598],[-94.19996,41.01596],[-94.20005,41.01436]]]}},{"type":"Feature","properties":{},"geometry":{"type":"Polygon","coordinates":[[[-93.31604,40.74616],[-93.31454,40.74927],[-93.31607,40.74991],[-93.31604,40.74616]]]}},{"type":"Feature","properties":{},"geometry":{"type":"Polygon","coordinates":[[[-94.3538,40.80618],[-94.35347,40.80707],[-94.35452,40.80686],[-94.3538,40.80618]]]}},{"type":"Feature","properties":{},"geometry":{"type":"Polygon","coordinates":[[[-93.93081,40.6117],[-93.92826,40.61323],[-93.93081,40.61323],[-93.93081,40.6117]]]}},{"type":"Feature","properties":{},"geometry":{"type":"Polygon","coordinates":[[[-93.93065,40.60982],[-93.92741,40.61117],[-93.93078,40.61117],[-93.93065,40.60982]]]}},{"type":"Feature","properties":{},"geometry":{"type":"Polygon","coordinates":[[[-93.92822,40.60779],[-93.92669,40.60861],[-93.92822,40.60873],[-93.92822,40.60779]]]}},{"type":"Feature","properties":{},"geometry":{"type":"Polygon","coordinates":[[[-94.34473,41.29861],[-94.34548,41.29973],[-94.34591,41.29847],[-94.34473,41.29861]]]}},{"type":"Feature","properties":{},"geometry":{"type":"Polygon","coordinates":[[[-94.41713,41.29256],[-94.41798,41.2903],[-94.4164,41.29071],[-94.41713,41.29256]]]}},{"type":"Feature","properties":{},"geometry":{"type":"Polygon","coordinates":[[[-94.39787,41.29305],[-94.39693,41.29248],[-94.39657,41.29303],[-94.39787,41.29305]]]}},{"type":"Feature","properties":{},"geometry":{"type":"Polygon","coordinates":[[[-94.34391,41.29296],[-94.34273,41.29257],[-94.34288,41.29307],[-94.34391,41.29296]]]}},{"type":"Feature","properties":{},"geometry":{"type":"Polygon","coordinates":[[[-94.42416,41.28881],[-94.42301,41.28803],[-94.42325,41.28888],[-94.42416,41.28881]]]}},{"type":"Feature","properties":{},"geometry":{"type":"Polygon","coordinates":[[[-94.35344,41.28413],[-94.35313,41.285],[-94.35504,41.28459],[-94.35344,41.28413]]]}},{"type":"Feature","properties":{},"geometry":{"type":"Polygon","coordinates":[[[-94.43808,41.28196],[-94.43596,41.28306],[-94.43829,41.28215],[-94.43808,41.28196]]]}},{"type":"Feature","properties":{},"geometry":{"type":"Polygon","coordinates":[[[-94.35914,41.27775],[-94.35796,41.27731],[-94.35756,41.27805],[-94.35914,41.27775]]]}},{"type":"Feature","properties":{},"geometry":{"type":"Polygon","coordinates":[[[-94.3545,41.27722],[-94.35565,41.27624],[-94.35429,41.2766],[-94.3545,41.27722]]]}},{"type":"Feature","properties":{},"geometry":{"type":"Polygon","coordinates":[[[-94.32622,41.23777],[-94.32485,41.23843],[-94.32646,41.23816],[-94.32622,41.23777]]]}},{"type":"Feature","properties":{},"geometry":{"type":"Polygon","coordinates":[[[-94.23082,41.19214],[-94.22949,41.19255],[-94.23094,41.19253],[-94.23082,41.19214]]]}},{"type":"Feature","properties":{},"geometry":{"type":"Polygon","coordinates":[[[-94.26691,41.17992],[-94.26778,41.18178],[-94.26818,41.18031],[-94.26691,41.17992]]]}},{"type":"Feature","properties":{},"geometry":{"type":"Polygon","coordinates":[[[-94.37734,41.16958],[-94.37873,41.17109],[-94.38079,41.16981],[-94.37734,41.16958]]]}},{"type":"Feature","properties":{},"geometry":{"type":"Polygon","coordinates":[[[-94.34037,41.16393],[-94.33889,41.16256],[-94.33898,41.16356],[-94.34037,41.16393]]]}},{"type":"Feature","properties":{},"geometry":{"type":"Polygon","coordinates":[[[-94.31486,41.16024],[-94.31156,41.1614],[-94.31594,41.16168],[-94.31486,41.16024]]]}},{"type":"Feature","properties":{},"geometry":{"type":"Polygon","coordinates":[[[-94.28105,41.15354],[-94.28042,41.15466],[-94.28163,41.15429],[-94.28105,41.15354]]]}},{"type":"Feature","properties":{},"geometry":{"type":"Polygon","coordinates":[[[-94.27168,41.14838],[-94.26841,41.14982],[-94.27246,41.15035],[-94.27168,41.14838]]]}},{"type":"Feature","properties":{},"geometry":{"type":"Polygon","coordinates":[[[-94.26521,41.14119],[-94.26349,41.14066],[-94.26315,41.14146],[-94.26521,41.14119]]]}},{"type":"Feature","properties":{},"geometry":{"type":"Polygon","coordinates":[[[-94.27823,41.14042],[-94.27944,41.13715],[-94.27769,41.13708],[-94.27823,41.14042]]]}},{"type":"Feature","properties":{},"geometry":{"type":"Polygon","coordinates":[[[-94.31996,41.1388],[-94.3185,41.1399],[-94.32144,41.13883],[-94.31996,41.1388]]]}},{"type":"Feature","properties":{},"geometry":{"type":"Polygon","coordinates":[[[-92.73354,40.76423],[-92.73239,40.76368],[-92.73264,40.76523],[-92.73354,40.76423]]]}},{"type":"Feature","properties":{},"geometry":{"type":"Polygon","coordinates":[[[-92.68468,40.67531],[-92.68425,40.67275],[-92.68203,40.67458],[-92.68468,40.67531]]]}},{"type":"Feature","properties":{},"geometry":{"type":"Polygon","coordinates":[[[-94.13623,41.18395],[-94.13469,41.18446],[-94.13635,41.18487],[-94.13623,41.18395]]]}},{"type":"Feature","properties":{},"geometry":{"type":"Polygon","coordinates":[[[-93.80341,40.94859],[-93.80462,40.94749],[-93.80269,40.94717],[-93.80341,40.94859]]]}},{"type":"Feature","properties":{},"geometry":{"type":"Polygon","coordinates":[[[-93.80194,40.94067],[-93.8014,40.9393],[-93.80116,40.9406],[-93.80194,40.94067]]]}},{"type":"Feature","properties":{},"geometry":{"type":"Polygon","coordinates":[[[-93.11046,40.93887],[-93.11076,40.93732],[-93.10979,40.93752],[-93.11046,40.93887]]]}},{"type":"Feature","properties":{},"geometry":{"type":"Polygon","coordinates":[[[-93.01177,40.91724],[-93.01041,40.91777],[-93.0117,40.91848],[-93.01177,40.91724]]]}},{"type":"Feature","properties":{},"geometry":{"type":"Polygon","coordinates":[[[-93.64297,40.70006],[-93.64327,40.70066],[-93.64639,40.7013],[-93.64297,40.70006]]]}},{"type":"Feature","properties":{},"geometry":{"type":"Polygon","coordinates":[[[-94.25499,40.61947],[-94.25445,40.62048],[-94.25544,40.62021],[-94.25499,40.61947]]]}},{"type":"Feature","properties":{},"geometry":{"type":"Polygon","coordinates":[[[-94.20246,40.61875],[-94.20048,40.61903],[-94.20192,40.61999],[-94.20246,40.61875]]]}},{"type":"Feature","properties":{},"geometry":{"type":"Polygon","coordinates":[[[-94.16145,40.61811],[-94.15995,40.61845],[-94.1619,40.61886],[-94.16145,40.61811]]]}},{"type":"Feature","properties":{},"geometry":{"type":"Polygon","coordinates":[[[-94.44146,40.6083],[-94.43915,40.60761],[-94.44149,40.60857],[-94.44146,40.6083]]]}},{"type":"Feature","properties":{},"geometry":{"type":"Polygon","coordinates":[[[-94.0228,40.61],[-94.02421,40.60998],[-94.0237,40.60938],[-94.0228,40.61]]]}},{"type":"Feature","properties":{},"geometry":{"type":"Polygon","coordinates":[[[-94.00726,40.60621],[-94.00812,40.60735],[-94.00837,40.6063],[-94.00726,40.60621]]]}},{"type":"Feature","properties":{},"geometry":{"type":"Polygon","coordinates":[[[-94.07111,40.60493],[-94.06937,40.60561],[-94.06919,40.60648],[-94.07111,40.60493]]]}},{"type":"Feature","properties":{},"geometry":{"type":"Polygon","coordinates":[[[-94.17777,40.60021],[-94.17626,40.59946],[-94.17605,40.59991],[-94.17777,40.60021]]]}},{"type":"Feature","properties":{},"geometry":{"type":"Polygon","coordinates":[[[-94.34835,40.59402],[-94.34577,40.59319],[-94.34895,40.59482],[-94.34835,40.59402]]]}},{"type":"Feature","properties":{},"geometry":{"type":"Polygon","coordinates":[[[-94.01225,40.59763],[-94.0106,40.59717],[-94.01024,40.59768],[-94.01225,40.59763]]]}},{"type":"Feature","properties":{},"geometry":{"type":"Polygon","coordinates":[[[-94.22538,40.5843],[-94.22286,40.58387],[-94.22211,40.58471],[-94.22538,40.5843]]]}},{"type":"Feature","properties":{},"geometry":{"type":"Polygon","coordinates":[[[-94.26784,40.581],[-94.26607,40.58036],[-94.26625,40.58098],[-94.26784,40.581]]]}},{"type":"Feature","properties":{},"geometry":{"type":"Polygon","coordinates":[[[-94.09853,40.5748],[-94.09562,40.57437],[-94.09754,40.5756],[-94.09853,40.5748]]]}},{"type":"Feature","properties":{},"geometry":{"type":"Polygon","coordinates":[[[-94.17141,40.8724],[-94.17033,40.87318],[-94.1706,40.87332],[-94.17141,40.8724]]]}},{"type":"Feature","properties":{},"geometry":{"type":"Polygon","coordinates":[[[-94.22833,40.86683],[-94.22713,40.86607],[-94.22644,40.86747],[-94.22833,40.86683]]]}},{"type":"Feature","properties":{},"geometry":{"type":"Polygon","coordinates":[[[-94.32299,40.85689],[-94.32233,40.85721],[-94.32278,40.8595],[-94.32299,40.85689]]]}},{"type":"Feature","properties":{},"geometry":{"type":"Polygon","coordinates":[[[-94.27003,40.85299],[-94.26849,40.85228],[-94.26849,40.85249],[-94.27003,40.85299]]]}},{"type":"Feature","properties":{},"geometry":{"type":"Polygon","coordinates":[[[-94.18143,40.84931],[-94.18164,40.85023],[-94.18287,40.84975],[-94.18143,40.84931]]]}},{"type":"Feature","properties":{},"geometry":{"type":"Polygon","coordinates":[[[-94.10731,40.82338],[-94.10671,40.82139],[-94.10623,40.82299],[-94.10731,40.82338]]]}},{"type":"Feature","properties":{},"geometry":{"type":"Polygon","coordinates":[[[-94.37343,40.80337],[-94.37139,40.80398],[-94.37235,40.80449],[-94.37343,40.80337]]]}},{"type":"Feature","properties":{},"geometry":{"type":"Polygon","coordinates":[[[-94.11599,40.79881],[-94.11482,40.79916],[-94.11602,40.799],[-94.11599,40.79881]]]}},{"type":"Feature","properties":{},"geometry":{"type":"Polygon","coordinates":[[[-94.26575,40.79391],[-94.26407,40.79327],[-94.26358,40.79496],[-94.26575,40.79391]]]}},{"type":"Feature","properties":{},"geometry":{"type":"Polygon","coordinates":[[[-94.15166,40.78584],[-94.15305,40.78497],[-94.15148,40.78533],[-94.15166,40.78584]]]}},{"type":"Feature","properties":{},"geometry":{"type":"Polygon","coordinates":[[[-94.10444,40.77831],[-94.10058,40.7765],[-94.10052,40.77966],[-94.10444,40.77831]]]}},{"type":"Feature","properties":{},"geometry":{"type":"Polygon","coordinates":[[[-94.24177,40.77759],[-94.24054,40.77857],[-94.24195,40.77798],[-94.24177,40.77759]]]}},{"type":"Feature","properties":{},"geometry":{"type":"Polygon","coordinates":[[[-94.25709,40.77352],[-94.25537,40.7729],[-94.25522,40.77315],[-94.25709,40.77352]]]}},{"type":"Feature","properties":{},"geometry":{"type":"Polygon","coordinates":[[[-94.18385,40.76345],[-94.18144,40.76285],[-94.18144,40.76306],[-94.18385,40.76345]]]}},{"type":"Feature","properties":{},"geometry":{"type":"Polygon","coordinates":[[[-94.37861,40.75676],[-94.37822,40.75539],[-94.37725,40.75667],[-94.37861,40.75676]]]}},{"type":"Feature","properties":{},"geometry":{"type":"Polygon","coordinates":[[[-94.07198,40.75636],[-94.07183,40.7549],[-94.07102,40.75597],[-94.07198,40.75636]]]}},{"type":"Feature","properties":{},"geometry":{"type":"Polygon","coordinates":[[[-94.32477,40.74883],[-94.32575,40.75071],[-94.32632,40.75051],[-94.32477,40.74883]]]}},{"type":"Feature","properties":{},"geometry":{"type":"Polygon","coordinates":[[[-94.39005,40.74477],[-94.38758,40.7447],[-94.38795,40.74541],[-94.39005,40.74477]]]}},{"type":"Feature","properties":{},"geometry":{"type":"Polygon","coordinates":[[[-94.05694,40.73465],[-94.05573,40.73428],[-94.05567,40.73611],[-94.05694,40.73465]]]}},{"type":"Feature","properties":{},"geometry":{"type":"Polygon","coordinates":[[[-94.37005,40.71079],[-94.36917,40.70983],[-94.3692,40.71079],[-94.37005,40.71079]]]}},{"type":"Feature","properties":{},"geometry":{"type":"Polygon","coordinates":[[[-94.24559,40.70817],[-94.24388,40.70817],[-94.24559,40.70851],[-94.24559,40.70817]]]}},{"type":"Feature","properties":{},"geometry":{"type":"Polygon","coordinates":[[[-94.18338,40.70163],[-94.18299,40.70241],[-94.18489,40.70223],[-94.18338,40.70163]]]}},{"type":"Feature","properties":{},"geometry":{"type":"Polygon","coordinates":[[[-94.33446,40.69281],[-94.32721,40.69422],[-94.32351,40.69601],[-94.32947,40.69578],[-94.33446,40.69281]]]}},{"type":"Feature","properties":{},"geometry":{"type":"Polygon","coordinates":[[[-94.13612,40.69085],[-94.13486,40.69046],[-94.13549,40.6914],[-94.13612,40.69085]]]}},{"type":"Feature","properties":{},"geometry":{"type":"Polygon","coordinates":[[[-94.02537,40.68354],[-94.02374,40.68294],[-94.02362,40.68347],[-94.02537,40.68354]]]}},{"type":"Feature","properties":{},"geometry":{"type":"Polygon","coordinates":[[[-94.11646,40.67909],[-94.11523,40.67959],[-94.11637,40.67925],[-94.11646,40.67909]]]}},{"type":"Feature","properties":{},"geometry":{"type":"Polygon","coordinates":[[[-94.33219,40.6637],[-94.3345,40.6629],[-94.33231,40.66249],[-94.33219,40.6637]]]}},{"type":"Feature","properties":{},"geometry":{"type":"Polygon","coordinates":[[[-94.0034,40.66382],[-94.00199,40.66253],[-94.00079,40.6637],[-94.0034,40.66382]]]}},{"type":"Feature","properties":{},"geometry":{"type":"Polygon","coordinates":[[[-94.29897,40.65596],[-94.29831,40.65499],[-94.29717,40.65664],[-94.29897,40.65596]]]}},{"type":"Feature","properties":{},"geometry":{"type":"Polygon","coordinates":[[[-94.01462,40.65436],[-94.01405,40.65628],[-94.01453,40.65637],[-94.01462,40.65436]]]}},{"type":"Feature","properties":{},"geometry":{"type":"Polygon","coordinates":[[[-94.19133,40.65452],[-94.19115,40.65388],[-94.19091,40.65399],[-94.19133,40.65452]]]}},{"type":"Feature","properties":{},"geometry":{"type":"Polygon","coordinates":[[[-94.10286,40.6533],[-94.10436,40.655],[-94.10568,40.6533],[-94.10286,40.6533]]]}},{"type":"Feature","properties":{},"geometry":{"type":"Polygon","coordinates":[[[-94.38858,40.65046],[-94.38714,40.64987],[-94.38705,40.65021],[-94.38858,40.65046]]]}},{"type":"Feature","properties":{},"geometry":{"type":"Polygon","coordinates":[[[-94.10604,40.6525],[-94.10463,40.65099],[-94.10301,40.65255],[-94.10604,40.6525]]]}},{"type":"Feature","properties":{},"geometry":{"type":"Polygon","coordinates":[[[-94.30618,40.64997],[-94.3048,40.64939],[-94.30441,40.65028],[-94.30618,40.64997]]]}},{"type":"Feature","properties":{},"geometry":{"type":"Polygon","coordinates":[[[-94.28597,40.6473],[-94.28717,40.64849],[-94.28744,40.64725],[-94.28597,40.6473]]]}},{"type":"Feature","properties":{},"geometry":{"type":"Polygon","coordinates":[[[-94.33989,40.64632],[-94.33812,40.6462],[-94.33959,40.64666],[-94.33989,40.64632]]]}},{"type":"Feature","properties":{},"geometry":{"type":"Polygon","coordinates":[[[-94.35041,40.63328],[-94.34794,40.63419],[-94.35173,40.6341],[-94.35041,40.63328]]]}},{"type":"Feature","properties":{},"geometry":{"type":"Polygon","coordinates":[[[-92.97242,40.89323],[-92.97049,40.89285],[-92.97013,40.89328],[-92.97242,40.89323]]]}},{"type":"Feature","properties":{},"geometry":{"type":"Polygon","coordinates":[[[-92.99195,40.89106],[-92.99036,40.89052],[-92.98993,40.89141],[-92.99195,40.89106]]]}},{"type":"Feature","properties":{},"geometry":{"type":"Polygon","coordinates":[[[-93.00021,40.86092],[-92.97842,40.85152],[-92.97867,40.84273],[-92.96687,40.84679],[-92.97445,40.84008],[-92.97472,40.83617],[-92.94812,40.84314],[-92.95449,40.83119],[-92.94934,40.82747],[-92.94577,40.83919],[-92.9241,40.83034],[-92.91139,40.83987],[-92.89728,40.82239],[-92.86846,40.83882],[-92.87831,40.85806],[-92.86885,40.86452],[-92.88006,40.86065],[-92.87937,40.87326],[-92.88986,40.8809],[-92.87924,40.83676],[-92.89196,40.86115],[-92.91246,40.86794],[-92.91563,40.87599],[-92.90909,40.87831],[-92.92483,40.88711],[-92.91885,40.86673],[-92.93441,40.87546],[-92.96224,40.88205],[-92.92632,40.8651],[-92.93166,40.86278],[-92.91017,40.86089],[-92.94503,40.85415],[-92.98021,40.87922],[-92.98014,40.87337],[-93.00399,40.88079],[-93.00322,40.87559],[-93.03123,40.87198],[-93.0375,40.88892],[-93.05077,40.88897],[-93.05211,40.87865],[-93.06253,40.88726],[-93.07839,40.88173],[-93.09062,40.89794],[-93.11939,40.90036],[-93.12024,40.893],[-93.0874,40.88869],[-93.08675,40.87595],[-93.04298,40.87661],[-93.02792,40.86749],[-93.0325,40.86429],[-93.01572,40.86126],[-93.02764,40.84882],[-93.02551,40.84154],[-93.03518,40.84851],[-93.05895,40.84427],[-93.05978,40.83383],[-93.05342,40.8322],[-93.0615,40.82731],[-93.07574,40.83938],[-93.0922,40.8154],[-93.0929,40.8179],[-93.10317,40.81751],[-93.09793,40.81284],[-93.09067,40.81494],[-93.0853,40.82535],[-93.07433,40.82734],[-93.07252,40.83299],[-93.06723,40.82002],[-93.06674,40.82679],[-93.05355,40.82664],[-93.05005,40.83383],[-93.05366,40.83866],[-93.04601,40.83321],[-93.03539,40.84539],[-93.03305,40.83711],[-93.02009,40.84046],[-93.0064,40.82901],[-93.02153,40.84703],[-93.00021,40.86092]]]}},{"type":"Feature","properties":{},"geometry":{"type":"Polygon","coordinates":[[[-92.88983,40.8825],[-92.89112,40.88163],[-92.88971,40.88165],[-92.88983,40.8825]]]}},{"type":"Feature","properties":{},"geometry":{"type":"Polygon","coordinates":[[[-92.82702,40.85778],[-92.82961,40.85757],[-92.82964,40.85664],[-92.82702,40.85778]]]}},{"type":"Feature","properties":{},"geometry":{"type":"Polygon","coordinates":[[[-92.98335,40.82572],[-92.98512,40.82581],[-92.98422,40.82476],[-92.98335,40.82572]]]}},{"type":"Feature","properties":{},"geometry":{"type":"Polygon","coordinates":[[[-92.88147,40.82305],[-92.87822,40.82395],[-92.87834,40.82415],[-92.88147,40.82305]]]}},{"type":"Feature","properties":{},"geometry":{"type":"Polygon","coordinates":[[[-92.8881,40.81772],[-92.88545,40.81637],[-92.88545,40.8177],[-92.8881,40.81772]]]}},{"type":"Feature","properties":{},"geometry":{"type":"Polygon","coordinates":[[[-92.97502,40.81553],[-92.97409,40.81679],[-92.97586,40.81642],[-92.97502,40.81553]]]}},{"type":"Feature","properties":{},"geometry":{"type":"Polygon","coordinates":[[[-92.98466,40.81586],[-92.98547,40.81494],[-92.98447,40.81524],[-92.98466,40.81586]]]}},{"type":"Feature","properties":{},"geometry":{"type":"Polygon","coordinates":[[[-92.81959,40.80279],[-92.81775,40.80307],[-92.81932,40.80371],[-92.81959,40.80279]]]}},{"type":"Feature","properties":{},"geometry":{"type":"Polygon","coordinates":[[[-92.90785,40.80282],[-92.90673,40.80328],[-92.90794,40.80321],[-92.90785,40.80282]]]}},{"type":"Feature","properties":{},"geometry":{"type":"Polygon","coordinates":[[[-92.93826,40.79944],[-92.93711,40.79999],[-92.93886,40.80146],[-92.93826,40.79944]]]}},{"type":"Feature","properties":{},"geometry":{"type":"Polygon","coordinates":[[[-92.94599,40.79061],[-92.94644,40.79164],[-92.94849,40.79045],[-92.94599,40.79061]]]}},{"type":"Feature","properties":{},"geometry":{"type":"Polygon","coordinates":[[[-92.83038,40.78394],[-92.82903,40.78401],[-92.83005,40.78463],[-92.83038,40.78394]]]}},{"type":"Feature","properties":{},"geometry":{"type":"Polygon","coordinates":[[[-92.88427,40.78189],[-92.88267,40.78198],[-92.88412,40.78329],[-92.88427,40.78189]]]}},{"type":"Feature","properties":{},"geometry":{"type":"Polygon","coordinates":[[[-92.82816,40.77323],[-92.82593,40.7744],[-92.82849,40.77451],[-92.82816,40.77323]]]}},{"type":"Feature","properties":{},"geometry":{"type":"Polygon","coordinates":[[[-92.92655,40.76753],[-92.92763,40.76801],[-92.92911,40.76719],[-92.92655,40.76753]]]}},{"type":"Feature","properties":{},"geometry":{"type":"Polygon","coordinates":[[[-92.8616,40.75697],[-92.85983,40.7578],[-92.86133,40.75802],[-92.8616,40.75697]]]}},{"type":"Feature","properties":{},"geometry":{"type":"Polygon","coordinates":[[[-92.7955,40.75331],[-92.79426,40.75351],[-92.79577,40.75454],[-92.7955,40.75331]]]}},{"type":"Feature","properties":{},"geometry":{"type":"Polygon","coordinates":[[[-92.90524,40.75349],[-92.90352,40.75335],[-92.90373,40.75415],[-92.90524,40.75349]]]}},{"type":"Feature","properties":{},"geometry":{"type":"Polygon","coordinates":[[[-92.78933,40.75202],[-92.79063,40.75193],[-92.78807,40.7512],[-92.78933,40.75202]]]}},{"type":"Feature","properties":{},"geometry":{"type":"Polygon","coordinates":[[[-92.95429,40.73652],[-92.9545,40.7387],[-92.95676,40.73561],[-92.95429,40.73652]]]}},{"type":"Feature","properties":{},"geometry":{"type":"Polygon","coordinates":[[[-92.82415,40.73743],[-92.82298,40.73741],[-92.82313,40.73775],[-92.82415,40.73743]]]}},{"type":"Feature","properties":{},"geometry":{"type":"Polygon","coordinates":[[[-92.97556,40.73616],[-92.97327,40.73644],[-92.97568,40.7366],[-92.97556,40.73616]]]}},{"type":"Feature","properties":{},"geometry":{"type":"Polygon","coordinates":[[[-92.86179,40.72879],[-92.86104,40.72763],[-92.86086,40.72879],[-92.86179,40.72879]]]}},{"type":"Feature","properties":{},"geometry":{"type":"Polygon","coordinates":[[[-92.94264,40.7241],[-92.94032,40.7236],[-92.93999,40.72438],[-92.94264,40.7241]]]}},{"type":"Feature","properties":{},"geometry":{"type":"Polygon","coordinates":[[[-92.85018,40.72426],[-92.8491,40.723],[-92.84919,40.72376],[-92.85018,40.72426]]]}},{"type":"Feature","properties":{},"geometry":{"type":"Polygon","coordinates":[[[-92.93719,40.72022],[-92.93596,40.72102],[-92.94074,40.72262],[-92.93719,40.72022]]]}},{"type":"Feature","properties":{},"geometry":{"type":"Polygon","coordinates":[[[-92.94435,40.72159],[-92.94182,40.72159],[-92.94435,40.72227],[-92.94435,40.72159]]]}},{"type":"Feature","properties":{},"geometry":{"type":"Polygon","coordinates":[[[-94.05968,40.99732],[-94.05954,40.99579],[-94.05932,40.99716],[-94.05968,40.99732]]]}},{"type":"Feature","properties":{},"geometry":{"type":"Polygon","coordinates":[[[-94.10308,40.99214],[-94.10193,40.99214],[-94.10223,40.99262],[-94.10308,40.99214]]]}},{"type":"Feature","properties":{},"geometry":{"type":"Polygon","coordinates":[[[-94.09031,40.91279],[-94.08911,40.91243],[-94.08868,40.91355],[-94.09031,40.91279]]]}},{"type":"Feature","properties":{},"geometry":{"type":"Polygon","coordinates":[[[-94.0645,40.90953],[-94.06293,40.90937],[-94.06287,40.90983],[-94.0645,40.90953]]]}},{"type":"Feature","properties":{},"geometry":{"type":"Polygon","coordinates":[[[-94.07982,40.90519],[-94.07738,40.90522],[-94.07868,40.90636],[-94.07982,40.90519]]]}},{"type":"Feature","properties":{},"geometry":{"type":"Polygon","coordinates":[[[-94.1009,40.90344],[-94.09873,40.9041],[-94.10102,40.90353],[-94.1009,40.90344]]]}},{"type":"Feature","properties":{},"geometry":{"type":"Polygon","coordinates":[[[-94.05182,40.86741],[-94.05055,40.86855],[-94.052,40.86818],[-94.05182,40.86741]]]}},{"type":"Feature","properties":{},"geometry":{"type":"Polygon","coordinates":[[[-94.04975,40.85407],[-94.05105,40.85386],[-94.05021,40.85311],[-94.04975,40.85407]]]}},{"type":"Feature","properties":{},"geometry":{"type":"Polygon","coordinates":[[[-94.06709,40.84115],[-94.06604,40.84259],[-94.06733,40.84271],[-94.06709,40.84115]]]}},{"type":"Feature","properties":{},"geometry":{"type":"Polygon","coordinates":[[[-93.91427,40.62489],[-93.91229,40.6263],[-93.91574,40.6258],[-93.91427,40.62489]]]}},{"type":"Feature","properties":{},"geometry":{"type":"Polygon","coordinates":[[[-93.96447,40.6163],[-93.96642,40.61717],[-93.9654,40.61609],[-93.96447,40.6163]]]}},{"type":"Feature","properties":{},"geometry":{"type":"Polygon","coordinates":[[[-93.91225,40.60976],[-93.91069,40.61011],[-93.91228,40.611],[-93.91225,40.60976]]]}},{"type":"Feature","properties":{},"geometry":{"type":"Polygon","coordinates":[[[-93.94572,40.60011],[-93.94452,40.6013],[-93.94626,40.60112],[-93.94572,40.60011]]]}},{"type":"Feature","properties":{},"geometry":{"type":"Polygon","coordinates":[[[-94.31309,40.94668],[-94.31333,40.94588],[-94.31255,40.94602],[-94.31309,40.94668]]]}},{"type":"Feature","properties":{},"geometry":{"type":"Polygon","coordinates":[[[-94.1576,40.92466],[-94.1583,40.92368],[-94.15679,40.92418],[-94.1576,40.92466]]]}},{"type":"Feature","properties":{},"geometry":{"type":"Polygon","coordinates":[[[-94.21774,40.91559],[-94.21774,40.91687],[-94.21997,40.91543],[-94.21774,40.91559]]]}},{"type":"Feature","properties":{},"geometry":{"type":"Polygon","coordinates":[[[-94.33897,40.91064],[-94.33999,40.91137],[-94.34002,40.91077],[-94.33897,40.91064]]]}},{"type":"Feature","properties":{},"geometry":{"type":"Polygon","coordinates":[[[-94.33077,40.9027],[-94.32914,40.90315],[-94.3301,40.90423],[-94.33077,40.9027]]]}},{"type":"Feature","properties":{},"geometry":{"type":"Polygon","coordinates":[[[-94.22957,40.90314],[-94.22806,40.90506],[-94.22954,40.90508],[-94.22957,40.90314]]]}},{"type":"Feature","properties":{},"geometry":{"type":"Polygon","coordinates":[[[-94.23011,40.89991],[-94.22793,40.89943],[-94.22764,40.90115],[-94.23011,40.89991]]]}},{"type":"Feature","properties":{},"geometry":{"type":"Polygon","coordinates":[[[-94.23619,40.89565],[-94.23176,40.8967],[-94.23646,40.89627],[-94.23619,40.89565]]]}},{"type":"Feature","properties":{},"geometry":{"type":"Polygon","coordinates":[[[-94.25528,40.89212],[-94.25411,40.89137],[-94.25354,40.89189],[-94.25528,40.89212]]]}},{"type":"Feature","properties":{},"geometry":{"type":"Polygon","coordinates":[[[-94.22727,40.88058],[-94.2257,40.87983],[-94.22685,40.88115],[-94.22727,40.88058]]]}},{"type":"Feature","properties":{},"geometry":{"type":"Polygon","coordinates":[[[-92.9042,40.71968],[-92.90522,40.71941],[-92.90456,40.71817],[-92.9042,40.71968]]]}},{"type":"Feature","properties":{},"geometry":{"type":"Polygon","coordinates":[[[-92.85644,40.71323],[-92.85376,40.71275],[-92.8565,40.71342],[-92.85644,40.71323]]]}},{"type":"Feature","properties":{},"geometry":{"type":"Polygon","coordinates":[[[-92.71221,40.70014],[-92.71368,40.69998],[-92.71359,40.69952],[-92.71221,40.70014]]]}},{"type":"Feature","properties":{},"geometry":{"type":"Polygon","coordinates":[[[-92.78537,40.69746],[-92.78618,40.69815],[-92.78685,40.6973],[-92.78537,40.69746]]]}},{"type":"Feature","properties":{},"geometry":{"type":"Polygon","coordinates":[[[-92.90341,40.6974],[-92.90184,40.69801],[-92.90341,40.69774],[-92.90341,40.6974]]]}},{"type":"Feature","properties":{},"geometry":{"type":"Polygon","coordinates":[[[-92.73592,40.69566],[-92.73595,40.69687],[-92.73791,40.69538],[-92.73592,40.69566]]]}},{"type":"Feature","properties":{},"geometry":{"type":"Polygon","coordinates":[[[-92.71698,40.69151],[-92.71938,40.69208],[-92.71965,40.69112],[-92.71698,40.69151]]]}},{"type":"Feature","properties":{},"geometry":{"type":"Polygon","coordinates":[[[-92.78508,40.69011],[-92.78364,40.6908],[-92.78451,40.69103],[-92.78508,40.69011]]]}},{"type":"Feature","properties":{},"geometry":{"type":"Polygon","coordinates":[[[-92.95417,40.68648],[-92.95408,40.68522],[-92.95342,40.68614],[-92.95417,40.68648]]]}},{"type":"Feature","properties":{},"geometry":{"type":"Polygon","coordinates":[[[-92.72054,40.68423],[-92.72015,40.68554],[-92.72093,40.68494],[-92.72054,40.68423]]]}},{"type":"Feature","properties":{},"geometry":{"type":"Polygon","coordinates":[[[-92.72998,40.68335],[-92.73001,40.68443],[-92.73076,40.68354],[-92.72998,40.68335]]]}},{"type":"Feature","properties":{},"geometry":{"type":"Polygon","coordinates":[[[-92.92976,40.68405],[-92.92811,40.68242],[-92.92787,40.68423],[-92.92976,40.68405]]]}},{"type":"Feature","properties":{},"geometry":{"type":"Polygon","coordinates":[[[-92.7328,40.67793],[-92.7318,40.67738],[-92.73114,40.67825],[-92.7328,40.67793]]]}},{"type":"Feature","properties":{},"geometry":{"type":"Polygon","coordinates":[[[-92.69492,40.6683],[-92.69402,40.66894],[-92.69498,40.66924],[-92.69492,40.6683]]]}},{"type":"Feature","properties":{},"geometry":{"type":"Polygon","coordinates":[[[-92.9076,40.66742],[-92.90883,40.66788],[-92.90862,40.66737],[-92.9076,40.66742]]]}},{"type":"Feature","properties":{},"geometry":{"type":"Polygon","coordinates":[[[-92.8658,40.6655],[-92.86454,40.66509],[-92.86475,40.66617],[-92.8658,40.6655]]]}},{"type":"Feature","properties":{},"geometry":{"type":"Polygon","coordinates":[[[-92.6889,40.66256],[-92.68893,40.66112],[-92.68764,40.66213],[-92.6889,40.66256]]]}},{"type":"Feature","properties":{},"geometry":{"type":"Polygon","coordinates":[[[-92.76977,40.65612],[-92.76602,40.65655],[-92.76499,40.65852],[-92.76977,40.65612]]]}},{"type":"Feature","properties":{},"geometry":{"type":"Polygon","coordinates":[[[-92.72692,40.6496],[-92.72554,40.64901],[-92.7256,40.64963],[-92.72692,40.6496]]]}},{"type":"Feature","properties":{},"geometry":{"type":"Polygon","coordinates":[[[-92.72485,40.64839],[-92.72317,40.64796],[-92.72209,40.64947],[-92.72485,40.64839]]]}},{"type":"Feature","properties":{},"geometry":{"type":"Polygon","coordinates":[[[-92.74299,40.64762],[-92.7414,40.64765],[-92.7426,40.64831],[-92.74299,40.64762]]]}},{"type":"Feature","properties":{},"geometry":{"type":"Polygon","coordinates":[[[-92.91129,40.64742],[-92.90966,40.64676],[-92.90933,40.64712],[-92.91129,40.64742]]]}},{"type":"Feature","properties":{},"geometry":{"type":"Polygon","coordinates":[[[-92.73244,40.64205],[-92.73109,40.64333],[-92.73326,40.64473],[-92.73244,40.64205]]]}},{"type":"Feature","properties":{},"geometry":{"type":"Polygon","coordinates":[[[-92.95399,40.62934],[-92.95239,40.62914],[-92.95177,40.63015],[-92.95399,40.62934]]]}},{"type":"Feature","properties":{},"geometry":{"type":"Polygon","coordinates":[[[-92.98288,40.60744],[-92.98086,40.60683],[-92.98288,40.60779],[-92.98288,40.60744]]]}},{"type":"Feature","properties":{},"geometry":{"type":"Polygon","coordinates":[[[-92.9856,40.60481],[-92.9844,40.60563],[-92.98572,40.60495],[-92.9856,40.60481]]]}},{"type":"Feature","properties":{},"geometry":{"type":"Polygon","coordinates":[[[-92.99317,40.58906],[-92.99266,40.58991],[-92.99365,40.58954],[-92.99317,40.58906]]]}},{"type":"Feature","properties":{},"geometry":{"type":"Polygon","coordinates":[[[-94.25935,41.13583],[-94.26035,41.13794],[-94.26056,41.13579],[-94.25935,41.13583]]]}},{"type":"Feature","properties":{},"geometry":{"type":"Polygon","coordinates":[[[-94.25257,41.13855],[-94.25393,41.13741],[-94.25045,41.13635],[-94.25257,41.13855]]]}},{"type":"Feature","properties":{},"geometry":{"type":"Polygon","coordinates":[[[-94.3553,41.13158],[-94.35406,41.13113],[-94.35391,41.13179],[-94.3553,41.13158]]]}},{"type":"Feature","properties":{},"geometry":{"type":"Polygon","coordinates":[[[-94.28154,41.13036],[-94.28247,41.13221],[-94.28611,41.13064],[-94.28154,41.13036]]]}},{"type":"Feature","properties":{},"geometry":{"type":"Polygon","coordinates":[[[-94.29289,41.1263],[-94.29404,41.12753],[-94.29637,41.12522],[-94.29289,41.1263]]]}},{"type":"Feature","properties":{},"geometry":{"type":"Polygon","coordinates":[[[-94.18919,41.12237],[-94.18677,41.1231],[-94.18935,41.12399],[-94.18919,41.12237]]]}},{"type":"Feature","properties":{},"geometry":{"type":"Polygon","coordinates":[[[-94.24319,41.11837],[-94.24504,41.12049],[-94.24482,41.11841],[-94.24319,41.11837]]]}},{"type":"Feature","properties":{},"geometry":{"type":"Polygon","coordinates":[[[-94.28249,41.11847],[-94.2834,41.1202],[-94.28449,41.11872],[-94.28249,41.11847]]]}},{"type":"Feature","properties":{},"geometry":{"type":"Polygon","coordinates":[[[-94.32634,41.10605],[-94.32767,41.10454],[-94.32628,41.10502],[-94.32634,41.10605]]]}},{"type":"Feature","properties":{},"geometry":{"type":"Polygon","coordinates":[[[-94.25369,41.10357],[-94.25348,41.10238],[-94.25305,41.10291],[-94.25369,41.10357]]]}},{"type":"Feature","properties":{},"geometry":{"type":"Polygon","coordinates":[[[-94.26338,41.0963],[-94.26241,41.09694],[-94.26447,41.09676],[-94.26338,41.0963]]]}},{"type":"Feature","properties":{},"geometry":{"type":"Polygon","coordinates":[[[-94.26023,41.09573],[-94.25915,41.09458],[-94.2589,41.09609],[-94.26023,41.09573]]]}},{"type":"Feature","properties":{},"geometry":{"type":"Polygon","coordinates":[[[-94.22019,41.09311],[-94.2221,41.09347],[-94.22179,41.09288],[-94.22019,41.09311]]]}},{"type":"Feature","properties":{},"geometry":{"type":"Polygon","coordinates":[[[-94.20897,41.08875],[-94.20603,41.08759],[-94.20697,41.0901],[-94.20897,41.08875]]]}},{"type":"Feature","properties":{},"geometry":{"type":"Polygon","coordinates":[[[-94.30766,41.08426],[-94.30857,41.08192],[-94.30694,41.08348],[-94.30766,41.08426]]]}},{"type":"Feature","properties":{},"geometry":{"type":"Polygon","coordinates":[[[-94.28793,41.0796],[-94.28617,41.07898],[-94.28666,41.07987],[-94.28793,41.0796]]]}},{"type":"Feature","properties":{},"geometry":{"type":"Polygon","coordinates":[[[-94.18585,41.07495],[-94.18748,41.07456],[-94.18597,41.07357],[-94.18585,41.07495]]]}},{"type":"Feature","properties":{},"geometry":{"type":"Polygon","coordinates":[[[-94.19631,41.07439],[-94.19767,41.07366],[-94.19652,41.07364],[-94.19631,41.07439]]]}},{"type":"Feature","properties":{},"geometry":{"type":"Polygon","coordinates":[[[-94.31125,41.06765],[-94.30877,41.06566],[-94.30934,41.06799],[-94.31125,41.06765]]]}},{"type":"Feature","properties":{},"geometry":{"type":"Polygon","coordinates":[[[-94.19213,41.06607],[-94.19101,41.06691],[-94.19192,41.06746],[-94.19213,41.06607]]]}},{"type":"Feature","properties":{},"geometry":{"type":"Polygon","coordinates":[[[-94.14935,41.06249],[-94.15041,41.06322],[-94.15038,41.06288],[-94.14935,41.06249]]]}},{"type":"Feature","properties":{},"geometry":{"type":"Polygon","coordinates":[[[-94.1356,41.05254],[-94.13784,41.05231],[-94.13617,41.05183],[-94.1356,41.05254]]]}},{"type":"Feature","properties":{},"geometry":{"type":"Polygon","coordinates":[[[-94.21008,41.03732],[-94.20886,41.03487],[-94.20733,41.03796],[-94.21008,41.03732]]]}},{"type":"Feature","properties":{},"geometry":{"type":"Polygon","coordinates":[[[-94.09979,41.02799],[-94.09865,41.03108],[-94.09955,41.03149],[-94.09979,41.02799]]]}},{"type":"Feature","properties":{},"geometry":{"type":"Polygon","coordinates":[[[-94.09686,41.02939],[-94.09478,41.03122],[-94.0975,41.03028],[-94.09686,41.02939]]]}},{"type":"Feature","properties":{},"geometry":{"type":"Polygon","coordinates":[[[-94.05572,41.02058],[-94.05385,41.02074],[-94.05542,41.02262],[-94.05572,41.02058]]]}},{"type":"Feature","properties":{},"geometry":{"type":"Polygon","coordinates":[[[-94.06458,41.02038],[-94.06877,41.02174],[-94.06995,41.02119],[-94.06458,41.02038]]]}},{"type":"Feature","properties":{},"geometry":{"type":"Polygon","coordinates":[[[-94.00702,41.01007],[-94.00814,41.00822],[-94.00059,41.00798],[-94.00702,41.01007]]]}},{"type":"Feature","properties":{},"geometry":{"type":"Polygon","coordinates":[[[-93.77197,40.59929],[-93.76567,40.5951],[-93.76329,40.59958],[-93.7677,40.60334],[-93.77197,40.59929]]]}},{"type":"Feature","properties":{},"geometry":{"type":"Polygon","coordinates":[[[-93.46009,40.60361],[-93.4582,40.60297],[-93.45727,40.60473],[-93.46009,40.60361]]]}},{"type":"Feature","properties":{},"geometry":{"type":"Polygon","coordinates":[[[-93.51352,40.59981],[-93.50992,40.59993],[-93.50998,40.60084],[-93.51352,40.59981]]]}},{"type":"Feature","properties":{},"geometry":{"type":"Polygon","coordinates":[[[-93.74193,40.5923],[-93.74061,40.5931],[-93.74199,40.59312],[-93.74193,40.5923]]]}},{"type":"Feature","properties":{},"geometry":{"type":"Polygon","coordinates":[[[-93.96622,40.64201],[-93.96837,40.63879],[-93.96507,40.63879],[-93.96622,40.64201]]]}},{"type":"Feature","properties":{},"geometry":{"type":"Polygon","coordinates":[[[-93.94849,40.63507],[-93.94966,40.63411],[-93.94915,40.63402],[-93.94849,40.63507]]]}},{"type":"Feature","properties":{},"geometry":{"type":"Polygon","coordinates":[[[-93.03768,40.89519],[-93.03472,40.89667],[-93.0352,40.89699],[-93.03768,40.89519]]]}},{"type":"Feature","properties":{},"geometry":{"type":"Polygon","coordinates":[[[-93.27855,40.89332],[-93.27665,40.89291],[-93.27761,40.89403],[-93.27855,40.89332]]]}},{"type":"Feature","properties":{},"geometry":{"type":"Polygon","coordinates":[[[-93.22179,40.89314],[-93.22016,40.89296],[-93.22029,40.89385],[-93.22179,40.89314]]]}},{"type":"Feature","properties":{},"geometry":{"type":"Polygon","coordinates":[[[-93.02921,40.89259],[-93.02685,40.89282],[-93.03008,40.89372],[-93.02921,40.89259]]]}},{"type":"Feature","properties":{},"geometry":{"type":"Polygon","coordinates":[[[-93.03008,40.88946],[-93.02834,40.88923],[-93.02936,40.89131],[-93.03008,40.88946]]]}},{"type":"Feature","properties":{},"geometry":{"type":"Polygon","coordinates":[[[-93.00955,40.88949],[-93.0081,40.88999],[-93.00849,40.89056],[-93.00955,40.88949]]]}},{"type":"Feature","properties":{},"geometry":{"type":"Polygon","coordinates":[[[-93.00169,40.88394],[-93.00055,40.88467],[-93.00121,40.88488],[-93.00169,40.88394]]]}},{"type":"Feature","properties":{},"geometry":{"type":"Polygon","coordinates":[[[-93.50706,40.87685],[-93.50482,40.88062],[-93.50931,40.88212],[-93.50706,40.87685]]]}},{"type":"Feature","properties":{},"geometry":{"type":"Polygon","coordinates":[[[-93.53185,40.86717],[-93.52962,40.86836],[-93.53112,40.86877],[-93.53185,40.86717]]]}},{"type":"Feature","properties":{},"geometry":{"type":"Polygon","coordinates":[[[-93.50382,40.86429],[-93.50184,40.86325],[-93.50193,40.86412],[-93.50382,40.86429]]]}},{"type":"Feature","properties":{},"geometry":{"type":"Polygon","coordinates":[[[-93.04067,40.84032],[-93.03624,40.84009],[-93.0354,40.84171],[-93.04067,40.84032]]]}},{"type":"Feature","properties":{},"geometry":{"type":"Polygon","coordinates":[[[-93.37986,40.83913],[-93.3779,40.8398],[-93.37814,40.84007],[-93.37986,40.83913]]]}},{"type":"Feature","properties":{},"geometry":{"type":"Polygon","coordinates":[[[-93.44544,40.83424],[-93.44436,40.83545],[-93.44538,40.83534],[-93.44544,40.83424]]]}},{"type":"Feature","properties":{},"geometry":{"type":"Polygon","coordinates":[[[-94.31553,41.25021],[-94.31462,41.25095],[-94.31547,41.2512],[-94.31553,41.25021]]]}},{"type":"Feature","properties":{},"geometry":{"type":"Polygon","coordinates":[[[-94.23906,41.21299],[-94.23855,41.2121],[-94.23806,41.21284],[-94.23906,41.21299]]]}},{"type":"Feature","properties":{},"geometry":{"type":"Polygon","coordinates":[[[-94.39075,41.18514],[-94.39206,41.1858],[-94.39148,41.18445],[-94.39075,41.18514]]]}},{"type":"Feature","properties":{},"geometry":{"type":"Polygon","coordinates":[[[-94.32472,41.16948],[-94.32372,41.16861],[-94.32369,41.16921],[-94.32472,41.16948]]]}},{"type":"Feature","properties":{},"geometry":{"type":"Polygon","coordinates":[[[-93.15015,40.97177],[-93.15151,40.97312],[-93.15253,40.97109],[-93.15015,40.97177]]]}},{"type":"Feature","properties":{},"geometry":{"type":"Polygon","coordinates":[[[-94.13406,40.60047],[-94.13235,40.59947],[-94.13241,40.60034],[-94.13406,40.60047]]]}},{"type":"Feature","properties":{},"geometry":{"type":"Polygon","coordinates":[[[-94.2643,40.71178],[-94.26286,40.71246],[-94.26481,40.71285],[-94.2643,40.71178]]]}},{"type":"Feature","properties":{},"geometry":{"type":"Polygon","coordinates":[[[-94.41322,40.65842],[-94.41114,40.65862],[-94.41087,40.65968],[-94.41322,40.65842]]]}},{"type":"Feature","properties":{},"geometry":{"type":"Polygon","coordinates":[[[-92.91618,40.88563],[-92.91503,40.88551],[-92.91521,40.88679],[-92.91618,40.88563]]]}},{"type":"Feature","properties":{},"geometry":{"type":"Polygon","coordinates":[[[-92.86643,40.86275],[-92.86351,40.86445],[-92.86767,40.86463],[-92.86643,40.86275]]]}},{"type":"Feature","properties":{},"geometry":{"type":"Polygon","coordinates":[[[-92.94016,40.80336],[-92.9388,40.8024],[-92.93962,40.80368],[-92.94016,40.80336]]]}},{"type":"Feature","properties":{},"geometry":{"type":"Polygon","coordinates":[[[-94.05731,40.98105],[-94.05614,40.98027],[-94.05562,40.98078],[-94.05731,40.98105]]]}},{"type":"Feature","properties":{},"geometry":{"type":"Polygon","coordinates":[[[-92.69064,40.6886],[-92.69319,40.68755],[-92.69244,40.68704],[-92.69064,40.6886]]]}},{"type":"Feature","properties":{},"geometry":{"type":"Polygon","coordinates":[[[-92.73152,40.65102],[-92.72966,40.6515],[-92.73255,40.65182],[-92.73152,40.65102]]]}},{"type":"Feature","properties":{},"geometry":{"type":"Polygon","coordinates":[[[-94.34297,41.11623],[-94.34369,41.12106],[-94.34417,41.1211],[-94.34297,41.11623]]]}},{"type":"Feature","properties":{},"geometry":{"type":"Polygon","coordinates":[[[-94.21314,41.10931],[-94.21054,41.10964],[-94.21311,41.10952],[-94.21314,41.10931]]]}},{"type":"Feature","properties":{},"geometry":{"type":"Polygon","coordinates":[[[-94.26406,41.10614],[-94.26709,41.10367],[-94.26397,41.10234],[-94.26406,41.10614]]]}},{"type":"Feature","properties":{},"geometry":{"type":"Polygon","coordinates":[[[-94.21842,41.10437],[-94.21857,41.10306],[-94.21754,41.10325],[-94.21842,41.10437]]]}},{"type":"Feature","properties":{},"geometry":{"type":"Polygon","coordinates":[[[-94.31897,41.09062],[-94.31697,41.09026],[-94.31746,41.09106],[-94.31897,41.09062]]]}},{"type":"Feature","properties":{},"geometry":{"type":"Polygon","coordinates":[[[-94.27763,41.03164],[-94.27594,41.03043],[-94.27675,41.03205],[-94.27763,41.03164]]]}},{"type":"Feature","properties":{},"geometry":{"type":"Polygon","coordinates":[[[-94.10514,41.02854],[-94.10291,41.02911],[-94.10396,41.0306],[-94.10514,41.02854]]]}},{"type":"Feature","properties":{},"geometry":{"type":"Polygon","coordinates":[[[-93.86581,40.5975],[-93.86662,40.59604],[-93.86524,40.59654],[-93.86581,40.5975]]]}},{"type":"Feature","properties":{},"geometry":{"type":"Polygon","coordinates":[[[-93.07244,40.82567],[-93.07054,40.82585],[-93.07081,40.82656],[-93.07244,40.82567]]]}},{"type":"Feature","properties":{},"geometry":{"type":"Polygon","coordinates":[[[-93.07145,40.81869],[-93.06955,40.82036],[-93.07163,40.81903],[-93.07145,40.81869]]]}},{"type":"Feature","properties":{},"geometry":{"type":"Polygon","coordinates":[[[-93.36678,40.8346],[-93.36501,40.83456],[-93.36636,40.83527],[-93.36678,40.8346]]]}},{"type":"Feature","properties":{},"geometry":{"type":"Polygon","coordinates":[[[-93.05903,40.8301],[-93.06222,40.82818],[-93.05789,40.82873],[-93.05903,40.8301]]]}},{"type":"Feature","properties":{},"geometry":{"type":"Polygon","coordinates":[[[-93.25924,40.82834],[-93.25991,40.82672],[-93.25813,40.82731],[-93.25924,40.82834]]]}},{"type":"Feature","properties":{},"geometry":{"type":"Polygon","coordinates":[[[-93.06446,40.81654],[-93.06274,40.81944],[-93.06567,40.8199],[-93.06446,40.81654]]]}},{"type":"Feature","properties":{},"geometry":{"type":"Polygon","coordinates":[[[-93.05246,40.80596],[-93.04951,40.80488],[-93.0496,40.80646],[-93.05246,40.80596]]]}},{"type":"Feature","properties":{},"geometry":{"type":"Polygon","coordinates":[[[-93.39689,40.7782],[-93.39346,40.77962],[-93.39695,40.77927],[-93.39689,40.7782]]]}},{"type":"Feature","properties":{},"geometry":{"type":"Polygon","coordinates":[[[-93.06194,40.77851],[-93.05995,40.77876],[-93.06167,40.77972],[-93.06194,40.77851]]]}},{"type":"Feature","properties":{},"geometry":{"type":"Polygon","coordinates":[[[-93.35162,40.77017],[-93.3531,40.76866],[-93.35105,40.76939],[-93.35162,40.77017]]]}},{"type":"Feature","properties":{},"geometry":{"type":"Polygon","coordinates":[[[-93.30994,40.76615],[-93.30805,40.76507],[-93.30796,40.76649],[-93.30994,40.76615]]]}},{"type":"Feature","properties":{},"geometry":{"type":"Polygon","coordinates":[[[-93.30266,40.76575],[-93.30137,40.76477],[-93.30137,40.76596],[-93.30266,40.76575]]]}},{"type":"Feature","properties":{},"geometry":{"type":"Polygon","coordinates":[[[-93.26989,40.76415],[-93.27106,40.76282],[-93.26986,40.76257],[-93.26989,40.76415]]]}},{"type":"Feature","properties":{},"geometry":{"type":"Polygon","coordinates":[[[-93.09527,40.76282],[-93.09223,40.7582],[-93.08937,40.75831],[-93.09527,40.76282]]]}},{"type":"Feature","properties":{},"geometry":{"type":"Polygon","coordinates":[[[-93.2457,40.75482],[-93.23285,40.7557],[-93.23258,40.7603],[-93.24468,40.76072],[-93.2457,40.75482]]]}},{"type":"Feature","properties":{},"geometry":{"type":"Polygon","coordinates":[[[-93.40387,40.75827],[-93.40543,40.75904],[-93.40648,40.75694],[-93.40387,40.75827]]]}},{"type":"Feature","properties":{},"geometry":{"type":"Polygon","coordinates":[[[-93.3454,40.756],[-93.34113,40.75506],[-93.34034,40.75678],[-93.3454,40.756]]]}},{"type":"Feature","properties":{},"geometry":{"type":"Polygon","coordinates":[[[-93.15449,40.7512],[-93.1532,40.74988],[-93.15277,40.75159],[-93.15449,40.7512]]]}},{"type":"Feature","properties":{},"geometry":{"type":"Polygon","coordinates":[[[-93.19135,40.74913],[-93.18915,40.74856],[-93.18903,40.74918],[-93.19135,40.74913]]]}},{"type":"Feature","properties":{},"geometry":{"type":"Polygon","coordinates":[[[-93.08111,40.74162],[-93.07855,40.74155],[-93.0787,40.74223],[-93.08111,40.74162]]]}},{"type":"Feature","properties":{},"geometry":{"type":"Polygon","coordinates":[[[-93.01583,40.73803],[-93.01517,40.73885],[-93.01673,40.73865],[-93.01583,40.73803]]]}},{"type":"Feature","properties":{},"geometry":{"type":"Polygon","coordinates":[[[-93.00318,40.7342],[-93.00233,40.7357],[-93.00329,40.73632],[-93.00318,40.7342]]]}},{"type":"Feature","properties":{},"geometry":{"type":"Polygon","coordinates":[[[-93.37011,40.72618],[-93.36812,40.72563],[-93.3687,40.72711],[-93.37011,40.72618]]]}},{"type":"Feature","properties":{},"geometry":{"type":"Polygon","coordinates":[[[-93.11258,40.72325],[-93.11084,40.72407],[-93.11234,40.72423],[-93.11258,40.72325]]]}},{"type":"Feature","properties":{},"geometry":{"type":"Polygon","coordinates":[[[-93.04649,40.71096],[-93.0449,40.71121],[-93.04559,40.71275],[-93.04649,40.71096]]]}},{"type":"Feature","properties":{},"geometry":{"type":"Polygon","coordinates":[[[-93.24854,40.6982],[-93.25102,40.69911],[-93.251,40.69698],[-93.24854,40.6982]]]}},{"type":"Feature","properties":{},"geometry":{"type":"Polygon","coordinates":[[[-93.27662,40.69417],[-93.27457,40.69309],[-93.27499,40.69518],[-93.27662,40.69417]]]}},{"type":"Feature","properties":{},"geometry":{"type":"Polygon","coordinates":[[[-93.11409,40.69334],[-93.11271,40.69469],[-93.11442,40.69392],[-93.11409,40.69334]]]}},{"type":"Feature","properties":{},"geometry":{"type":"Polygon","coordinates":[[[-93.27485,40.69158],[-93.274,40.69254],[-93.27551,40.69238],[-93.27485,40.69158]]]}},{"type":"Feature","properties":{},"geometry":{"type":"Polygon","coordinates":[[[-93.02616,40.69092],[-93.02523,40.69209],[-93.0267,40.6917],[-93.02616,40.69092]]]}},{"type":"Feature","properties":{},"geometry":{"type":"Polygon","coordinates":[[[-93.18522,40.68921],[-93.18362,40.68836],[-93.18368,40.68964],[-93.18522,40.68921]]]}},{"type":"Feature","properties":{},"geometry":{"type":"Polygon","coordinates":[[[-93.12002,40.66936],[-93.12645,40.66927],[-93.12894,40.66769],[-93.12002,40.66936]]]}},{"type":"Feature","properties":{},"geometry":{"type":"Polygon","coordinates":[[[-93.11368,40.64813],[-93.11269,40.6503],[-93.11365,40.65035],[-93.11368,40.64813]]]}},{"type":"Feature","properties":{},"geometry":{"type":"Polygon","coordinates":[[[-93.08409,40.63558],[-93.0853,40.63453],[-93.08398,40.63439],[-93.08409,40.63558]]]}},{"type":"Feature","properties":{},"geometry":{"type":"Polygon","coordinates":[[[-93.00444,40.63523],[-93.00278,40.6353],[-93.00299,40.63546],[-93.00444,40.63523]]]}},{"type":"Feature","properties":{},"geometry":{"type":"Polygon","coordinates":[[[-93.08119,40.6186],[-93.07993,40.61963],[-93.08134,40.61952],[-93.08119,40.6186]]]}},{"type":"Feature","properties":{},"geometry":{"type":"Polygon","coordinates":[[[-93.05768,40.61779],[-93.05609,40.61713],[-93.05633,40.618],[-93.05768,40.61779]]]}},{"type":"Feature","properties":{},"geometry":{"type":"Polygon","coordinates":[[[-93.32582,40.99366],[-93.32237,40.99531],[-93.32591,40.99396],[-93.32582,40.99366]]]}},{"type":"Feature","properties":{},"geometry":{"type":"Polygon","coordinates":[[[-93.38908,40.98179],[-93.39098,40.98019],[-93.38908,40.98001],[-93.38908,40.98179]]]}},{"type":"Feature","properties":{},"geometry":{"type":"Polygon","coordinates":[[[-93.1846,40.97808],[-93.18677,40.97952],[-93.18771,40.97835],[-93.1846,40.97808]]]}},{"type":"Feature","properties":{},"geometry":{"type":"Polygon","coordinates":[[[-93.16666,40.9744],[-93.16443,40.9744],[-93.1666,40.97683],[-93.16666,40.9744]]]}},{"type":"Feature","properties":{},"geometry":{"type":"Polygon","coordinates":[[[-93.41389,40.97469],[-93.41522,40.97252],[-93.41395,40.97284],[-93.41389,40.97469]]]}},{"type":"Feature","properties":{},"geometry":{"type":"Polygon","coordinates":[[[-93.20096,40.97333],[-93.19927,40.97431],[-93.2015,40.97365],[-93.20096,40.97333]]]}},{"type":"Feature","properties":{},"geometry":{"type":"Polygon","coordinates":[[[-93.47913,40.97051],[-93.47765,40.97179],[-93.48036,40.97147],[-93.47913,40.97051]]]}},{"type":"Feature","properties":{},"geometry":{"type":"Polygon","coordinates":[[[-93.16986,40.96632],[-93.17019,40.96509],[-93.16895,40.96543],[-93.16986,40.96632]]]}},{"type":"Feature","properties":{},"geometry":{"type":"Polygon","coordinates":[[[-93.13674,40.96411],[-93.13493,40.96379],[-93.13611,40.96535],[-93.13674,40.96411]]]}},{"type":"Feature","properties":{},"geometry":{"type":"Polygon","coordinates":[[[-93.18932,40.96235],[-93.18945,40.96444],[-93.19099,40.96407],[-93.18932,40.96235]]]}},{"type":"Feature","properties":{},"geometry":{"type":"Polygon","coordinates":[[[-93.12723,40.9618],[-93.1282,40.96388],[-93.12944,40.96187],[-93.12723,40.9618]]]}},{"type":"Feature","properties":{},"geometry":{"type":"Polygon","coordinates":[[[-93.40758,40.96129],[-93.40996,40.95969],[-93.40637,40.95948],[-93.40758,40.96129]]]}},{"type":"Feature","properties":{},"geometry":{"type":"Polygon","coordinates":[[[-93.49821,40.95976],[-93.49637,40.96054],[-93.49806,40.9607],[-93.49821,40.95976]]]}},{"type":"Feature","properties":{},"geometry":{"type":"Polygon","coordinates":[[[-93.13282,40.9599],[-93.13243,40.96105],[-93.13394,40.96123],[-93.13282,40.9599]]]}},{"type":"Feature","properties":{},"geometry":{"type":"Polygon","coordinates":[[[-93.15971,40.95884],[-93.15826,40.95717],[-93.15802,40.95875],[-93.15971,40.95884]]]}},{"type":"Feature","properties":{},"geometry":{"type":"Polygon","coordinates":[[[-93.28525,40.95664],[-93.28437,40.9581],[-93.28576,40.95801],[-93.28525,40.95664]]]}},{"type":"Feature","properties":{},"geometry":{"type":"Polygon","coordinates":[[[-93.25644,40.95089],[-93.25426,40.95139],[-93.25668,40.95179],[-93.25644,40.95089]]]}},{"type":"Feature","properties":{},"geometry":{"type":"Polygon","coordinates":[[[-93.15811,40.95042],[-93.15593,40.94978],[-93.1559,40.95074],[-93.15811,40.95042]]]}},{"type":"Feature","properties":{},"geometry":{"type":"Polygon","coordinates":[[[-93.12304,40.94805],[-93.12084,40.94844],[-93.12044,40.94997],[-93.12304,40.94805]]]}},{"type":"Feature","properties":{},"geometry":{"type":"Polygon","coordinates":[[[-93.3228,40.94787],[-93.32241,40.94652],[-93.32081,40.94723],[-93.3228,40.94787]]]}},{"type":"Feature","properties":{},"geometry":{"type":"Polygon","coordinates":[[[-93.25273,40.94693],[-93.2511,40.94771],[-93.25312,40.94791],[-93.25273,40.94693]]]}},{"type":"Feature","properties":{},"geometry":{"type":"Polygon","coordinates":[[[-93.33617,40.94582],[-93.33973,40.94761],[-93.3404,40.94543],[-93.33617,40.94582]]]}},{"type":"Feature","properties":{},"geometry":{"type":"Polygon","coordinates":[[[-93.1846,40.94643],[-93.18708,40.94606],[-93.18569,40.94552],[-93.1846,40.94643]]]}},{"type":"Feature","properties":{},"geometry":{"type":"Polygon","coordinates":[[[-93.32235,40.94584],[-93.32018,40.94625],[-93.32033,40.9468],[-93.32235,40.94584]]]}},{"type":"Feature","properties":{},"geometry":{"type":"Polygon","coordinates":[[[-93.24721,40.94279],[-93.24592,40.94364],[-93.24643,40.94386],[-93.24721,40.94279]]]}},{"type":"Feature","properties":{},"geometry":{"type":"Polygon","coordinates":[[[-93.12044,40.94288],[-93.11836,40.94281],[-93.12038,40.94324],[-93.12044,40.94288]]]}},{"type":"Feature","properties":{},"geometry":{"type":"Polygon","coordinates":[[[-93.13475,40.93961],[-93.13348,40.94041],[-93.1349,40.94112],[-93.13475,40.93961]]]}},{"type":"Feature","properties":{},"geometry":{"type":"Polygon","coordinates":[[[-93.32396,40.93643],[-93.3226,40.93534],[-93.32218,40.93639],[-93.32396,40.93643]]]}},{"type":"Feature","properties":{},"geometry":{"type":"Polygon","coordinates":[[[-93.31753,40.93444],[-93.31904,40.93565],[-93.31967,40.93469],[-93.31753,40.93444]]]}},{"type":"Feature","properties":{},"geometry":{"type":"Polygon","coordinates":[[[-93.14114,40.93402],[-93.14277,40.93251],[-93.14081,40.93231],[-93.14114,40.93402]]]}},{"type":"Feature","properties":{},"geometry":{"type":"Polygon","coordinates":[[[-93.20697,40.93193],[-93.2006,40.92432],[-93.19134,40.92549],[-93.19614,40.93064],[-93.20697,40.93193]]]}},{"type":"Feature","properties":{},"geometry":{"type":"Polygon","coordinates":[[[-93.12319,40.93167],[-93.12159,40.93144],[-93.12147,40.93217],[-93.12319,40.93167]]]}},{"type":"Feature","properties":{},"geometry":{"type":"Polygon","coordinates":[[[-93.21147,40.92845],[-93.21041,40.92964],[-93.21141,40.93031],[-93.21147,40.92845]]]}},{"type":"Feature","properties":{},"geometry":{"type":"Polygon","coordinates":[[[-93.11945,40.92759],[-93.11809,40.92837],[-93.119,40.92858],[-93.11945,40.92759]]]}},{"type":"Feature","properties":{},"geometry":{"type":"Polygon","coordinates":[[[-93.2098,40.92086],[-93.20932,40.92353],[-93.21149,40.92353],[-93.2098,40.92086]]]}},{"type":"Feature","properties":{},"geometry":{"type":"Polygon","coordinates":[[[-93.20193,40.92322],[-93.19745,40.9154],[-93.19387,40.91666],[-93.19598,40.92112],[-93.20193,40.92322]]]}},{"type":"Feature","properties":{},"geometry":{"type":"Polygon","coordinates":[[[-93.12024,40.92126],[-93.11879,40.92176],[-93.12011,40.92222],[-93.12024,40.92126]]]}},{"type":"Feature","properties":{},"geometry":{"type":"Polygon","coordinates":[[[-93.06757,40.91756],[-93.06654,40.91827],[-93.06778,40.9187],[-93.06757,40.91756]]]}},{"type":"Feature","properties":{},"geometry":{"type":"Polygon","coordinates":[[[-93.13978,40.91512],[-93.14801,40.91144],[-93.14874,40.9081],[-93.13278,40.90661],[-93.13978,40.91512]]]}},{"type":"Feature","properties":{},"geometry":{"type":"Polygon","coordinates":[[[-93.51164,40.90935],[-93.51025,40.91069],[-93.5124,40.91076],[-93.51164,40.90935]]]}},{"type":"Feature","properties":{},"geometry":{"type":"Polygon","coordinates":[[[-93.20284,40.90871],[-93.202,40.90956],[-93.20363,40.90979],[-93.20284,40.90871]]]}},{"type":"Feature","properties":{},"geometry":{"type":"Polygon","coordinates":[[[-93.26656,40.90656],[-93.26454,40.90729],[-93.26689,40.90789],[-93.26656,40.90656]]]}},{"type":"Feature","properties":{},"geometry":{"type":"Polygon","coordinates":[[[-93.21614,40.90541],[-93.21448,40.90431],[-93.21509,40.90571],[-93.21614,40.90541]]]}},{"type":"Feature","properties":{},"geometry":{"type":"Polygon","coordinates":[[[-93.07578,40.9036],[-93.07431,40.90374],[-93.07512,40.90454],[-93.07578,40.9036]]]}},{"type":"Feature","properties":{},"geometry":{"type":"Polygon","coordinates":[[[-93.10091,40.90263],[-93.09889,40.90297],[-93.10051,40.9035],[-93.10091,40.90263]]]}},{"type":"Feature","properties":{},"geometry":{"type":"Polygon","coordinates":[[[-93.08779,40.90297],[-93.08933,40.90105],[-93.08682,40.90121],[-93.08779,40.90297]]]}},{"type":"Feature","properties":{},"geometry":{"type":"Polygon","coordinates":[[[-93.01602,40.90011],[-93.014,40.90073],[-93.01505,40.90146],[-93.01602,40.90011]]]}},{"type":"Feature","properties":{},"geometry":{"type":"Polygon","coordinates":[[[-93.09635,40.89865],[-93.09533,40.8997],[-93.09584,40.9002],[-93.09635,40.89865]]]}},{"type":"Feature","properties":{},"geometry":{"type":"Polygon","coordinates":[[[-93.08664,40.89926],[-93.08586,40.89597],[-93.08453,40.89635],[-93.08664,40.89926]]]}},{"type":"Feature","properties":{},"geometry":{"type":"Polygon","coordinates":[[[-93.67401,40.89731],[-93.6725,40.89639],[-93.67229,40.89708],[-93.67401,40.89731]]]}},{"type":"Feature","properties":{},"geometry":{"type":"Polygon","coordinates":[[[-93.26965,40.8978],[-93.26953,40.89544],[-93.2679,40.89777],[-93.26965,40.8978]]]}},{"type":"Feature","properties":{},"geometry":{"type":"Polygon","coordinates":[[[-93.13049,40.89684],[-93.12717,40.89794],[-93.13112,40.89771],[-93.13049,40.89684]]]}},{"type":"Feature","properties":{},"geometry":{"type":"Polygon","coordinates":[[[-93.18441,40.89641],[-93.18224,40.89767],[-93.18395,40.89772],[-93.18441,40.89641]]]}},{"type":"Feature","properties":{},"geometry":{"type":"Polygon","coordinates":[[[-93.95945,40.66268],[-93.95906,40.66151],[-93.95864,40.66261],[-93.95945,40.66268]]]}},{"type":"Feature","properties":{},"geometry":{"type":"Polygon","coordinates":[[[-93.8484,40.66141],[-93.84789,40.66219],[-93.85255,40.66111],[-93.8484,40.66141]]]}},{"type":"Feature","properties":{},"geometry":{"type":"Polygon","coordinates":[[[-93.75679,40.66067],[-93.75556,40.6617],[-93.75688,40.66113],[-93.75679,40.66067]]]}},{"type":"Feature","properties":{},"geometry":{"type":"Polygon","coordinates":[[[-93.772,40.6592],[-93.77308,40.65833],[-93.77221,40.65844],[-93.772,40.6592]]]}},{"type":"Feature","properties":{},"geometry":{"type":"Polygon","coordinates":[[[-93.75661,40.65866],[-93.75508,40.65902],[-93.75751,40.65914],[-93.75661,40.65866]]]}},{"type":"Feature","properties":{},"geometry":{"type":"Polygon","coordinates":[[[-93.85087,40.65436],[-93.85105,40.65068],[-93.84681,40.64995],[-93.85087,40.65436]]]}},{"type":"Feature","properties":{},"geometry":{"type":"Polygon","coordinates":[[[-93.87397,40.64853],[-93.87328,40.64963],[-93.87463,40.64938],[-93.87397,40.64853]]]}},{"type":"Feature","properties":{},"geometry":{"type":"Polygon","coordinates":[[[-93.87842,40.64764],[-93.87685,40.64757],[-93.87824,40.64841],[-93.87842,40.64764]]]}},{"type":"Feature","properties":{},"geometry":{"type":"Polygon","coordinates":[[[-93.82627,40.64248],[-93.82777,40.64177],[-93.82651,40.64186],[-93.82627,40.64248]]]}},{"type":"Feature","properties":{},"geometry":{"type":"Polygon","coordinates":[[[-93.7723,40.63984],[-93.77125,40.63904],[-93.77146,40.63986],[-93.7723,40.63984]]]}},{"type":"Feature","properties":{},"geometry":{"type":"Polygon","coordinates":[[[-93.77002,40.63597],[-93.76867,40.63704],[-93.7696,40.63741],[-93.77002,40.63597]]]}},{"type":"Feature","properties":{},"geometry":{"type":"Polygon","coordinates":[[[-93.87571,40.63581],[-93.8737,40.63487],[-93.87523,40.63638],[-93.87571,40.63581]]]}},{"type":"Feature","properties":{},"geometry":{"type":"Polygon","coordinates":[[[-93.88788,40.63372],[-93.8813,40.6337],[-93.88665,40.63551],[-93.88788,40.63372]]]}},{"type":"Feature","properties":{},"geometry":{"type":"Polygon","coordinates":[[[-93.59913,40.63471],[-93.59817,40.63432],[-93.59594,40.63492],[-93.59913,40.63471]]]}},{"type":"Feature","properties":{},"geometry":{"type":"Polygon","coordinates":[[[-93.89136,40.62986],[-93.8901,40.62871],[-93.89028,40.62954],[-93.89136,40.62986]]]}},{"type":"Feature","properties":{},"geometry":{"type":"Polygon","coordinates":[[[-93.8889,40.62752],[-93.8886,40.62851],[-93.88947,40.62791],[-93.8889,40.62752]]]}},{"type":"Feature","properties":{},"geometry":{"type":"Polygon","coordinates":[[[-93.89049,40.6275],[-93.88929,40.62615],[-93.88842,40.62686],[-93.89049,40.6275]]]}},{"type":"Feature","properties":{},"geometry":{"type":"Polygon","coordinates":[[[-93.77763,40.62655],[-93.77688,40.62556],[-93.77664,40.6268],[-93.77763,40.62655]]]}},{"type":"Feature","properties":{},"geometry":{"type":"Polygon","coordinates":[[[-93.88028,40.6256],[-93.87818,40.62556],[-93.87842,40.62581],[-93.88028,40.6256]]]}},{"type":"Feature","properties":{},"geometry":{"type":"Polygon","coordinates":[[[-93.86923,40.62183],[-93.86869,40.62036],[-93.86839,40.62155],[-93.86923,40.62183]]]}},{"type":"Feature","properties":{},"geometry":{"type":"Polygon","coordinates":[[[-93.87871,40.98332],[-93.87708,40.98208],[-93.87668,40.98368],[-93.87871,40.98332]]]}},{"type":"Feature","properties":{},"geometry":{"type":"Polygon","coordinates":[[[-93.8234,40.97191],[-93.82244,40.97283],[-93.82401,40.97239],[-93.8234,40.97191]]]}},{"type":"Feature","properties":{},"geometry":{"type":"Polygon","coordinates":[[[-93.9982,40.94758],[-93.99666,40.94824],[-93.9982,40.94808],[-93.9982,40.94758]]]}},{"type":"Feature","properties":{},"geometry":{"type":"Polygon","coordinates":[[[-93.99334,40.93161],[-93.99138,40.93134],[-93.99214,40.93271],[-93.99334,40.93161]]]}},{"type":"Feature","properties":{},"geometry":{"type":"Polygon","coordinates":[[[-93.84265,40.93012],[-93.84078,40.92982],[-93.84253,40.93078],[-93.84265,40.93012]]]}},{"type":"Feature","properties":{},"geometry":{"type":"Polygon","coordinates":[[[-93.97897,40.89024],[-93.97729,40.89168],[-93.97765,40.89202],[-93.97897,40.89024]]]}},{"type":"Feature","properties":{},"geometry":{"type":"Polygon","coordinates":[[[-93.77661,40.8875],[-93.77577,40.88586],[-93.77469,40.88718],[-93.77661,40.8875]]]}},{"type":"Feature","properties":{},"geometry":{"type":"Polygon","coordinates":[[[-93.79019,40.8772],[-93.79043,40.87893],[-93.79218,40.87763],[-93.79019,40.8772]]]}},{"type":"Feature","properties":{},"geometry":{"type":"Polygon","coordinates":[[[-93.61567,40.85851],[-93.61676,40.8595],[-93.61709,40.8586],[-93.61567,40.85851]]]}},{"type":"Feature","properties":{},"geometry":{"type":"Polygon","coordinates":[[[-93.59955,40.85924],[-93.59768,40.85844],[-93.59904,40.85991],[-93.59955,40.85924]]]}},{"type":"Feature","properties":{},"geometry":{"type":"Polygon","coordinates":[[[-93.95053,40.85455],[-93.94839,40.85446],[-93.9483,40.85482],[-93.95053,40.85455]]]}},{"type":"Feature","properties":{},"geometry":{"type":"Polygon","coordinates":[[[-93.78777,40.8423],[-93.78623,40.84157],[-93.7875,40.84278],[-93.78777,40.8423]]]}},{"type":"Feature","properties":{},"geometry":{"type":"Polygon","coordinates":[[[-93.94415,40.83586],[-93.94313,40.83686],[-93.94452,40.83622],[-93.94415,40.83586]]]}},{"type":"Feature","properties":{},"geometry":{"type":"Polygon","coordinates":[[[-93.94518,40.83531],[-93.94647,40.8337],[-93.94334,40.83467],[-93.94518,40.83531]]]}},{"type":"Feature","properties":{},"geometry":{"type":"Polygon","coordinates":[[[-93.78824,40.82281],[-93.78592,40.82377],[-93.78767,40.82436],[-93.78824,40.82281]]]}},{"type":"Feature","properties":{},"geometry":{"type":"Polygon","coordinates":[[[-93.81409,40.82026],[-93.81261,40.81969],[-93.8127,40.82086],[-93.81409,40.82026]]]}},{"type":"Feature","properties":{},"geometry":{"type":"Polygon","coordinates":[[[-93.5039,40.82042],[-93.5042,40.82232],[-93.50454,40.82097],[-93.5039,40.82042]]]}},{"type":"Feature","properties":{},"geometry":{"type":"Polygon","coordinates":[[[-93.57044,40.81677],[-93.56896,40.81731],[-93.56957,40.81844],[-93.57044,40.81677]]]}},{"type":"Feature","properties":{},"geometry":{"type":"Polygon","coordinates":[[[-93.62884,40.81602],[-93.62655,40.81643],[-93.62667,40.81678],[-93.62884,40.81602]]]}},{"type":"Feature","properties":{},"geometry":{"type":"Polygon","coordinates":[[[-93.78509,40.81567],[-93.78512,40.81416],[-93.78428,40.81507],[-93.78509,40.81567]]]}},{"type":"Feature","properties":{},"geometry":{"type":"Polygon","coordinates":[[[-93.8144,40.81388],[-93.81253,40.81374],[-93.81394,40.81456],[-93.8144,40.81388]]]}},{"type":"Feature","properties":{},"geometry":{"type":"Polygon","coordinates":[[[-93.78448,40.79894],[-93.78258,40.79953],[-93.78445,40.79935],[-93.78448,40.79894]]]}},{"type":"Feature","properties":{},"geometry":{"type":"Polygon","coordinates":[[[-93.96043,40.7934],[-93.95766,40.79379],[-93.95784,40.79489],[-93.96043,40.7934]]]}},{"type":"Feature","properties":{},"geometry":{"type":"Polygon","coordinates":[[[-93.74106,40.78745],[-93.73881,40.78741],[-93.73887,40.78791],[-93.74106,40.78745]]]}},{"type":"Feature","properties":{},"geometry":{"type":"Polygon","coordinates":[[[-93.98759,40.77928],[-93.98572,40.77885],[-93.98578,40.78064],[-93.98759,40.77928]]]}},{"type":"Feature","properties":{},"geometry":{"type":"Polygon","coordinates":[[[-93.87697,40.76552],[-93.87682,40.76484],[-93.87442,40.76669],[-93.87697,40.76552]]]}},{"type":"Feature","properties":{},"geometry":{"type":"Polygon","coordinates":[[[-93.97082,40.74827],[-93.97166,40.74957],[-93.97344,40.74852],[-93.97082,40.74827]]]}},{"type":"Feature","properties":{},"geometry":{"type":"Polygon","coordinates":[[[-93.83557,40.75129],[-93.83688,40.74915],[-93.83482,40.75058],[-93.83557,40.75129]]]}},{"type":"Feature","properties":{},"geometry":{"type":"Polygon","coordinates":[[[-93.76048,40.75135],[-93.76013,40.74973],[-93.759,40.75037],[-93.76048,40.75135]]]}},{"type":"Feature","properties":{},"geometry":{"type":"Polygon","coordinates":[[[-93.79945,40.7493],[-93.79626,40.74783],[-93.79608,40.7487],[-93.79945,40.7493]]]}},{"type":"Feature","properties":{},"geometry":{"type":"Polygon","coordinates":[[[-93.82129,40.74901],[-93.81985,40.74823],[-93.82018,40.74913],[-93.82129,40.74901]]]}},{"type":"Feature","properties":{},"geometry":{"type":"Polygon","coordinates":[[[-93.83751,40.7478],[-93.83595,40.74806],[-93.83754,40.7481],[-93.83751,40.7478]]]}},{"type":"Feature","properties":{},"geometry":{"type":"Polygon","coordinates":[[[-93.97496,40.74003],[-93.97195,40.74106],[-93.97321,40.74213],[-93.97496,40.74003]]]}},{"type":"Feature","properties":{},"geometry":{"type":"Polygon","coordinates":[[[-93.81919,40.74235],[-93.81808,40.74306],[-93.81928,40.74272],[-93.81919,40.74235]]]}},{"type":"Feature","properties":{},"geometry":{"type":"Polygon","coordinates":[[[-93.79633,40.74117],[-93.79498,40.74007],[-93.79486,40.74028],[-93.79633,40.74117]]]}},{"type":"Feature","properties":{},"geometry":{"type":"Polygon","coordinates":[[[-93.81411,40.73981],[-93.81261,40.74029],[-93.8139,40.74052],[-93.81411,40.73981]]]}},{"type":"Feature","properties":{},"geometry":{"type":"Polygon","coordinates":[[[-93.96974,40.73422],[-93.96812,40.73356],[-93.96773,40.73472],[-93.96974,40.73422]]]}},{"type":"Feature","properties":{},"geometry":{"type":"Polygon","coordinates":[[[-93.81093,40.7305],[-93.80997,40.73116],[-93.81099,40.73125],[-93.81093,40.7305]]]}},{"type":"Feature","properties":{},"geometry":{"type":"Polygon","coordinates":[[[-93.8356,40.72746],[-93.83508,40.72861],[-93.83608,40.72854],[-93.8356,40.72746]]]}},{"type":"Feature","properties":{},"geometry":{"type":"Polygon","coordinates":[[[-93.87629,40.72763],[-93.87427,40.72795],[-93.87641,40.72811],[-93.87629,40.72763]]]}},{"type":"Feature","properties":{},"geometry":{"type":"Polygon","coordinates":[[[-93.45643,40.72599],[-93.45484,40.72693],[-93.45637,40.72715],[-93.45643,40.72599]]]}},{"type":"Feature","properties":{},"geometry":{"type":"Polygon","coordinates":[[[-93.83509,40.7214],[-93.83641,40.72131],[-93.83578,40.72065],[-93.83509,40.7214]]]}},{"type":"Feature","properties":{},"geometry":{"type":"Polygon","coordinates":[[[-93.77113,40.71807],[-93.77203,40.71665],[-93.77068,40.71777],[-93.77113,40.71807]]]}},{"type":"Feature","properties":{},"geometry":{"type":"Polygon","coordinates":[[[-93.76022,40.7119],[-93.75908,40.71158],[-93.75902,40.71188],[-93.76022,40.7119]]]}},{"type":"Feature","properties":{},"geometry":{"type":"Polygon","coordinates":[[[-93.50913,40.7117],[-93.5085,40.71047],[-93.50841,40.71065],[-93.50913,40.7117]]]}},{"type":"Feature","properties":{},"geometry":{"type":"Polygon","coordinates":[[[-93.8231,40.70472],[-93.82187,40.70371],[-93.82235,40.70485],[-93.8231,40.70472]]]}},{"type":"Feature","properties":{},"geometry":{"type":"Polygon","coordinates":[[[-93.64724,40.70507],[-93.64673,40.70459],[-93.64483,40.70544],[-93.64724,40.70507]]]}},{"type":"Feature","properties":{},"geometry":{"type":"Polygon","coordinates":[[[-93.89663,40.68237],[-93.89483,40.68356],[-93.89627,40.68395],[-93.89663,40.68237]]]}},{"type":"Feature","properties":{},"geometry":{"type":"Polygon","coordinates":[[[-93.87067,40.68091],[-93.86802,40.68111],[-93.86808,40.68168],[-93.87067,40.68091]]]}},{"type":"Feature","properties":{},"geometry":{"type":"Polygon","coordinates":[[[-93.81924,40.6792],[-93.81705,40.67897],[-93.81699,40.67948],[-93.81924,40.6792]]]}},{"type":"Feature","properties":{},"geometry":{"type":"Polygon","coordinates":[[[-91.58322,43.09337],[-91.57916,43.08942],[-91.57929,43.09401],[-91.58322,43.09337]]]}},{"type":"Feature","properties":{},"geometry":{"type":"Polygon","coordinates":[[[-91.11936,42.46868],[-91.12251,42.46678],[-91.11936,42.46632],[-91.11936,42.46868]]]}},{"type":"Feature","properties":{},"geometry":{"type":"Polygon","coordinates":[[[-91.33043,42.4186],[-91.32783,42.41929],[-91.33046,42.41929],[-91.33043,42.4186]]]}},{"type":"Feature","properties":{},"geometry":{"type":"Polygon","coordinates":[[[-90.60194,42.15495],[-90.60098,42.15626],[-90.60194,42.15623],[-90.60194,42.15495]]]}},{"type":"Feature","properties":{},"geometry":{"type":"Polygon","coordinates":[[[-90.60415,42.15605],[-90.60311,42.15507],[-90.60268,42.15607],[-90.60415,42.15605]]]}},{"type":"Feature","properties":{},"geometry":{"type":"Polygon","coordinates":[[[-90.4011,42.06558],[-90.39978,42.06359],[-90.39978,42.06595],[-90.4011,42.06558]]]}},{"type":"Feature","properties":{},"geometry":{"type":"Polygon","coordinates":[[[-90.40368,42.06524],[-90.40181,42.06305],[-90.40193,42.06563],[-90.40368,42.06524]]]}},{"type":"Feature","properties":{},"geometry":{"type":"Polygon","coordinates":[[[-90.99069,42.05563],[-90.98869,42.05492],[-90.98872,42.0557],[-90.99069,42.05563]]]}},{"type":"Feature","properties":{},"geometry":{"type":"Polygon","coordinates":[[[-90.99277,42.05558],[-90.99124,42.05442],[-90.99124,42.05554],[-90.99277,42.05558]]]}},{"type":"Feature","properties":{},"geometry":{"type":"Polygon","coordinates":[[[-91.10552,42.78984],[-91.10347,42.78794],[-91.10552,42.79014],[-91.10552,42.78984]]]}},{"type":"Feature","properties":{},"geometry":{"type":"Polygon","coordinates":[[[-91.10403,42.78558],[-91.10301,42.78684],[-91.1045,42.78687],[-91.10403,42.78558]]]}},{"type":"Feature","properties":{},"geometry":{"type":"Polygon","coordinates":[[[-91.5403,42.68939],[-91.53897,42.68831],[-91.53894,42.68938],[-91.5403,42.68939]]]}},{"type":"Feature","properties":{},"geometry":{"type":"Polygon","coordinates":[[[-91.5371,42.65638],[-91.53487,42.65594],[-91.537,42.65771],[-91.5371,42.65638]]]}},{"type":"Feature","properties":{},"geometry":{"type":"Polygon","coordinates":[[[-91.07519,42.78466],[-91.07904,42.78729],[-91.08345,42.78638],[-91.07519,42.78466]]]}},{"type":"Feature","properties":{},"geometry":{"type":"Polygon","coordinates":[[[-91.5603,43.37117],[-91.56522,43.37121],[-91.56723,43.36884],[-91.5603,43.37117]]]}},{"type":"Feature","properties":{},"geometry":{"type":"Polygon","coordinates":[[[-91.63628,43.33723],[-91.64214,43.33931],[-91.63637,43.33643],[-91.63628,43.33723]]]}},{"type":"Feature","properties":{},"geometry":{"type":"Polygon","coordinates":[[[-91.77278,43.29766],[-91.7694,43.29633],[-91.77209,43.29873],[-91.77278,43.29766]]]}},{"type":"Feature","properties":{},"geometry":{"type":"Polygon","coordinates":[[[-91.76815,43.29329],[-91.76756,43.29445],[-91.76868,43.29486],[-91.76815,43.29329]]]}},{"type":"Feature","properties":{},"geometry":{"type":"Polygon","coordinates":[[[-90.76711,42.46022],[-90.76615,42.45874],[-90.76572,42.46054],[-90.76711,42.46022]]]}},{"type":"Feature","properties":{},"geometry":{"type":"Polygon","coordinates":[[[-90.5694,42.42743],[-90.58278,42.43882],[-90.58389,42.44088],[-90.58275,42.43822],[-90.57692,42.43209],[-90.5694,42.42743]]]}},{"type":"Feature","properties":{},"geometry":{"type":"MultiPolygon","coordinates":[[[[-90.53067,42.42399],[-90.55646,42.42874],[-90.54613,42.42531],[-90.53154,42.42335],[-90.53151,42.42004],[-90.52387,42.41416],[-90.52059,42.41546],[-90.51711,42.41285],[-90.50418,42.41333],[-90.52358,42.42207],[-90.52439,42.41621],[-90.53067,42.42399]]],[[[-90.52035,42.41623],[-90.51701,42.41877],[-90.52402,42.41557],[-90.52035,42.41623]]]]}},{"type":"Feature","properties":{},"geometry":{"type":"Polygon","coordinates":[[[-90.57193,42.42112],[-90.56758,42.42],[-90.57218,42.4216],[-90.57193,42.42112]]]}},{"type":"Feature","properties":{},"geometry":{"type":"Polygon","coordinates":[[[-90.43549,42.28639],[-90.43414,42.28539],[-90.43389,42.28623],[-90.43549,42.28639]]]}},{"type":"Feature","properties":{},"geometry":{"type":"Polygon","coordinates":[[[-90.41694,42.26015],[-90.41756,42.261],[-90.41715,42.26011],[-90.41694,42.26015]]]}},{"type":"Feature","properties":{},"geometry":{"type":"Polygon","coordinates":[[[-90.37759,42.22368],[-90.3766,42.22428],[-90.37759,42.22453],[-90.37759,42.22368]]]}},{"type":"Feature","properties":{},"geometry":{"type":"Polygon","coordinates":[[[-90.35243,42.21097],[-90.34831,42.21026],[-90.35274,42.2114],[-90.35243,42.21097]]]}},{"type":"Feature","properties":{},"geometry":{"type":"Polygon","coordinates":[[[-90.37513,42.20363],[-90.3664,42.19133],[-90.35979,42.18753],[-90.36492,42.19492],[-90.37513,42.20363]]]}},{"type":"Feature","properties":{},"geometry":{"type":"Polygon","coordinates":[[[-90.37885,42.20279],[-90.37959,42.19812],[-90.36917,42.19412],[-90.37885,42.20279]]]}},{"type":"Feature","properties":{},"geometry":{"type":"Polygon","coordinates":[[[-90.35238,42.19999],[-90.34795,42.19546],[-90.34272,42.19425],[-90.33983,42.19557],[-90.35238,42.19999]]]}},{"type":"Feature","properties":{},"geometry":{"type":"Polygon","coordinates":[[[-90.36612,42.19725],[-90.3604,42.19012],[-90.35629,42.18701],[-90.35843,42.1962],[-90.36612,42.19725]]]}},{"type":"Feature","properties":{},"geometry":{"type":"Polygon","coordinates":[[[-90.33486,42.19034],[-90.3343,42.19226],[-90.33621,42.19089],[-90.33486,42.19034]]]}},{"type":"Feature","properties":{},"geometry":{"type":"Polygon","coordinates":[[[-90.35128,42.18641],[-90.35131,42.18847],[-90.35364,42.19025],[-90.3529,42.18758],[-90.35128,42.18641]]]}},{"type":"Feature","properties":{},"geometry":{"type":"Polygon","coordinates":[[[-90.30201,42.1817],[-90.30357,42.1836],[-90.30609,42.18399],[-90.30201,42.1817]]]}},{"type":"Feature","properties":{},"geometry":{"type":"Polygon","coordinates":[[[-91.26743,43.50349],[-91.26809,43.50347],[-91.26836,43.49999],[-91.26743,43.50349]]]}},{"type":"Feature","properties":{},"geometry":{"type":"Polygon","coordinates":[[[-91.24221,43.49998],[-91.24221,43.50161],[-91.24262,43.50152],[-91.24221,43.49998]]]}},{"type":"Feature","properties":{},"geometry":{"type":"Polygon","coordinates":[[[-91.22886,43.50046],[-91.22817,43.50039],[-91.22889,43.5014],[-91.22886,43.50046]]]}},{"type":"Feature","properties":{},"geometry":{"type":"Polygon","coordinates":[[[-91.22754,43.50108],[-91.22685,43.50017],[-91.22707,43.50119],[-91.22754,43.50108]]]}},{"type":"Feature","properties":{},"geometry":{"type":"Polygon","coordinates":[[[-91.26068,43.50062],[-91.26145,43.49999],[-91.26081,43.49999],[-91.26068,43.50062]]]}},{"type":"Feature","properties":{},"geometry":{"type":"Polygon","coordinates":[[[-91.2559,43.49739],[-91.25446,43.4975],[-91.25631,43.49807],[-91.2559,43.49739]]]}},{"type":"Feature","properties":{},"geometry":{"type":"Polygon","coordinates":[[[-91.23442,43.49139],[-91.232,43.49302],[-91.23474,43.49386],[-91.23442,43.49139]]]}},{"type":"Feature","properties":{},"geometry":{"type":"Polygon","coordinates":[[[-91.25178,43.48782],[-91.25927,43.47608],[-91.25611,43.47246],[-91.24814,43.47443],[-91.25188,43.48106],[-91.2504,43.48686],[-91.25178,43.48782]]]}},{"type":"Feature","properties":{},"geometry":{"type":"Polygon","coordinates":[[[-91.23775,43.47778],[-91.2348,43.47785],[-91.23474,43.47833],[-91.23775,43.47778]]]}},{"type":"Feature","properties":{},"geometry":{"type":"Polygon","coordinates":[[[-91.23746,43.45316],[-91.23805,43.45089],[-91.23564,43.45247],[-91.23746,43.45316]]]}},{"type":"Feature","properties":{},"geometry":{"type":"MultiPolygon","coordinates":[[[[-91.21866,43.36875],[-91.20642,43.37816],[-91.20202,43.39184],[-91.21698,43.3771],[-91.21364,43.38362],[-91.21853,43.38801],[-91.20554,43.4026],[-91.2124,43.42107],[-91.22031,43.42073],[-91.21888,43.42873],[-91.22515,43.42827],[-91.22739,43.4175],[-91.21095,43.41678],[-91.22509,43.40785],[-91.22244,43.39873],[-91.23964,43.40578],[-91.23531,43.40837],[-91.23406,43.41207],[-91.24451,43.41121],[-91.22837,43.43743],[-91.23367,43.44026],[-91.23863,43.4371],[-91.23449,43.44225],[-91.23965,43.4487],[-91.24989,43.43746],[-91.23704,43.42819],[-91.24152,43.42297],[-91.23949,43.4272],[-91.2452,43.43156],[-91.24609,43.41981],[-91.25432,43.42922],[-91.25683,43.41393],[-91.24384,43.40836],[-91.23585,43.40985],[-91.24029,43.40566],[-91.23125,43.39609],[-91.22904,43.38976],[-91.23897,43.40137],[-91.23945,43.38947],[-91.21866,43.36875]]],[[[-91.24374,43.43557],[-91.23269,43.43441],[-91.2395,43.43719],[-91.23644,43.44182],[-91.23998,43.43745],[-91.24374,43.43557]]],[[[-91.22512,43.3856],[-91.22067,43.38913],[-91.22397,43.39338],[-91.22512,43.3856]]],[[[-91.24521,43.41945],[-91.24007,43.42174],[-91.24296,43.42331],[-91.24237,43.42645],[-91.24521,43.41945]]],[[[-91.25089,43.41991],[-91.24885,43.41832],[-91.24442,43.41572],[-91.25089,43.41991]]],[[[-91.23004,43.38653],[-91.22641,43.38857],[-91.22747,43.39024],[-91.23004,43.38653]]],[[[-91.22708,43.38221],[-91.22659,43.38443],[-91.22947,43.38541],[-91.22708,43.38221]]],[[[-91.22504,43.37575],[-91.22419,43.37687],[-91.22972,43.38059],[-91.22504,43.37575]]],[[[-91.2177,43.37289],[-91.21516,43.37431],[-91.21773,43.37534],[-91.2177,43.37289]]],[[[-91.22206,43.37808],[-91.22172,43.37865],[-91.2258,43.38078],[-91.22206,43.37808]]],[[[-91.245,43.43778],[-91.24157,43.43719],[-91.24086,43.43891],[-91.245,43.43778]]],[[[-91.21721,43.37936],[-91.21558,43.38119],[-91.21696,43.38257],[-91.21721,43.37936]]],[[[-91.23185,43.38468],[-91.23013,43.3842],[-91.23198,43.38667],[-91.23185,43.38468]]],[[[-91.22751,43.39376],[-91.2251,43.39349],[-91.2251,43.39388],[-91.22751,43.39376]]],[[[-91.22339,43.38428],[-91.22094,43.38428],[-91.22351,43.38466],[-91.22339,43.38428]]],[[[-91.24425,43.43909],[-91.24221,43.439],[-91.24236,43.43982],[-91.24425,43.43909]]],[[[-91.22981,43.3815],[-91.22846,43.38192],[-91.22981,43.38237],[-91.22981,43.3815]]],[[[-91.20765,43.38065],[-91.20642,43.38095],[-91.20768,43.3809],[-91.20765,43.38065]]]]}},{"type":"Feature","properties":{},"geometry":{"type":"Polygon","coordinates":[[[-91.22632,43.43391],[-91.22418,43.43277],[-91.22343,43.43378],[-91.22632,43.43391]]]}},{"type":"Feature","properties":{},"geometry":{"type":"Polygon","coordinates":[[[-91.25327,43.43439],[-91.25277,43.43249],[-91.25183,43.43448],[-91.25327,43.43439]]]}},{"type":"Feature","properties":{},"geometry":{"type":"Polygon","coordinates":[[[-91.23108,43.42783],[-91.23061,43.4284],[-91.2335,43.42794],[-91.23108,43.42783]]]}},{"type":"Feature","properties":{},"geometry":{"type":"Polygon","coordinates":[[[-91.24535,43.42743],[-91.24457,43.4258],[-91.24422,43.42722],[-91.24535,43.42743]]]}},{"type":"Feature","properties":{},"geometry":{"type":"Polygon","coordinates":[[[-91.23474,43.42346],[-91.23484,43.42503],[-91.23575,43.42462],[-91.23474,43.42346]]]}},{"type":"Feature","properties":{},"geometry":{"type":"Polygon","coordinates":[[[-91.23847,43.42311],[-91.23694,43.42281],[-91.23797,43.42405],[-91.23847,43.42311]]]}},{"type":"Feature","properties":{},"geometry":{"type":"Polygon","coordinates":[[[-91.24069,43.41465],[-91.23495,43.4166],[-91.2338,43.42282],[-91.24069,43.41465]]]}},{"type":"Feature","properties":{},"geometry":{"type":"Polygon","coordinates":[[[-91.22994,43.42067],[-91.22856,43.42086],[-91.22878,43.42218],[-91.22994,43.42067]]]}},{"type":"Feature","properties":{},"geometry":{"type":"Polygon","coordinates":[[[-91.2428,43.41949],[-91.24098,43.41975],[-91.24299,43.42034],[-91.2428,43.41949]]]}},{"type":"Feature","properties":{},"geometry":{"type":"Polygon","coordinates":[[[-91.25701,43.41795],[-91.25396,43.41765],[-91.25531,43.41884],[-91.25701,43.41795]]]}},{"type":"Feature","properties":{},"geometry":{"type":"MultiPolygon","coordinates":[[[[-91.22476,43.40046],[-91.2267,43.41686],[-91.23301,43.41706],[-91.23733,43.41328],[-91.22873,43.41166],[-91.23107,43.40338],[-91.22476,43.40046]]],[[[-91.23397,43.41486],[-91.23021,43.41438],[-91.23391,43.41509],[-91.23397,43.41486]]]]}},{"type":"Feature","properties":{},"geometry":{"type":"Polygon","coordinates":[[[-91.22867,43.4145],[-91.22513,43.41507],[-91.22516,43.41629],[-91.22867,43.4145]]]}},{"type":"Feature","properties":{},"geometry":{"type":"Polygon","coordinates":[[[-91.22547,43.4124],[-91.22268,43.41361],[-91.22444,43.41391],[-91.22547,43.4124]]]}},{"type":"Feature","properties":{},"geometry":{"type":"Polygon","coordinates":[[[-91.23309,43.41159],[-91.23168,43.41134],[-91.23397,43.41289],[-91.23309,43.41159]]]}},{"type":"Feature","properties":{},"geometry":{"type":"Polygon","coordinates":[[[-91.24164,43.40575],[-91.24264,43.40365],[-91.24079,43.40482],[-91.24164,43.40575]]]}},{"type":"Feature","properties":{},"geometry":{"type":"Polygon","coordinates":[[[-91.24161,43.40292],[-91.24013,43.40159],[-91.24117,43.40299],[-91.24161,43.40292]]]}},{"type":"Feature","properties":{},"geometry":{"type":"Polygon","coordinates":[[[-91.23,43.40048],[-91.2278,43.39998],[-91.22774,43.40035],[-91.23,43.40048]]]}},{"type":"Feature","properties":{},"geometry":{"type":"Polygon","coordinates":[[[-91.23482,43.39604],[-91.23401,43.39751],[-91.23479,43.39771],[-91.23482,43.39604]]]}},{"type":"Feature","properties":{},"geometry":{"type":"Polygon","coordinates":[[[-91.20961,43.39243],[-91.20754,43.39368],[-91.20979,43.39291],[-91.20961,43.39243]]]}},{"type":"Feature","properties":{},"geometry":{"type":"Polygon","coordinates":[[[-91.23124,43.39168],[-91.23011,43.39198],[-91.23024,43.39291],[-91.23124,43.39168]]]}},{"type":"Feature","properties":{},"geometry":{"type":"Polygon","coordinates":[[[-91.16934,43.33281],[-91.16796,43.33398],[-91.16953,43.33378],[-91.16934,43.33281]]]}},{"type":"Feature","properties":{},"geometry":{"type":"Polygon","coordinates":[[[-91.10428,43.25222],[-91.10116,43.24887],[-91.10181,43.2511],[-91.10428,43.25222]]]}},{"type":"Feature","properties":{},"geometry":{"type":"Polygon","coordinates":[[[-91.1276,43.22745],[-91.12535,43.22727],[-91.12488,43.22955],[-91.1276,43.22745]]]}},{"type":"Feature","properties":{},"geometry":{"type":"Polygon","coordinates":[[[-91.1079,43.21316],[-91.10678,43.21192],[-91.10597,43.21345],[-91.1079,43.21316]]]}},{"type":"Feature","properties":{},"geometry":{"type":"Polygon","coordinates":[[[-91.11391,43.19933],[-91.11185,43.19884],[-91.11032,43.20065],[-91.11391,43.19933]]]}},{"type":"Feature","properties":{},"geometry":{"type":"Polygon","coordinates":[[[-91.11522,43.19667],[-91.12013,43.19688],[-91.12198,43.1892],[-91.11522,43.19667]]]}},{"type":"Feature","properties":{},"geometry":{"type":"Polygon","coordinates":[[[-91.15235,43.18197],[-91.15104,43.18135],[-91.14872,43.18481],[-91.15235,43.18197]]]}},{"type":"Feature","properties":{},"geometry":{"type":"Polygon","coordinates":[[[-91.15253,43.17854],[-91.14969,43.17859],[-91.15035,43.17968],[-91.15253,43.17854]]]}},{"type":"Feature","properties":{},"geometry":{"type":"Polygon","coordinates":[[[-91.14479,43.17804],[-91.14191,43.17648],[-91.14316,43.17941],[-91.14479,43.17804]]]}},{"type":"Feature","properties":{},"geometry":{"type":"Polygon","coordinates":[[[-91.147,43.17491],[-91.14525,43.17513],[-91.14544,43.17657],[-91.147,43.17491]]]}},{"type":"Feature","properties":{},"geometry":{"type":"Polygon","coordinates":[[[-91.16115,43.15519],[-91.15852,43.15528],[-91.15799,43.1567],[-91.16115,43.15519]]]}},{"type":"Feature","properties":{},"geometry":{"type":"Polygon","coordinates":[[[-91.65117,43.14349],[-91.64898,43.14264],[-91.65105,43.14397],[-91.65117,43.14349]]]}},{"type":"Feature","properties":{},"geometry":{"type":"Polygon","coordinates":[[[-91.19808,43.08422],[-91.19193,43.084],[-91.19877,43.08582],[-91.19808,43.08422]]]}},{"type":"Feature","properties":{},"geometry":{"type":"Polygon","coordinates":[[[-91.41766,43.06935],[-91.41822,43.06827],[-91.41673,43.06791],[-91.41766,43.06935]]]}},{"type":"Feature","properties":{},"geometry":{"type":"Polygon","coordinates":[[[-91.94466,43.1994],[-91.94335,43.20034],[-91.9441,43.20043],[-91.94466,43.1994]]]}},{"type":"Feature","properties":{},"geometry":{"type":"Polygon","coordinates":[[[-92.22204,43.38514],[-92.2195,43.38436],[-92.2194,43.38452],[-92.22204,43.38514]]]}},{"type":"Feature","properties":{},"geometry":{"type":"Polygon","coordinates":[[[-92.38129,43.35078],[-92.37957,43.34975],[-92.37938,43.35007],[-92.38129,43.35078]]]}},{"type":"Feature","properties":{},"geometry":{"type":"Polygon","coordinates":[[[-92.1416,43.34204],[-92.14191,43.34801],[-92.14272,43.34321],[-92.14551,43.34474],[-92.14821,43.34387],[-92.1416,43.34204]]]}},{"type":"Feature","properties":{},"geometry":{"type":"Polygon","coordinates":[[[-92.2182,43.33217],[-92.21509,43.33181],[-92.21506,43.33307],[-92.2182,43.33217]]]}},{"type":"Feature","properties":{},"geometry":{"type":"Polygon","coordinates":[[[-92.07239,43.32936],[-92.07885,43.32433],[-92.07593,43.32124],[-92.07239,43.32936]]]}},{"type":"Feature","properties":{},"geometry":{"type":"Polygon","coordinates":[[[-92.10444,43.32455],[-92.10209,43.32612],[-92.10456,43.3258],[-92.10444,43.32455]]]}},{"type":"Feature","properties":{},"geometry":{"type":"Polygon","coordinates":[[[-92.07061,43.31975],[-92.07255,43.3209],[-92.07374,43.32005],[-92.07061,43.31975]]]}},{"type":"Feature","properties":{},"geometry":{"type":"Polygon","coordinates":[[[-91.65986,42.99434],[-91.65964,42.99224],[-91.65783,42.99391],[-91.65986,42.99434]]]}},{"type":"Feature","properties":{},"geometry":{"type":"Polygon","coordinates":[[[-91.3592,42.9594],[-91.35664,42.95846],[-91.35661,42.95942],[-91.3592,42.9594]]]}},{"type":"Feature","properties":{},"geometry":{"type":"Polygon","coordinates":[[[-91.65052,42.92109],[-91.64878,42.91917],[-91.64766,42.92023],[-91.65052,42.92109]]]}},{"type":"Feature","properties":{},"geometry":{"type":"Polygon","coordinates":[[[-91.63994,42.91346],[-91.64078,42.91389],[-91.64118,42.9125],[-91.63994,42.91346]]]}},{"type":"Feature","properties":{},"geometry":{"type":"Polygon","coordinates":[[[-91.59405,42.90517],[-91.59473,42.90456],[-91.59327,42.90421],[-91.59405,42.90517]]]}},{"type":"Feature","properties":{},"geometry":{"type":"Polygon","coordinates":[[[-91.73489,42.90428],[-91.73473,42.90559],[-91.73678,42.90419],[-91.73489,42.90428]]]}},{"type":"Feature","properties":{},"geometry":{"type":"Polygon","coordinates":[[[-91.76921,42.90353],[-91.78608,42.89812],[-91.76782,42.89573],[-91.76921,42.90353]]]}},{"type":"Feature","properties":{},"geometry":{"type":"Polygon","coordinates":[[[-91.93395,42.84078],[-91.93992,42.84192],[-91.94054,42.84082],[-91.93395,42.84078]]]}},{"type":"Feature","properties":{},"geometry":{"type":"Polygon","coordinates":[[[-91.67018,42.82025],[-91.66847,42.8209],[-91.66885,42.82128],[-91.67018,42.82025]]]}},{"type":"Feature","properties":{},"geometry":{"type":"Polygon","coordinates":[[[-91.87129,42.82213],[-91.87017,42.82325],[-91.87254,42.82314],[-91.87129,42.82213]]]}},{"type":"Feature","properties":{},"geometry":{"type":"Polygon","coordinates":[[[-91.39192,42.71135],[-91.39071,42.71192],[-91.39176,42.71222],[-91.39192,42.71135]]]}},{"type":"Feature","properties":{},"geometry":{"type":"Polygon","coordinates":[[[-91.25049,42.66131],[-91.25331,42.66205],[-91.2504,42.65905],[-91.25049,42.66131]]]}},{"type":"Feature","properties":{},"geometry":{"type":"Polygon","coordinates":[[[-91.15048,42.64034],[-91.14927,42.64181],[-91.15128,42.64034],[-91.15048,42.64034]]]}},{"type":"Feature","properties":{},"geometry":{"type":"Polygon","coordinates":[[[-90.69851,42.56819],[-90.696,42.56767],[-90.69706,42.56915],[-90.69851,42.56819]]]}},{"type":"Feature","properties":{},"geometry":{"type":"Polygon","coordinates":[[[-90.70626,42.55362],[-90.70613,42.55218],[-90.70545,42.55253],[-90.70626,42.55362]]]}},{"type":"Feature","properties":{},"geometry":{"type":"Polygon","coordinates":[[[-91.16031,42.96232],[-91.15838,42.96175],[-91.15913,42.96285],[-91.16031,42.96232]]]}},{"type":"Feature","properties":{},"geometry":{"type":"Polygon","coordinates":[[[-91.15398,42.93817],[-91.15495,42.93872],[-91.1547,42.93781],[-91.15398,42.93817]]]}},{"type":"Feature","properties":{},"geometry":{"type":"Polygon","coordinates":[[[-91.16242,42.93479],[-91.16142,42.93339],[-91.1608,42.93543],[-91.16242,42.93479]]]}},{"type":"Feature","properties":{},"geometry":{"type":"Polygon","coordinates":[[[-91.16011,42.93259],[-91.16061,42.93346],[-91.16045,42.93248],[-91.16011,42.93259]]]}},{"type":"Feature","properties":{},"geometry":{"type":"Polygon","coordinates":[[[-91.16076,42.92251],[-91.15861,42.92121],[-91.16039,42.92288],[-91.16076,42.92251]]]}},{"type":"Feature","properties":{},"geometry":{"type":"Polygon","coordinates":[[[-91.14228,42.90936],[-91.1415,42.91067],[-91.14228,42.91071],[-91.14228,42.90936]]]}},{"type":"Feature","properties":{},"geometry":{"type":"Polygon","coordinates":[[[-91.10161,42.86082],[-91.10052,42.858],[-91.10096,42.86091],[-91.10161,42.86082]]]}},{"type":"Feature","properties":{},"geometry":{"type":"Polygon","coordinates":[[[-91.10317,42.85137],[-91.10513,42.85176],[-91.10556,42.85048],[-91.10317,42.85137]]]}},{"type":"Feature","properties":{},"geometry":{"type":"Polygon","coordinates":[[[-91.07777,42.78375],[-91.07982,42.77737],[-91.07458,42.77785],[-91.07777,42.78375]]]}},{"type":"Feature","properties":{},"geometry":{"type":"Polygon","coordinates":[[[-91.0797,42.77474],[-91.07812,42.77419],[-91.07809,42.77485],[-91.0797,42.77474]]]}},{"type":"Feature","properties":{},"geometry":{"type":"Polygon","coordinates":[[[-91.07251,42.76445],[-91.07375,42.766],[-91.07406,42.76461],[-91.07251,42.76445]]]}},{"type":"Feature","properties":{},"geometry":{"type":"Polygon","coordinates":[[[-91.07198,42.76463],[-91.07142,42.76342],[-91.07102,42.76486],[-91.07198,42.76463]]]}},{"type":"Feature","properties":{},"geometry":{"type":"Polygon","coordinates":[[[-91.07093,42.76081],[-91.0754,42.76237],[-91.07441,42.7574],[-91.07093,42.76081]]]}},{"type":"Feature","properties":{},"geometry":{"type":"Polygon","coordinates":[[[-91.08905,42.75688],[-91.09572,42.75981],[-91.08875,42.75021],[-91.08905,42.75688]]]}},{"type":"Feature","properties":{},"geometry":{"type":"Polygon","coordinates":[[[-91.0696,42.75573],[-91.07512,42.75429],[-91.06929,42.75152],[-91.0696,42.75573]]]}},{"type":"Feature","properties":{},"geometry":{"type":"Polygon","coordinates":[[[-91.05924,42.75257],[-91.05697,42.75305],[-91.06038,42.75509],[-91.05924,42.75257]]]}},{"type":"Feature","properties":{},"geometry":{"type":"Polygon","coordinates":[[[-91.07116,42.75011],[-91.07109,42.7529],[-91.07199,42.75262],[-91.07116,42.75011]]]}},{"type":"Feature","properties":{},"geometry":{"type":"Polygon","coordinates":[[[-91.07477,42.74781],[-91.07266,42.74872],[-91.07387,42.74911],[-91.07477,42.74781]]]}},{"type":"Feature","properties":{},"geometry":{"type":"Polygon","coordinates":[[[-91.06786,42.73918],[-91.06634,42.7403],[-91.06885,42.74033],[-91.06786,42.73918]]]}},{"type":"Feature","properties":{},"geometry":{"type":"Polygon","coordinates":[[[-91.06302,42.73856],[-91.06426,42.73779],[-91.06135,42.73671],[-91.06302,42.73856]]]}},{"type":"Feature","properties":{},"geometry":{"type":"Polygon","coordinates":[[[-91.04674,42.73382],[-91.04519,42.73535],[-91.04699,42.73524],[-91.04674,42.73382]]]}},{"type":"Feature","properties":{},"geometry":{"type":"Polygon","coordinates":[[[-91.04271,42.73464],[-91.04082,42.73379],[-91.04041,42.73468],[-91.04271,42.73464]]]}},{"type":"Feature","properties":{},"geometry":{"type":"Polygon","coordinates":[[[-91.04151,42.7297],[-91.04188,42.73061],[-91.04206,42.72986],[-91.04151,42.7297]]]}},{"type":"Feature","properties":{},"geometry":{"type":"Polygon","coordinates":[[[-91.002,42.69721],[-91.00013,42.69687],[-91.00466,42.69953],[-91.002,42.69721]]]}},{"type":"Feature","properties":{},"geometry":{"type":"Polygon","coordinates":[[[-92.02233,42.99369],[-92.02096,42.99257],[-92.02173,42.99392],[-92.02233,42.99369]]]}},{"type":"Feature","properties":{},"geometry":{"type":"Polygon","coordinates":[[[-92.05692,42.98308],[-92.05745,42.98445],[-92.05889,42.98203],[-92.05692,42.98308]]]}},{"type":"Feature","properties":{},"geometry":{"type":"Polygon","coordinates":[[[-90.69923,42.54862],[-90.6975,42.54885],[-90.69914,42.54885],[-90.69923,42.54862]]]}},{"type":"Feature","properties":{},"geometry":{"type":"Polygon","coordinates":[[[-90.64829,42.51741],[-90.64727,42.51521],[-90.64492,42.51972],[-90.64829,42.51741]]]}},{"type":"Feature","properties":{},"geometry":{"type":"Polygon","coordinates":[[[-90.99393,42.70507],[-90.99319,42.70542],[-90.99384,42.70553],[-90.99393,42.70507]]]}},{"type":"Feature","properties":{},"geometry":{"type":"Polygon","coordinates":[[[-91.00014,42.69919],[-90.99984,42.69795],[-90.9995,42.69798],[-91.00014,42.69919]]]}},{"type":"Feature","properties":{},"geometry":{"type":"Polygon","coordinates":[[[-91.78925,43.47044],[-91.7873,43.47067],[-91.79003,43.4712],[-91.78925,43.47044]]]}},{"type":"Feature","properties":{},"geometry":{"type":"Polygon","coordinates":[[[-91.78344,43.46717],[-91.78191,43.46673],[-91.78344,43.46749],[-91.78344,43.46717]]]}},{"type":"Feature","properties":{},"geometry":{"type":"Polygon","coordinates":[[[-91.91779,43.45929],[-91.91905,43.45814],[-91.91764,43.45808],[-91.91779,43.45929]]]}},{"type":"Feature","properties":{},"geometry":{"type":"Polygon","coordinates":[[[-91.4665,43.44899],[-91.46729,43.45036],[-91.4682,43.44892],[-91.4665,43.44899]]]}},{"type":"Feature","properties":{},"geometry":{"type":"Polygon","coordinates":[[[-91.67895,43.41165],[-91.67801,43.41215],[-91.68127,43.41391],[-91.67895,43.41165]]]}},{"type":"Feature","properties":{},"geometry":{"type":"Polygon","coordinates":[[[-90.30696,42.17837],[-90.30868,42.17832],[-90.31077,42.17754],[-90.30696,42.17837]]]}},{"type":"Feature","properties":{},"geometry":{"type":"Polygon","coordinates":[[[-90.29728,42.17305],[-90.30549,42.17425],[-90.30368,42.17308],[-90.29876,42.17308],[-90.30396,42.17114],[-90.30015,42.16471],[-90.29728,42.17305]]]}},{"type":"Feature","properties":{},"geometry":{"type":"Polygon","coordinates":[[[-90.2833,42.17375],[-90.26355,42.16703],[-90.27224,42.17276],[-90.2833,42.17375]]]}},{"type":"Feature","properties":{},"geometry":{"type":"Polygon","coordinates":[[[-90.28342,42.17261],[-90.28041,42.17219],[-90.28493,42.17359],[-90.28342,42.17261]]]}},{"type":"Feature","properties":{},"geometry":{"type":"Polygon","coordinates":[[[-90.25621,42.16607],[-90.26235,42.1676],[-90.26502,42.17019],[-90.26269,42.1658],[-90.25621,42.16607]]]}},{"type":"Feature","properties":{},"geometry":{"type":"Polygon","coordinates":[[[-90.28669,42.1652],[-90.28495,42.15876],[-90.27769,42.16456],[-90.28838,42.16685],[-90.29272,42.16441],[-90.29183,42.16105],[-90.28669,42.1652]]]}},{"type":"Feature","properties":{},"geometry":{"type":"Polygon","coordinates":[[[-90.25744,42.16227],[-90.25655,42.16287],[-90.25968,42.16474],[-90.25744,42.16227]]]}},{"type":"Feature","properties":{},"geometry":{"type":"Polygon","coordinates":[[[-90.27157,42.16498],[-90.27029,42.16288],[-90.26866,42.16411],[-90.27157,42.16498]]]}},{"type":"Feature","properties":{},"geometry":{"type":"MultiPolygon","coordinates":[[[[-90.2555,42.16447],[-90.2474,42.14985],[-90.26212,42.15915],[-90.26892,42.15394],[-90.26313,42.14692],[-90.22961,42.14707],[-90.20702,42.13212],[-90.21133,42.14576],[-90.23015,42.15905],[-90.22513,42.1516],[-90.23534,42.15555],[-90.22488,42.14875],[-90.23906,42.15577],[-90.21184,42.13732],[-90.2555,42.16447]]],[[[-90.25525,42.15132],[-90.25316,42.15239],[-90.25559,42.15173],[-90.25525,42.15132]]],[[[-90.21828,42.14692],[-90.2168,42.14747],[-90.21849,42.14774],[-90.21828,42.14692]]]]}},{"type":"Feature","properties":{},"geometry":{"type":"Polygon","coordinates":[[[-90.23245,42.15377],[-90.23107,42.15446],[-90.23202,42.15514],[-90.23245,42.15377]]]}},{"type":"Feature","properties":{},"geometry":{"type":"Polygon","coordinates":[[[-90.23306,42.15038],[-90.23798,42.1536],[-90.23293,42.14961],[-90.23306,42.15038]]]}},{"type":"Feature","properties":{},"geometry":{"type":"MultiPolygon","coordinates":[[[[-90.1823,42.13935],[-90.20154,42.15226],[-90.20178,42.14997],[-90.19274,42.14301],[-90.19741,42.14289],[-90.18921,42.1386],[-90.19987,42.14337],[-90.19019,42.13731],[-90.19996,42.13836],[-90.18948,42.13139],[-90.16113,42.12505],[-90.15919,42.11588],[-90.15855,42.12686],[-90.1725,42.14336],[-90.182,42.14726],[-90.1741,42.14107],[-90.1823,42.13935]]],[[[-90.18696,42.13553],[-90.18343,42.13345],[-90.17471,42.13302],[-90.18696,42.13553]]],[[[-90.18709,42.14161],[-90.18534,42.1412],[-90.19112,42.14362],[-90.18709,42.14161]]],[[[-90.19219,42.14413],[-90.19115,42.14493],[-90.19278,42.14497],[-90.19219,42.14413]]],[[[-90.16893,42.12697],[-90.16666,42.12685],[-90.16896,42.12745],[-90.16893,42.12697]]],[[[-90.18804,42.1362],[-90.18715,42.1359],[-90.18678,42.13624],[-90.18804,42.1362]]]]}},{"type":"Feature","properties":{},"geometry":{"type":"Polygon","coordinates":[[[-90.18096,42.1196],[-90.18057,42.12399],[-90.18112,42.12399],[-90.18096,42.1196]]]}},{"type":"Feature","properties":{},"geometry":{"type":"Polygon","coordinates":[[[-90.17589,42.11702],[-90.17384,42.11967],[-90.17888,42.12223],[-90.17589,42.11702]]]}},{"type":"Feature","properties":{},"geometry":{"type":"Polygon","coordinates":[[[-90.18913,42.11903],[-90.18762,42.11871],[-90.18934,42.11996],[-90.18913,42.11903]]]}},{"type":"Feature","properties":{},"geometry":{"type":"Polygon","coordinates":[[[-90.1781,42.11878],[-90.18286,42.11311],[-90.1774,42.11839],[-90.1781,42.11878]]]}},{"type":"Feature","properties":{},"geometry":{"type":"Polygon","coordinates":[[[-90.18793,42.11471],[-90.18738,42.11674],[-90.18817,42.11702],[-90.18793,42.11471]]]}},{"type":"Feature","properties":{},"geometry":{"type":"Polygon","coordinates":[[[-90.17393,42.1146],[-90.17205,42.11451],[-90.17193,42.11551],[-90.17393,42.1146]]]}},{"type":"Feature","properties":{},"geometry":{"type":"MultiPolygon","coordinates":[[[[-90.16871,42.11311],[-90.17609,42.09046],[-90.18255,42.10467],[-90.18478,42.09573],[-90.18739,42.10229],[-90.19105,42.10307],[-90.18916,42.09054],[-90.19151,42.10279],[-90.19056,42.10462],[-90.19228,42.10533],[-90.18959,42.08919],[-90.18815,42.08789],[-90.18551,42.08746],[-90.18946,42.0835],[-90.19054,42.08899],[-90.19075,42.08046],[-90.1828,42.07571],[-90.17424,42.07393],[-90.16541,42.1005],[-90.16871,42.11311]]],[[[-90.17737,42.07631],[-90.1798,42.08172],[-90.17786,42.0801],[-90.17504,42.08929],[-90.17737,42.07631]]],[[[-90.17949,42.08769],[-90.179,42.08819],[-90.18306,42.09471],[-90.17949,42.08769]]],[[[-90.16854,42.10088],[-90.16768,42.09883],[-90.16852,42.10338],[-90.16854,42.10088]]],[[[-90.17808,42.08986],[-90.17747,42.08531],[-90.17667,42.09007],[-90.17808,42.08986]]],[[[-90.18214,42.10044],[-90.18172,42.10236],[-90.18245,42.10255],[-90.18214,42.10044]]],[[[-90.17238,42.09226],[-90.17158,42.09284],[-90.17222,42.09469],[-90.17238,42.09226]]],[[[-90.18389,42.09615],[-90.18324,42.09562],[-90.18324,42.09603],[-90.18389,42.09615]]],[[[-90.18879,42.08887],[-90.1884,42.09004],[-90.18913,42.09024],[-90.18879,42.08887]]],[[[-90.18125,42.09569],[-90.18079,42.09361],[-90.18091,42.09585],[-90.18125,42.09569]]],[[[-90.1679,42.10354],[-90.16732,42.1026],[-90.16735,42.10365],[-90.1679,42.10354]]]]}},{"type":"Feature","properties":{},"geometry":{"type":"Polygon","coordinates":[[[-90.17782,42.1108],[-90.17632,42.11115],[-90.17629,42.11233],[-90.17782,42.1108]]]}},{"type":"Feature","properties":{},"geometry":{"type":"Polygon","coordinates":[[[-90.18252,42.11073],[-90.1854,42.10602],[-90.18166,42.10792],[-90.18252,42.11073]]]}},{"type":"Feature","properties":{},"geometry":{"type":"Polygon","coordinates":[[[-90.1773,42.10641],[-90.17595,42.10646],[-90.17668,42.10815],[-90.1773,42.10641]]]}},{"type":"Feature","properties":{},"geometry":{"type":"Polygon","coordinates":[[[-90.18767,42.10597],[-90.18835,42.10472],[-90.18721,42.10538],[-90.18767,42.10597]]]}},{"type":"Feature","properties":{},"geometry":{"type":"Polygon","coordinates":[[[-90.17641,42.10436],[-90.17573,42.10342],[-90.17549,42.105],[-90.17641,42.10436]]]}},{"type":"Feature","properties":{},"geometry":{"type":"Polygon","coordinates":[[[-90.19351,42.10483],[-90.19197,42.09882],[-90.19329,42.10487],[-90.19351,42.10483]]]}},{"type":"Feature","properties":{},"geometry":{"type":"Polygon","coordinates":[[[-90.17763,42.10003],[-90.17742,42.10088],[-90.17812,42.10291],[-90.17763,42.10003]]]}},{"type":"Feature","properties":{},"geometry":{"type":"Polygon","coordinates":[[[-90.19239,42.09365],[-90.19125,42.09338],[-90.19273,42.095],[-90.19239,42.09365]]]}},{"type":"Feature","properties":{},"geometry":{"type":"Polygon","coordinates":[[[-90.19168,42.08526],[-90.19134,42.09029],[-90.19187,42.09189],[-90.19236,42.091],[-90.19168,42.08526]]]}},{"type":"Feature","properties":{},"geometry":{"type":"Polygon","coordinates":[[[-90.18988,42.07093],[-90.17831,42.07075],[-90.17644,42.0713],[-90.18676,42.0755],[-90.18988,42.07093]]]}},{"type":"Feature","properties":{},"geometry":{"type":"Polygon","coordinates":[[[-90.18211,42.06014],[-90.17309,42.06339],[-90.17617,42.06988],[-90.1897,42.06988],[-90.18211,42.06014]]]}},{"type":"Feature","properties":{},"geometry":{"type":"Polygon","coordinates":[[[-90.18036,42.05879],[-90.17272,42.05754],[-90.17266,42.06252],[-90.18036,42.05879]]]}},{"type":"Feature","properties":{},"geometry":{"type":"Polygon","coordinates":[[[-90.23259,41.99383],[-90.23082,41.99424],[-90.23284,41.99486],[-90.23259,41.99383]]]}},{"type":"Feature","properties":{},"geometry":{"type":"Polygon","coordinates":[[[-91.62996,42.70513],[-91.62944,42.70618],[-91.6312,42.70715],[-91.62996,42.70513]]]}},{"type":"Feature","properties":{},"geometry":{"type":"Polygon","coordinates":[[[-91.56026,42.61223],[-91.55738,42.61564],[-91.55534,42.61141],[-91.53399,42.60009],[-91.55741,42.61612],[-91.56026,42.61223]]]}},{"type":"Feature","properties":{},"geometry":{"type":"Polygon","coordinates":[[[-91.64031,42.61232],[-91.639,42.61118],[-91.63873,42.61271],[-91.64031,42.61232]]]}},{"type":"Feature","properties":{},"geometry":{"type":"Polygon","coordinates":[[[-91.69455,42.60855],[-91.69263,42.60752],[-91.6922,42.60853],[-91.69455,42.60855]]]}},{"type":"Feature","properties":{},"geometry":{"type":"Polygon","coordinates":[[[-91.55636,42.58504],[-91.55519,42.5841],[-91.55531,42.58527],[-91.55636,42.58504]]]}},{"type":"Feature","properties":{},"geometry":{"type":"Polygon","coordinates":[[[-91.34736,42.57669],[-91.34551,42.57594],[-91.34511,42.57674],[-91.34736,42.57669]]]}},{"type":"Feature","properties":{},"geometry":{"type":"Polygon","coordinates":[[[-91.63371,42.57571],[-91.63207,42.57557],[-91.63365,42.57646],[-91.63371,42.57571]]]}},{"type":"Feature","properties":{},"geometry":{"type":"Polygon","coordinates":[[[-91.48368,42.52219],[-91.48051,42.51545],[-91.4729,42.5131],[-91.47527,42.50596],[-91.47292,42.50438],[-91.46876,42.51552],[-91.48368,42.52219]]]}},{"type":"Feature","properties":{},"geometry":{"type":"Polygon","coordinates":[[[-90.86746,42.25453],[-90.86687,42.25313],[-90.86585,42.2535],[-90.86746,42.25453]]]}},{"type":"Feature","properties":{},"geometry":{"type":"Polygon","coordinates":[[[-90.89584,42.253],[-90.89513,42.25398],[-90.89682,42.25482],[-90.89584,42.253]]]}},{"type":"Feature","properties":{},"geometry":{"type":"Polygon","coordinates":[[[-90.77532,42.23277],[-90.78575,42.23061],[-90.77058,42.23304],[-90.77532,42.23277]]]}},{"type":"Feature","properties":{},"geometry":{"type":"Polygon","coordinates":[[[-90.32201,42.18937],[-90.32444,42.18967],[-90.32711,42.18869],[-90.32201,42.18937]]]}},{"type":"Feature","properties":{},"geometry":{"type":"Polygon","coordinates":[[[-90.33496,42.18039],[-90.34206,42.18218],[-90.34624,42.18088],[-90.344,42.17889],[-90.33496,42.18039]]]}},{"type":"Feature","properties":{},"geometry":{"type":"Polygon","coordinates":[[[-90.89811,42.17213],[-90.89365,42.17439],[-90.90164,42.17581],[-90.89811,42.17213]]]}},{"type":"Feature","properties":{},"geometry":{"type":"Polygon","coordinates":[[[-90.71556,42.07201],[-90.71295,42.07346],[-90.71713,42.07178],[-90.71556,42.07201]]]}},{"type":"Feature","properties":{},"geometry":{"type":"Polygon","coordinates":[[[-90.42321,42.05049],[-90.42187,42.05081],[-90.42325,42.05197],[-90.42321,42.05049]]]}},{"type":"Feature","properties":{},"geometry":{"type":"Polygon","coordinates":[[[-90.92233,42.03292],[-90.91951,42.03299],[-90.92218,42.03375],[-90.92233,42.03292]]]}},{"type":"Feature","properties":{},"geometry":{"type":"Polygon","coordinates":[[[-91.16969,42.49389],[-91.16812,42.4944],[-91.16991,42.49478],[-91.16969,42.49389]]]}},{"type":"Feature","properties":{},"geometry":{"type":"Polygon","coordinates":[[[-91.14318,42.4837],[-91.14138,42.48288],[-91.14138,42.48363],[-91.14318,42.4837]]]}},{"type":"Feature","properties":{},"geometry":{"type":"Polygon","coordinates":[[[-91.33598,42.46748],[-91.33777,42.46773],[-91.33734,42.4667],[-91.33598,42.46748]]]}},{"type":"Feature","properties":{},"geometry":{"type":"Polygon","coordinates":[[[-91.42635,42.45311],[-91.42555,42.45362],[-91.42697,42.45357],[-91.42635,42.45311]]]}},{"type":"Feature","properties":{},"geometry":{"type":"Polygon","coordinates":[[[-91.23232,42.44976],[-91.22954,42.44981],[-91.23229,42.45002],[-91.23232,42.44976]]]}},{"type":"Feature","properties":{},"geometry":{"type":"MultiPolygon","coordinates":[[[[-91.41254,42.44319],[-91.40566,42.43359],[-91.38846,42.42666],[-91.3963,42.42097],[-91.39559,42.41971],[-91.38824,42.41594],[-91.39327,42.41132],[-91.39305,42.40914],[-91.37645,42.40491],[-91.37426,42.40658],[-91.37404,42.41443],[-91.35806,42.40786],[-91.35605,42.41472],[-91.35491,42.40592],[-91.34587,42.40454],[-91.35605,42.41559],[-91.35855,42.40965],[-91.37534,42.4155],[-91.37667,42.40558],[-91.39173,42.4102],[-91.38759,42.41651],[-91.39559,42.42081],[-91.38661,42.42767],[-91.39676,42.43659],[-91.40433,42.43405],[-91.41254,42.44319]]],[[[-91.40112,42.43409],[-91.39852,42.43423],[-91.40146,42.43444],[-91.40112,42.43409]]],[[[-91.39454,42.43272],[-91.39383,42.43311],[-91.39488,42.43318],[-91.39454,42.43272]]]]}},{"type":"Feature","properties":{},"geometry":{"type":"Polygon","coordinates":[[[-91.11949,42.43138],[-91.11943,42.43017],[-91.11829,42.43149],[-91.11949,42.43138]]]}},{"type":"Feature","properties":{},"geometry":{"type":"Polygon","coordinates":[[[-91.12224,42.42758],[-91.12391,42.42614],[-91.12135,42.4258],[-91.12224,42.42758]]]}},{"type":"Feature","properties":{},"geometry":{"type":"Polygon","coordinates":[[[-91.32798,42.42421],[-91.32125,42.42455],[-91.3215,42.42768],[-91.32798,42.42421]]]}},{"type":"Feature","properties":{},"geometry":{"type":"Polygon","coordinates":[[[-91.40377,42.42744],[-91.40235,42.42641],[-91.40254,42.42742],[-91.40377,42.42744]]]}},{"type":"Feature","properties":{},"geometry":{"type":"Polygon","coordinates":[[[-91.31545,42.42335],[-91.31271,42.42335],[-91.31548,42.42434],[-91.31545,42.42335]]]}},{"type":"Feature","properties":{},"geometry":{"type":"Polygon","coordinates":[[[-91.19063,42.41295],[-91.19418,42.41531],[-91.19474,42.41377],[-91.19063,42.41295]]]}},{"type":"Feature","properties":{},"geometry":{"type":"Polygon","coordinates":[[[-91.29293,42.41216],[-91.29161,42.41197],[-91.29302,42.41387],[-91.29293,42.41216]]]}},{"type":"Feature","properties":{},"geometry":{"type":"Polygon","coordinates":[[[-91.39253,42.41404],[-91.39315,42.41306],[-91.39228,42.4129],[-91.39253,42.41404]]]}},{"type":"Feature","properties":{},"geometry":{"type":"Polygon","coordinates":[[[-91.38296,42.40665],[-91.38219,42.40734],[-91.38414,42.40713],[-91.38296,42.40665]]]}},{"type":"Feature","properties":{},"geometry":{"type":"Polygon","coordinates":[[[-91.37803,42.40379],[-91.37892,42.40423],[-91.3792,42.40341],[-91.37803,42.40379]]]}},{"type":"Feature","properties":{},"geometry":{"type":"Polygon","coordinates":[[[-91.19062,42.40129],[-91.19318,42.40056],[-91.19016,42.40095],[-91.19062,42.40129]]]}},{"type":"Feature","properties":{},"geometry":{"type":"Polygon","coordinates":[[[-91.34,42.32342],[-91.33756,42.32276],[-91.34,42.32361],[-91.34,42.32342]]]}},{"type":"Feature","properties":{},"geometry":{"type":"Polygon","coordinates":[[[-91.22679,42.28221],[-91.22655,42.28271],[-91.22732,42.28243],[-91.22679,42.28221]]]}},{"type":"Feature","properties":{},"geometry":{"type":"Polygon","coordinates":[[[-91.19622,42.26371],[-91.19462,42.26332],[-91.19816,42.26425],[-91.19622,42.26371]]]}},{"type":"Feature","properties":{},"geometry":{"type":"Polygon","coordinates":[[[-91.1915,42.2574],[-91.1899,42.25454],[-91.19003,42.25749],[-91.1915,42.2574]]]}},{"type":"Feature","properties":{},"geometry":{"type":"Polygon","coordinates":[[[-91.13643,42.11059],[-91.14199,42.11237],[-91.14371,42.11138],[-91.13643,42.11059]]]}},{"type":"Feature","properties":{},"geometry":{"type":"Polygon","coordinates":[[[-91.14279,42.08394],[-91.14168,42.08364],[-91.14193,42.08497],[-91.14279,42.08394]]]}},{"type":"Feature","properties":{},"geometry":{"type":"Polygon","coordinates":[[[-90.40411,41.9667],[-90.39758,41.96565],[-90.39716,41.96718],[-90.40411,41.9667]]]}},{"type":"Feature","properties":{},"geometry":{"type":"Polygon","coordinates":[[[-90.54699,42.42426],[-90.53312,42.41924],[-90.53083,42.42203],[-90.54699,42.42426]]]}},{"type":"Feature","properties":{},"geometry":{"type":"Polygon","coordinates":[[[-90.33442,42.19683],[-90.33986,42.1985],[-90.33399,42.19532],[-90.33442,42.19683]]]}},{"type":"Feature","properties":{},"geometry":{"type":"Polygon","coordinates":[[[-90.20853,42.13888],[-90.20696,42.13881],[-90.20813,42.14108],[-90.20853,42.13888]]]}},{"type":"Feature","properties":{},"geometry":{"type":"Polygon","coordinates":[[[-90.17067,42.10776],[-90.17447,42.10804],[-90.17297,42.10484],[-90.17067,42.10776]]]}},{"type":"Feature","properties":{},"geometry":{"type":"Polygon","coordinates":[[[-91.20224,43.3722],[-91.20137,43.37183],[-91.19924,43.37535],[-91.20224,43.3722]]]}},{"type":"Feature","properties":{},"geometry":{"type":"Polygon","coordinates":[[[-91.1895,43.34991],[-91.20812,43.36227],[-91.19651,43.3499],[-91.1895,43.34991]]]}},{"type":"Feature","properties":{},"geometry":{"type":"Polygon","coordinates":[[[-91.16063,42.97172],[-91.16228,42.97073],[-91.16228,42.96961],[-91.16063,42.97172]]]}},{"type":"Feature","properties":{},"geometry":{"type":"Polygon","coordinates":[[[-91.15498,42.9347],[-91.15691,42.93511],[-91.15597,42.9331],[-91.15498,42.9347]]]}},{"type":"Feature","properties":{},"geometry":{"type":"Polygon","coordinates":[[[-91.15911,42.92569],[-91.16163,42.92857],[-91.15893,42.92432],[-91.15911,42.92569]]]}},{"type":"Feature","properties":{},"geometry":{"type":"Polygon","coordinates":[[[-91.1542,42.93715],[-91.1533,42.93724],[-91.15355,42.93774],[-91.1542,42.93715]]]}},{"type":"Feature","properties":{},"geometry":{"type":"MultiPolygon","coordinates":[[[[-91.229,43.50826],[-91.2303,43.49999],[-91.21984,43.49999],[-91.22052,43.50726],[-91.229,43.50826]]],[[[-91.2245,43.5014],[-91.22403,43.50213],[-91.22472,43.5028],[-91.2245,43.5014]]],[[[-91.22886,43.50046],[-91.22817,43.50039],[-91.22889,43.5014],[-91.22886,43.50046]]],[[[-91.22754,43.50108],[-91.22685,43.50017],[-91.22707,43.50119],[-91.22754,43.50108]]]]}},{"type":"Feature","properties":{},"geometry":{"type":"Polygon","coordinates":[[[-92.07527,43.33014],[-92.07979,43.32033],[-92.07246,43.31747],[-92.0693,43.31957],[-92.07527,43.33014]]]}},{"type":"Feature","properties":{},"geometry":{"type":"Polygon","coordinates":[[[-92.00821,43.20556],[-92.01218,43.20749],[-92.01756,43.20685],[-92.00821,43.20556]]]}},{"type":"Feature","properties":{},"geometry":{"type":"Polygon","coordinates":[[[-90.37149,42.22414],[-90.37131,42.22345],[-90.3694,42.22151],[-90.37149,42.22414]]]}},{"type":"Feature","properties":{},"geometry":{"type":"Polygon","coordinates":[[[-90.37454,42.21035],[-90.37224,42.20066],[-90.35788,42.19323],[-90.35628,42.20342],[-90.37454,42.21035]]]}},{"type":"Feature","properties":{},"geometry":{"type":"Polygon","coordinates":[[[-90.20977,42.14658],[-90.20928,42.15141],[-90.21666,42.15595],[-90.20977,42.14658]]]}},{"type":"Feature","properties":{},"geometry":{"type":"MultiPolygon","coordinates":[[[[-90.37319,42.22144],[-90.37104,42.21593],[-90.34782,42.20902],[-90.36132,42.21213],[-90.35452,42.20793],[-90.33168,42.2049],[-90.34966,42.21565],[-90.34446,42.21787],[-90.37319,42.22144]]],[[[-90.35243,42.21097],[-90.34831,42.21026],[-90.35274,42.2114],[-90.35243,42.21097]]],[[[-90.3548,42.21371],[-90.35249,42.21366],[-90.35495,42.21396],[-90.3548,42.21371]]]]}},{"type":"Feature","properties":{},"geometry":{"type":"MultiPolygon","coordinates":[[[[-90.34924,42.1996],[-90.33986,42.19583],[-90.35477,42.19949],[-90.33928,42.19055],[-90.33907,42.18817],[-90.34691,42.1868],[-90.34473,42.1902],[-90.35398,42.19528],[-90.35426,42.1817],[-90.34664,42.17864],[-90.3098,42.18843],[-90.34924,42.1996]]],[[[-90.33486,42.19034],[-90.3343,42.19226],[-90.33621,42.19089],[-90.33486,42.19034]]],[[[-90.35128,42.18641],[-90.35131,42.18847],[-90.35364,42.19025],[-90.3529,42.18758],[-90.35128,42.18641]]],[[[-90.32201,42.18937],[-90.32444,42.18967],[-90.32711,42.18869],[-90.32201,42.18937]]],[[[-90.32312,42.18832],[-90.32173,42.18802],[-90.32161,42.18841],[-90.32312,42.18832]]]]}},{"type":"Feature","properties":{},"geometry":{"type":"MultiPolygon","coordinates":[[[[-90.31064,42.1863],[-90.31206,42.17912],[-90.29728,42.17305],[-90.30333,42.15692],[-90.29285,42.15833],[-90.28948,42.14742],[-90.26429,42.14657],[-90.26895,42.15483],[-90.26461,42.15954],[-90.2474,42.14985],[-90.25535,42.16451],[-90.23972,42.1502],[-90.24367,42.15776],[-90.23773,42.14979],[-90.21184,42.13732],[-90.21886,42.14624],[-90.22943,42.14908],[-90.23813,42.15445],[-90.23912,42.15621],[-90.23294,42.15164],[-90.22488,42.14875],[-90.23309,42.15237],[-90.23534,42.15555],[-90.23494,42.15699],[-90.23205,42.15263],[-90.22818,42.15169],[-90.23221,42.15761],[-90.22513,42.1516],[-90.22963,42.15715],[-90.23015,42.15905],[-90.21216,42.14146],[-90.2229,42.15746],[-90.31064,42.1863]]],[[[-90.2833,42.17375],[-90.26355,42.16703],[-90.27224,42.17276],[-90.2833,42.17375]]],[[[-90.28669,42.1652],[-90.28495,42.15876],[-90.27769,42.16456],[-90.28838,42.16685],[-90.29272,42.16441],[-90.29183,42.16105],[-90.28669,42.1652]]],[[[-90.25621,42.16607],[-90.26235,42.1676],[-90.26502,42.17019],[-90.26269,42.1658],[-90.25621,42.16607]]],[[[-90.30201,42.1817],[-90.30357,42.1836],[-90.30609,42.18399],[-90.30201,42.1817]]],[[[-90.27157,42.16498],[-90.27029,42.16288],[-90.26866,42.16411],[-90.27157,42.16498]]],[[[-90.23306,42.15038],[-90.23798,42.1536],[-90.23293,42.14961],[-90.23306,42.15038]]],[[[-90.25744,42.16227],[-90.25655,42.16287],[-90.25968,42.16474],[-90.25744,42.16227]]],[[[-90.28342,42.17261],[-90.28041,42.17219],[-90.28493,42.17359],[-90.28342,42.17261]]],[[[-90.23245,42.15377],[-90.23107,42.15446],[-90.23202,42.15514],[-90.23245,42.15377]]]]}},{"type":"Feature","properties":{},"geometry":{"type":"MultiPolygon","coordinates":[[[[-90.21093,42.14583],[-90.21268,42.13924],[-90.20646,42.13287],[-90.20635,42.14046],[-90.21093,42.14583]]],[[[-90.20853,42.13888],[-90.20696,42.13881],[-90.20813,42.14108],[-90.20853,42.13888]]]]}},{"type":"Feature","properties":{},"geometry":{"type":"MultiPolygon","coordinates":[[[[-90.19787,42.13669],[-90.19019,42.13738],[-90.20082,42.14318],[-90.19886,42.14309],[-90.1913,42.13875],[-90.18921,42.1386],[-90.19741,42.14289],[-90.20154,42.15226],[-90.1823,42.13935],[-90.1741,42.14107],[-90.18224,42.14701],[-90.1773,42.15021],[-90.21532,42.16363],[-90.19965,42.13363],[-90.19046,42.13034],[-90.17068,42.12752],[-90.17867,42.129],[-90.17652,42.13149],[-90.18318,42.13309],[-90.18395,42.13062],[-90.18948,42.13139],[-90.19787,42.13669]]],[[[-90.19942,42.15272],[-90.20372,42.15493],[-90.20486,42.15484],[-90.19942,42.15272]]],[[[-90.18405,42.14648],[-90.18583,42.14507],[-90.18451,42.14527],[-90.18405,42.14648]]],[[[-90.18211,42.13096],[-90.1826,42.13213],[-90.1834,42.13144],[-90.18211,42.13096]]]]}},{"type":"Feature","properties":{},"geometry":{"type":"MultiPolygon","coordinates":[[[[-90.19549,42.12122],[-90.19477,42.08391],[-90.19384,42.10592],[-90.18478,42.09573],[-90.1815,42.10419],[-90.18027,42.09356],[-90.17827,42.0975],[-90.17833,42.09196],[-90.17747,42.09059],[-90.17609,42.09046],[-90.17799,42.09452],[-90.17351,42.09389],[-90.17508,42.09898],[-90.17232,42.09754],[-90.16977,42.10386],[-90.17091,42.1111],[-90.17018,42.11268],[-90.16898,42.10493],[-90.1671,42.10443],[-90.16941,42.11453],[-90.16646,42.11094],[-90.16569,42.09679],[-90.16376,42.10614],[-90.16889,42.11926],[-90.17921,42.12484],[-90.18717,42.12392],[-90.18741,42.12017],[-90.18477,42.11741],[-90.1774,42.11839],[-90.18415,42.11299],[-90.18821,42.12115],[-90.19549,42.12122]]],[[[-90.17067,42.10776],[-90.17447,42.10804],[-90.17297,42.10484],[-90.17067,42.10776]]],[[[-90.17589,42.11702],[-90.17384,42.11967],[-90.17888,42.12223],[-90.17589,42.11702]]],[[[-90.18096,42.1196],[-90.18057,42.12399],[-90.18112,42.12399],[-90.18096,42.1196]]],[[[-90.18707,42.1217],[-90.1833,42.12182],[-90.18499,42.1231],[-90.18707,42.1217]]],[[[-90.18252,42.11073],[-90.1854,42.10602],[-90.18166,42.10792],[-90.18252,42.11073]]],[[[-90.18767,42.10597],[-90.18835,42.10472],[-90.18721,42.10538],[-90.18767,42.10597]]],[[[-90.17782,42.1108],[-90.17632,42.11115],[-90.17629,42.11233],[-90.17782,42.1108]]],[[[-90.17393,42.1146],[-90.17205,42.11451],[-90.17193,42.11551],[-90.17393,42.1146]]],[[[-90.17524,42.10237],[-90.1737,42.10113],[-90.17475,42.10367],[-90.17524,42.10237]]],[[[-90.18793,42.11471],[-90.18738,42.11674],[-90.18817,42.11702],[-90.18793,42.11471]]],[[[-90.1773,42.10641],[-90.17595,42.10646],[-90.17668,42.10815],[-90.1773,42.10641]]],[[[-90.18913,42.11903],[-90.18762,42.11871],[-90.18934,42.11996],[-90.18913,42.11903]]],[[[-90.17763,42.10003],[-90.17742,42.10088],[-90.17812,42.10291],[-90.17763,42.10003]]],[[[-90.17641,42.10436],[-90.17573,42.10342],[-90.17549,42.105],[-90.17641,42.10436]]]]}},{"type":"Feature","properties":{},"geometry":{"type":"Polygon","coordinates":[[[-92.14621,43.07361],[-92.14886,43.0732],[-92.14621,43.07251],[-92.14621,43.07361]]]}},{"type":"Feature","properties":{},"geometry":{"type":"Polygon","coordinates":[[[-91.47537,42.35243],[-91.47226,42.35152],[-91.47232,42.35342],[-91.47537,42.35243]]]}},{"type":"Feature","properties":{},"geometry":{"type":"Polygon","coordinates":[[[-92.22876,43.2993],[-92.22735,43.30079],[-92.22876,43.30079],[-92.22876,43.2993]]]}},{"type":"Feature","properties":{},"geometry":{"type":"Polygon","coordinates":[[[-90.57858,42.44113],[-90.57438,42.43939],[-90.5737,42.43943],[-90.57858,42.44113]]]}},{"type":"Feature","properties":{},"geometry":{"type":"MultiPolygon","coordinates":[[[[-90.40854,42.26457],[-90.40075,42.25035],[-90.38905,42.25156],[-90.38961,42.24869],[-90.38832,42.24716],[-90.37967,42.24702],[-90.38051,42.24245],[-90.37478,42.23792],[-90.37678,42.23388],[-90.37955,42.23877],[-90.38521,42.2398],[-90.38903,42.24508],[-90.39223,42.2457],[-90.38383,42.23491],[-90.38054,42.23749],[-90.38223,42.2326],[-90.37672,42.23015],[-90.37642,42.22729],[-90.37758,42.22949],[-90.38275,42.22931],[-90.36642,42.216],[-90.34538,42.21823],[-90.33407,42.20803],[-90.34351,42.2092],[-90.32777,42.20492],[-90.36429,42.24414],[-90.34707,42.22322],[-90.35193,42.22491],[-90.35418,42.22],[-90.34784,42.22182],[-90.34655,42.21958],[-90.36328,42.21806],[-90.3623,42.22217],[-90.36519,42.22857],[-90.37097,42.23056],[-90.36325,42.22139],[-90.37512,42.22533],[-90.37642,42.23079],[-90.38171,42.23315],[-90.37515,42.23358],[-90.37349,42.24042],[-90.37943,42.24785],[-90.38444,42.25204],[-90.39992,42.25081],[-90.39903,42.2568],[-90.40854,42.26457]]],[[[-90.40303,42.25554],[-90.39949,42.25607],[-90.39998,42.25675],[-90.40303,42.25554]]]]}},{"type":"Feature","properties":{},"geometry":{"type":"Polygon","coordinates":[[[-91.24148,43.4534],[-91.24136,43.45734],[-91.24324,43.45811],[-91.24148,43.4534]]]}},{"type":"Feature","properties":{},"geometry":{"type":"Polygon","coordinates":[[[-91.25956,43.41144],[-91.2584,43.41183],[-91.2589,43.4127],[-91.25956,43.41144]]]}},{"type":"Feature","properties":{},"geometry":{"type":"Polygon","coordinates":[[[-91.13629,43.18657],[-91.13419,43.18515],[-91.13163,43.18568],[-91.13629,43.18657]]]}},{"type":"Feature","properties":{},"geometry":{"type":"Polygon","coordinates":[[[-91.16225,43.17902],[-91.16119,43.17858],[-91.1606,43.1795],[-91.16225,43.17902]]]}},{"type":"Feature","properties":{},"geometry":{"type":"Polygon","coordinates":[[[-92.23379,43.15382],[-92.22995,43.154],[-92.23486,43.15455],[-92.23379,43.15382]]]}},{"type":"Feature","properties":{},"geometry":{"type":"Polygon","coordinates":[[[-91.87136,42.76729],[-91.87009,42.76862],[-91.87155,42.76843],[-91.87136,42.76729]]]}},{"type":"Feature","properties":{},"geometry":{"type":"Polygon","coordinates":[[[-91.03924,42.72817],[-91.03686,42.72807],[-91.03943,42.72871],[-91.03924,42.72817]]]}},{"type":"Feature","properties":{},"geometry":{"type":"Polygon","coordinates":[[[-90.70233,42.55173],[-90.70078,42.55193],[-90.70223,42.55218],[-90.70233,42.55173]]]}},{"type":"Feature","properties":{},"geometry":{"type":"Polygon","coordinates":[[[-90.18707,42.1217],[-90.1833,42.12182],[-90.18499,42.1231],[-90.18707,42.1217]]]}},{"type":"Feature","properties":{},"geometry":{"type":"Polygon","coordinates":[[[-90.18217,42.05859],[-90.18116,42.05941],[-90.18275,42.05959],[-90.18217,42.05859]]]}},{"type":"Feature","properties":{},"geometry":{"type":"Polygon","coordinates":[[[-91.00724,42.45098],[-91.00961,42.4535],[-91.0098,42.45101],[-91.00724,42.45098]]]}},{"type":"Feature","properties":{},"geometry":{"type":"Polygon","coordinates":[[[-90.33399,42.19729],[-90.33399,42.19834],[-90.33519,42.19848],[-90.33399,42.19729]]]}},{"type":"Feature","properties":{},"geometry":{"type":"Polygon","coordinates":[[[-91.28539,43.4641],[-91.28369,43.46435],[-91.28513,43.46488],[-91.28539,43.4641]]]}},{"type":"Feature","properties":{},"geometry":{"type":"Polygon","coordinates":[[[-91.25365,43.44607],[-91.25158,43.44721],[-91.25265,43.44815],[-91.25365,43.44607]]]}},{"type":"Feature","properties":{},"geometry":{"type":"Polygon","coordinates":[[[-91.23442,43.41936],[-91.23323,43.41923],[-91.23129,43.41989],[-91.22994,43.42257],[-91.23442,43.41936]]]}},{"type":"Feature","properties":{},"geometry":{"type":"Polygon","coordinates":[[[-91.52978,42.80243],[-91.5276,42.80318],[-91.52984,42.80259],[-91.52978,42.80243]]]}},{"type":"Feature","properties":{},"geometry":{"type":"Polygon","coordinates":[[[-91.07446,42.76705],[-91.07399,42.76833],[-91.07489,42.7679],[-91.07446,42.76705]]]}},{"type":"Feature","properties":{},"geometry":{"type":"Polygon","coordinates":[[[-91.09256,42.76306],[-91.08961,42.76162],[-91.09153,42.76491],[-91.09256,42.76306]]]}},{"type":"Feature","properties":{},"geometry":{"type":"Polygon","coordinates":[[[-92.0572,42.98509],[-92.05838,42.98708],[-92.05969,42.98717],[-92.0572,42.98509]]]}},{"type":"Feature","properties":{},"geometry":{"type":"Polygon","coordinates":[[[-90.99581,42.70036],[-90.99526,42.70221],[-90.9974,42.70226],[-90.99581,42.70036]]]}},{"type":"Feature","properties":{},"geometry":{"type":"Polygon","coordinates":[[[-91.46179,43.44271],[-91.4621,43.44177],[-91.46103,43.44099],[-91.46179,43.44271]]]}},{"type":"Feature","properties":{},"geometry":{"type":"Polygon","coordinates":[[[-90.17812,42.05388],[-90.17422,42.05468],[-90.17527,42.0555],[-90.17812,42.05388]]]}},{"type":"Feature","properties":{},"geometry":{"type":"Polygon","coordinates":[[[-91.65926,42.68075],[-91.65622,42.68166],[-91.65941,42.68157],[-91.65926,42.68075]]]}},{"type":"Feature","properties":{},"geometry":{"type":"Polygon","coordinates":[[[-91.44277,42.64483],[-91.44407,42.64464],[-91.44287,42.64451],[-91.44277,42.64483]]]}},{"type":"Feature","properties":{},"geometry":{"type":"Polygon","coordinates":[[[-90.33558,42.16656],[-90.32933,42.17856],[-90.34387,42.1785],[-90.33106,42.17625],[-90.34194,42.17491],[-90.33558,42.16656]]]}},{"type":"Feature","properties":{},"geometry":{"type":"Polygon","coordinates":[[[-90.40656,41.97195],[-90.39951,41.96786],[-90.40004,41.97175],[-90.40656,41.97195]]]}},{"type":"Feature","properties":{},"geometry":{"type":"Polygon","coordinates":[[[-91.18947,43.35373],[-91.18978,43.35178],[-91.18815,43.35],[-91.18947,43.35373]]]}},{"type":"Feature","properties":{},"geometry":{"type":"Polygon","coordinates":[[[-90.35401,42.19558],[-90.34753,42.18705],[-90.33907,42.18817],[-90.34257,42.19292],[-90.35401,42.19558]]]}},{"type":"Feature","properties":{},"geometry":{"type":"Polygon","coordinates":[[[-91.2621,43.42603],[-91.2611,43.42742],[-91.26413,43.43193],[-91.2621,43.42603]]]}},{"type":"Feature","properties":{},"geometry":{"type":"Polygon","coordinates":[[[-91.26089,43.42182],[-91.25991,43.42292],[-91.26095,43.4228],[-91.26089,43.42182]]]}},{"type":"Feature","properties":{},"geometry":{"type":"Polygon","coordinates":[[[-91.17544,43.0624],[-91.17111,43.05828],[-91.1737,43.06393],[-91.17544,43.0624]]]}},{"type":"Feature","properties":{},"geometry":{"type":"Polygon","coordinates":[[[-91.67551,42.75683],[-91.67262,42.75759],[-91.67563,42.7575],[-91.67551,42.75683]]]}},{"type":"Feature","properties":{},"geometry":{"type":"Polygon","coordinates":[[[-91.10317,42.85341],[-91.10488,42.85274],[-91.10301,42.85245],[-91.10317,42.85341]]]}},{"type":"Feature","properties":{},"geometry":{"type":"Polygon","coordinates":[[[-91.07488,42.75194],[-91.07286,42.75242],[-91.07475,42.75306],[-91.07488,42.75194]]]}},{"type":"Feature","properties":{},"geometry":{"type":"Polygon","coordinates":[[[-91.85432,43.43926],[-91.85206,43.43832],[-91.85432,43.44022],[-91.85432,43.43926]]]}},{"type":"Feature","properties":{},"geometry":{"type":"Polygon","coordinates":[[[-90.17524,42.10237],[-90.1737,42.10113],[-90.17475,42.10367],[-90.17524,42.10237]]]}},{"type":"Feature","properties":{},"geometry":{"type":"Polygon","coordinates":[[[-90.32312,42.18832],[-90.32173,42.18802],[-90.32161,42.18841],[-90.32312,42.18832]]]}},{"type":"Feature","properties":{},"geometry":{"type":"Polygon","coordinates":[[[-91.08464,42.46686],[-91.08554,42.46677],[-91.08307,42.46402],[-91.08464,42.46686]]]}},{"type":"Feature","properties":{},"geometry":{"type":"Polygon","coordinates":[[[-91.45476,42.47078],[-91.45096,42.47028],[-91.45049,42.4706],[-91.45476,42.47078]]]}},{"type":"Feature","properties":{},"geometry":{"type":"Polygon","coordinates":[[[-90.60165,41.99258],[-90.5988,41.99128],[-90.59871,41.99293],[-90.60165,41.99258]]]}},{"type":"Feature","properties":{},"geometry":{"type":"Polygon","coordinates":[[[-90.4633,41.96724],[-90.46005,41.96537],[-90.45999,41.96658],[-90.4633,41.96724]]]}},{"type":"Feature","properties":{},"geometry":{"type":"Polygon","coordinates":[[[-91.16202,42.96159],[-91.16399,42.96314],[-91.16367,42.95781],[-91.16202,42.96159]]]}},{"type":"Feature","properties":{},"geometry":{"type":"MultiPolygon","coordinates":[[[[-90.15224,42.07903],[-90.15583,42.08665],[-90.15408,42.07839],[-90.15567,42.07233],[-90.15739,42.08539],[-90.16239,42.07889],[-90.15865,42.07643],[-90.15708,42.07254],[-90.16362,42.07725],[-90.16238,42.05471],[-90.15544,42.03674],[-90.12919,42.00776],[-90.11466,42.03455],[-90.11438,42.03857],[-90.11554,42.04447],[-90.1275,42.06456],[-90.13579,42.06004],[-90.15367,42.06669],[-90.15251,42.06127],[-90.15373,42.06061],[-90.15253,42.05219],[-90.15373,42.04806],[-90.15309,42.05201],[-90.15432,42.06294],[-90.15564,42.06022],[-90.15334,42.07451],[-90.15665,42.06602],[-90.15224,42.07903]]],[[[-90.12996,42.01546],[-90.12321,42.02195],[-90.13477,42.022],[-90.13308,42.03215],[-90.13502,42.03542],[-90.13891,42.03672],[-90.15081,42.03713],[-90.15391,42.04765],[-90.15133,42.03688],[-90.13477,42.0335],[-90.13541,42.02186],[-90.12996,42.01546]]],[[[-90.12333,42.03037],[-90.11668,42.03505],[-90.11561,42.03981],[-90.12097,42.03807],[-90.12333,42.03037]]],[[[-90.13842,42.04106],[-90.13514,42.04346],[-90.14051,42.04753],[-90.13842,42.04106]]],[[[-90.15947,42.06262],[-90.15637,42.0617],[-90.15766,42.06666],[-90.15585,42.07131],[-90.15727,42.07197],[-90.15947,42.06262]]],[[[-90.15928,42.05402],[-90.15514,42.05331],[-90.15573,42.05933],[-90.15928,42.05402]]],[[[-90.14394,42.02776],[-90.14259,42.03032],[-90.14633,42.03212],[-90.14394,42.02776]]],[[[-90.1398,42.04813],[-90.13821,42.05119],[-90.13996,42.05069],[-90.1398,42.04813]]],[[[-90.14921,42.03427],[-90.14759,42.03587],[-90.15038,42.03521],[-90.14921,42.03427]]],[[[-90.13704,42.03683],[-90.13336,42.03672],[-90.13723,42.03937],[-90.13704,42.03683]]],[[[-90.14728,42.02849],[-90.14606,42.02988],[-90.14756,42.03032],[-90.14728,42.02849]]],[[[-90.1456,42.03315],[-90.14391,42.03379],[-90.14756,42.03338],[-90.1456,42.03315]]],[[[-90.14796,42.03089],[-90.14728,42.03228],[-90.14857,42.03263],[-90.14796,42.03089]]],[[[-90.13189,42.02867],[-90.13011,42.02979],[-90.13078,42.03103],[-90.13189,42.02867]]],[[[-90.1552,42.05219],[-90.15398,42.0516],[-90.15499,42.05261],[-90.1552,42.05219]]]]}},{"type":"Feature","properties":{},"geometry":{"type":"Polygon","coordinates":[[[-91.25473,43.49908],[-91.25046,43.49722],[-91.25727,43.50064],[-91.25473,43.49908]]]}},{"type":"Feature","properties":{},"geometry":{"type":"Polygon","coordinates":[[[-90.99148,42.70448],[-91.00241,42.70687],[-90.98521,42.69637],[-90.99148,42.70448]]]}},{"type":"Feature","properties":{},"geometry":{"type":"Polygon","coordinates":[[[-90.9971,42.71087],[-90.99431,42.70829],[-90.99161,42.7067],[-90.9971,42.71087]]]}},{"type":"Feature","properties":{},"geometry":{"type":"MultiPolygon","coordinates":[[[[-91.17013,43.34338],[-91.13294,43.33076],[-91.1206,43.33374],[-91.11806,43.32802],[-91.11133,43.32692],[-91.10826,43.3194],[-91.1155,43.3242],[-91.12934,43.32905],[-91.10557,43.31483],[-91.10861,43.3231],[-91.10153,43.31386],[-91.08854,43.30773],[-91.08557,43.29552],[-91.0726,43.2759],[-91.054,43.25865],[-91.05052,43.29342],[-91.06683,43.32471],[-91.12263,43.35985],[-91.14391,43.35621],[-91.15263,43.36975],[-91.17481,43.36674],[-91.17723,43.37111],[-91.16761,43.37196],[-91.16764,43.37436],[-91.17075,43.37825],[-91.17714,43.38003],[-91.17514,43.38668],[-91.19178,43.40506],[-91.19434,43.39804],[-91.18289,43.39212],[-91.18966,43.3929],[-91.1879,43.38805],[-91.1791,43.38959],[-91.17834,43.38012],[-91.16915,43.37333],[-91.18501,43.37794],[-91.17892,43.3696],[-91.1818,43.36601],[-91.17948,43.36176],[-91.17029,43.35552],[-91.17901,43.35671],[-91.18928,43.35565],[-91.19054,43.35974],[-91.19421,43.36145],[-91.19227,43.36436],[-91.19211,43.36614],[-91.19494,43.36968],[-91.19296,43.36418],[-91.21102,43.36977],[-91.19514,43.35549],[-91.19546,43.35823],[-91.19891,43.36234],[-91.18869,43.3548],[-91.17593,43.35552],[-91.18411,43.35108],[-91.17809,43.34797],[-91.17365,43.35419],[-91.17013,43.34338]]],[[[-91.16007,43.3459],[-91.15046,43.34876],[-91.15926,43.35319],[-91.16008,43.3592],[-91.16007,43.3459]]],[[[-91.15513,43.35632],[-91.15563,43.36247],[-91.15751,43.36424],[-91.16234,43.36462],[-91.15513,43.35632]]],[[[-91.13727,43.35557],[-91.13128,43.35166],[-91.13106,43.35409],[-91.13727,43.35557]]],[[[-91.16876,43.35493],[-91.17029,43.35262],[-91.17098,43.34804],[-91.16816,43.34804],[-91.16876,43.35493]]],[[[-91.08033,43.32101],[-91.07876,43.32735],[-91.08674,43.32989],[-91.08033,43.32101]]],[[[-91.14281,43.35322],[-91.1389,43.35594],[-91.14441,43.35546],[-91.14281,43.35322]]],[[[-91.14525,43.33808],[-91.15042,43.34146],[-91.15202,43.34496],[-91.1503,43.33979],[-91.14525,43.33808]]],[[[-91.14262,43.33598],[-91.13808,43.33675],[-91.13513,43.33781],[-91.14262,43.33598]]],[[[-91.17556,43.36048],[-91.16917,43.36387],[-91.16986,43.36512],[-91.16597,43.36421],[-91.17556,43.36048]]],[[[-91.13755,43.33346],[-91.12677,43.33339],[-91.12605,43.33403],[-91.13755,43.33346]]],[[[-91.16826,43.35275],[-91.16499,43.3496],[-91.16735,43.35735],[-91.16826,43.35275]]],[[[-91.12536,43.35301],[-91.12332,43.3556],[-91.12912,43.35525],[-91.12536,43.35301]]],[[[-91.11938,43.33335],[-91.11302,43.33079],[-91.11164,43.33166],[-91.11938,43.33335]]],[[[-91.14708,43.35877],[-91.15181,43.3644],[-91.15407,43.36334],[-91.14708,43.35877]]],[[[-91.16258,43.34901],[-91.16277,43.35472],[-91.16396,43.35605],[-91.16569,43.35353],[-91.16258,43.34901]]],[[[-91.11205,43.32983],[-91.10697,43.33202],[-91.11568,43.32978],[-91.11205,43.32983]]],[[[-91.13846,43.34661],[-91.12956,43.34798],[-91.1393,43.34741],[-91.13846,43.34661]]],[[[-91.08491,43.29916],[-91.0805,43.29724],[-91.08469,43.30288],[-91.08491,43.29916]]],[[[-91.15509,43.34034],[-91.15747,43.34267],[-91.16217,43.34672],[-91.15509,43.34034]]],[[[-91.16748,43.36236],[-91.16253,43.36124],[-91.16378,43.3632],[-91.16748,43.36236]]],[[[-91.0559,43.29176],[-91.055,43.29244],[-91.05938,43.29386],[-91.0559,43.29176]]],[[[-91.16499,43.34279],[-91.16349,43.34542],[-91.16568,43.34384],[-91.16499,43.34279]]],[[[-91.10431,43.33085],[-91.103,43.33387],[-91.10654,43.33332],[-91.10431,43.33085]]],[[[-91.19888,43.35907],[-91.2002,43.36335],[-91.20201,43.36348],[-91.19888,43.35907]]],[[[-91.05733,43.27658],[-91.05639,43.27344],[-91.05536,43.27399],[-91.05733,43.27658]]],[[[-91.18086,43.36656],[-91.1782,43.36599],[-91.17666,43.36622],[-91.17701,43.36743],[-91.18086,43.36656]]],[[[-91.12085,43.33858],[-91.12072,43.33737],[-91.11596,43.33776],[-91.12085,43.33858]]],[[[-91.15789,43.36538],[-91.1587,43.36636],[-91.1646,43.36574],[-91.15789,43.36538]]],[[[-91.13789,43.3507],[-91.13601,43.3486],[-91.13398,43.34835],[-91.13789,43.3507]]],[[[-91.14124,43.34462],[-91.13513,43.34323],[-91.14162,43.34595],[-91.14124,43.34462]]],[[[-91.0555,43.26084],[-91.05556,43.26615],[-91.0564,43.26624],[-91.05778,43.26537],[-91.0555,43.26084]]],[[[-91.14137,43.35125],[-91.13868,43.35107],[-91.14334,43.35217],[-91.14137,43.35125]]],[[[-91.14431,43.33758],[-91.14018,43.3384],[-91.14403,43.33902],[-91.14431,43.33758]]],[[[-91.13595,43.33847],[-91.12856,43.33884],[-91.13661,43.33888],[-91.13595,43.33847]]],[[[-91.18027,43.37186],[-91.17808,43.3739],[-91.1798,43.37424],[-91.18027,43.37186]]],[[[-91.17892,43.36352],[-91.17525,43.36519],[-91.17914,43.36446],[-91.17892,43.36352]]],[[[-91.16146,43.35973],[-91.16008,43.36147],[-91.16246,43.36352],[-91.16146,43.35973]]],[[[-91.15394,43.35326],[-91.15077,43.3531],[-91.15569,43.3534],[-91.15394,43.35326]]],[[[-91.17016,43.34715],[-91.16747,43.34701],[-91.16988,43.34747],[-91.17016,43.34715]]],[[[-91.10557,43.32146],[-91.10535,43.32217],[-91.1082,43.32361],[-91.10557,43.32146]]],[[[-91.11424,43.32176],[-91.10908,43.31887],[-91.1144,43.32246],[-91.11424,43.32176]]],[[[-91.1664,43.34617],[-91.16496,43.34455],[-91.16499,43.34622],[-91.1664,43.34617]]],[[[-91.12736,43.35843],[-91.12583,43.35701],[-91.1248,43.35694],[-91.12736,43.35843]]],[[[-91.1697,43.35694],[-91.16826,43.3584],[-91.17124,43.35854],[-91.1697,43.35694]]],[[[-91.05896,43.30285],[-91.05705,43.30287],[-91.06052,43.30459],[-91.05896,43.30285]]],[[[-91.15397,43.35923],[-91.15262,43.36074],[-91.15403,43.36158],[-91.15397,43.35923]]],[[[-91.12877,43.34032],[-91.12279,43.34025],[-91.12881,43.3405],[-91.12877,43.34032]]],[[[-91.0729,43.32497],[-91.06952,43.32332],[-91.07359,43.32604],[-91.0729,43.32497]]],[[[-91.05936,43.27806],[-91.05742,43.27877],[-91.05958,43.27946],[-91.05936,43.27806]]],[[[-91.15979,43.34482],[-91.15697,43.34519],[-91.16007,43.34546],[-91.15979,43.34482]]],[[[-91.14983,43.34739],[-91.14726,43.34782],[-91.14948,43.3486],[-91.14983,43.34739]]],[[[-91.06903,43.31776],[-91.06718,43.31778],[-91.06765,43.31893],[-91.06903,43.31776]]],[[[-91.13582,43.33609],[-91.13385,43.33559],[-91.1341,43.33664],[-91.13582,43.33609]]],[[[-91.14823,43.3507],[-91.1462,43.34965],[-91.1462,43.34988],[-91.14823,43.3507]]],[[[-91.1502,43.34348],[-91.1476,43.34297],[-91.14983,43.34446],[-91.1502,43.34348]]],[[[-91.16204,43.34153],[-91.15969,43.34094],[-91.15929,43.34169],[-91.16204,43.34153]]],[[[-91.15519,43.36586],[-91.15457,43.36677],[-91.15654,43.36741],[-91.15519,43.36586]]],[[[-91.12367,43.35114],[-91.12173,43.35182],[-91.12298,43.35223],[-91.12367,43.35114]]],[[[-91.13598,43.34114],[-91.13542,43.3408],[-91.13347,43.34087],[-91.13598,43.34114]]],[[[-91.09989,43.33371],[-91.09814,43.33414],[-91.1003,43.33437],[-91.09989,43.33371]]],[[[-91.15491,43.35861],[-91.15221,43.35756],[-91.15522,43.35925],[-91.15491,43.35861]]],[[[-91.1682,43.35938],[-91.1665,43.35861],[-91.16763,43.36009],[-91.1682,43.35938]]],[[[-91.14848,43.3453],[-91.14503,43.3446],[-91.14851,43.34601],[-91.14848,43.3453]]],[[[-91.11897,43.34185],[-91.11718,43.34252],[-91.11935,43.34249],[-91.11897,43.34185]]],[[[-91.17767,43.36574],[-91.17553,43.36544],[-91.17541,43.36572],[-91.17767,43.36574]]],[[[-91.15454,43.36428],[-91.15366,43.36446],[-91.15526,43.36515],[-91.15454,43.36428]]],[[[-91.15077,43.35834],[-91.15071,43.35989],[-91.15134,43.36008],[-91.15077,43.35834]]],[[[-91.11866,43.34407],[-91.11938,43.34339],[-91.11759,43.34391],[-91.11866,43.34407]]]]}},{"type":"Feature","properties":{},"geometry":{"type":"Polygon","coordinates":[[[-91.12882,43.22103],[-91.12247,43.22311],[-91.12754,43.22343],[-91.12882,43.22103]]]}},{"type":"Feature","properties":{},"geometry":{"type":"Polygon","coordinates":[[[-91.14535,43.17975],[-91.1396,43.18298],[-91.1371,43.18664],[-91.14291,43.18638],[-91.14535,43.17975]]]}},{"type":"Feature","properties":{},"geometry":{"type":"Polygon","coordinates":[[[-91.00013,42.69687],[-91.00014,42.69541],[-90.99658,42.6945],[-90.99271,42.69533],[-90.99072,42.69163],[-90.9771,42.6878],[-90.97103,42.68771],[-90.99172,42.7002],[-90.98985,42.69522],[-91.00013,42.69687]]]}},{"type":"Feature","properties":{},"geometry":{"type":"MultiPolygon","coordinates":[[[[-91.2351,43.51321],[-91.25361,43.51893],[-91.26056,43.51798],[-91.26242,43.51553],[-91.2615,43.51798],[-91.25555,43.52184],[-91.25526,43.52945],[-91.26239,43.52946],[-91.26491,43.52679],[-91.26539,43.52322],[-91.27025,43.52974],[-91.26277,43.54377],[-91.27418,43.52798],[-91.26431,43.54723],[-91.26964,43.55448],[-91.2807,43.53405],[-91.27928,43.52012],[-91.24916,43.50055],[-91.24855,43.49318],[-91.25339,43.49514],[-91.2418,43.47506],[-91.23964,43.47844],[-91.23208,43.48103],[-91.23849,43.4682],[-91.23338,43.47147],[-91.23424,43.45968],[-91.23764,43.46326],[-91.24733,43.45918],[-91.24264,43.45343],[-91.2456,43.4582],[-91.23483,43.45702],[-91.21998,43.47453],[-91.22141,43.4876],[-91.22338,43.48017],[-91.22719,43.48922],[-91.22255,43.49798],[-91.22717,43.49629],[-91.22837,43.48172],[-91.23668,43.4921],[-91.24125,43.48075],[-91.23866,43.49669],[-91.24409,43.48871],[-91.24359,43.4973],[-91.24507,43.49177],[-91.25244,43.50805],[-91.24458,43.50902],[-91.25199,43.51097],[-91.25432,43.50949],[-91.25414,43.50457],[-91.25479,43.5099],[-91.24987,43.5121],[-91.25696,43.51224],[-91.2351,43.51321]]],[[[-91.22964,43.46851],[-91.22704,43.4731],[-91.22981,43.47493],[-91.22472,43.47221],[-91.2262,43.48024],[-91.22036,43.47576],[-91.2247,43.4807],[-91.23041,43.47969],[-91.22964,43.46851]]],[[[-91.27131,43.51591],[-91.27064,43.52105],[-91.27462,43.52645],[-91.27489,43.53247],[-91.27753,43.53329],[-91.27131,43.51591]]],[[[-91.2642,43.51967],[-91.25791,43.52246],[-91.2581,43.52388],[-91.26412,43.52674],[-91.2642,43.51967]]],[[[-91.2711,43.52407],[-91.26806,43.5237],[-91.2715,43.52979],[-91.2711,43.52407]]],[[[-91.26104,43.51478],[-91.25695,43.5142],[-91.25993,43.51748],[-91.26104,43.51478]]],[[[-91.26709,43.51783],[-91.26367,43.5167],[-91.26668,43.51993],[-91.26709,43.51783]]],[[[-91.26197,43.51938],[-91.26037,43.51976],[-91.26011,43.52045],[-91.26197,43.51938]]],[[[-91.27258,43.5444],[-91.2717,43.54371],[-91.27151,43.54449],[-91.27258,43.5444]]],[[[-91.27598,43.53747],[-91.27517,43.53784],[-91.27605,43.53823],[-91.27598,43.53747]]],[[[-91.26437,43.51256],[-91.26358,43.51265],[-91.26427,43.51311],[-91.26437,43.51256]]],[[[-91.25771,43.52705],[-91.25686,43.52778],[-91.25755,43.52783],[-91.25771,43.52705]]],[[[-91.25373,43.50908],[-91.25281,43.50924],[-91.25366,43.50937],[-91.25373,43.50908]]],[[[-91.27434,43.5415],[-91.2739,43.5409],[-91.27393,43.5415],[-91.27434,43.5415]]],[[[-91.26318,43.52685],[-91.26249,43.52676],[-91.26321,43.52717],[-91.26318,43.52685]]]]}},{"type":"Feature","properties":{},"geometry":{"type":"Polygon","coordinates":[[[-91.115,43.20769],[-91.1175,43.20324],[-91.11109,43.20863],[-91.115,43.20769]]]}},{"type":"Feature","properties":{},"geometry":{"type":"Polygon","coordinates":[[[-91.90551,43.17259],[-91.90673,43.17383],[-91.91082,43.17616],[-91.91429,43.17476],[-91.90551,43.17259]]]}},{"type":"Feature","properties":{},"geometry":{"type":"Polygon","coordinates":[[[-93.2312,42.7688],[-93.22949,42.76889],[-93.23123,42.76964],[-93.2312,42.7688]]]}},{"type":"Feature","properties":{},"geometry":{"type":"Polygon","coordinates":[[[-93.54242,43.41828],[-93.54001,43.41713],[-93.54208,43.4183],[-93.54242,43.41828]]]}},{"type":"Feature","properties":{},"geometry":{"type":"Polygon","coordinates":[[[-93.62914,43.33309],[-93.62754,43.333],[-93.62773,43.33348],[-93.62914,43.33309]]]}},{"type":"Feature","properties":{},"geometry":{"type":"Polygon","coordinates":[[[-93.65482,43.24405],[-93.65207,43.242],[-93.65204,43.2441],[-93.65482,43.24405]]]}},{"type":"Feature","properties":{},"geometry":{"type":"Polygon","coordinates":[[[-93.18575,43.28033],[-93.19016,43.27811],[-93.18422,43.27793],[-93.18575,43.28033]]]}},{"type":"Feature","properties":{},"geometry":{"type":"Polygon","coordinates":[[[-92.91799,43.12804],[-92.91999,43.12996],[-92.9198,43.12813],[-92.91799,43.12804]]]}},{"type":"Feature","properties":{},"geometry":{"type":"Polygon","coordinates":[[[-93.59829,43.08416],[-93.59523,43.08407],[-93.59511,43.08592],[-93.59829,43.08416]]]}},{"type":"Feature","properties":{},"geometry":{"type":"Polygon","coordinates":[[[-92.25099,42.80973],[-92.2469,42.81189],[-92.25099,42.81113],[-92.25099,42.80973]]]}},{"type":"Feature","properties":{},"geometry":{"type":"Polygon","coordinates":[[[-92.67292,42.77493],[-92.67566,42.77765],[-92.67565,42.77495],[-92.67292,42.77493]]]}},{"type":"Feature","properties":{},"geometry":{"type":"Polygon","coordinates":[[[-92.97158,42.73835],[-92.97298,42.74105],[-92.97295,42.73838],[-92.97158,42.73835]]]}},{"type":"Feature","properties":{},"geometry":{"type":"Polygon","coordinates":[[[-92.78101,42.58787],[-92.77668,42.58503],[-92.77667,42.58789],[-92.78101,42.58787]]]}},{"type":"Feature","properties":{},"geometry":{"type":"Polygon","coordinates":[[[-91.83166,42.36689],[-91.83333,42.36865],[-91.83345,42.36701],[-91.83166,42.36689]]]}},{"type":"Feature","properties":{},"geometry":{"type":"Polygon","coordinates":[[[-91.61442,42.14225],[-91.61227,42.14346],[-91.61449,42.14326],[-91.61442,42.14225]]]}},{"type":"Feature","properties":{},"geometry":{"type":"Polygon","coordinates":[[[-92.19142,41.99465],[-92.19066,41.99644],[-92.19167,41.99655],[-92.19142,41.99465]]]}},{"type":"Feature","properties":{},"geometry":{"type":"Polygon","coordinates":[[[-93.12113,41.93732],[-93.11743,41.93581],[-93.11746,41.93738],[-93.12113,41.93732]]]}},{"type":"Feature","properties":{},"geometry":{"type":"Polygon","coordinates":[[[-92.07677,41.91325],[-92.07493,41.9118],[-92.07493,41.91325],[-92.07677,41.91325]]]}},{"type":"Feature","properties":{},"geometry":{"type":"Polygon","coordinates":[[[-91.90954,41.90193],[-91.90927,41.90401],[-91.90976,41.90397],[-91.90954,41.90193]]]}},{"type":"Feature","properties":{},"geometry":{"type":"Polygon","coordinates":[[[-91.85981,41.79655],[-91.85639,41.79543],[-91.85633,41.79737],[-91.85981,41.79655]]]}},{"type":"Feature","properties":{},"geometry":{"type":"Polygon","coordinates":[[[-91.4353,41.49143],[-91.43168,41.49282],[-91.43539,41.49273],[-91.4353,41.49143]]]}},{"type":"Feature","properties":{},"geometry":{"type":"Polygon","coordinates":[[[-91.71386,41.47105],[-91.71021,41.47506],[-91.71383,41.47503],[-91.71386,41.47105]]]}},{"type":"Feature","properties":{},"geometry":{"type":"Polygon","coordinates":[[[-91.97851,41.186],[-91.97651,41.18835],[-91.97857,41.1884],[-91.97851,41.186]]]}},{"type":"Feature","properties":{},"geometry":{"type":"Polygon","coordinates":[[[-91.17467,41.16721],[-91.1774,41.16957],[-91.17746,41.16735],[-91.17467,41.16721]]]}},{"type":"Feature","properties":{},"geometry":{"type":"Polygon","coordinates":[[[-91.14533,41.01232],[-91.14231,41.01371],[-91.14524,41.01472],[-91.14533,41.01232]]]}},{"type":"Feature","properties":{},"geometry":{"type":"Polygon","coordinates":[[[-91.82828,40.86681],[-91.82518,40.86784],[-91.82834,40.86786],[-91.82828,40.86681]]]}},{"type":"Feature","properties":{},"geometry":{"type":"Polygon","coordinates":[[[-91.31102,40.85062],[-91.30964,40.84972],[-91.30976,40.85235],[-91.31102,40.85062]]]}},{"type":"Feature","properties":{},"geometry":{"type":"Polygon","coordinates":[[[-91.60483,40.7776],[-91.60516,40.77868],[-91.60567,40.77769],[-91.60483,40.7776]]]}},{"type":"Feature","properties":{},"geometry":{"type":"Polygon","coordinates":[[[-91.81972,42.64142],[-91.81858,42.64209],[-91.82053,42.64257],[-91.81972,42.64142]]]}},{"type":"Feature","properties":{},"geometry":{"type":"Polygon","coordinates":[[[-92.78375,42.73957],[-92.78167,42.74051],[-92.78375,42.74051],[-92.78375,42.73957]]]}},{"type":"Feature","properties":{},"geometry":{"type":"Polygon","coordinates":[[[-92.78676,42.73958],[-92.78462,42.74044],[-92.78673,42.74044],[-92.78676,42.73958]]]}},{"type":"Feature","properties":{},"geometry":{"type":"Polygon","coordinates":[[[-91.93643,40.88483],[-91.9355,40.88556],[-91.93653,40.88547],[-91.93643,40.88483]]]}},{"type":"Feature","properties":{},"geometry":{"type":"Polygon","coordinates":[[[-91.60896,40.85321],[-91.60718,40.85257],[-91.60715,40.85323],[-91.60896,40.85321]]]}},{"type":"Feature","properties":{},"geometry":{"type":"Polygon","coordinates":[[[-91.25751,40.80576],[-91.25582,40.80544],[-91.25703,40.80628],[-91.25751,40.80576]]]}},{"type":"Feature","properties":{},"geometry":{"type":"Polygon","coordinates":[[[-91.77261,41.92101],[-91.76983,41.92158],[-91.77261,41.92167],[-91.77261,41.92101]]]}},{"type":"Feature","properties":{},"geometry":{"type":"Polygon","coordinates":[[[-93.0247,41.57089],[-93.02345,41.57002],[-93.02348,41.57092],[-93.0247,41.57089]]]}},{"type":"Feature","properties":{},"geometry":{"type":"Polygon","coordinates":[[[-90.81994,41.95192],[-90.8185,41.94956],[-90.81856,41.95201],[-90.81994,41.95192]]]}},{"type":"Feature","properties":{},"geometry":{"type":"Polygon","coordinates":[[[-90.75718,41.50477],[-90.75642,41.50262],[-90.75645,41.50482],[-90.75718,41.50477]]]}},{"type":"Feature","properties":{},"geometry":{"type":"Polygon","coordinates":[[[-91.35336,41.28362],[-91.3513,41.28465],[-91.35339,41.28465],[-91.35336,41.28362]]]}},{"type":"Feature","properties":{},"geometry":{"type":"Polygon","coordinates":[[[-91.3533,41.28307],[-91.35115,41.28225],[-91.35124,41.2831],[-91.3533,41.28307]]]}},{"type":"Feature","properties":{},"geometry":{"type":"Polygon","coordinates":[[[-91.66493,41.1406],[-91.66418,41.14021],[-91.66424,41.14104],[-91.66493,41.1406]]]}},{"type":"Feature","properties":{},"geometry":{"type":"Polygon","coordinates":[[[-91.66348,41.14072],[-91.66145,41.14026],[-91.66148,41.14054],[-91.66348,41.14072]]]}},{"type":"Feature","properties":{},"geometry":{"type":"Polygon","coordinates":[[[-91.27008,41.1028],[-91.2682,41.1017],[-91.26881,41.10284],[-91.27008,41.1028]]]}},{"type":"Feature","properties":{},"geometry":{"type":"Polygon","coordinates":[[[-91.26851,41.10005],[-91.26727,41.10017],[-91.26923,41.10127],[-91.26851,41.10005]]]}},{"type":"Feature","properties":{},"geometry":{"type":"Polygon","coordinates":[[[-93.31593,41.90264],[-93.31492,41.90269],[-93.3159,41.9028],[-93.31593,41.90264]]]}},{"type":"Feature","properties":{},"geometry":{"type":"Polygon","coordinates":[[[-93.31673,41.90246],[-93.31596,41.90163],[-93.31575,41.90202],[-93.31673,41.90246]]]}},{"type":"Feature","properties":{},"geometry":{"type":"Polygon","coordinates":[[[-93.52106,41.89554],[-93.51989,41.89604],[-93.52115,41.89602],[-93.52106,41.89554]]]}},{"type":"Feature","properties":{},"geometry":{"type":"Polygon","coordinates":[[[-93.52283,41.89586],[-93.52195,41.89538],[-93.52179,41.89591],[-93.52283,41.89586]]]}},{"type":"Feature","properties":{},"geometry":{"type":"Polygon","coordinates":[[[-93.27449,41.76777],[-93.27156,41.76706],[-93.2715,41.76777],[-93.27449,41.76777]]]}},{"type":"Feature","properties":{},"geometry":{"type":"Polygon","coordinates":[[[-93.52907,42.48779],[-93.53059,42.48919],[-93.53071,42.4877],[-93.52907,42.48779]]]}},{"type":"Feature","properties":{},"geometry":{"type":"Polygon","coordinates":[[[-93.63112,42.46898],[-93.63214,42.47035],[-93.63218,42.46902],[-93.63112,42.46898]]]}},{"type":"Feature","properties":{},"geometry":{"type":"Polygon","coordinates":[[[-93.5961,42.30364],[-93.59,42.3048],[-93.59622,42.30483],[-93.5961,42.30364]]]}},{"type":"Feature","properties":{},"geometry":{"type":"Polygon","coordinates":[[[-93.63175,42.30293],[-93.6345,42.30222],[-93.63175,42.30163],[-93.63175,42.30293]]]}},{"type":"Feature","properties":{},"geometry":{"type":"Polygon","coordinates":[[[-93.81007,42.28946],[-93.81121,42.29068],[-93.81133,42.28976],[-93.81007,42.28946]]]}},{"type":"Feature","properties":{},"geometry":{"type":"Polygon","coordinates":[[[-93.00829,42.2531],[-93.00675,42.25412],[-93.00842,42.2541],[-93.00829,42.2531]]]}},{"type":"Feature","properties":{},"geometry":{"type":"Polygon","coordinates":[[[-92.70225,42.18587],[-92.69943,42.18596],[-92.7037,42.18733],[-92.70225,42.18587]]]}},{"type":"Feature","properties":{},"geometry":{"type":"Polygon","coordinates":[[[-93.01383,42.18508],[-93.01491,42.18572],[-93.01494,42.18497],[-93.01383,42.18508]]]}},{"type":"Feature","properties":{},"geometry":{"type":"Polygon","coordinates":[[[-93.3944,42.15954],[-93.39493,42.16098],[-93.39502,42.15958],[-93.3944,42.15954]]]}},{"type":"Feature","properties":{},"geometry":{"type":"Polygon","coordinates":[[[-93.50698,42.15767],[-93.50436,42.15769],[-93.50436,42.15897],[-93.50698,42.15767]]]}},{"type":"Feature","properties":{},"geometry":{"type":"Polygon","coordinates":[[[-93.28064,42.15778],[-93.28381,42.15712],[-93.28064,42.1571],[-93.28064,42.15778]]]}},{"type":"Feature","properties":{},"geometry":{"type":"Polygon","coordinates":[[[-93.65364,42.09875],[-93.6509,42.09992],[-93.65385,42.09884],[-93.65364,42.09875]]]}},{"type":"Feature","properties":{},"geometry":{"type":"Polygon","coordinates":[[[-92.67698,42.0836],[-92.67618,42.08637],[-92.67704,42.08694],[-92.67698,42.0836]]]}},{"type":"Feature","properties":{},"geometry":{"type":"Polygon","coordinates":[[[-93.31341,42.00497],[-93.31427,42.0065],[-93.3143,42.00501],[-93.31341,42.00497]]]}},{"type":"Feature","properties":{},"geometry":{"type":"Polygon","coordinates":[[[-90.89837,41.43738],[-90.89557,41.4404],[-90.8987,41.43738],[-90.89837,41.43738]]]}},{"type":"Feature","properties":{},"geometry":{"type":"Polygon","coordinates":[[[-90.89761,41.43672],[-90.89381,41.43832],[-90.89882,41.43629],[-90.89761,41.43672]]]}},{"type":"Feature","properties":{},"geometry":{"type":"Polygon","coordinates":[[[-92.20359,42.85927],[-92.2025,42.85971],[-92.20353,42.86117],[-92.20359,42.85927]]]}},{"type":"Feature","properties":{},"geometry":{"type":"Polygon","coordinates":[[[-92.2872,42.85871],[-92.28475,42.85791],[-92.28441,42.85841],[-92.2872,42.85871]]]}},{"type":"Feature","properties":{},"geometry":{"type":"Polygon","coordinates":[[[-92.26915,42.85092],[-92.26869,42.85007],[-92.26797,42.85108],[-92.26915,42.85092]]]}},{"type":"Feature","properties":{},"geometry":{"type":"Polygon","coordinates":[[[-92.27376,42.84523],[-92.27911,42.84466],[-92.27467,42.84425],[-92.27376,42.84523]]]}},{"type":"Feature","properties":{},"geometry":{"type":"MultiPolygon","coordinates":[[[[-92.25018,42.83359],[-92.24628,42.82614],[-92.23945,42.8296],[-92.24766,42.83689],[-92.25018,42.83359]]],[[[-92.24821,42.8306],[-92.24607,42.83062],[-92.24772,42.83298],[-92.24821,42.8306]]]]}},{"type":"Feature","properties":{},"geometry":{"type":"MultiPolygon","coordinates":[[[[-92.22905,42.83455],[-92.23703,42.83404],[-92.23839,42.82921],[-92.23149,42.83087],[-92.22905,42.83455]]],[[[-92.23383,42.83137],[-92.23265,42.83226],[-92.23557,42.83223],[-92.23383,42.83137]]]]}},{"type":"Feature","properties":{},"geometry":{"type":"Polygon","coordinates":[[[-93.01538,43.14885],[-93.02116,43.14739],[-93.01301,43.1483],[-93.01538,43.14885]]]}},{"type":"Feature","properties":{},"geometry":{"type":"Polygon","coordinates":[[[-92.22911,42.8203],[-92.21934,42.82614],[-92.2364,42.82864],[-92.22911,42.8203]]]}},{"type":"Feature","properties":{},"geometry":{"type":"MultiPolygon","coordinates":[[[[-92.23282,42.8232],[-92.23984,42.82246],[-92.23762,42.8181],[-92.23004,42.81495],[-92.23282,42.8232]]],[[[-92.23617,42.81947],[-92.23483,42.81922],[-92.23477,42.82],[-92.23617,42.81947]]]]}},{"type":"Feature","properties":{},"geometry":{"type":"Polygon","coordinates":[[[-92.22537,42.81067],[-92.21932,42.81219],[-92.21955,42.82042],[-92.22255,42.81454],[-92.22759,42.81939],[-92.22537,42.81067]]]}},{"type":"Feature","properties":{},"geometry":{"type":"Polygon","coordinates":[[[-92.19197,42.78007],[-92.18853,42.78099],[-92.19216,42.78078],[-92.19197,42.78007]]]}},{"type":"Feature","properties":{},"geometry":{"type":"Polygon","coordinates":[[[-92.18446,42.7769],[-92.18315,42.77722],[-92.18583,42.77902],[-92.18446,42.7769]]]}},{"type":"Feature","properties":{},"geometry":{"type":"Polygon","coordinates":[[[-92.17528,42.75922],[-92.17594,42.76396],[-92.1788,42.76604],[-92.17528,42.75922]]]}},{"type":"Feature","properties":{},"geometry":{"type":"Polygon","coordinates":[[[-92.17202,42.7557],[-92.17134,42.75703],[-92.17215,42.75758],[-92.17202,42.7557]]]}},{"type":"Feature","properties":{},"geometry":{"type":"Polygon","coordinates":[[[-92.1837,42.73507],[-92.18146,42.73617],[-92.18388,42.736],[-92.1837,42.73507]]]}},{"type":"Feature","properties":{},"geometry":{"type":"Polygon","coordinates":[[[-93.04669,43.04089],[-93.04541,43.0416],[-93.04625,43.04215],[-93.04669,43.04089]]]}},{"type":"Feature","properties":{},"geometry":{"type":"Polygon","coordinates":[[[-93.09435,43.01765],[-93.09348,43.01637],[-93.09319,43.01726],[-93.09435,43.01765]]]}},{"type":"Feature","properties":{},"geometry":{"type":"Polygon","coordinates":[[[-92.6654,42.96812],[-92.66506,42.96905],[-92.66702,42.96841],[-92.6654,42.96812]]]}},{"type":"Feature","properties":{},"geometry":{"type":"Polygon","coordinates":[[[-92.80545,42.84378],[-92.80269,42.84355],[-92.80483,42.84465],[-92.80545,42.84378]]]}},{"type":"Feature","properties":{},"geometry":{"type":"Polygon","coordinates":[[[-92.50006,42.64855],[-92.49755,42.64792],[-92.49474,42.64947],[-92.50006,42.64855]]]}},{"type":"Feature","properties":{},"geometry":{"type":"Polygon","coordinates":[[[-91.40891,42.13601],[-91.40922,42.13635],[-91.41045,42.13514],[-91.40891,42.13601]]]}},{"type":"Feature","properties":{},"geometry":{"type":"MultiPolygon","coordinates":[[[[-92.77824,43.44341],[-92.77762,43.43964],[-92.77907,43.43477],[-92.77602,43.43952],[-92.77595,43.44192],[-92.77824,43.44341]]],[[[-92.77777,43.44108],[-92.77686,43.44124],[-92.77774,43.44161],[-92.77777,43.44108]]]]}},{"type":"Feature","properties":{},"geometry":{"type":"Polygon","coordinates":[[[-93.4612,43.49425],[-93.45982,43.49491],[-93.46089,43.49494],[-93.4612,43.49425]]]}},{"type":"Feature","properties":{},"geometry":{"type":"Polygon","coordinates":[[[-93.53552,43.48439],[-93.52732,43.48479],[-93.52644,43.48752],[-93.53552,43.48439]]]}},{"type":"Feature","properties":{},"geometry":{"type":"Polygon","coordinates":[[[-93.70087,43.46573],[-93.69601,43.46807],[-93.70147,43.46855],[-93.70087,43.46573]]]}},{"type":"Feature","properties":{},"geometry":{"type":"Polygon","coordinates":[[[-93.68931,43.46448],[-93.68922,43.46204],[-93.68564,43.46316],[-93.68931,43.46448]]]}},{"type":"Feature","properties":{},"geometry":{"type":"Polygon","coordinates":[[[-93.70504,43.46134],[-93.69989,43.46402],[-93.70536,43.46436],[-93.70504,43.46134]]]}},{"type":"Feature","properties":{},"geometry":{"type":"Polygon","coordinates":[[[-93.71352,43.46129],[-93.7127,43.46099],[-93.71286,43.46241],[-93.71352,43.46129]]]}},{"type":"Feature","properties":{},"geometry":{"type":"Polygon","coordinates":[[[-93.71107,43.46088],[-93.71003,43.46154],[-93.71104,43.46115],[-93.71107,43.46088]]]}},{"type":"Feature","properties":{},"geometry":{"type":"Polygon","coordinates":[[[-93.70865,43.46031],[-93.70727,43.46125],[-93.70887,43.46152],[-93.70865,43.46031]]]}},{"type":"Feature","properties":{},"geometry":{"type":"Polygon","coordinates":[[[-93.71261,43.46021],[-93.71154,43.45907],[-93.71141,43.45916],[-93.71261,43.46021]]]}},{"type":"Feature","properties":{},"geometry":{"type":"Polygon","coordinates":[[[-93.55064,43.42219],[-93.54716,43.42269],[-93.55061,43.42249],[-93.55064,43.42219]]]}},{"type":"Feature","properties":{},"geometry":{"type":"Polygon","coordinates":[[[-93.5392,43.41523],[-93.53782,43.4129],[-93.538,43.41512],[-93.5392,43.41523]]]}},{"type":"Feature","properties":{},"geometry":{"type":"Polygon","coordinates":[[[-93.6144,43.39552],[-93.61258,43.39644],[-93.61384,43.3968],[-93.6144,43.39552]]]}},{"type":"Feature","properties":{},"geometry":{"type":"Polygon","coordinates":[[[-93.46588,43.3903],[-93.46613,43.38874],[-93.46394,43.38986],[-93.46588,43.3903]]]}},{"type":"Feature","properties":{},"geometry":{"type":"Polygon","coordinates":[[[-93.47035,43.37929],[-93.46814,43.37294],[-93.46331,43.37273],[-93.47035,43.37929]]]}},{"type":"Feature","properties":{},"geometry":{"type":"Polygon","coordinates":[[[-93.66507,43.37294],[-93.66307,43.37329],[-93.66542,43.37333],[-93.66507,43.37294]]]}},{"type":"Feature","properties":{},"geometry":{"type":"Polygon","coordinates":[[[-93.63767,43.36803],[-93.6393,43.36682],[-93.63757,43.36675],[-93.63767,43.36803]]]}},{"type":"Feature","properties":{},"geometry":{"type":"Polygon","coordinates":[[[-93.51225,43.36084],[-93.50974,43.36036],[-93.51015,43.36196],[-93.51225,43.36084]]]}},{"type":"Feature","properties":{},"geometry":{"type":"Polygon","coordinates":[[[-93.51097,43.35819],[-93.50853,43.35798],[-93.51125,43.35942],[-93.51097,43.35819]]]}},{"type":"Feature","properties":{},"geometry":{"type":"Polygon","coordinates":[[[-93.55125,43.35424],[-93.54783,43.3558],[-93.55144,43.35433],[-93.55125,43.35424]]]}},{"type":"Feature","properties":{},"geometry":{"type":"Polygon","coordinates":[[[-93.55536,43.35129],[-93.55191,43.35202],[-93.55624,43.3531],[-93.55536,43.35129]]]}},{"type":"Feature","properties":{},"geometry":{"type":"Polygon","coordinates":[[[-93.73508,43.32366],[-93.73449,43.32245],[-93.73389,43.32352],[-93.73508,43.32366]]]}},{"type":"Feature","properties":{},"geometry":{"type":"Polygon","coordinates":[[[-93.64267,43.323],[-93.64157,43.32128],[-93.64135,43.32355],[-93.64267,43.323]]]}},{"type":"Feature","properties":{},"geometry":{"type":"Polygon","coordinates":[[[-93.64085,43.32213],[-93.63938,43.32327],[-93.64057,43.32339],[-93.64085,43.32213]]]}},{"type":"Feature","properties":{},"geometry":{"type":"Polygon","coordinates":[[[-93.63979,43.32074],[-93.63857,43.32058],[-93.63816,43.32325],[-93.63979,43.32074]]]}},{"type":"Feature","properties":{},"geometry":{"type":"Polygon","coordinates":[[[-93.64799,43.32197],[-93.64633,43.3217],[-93.64721,43.3224],[-93.64799,43.32197]]]}},{"type":"Feature","properties":{},"geometry":{"type":"Polygon","coordinates":[[[-93.65056,43.31616],[-93.64796,43.316],[-93.6505,43.31698],[-93.65056,43.31616]]]}},{"type":"Feature","properties":{},"geometry":{"type":"Polygon","coordinates":[[[-93.70172,43.30072],[-93.70025,43.29988],[-93.70078,43.30136],[-93.70172,43.30072]]]}},{"type":"Feature","properties":{},"geometry":{"type":"Polygon","coordinates":[[[-93.65939,43.30042],[-93.65832,43.29971],[-93.65757,43.30065],[-93.65939,43.30042]]]}},{"type":"Feature","properties":{},"geometry":{"type":"Polygon","coordinates":[[[-93.65791,43.28681],[-93.657,43.28622],[-93.65719,43.28695],[-93.65791,43.28681]]]}},{"type":"Feature","properties":{},"geometry":{"type":"Polygon","coordinates":[[[-93.6616,43.28533],[-93.66003,43.28551],[-93.66332,43.28517],[-93.6616,43.28533]]]}},{"type":"Feature","properties":{},"geometry":{"type":"Polygon","coordinates":[[[-93.65718,43.28412],[-93.6564,43.28288],[-93.65609,43.28503],[-93.65718,43.28412]]]}},{"type":"Feature","properties":{},"geometry":{"type":"Polygon","coordinates":[[[-93.70968,43.28212],[-93.70627,43.28203],[-93.70956,43.28404],[-93.70968,43.28212]]]}},{"type":"Feature","properties":{},"geometry":{"type":"Polygon","coordinates":[[[-93.70527,43.27991],[-93.70317,43.28123],[-93.7048,43.28181],[-93.70527,43.27991]]]}},{"type":"Feature","properties":{},"geometry":{"type":"Polygon","coordinates":[[[-93.70282,43.27989],[-93.70029,43.28092],[-93.70276,43.28066],[-93.70282,43.27989]]]}},{"type":"Feature","properties":{},"geometry":{"type":"Polygon","coordinates":[[[-93.70727,43.27897],[-93.70627,43.28055],[-93.7088,43.2805],[-93.70727,43.27897]]]}},{"type":"Feature","properties":{},"geometry":{"type":"Polygon","coordinates":[[[-93.55052,43.25683],[-93.54927,43.25658],[-93.54921,43.25724],[-93.55052,43.25683]]]}},{"type":"Feature","properties":{},"geometry":{"type":"Polygon","coordinates":[[[-93.56477,43.25275],[-93.55932,43.25107],[-93.55801,43.2529],[-93.56477,43.25275]]]}},{"type":"Feature","properties":{},"geometry":{"type":"Polygon","coordinates":[[[-93.46429,43.24482],[-93.46275,43.244],[-93.4621,43.24528],[-93.46429,43.24482]]]}},{"type":"Feature","properties":{},"geometry":{"type":"Polygon","coordinates":[[[-93.47223,43.24063],[-93.4666,43.24087],[-93.46638,43.24123],[-93.47223,43.24063]]]}},{"type":"Feature","properties":{},"geometry":{"type":"Polygon","coordinates":[[[-93.56544,43.23558],[-93.56525,43.23826],[-93.56663,43.23766],[-93.56544,43.23558]]]}},{"type":"Feature","properties":{},"geometry":{"type":"Polygon","coordinates":[[[-93.56749,43.22783],[-93.56655,43.22675],[-93.56645,43.22719],[-93.56749,43.22783]]]}},{"type":"Feature","properties":{},"geometry":{"type":"Polygon","coordinates":[[[-93.31557,43.22621],[-93.31304,43.2255],[-93.31319,43.226],[-93.31557,43.22621]]]}},{"type":"Feature","properties":{},"geometry":{"type":"Polygon","coordinates":[[[-93.31094,43.22424],[-93.309,43.22495],[-93.31166,43.22588],[-93.31094,43.22424]]]}},{"type":"Feature","properties":{},"geometry":{"type":"Polygon","coordinates":[[[-93.54021,43.20583],[-93.53952,43.2064],[-93.54074,43.20663],[-93.54021,43.20583]]]}},{"type":"Feature","properties":{},"geometry":{"type":"Polygon","coordinates":[[[-93.54024,43.20531],[-93.53902,43.20544],[-93.54024,43.20547],[-93.54024,43.20531]]]}},{"type":"Feature","properties":{},"geometry":{"type":"Polygon","coordinates":[[[-93.5359,43.20352],[-93.53458,43.20423],[-93.53599,43.20423],[-93.5359,43.20352]]]}},{"type":"Feature","properties":{},"geometry":{"type":"Polygon","coordinates":[[[-93.21868,43.1941],[-93.2164,43.19396],[-93.21877,43.1943],[-93.21868,43.1941]]]}},{"type":"Feature","properties":{},"geometry":{"type":"Polygon","coordinates":[[[-93.4774,43.18972],[-93.47077,43.18844],[-93.47108,43.19077],[-93.4774,43.18972]]]}},{"type":"Feature","properties":{},"geometry":{"type":"Polygon","coordinates":[[[-93.20551,43.18873],[-93.20229,43.19045],[-93.20317,43.19143],[-93.20551,43.18873]]]}},{"type":"Feature","properties":{},"geometry":{"type":"Polygon","coordinates":[[[-93.22017,43.1846],[-93.21517,43.1884],[-93.22027,43.18883],[-93.22017,43.1846]]]}},{"type":"Feature","properties":{},"geometry":{"type":"Polygon","coordinates":[[[-93.21267,43.18763],[-93.21167,43.18722],[-93.21161,43.18745],[-93.21267,43.18763]]]}},{"type":"Feature","properties":{},"geometry":{"type":"Polygon","coordinates":[[[-93.22235,43.17984],[-93.22122,43.18133],[-93.2225,43.18],[-93.22235,43.17984]]]}},{"type":"Feature","properties":{},"geometry":{"type":"Polygon","coordinates":[[[-93.20384,43.17862],[-93.20162,43.17922],[-93.20497,43.17949],[-93.20384,43.17862]]]}},{"type":"Feature","properties":{},"geometry":{"type":"Polygon","coordinates":[[[-93.21314,43.16945],[-93.21306,43.1742],[-93.21724,43.17363],[-93.21314,43.16945]]]}},{"type":"Feature","properties":{},"geometry":{"type":"Polygon","coordinates":[[[-93.13065,43.16038],[-93.13199,43.15894],[-93.12918,43.1599],[-93.13065,43.16038]]]}},{"type":"Feature","properties":{},"geometry":{"type":"Polygon","coordinates":[[[-93.23346,43.15502],[-93.23039,43.15248],[-93.23003,43.1569],[-93.23346,43.15502]]]}},{"type":"Feature","properties":{},"geometry":{"type":"Polygon","coordinates":[[[-93.22899,43.15379],[-93.22702,43.15603],[-93.22809,43.15644],[-93.22899,43.15379]]]}},{"type":"Feature","properties":{},"geometry":{"type":"Polygon","coordinates":[[[-93.22293,43.15535],[-93.22378,43.15594],[-93.22358,43.1532],[-93.22293,43.15535]]]}},{"type":"Feature","properties":{},"geometry":{"type":"Polygon","coordinates":[[[-93.22062,43.15592],[-93.21878,43.15565],[-93.21846,43.15595],[-93.22062,43.15592]]]}},{"type":"Feature","properties":{},"geometry":{"type":"Polygon","coordinates":[[[-93.35869,43.1542],[-93.35663,43.15472],[-93.35828,43.15484],[-93.35869,43.1542]]]}},{"type":"Feature","properties":{},"geometry":{"type":"Polygon","coordinates":[[[-93.2257,43.15025],[-93.22477,43.15025],[-93.22386,43.15132],[-93.2257,43.15025]]]}},{"type":"Feature","properties":{},"geometry":{"type":"Polygon","coordinates":[[[-93.23272,43.14475],[-93.22829,43.14466],[-93.23263,43.14626],[-93.23272,43.14475]]]}},{"type":"Feature","properties":{},"geometry":{"type":"Polygon","coordinates":[[[-93.22363,43.14547],[-93.22245,43.14545],[-93.22379,43.14615],[-93.22363,43.14547]]]}},{"type":"Feature","properties":{},"geometry":{"type":"Polygon","coordinates":[[[-93.22119,43.14078],[-93.21869,43.13932],[-93.21879,43.14147],[-93.22119,43.14078]]]}},{"type":"Feature","properties":{},"geometry":{"type":"MultiPolygon","coordinates":[[[[-93.40195,43.14063],[-93.47706,43.11973],[-93.45138,43.11021],[-93.41621,43.11959],[-93.40175,43.10921],[-93.3823,43.13194],[-93.40195,43.14063]]],[[[-93.41824,43.12112],[-93.41683,43.12066],[-93.41702,43.12201],[-93.41824,43.12112]]]]}},{"type":"Feature","properties":{},"geometry":{"type":"Polygon","coordinates":[[[-93.35173,43.14066],[-93.35004,43.13986],[-93.35004,43.14084],[-93.35173,43.14066]]]}},{"type":"Feature","properties":{},"geometry":{"type":"Polygon","coordinates":[[[-93.2244,43.13785],[-93.22256,43.13879],[-93.22447,43.13844],[-93.2244,43.13785]]]}},{"type":"Feature","properties":{},"geometry":{"type":"Polygon","coordinates":[[[-93.22237,43.13806],[-93.22181,43.13797],[-93.22184,43.13856],[-93.22237,43.13806]]]}},{"type":"Feature","properties":{},"geometry":{"type":"Polygon","coordinates":[[[-93.35916,43.13325],[-93.35716,43.13112],[-93.35788,43.13327],[-93.35916,43.13325]]]}},{"type":"Feature","properties":{},"geometry":{"type":"Polygon","coordinates":[[[-93.47788,43.12215],[-93.50517,43.11752],[-93.49312,43.11228],[-93.49485,43.11749],[-93.47788,43.12215]]]}},{"type":"Feature","properties":{},"geometry":{"type":"Polygon","coordinates":[[[-93.29912,43.11934],[-93.29581,43.11973],[-93.29603,43.12153],[-93.29912,43.11934]]]}},{"type":"Feature","properties":{},"geometry":{"type":"Polygon","coordinates":[[[-93.51104,43.11659],[-93.50782,43.12061],[-93.51076,43.12029],[-93.51104,43.11659]]]}},{"type":"Feature","properties":{},"geometry":{"type":"Polygon","coordinates":[[[-93.17707,43.12048],[-93.17788,43.12132],[-93.17951,43.11988],[-93.17707,43.12048]]]}},{"type":"Feature","properties":{},"geometry":{"type":"Polygon","coordinates":[[[-93.12121,43.12012],[-93.11912,43.11955],[-93.1189,43.12003],[-93.12121,43.12012]]]}},{"type":"Feature","properties":{},"geometry":{"type":"Polygon","coordinates":[[[-93.48795,43.11613],[-93.48714,43.11489],[-93.48701,43.11503],[-93.48795,43.11613]]]}},{"type":"Feature","properties":{},"geometry":{"type":"Polygon","coordinates":[[[-93.497,43.11225],[-93.49853,43.11221],[-93.49724,43.11173],[-93.497,43.11225]]]}},{"type":"Feature","properties":{},"geometry":{"type":"Polygon","coordinates":[[[-93.40462,43.10875],[-93.40356,43.10804],[-93.40406,43.10882],[-93.40462,43.10875]]]}},{"type":"Feature","properties":{},"geometry":{"type":"Polygon","coordinates":[[[-93.19132,43.10128],[-93.18898,43.10277],[-93.1902,43.10412],[-93.19132,43.10128]]]}},{"type":"Feature","properties":{},"geometry":{"type":"Polygon","coordinates":[[[-93.18795,43.10279],[-93.18405,43.10378],[-93.18808,43.10391],[-93.18795,43.10279]]]}},{"type":"Feature","properties":{},"geometry":{"type":"Polygon","coordinates":[[[-93.32417,43.07853],[-93.3222,43.07839],[-93.3237,43.0794],[-93.32417,43.07853]]]}},{"type":"Feature","properties":{},"geometry":{"type":"Polygon","coordinates":[[[-93.32426,43.07626],[-93.32158,43.0748],[-93.32273,43.0772],[-93.32426,43.07626]]]}},{"type":"Feature","properties":{},"geometry":{"type":"Polygon","coordinates":[[[-93.75911,43.25596],[-93.75704,43.25728],[-93.75942,43.25662],[-93.75911,43.25596]]]}},{"type":"Feature","properties":{},"geometry":{"type":"Polygon","coordinates":[[[-93.78465,43.22989],[-93.79628,43.23449],[-93.80408,43.22956],[-93.78465,43.22989]]]}},{"type":"Feature","properties":{},"geometry":{"type":"Polygon","coordinates":[[[-93.8482,43.18761],[-93.84785,43.18843],[-93.84873,43.18773],[-93.8482,43.18761]]]}},{"type":"Feature","properties":{},"geometry":{"type":"Polygon","coordinates":[[[-93.74202,43.13445],[-93.7405,43.12427],[-93.72671,43.11369],[-93.72897,43.13524],[-93.74202,43.13445]]]}},{"type":"Feature","properties":{},"geometry":{"type":"Polygon","coordinates":[[[-93.72097,43.13151],[-93.72843,43.12863],[-93.72261,43.12676],[-93.72097,43.13151]]]}},{"type":"Feature","properties":{},"geometry":{"type":"Polygon","coordinates":[[[-93.63436,43.0607],[-93.63654,43.05983],[-93.63548,43.05921],[-93.63436,43.0607]]]}},{"type":"Feature","properties":{},"geometry":{"type":"Polygon","coordinates":[[[-93.63894,43.05631],[-93.63738,43.05715],[-93.63617,43.05859],[-93.63894,43.05631]]]}},{"type":"Feature","properties":{},"geometry":{"type":"Polygon","coordinates":[[[-93.49601,43.05656],[-93.49738,43.05585],[-93.49585,43.05562],[-93.49601,43.05656]]]}},{"type":"Feature","properties":{},"geometry":{"type":"Polygon","coordinates":[[[-93.63542,43.05267],[-93.63411,43.05105],[-93.63383,43.05269],[-93.63542,43.05267]]]}},{"type":"Feature","properties":{},"geometry":{"type":"Polygon","coordinates":[[[-93.64041,43.04739],[-93.63822,43.0464],[-93.63847,43.04798],[-93.64041,43.04739]]]}},{"type":"Feature","properties":{},"geometry":{"type":"Polygon","coordinates":[[[-93.64081,43.0448],[-93.63881,43.04343],[-93.63835,43.04574],[-93.64081,43.0448]]]}},{"type":"Feature","properties":{},"geometry":{"type":"Polygon","coordinates":[[[-93.47388,43.04542],[-93.47304,43.04405],[-93.47185,43.04492],[-93.47388,43.04542]]]}},{"type":"Feature","properties":{},"geometry":{"type":"Polygon","coordinates":[[[-93.60407,42.99116],[-93.60235,42.99014],[-93.60185,42.99107],[-93.60407,42.99116]]]}},{"type":"Feature","properties":{},"geometry":{"type":"Polygon","coordinates":[[[-93.50373,42.96071],[-93.50121,42.96146],[-93.50411,42.96107],[-93.50373,42.96071]]]}},{"type":"Feature","properties":{},"geometry":{"type":"Polygon","coordinates":[[[-93.56591,42.94189],[-93.56006,42.93964],[-93.56442,42.94321],[-93.56591,42.94189]]]}},{"type":"Feature","properties":{},"geometry":{"type":"Polygon","coordinates":[[[-93.7146,42.93935],[-93.71391,42.93434],[-93.71024,42.93704],[-93.7146,42.93935]]]}},{"type":"Feature","properties":{},"geometry":{"type":"Polygon","coordinates":[[[-93.68517,42.90113],[-93.68399,42.90293],[-93.68608,42.90337],[-93.68517,42.90113]]]}},{"type":"Feature","properties":{},"geometry":{"type":"Polygon","coordinates":[[[-93.69633,42.83756],[-93.68955,42.83999],[-93.70143,42.84124],[-93.69633,42.83756]]]}},{"type":"Feature","properties":{},"geometry":{"type":"Polygon","coordinates":[[[-93.58773,42.74413],[-93.58646,42.74497],[-93.58916,42.7449],[-93.58773,42.74413]]]}},{"type":"Feature","properties":{},"geometry":{"type":"Polygon","coordinates":[[[-93.57831,42.73447],[-93.57669,42.73376],[-93.57654,42.73447],[-93.57831,42.73447]]]}},{"type":"Feature","properties":{},"geometry":{"type":"Polygon","coordinates":[[[-93.56721,42.72397],[-93.56398,42.72243],[-93.56708,42.72433],[-93.56721,42.72397]]]}},{"type":"Feature","properties":{},"geometry":{"type":"Polygon","coordinates":[[[-93.56352,42.71994],[-93.56147,42.71925],[-93.56098,42.72005],[-93.56352,42.71994]]]}},{"type":"Feature","properties":{},"geometry":{"type":"Polygon","coordinates":[[[-93.55593,42.71296],[-93.55447,42.71357],[-93.55689,42.71479],[-93.55593,42.71296]]]}},{"type":"Feature","properties":{},"geometry":{"type":"Polygon","coordinates":[[[-93.53436,42.69874],[-93.53656,42.69865],[-93.53138,42.69693],[-93.53436,42.69874]]]}},{"type":"Feature","properties":{},"geometry":{"type":"Polygon","coordinates":[[[-93.52523,42.68862],[-93.52318,42.68903],[-93.52588,42.68947],[-93.52523,42.68862]]]}},{"type":"Feature","properties":{},"geometry":{"type":"Polygon","coordinates":[[[-93.49544,42.68407],[-93.49172,42.68412],[-93.49576,42.68535],[-93.49544,42.68407]]]}},{"type":"Feature","properties":{},"geometry":{"type":"Polygon","coordinates":[[[-93.50915,42.67731],[-93.50661,42.67719],[-93.50937,42.67811],[-93.50915,42.67731]]]}},{"type":"Feature","properties":{},"geometry":{"type":"Polygon","coordinates":[[[-93.50522,42.6771],[-93.50255,42.67721],[-93.50528,42.67758],[-93.50522,42.6771]]]}},{"type":"Feature","properties":{},"geometry":{"type":"Polygon","coordinates":[[[-93.4973,42.66694],[-93.49532,42.66781],[-93.49743,42.66829],[-93.4973,42.66694]]]}},{"type":"Feature","properties":{},"geometry":{"type":"Polygon","coordinates":[[[-93.49466,42.66303],[-93.49141,42.66617],[-93.49479,42.66586],[-93.49466,42.66303]]]}},{"type":"Feature","properties":{},"geometry":{"type":"Polygon","coordinates":[[[-93.49714,42.66447],[-93.49584,42.66582],[-93.49779,42.66566],[-93.49714,42.66447]]]}},{"type":"Feature","properties":{},"geometry":{"type":"Polygon","coordinates":[[[-93.4836,42.66402],[-93.48242,42.663],[-93.48007,42.6654],[-93.4836,42.66402]]]}},{"type":"Feature","properties":{},"geometry":{"type":"Polygon","coordinates":[[[-93.50404,42.64462],[-93.50417,42.64263],[-93.5007,42.64253],[-93.50404,42.64462]]]}},{"type":"Feature","properties":{},"geometry":{"type":"Polygon","coordinates":[[[-93.49521,42.59326],[-93.49217,42.59308],[-93.494,42.59461],[-93.49521,42.59326]]]}},{"type":"Feature","properties":{},"geometry":{"type":"Polygon","coordinates":[[[-93.48192,42.58868],[-93.48012,42.58756],[-93.47984,42.58857],[-93.48192,42.58868]]]}},{"type":"Feature","properties":{},"geometry":{"type":"Polygon","coordinates":[[[-93.44254,42.58542],[-93.44071,42.58647],[-93.44319,42.58626],[-93.44254,42.58542]]]}},{"type":"Feature","properties":{},"geometry":{"type":"Polygon","coordinates":[[[-93.3254,42.51216],[-93.32308,42.51287],[-93.32543,42.51246],[-93.3254,42.51216]]]}},{"type":"Feature","properties":{},"geometry":{"type":"Polygon","coordinates":[[[-93.23879,42.50726],[-93.23781,42.51006],[-93.23871,42.51049],[-93.23879,42.50726]]]}},{"type":"Feature","properties":{},"geometry":{"type":"Polygon","coordinates":[[[-93.30714,42.50469],[-93.30411,42.50439],[-93.30497,42.50616],[-93.30714,42.50469]]]}},{"type":"Feature","properties":{},"geometry":{"type":"Polygon","coordinates":[[[-93.36792,42.50494],[-93.36498,42.50638],[-93.36792,42.50641],[-93.36792,42.50494]]]}},{"type":"Feature","properties":{},"geometry":{"type":"Polygon","coordinates":[[[-93.64912,42.49281],[-93.64723,42.49327],[-93.64943,42.49363],[-93.64912,42.49281]]]}},{"type":"Feature","properties":{},"geometry":{"type":"Polygon","coordinates":[[[-93.3954,42.49144],[-93.39552,42.49218],[-93.3962,42.49215],[-93.3954,42.49144]]]}},{"type":"Feature","properties":{},"geometry":{"type":"Polygon","coordinates":[[[-93.32342,42.4854],[-93.32546,42.48645],[-93.32574,42.4851],[-93.32342,42.4854]]]}},{"type":"Feature","properties":{},"geometry":{"type":"Polygon","coordinates":[[[-93.31792,42.48512],[-93.31687,42.48551],[-93.3164,42.4867],[-93.31792,42.48512]]]}},{"type":"Feature","properties":{},"geometry":{"type":"Polygon","coordinates":[[[-93.14066,42.47971],[-93.1393,42.47976],[-93.14125,42.48115],[-93.14066,42.47971]]]}},{"type":"Feature","properties":{},"geometry":{"type":"Polygon","coordinates":[[[-93.13284,42.4801],[-93.13114,42.48035],[-93.13321,42.48047],[-93.13284,42.4801]]]}},{"type":"Feature","properties":{},"geometry":{"type":"Polygon","coordinates":[[[-93.19217,42.47688],[-93.19128,42.47674],[-93.19149,42.47729],[-93.19217,42.47688]]]}},{"type":"Feature","properties":{},"geometry":{"type":"Polygon","coordinates":[[[-93.12654,42.47672],[-93.12521,42.47663],[-93.12657,42.47697],[-93.12654,42.47672]]]}},{"type":"Feature","properties":{},"geometry":{"type":"Polygon","coordinates":[[[-93.12688,42.47514],[-93.12719,42.47617],[-93.12836,42.47644],[-93.12688,42.47514]]]}},{"type":"Feature","properties":{},"geometry":{"type":"Polygon","coordinates":[[[-93.26843,42.47202],[-93.26716,42.47195],[-93.26756,42.47248],[-93.26843,42.47202]]]}},{"type":"Feature","properties":{},"geometry":{"type":"Polygon","coordinates":[[[-93.27894,42.47043],[-93.27628,42.47075],[-93.27656,42.47183],[-93.27894,42.47043]]]}},{"type":"Feature","properties":{},"geometry":{"type":"Polygon","coordinates":[[[-93.30968,42.46874],[-93.30761,42.46812],[-93.309,42.47006],[-93.30968,42.46874]]]}},{"type":"Feature","properties":{},"geometry":{"type":"Polygon","coordinates":[[[-93.31166,42.46867],[-93.3107,42.46892],[-93.31067,42.46993],[-93.31166,42.46867]]]}},{"type":"Feature","properties":{},"geometry":{"type":"Polygon","coordinates":[[[-93.45388,42.46827],[-93.45227,42.46866],[-93.45409,42.46854],[-93.45388,42.46827]]]}},{"type":"Feature","properties":{},"geometry":{"type":"Polygon","coordinates":[[[-93.38618,42.45933],[-93.38532,42.45896],[-93.3851,42.45967],[-93.38618,42.45933]]]}},{"type":"Feature","properties":{},"geometry":{"type":"Polygon","coordinates":[[[-93.38331,42.45748],[-93.38238,42.45791],[-93.38312,42.45874],[-93.38331,42.45748]]]}},{"type":"Feature","properties":{},"geometry":{"type":"Polygon","coordinates":[[[-93.27149,42.43314],[-93.27069,42.43328],[-93.27072,42.43387],[-93.27149,42.43314]]]}},{"type":"Feature","properties":{},"geometry":{"type":"Polygon","coordinates":[[[-93.27004,42.43316],[-93.27026,42.43197],[-93.2697,42.43309],[-93.27004,42.43316]]]}},{"type":"Feature","properties":{},"geometry":{"type":"Polygon","coordinates":[[[-93.12567,42.43204],[-93.12397,42.43234],[-93.1241,42.43277],[-93.12567,42.43204]]]}},{"type":"Feature","properties":{},"geometry":{"type":"Polygon","coordinates":[[[-93.06907,42.4305],[-93.06808,42.43077],[-93.06808,42.43114],[-93.06907,42.4305]]]}},{"type":"Feature","properties":{},"geometry":{"type":"Polygon","coordinates":[[[-93.12453,42.42888],[-93.12268,42.42911],[-93.12311,42.42987],[-93.12453,42.42888]]]}},{"type":"Feature","properties":{},"geometry":{"type":"Polygon","coordinates":[[[-93.06955,42.41721],[-93.06853,42.41803],[-93.07368,42.4175],[-93.06955,42.41721]]]}},{"type":"Feature","properties":{},"geometry":{"type":"Polygon","coordinates":[[[-93.34354,42.41671],[-93.34197,42.41618],[-93.34193,42.41639],[-93.34354,42.41671]]]}},{"type":"Feature","properties":{},"geometry":{"type":"Polygon","coordinates":[[[-93.24986,42.41109],[-93.24875,42.41082],[-93.24878,42.41139],[-93.24986,42.41109]]]}},{"type":"Feature","properties":{},"geometry":{"type":"Polygon","coordinates":[[[-93.29477,42.40944],[-93.29289,42.40879],[-93.2932,42.40964],[-93.29477,42.40944]]]}},{"type":"Feature","properties":{},"geometry":{"type":"Polygon","coordinates":[[[-93.27491,42.39791],[-93.27445,42.39908],[-93.27559,42.39943],[-93.27491,42.39791]]]}},{"type":"Feature","properties":{},"geometry":{"type":"Polygon","coordinates":[[[-93.03232,42.39481],[-93.03121,42.39536],[-93.03114,42.39641],[-93.03232,42.39481]]]}},{"type":"Feature","properties":{},"geometry":{"type":"Polygon","coordinates":[[[-93.03383,42.39298],[-93.03152,42.38968],[-93.03244,42.3941],[-93.03383,42.39298]]]}},{"type":"Feature","properties":{},"geometry":{"type":"Polygon","coordinates":[[[-93.2674,42.38846],[-93.26767,42.38903],[-93.26875,42.38844],[-93.2674,42.38846]]]}},{"type":"Feature","properties":{},"geometry":{"type":"Polygon","coordinates":[[[-93.26778,42.38279],[-93.2666,42.38302],[-93.26734,42.38336],[-93.26778,42.38279]]]}},{"type":"Feature","properties":{},"geometry":{"type":"Polygon","coordinates":[[[-93.26763,42.38004],[-93.26652,42.37997],[-93.26664,42.38093],[-93.26763,42.38004]]]}},{"type":"Feature","properties":{},"geometry":{"type":"Polygon","coordinates":[[[-93.51137,42.37866],[-93.51026,42.37855],[-93.51005,42.37898],[-93.51137,42.37866]]]}},{"type":"Feature","properties":{},"geometry":{"type":"Polygon","coordinates":[[[-93.50851,42.37454],[-93.50771,42.37425],[-93.50759,42.3747],[-93.50851,42.37454]]]}},{"type":"Feature","properties":{},"geometry":{"type":"MultiPolygon","coordinates":[[[[-93.26912,42.37217],[-93.26776,42.37304],[-93.26829,42.37391],[-93.2718,42.37307],[-93.26912,42.37217]]],[[[-93.269,42.37291],[-93.26866,42.37282],[-93.26875,42.37302],[-93.269,42.37291]]]]}},{"type":"Feature","properties":{},"geometry":{"type":"Polygon","coordinates":[[[-93.07813,42.37002],[-93.06931,42.36821],[-93.06694,42.3691],[-93.07813,42.37002]]]}},{"type":"Feature","properties":{},"geometry":{"type":"Polygon","coordinates":[[[-93.21555,42.36009],[-93.21463,42.35956],[-93.21348,42.35958],[-93.21555,42.36009]]]}},{"type":"Feature","properties":{},"geometry":{"type":"Polygon","coordinates":[[[-93.13459,42.35584],[-93.13335,42.356],[-93.13459,42.3561],[-93.13459,42.35584]]]}},{"type":"Feature","properties":{},"geometry":{"type":"Polygon","coordinates":[[[-93.1311,42.3553],[-93.12968,42.35518],[-93.13119,42.35578],[-93.1311,42.3553]]]}},{"type":"Feature","properties":{},"geometry":{"type":"Polygon","coordinates":[[[-93.07022,42.35023],[-93.06779,42.35272],[-93.0693,42.35329],[-93.07022,42.35023]]]}},{"type":"Feature","properties":{},"geometry":{"type":"Polygon","coordinates":[[[-93.26497,42.32633],[-93.26374,42.3263],[-93.26352,42.32688],[-93.26497,42.32633]]]}},{"type":"Feature","properties":{},"geometry":{"type":"Polygon","coordinates":[[[-93.18548,42.32598],[-93.18347,42.32611],[-93.18569,42.32659],[-93.18548,42.32598]]]}},{"type":"Feature","properties":{},"geometry":{"type":"Polygon","coordinates":[[[-93.22216,42.3077],[-93.22053,42.30701],[-93.21886,42.30628],[-93.2197,42.30763],[-93.22216,42.3077]]]}},{"type":"Feature","properties":{},"geometry":{"type":"Polygon","coordinates":[[[-93.08068,42.3029],[-93.07994,42.30153],[-93.08003,42.30295],[-93.08068,42.3029]]]}},{"type":"Feature","properties":{},"geometry":{"type":"Polygon","coordinates":[[[-93.08263,42.29313],[-93.08346,42.29304],[-93.08186,42.2922],[-93.08263,42.29313]]]}},{"type":"Feature","properties":{},"geometry":{"type":"Polygon","coordinates":[[[-93.4552,42.29229],[-93.45391,42.29286],[-93.45529,42.29298],[-93.4552,42.29229]]]}},{"type":"Feature","properties":{},"geometry":{"type":"Polygon","coordinates":[[[-93.07502,42.29009],[-93.07351,42.29123],[-93.07486,42.29242],[-93.07502,42.29009]]]}},{"type":"Feature","properties":{},"geometry":{"type":"Polygon","coordinates":[[[-93.07973,42.2903],[-93.07961,42.29096],[-93.08069,42.29135],[-93.07973,42.2903]]]}},{"type":"Feature","properties":{},"geometry":{"type":"Polygon","coordinates":[[[-93.07111,42.29022],[-93.07,42.29118],[-93.07145,42.29089],[-93.07111,42.29022]]]}},{"type":"Feature","properties":{},"geometry":{"type":"Polygon","coordinates":[[[-93.07293,42.28872],[-93.07194,42.28817],[-93.07299,42.29059],[-93.07293,42.28872]]]}},{"type":"Feature","properties":{},"geometry":{"type":"Polygon","coordinates":[[[-93.0762,42.28117],[-93.07463,42.28117],[-93.0762,42.28245],[-93.0762,42.28117]]]}},{"type":"Feature","properties":{},"geometry":{"type":"Polygon","coordinates":[[[-93.06637,42.2786],[-93.06554,42.27748],[-93.06505,42.27876],[-93.06637,42.2786]]]}},{"type":"Feature","properties":{},"geometry":{"type":"Polygon","coordinates":[[[-93.29482,42.27612],[-93.29383,42.27635],[-93.29494,42.27649],[-93.29482,42.27612]]]}},{"type":"Feature","properties":{},"geometry":{"type":"Polygon","coordinates":[[[-93.01302,42.26319],[-93.01191,42.26351],[-93.01329,42.26367],[-93.01302,42.26319]]]}},{"type":"Feature","properties":{},"geometry":{"type":"Polygon","coordinates":[[[-93.08832,42.25564],[-93.08663,42.25537],[-93.08656,42.25569],[-93.08832,42.25564]]]}},{"type":"Feature","properties":{},"geometry":{"type":"Polygon","coordinates":[[[-93.02754,42.23574],[-93.0259,42.23606],[-93.02627,42.23654],[-93.02754,42.23574]]]}},{"type":"Feature","properties":{},"geometry":{"type":"Polygon","coordinates":[[[-93.02672,42.22449],[-93.02441,42.2241],[-93.02635,42.22554],[-93.02672,42.22449]]]}},{"type":"Feature","properties":{},"geometry":{"type":"Polygon","coordinates":[[[-93.02049,42.21362],[-93.01978,42.21531],[-93.02086,42.21542],[-93.02049,42.21362]]]}},{"type":"Feature","properties":{},"geometry":{"type":"Polygon","coordinates":[[[-93.04696,42.21382],[-93.04548,42.21405],[-93.04693,42.21405],[-93.04696,42.21382]]]}},{"type":"Feature","properties":{},"geometry":{"type":"Polygon","coordinates":[[[-93.20966,42.19682],[-93.20686,42.19611],[-93.2064,42.1968],[-93.20966,42.19682]]]}},{"type":"Feature","properties":{},"geometry":{"type":"Polygon","coordinates":[[[-93.04198,42.18355],[-93.04121,42.18371],[-93.04143,42.18396],[-93.04198,42.18355]]]}},{"type":"Feature","properties":{},"geometry":{"type":"Polygon","coordinates":[[[-93.04057,42.18204],[-93.03888,42.18181],[-93.03983,42.18341],[-93.04057,42.18204]]]}},{"type":"Feature","properties":{},"geometry":{"type":"Polygon","coordinates":[[[-93.14833,42.16445],[-93.14753,42.16411],[-93.14756,42.16466],[-93.14833,42.16445]]]}},{"type":"Feature","properties":{},"geometry":{"type":"Polygon","coordinates":[[[-93.05111,42.15961],[-93.04865,42.15912],[-93.05059,42.16006],[-93.04966,42.16187],[-93.05111,42.15961]]]}},{"type":"Feature","properties":{},"geometry":{"type":"Polygon","coordinates":[[[-93.16087,42.14107],[-93.15982,42.14139],[-93.16077,42.14176],[-93.16087,42.14107]]]}},{"type":"Feature","properties":{},"geometry":{"type":"Polygon","coordinates":[[[-93.06245,42.13502],[-93.06199,42.13557],[-93.06263,42.1355],[-93.06245,42.13502]]]}},{"type":"Feature","properties":{},"geometry":{"type":"Polygon","coordinates":[[[-93.05409,42.1309],[-93.05668,42.13115],[-93.05367,42.13049],[-93.05409,42.1309]]]}},{"type":"Feature","properties":{},"geometry":{"type":"Polygon","coordinates":[[[-93.1737,42.1208],[-93.17278,42.12139],[-93.17373,42.12144],[-93.1737,42.1208]]]}},{"type":"Feature","properties":{},"geometry":{"type":"Polygon","coordinates":[[[-93.13093,42.11941],[-93.1301,42.12079],[-93.13096,42.12131],[-93.13093,42.11941]]]}},{"type":"Feature","properties":{},"geometry":{"type":"Polygon","coordinates":[[[-93.1466,42.11781],[-93.14518,42.11859],[-93.14653,42.11847],[-93.1466,42.11781]]]}},{"type":"Feature","properties":{},"geometry":{"type":"Polygon","coordinates":[[[-93.13344,42.11834],[-93.13268,42.11841],[-93.13329,42.11873],[-93.13344,42.11834]]]}},{"type":"Feature","properties":{},"geometry":{"type":"Polygon","coordinates":[[[-93.17978,42.11826],[-93.17861,42.11755],[-93.17861,42.11796],[-93.17978,42.11826]]]}},{"type":"Feature","properties":{},"geometry":{"type":"Polygon","coordinates":[[[-93.13427,42.11738],[-93.13391,42.11806],[-93.13418,42.11802],[-93.13427,42.11738]]]}},{"type":"Feature","properties":{},"geometry":{"type":"Polygon","coordinates":[[[-93.19053,42.11621],[-93.18982,42.11567],[-93.18992,42.11651],[-93.19053,42.11621]]]}},{"type":"Feature","properties":{},"geometry":{"type":"Polygon","coordinates":[[[-93.07585,42.29013],[-93.08005,42.28641],[-93.07296,42.28124],[-93.0778,42.2851],[-93.07585,42.29013]]]}},{"type":"Feature","properties":{},"geometry":{"type":"Polygon","coordinates":[[[-93.05127,42.2353],[-93.05441,42.23716],[-93.05115,42.23501],[-93.05127,42.2353]]]}},{"type":"Feature","properties":{},"geometry":{"type":"Polygon","coordinates":[[[-93.18496,42.6238],[-93.18573,42.62481],[-93.18647,42.62339],[-93.18496,42.6238]]]}},{"type":"Feature","properties":{},"geometry":{"type":"Polygon","coordinates":[[[-93.21013,42.59183],[-93.20799,42.59039],[-93.20777,42.59078],[-93.21013,42.59183]]]}},{"type":"Feature","properties":{},"geometry":{"type":"Polygon","coordinates":[[[-93.01356,42.56569],[-93.01139,42.56509],[-93.01071,42.5663],[-93.01356,42.56569]]]}},{"type":"Feature","properties":{},"geometry":{"type":"Polygon","coordinates":[[[-93.70285,42.10502],[-93.70227,42.10598],[-93.70334,42.10566],[-93.70285,42.10502]]]}},{"type":"Feature","properties":{},"geometry":{"type":"Polygon","coordinates":[[[-93.37316,42.10457],[-93.37156,42.10429],[-93.37325,42.10479],[-93.37316,42.10457]]]}},{"type":"Feature","properties":{},"geometry":{"type":"Polygon","coordinates":[[[-93.597,42.08594],[-93.59473,42.08644],[-93.59697,42.08642],[-93.597,42.08594]]]}},{"type":"Feature","properties":{},"geometry":{"type":"Polygon","coordinates":[[[-93.59442,42.08548],[-93.59405,42.08422],[-93.59421,42.08548],[-93.59442,42.08548]]]}},{"type":"Feature","properties":{},"geometry":{"type":"Polygon","coordinates":[[[-93.59746,42.08226],[-93.59651,42.08471],[-93.59715,42.085],[-93.59746,42.08226]]]}},{"type":"Feature","properties":{},"geometry":{"type":"Polygon","coordinates":[[[-93.62691,42.07],[-93.624,42.06856],[-93.62378,42.06966],[-93.62691,42.07]]]}},{"type":"Feature","properties":{},"geometry":{"type":"Polygon","coordinates":[[[-93.63044,42.06943],[-93.62995,42.06728],[-93.63007,42.06963],[-93.63044,42.06943]]]}},{"type":"Feature","properties":{},"geometry":{"type":"Polygon","coordinates":[[[-93.62731,42.06465],[-93.62418,42.06746],[-93.62771,42.06693],[-93.62731,42.06465]]]}},{"type":"Feature","properties":{},"geometry":{"type":"Polygon","coordinates":[[[-93.63032,42.06533],[-93.62878,42.06606],[-93.63026,42.06588],[-93.63032,42.06533]]]}},{"type":"Feature","properties":{},"geometry":{"type":"Polygon","coordinates":[[[-93.60291,42.06133],[-93.60248,42.06009],[-93.60174,42.06142],[-93.60291,42.06133]]]}},{"type":"Feature","properties":{},"geometry":{"type":"Polygon","coordinates":[[[-93.56639,42.04459],[-93.567,42.04338],[-93.56525,42.04349],[-93.56639,42.04459]]]}},{"type":"Feature","properties":{},"geometry":{"type":"Polygon","coordinates":[[[-93.41023,42.03904],[-93.40934,42.03822],[-93.40879,42.03893],[-93.41023,42.03904]]]}},{"type":"Feature","properties":{},"geometry":{"type":"Polygon","coordinates":[[[-93.46755,42.03757],[-93.46614,42.03734],[-93.46752,42.03773],[-93.46755,42.03757]]]}},{"type":"Feature","properties":{},"geometry":{"type":"Polygon","coordinates":[[[-93.26319,42.02666],[-93.26399,42.02854],[-93.26433,42.02618],[-93.26319,42.02666]]]}},{"type":"Feature","properties":{},"geometry":{"type":"Polygon","coordinates":[[[-93.68769,42.02514],[-93.68662,42.0259],[-93.68738,42.02599],[-93.68769,42.02514]]]}},{"type":"Feature","properties":{},"geometry":{"type":"Polygon","coordinates":[[[-93.59887,42.02523],[-93.59546,42.02477],[-93.59427,42.02591],[-93.59887,42.02523]]]}},{"type":"Feature","properties":{},"geometry":{"type":"Polygon","coordinates":[[[-93.25767,42.02577],[-93.25611,42.02565],[-93.2577,42.02613],[-93.25767,42.02577]]]}},{"type":"Feature","properties":{},"geometry":{"type":"Polygon","coordinates":[[[-93.64707,42.02303],[-93.64747,42.02374],[-93.64918,42.02326],[-93.64707,42.02303]]]}},{"type":"Feature","properties":{},"geometry":{"type":"Polygon","coordinates":[[[-93.25939,42.0241],[-93.25792,42.02405],[-93.25813,42.0246],[-93.25939,42.0241]]]}},{"type":"Feature","properties":{},"geometry":{"type":"Polygon","coordinates":[[[-93.72119,42.02164],[-93.71932,42.02245],[-93.72101,42.02247],[-93.72119,42.02164]]]}},{"type":"Feature","properties":{},"geometry":{"type":"Polygon","coordinates":[[[-93.26599,42.02282],[-93.26157,42.02444],[-93.26599,42.02305],[-93.26599,42.02282]]]}},{"type":"Feature","properties":{},"geometry":{"type":"Polygon","coordinates":[[[-93.72254,42.02199],[-93.72165,42.02258],[-93.72279,42.02224],[-93.72254,42.02199]]]}},{"type":"Feature","properties":{},"geometry":{"type":"Polygon","coordinates":[[[-93.4663,42.01968],[-93.46526,42.01929],[-93.46526,42.01964],[-93.4663,42.01968]]]}},{"type":"Feature","properties":{},"geometry":{"type":"Polygon","coordinates":[[[-93.25753,42.01835],[-93.25704,42.01746],[-93.25609,42.01799],[-93.25753,42.01835]]]}},{"type":"Feature","properties":{},"geometry":{"type":"Polygon","coordinates":[[[-93.26858,42.01576],[-93.26545,42.01502],[-93.2649,42.01765],[-93.26858,42.01576]]]}},{"type":"Feature","properties":{},"geometry":{"type":"Polygon","coordinates":[[[-93.45823,42.01459],[-93.45761,42.01431],[-93.45737,42.01472],[-93.45823,42.01459]]]}},{"type":"Feature","properties":{},"geometry":{"type":"Polygon","coordinates":[[[-93.39834,42.01207],[-93.39574,42.01063],[-93.39626,42.01191],[-93.39834,42.01207]]]}},{"type":"Feature","properties":{},"geometry":{"type":"Polygon","coordinates":[[[-93.27239,42.01219],[-93.2719,42.01114],[-93.27181,42.01228],[-93.27239,42.01219]]]}},{"type":"Feature","properties":{},"geometry":{"type":"Polygon","coordinates":[[[-93.25964,42.00815],[-93.25712,42.00822],[-93.25902,42.00895],[-93.25964,42.00815]]]}},{"type":"Feature","properties":{},"geometry":{"type":"Polygon","coordinates":[[[-93.34077,42.00729],[-93.33945,42.00738],[-93.33945,42.00761],[-93.34077,42.00729]]]}},{"type":"Feature","properties":{},"geometry":{"type":"Polygon","coordinates":[[[-93.34353,42.00493],[-93.34267,42.00512],[-93.34169,42.00665],[-93.34353,42.00493]]]}},{"type":"Feature","properties":{},"geometry":{"type":"Polygon","coordinates":[[[-93.45208,42.00164],[-93.4572,42.00296],[-93.45849,42.0042],[-93.45744,42.00242],[-93.45208,42.00164]]]}},{"type":"Feature","properties":{},"geometry":{"type":"Polygon","coordinates":[[[-93.38377,42.00363],[-93.38285,42.00418],[-93.38347,42.00434],[-93.38377,42.00363]]]}},{"type":"Feature","properties":{},"geometry":{"type":"Polygon","coordinates":[[[-93.59986,42.00256],[-93.59912,42.00299],[-93.59949,42.00324],[-93.59986,42.00256]]]}},{"type":"Feature","properties":{},"geometry":{"type":"Polygon","coordinates":[[[-93.59995,42.00151],[-93.59925,42.00196],[-93.59958,42.0021],[-93.59995,42.00151]]]}},{"type":"Feature","properties":{},"geometry":{"type":"Polygon","coordinates":[[[-93.34808,41.98644],[-93.35995,41.99201],[-93.36519,41.99023],[-93.35661,41.98469],[-93.34808,41.98644]]]}},{"type":"Feature","properties":{},"geometry":{"type":"Polygon","coordinates":[[[-93.39586,41.98963],[-93.39509,41.98961],[-93.39438,41.9905],[-93.39586,41.98963]]]}},{"type":"Feature","properties":{},"geometry":{"type":"Polygon","coordinates":[[[-93.34462,41.98105],[-93.34407,41.98158],[-93.34403,41.9854],[-93.34704,41.98629],[-93.34462,41.98105]]]}},{"type":"Feature","properties":{},"geometry":{"type":"Polygon","coordinates":[[[-93.3529,41.98256],[-93.35216,41.98343],[-93.3525,41.98352],[-93.3529,41.98256]]]}},{"type":"Feature","properties":{},"geometry":{"type":"Polygon","coordinates":[[[-93.37209,41.96765],[-93.37243,41.96843],[-93.37344,41.96699],[-93.37209,41.96765]]]}},{"type":"Feature","properties":{},"geometry":{"type":"Polygon","coordinates":[[[-93.72215,41.96671],[-93.72044,41.9657],[-93.72022,41.96619],[-93.72215,41.96671]]]}},{"type":"Feature","properties":{},"geometry":{"type":"Polygon","coordinates":[[[-93.45671,41.9565],[-93.45567,41.95746],[-93.45656,41.95783],[-93.45671,41.9565]]]}},{"type":"Feature","properties":{},"geometry":{"type":"Polygon","coordinates":[[[-93.5173,41.94639],[-93.51739,41.94765],[-93.51831,41.94676],[-93.5173,41.94639]]]}},{"type":"Feature","properties":{},"geometry":{"type":"Polygon","coordinates":[[[-93.52886,41.94173],[-93.52907,41.94311],[-93.52953,41.94215],[-93.52886,41.94173]]]}},{"type":"Feature","properties":{},"geometry":{"type":"Polygon","coordinates":[[[-93.46279,41.94254],[-93.45884,41.94158],[-93.45832,41.94241],[-93.46279,41.94254]]]}},{"type":"Feature","properties":{},"geometry":{"type":"Polygon","coordinates":[[[-93.23233,41.93939],[-93.24189,41.93963],[-93.24608,41.93446],[-93.23667,41.93527],[-93.23233,41.93939]]]}},{"type":"Feature","properties":{},"geometry":{"type":"Polygon","coordinates":[[[-93.23009,41.93926],[-93.23113,41.93749],[-93.22623,41.93681],[-93.23009,41.93926]]]}},{"type":"Feature","properties":{},"geometry":{"type":"Polygon","coordinates":[[[-93.21166,41.92564],[-93.21025,41.92607],[-93.21172,41.92646],[-93.21166,41.92564]]]}},{"type":"Feature","properties":{},"geometry":{"type":"Polygon","coordinates":[[[-93.43474,41.92339],[-93.43339,41.92314],[-93.43391,41.92375],[-93.43474,41.92339]]]}},{"type":"Feature","properties":{},"geometry":{"type":"Polygon","coordinates":[[[-93.18837,41.91977],[-93.18693,41.9203],[-93.18886,41.92025],[-93.18837,41.91977]]]}},{"type":"Feature","properties":{},"geometry":{"type":"Polygon","coordinates":[[[-93.4241,41.919],[-93.42334,41.91809],[-93.42322,41.919],[-93.4241,41.919]]]}},{"type":"Feature","properties":{},"geometry":{"type":"Polygon","coordinates":[[[-93.40027,41.91169],[-93.39908,41.91167],[-93.39981,41.91302],[-93.40027,41.91169]]]}},{"type":"Feature","properties":{},"geometry":{"type":"Polygon","coordinates":[[[-93.40021,41.90974],[-93.39947,41.90885],[-93.39831,41.91011],[-93.40021,41.90974]]]}},{"type":"Feature","properties":{},"geometry":{"type":"Polygon","coordinates":[[[-93.23407,41.88419],[-93.23373,41.88233],[-93.23269,41.88302],[-93.23407,41.88419]]]}},{"type":"Feature","properties":{},"geometry":{"type":"Polygon","coordinates":[[[-91.32296,41.21659],[-91.32463,41.21579],[-91.32299,41.21593],[-91.32296,41.21659]]]}},{"type":"Feature","properties":{},"geometry":{"type":"Polygon","coordinates":[[[-91.19757,41.20627],[-91.19708,41.20746],[-91.20559,41.20754],[-91.19757,41.20627]]]}},{"type":"Feature","properties":{},"geometry":{"type":"Polygon","coordinates":[[[-91.89368,41.27795],[-91.89183,41.27628],[-91.89204,41.27807],[-91.89368,41.27795]]]}},{"type":"Feature","properties":{},"geometry":{"type":"Polygon","coordinates":[[[-91.9012,41.27395],[-91.89947,41.27326],[-91.89905,41.27418],[-91.9012,41.27395]]]}},{"type":"Feature","properties":{},"geometry":{"type":"Polygon","coordinates":[[[-91.87112,41.26903],[-91.86973,41.26798],[-91.8693,41.26992],[-91.87112,41.26903]]]}},{"type":"Feature","properties":{},"geometry":{"type":"Polygon","coordinates":[[[-91.67083,41.25805],[-91.67126,41.26015],[-91.67229,41.25805],[-91.67083,41.25805]]]}},{"type":"Feature","properties":{},"geometry":{"type":"Polygon","coordinates":[[[-91.65022,41.25467],[-91.64797,41.25442],[-91.64825,41.25584],[-91.65022,41.25467]]]}},{"type":"Feature","properties":{},"geometry":{"type":"Polygon","coordinates":[[[-91.91857,41.23817],[-91.91751,41.23879],[-91.91715,41.24126],[-91.92009,41.24211],[-91.91857,41.23817]]]}},{"type":"Feature","properties":{},"geometry":{"type":"Polygon","coordinates":[[[-91.84356,41.23671],[-91.84129,41.23579],[-91.84108,41.23641],[-91.84356,41.23671]]]}},{"type":"Feature","properties":{},"geometry":{"type":"Polygon","coordinates":[[[-91.88257,41.23287],[-91.88217,41.23347],[-91.88508,41.23548],[-91.88257,41.23287]]]}},{"type":"Feature","properties":{},"geometry":{"type":"Polygon","coordinates":[[[-91.6345,41.22065],[-91.63201,41.22022],[-91.63298,41.22145],[-91.6345,41.22065]]]}},{"type":"Feature","properties":{},"geometry":{"type":"Polygon","coordinates":[[[-92.5479,43.37529],[-92.54521,43.37355],[-92.5401,43.37346],[-92.53938,43.37462],[-92.5479,43.37529]]]}},{"type":"Feature","properties":{},"geometry":{"type":"Polygon","coordinates":[[[-92.56301,43.34761],[-92.56295,43.34612],[-92.56185,43.34733],[-92.56301,43.34761]]]}},{"type":"Feature","properties":{},"geometry":{"type":"Polygon","coordinates":[[[-92.46827,43.29135],[-92.4733,43.28745],[-92.46804,43.28476],[-92.46827,43.29135]]]}},{"type":"Feature","properties":{},"geometry":{"type":"Polygon","coordinates":[[[-92.553,43.2821],[-92.55094,43.28072],[-92.55037,43.28129],[-92.553,43.2821]]]}},{"type":"Feature","properties":{},"geometry":{"type":"Polygon","coordinates":[[[-92.3832,43.03988],[-92.38205,43.03864],[-92.38177,43.0402],[-92.3832,43.03988]]]}},{"type":"Feature","properties":{},"geometry":{"type":"Polygon","coordinates":[[[-92.38124,43.03153],[-92.37793,43.02984],[-92.37737,43.03061],[-92.38124,43.03153]]]}},{"type":"Feature","properties":{},"geometry":{"type":"Polygon","coordinates":[[[-92.37316,43.00891],[-92.37619,43.01119],[-92.37581,43.00985],[-92.37316,43.00891]]]}},{"type":"Feature","properties":{},"geometry":{"type":"Polygon","coordinates":[[[-92.68888,43.0797],[-92.70152,43.0823],[-92.69318,43.07343],[-92.68678,43.07231],[-92.68628,43.06815],[-92.6806,43.06619],[-92.68457,43.07254],[-92.69218,43.07389],[-92.68888,43.0797]]]}},{"type":"Feature","properties":{},"geometry":{"type":"Polygon","coordinates":[[[-92.61543,43.05053],[-92.61412,43.04952],[-92.61478,43.05133],[-92.61543,43.05053]]]}},{"type":"Feature","properties":{},"geometry":{"type":"Polygon","coordinates":[[[-92.49264,43.03668],[-92.49136,43.03591],[-92.49108,43.03648],[-92.49264,43.03668]]]}},{"type":"Feature","properties":{},"geometry":{"type":"Polygon","coordinates":[[[-91.15911,40.80175],[-91.15797,40.80093],[-91.15794,40.80175],[-91.15911,40.80175]]]}},{"type":"Feature","properties":{},"geometry":{"type":"Polygon","coordinates":[[[-91.23019,40.78412],[-91.22874,40.78384],[-91.22826,40.78478],[-91.23019,40.78412]]]}},{"type":"Feature","properties":{},"geometry":{"type":"Polygon","coordinates":[[[-91.14757,40.76554],[-91.14595,40.76611],[-91.14721,40.76643],[-91.14757,40.76554]]]}},{"type":"Feature","properties":{},"geometry":{"type":"Polygon","coordinates":[[[-91.10641,40.7652],[-91.10617,40.76438],[-91.10539,40.76504],[-91.10641,40.7652]]]}},{"type":"Feature","properties":{},"geometry":{"type":"Polygon","coordinates":[[[-91.1414,40.75896],[-91.14017,40.75875],[-91.13954,40.75964],[-91.1414,40.75896]]]}},{"type":"Feature","properties":{},"geometry":{"type":"Polygon","coordinates":[[[-91.14032,40.75356],[-91.13954,40.75383],[-91.14059,40.75452],[-91.14032,40.75356]]]}},{"type":"Feature","properties":{},"geometry":{"type":"Polygon","coordinates":[[[-91.12665,40.74444],[-91.12409,40.744],[-91.12412,40.7446],[-91.12665,40.74444]]]}},{"type":"Feature","properties":{},"geometry":{"type":"Polygon","coordinates":[[[-91.52947,40.74532],[-91.52884,40.74472],[-91.5286,40.74529],[-91.52947,40.74532]]]}},{"type":"Feature","properties":{},"geometry":{"type":"Polygon","coordinates":[[[-91.14749,40.73641],[-91.14355,40.73595],[-91.14355,40.73707],[-91.14749,40.73641]]]}},{"type":"Feature","properties":{},"geometry":{"type":"Polygon","coordinates":[[[-91.14394,40.73217],[-91.1578,40.73091],[-91.1581,40.72737],[-91.14821,40.7244],[-91.14394,40.73217]]]}},{"type":"Feature","properties":{},"geometry":{"type":"Polygon","coordinates":[[[-91.1535,40.73311],[-91.15512,40.73332],[-91.15536,40.73281],[-91.1535,40.73311]]]}},{"type":"Feature","properties":{},"geometry":{"type":"Polygon","coordinates":[[[-91.16141,40.73375],[-91.16042,40.73327],[-91.16033,40.73354],[-91.16141,40.73375]]]}},{"type":"Feature","properties":{},"geometry":{"type":"Polygon","coordinates":[[[-91.13001,40.72929],[-91.13053,40.7287],[-91.12938,40.72918],[-91.13001,40.72929]]]}},{"type":"Feature","properties":{},"geometry":{"type":"Polygon","coordinates":[[[-91.13422,40.72835],[-91.1323,40.72838],[-91.13191,40.72925],[-91.13422,40.72835]]]}},{"type":"Feature","properties":{},"geometry":{"type":"Polygon","coordinates":[[[-91.12238,40.7284],[-91.12424,40.7276],[-91.12385,40.72613],[-91.12238,40.7284]]]}},{"type":"Feature","properties":{},"geometry":{"type":"Polygon","coordinates":[[[-91.13047,40.72465],[-91.13645,40.72433],[-91.13639,40.72147],[-91.13047,40.72465]]]}},{"type":"Feature","properties":{},"geometry":{"type":"Polygon","coordinates":[[[-91.12217,40.72435],[-91.1292,40.72547],[-91.12791,40.7246],[-91.12217,40.72435]]]}},{"type":"Feature","properties":{},"geometry":{"type":"Polygon","coordinates":[[[-91.32113,40.74628],[-91.31998,40.74628],[-91.32104,40.74665],[-91.32113,40.74628]]]}},{"type":"Feature","properties":{},"geometry":{"type":"Polygon","coordinates":[[[-91.30793,40.74144],[-91.30931,40.74291],[-91.30925,40.74199],[-91.30793,40.74144]]]}},{"type":"Feature","properties":{},"geometry":{"type":"Polygon","coordinates":[[[-91.26625,40.73693],[-91.26553,40.73734],[-91.26652,40.73741],[-91.26625,40.73693]]]}},{"type":"Feature","properties":{},"geometry":{"type":"Polygon","coordinates":[[[-91.28451,40.73077],[-91.28289,40.73042],[-91.2828,40.73127],[-91.28451,40.73077]]]}},{"type":"Feature","properties":{},"geometry":{"type":"Polygon","coordinates":[[[-91.16477,40.72265],[-91.16408,40.72229],[-91.16207,40.72279],[-91.16477,40.72265]]]}},{"type":"Feature","properties":{},"geometry":{"type":"Polygon","coordinates":[[[-91.17322,40.72155],[-91.17316,40.72213],[-91.17668,40.72148],[-91.17322,40.72155]]]}},{"type":"Feature","properties":{},"geometry":{"type":"Polygon","coordinates":[[[-91.19577,40.71855],[-91.19541,40.71937],[-91.19953,40.71957],[-91.19577,40.71855]]]}},{"type":"Feature","properties":{},"geometry":{"type":"Polygon","coordinates":[[[-91.20686,40.71891],[-91.20566,40.7187],[-91.20659,40.71978],[-91.20686,40.71891]]]}},{"type":"Feature","properties":{},"geometry":{"type":"Polygon","coordinates":[[[-91.18867,40.7132],[-91.18527,40.71263],[-91.18873,40.71336],[-91.18867,40.7132]]]}},{"type":"Feature","properties":{},"geometry":{"type":"Polygon","coordinates":[[[-92.08578,40.98175],[-92.08506,40.981],[-92.08324,40.98143],[-92.08578,40.98175]]]}},{"type":"Feature","properties":{},"geometry":{"type":"Polygon","coordinates":[[[-92.04365,40.97025],[-92.04223,40.96924],[-92.0406,40.9699],[-92.04365,40.97025]]]}},{"type":"Feature","properties":{},"geometry":{"type":"Polygon","coordinates":[[[-92.6509,43.0568],[-92.65074,43.05858],[-92.6533,43.05689],[-92.6509,43.0568]]]}},{"type":"Feature","properties":{},"geometry":{"type":"Polygon","coordinates":[[[-93.00775,43.47697],[-93.00605,43.47902],[-93.00919,43.47948],[-93.00775,43.47697]]]}},{"type":"Feature","properties":{},"geometry":{"type":"Polygon","coordinates":[[[-93.01409,43.3236],[-93.01234,43.32417],[-93.01409,43.32415],[-93.01409,43.3236]]]}},{"type":"Feature","properties":{},"geometry":{"type":"Polygon","coordinates":[[[-93.0124,43.32284],[-93.01043,43.32172],[-93.0103,43.32256],[-93.0124,43.32284]]]}},{"type":"Feature","properties":{},"geometry":{"type":"Polygon","coordinates":[[[-93.16571,43.16776],[-93.16602,43.16824],[-93.16939,43.16755],[-93.16571,43.16776]]]}},{"type":"Feature","properties":{},"geometry":{"type":"Polygon","coordinates":[[[-92.54104,42.92203],[-92.54182,42.92152],[-92.54004,42.92054],[-92.54104,42.92203]]]}},{"type":"Feature","properties":{},"geometry":{"type":"Polygon","coordinates":[[[-92.53981,42.89151],[-92.54071,42.8917],[-92.53999,42.88968],[-92.53981,42.89151]]]}},{"type":"Feature","properties":{},"geometry":{"type":"Polygon","coordinates":[[[-92.5485,42.8527],[-92.54642,42.85241],[-92.54685,42.85403],[-92.5485,42.8527]]]}},{"type":"Feature","properties":{},"geometry":{"type":"Polygon","coordinates":[[[-92.49256,42.82774],[-92.4925,42.82726],[-92.49032,42.82706],[-92.49256,42.82774]]]}},{"type":"Feature","properties":{},"geometry":{"type":"Polygon","coordinates":[[[-92.52194,42.82297],[-92.51886,42.82651],[-92.52221,42.82633],[-92.52194,42.82297]]]}},{"type":"Feature","properties":{},"geometry":{"type":"Polygon","coordinates":[[[-92.49482,42.82575],[-92.48978,42.82127],[-92.49013,42.8252],[-92.49482,42.82575]]]}},{"type":"Feature","properties":{},"geometry":{"type":"Polygon","coordinates":[[[-92.49708,42.82092],[-92.49594,42.82287],[-92.4974,42.82456],[-92.49708,42.82092]]]}},{"type":"Feature","properties":{},"geometry":{"type":"Polygon","coordinates":[[[-92.49745,42.72269],[-92.49692,42.72061],[-92.49639,42.72244],[-92.49745,42.72269]]]}},{"type":"Feature","properties":{},"geometry":{"type":"MultiPolygon","coordinates":[[[[-92.48476,42.75741],[-92.48717,42.75062],[-92.48091,42.74071],[-92.47547,42.7376],[-92.463,42.73821],[-92.47127,42.73008],[-92.4704,42.7258],[-92.46399,42.73397],[-92.46244,42.73935],[-92.48004,42.74117],[-92.48476,42.75741]]],[[[-92.46796,42.73251],[-92.46628,42.73173],[-92.46551,42.7329],[-92.46796,42.73251]]]]}},{"type":"Feature","properties":{},"geometry":{"type":"Polygon","coordinates":[[[-92.38203,42.53475],[-92.37959,42.53565],[-92.38209,42.53652],[-92.38203,42.53475]]]}},{"type":"Feature","properties":{},"geometry":{"type":"Polygon","coordinates":[[[-92.4112,42.53427],[-92.40916,42.53539],[-92.41107,42.53582],[-92.4112,42.53427]]]}},{"type":"Feature","properties":{},"geometry":{"type":"Polygon","coordinates":[[[-92.38184,42.53064],[-92.37943,42.52776],[-92.38008,42.53066],[-92.38184,42.53064]]]}},{"type":"Feature","properties":{},"geometry":{"type":"Polygon","coordinates":[[[-92.95694,42.52699],[-92.95524,42.52566],[-92.95472,42.52733],[-92.95694,42.52699]]]}},{"type":"Feature","properties":{},"geometry":{"type":"Polygon","coordinates":[[[-92.95459,42.52532],[-92.95317,42.52584],[-92.95453,42.52587],[-92.95459,42.52532]]]}},{"type":"Feature","properties":{},"geometry":{"type":"Polygon","coordinates":[[[-92.39656,42.51993],[-92.39505,42.52039],[-92.39641,42.52069],[-92.39656,42.51993]]]}},{"type":"Feature","properties":{},"geometry":{"type":"Polygon","coordinates":[[[-92.61934,43.02196],[-92.61684,43.02201],[-92.61535,43.02242],[-92.61934,43.02196]]]}},{"type":"Feature","properties":{},"geometry":{"type":"Polygon","coordinates":[[[-92.63056,41.56742],[-92.63013,41.56827],[-92.63056,41.56825],[-92.63056,41.56742]]]}},{"type":"Feature","properties":{},"geometry":{"type":"Polygon","coordinates":[[[-93.06984,41.76176],[-93.07198,41.76172],[-93.07036,41.76135],[-93.06984,41.76176]]]}},{"type":"Feature","properties":{},"geometry":{"type":"Polygon","coordinates":[[[-93.29783,41.72696],[-93.2912,41.72602],[-93.2905,41.72666],[-93.29783,41.72696]]]}},{"type":"Feature","properties":{},"geometry":{"type":"Polygon","coordinates":[[[-93.3009,41.71273],[-93.29953,41.71202],[-93.29962,41.7128],[-93.3009,41.71273]]]}},{"type":"Feature","properties":{},"geometry":{"type":"Polygon","coordinates":[[[-93.03323,41.57458],[-93.03167,41.57612],[-93.03511,41.57475],[-93.03323,41.57458]]]}},{"type":"Feature","properties":{},"geometry":{"type":"Polygon","coordinates":[[[-92.19012,41.37386],[-92.18879,41.37432],[-92.189,41.37567],[-92.19012,41.37386]]]}},{"type":"Feature","properties":{},"geometry":{"type":"Polygon","coordinates":[[[-92.09713,41.35211],[-92.09543,41.35298],[-92.09716,41.35491],[-92.09713,41.35211]]]}},{"type":"Feature","properties":{},"geometry":{"type":"Polygon","coordinates":[[[-92.37519,41.34637],[-92.37474,41.34717],[-92.37717,41.34672],[-92.37519,41.34637]]]}},{"type":"Feature","properties":{},"geometry":{"type":"Polygon","coordinates":[[[-92.53628,41.2949],[-92.54745,41.29001],[-92.5402,41.29289],[-92.539,41.28559],[-92.53628,41.2949]]]}},{"type":"Feature","properties":{},"geometry":{"type":"Polygon","coordinates":[[[-92.49971,41.28842],[-92.50141,41.28842],[-92.5002,41.28705],[-92.49971,41.28842]]]}},{"type":"Feature","properties":{},"geometry":{"type":"Polygon","coordinates":[[[-92.39192,41.33374],[-92.39095,41.33328],[-92.39052,41.33509],[-92.39192,41.33374]]]}},{"type":"Feature","properties":{},"geometry":{"type":"Polygon","coordinates":[[[-91.39671,41.8373],[-91.3964,41.83707],[-91.39384,41.83952],[-91.39671,41.8373]]]}},{"type":"Feature","properties":{},"geometry":{"type":"Polygon","coordinates":[[[-92.92909,41.71522],[-92.92787,41.71433],[-92.92793,41.71543],[-92.92909,41.71522]]]}},{"type":"Feature","properties":{},"geometry":{"type":"Polygon","coordinates":[[[-92.18007,41.63225],[-92.17831,41.63191],[-92.17971,41.63276],[-92.18007,41.63225]]]}},{"type":"Feature","properties":{},"geometry":{"type":"Polygon","coordinates":[[[-91.66547,40.98617],[-91.66387,40.98612],[-91.66483,40.98681],[-91.66547,40.98617]]]}},{"type":"Feature","properties":{},"geometry":{"type":"Polygon","coordinates":[[[-91.5211,40.94621],[-91.51969,40.94563],[-91.51802,40.9486],[-91.5211,40.94621]]]}},{"type":"Feature","properties":{},"geometry":{"type":"Polygon","coordinates":[[[-91.59518,40.93904],[-91.59295,40.93831],[-91.59277,40.93843],[-91.59518,40.93904]]]}},{"type":"Feature","properties":{},"geometry":{"type":"Polygon","coordinates":[[[-91.99492,40.91938],[-91.99305,40.91778],[-91.99296,40.91876],[-91.99492,40.91938]]]}},{"type":"Feature","properties":{},"geometry":{"type":"Polygon","coordinates":[[[-91.29841,40.84349],[-91.29672,40.84317],[-91.29678,40.84358],[-91.29841,40.84349]]]}},{"type":"Feature","properties":{},"geometry":{"type":"Polygon","coordinates":[[[-91.39281,40.82439],[-91.38805,40.82977],[-91.39504,40.82593],[-91.38736,40.81028],[-91.38022,40.8179],[-91.39281,40.82439]]]}},{"type":"Feature","properties":{},"geometry":{"type":"Polygon","coordinates":[[[-91.14643,40.7061],[-91.14141,40.70445],[-91.14631,40.7069],[-91.14643,40.7061]]]}},{"type":"Feature","properties":{},"geometry":{"type":"Polygon","coordinates":[[[-93.22121,43.48867],[-93.2224,43.48789],[-93.22083,43.48846],[-93.22121,43.48867]]]}},{"type":"Feature","properties":{},"geometry":{"type":"Polygon","coordinates":[[[-92.5626,42.98382],[-92.56494,42.98213],[-92.56226,42.98354],[-92.5626,42.98382]]]}},{"type":"Feature","properties":{},"geometry":{"type":"Polygon","coordinates":[[[-92.41135,42.52969],[-92.40962,42.52734],[-92.40915,42.5304],[-92.41135,42.52969]]]}},{"type":"Feature","properties":{},"geometry":{"type":"Polygon","coordinates":[[[-92.38435,42.52178],[-92.38305,42.52682],[-92.3914,42.52595],[-92.38435,42.52178]]]}},{"type":"Feature","properties":{},"geometry":{"type":"Polygon","coordinates":[[[-92.40686,42.52578],[-92.40389,42.52466],[-92.40352,42.52533],[-92.40686,42.52578]]]}},{"type":"Feature","properties":{},"geometry":{"type":"Polygon","coordinates":[[[-91.55649,42.0883],[-91.55625,42.08775],[-91.55563,42.08839],[-91.55649,42.0883]]]}},{"type":"Feature","properties":{},"geometry":{"type":"Polygon","coordinates":[[[-92.45146,42.55239],[-92.44783,42.55045],[-92.44777,42.55177],[-92.45146,42.55239]]]}},{"type":"Feature","properties":{},"geometry":{"type":"Polygon","coordinates":[[[-92.40176,42.53514],[-92.39861,42.53649],[-92.40498,42.53702],[-92.40176,42.53514]]]}},{"type":"Feature","properties":{},"geometry":{"type":"Polygon","coordinates":[[[-91.91939,42.65541],[-91.92066,42.6504],[-91.91446,42.64749],[-91.91812,42.65024],[-91.91939,42.65541]]]}},{"type":"Feature","properties":{},"geometry":{"type":"Polygon","coordinates":[[[-91.8432,42.64816],[-91.84404,42.64941],[-91.84398,42.64795],[-91.8432,42.64816]]]}},{"type":"Feature","properties":{},"geometry":{"type":"Polygon","coordinates":[[[-91.96912,42.64815],[-91.97095,42.64762],[-91.96903,42.64767],[-91.96912,42.64815]]]}},{"type":"Feature","properties":{},"geometry":{"type":"Polygon","coordinates":[[[-91.93525,42.50975],[-91.93522,42.51036],[-91.93587,42.5103],[-91.93525,42.50975]]]}},{"type":"Feature","properties":{},"geometry":{"type":"Polygon","coordinates":[[[-92.35712,42.9759],[-92.35612,42.97629],[-92.35712,42.97679],[-92.35712,42.9759]]]}},{"type":"Feature","properties":{},"geometry":{"type":"Polygon","coordinates":[[[-92.36086,42.96298],[-92.35715,42.96023],[-92.35893,42.96442],[-92.36086,42.96298]]]}},{"type":"Feature","properties":{},"geometry":{"type":"Polygon","coordinates":[[[-92.24847,42.96124],[-92.2538,42.9584],[-92.24442,42.96051],[-92.24847,42.96124]]]}},{"type":"Feature","properties":{},"geometry":{"type":"Polygon","coordinates":[[[-92.1103,42.94513],[-92.10933,42.94616],[-92.11083,42.94504],[-92.1103,42.94513]]]}},{"type":"Feature","properties":{},"geometry":{"type":"Polygon","coordinates":[[[-92.33994,42.94124],[-92.33895,42.94035],[-92.33948,42.94291],[-92.33994,42.94124]]]}},{"type":"Feature","properties":{},"geometry":{"type":"Polygon","coordinates":[[[-92.3478,42.93001],[-92.34652,42.92935],[-92.34695,42.93043],[-92.3478,42.93001]]]}},{"type":"Feature","properties":{},"geometry":{"type":"Polygon","coordinates":[[[-92.31545,42.90018],[-92.313,42.90066],[-92.31502,42.90187],[-92.31545,42.90018]]]}},{"type":"Feature","properties":{},"geometry":{"type":"Polygon","coordinates":[[[-92.3155,42.88803],[-92.30947,42.88348],[-92.30891,42.88233],[-92.30906,42.88549],[-92.3155,42.88803]]]}},{"type":"Feature","properties":{},"geometry":{"type":"Polygon","coordinates":[[[-92.31973,42.88463],[-92.31796,42.88437],[-92.31805,42.8852],[-92.31973,42.88463]]]}},{"type":"Feature","properties":{},"geometry":{"type":"Polygon","coordinates":[[[-92.08833,42.87647],[-92.08765,42.87542],[-92.08712,42.87638],[-92.08833,42.87647]]]}},{"type":"Feature","properties":{},"geometry":{"type":"Polygon","coordinates":[[[-92.08793,42.87379],[-92.08675,42.87343],[-92.08703,42.87452],[-92.08793,42.87379]]]}},{"type":"Feature","properties":{},"geometry":{"type":"Polygon","coordinates":[[[-92.22939,42.87229],[-92.22758,42.87241],[-92.22892,42.87355],[-92.22939,42.87229]]]}},{"type":"Feature","properties":{},"geometry":{"type":"Polygon","coordinates":[[[-92.22285,42.86781],[-92.22602,42.87],[-92.22297,42.86637],[-92.22285,42.86781]]]}},{"type":"Feature","properties":{},"geometry":{"type":"Polygon","coordinates":[[[-92.22182,42.86456],[-92.22088,42.86393],[-92.22054,42.86473],[-92.22182,42.86456]]]}},{"type":"Feature","properties":{},"geometry":{"type":"Polygon","coordinates":[[[-92.22751,42.86257],[-92.22648,42.86111],[-92.22651,42.86278],[-92.22751,42.86257]]]}},{"type":"Feature","properties":{},"geometry":{"type":"Polygon","coordinates":[[[-92.31524,42.89681],[-92.3172,42.89812],[-92.3186,42.89727],[-92.31524,42.89681]]]}},{"type":"Feature","properties":{},"geometry":{"type":"Polygon","coordinates":[[[-91.93359,42.49719],[-91.93309,42.4966],[-91.93099,42.49642],[-91.93359,42.49719]]]}},{"type":"Feature","properties":{},"geometry":{"type":"Polygon","coordinates":[[[-91.91056,42.49487],[-91.90939,42.49411],[-91.90948,42.49553],[-91.91056,42.49487]]]}},{"type":"Feature","properties":{},"geometry":{"type":"Polygon","coordinates":[[[-91.95164,42.49442],[-91.94904,42.49428],[-91.95185,42.49467],[-91.95164,42.49442]]]}},{"type":"Feature","properties":{},"geometry":{"type":"Polygon","coordinates":[[[-91.93128,42.48765],[-91.93272,42.49408],[-91.93532,42.49445],[-91.93967,42.49099],[-91.93128,42.48765]]]}},{"type":"Feature","properties":{},"geometry":{"type":"Polygon","coordinates":[[[-91.94261,42.49051],[-91.94112,42.4912],[-91.94295,42.49099],[-91.94434,42.49277],[-91.94722,42.49286],[-91.94261,42.49051]]]}},{"type":"Feature","properties":{},"geometry":{"type":"Polygon","coordinates":[[[-91.92796,42.48704],[-91.92517,42.4869],[-91.92304,42.48839],[-91.92796,42.48704]]]}},{"type":"Feature","properties":{},"geometry":{"type":"Polygon","coordinates":[[[-91.9231,42.48258],[-91.92115,42.48261],[-91.9235,42.48313],[-91.9231,42.48258]]]}},{"type":"Feature","properties":{},"geometry":{"type":"Polygon","coordinates":[[[-91.86582,42.45995],[-91.86517,42.45903],[-91.86489,42.45965],[-91.86582,42.45995]]]}},{"type":"Feature","properties":{},"geometry":{"type":"Polygon","coordinates":[[[-91.77991,42.40439],[-91.78259,42.40414],[-91.78265,42.40389],[-91.77991,42.40439]]]}},{"type":"Feature","properties":{},"geometry":{"type":"Polygon","coordinates":[[[-91.81109,42.39778],[-91.80896,42.39739],[-91.81139,42.39826],[-91.81109,42.39778]]]}},{"type":"Feature","properties":{},"geometry":{"type":"Polygon","coordinates":[[[-91.81158,42.39714],[-91.8097,42.39675],[-91.81155,42.39737],[-91.81158,42.39714]]]}},{"type":"Feature","properties":{},"geometry":{"type":"Polygon","coordinates":[[[-91.61971,42.37051],[-91.62067,42.37159],[-91.6215,42.37161],[-91.61971,42.37051]]]}},{"type":"Feature","properties":{},"geometry":{"type":"Polygon","coordinates":[[[-91.75633,42.37194],[-91.75744,42.37091],[-91.75596,42.3713],[-91.75633,42.37194]]]}},{"type":"Feature","properties":{},"geometry":{"type":"Polygon","coordinates":[[[-91.74175,42.35957],[-91.73944,42.35879],[-91.7412,42.36133],[-91.74175,42.35957]]]}},{"type":"Feature","properties":{},"geometry":{"type":"Polygon","coordinates":[[[-91.84959,42.35418],[-91.84632,42.3532],[-91.84607,42.35358],[-91.84959,42.35418]]]}},{"type":"Feature","properties":{},"geometry":{"type":"Polygon","coordinates":[[[-91.73855,42.34747],[-91.73451,42.34757],[-91.73794,42.34786],[-91.73631,42.35006],[-91.73855,42.34747]]]}},{"type":"Feature","properties":{},"geometry":{"type":"Polygon","coordinates":[[[-91.74986,42.34129],[-91.75161,42.34176],[-91.75118,42.34069],[-91.74986,42.34129]]]}},{"type":"Feature","properties":{},"geometry":{"type":"Polygon","coordinates":[[[-91.73737,42.34004],[-91.73598,42.34073],[-91.73712,42.34075],[-91.73737,42.34004]]]}},{"type":"Feature","properties":{},"geometry":{"type":"Polygon","coordinates":[[[-91.74918,42.3393],[-91.7468,42.33951],[-91.74659,42.34028],[-91.74918,42.3393]]]}},{"type":"Feature","properties":{},"geometry":{"type":"Polygon","coordinates":[[[-91.7448,42.33827],[-91.74421,42.33834],[-91.74344,42.3394],[-91.7448,42.33827]]]}},{"type":"Feature","properties":{},"geometry":{"type":"Polygon","coordinates":[[[-91.74757,42.33797],[-91.74695,42.33832],[-91.74914,42.33845],[-91.74757,42.33797]]]}},{"type":"Feature","properties":{},"geometry":{"type":"Polygon","coordinates":[[[-91.74304,42.33665],[-91.7406,42.33663],[-91.74048,42.33691],[-91.74304,42.33665]]]}},{"type":"Feature","properties":{},"geometry":{"type":"Polygon","coordinates":[[[-91.74266,42.33336],[-91.74066,42.33366],[-91.74359,42.33542],[-91.74266,42.33336]]]}},{"type":"Feature","properties":{},"geometry":{"type":"Polygon","coordinates":[[[-91.74417,42.33427],[-91.74393,42.3348],[-91.7479,42.33354],[-91.74417,42.33427]]]}},{"type":"Feature","properties":{},"geometry":{"type":"Polygon","coordinates":[[[-91.7474,42.33168],[-91.74191,42.32837],[-91.73914,42.3278],[-91.7474,42.33168]]]}},{"type":"Feature","properties":{},"geometry":{"type":"Polygon","coordinates":[[[-91.73134,42.32685],[-91.72884,42.32708],[-91.72773,42.32829],[-91.73134,42.32685]]]}},{"type":"Feature","properties":{},"geometry":{"type":"Polygon","coordinates":[[[-91.72308,42.31277],[-91.7254,42.31322],[-91.7257,42.31265],[-91.72308,42.31277]]]}},{"type":"Feature","properties":{},"geometry":{"type":"Polygon","coordinates":[[[-91.71914,42.31341],[-91.7164,42.31232],[-91.71911,42.31355],[-91.71914,42.31341]]]}},{"type":"Feature","properties":{},"geometry":{"type":"Polygon","coordinates":[[[-91.71871,42.31227],[-91.7228,42.30845],[-91.71815,42.31042],[-91.71871,42.31227]]]}},{"type":"Feature","properties":{},"geometry":{"type":"Polygon","coordinates":[[[-91.71833,42.30886],[-91.71685,42.30852],[-91.71621,42.30895],[-91.71833,42.30886]]]}},{"type":"Feature","properties":{},"geometry":{"type":"Polygon","coordinates":[[[-91.71279,42.29016],[-91.71005,42.28911],[-91.71033,42.29137],[-91.71279,42.29016]]]}},{"type":"Feature","properties":{},"geometry":{"type":"Polygon","coordinates":[[[-91.71984,42.28848],[-91.71837,42.28823],[-91.71852,42.28871],[-91.71984,42.28848]]]}},{"type":"Feature","properties":{},"geometry":{"type":"Polygon","coordinates":[[[-91.64212,42.27656],[-91.64061,42.27589],[-91.64033,42.27665],[-91.64212,42.27656]]]}},{"type":"Feature","properties":{},"geometry":{"type":"MultiPolygon","coordinates":[[[[-91.57446,42.25001],[-91.57429,42.2537],[-91.57749,42.2529],[-91.57909,42.25043],[-91.57446,42.25001]]],[[[-91.57728,42.25171],[-91.57497,42.25223],[-91.57506,42.2526],[-91.57728,42.25171]]]]}},{"type":"Feature","properties":{},"geometry":{"type":"Polygon","coordinates":[[[-91.56735,42.24971],[-91.56924,42.25173],[-91.57035,42.25205],[-91.56735,42.24971]]]}},{"type":"Feature","properties":{},"geometry":{"type":"Polygon","coordinates":[[[-91.57013,42.25079],[-91.57358,42.25157],[-91.56977,42.25013],[-91.57013,42.25079]]]}},{"type":"Feature","properties":{},"geometry":{"type":"Polygon","coordinates":[[[-91.56717,42.24726],[-91.56794,42.2471],[-91.5689,42.24546],[-91.56717,42.24726]]]}},{"type":"Feature","properties":{},"geometry":{"type":"Polygon","coordinates":[[[-91.53343,42.22674],[-91.53112,42.22773],[-91.53364,42.22892],[-91.53343,42.22674]]]}},{"type":"Feature","properties":{},"geometry":{"type":"Polygon","coordinates":[[[-91.45913,42.22191],[-91.45766,42.22232],[-91.46037,42.22273],[-91.45913,42.22191]]]}},{"type":"Feature","properties":{},"geometry":{"type":"Polygon","coordinates":[[[-91.4897,42.21054],[-91.48884,42.20958],[-91.48832,42.21104],[-91.4897,42.21054]]]}},{"type":"Feature","properties":{},"geometry":{"type":"Polygon","coordinates":[[[-91.525,42.1903],[-91.5266,42.18882],[-91.52408,42.19019],[-91.525,42.1903]]]}},{"type":"Feature","properties":{},"geometry":{"type":"Polygon","coordinates":[[[-91.48717,42.18275],[-91.48587,42.1833],[-91.48704,42.18341],[-91.48717,42.18275]]]}},{"type":"Feature","properties":{},"geometry":{"type":"Polygon","coordinates":[[[-91.41723,42.17127],[-91.41535,42.1709],[-91.41504,42.17134],[-91.41723,42.17127]]]}},{"type":"Feature","properties":{},"geometry":{"type":"Polygon","coordinates":[[[-91.4179,42.1567],[-91.41571,42.15597],[-91.41777,42.15775],[-91.4179,42.1567]]]}},{"type":"Feature","properties":{},"geometry":{"type":"Polygon","coordinates":[[[-91.43127,42.15434],[-91.42792,42.15359],[-91.42991,42.15535],[-91.43127,42.15434]]]}},{"type":"Feature","properties":{},"geometry":{"type":"Polygon","coordinates":[[[-91.40882,42.14664],[-91.40667,42.14685],[-91.40803,42.14788],[-91.40882,42.14664]]]}},{"type":"Feature","properties":{},"geometry":{"type":"MultiPolygon","coordinates":[[[[-91.41909,42.13939],[-91.41841,42.14053],[-91.42287,42.14526],[-91.42274,42.14131],[-91.41909,42.13939]]],[[[-91.41973,42.14028],[-91.41872,42.1403],[-91.41973,42.14055],[-91.41973,42.14028]]]]}},{"type":"Feature","properties":{},"geometry":{"type":"Polygon","coordinates":[[[-91.42038,42.13781],[-91.42087,42.13888],[-91.42111,42.13852],[-91.42038,42.13781]]]}},{"type":"Feature","properties":{},"geometry":{"type":"Polygon","coordinates":[[[-91.41616,42.11951],[-91.41443,42.11899],[-91.41404,42.11997],[-91.41616,42.11951]]]}},{"type":"Feature","properties":{},"geometry":{"type":"Polygon","coordinates":[[[-91.30057,42.10088],[-91.30564,42.1037],[-91.30622,42.10365],[-91.30057,42.10088]]]}},{"type":"Feature","properties":{},"geometry":{"type":"Polygon","coordinates":[[[-90.96516,41.04962],[-90.96411,41.0308],[-90.96108,41.02772],[-90.96758,41.03251],[-90.96248,41.01177],[-90.95621,41.01894],[-90.96158,41.01802],[-90.95797,41.03092],[-90.96103,41.03606],[-90.96341,41.03087],[-90.96516,41.04962]]]}},{"type":"Feature","properties":{},"geometry":{"type":"Polygon","coordinates":[[[-90.95439,41.01443],[-90.95327,41.01256],[-90.9515,41.01752],[-90.95439,41.01443]]]}},{"type":"Feature","properties":{},"geometry":{"type":"Polygon","coordinates":[[[-90.95486,41.00398],[-90.95293,41.00366],[-90.9542,41.00574],[-90.95486,41.00398]]]}},{"type":"Feature","properties":{},"geometry":{"type":"Polygon","coordinates":[[[-91.34454,41.18894],[-91.34509,41.1875],[-91.34345,41.18853],[-91.34454,41.18894]]]}},{"type":"Feature","properties":{},"geometry":{"type":"Polygon","coordinates":[[[-91.87363,41.37273],[-91.8712,41.37289],[-91.87345,41.37427],[-91.87363,41.37273]]]}},{"type":"Feature","properties":{},"geometry":{"type":"Polygon","coordinates":[[[-91.97319,41.31566],[-91.9721,41.31465],[-91.97152,41.31532],[-91.97319,41.31566]]]}},{"type":"Feature","properties":{},"geometry":{"type":"Polygon","coordinates":[[[-91.95163,41.3],[-91.95293,41.29916],[-91.9516,41.29879],[-91.95163,41.3]]]}},{"type":"Feature","properties":{},"geometry":{"type":"Polygon","coordinates":[[[-91.97494,41.28523],[-91.97321,41.28452],[-91.97188,41.28596],[-91.97494,41.28523]]]}},{"type":"Feature","properties":{},"geometry":{"type":"Polygon","coordinates":[[[-91.85532,41.28264],[-91.85195,41.28308],[-91.85526,41.28301],[-91.85532,41.28264]]]}},{"type":"Feature","properties":{},"geometry":{"type":"Polygon","coordinates":[[[-91.76361,41.27966],[-91.76091,41.27922],[-91.76109,41.28135],[-91.76361,41.27966]]]}},{"type":"Feature","properties":{},"geometry":{"type":"Polygon","coordinates":[[[-91.98549,41.28282],[-91.98373,41.2822],[-91.98358,41.28268],[-91.98549,41.28282]]]}},{"type":"Feature","properties":{},"geometry":{"type":"Polygon","coordinates":[[[-91.95182,41.27893],[-91.95252,41.2804],[-91.95273,41.2793],[-91.95182,41.27893]]]}},{"type":"Feature","properties":{},"geometry":{"type":"Polygon","coordinates":[[[-91.88487,41.1857],[-91.89417,41.2018],[-91.90662,41.20235],[-91.89907,41.19556],[-91.90667,41.18579],[-91.89816,41.19272],[-91.88487,41.1857]]]}},{"type":"Feature","properties":{},"geometry":{"type":"Polygon","coordinates":[[[-91.83832,41.19582],[-91.84134,41.19672],[-91.84144,41.19624],[-91.83832,41.19582]]]}},{"type":"Feature","properties":{},"geometry":{"type":"Polygon","coordinates":[[[-91.64189,41.19393],[-91.63834,41.19306],[-91.63831,41.19357],[-91.64189,41.19393]]]}},{"type":"Feature","properties":{},"geometry":{"type":"Polygon","coordinates":[[[-91.76569,41.19104],[-91.77321,41.18904],[-91.76209,41.19104],[-91.76569,41.19104]]]}},{"type":"Feature","properties":{},"geometry":{"type":"Polygon","coordinates":[[[-91.75955,41.18818],[-91.76294,41.18825],[-91.76137,41.18671],[-91.75955,41.18818]]]}},{"type":"Feature","properties":{},"geometry":{"type":"Polygon","coordinates":[[[-91.55075,41.17325],[-91.54914,41.17435],[-91.55695,41.17538],[-91.55075,41.17325]]]}},{"type":"Feature","properties":{},"geometry":{"type":"Polygon","coordinates":[[[-91.89185,41.13605],[-91.89297,41.13495],[-91.89031,41.13553],[-91.89185,41.13605]]]}},{"type":"Feature","properties":{},"geometry":{"type":"Polygon","coordinates":[[[-91.91288,41.13186],[-91.91176,41.13074],[-91.91028,41.13202],[-91.91288,41.13186]]]}},{"type":"Feature","properties":{},"geometry":{"type":"Polygon","coordinates":[[[-91.88538,41.1307],[-91.88365,41.12894],[-91.88344,41.12937],[-91.88538,41.1307]]]}},{"type":"Feature","properties":{},"geometry":{"type":"Polygon","coordinates":[[[-91.72307,41.09804],[-91.7198,41.09848],[-91.72373,41.09992],[-91.72307,41.09804]]]}},{"type":"Feature","properties":{},"geometry":{"type":"Polygon","coordinates":[[[-91.80502,41.09872],[-91.8032,41.09812],[-91.80387,41.09979],[-91.80502,41.09872]]]}},{"type":"Feature","properties":{},"geometry":{"type":"Polygon","coordinates":[[[-91.89753,41.09114],[-91.89577,41.09192],[-91.89771,41.09169],[-91.89753,41.09114]]]}},{"type":"Feature","properties":{},"geometry":{"type":"Polygon","coordinates":[[[-91.8483,41.08878],[-91.84597,41.08794],[-91.84733,41.08952],[-91.8483,41.08878]]]}},{"type":"Feature","properties":{},"geometry":{"type":"Polygon","coordinates":[[[-91.80222,41.08517],[-91.80158,41.08698],[-91.80364,41.08639],[-91.80222,41.08517]]]}},{"type":"Feature","properties":{},"geometry":{"type":"Polygon","coordinates":[[[-91.82429,41.08367],[-91.82599,41.08262],[-91.82408,41.08301],[-91.82429,41.08367]]]}},{"type":"Feature","properties":{},"geometry":{"type":"Polygon","coordinates":[[[-91.84352,41.08222],[-91.84041,41.08146],[-91.84002,41.08222],[-91.84352,41.08222]]]}},{"type":"Feature","properties":{},"geometry":{"type":"Polygon","coordinates":[[[-91.91143,41.07217],[-91.90904,41.0714],[-91.90898,41.07238],[-91.91143,41.07217]]]}},{"type":"Feature","properties":{},"geometry":{"type":"Polygon","coordinates":[[[-91.86487,41.06721],[-91.86309,41.06817],[-91.86475,41.06808],[-91.86487,41.06721]]]}},{"type":"Feature","properties":{},"geometry":{"type":"Polygon","coordinates":[[[-91.85181,41.06518],[-91.84985,41.06616],[-91.85272,41.06646],[-91.85181,41.06518]]]}},{"type":"Feature","properties":{},"geometry":{"type":"Polygon","coordinates":[[[-91.72589,41.06164],[-91.72419,41.06187],[-91.72559,41.06484],[-91.72589,41.06164]]]}},{"type":"Feature","properties":{},"geometry":{"type":"Polygon","coordinates":[[[-91.84051,41.0624],[-91.83873,41.06126],[-91.83776,41.06211],[-91.84051,41.0624]]]}},{"type":"Feature","properties":{},"geometry":{"type":"Polygon","coordinates":[[[-91.79122,41.05719],[-91.79088,41.05908],[-91.79182,41.05737],[-91.79122,41.05719]]]}},{"type":"Feature","properties":{},"geometry":{"type":"Polygon","coordinates":[[[-91.90491,41.02374],[-91.90373,41.02248],[-91.90367,41.02381],[-91.90491,41.02374]]]}},{"type":"Feature","properties":{},"geometry":{"type":"Polygon","coordinates":[[[-91.9397,41.01949],[-91.93816,41.01947],[-91.93578,41.02309],[-91.9397,41.01949]]]}},{"type":"Feature","properties":{},"geometry":{"type":"Polygon","coordinates":[[[-91.9233,41.02083],[-91.92146,41.02101],[-91.92173,41.02255],[-91.9233,41.02083]]]}},{"type":"Feature","properties":{},"geometry":{"type":"Polygon","coordinates":[[[-91.93725,41.0162],[-91.93194,41.01456],[-91.9268,41.01682],[-91.93725,41.0162]]]}},{"type":"Feature","properties":{},"geometry":{"type":"Polygon","coordinates":[[[-91.92345,41.0166],[-91.92209,41.01555],[-91.92197,41.01598],[-91.92345,41.0166]]]}},{"type":"Feature","properties":{},"geometry":{"type":"Polygon","coordinates":[[[-91.03151,41.15986],[-91.03027,41.16038],[-91.03466,41.16123],[-91.03151,41.15986]]]}},{"type":"Feature","properties":{},"geometry":{"type":"Polygon","coordinates":[[[-91.1487,41.1558],[-91.15527,41.15159],[-91.15451,41.14741],[-91.1487,41.1558]]]}},{"type":"Feature","properties":{},"geometry":{"type":"Polygon","coordinates":[[[-91.15224,41.15027],[-91.14673,41.1516],[-91.14425,41.14681],[-91.14628,41.15196],[-91.15224,41.15027]]]}},{"type":"Feature","properties":{},"geometry":{"type":"Polygon","coordinates":[[[-91.14174,41.14281],[-91.13202,41.14576],[-91.1309,41.14693],[-91.13814,41.1464],[-91.14174,41.14281]]]}},{"type":"Feature","properties":{},"geometry":{"type":"Polygon","coordinates":[[[-91.11632,41.14691],[-91.11611,41.14547],[-91.11372,41.14336],[-91.11632,41.14691]]]}},{"type":"Feature","properties":{},"geometry":{"type":"Polygon","coordinates":[[[-91.3249,41.14415],[-91.32414,41.14554],[-91.32517,41.14531],[-91.3249,41.14415]]]}},{"type":"Feature","properties":{},"geometry":{"type":"Polygon","coordinates":[[[-91.11499,41.1351],[-91.11965,41.13188],[-91.12507,41.1295],[-91.1198,41.12746],[-91.11499,41.1351]]]}},{"type":"Feature","properties":{},"geometry":{"type":"Polygon","coordinates":[[[-91.10126,41.13055],[-91.09905,41.12874],[-91.0956,41.12682],[-91.10126,41.13055]]]}},{"type":"Feature","properties":{},"geometry":{"type":"Polygon","coordinates":[[[-91.02103,41.07474],[-91.01822,41.0735],[-91.02109,41.07504],[-91.02103,41.07474]]]}},{"type":"Feature","properties":{},"geometry":{"type":"Polygon","coordinates":[[[-91.10655,41.12909],[-91.10882,41.12792],[-91.10628,41.12877],[-91.10655,41.12909]]]}},{"type":"Feature","properties":{},"geometry":{"type":"Polygon","coordinates":[[[-91.22243,41.11942],[-91.22364,41.12033],[-91.22379,41.11896],[-91.22243,41.11942]]]}},{"type":"Feature","properties":{},"geometry":{"type":"Polygon","coordinates":[[[-91.16088,41.05523],[-91.15864,41.05488],[-91.1587,41.05616],[-91.16088,41.05523]]]}},{"type":"Feature","properties":{},"geometry":{"type":"Polygon","coordinates":[[[-90.95114,40.98685],[-90.95035,40.98687],[-90.95114,40.98731],[-90.95114,40.98685]]]}},{"type":"Feature","properties":{},"geometry":{"type":"Polygon","coordinates":[[[-91.24956,40.99279],[-91.24792,40.99169],[-91.24756,40.9922],[-91.24956,40.99279]]]}},{"type":"Feature","properties":{},"geometry":{"type":"Polygon","coordinates":[[[-91.30369,40.98901],[-91.30261,40.98923],[-91.30164,40.99056],[-91.30369,40.98901]]]}},{"type":"Feature","properties":{},"geometry":{"type":"Polygon","coordinates":[[[-91.12913,40.98425],[-91.12798,40.98416],[-91.12783,40.98457],[-91.12913,40.98425]]]}},{"type":"Feature","properties":{},"geometry":{"type":"Polygon","coordinates":[[[-91.15391,40.9775],[-91.15276,40.978],[-91.15475,40.97859],[-91.15391,40.9775]]]}},{"type":"Feature","properties":{},"geometry":{"type":"Polygon","coordinates":[[[-91.12454,40.97677],[-91.12436,40.97537],[-91.12195,40.97796],[-91.12454,40.97677]]]}},{"type":"Feature","properties":{},"geometry":{"type":"Polygon","coordinates":[[[-91.25759,40.97568],[-91.25635,40.97769],[-91.25665,40.97769],[-91.25759,40.97568]]]}},{"type":"Feature","properties":{},"geometry":{"type":"Polygon","coordinates":[[[-91.13791,40.96821],[-91.13676,40.96778],[-91.13667,40.96936],[-91.13791,40.96821]]]}},{"type":"Feature","properties":{},"geometry":{"type":"Polygon","coordinates":[[[-91.26158,40.97017],[-91.26059,40.96978],[-91.26053,40.9701],[-91.26158,40.97017]]]}},{"type":"Feature","properties":{},"geometry":{"type":"Polygon","coordinates":[[[-91.20818,40.94986],[-91.20706,40.95007],[-91.20935,40.95007],[-91.20818,40.94986]]]}},{"type":"Feature","properties":{},"geometry":{"type":"Polygon","coordinates":[[[-91.24821,40.94848],[-91.24619,40.94835],[-91.24821,40.94871],[-91.24821,40.94848]]]}},{"type":"Feature","properties":{},"geometry":{"type":"Polygon","coordinates":[[[-91.1606,40.94401],[-91.16023,40.94513],[-91.16105,40.9457],[-91.1606,40.94401]]]}},{"type":"Feature","properties":{},"geometry":{"type":"Polygon","coordinates":[[[-91.23184,40.93823],[-91.23018,40.93809],[-91.22982,40.93837],[-91.23184,40.93823]]]}},{"type":"Feature","properties":{},"geometry":{"type":"Polygon","coordinates":[[[-91.10355,40.93115],[-91.1015,40.93303],[-91.10171,40.93378],[-91.10355,40.93115]]]}},{"type":"Feature","properties":{},"geometry":{"type":"Polygon","coordinates":[[[-91.11384,40.92747],[-91.11339,40.92644],[-91.11291,40.92761],[-91.11384,40.92747]]]}},{"type":"Feature","properties":{},"geometry":{"type":"Polygon","coordinates":[[[-91.24842,40.91458],[-91.24619,40.91264],[-91.24456,40.9149],[-91.24842,40.91458]]]}},{"type":"Feature","properties":{},"geometry":{"type":"Polygon","coordinates":[[[-91.35218,40.91121],[-91.35095,40.91052],[-91.35098,40.91098],[-91.35218,40.91121]]]}},{"type":"Feature","properties":{},"geometry":{"type":"Polygon","coordinates":[[[-91.36044,40.91089],[-91.35966,40.90997],[-91.35957,40.91068],[-91.36044,40.91089]]]}},{"type":"Feature","properties":{},"geometry":{"type":"Polygon","coordinates":[[[-91.09573,40.90039],[-91.0941,40.89984],[-91.09573,40.90055],[-91.09573,40.90039]]]}},{"type":"Feature","properties":{},"geometry":{"type":"Polygon","coordinates":[[[-91.02534,40.89574],[-91.03192,40.89239],[-91.03277,40.89033],[-91.02534,40.89574]]]}},{"type":"Feature","properties":{},"geometry":{"type":"Polygon","coordinates":[[[-91.04196,40.89173],[-91.04193,40.89061],[-91.04118,40.8913],[-91.04196,40.89173]]]}},{"type":"Feature","properties":{},"geometry":{"type":"Polygon","coordinates":[[[-91.12377,40.88074],[-91.12139,40.88122],[-91.11907,40.88406],[-91.12377,40.88074]]]}},{"type":"Feature","properties":{},"geometry":{"type":"Polygon","coordinates":[[[-91.0911,40.87856],[-91.09053,40.8782],[-91.08986,40.87831],[-91.0911,40.87856]]]}},{"type":"Feature","properties":{},"geometry":{"type":"Polygon","coordinates":[[[-91.07508,40.86501],[-91.07001,40.87128],[-91.07128,40.87073],[-91.07508,40.86501]]]}},{"type":"Feature","properties":{},"geometry":{"type":"Polygon","coordinates":[[[-91.27105,40.86886],[-91.26984,40.86834],[-91.27249,40.87012],[-91.27105,40.86886]]]}},{"type":"Feature","properties":{},"geometry":{"type":"Polygon","coordinates":[[[-91.06975,40.86426],[-91.06712,40.86538],[-91.06679,40.86588],[-91.06975,40.86426]]]}},{"type":"Feature","properties":{},"geometry":{"type":"Polygon","coordinates":[[[-91.16448,40.86667],[-91.16363,40.86573],[-91.16312,40.86706],[-91.16448,40.86667]]]}},{"type":"Feature","properties":{},"geometry":{"type":"Polygon","coordinates":[[[-91.07562,40.86158],[-91.07195,40.8625],[-91.0705,40.86352],[-91.07562,40.86158]]]}},{"type":"Feature","properties":{},"geometry":{"type":"Polygon","coordinates":[[[-91.21742,40.84726],[-91.21625,40.84841],[-91.21779,40.84777],[-91.21742,40.84726]]]}},{"type":"Feature","properties":{},"geometry":{"type":"Polygon","coordinates":[[[-91.21724,40.84463],[-91.21787,40.84605],[-91.21814,40.84388],[-91.21724,40.84463]]]}},{"type":"Feature","properties":{},"geometry":{"type":"Polygon","coordinates":[[[-91.1957,40.84188],[-91.19582,40.84341],[-91.19775,40.84119],[-91.1957,40.84188]]]}},{"type":"Feature","properties":{},"geometry":{"type":"Polygon","coordinates":[[[-91.21302,40.84315],[-91.21097,40.84279],[-91.21272,40.84358],[-91.21302,40.84315]]]}},{"type":"Feature","properties":{},"geometry":{"type":"Polygon","coordinates":[[[-91.09558,40.83773],[-91.09335,40.83952],[-91.09416,40.84039],[-91.09558,40.83773]]]}},{"type":"Feature","properties":{},"geometry":{"type":"Polygon","coordinates":[[[-91.08682,40.83736],[-91.08649,40.83695],[-91.08323,40.84013],[-91.08682,40.83736]]]}},{"type":"Feature","properties":{},"geometry":{"type":"Polygon","coordinates":[[[-91.20033,40.83865],[-91.20163,40.8389],[-91.20187,40.83861],[-91.20033,40.83865]]]}},{"type":"Feature","properties":{},"geometry":{"type":"Polygon","coordinates":[[[-91.15603,40.83503],[-91.15482,40.8343],[-91.15473,40.83465],[-91.15603,40.83503]]]}},{"type":"Feature","properties":{},"geometry":{"type":"Polygon","coordinates":[[[-91.5165,40.86908],[-91.51529,40.87],[-91.51668,40.86959],[-91.5165,40.86908]]]}},{"type":"Feature","properties":{},"geometry":{"type":"Polygon","coordinates":[[[-91.3478,40.86673],[-91.34732,40.86765],[-91.34786,40.86767],[-91.3478,40.86673]]]}},{"type":"Feature","properties":{},"geometry":{"type":"Polygon","coordinates":[[[-91.88989,40.8708],[-91.8891,40.87075],[-91.88892,40.87139],[-91.88989,40.8708]]]}},{"type":"Feature","properties":{},"geometry":{"type":"Polygon","coordinates":[[[-91.59323,40.86259],[-91.59272,40.86186],[-91.59199,40.86291],[-91.59323,40.86259]]]}},{"type":"Feature","properties":{},"geometry":{"type":"Polygon","coordinates":[[[-91.72477,40.86408],[-91.72335,40.86379],[-91.72317,40.86404],[-91.72477,40.86408]]]}},{"type":"Feature","properties":{},"geometry":{"type":"Polygon","coordinates":[[[-91.49399,40.85426],[-91.49246,40.85451],[-91.49475,40.85513],[-91.49399,40.85426]]]}},{"type":"Feature","properties":{},"geometry":{"type":"Polygon","coordinates":[[[-91.37986,40.85008],[-91.37754,40.85169],[-91.37986,40.85022],[-91.37986,40.85008]]]}},{"type":"Feature","properties":{},"geometry":{"type":"Polygon","coordinates":[[[-91.6318,40.8517],[-91.63117,40.85051],[-91.63102,40.85157],[-91.6318,40.8517]]]}},{"type":"Feature","properties":{},"geometry":{"type":"Polygon","coordinates":[[[-91.63593,40.84706],[-91.63517,40.84628],[-91.63412,40.84848],[-91.63593,40.84706]]]}},{"type":"Feature","properties":{},"geometry":{"type":"Polygon","coordinates":[[[-91.33821,40.83237],[-91.33682,40.83239],[-91.33818,40.83288],[-91.33821,40.83237]]]}},{"type":"Feature","properties":{},"geometry":{"type":"Polygon","coordinates":[[[-91.34149,40.82636],[-91.34074,40.82592],[-91.34008,40.82597],[-91.34149,40.82636]]]}},{"type":"Feature","properties":{},"geometry":{"type":"Polygon","coordinates":[[[-91.69303,40.83052],[-91.68993,40.8302],[-91.68987,40.83039],[-91.69303,40.83052]]]}},{"type":"Feature","properties":{},"geometry":{"type":"Polygon","coordinates":[[[-91.51751,40.82255],[-91.51853,40.82342],[-91.51883,40.82235],[-91.51751,40.82255]]]}},{"type":"Feature","properties":{},"geometry":{"type":"Polygon","coordinates":[[[-91.46256,40.82214],[-91.46222,40.82098],[-91.46168,40.82098],[-91.46256,40.82214]]]}},{"type":"Feature","properties":{},"geometry":{"type":"Polygon","coordinates":[[[-91.69673,40.81956],[-91.69555,40.81851],[-91.69555,40.81956],[-91.69673,40.81956]]]}},{"type":"Feature","properties":{},"geometry":{"type":"Polygon","coordinates":[[[-91.64207,40.81674],[-91.64014,40.81713],[-91.6421,40.81702],[-91.64207,40.81674]]]}},{"type":"Feature","properties":{},"geometry":{"type":"Polygon","coordinates":[[[-91.51864,40.81256],[-91.51783,40.81194],[-91.51737,40.81269],[-91.51864,40.81256]]]}},{"type":"Feature","properties":{},"geometry":{"type":"Polygon","coordinates":[[[-91.27726,40.80688],[-91.27632,40.80671],[-91.27566,40.8079],[-91.27726,40.80688]]]}},{"type":"Feature","properties":{},"geometry":{"type":"Polygon","coordinates":[[[-91.67793,40.81255],[-91.67633,40.81255],[-91.67823,40.81307],[-91.67793,40.81255]]]}},{"type":"Feature","properties":{},"geometry":{"type":"Polygon","coordinates":[[[-91.50404,40.80845],[-91.50284,40.80929],[-91.50401,40.80929],[-91.50404,40.80845]]]}},{"type":"Feature","properties":{},"geometry":{"type":"Polygon","coordinates":[[[-91.25655,40.80418],[-91.25562,40.80336],[-91.25574,40.80425],[-91.25655,40.80418]]]}},{"type":"Feature","properties":{},"geometry":{"type":"Polygon","coordinates":[[[-91.25505,40.80262],[-91.254,40.80168],[-91.25448,40.80265],[-91.25505,40.80262]]]}},{"type":"Feature","properties":{},"geometry":{"type":"Polygon","coordinates":[[[-91.25664,40.80201],[-91.25562,40.80139],[-91.25562,40.80239],[-91.25664,40.80201]]]}},{"type":"Feature","properties":{},"geometry":{"type":"Polygon","coordinates":[[[-91.70063,40.80679],[-91.6984,40.80711],[-91.69843,40.8073],[-91.70063,40.80679]]]}},{"type":"Feature","properties":{},"geometry":{"type":"Polygon","coordinates":[[[-91.69349,40.80481],[-91.69255,40.80442],[-91.69268,40.80497],[-91.69349,40.80481]]]}},{"type":"Feature","properties":{},"geometry":{"type":"Polygon","coordinates":[[[-91.31409,40.79256],[-91.31192,40.79308],[-91.31346,40.79464],[-91.31409,40.79256]]]}},{"type":"Feature","properties":{},"geometry":{"type":"Polygon","coordinates":[[[-91.77453,40.7983],[-91.77357,40.79876],[-91.77453,40.79871],[-91.77453,40.7983]]]}},{"type":"Feature","properties":{},"geometry":{"type":"Polygon","coordinates":[[[-91.25409,40.78672],[-91.26109,40.78797],[-91.25792,40.78069],[-91.26766,40.78495],[-91.25611,40.77899],[-91.25409,40.78672]]]}},{"type":"Feature","properties":{},"geometry":{"type":"Polygon","coordinates":[[[-91.31087,40.7883],[-91.31009,40.78775],[-91.30997,40.78832],[-91.31087,40.7883]]]}},{"type":"Feature","properties":{},"geometry":{"type":"Polygon","coordinates":[[[-91.66479,40.7908],[-91.66358,40.79089],[-91.66352,40.79148],[-91.66479,40.7908]]]}},{"type":"Feature","properties":{},"geometry":{"type":"Polygon","coordinates":[[[-91.47717,40.78894],[-91.47542,40.78848],[-91.4772,40.78917],[-91.47717,40.78894]]]}},{"type":"Feature","properties":{},"geometry":{"type":"Polygon","coordinates":[[[-91.46296,40.78787],[-91.46224,40.78751],[-91.46034,40.78884],[-91.46296,40.78787]]]}},{"type":"Feature","properties":{},"geometry":{"type":"Polygon","coordinates":[[[-91.3374,40.7675],[-91.33641,40.768],[-91.33894,40.768],[-91.3374,40.7675]]]}},{"type":"Feature","properties":{},"geometry":{"type":"Polygon","coordinates":[[[-91.34468,40.74773],[-91.34393,40.74716],[-91.34396,40.74771],[-91.34468,40.74773]]]}},{"type":"Feature","properties":{},"geometry":{"type":"Polygon","coordinates":[[[-91.5882,40.73142],[-91.58663,40.73124],[-91.5882,40.73165],[-91.5882,40.73142]]]}},{"type":"Feature","properties":{},"geometry":{"type":"Polygon","coordinates":[[[-91.12292,40.7217],[-91.12265,40.72376],[-91.12403,40.72174],[-91.12292,40.7217]]]}},{"type":"Feature","properties":{},"geometry":{"type":"MultiPolygon","coordinates":[[[[-91.12166,40.71264],[-91.12515,40.70758],[-91.12316,40.70333],[-91.12617,40.70109],[-91.11664,40.70333],[-91.12166,40.71264]]],[[[-91.12178,40.7066],[-91.12268,40.70699],[-91.12193,40.70626],[-91.12178,40.7066]]],[[[-91.12262,40.70486],[-91.12235,40.70431],[-91.12178,40.70525],[-91.12262,40.70486]]],[[[-91.12115,40.70616],[-91.12052,40.70623],[-91.12094,40.70678],[-91.12115,40.70616]]]]}},{"type":"Feature","properties":{},"geometry":{"type":"Polygon","coordinates":[[[-91.24288,40.71517],[-91.242,40.71481],[-91.24237,40.71584],[-91.24288,40.71517]]]}},{"type":"Feature","properties":{},"geometry":{"type":"Polygon","coordinates":[[[-91.37719,40.49441],[-91.37461,40.49457],[-91.37719,40.49475],[-91.37719,40.49441]]]}},{"type":"Feature","properties":{},"geometry":{"type":"Polygon","coordinates":[[[-91.41473,40.48635],[-91.41359,40.48559],[-91.41311,40.48672],[-91.41473,40.48635]]]}},{"type":"Feature","properties":{},"geometry":{"type":"Polygon","coordinates":[[[-91.4226,40.4677],[-91.42221,40.46699],[-91.42191,40.46727],[-91.4226,40.4677]]]}},{"type":"Feature","properties":{},"geometry":{"type":"Polygon","coordinates":[[[-91.42492,40.44221],[-91.42474,40.44327],[-91.42528,40.44306],[-91.42492,40.44221]]]}},{"type":"Feature","properties":{},"geometry":{"type":"Polygon","coordinates":[[[-91.4053,40.4281],[-91.40375,40.42884],[-91.40599,40.42906],[-91.4053,40.4281]]]}},{"type":"Feature","properties":{},"geometry":{"type":"Polygon","coordinates":[[[-91.41045,40.41794],[-91.40856,40.41785],[-91.40832,40.41863],[-91.41045,40.41794]]]}},{"type":"Feature","properties":{},"geometry":{"type":"Polygon","coordinates":[[[-93.58326,42.47675],[-93.58218,42.47611],[-93.58255,42.47698],[-93.58326,42.47675]]]}},{"type":"Feature","properties":{},"geometry":{"type":"Polygon","coordinates":[[[-93.59868,42.39665],[-93.59738,42.39662],[-93.59775,42.3974],[-93.59868,42.39665]]]}},{"type":"Feature","properties":{},"geometry":{"type":"Polygon","coordinates":[[[-93.59723,42.39431],[-93.59578,42.39388],[-93.59529,42.39475],[-93.59723,42.39431]]]}},{"type":"Feature","properties":{},"geometry":{"type":"Polygon","coordinates":[[[-93.59384,42.39411],[-93.59291,42.3939],[-93.59276,42.39461],[-93.59384,42.39411]]]}},{"type":"Feature","properties":{},"geometry":{"type":"Polygon","coordinates":[[[-93.62846,42.36934],[-93.62655,42.36883],[-93.62852,42.36957],[-93.62846,42.36934]]]}},{"type":"Feature","properties":{},"geometry":{"type":"Polygon","coordinates":[[[-93.62587,42.36682],[-93.6247,42.36826],[-93.62704,42.36815],[-93.62587,42.36682]]]}},{"type":"Feature","properties":{},"geometry":{"type":"Polygon","coordinates":[[[-93.65164,42.31922],[-93.64982,42.31892],[-93.65154,42.3196],[-93.65164,42.31922]]]}},{"type":"Feature","properties":{},"geometry":{"type":"MultiPolygon","coordinates":[[[[-93.62562,42.31089],[-93.62208,42.31407],[-93.62198,42.31856],[-93.63102,42.31426],[-93.62947,42.31172],[-93.62562,42.31089]]],[[[-93.62929,42.314],[-93.62578,42.31442],[-93.62627,42.31558],[-93.62929,42.314]]]]}},{"type":"Feature","properties":{},"geometry":{"type":"Polygon","coordinates":[[[-93.65317,42.30748],[-93.65126,42.30794],[-93.65364,42.30814],[-93.65317,42.30748]]]}},{"type":"Feature","properties":{},"geometry":{"type":"Polygon","coordinates":[[[-93.6396,42.26224],[-93.62975,42.27034],[-93.63908,42.27605],[-93.64284,42.2696],[-93.6396,42.26224]]]}},{"type":"Feature","properties":{},"geometry":{"type":"Polygon","coordinates":[[[-93.60779,42.27583],[-93.60674,42.2755],[-93.60702,42.27599],[-93.60779,42.27583]]]}},{"type":"Feature","properties":{},"geometry":{"type":"Polygon","coordinates":[[[-93.62177,42.27377],[-93.62109,42.274],[-93.62288,42.27427],[-93.62177,42.27377]]]}},{"type":"Feature","properties":{},"geometry":{"type":"Polygon","coordinates":[[[-93.76482,42.26976],[-93.76586,42.2691],[-93.76473,42.26823],[-93.76482,42.26976]]]}},{"type":"Feature","properties":{},"geometry":{"type":"Polygon","coordinates":[[[-93.63548,42.26446],[-93.63107,42.26457],[-93.63064,42.26546],[-93.63548,42.26446]]]}},{"type":"Feature","properties":{},"geometry":{"type":"Polygon","coordinates":[[[-93.73145,42.25311],[-93.72893,42.25357],[-93.73179,42.25354],[-93.73145,42.25311]]]}},{"type":"Feature","properties":{},"geometry":{"type":"Polygon","coordinates":[[[-93.58557,42.24595],[-93.58443,42.24675],[-93.58585,42.24675],[-93.58557,42.24595]]]}},{"type":"Feature","properties":{},"geometry":{"type":"Polygon","coordinates":[[[-93.47731,42.24244],[-93.47592,42.24207],[-93.47601,42.24262],[-93.47731,42.24244]]]}},{"type":"Feature","properties":{},"geometry":{"type":"Polygon","coordinates":[[[-93.57696,42.23865],[-93.57606,42.23888],[-93.57726,42.23977],[-93.57696,42.23865]]]}},{"type":"Feature","properties":{},"geometry":{"type":"Polygon","coordinates":[[[-93.50731,42.21147],[-93.50371,42.21257],[-93.50567,42.21564],[-93.50731,42.21147]]]}},{"type":"Feature","properties":{},"geometry":{"type":"Polygon","coordinates":[[[-93.58565,42.21342],[-93.58418,42.21271],[-93.58461,42.21411],[-93.58565,42.21342]]]}},{"type":"Feature","properties":{},"geometry":{"type":"Polygon","coordinates":[[[-93.66553,42.20418],[-93.66412,42.20455],[-93.66553,42.20429],[-93.66553,42.20418]]]}},{"type":"Feature","properties":{},"geometry":{"type":"Polygon","coordinates":[[[-93.67648,42.20383],[-93.67614,42.20216],[-93.67368,42.20232],[-93.67648,42.20383]]]}},{"type":"Feature","properties":{},"geometry":{"type":"Polygon","coordinates":[[[-93.60272,42.1481],[-93.60186,42.14757],[-93.60217,42.14828],[-93.60272,42.1481]]]}},{"type":"Feature","properties":{},"geometry":{"type":"Polygon","coordinates":[[[-93.59089,42.14441],[-93.58966,42.14475],[-93.59113,42.14516],[-93.59089,42.14441]]]}},{"type":"Feature","properties":{},"geometry":{"type":"Polygon","coordinates":[[[-93.73385,42.14182],[-93.73216,42.14075],[-93.73277,42.14212],[-93.73385,42.14182]]]}},{"type":"Feature","properties":{},"geometry":{"type":"Polygon","coordinates":[[[-93.73289,42.13805],[-93.73139,42.13864],[-93.73298,42.13857],[-93.73289,42.13805]]]}},{"type":"Feature","properties":{},"geometry":{"type":"Polygon","coordinates":[[[-93.83019,42.11338],[-93.82943,42.11341],[-93.83161,42.11423],[-93.83019,42.11338]]]}},{"type":"Feature","properties":{},"geometry":{"type":"Polygon","coordinates":[[[-93.58427,42.1146],[-93.58289,42.11526],[-93.58436,42.11488],[-93.58427,42.1146]]]}},{"type":"Feature","properties":{},"geometry":{"type":"Polygon","coordinates":[[[-92.93172,41.67566],[-92.93037,41.67482],[-92.93071,41.67653],[-92.93172,41.67566]]]}},{"type":"Feature","properties":{},"geometry":{"type":"Polygon","coordinates":[[[-92.959,41.65684],[-92.95949,41.65851],[-92.96031,41.65707],[-92.959,41.65684]]]}},{"type":"Feature","properties":{},"geometry":{"type":"Polygon","coordinates":[[[-92.93557,41.65834],[-92.93441,41.65752],[-92.93402,41.6585],[-92.93557,41.65834]]]}},{"type":"Feature","properties":{},"geometry":{"type":"Polygon","coordinates":[[[-92.90745,41.6029],[-92.90666,41.60171],[-92.90577,41.602],[-92.90745,41.6029]]]}},{"type":"Feature","properties":{},"geometry":{"type":"Polygon","coordinates":[[[-92.99394,41.59648],[-92.99525,41.59533],[-92.99281,41.59529],[-92.99394,41.59648]]]}},{"type":"Feature","properties":{},"geometry":{"type":"Polygon","coordinates":[[[-92.9477,41.58769],[-92.94752,41.58888],[-92.94898,41.58885],[-92.9477,41.58769]]]}},{"type":"Feature","properties":{},"geometry":{"type":"Polygon","coordinates":[[[-92.91362,41.57949],[-92.9128,41.57912],[-92.91235,41.57972],[-92.91362,41.57949]]]}},{"type":"Feature","properties":{},"geometry":{"type":"Polygon","coordinates":[[[-92.84632,41.56481],[-92.84748,41.56499],[-92.84699,41.56455],[-92.84632,41.56481]]]}},{"type":"Feature","properties":{},"geometry":{"type":"Polygon","coordinates":[[[-92.95103,41.54458],[-92.94951,41.54424],[-92.94951,41.54447],[-92.95103,41.54458]]]}},{"type":"Feature","properties":{},"geometry":{"type":"Polygon","coordinates":[[[-92.85507,41.53868],[-92.85444,41.53799],[-92.85471,41.53873],[-92.85507,41.53868]]]}},{"type":"Feature","properties":{},"geometry":{"type":"Polygon","coordinates":[[[-92.96152,41.52972],[-92.96088,41.53048],[-92.96164,41.53021],[-92.96152,41.52972]]]}},{"type":"Feature","properties":{},"geometry":{"type":"Polygon","coordinates":[[[-92.95759,41.52554],[-92.95658,41.52536],[-92.95862,41.52634],[-92.95759,41.52554]]]}},{"type":"Feature","properties":{},"geometry":{"type":"Polygon","coordinates":[[[-92.96641,41.52524],[-92.96583,41.52421],[-92.96614,41.52531],[-92.96641,41.52524]]]}},{"type":"Feature","properties":{},"geometry":{"type":"Polygon","coordinates":[[[-92.96507,41.51874],[-92.96437,41.51858],[-92.96568,41.52055],[-92.96507,41.51874]]]}},{"type":"Feature","properties":{},"geometry":{"type":"Polygon","coordinates":[[[-92.96058,41.51048],[-92.95888,41.51055],[-92.95857,41.51117],[-92.96058,41.51048]]]}},{"type":"Feature","properties":{},"geometry":{"type":"Polygon","coordinates":[[[-92.58332,41.60201],[-92.58243,41.60299],[-92.58289,41.60342],[-92.58332,41.60201]]]}},{"type":"Feature","properties":{},"geometry":{"type":"Polygon","coordinates":[[[-92.8047,41.6005],[-92.80418,41.60068],[-92.80574,41.60174],[-92.8047,41.6005]]]}},{"type":"Feature","properties":{},"geometry":{"type":"Polygon","coordinates":[[[-92.58329,41.60123],[-92.59374,41.60125],[-92.59055,41.57929],[-92.58571,41.57943],[-92.58329,41.60123]]]}},{"type":"Feature","properties":{},"geometry":{"type":"Polygon","coordinates":[[[-92.59734,41.59409],[-92.59813,41.59279],[-92.59689,41.59288],[-92.59734,41.59409]]]}},{"type":"Feature","properties":{},"geometry":{"type":"Polygon","coordinates":[[[-92.55413,41.59522],[-92.55504,41.59428],[-92.55382,41.59469],[-92.55413,41.59522]]]}},{"type":"Feature","properties":{},"geometry":{"type":"Polygon","coordinates":[[[-92.57186,41.59242],[-92.57214,41.5856],[-92.58464,41.57952],[-92.57032,41.58409],[-92.57186,41.59242]]]}},{"type":"Feature","properties":{},"geometry":{"type":"Polygon","coordinates":[[[-92.817,41.58875],[-92.81596,41.58916],[-92.81751,41.58964],[-92.817,41.58875]]]}},{"type":"Feature","properties":{},"geometry":{"type":"Polygon","coordinates":[[[-92.54067,41.58224],[-92.53924,41.58194],[-92.53875,41.58386],[-92.54067,41.58224]]]}},{"type":"Feature","properties":{},"geometry":{"type":"Polygon","coordinates":[[[-92.73072,41.58355],[-92.72938,41.58382],[-92.72935,41.58428],[-92.73072,41.58355]]]}},{"type":"Feature","properties":{},"geometry":{"type":"Polygon","coordinates":[[[-92.77011,41.57858],[-92.76932,41.57908],[-92.77176,41.57851],[-92.77011,41.57858]]]}},{"type":"Feature","properties":{},"geometry":{"type":"Polygon","coordinates":[[[-92.82651,41.57599],[-92.82795,41.57649],[-92.82746,41.57448],[-92.82651,41.57599]]]}},{"type":"Feature","properties":{},"geometry":{"type":"Polygon","coordinates":[[[-92.63193,41.57449],[-92.63071,41.57525],[-92.63187,41.57472],[-92.63193,41.57449]]]}},{"type":"Feature","properties":{},"geometry":{"type":"Polygon","coordinates":[[[-91.59016,40.96245],[-91.5891,40.96178],[-91.58895,40.96208],[-91.59016,40.96245]]]}},{"type":"Feature","properties":{},"geometry":{"type":"Polygon","coordinates":[[[-91.66424,40.95627],[-91.66343,40.95481],[-91.66313,40.95641],[-91.66424,40.95627]]]}},{"type":"Feature","properties":{},"geometry":{"type":"Polygon","coordinates":[[[-91.97159,40.95216],[-91.97089,40.95226],[-91.9725,40.95388],[-91.97159,40.95216]]]}},{"type":"Feature","properties":{},"geometry":{"type":"Polygon","coordinates":[[[-91.55716,40.94328],[-91.55598,40.94312],[-91.55716,40.94372],[-91.55716,40.94328]]]}},{"type":"Feature","properties":{},"geometry":{"type":"Polygon","coordinates":[[[-91.71981,40.94029],[-91.71902,40.93947],[-91.71909,40.94045],[-91.71981,40.94029]]]}},{"type":"Feature","properties":{},"geometry":{"type":"Polygon","coordinates":[[[-91.74775,40.93974],[-91.74648,40.9394],[-91.74772,40.94002],[-91.74775,40.93974]]]}},{"type":"Feature","properties":{},"geometry":{"type":"Polygon","coordinates":[[[-91.54414,40.9336],[-91.54185,40.9335],[-91.54145,40.93401],[-91.54414,40.9336]]]}},{"type":"Feature","properties":{},"geometry":{"type":"Polygon","coordinates":[[[-91.47924,40.92448],[-91.4775,40.92496],[-91.47921,40.92471],[-91.47924,40.92448]]]}},{"type":"Feature","properties":{},"geometry":{"type":"Polygon","coordinates":[[[-91.953,40.92815],[-91.95264,40.92893],[-91.95334,40.92864],[-91.953,40.92815]]]}},{"type":"Feature","properties":{},"geometry":{"type":"Polygon","coordinates":[[[-91.81232,40.92345],[-91.80885,40.92404],[-91.81232,40.92365],[-91.81232,40.92345]]]}},{"type":"Feature","properties":{},"geometry":{"type":"Polygon","coordinates":[[[-91.52221,40.91656],[-91.52118,40.91642],[-91.52118,40.91763],[-91.52221,40.91656]]]}},{"type":"Feature","properties":{},"geometry":{"type":"Polygon","coordinates":[[[-91.80092,40.91656],[-91.80014,40.91701],[-91.80174,40.91653],[-91.80092,40.91656]]]}},{"type":"Feature","properties":{},"geometry":{"type":"Polygon","coordinates":[[[-91.50882,40.91316],[-91.50768,40.91247],[-91.50765,40.9127],[-91.50882,40.91316]]]}},{"type":"Feature","properties":{},"geometry":{"type":"Polygon","coordinates":[[[-91.39039,40.91016],[-91.3887,40.90986],[-91.39069,40.91091],[-91.39039,40.91016]]]}},{"type":"Feature","properties":{},"geometry":{"type":"Polygon","coordinates":[[[-91.41698,40.90795],[-91.41481,40.90759],[-91.41529,40.9083],[-91.41698,40.90795]]]}},{"type":"Feature","properties":{},"geometry":{"type":"Polygon","coordinates":[[[-91.85129,40.9128],[-91.84972,40.91145],[-91.84891,40.91321],[-91.85129,40.9128]]]}},{"type":"Feature","properties":{},"geometry":{"type":"Polygon","coordinates":[[[-91.96574,40.91334],[-91.96529,40.91275],[-91.96424,40.91273],[-91.96574,40.91334]]]}},{"type":"Feature","properties":{},"geometry":{"type":"Polygon","coordinates":[[[-91.87653,40.91079],[-91.87548,40.91226],[-91.87653,40.91228],[-91.87653,40.91079]]]}},{"type":"Feature","properties":{},"geometry":{"type":"Polygon","coordinates":[[[-91.6464,40.90514],[-91.64564,40.90459],[-91.64534,40.90535],[-91.6464,40.90514]]]}},{"type":"Feature","properties":{},"geometry":{"type":"Polygon","coordinates":[[[-91.39322,40.9],[-91.39144,40.90055],[-91.39316,40.90206],[-91.39322,40.9]]]}},{"type":"Feature","properties":{},"geometry":{"type":"Polygon","coordinates":[[[-91.37694,40.8957],[-91.37848,40.89636],[-91.38411,40.89412],[-91.37694,40.8957]]]}},{"type":"Feature","properties":{},"geometry":{"type":"Polygon","coordinates":[[[-91.94074,40.90757],[-91.94309,40.90688],[-91.9401,40.90673],[-91.94074,40.90757]]]}},{"type":"Feature","properties":{},"geometry":{"type":"Polygon","coordinates":[[[-91.5396,40.90033],[-91.53851,40.89985],[-91.53755,40.90015],[-91.5396,40.90033]]]}},{"type":"Feature","properties":{},"geometry":{"type":"Polygon","coordinates":[[[-91.94091,40.90025],[-91.93952,40.89977],[-91.93889,40.90046],[-91.94091,40.90025]]]}},{"type":"Feature","properties":{},"geometry":{"type":"Polygon","coordinates":[[[-91.41052,40.88872],[-91.40938,40.88956],[-91.41058,40.88927],[-91.41052,40.88872]]]}},{"type":"Feature","properties":{},"geometry":{"type":"Polygon","coordinates":[[[-91.93146,40.89044],[-91.92996,40.89104],[-91.93156,40.89145],[-91.93146,40.89044]]]}},{"type":"Feature","properties":{},"geometry":{"type":"Polygon","coordinates":[[[-91.89616,40.88752],[-91.89532,40.888],[-91.89607,40.88851],[-91.89616,40.88752]]]}},{"type":"Feature","properties":{},"geometry":{"type":"Polygon","coordinates":[[[-91.38571,40.88076],[-91.38478,40.88056],[-91.38484,40.88104],[-91.38571,40.88076]]]}},{"type":"Feature","properties":{},"geometry":{"type":"Polygon","coordinates":[[[-91.93553,40.88632],[-91.93424,40.88653],[-91.93553,40.88703],[-91.93553,40.88632]]]}},{"type":"Feature","properties":{},"geometry":{"type":"Polygon","coordinates":[[[-91.88012,40.88428],[-91.87834,40.88501],[-91.88018,40.88476],[-91.88012,40.88428]]]}},{"type":"Feature","properties":{},"geometry":{"type":"Polygon","coordinates":[[[-91.81227,40.88206],[-91.81076,40.8822],[-91.81224,40.88236],[-91.81227,40.88206]]]}},{"type":"Feature","properties":{},"geometry":{"type":"Polygon","coordinates":[[[-91.42224,40.87362],[-91.42052,40.8738],[-91.42224,40.87405],[-91.42224,40.87362]]]}},{"type":"Feature","properties":{},"geometry":{"type":"Polygon","coordinates":[[[-91.3585,40.8731],[-91.35798,40.8725],[-91.35795,40.87307],[-91.3585,40.8731]]]}},{"type":"Feature","properties":{},"geometry":{"type":"Polygon","coordinates":[[[-91.36356,40.86935],[-91.36205,40.86971],[-91.36377,40.86969],[-91.36356,40.86935]]]}},{"type":"Feature","properties":{},"geometry":{"type":"Polygon","coordinates":[[[-91.14843,41.17387],[-91.14749,41.17685],[-91.14831,41.17714],[-91.14843,41.17387]]]}},{"type":"Feature","properties":{},"geometry":{"type":"Polygon","coordinates":[[[-91.82496,41.83595],[-91.82371,41.83701],[-91.82625,41.83859],[-91.82496,41.83595]]]}},{"type":"Feature","properties":{},"geometry":{"type":"Polygon","coordinates":[[[-91.66794,41.83274],[-91.66681,41.83226],[-91.66681,41.83253],[-91.66794,41.83274]]]}},{"type":"Feature","properties":{},"geometry":{"type":"Polygon","coordinates":[[[-91.66669,41.83025],[-91.6625,41.82945],[-91.6666,41.83139],[-91.66669,41.83025]]]}},{"type":"Feature","properties":{},"geometry":{"type":"Polygon","coordinates":[[[-91.80096,41.82771],[-91.79904,41.82727],[-91.79885,41.82848],[-91.80096,41.82771]]]}},{"type":"Feature","properties":{},"geometry":{"type":"Polygon","coordinates":[[[-91.0308,41.96811],[-91.03257,41.96889],[-91.0316,41.96724],[-91.0308,41.96811]]]}},{"type":"Feature","properties":{},"geometry":{"type":"Polygon","coordinates":[[[-91.75633,41.81918],[-91.75437,41.82021],[-91.75516,41.82069],[-91.75633,41.81918]]]}},{"type":"Feature","properties":{},"geometry":{"type":"Polygon","coordinates":[[[-91.62298,41.81323],[-91.61971,41.8144],[-91.62311,41.81792],[-91.62298,41.81323]]]}},{"type":"Feature","properties":{},"geometry":{"type":"Polygon","coordinates":[[[-91.54697,41.81552],[-91.54587,41.81597],[-91.54752,41.8163],[-91.54697,41.81552]]]}},{"type":"Feature","properties":{},"geometry":{"type":"Polygon","coordinates":[[[-91.53477,41.81425],[-91.53309,41.81361],[-91.53349,41.81464],[-91.53477,41.81425]]]}},{"type":"Feature","properties":{},"geometry":{"type":"Polygon","coordinates":[[[-91.80226,41.81716],[-91.80064,41.81689],[-91.80207,41.81767],[-91.80226,41.81716]]]}},{"type":"Feature","properties":{},"geometry":{"type":"Polygon","coordinates":[[[-91.76028,41.8134],[-91.75942,41.81461],[-91.76144,41.814],[-91.76028,41.8134]]]}},{"type":"Feature","properties":{},"geometry":{"type":"Polygon","coordinates":[[[-91.57162,41.81203],[-91.57076,41.81144],[-91.57061,41.81183],[-91.57162,41.81203]]]}},{"type":"Feature","properties":{},"geometry":{"type":"Polygon","coordinates":[[[-91.81538,41.81369],[-91.81333,41.81406],[-91.81333,41.81445],[-91.81538,41.81369]]]}},{"type":"Feature","properties":{},"geometry":{"type":"Polygon","coordinates":[[[-91.70366,41.80246],[-91.69437,41.80283],[-91.70201,41.80333],[-91.70366,41.80246]]]}},{"type":"Feature","properties":{},"geometry":{"type":"Polygon","coordinates":[[[-91.69335,41.7988],[-91.69299,41.80187],[-91.69531,41.80162],[-91.69335,41.7988]]]}},{"type":"Feature","properties":{},"geometry":{"type":"Polygon","coordinates":[[[-91.88103,41.79708],[-91.89231,41.80122],[-91.89405,41.79481],[-91.88103,41.79708]]]}},{"type":"Feature","properties":{},"geometry":{"type":"Polygon","coordinates":[[[-91.52496,41.79645],[-91.54507,41.79541],[-91.54569,41.79205],[-91.54214,41.78875],[-91.52496,41.79645]]]}},{"type":"Feature","properties":{},"geometry":{"type":"Polygon","coordinates":[[[-91.75231,41.795],[-91.75008,41.79613],[-91.75203,41.79617],[-91.75231,41.795]]]}},{"type":"Feature","properties":{},"geometry":{"type":"Polygon","coordinates":[[[-91.82857,41.79405],[-91.82414,41.79615],[-91.82713,41.79528],[-91.82857,41.79405]]]}},{"type":"Feature","properties":{},"geometry":{"type":"Polygon","coordinates":[[[-91.83191,41.78973],[-91.83273,41.79501],[-91.83401,41.79588],[-91.836,41.79568],[-91.83191,41.78973]]]}},{"type":"Feature","properties":{},"geometry":{"type":"Polygon","coordinates":[[[-91.69093,41.79169],[-91.68836,41.79133],[-91.69093,41.79188],[-91.69093,41.79169]]]}},{"type":"Feature","properties":{},"geometry":{"type":"Polygon","coordinates":[[[-91.70403,41.78418],[-91.70258,41.79141],[-91.71009,41.78889],[-91.70685,41.78832],[-91.70403,41.78418]]]}},{"type":"Feature","properties":{},"geometry":{"type":"Polygon","coordinates":[[[-91.83606,41.78961],[-91.84056,41.79076],[-91.84102,41.79017],[-91.83606,41.78961]]]}},{"type":"Feature","properties":{},"geometry":{"type":"Polygon","coordinates":[[[-91.54068,41.78653],[-91.5427,41.78482],[-91.53869,41.78543],[-91.54068,41.78653]]]}},{"type":"Feature","properties":{},"geometry":{"type":"Polygon","coordinates":[[[-91.69371,41.78892],[-91.69249,41.78968],[-91.69417,41.78949],[-91.69371,41.78892]]]}},{"type":"Feature","properties":{},"geometry":{"type":"Polygon","coordinates":[[[-91.83093,41.78838],[-91.82512,41.78838],[-91.82534,41.79009],[-91.82644,41.79092],[-91.82885,41.79053],[-91.83093,41.78838]]]}},{"type":"Feature","properties":{},"geometry":{"type":"Polygon","coordinates":[[[-91.85343,41.78953],[-91.85013,41.78683],[-91.8486,41.78854],[-91.85343,41.78953]]]}},{"type":"Feature","properties":{},"geometry":{"type":"Polygon","coordinates":[[[-91.77992,41.7851],[-91.78038,41.7843],[-91.7754,41.7837],[-91.77992,41.7851]]]}},{"type":"Feature","properties":{},"geometry":{"type":"Polygon","coordinates":[[[-91.85495,41.78628],[-91.85389,41.781],[-91.85337,41.7828],[-91.85495,41.78628]]]}},{"type":"Feature","properties":{},"geometry":{"type":"Polygon","coordinates":[[[-91.77507,41.78304],[-91.77403,41.78226],[-91.77336,41.78244],[-91.77507,41.78304]]]}},{"type":"Feature","properties":{},"geometry":{"type":"Polygon","coordinates":[[[-91.67557,41.77551],[-91.68208,41.77456],[-91.67423,41.77436],[-91.67557,41.77551]]]}},{"type":"Feature","properties":{},"geometry":{"type":"Polygon","coordinates":[[[-90.17223,41.89718],[-90.16959,41.89739],[-90.17186,41.89794],[-90.17223,41.89718]]]}},{"type":"Feature","properties":{},"geometry":{"type":"Polygon","coordinates":[[[-92.04011,41.79931],[-92.03758,41.79116],[-92.03021,41.79326],[-92.04011,41.79931]]]}},{"type":"Feature","properties":{},"geometry":{"type":"Polygon","coordinates":[[[-91.83787,41.23284],[-91.83362,41.23382],[-91.83641,41.23401],[-91.83787,41.23284]]]}},{"type":"Feature","properties":{},"geometry":{"type":"MultiPolygon","coordinates":[[[[-91.07145,41.17919],[-91.07508,41.18127],[-91.07801,41.18038],[-91.07618,41.16812],[-91.07943,41.18926],[-91.08941,41.20033],[-91.08147,41.17226],[-91.07476,41.16666],[-91.08722,41.17066],[-91.11482,41.2085],[-91.11258,41.21983],[-91.1176,41.22257],[-91.11794,41.21088],[-91.12215,41.21422],[-91.1243,41.22875],[-91.11745,41.22676],[-91.11548,41.23074],[-91.12421,41.22991],[-91.12633,41.22115],[-91.12878,41.22754],[-91.12557,41.21418],[-91.0888,41.17067],[-91.07612,41.15975],[-91.07836,41.16298],[-91.07342,41.16643],[-91.07366,41.17263],[-91.06988,41.16423],[-91.06519,41.16848],[-91.06241,41.16084],[-91.06929,41.15606],[-91.06657,41.15098],[-91.05484,41.16804],[-91.07145,41.17919]]],[[[-91.07176,41.17093],[-91.06667,41.17205],[-91.0739,41.17457],[-91.07176,41.17093]]]]}},{"type":"Feature","properties":{},"geometry":{"type":"Polygon","coordinates":[[[-91.09423,41.19853],[-91.09989,41.19652],[-91.08848,41.19374],[-91.09423,41.19853]]]}},{"type":"Feature","properties":{},"geometry":{"type":"Polygon","coordinates":[[[-92.54828,42.97718],[-92.56619,42.97913],[-92.55283,42.97384],[-92.54463,42.9573],[-92.53293,42.9545],[-92.54828,42.97718]]]}},{"type":"Feature","properties":{},"geometry":{"type":"Polygon","coordinates":[[[-91.10067,41.21667],[-91.10228,41.20738],[-91.09874,41.20685],[-91.10067,41.21667]]]}},{"type":"Feature","properties":{},"geometry":{"type":"Polygon","coordinates":[[[-91.95257,41.02013],[-91.95635,41.02104],[-91.95296,41.01887],[-91.95257,41.02013]]]}},{"type":"Feature","properties":{},"geometry":{"type":"Polygon","coordinates":[[[-92.45133,41.47643],[-92.46381,41.48064],[-92.46202,41.48803],[-92.46431,41.49008],[-92.46944,41.48061],[-92.45133,41.47643]]]}},{"type":"Feature","properties":{},"geometry":{"type":"Polygon","coordinates":[[[-92.83849,41.67517],[-92.83819,41.67707],[-92.83922,41.67704],[-92.83849,41.67517]]]}},{"type":"Feature","properties":{},"geometry":{"type":"Polygon","coordinates":[[[-91.07682,41.11599],[-91.08775,41.10635],[-91.08929,41.1095],[-91.09249,41.11101],[-91.08543,41.09839],[-91.07682,41.11599]]]}},{"type":"Feature","properties":{},"geometry":{"type":"Polygon","coordinates":[[[-92.5441,41.59366],[-92.55325,41.59151],[-92.55728,41.58253],[-92.54731,41.58778],[-92.5441,41.59366]]]}},{"type":"Feature","properties":{},"geometry":{"type":"Polygon","coordinates":[[[-90.35885,41.74371],[-90.35574,41.74332],[-90.35574,41.74409],[-90.35885,41.74371]]]}},{"type":"Feature","properties":{},"geometry":{"type":"MultiPolygon","coordinates":[[[[-93.47415,43.38706],[-93.51535,43.4005],[-93.52009,43.39449],[-93.4822,43.38155],[-93.47176,43.38149],[-93.47415,43.38706]]],[[[-93.48617,43.38769],[-93.48469,43.38751],[-93.48501,43.38811],[-93.48617,43.38769]]]]}},{"type":"Feature","properties":{},"geometry":{"type":"Polygon","coordinates":[[[-93.31746,42.40666],[-93.31604,42.40483],[-93.31684,42.40693],[-93.31746,42.40666]]]}},{"type":"Feature","properties":{},"geometry":{"type":"Polygon","coordinates":[[[-91.94806,41.03509],[-91.95137,41.02651],[-91.94889,41.02352],[-91.94581,41.0272],[-91.94806,41.03509]]]}},{"type":"Feature","properties":{},"geometry":{"type":"Polygon","coordinates":[[[-91.11136,40.9382],[-91.11022,40.93776],[-91.11251,40.93932],[-91.11136,40.9382]]]}},{"type":"Feature","properties":{},"geometry":{"type":"Polygon","coordinates":[[[-91.41595,40.46681],[-91.41607,40.46747],[-91.41787,40.46674],[-91.41595,40.46681]]]}},{"type":"Feature","properties":{},"geometry":{"type":"Polygon","coordinates":[[[-91.42137,40.46473],[-91.42227,40.46324],[-91.42065,40.46445],[-91.42137,40.46473]]]}},{"type":"Feature","properties":{},"geometry":{"type":"Polygon","coordinates":[[[-91.421,40.44864],[-91.42091,40.44803],[-91.41804,40.44956],[-91.421,40.44864]]]}},{"type":"Feature","properties":{},"geometry":{"type":"Polygon","coordinates":[[[-91.41702,40.4432],[-91.42534,40.44606],[-91.41708,40.44201],[-91.41702,40.4432]]]}},{"type":"Feature","properties":{},"geometry":{"type":"Polygon","coordinates":[[[-93.53523,42.28776],[-93.53372,42.28851],[-93.53489,42.28897],[-93.53523,42.28776]]]}},{"type":"Feature","properties":{},"geometry":{"type":"Polygon","coordinates":[[[-93.44254,42.23158],[-93.44057,42.23135],[-93.44217,42.23213],[-93.44254,42.23158]]]}},{"type":"Feature","properties":{},"geometry":{"type":"Polygon","coordinates":[[[-92.95558,41.55444],[-92.95424,41.55474],[-92.95433,41.55501],[-92.95558,41.55444]]]}},{"type":"Feature","properties":{},"geometry":{"type":"Polygon","coordinates":[[[-92.95347,41.52408],[-92.9522,41.52378],[-92.95494,41.52749],[-92.95347,41.52408]]]}},{"type":"Feature","properties":{},"geometry":{"type":"Polygon","coordinates":[[[-92.9593,41.50753],[-92.95866,41.50975],[-92.95942,41.50978],[-92.9593,41.50753]]]}},{"type":"Feature","properties":{},"geometry":{"type":"Polygon","coordinates":[[[-92.64097,41.54557],[-92.64039,41.54642],[-92.64122,41.54601],[-92.64097,41.54557]]]}},{"type":"Feature","properties":{},"geometry":{"type":"Polygon","coordinates":[[[-93.24302,41.82428],[-93.24186,41.82346],[-93.24217,41.82447],[-93.24302,41.82428]]]}},{"type":"Feature","properties":{},"geometry":{"type":"Polygon","coordinates":[[[-93.21236,41.69683],[-93.2112,41.69802],[-93.21221,41.69808],[-93.21236,41.69683]]]}},{"type":"Feature","properties":{},"geometry":{"type":"Polygon","coordinates":[[[-93.24619,41.68346],[-93.24521,41.68256],[-93.24518,41.68389],[-93.24619,41.68346]]]}},{"type":"Feature","properties":{},"geometry":{"type":"Polygon","coordinates":[[[-92.53113,41.39712],[-92.52921,41.39806],[-92.52939,41.39842],[-92.53113,41.39712]]]}},{"type":"Feature","properties":{},"geometry":{"type":"Polygon","coordinates":[[[-92.35098,41.39295],[-92.34824,41.3905],[-92.34755,41.3908],[-92.35098,41.39295]]]}},{"type":"Feature","properties":{},"geometry":{"type":"Polygon","coordinates":[[[-92.62393,41.31516],[-92.62259,41.31461],[-92.62262,41.3155],[-92.62393,41.31516]]]}},{"type":"Feature","properties":{},"geometry":{"type":"Polygon","coordinates":[[[-92.39238,41.34466],[-92.3908,41.34429],[-92.39022,41.3452],[-92.39238,41.34466]]]}},{"type":"Feature","properties":{},"geometry":{"type":"Polygon","coordinates":[[[-91.57355,41.95769],[-91.57021,41.954],[-91.57204,41.95684],[-91.57355,41.95769]]]}},{"type":"Feature","properties":{},"geometry":{"type":"Polygon","coordinates":[[[-92.83954,41.82709],[-92.83813,41.8278],[-92.83957,41.82755],[-92.83954,41.82709]]]}},{"type":"Feature","properties":{},"geometry":{"type":"Polygon","coordinates":[[[-92.99535,41.74798],[-92.99458,41.74697],[-92.99425,41.74805],[-92.99535,41.74798]]]}},{"type":"Feature","properties":{},"geometry":{"type":"Polygon","coordinates":[[[-92.94918,41.71308],[-92.94955,41.71194],[-92.94848,41.71288],[-92.94918,41.71308]]]}},{"type":"Feature","properties":{},"geometry":{"type":"Polygon","coordinates":[[[-92.15858,41.63066],[-92.15653,41.62938],[-92.15842,41.63103],[-92.15858,41.63066]]]}},{"type":"Feature","properties":{},"geometry":{"type":"Polygon","coordinates":[[[-92.2831,41.61084],[-92.28521,41.61024],[-92.28344,41.61008],[-92.2831,41.61084]]]}},{"type":"Feature","properties":{},"geometry":{"type":"Polygon","coordinates":[[[-92.33923,41.54173],[-92.33777,41.54125],[-92.33753,41.54148],[-92.33923,41.54173]]]}},{"type":"Feature","properties":{},"geometry":{"type":"Polygon","coordinates":[[[-92.26536,41.5386],[-92.265,41.53706],[-92.26375,41.53827],[-92.26536,41.5386]]]}},{"type":"Feature","properties":{},"geometry":{"type":"Polygon","coordinates":[[[-91.75822,40.99673],[-91.75704,40.99677],[-91.75834,40.99753],[-91.75822,40.99673]]]}},{"type":"Feature","properties":{},"geometry":{"type":"Polygon","coordinates":[[[-91.78797,40.92304],[-91.78707,40.92275],[-91.78601,40.92414],[-91.78797,40.92304]]]}},{"type":"Feature","properties":{},"geometry":{"type":"Polygon","coordinates":[[[-91.38553,40.89995],[-91.38532,40.8965],[-91.3836,40.90165],[-91.38553,40.89995]]]}},{"type":"Feature","properties":{},"geometry":{"type":"Polygon","coordinates":[[[-92.62703,41.56948],[-92.62568,41.56982],[-92.62578,41.5704],[-92.62703,41.56948]]]}},{"type":"Feature","properties":{},"geometry":{"type":"Polygon","coordinates":[[[-92.70011,41.56817],[-92.69892,41.56838],[-92.70014,41.56955],[-92.70011,41.56817]]]}},{"type":"Feature","properties":{},"geometry":{"type":"Polygon","coordinates":[[[-92.58998,41.56403],[-92.58849,41.56337],[-92.58779,41.56385],[-92.58998,41.56403]]]}},{"type":"Feature","properties":{},"geometry":{"type":"Polygon","coordinates":[[[-92.76106,41.56157],[-92.76073,41.56201],[-92.76134,41.56199],[-92.76106,41.56157]]]}},{"type":"Feature","properties":{},"geometry":{"type":"Polygon","coordinates":[[[-92.66147,41.54422],[-92.66128,41.54223],[-92.65937,41.54314],[-92.66147,41.54422]]]}},{"type":"Feature","properties":{},"geometry":{"type":"Polygon","coordinates":[[[-92.52133,41.54139],[-92.52029,41.54157],[-92.52157,41.54262],[-92.52133,41.54139]]]}},{"type":"Feature","properties":{},"geometry":{"type":"Polygon","coordinates":[[[-92.57396,41.52554],[-92.57192,41.52458],[-92.57171,41.52531],[-92.57396,41.52554]]]}},{"type":"Feature","properties":{},"geometry":{"type":"Polygon","coordinates":[[[-92.66751,41.52019],[-92.66416,41.51967],[-92.66365,41.52051],[-92.66751,41.52019]]]}},{"type":"Feature","properties":{},"geometry":{"type":"Polygon","coordinates":[[[-92.6472,41.50347],[-92.64318,41.50382],[-92.64318,41.50396],[-92.6472,41.50347]]]}},{"type":"Feature","properties":{},"geometry":{"type":"Polygon","coordinates":[[[-92.60189,41.50091],[-92.60003,41.50192],[-92.60259,41.50231],[-92.60189,41.50091]]]}},{"type":"Feature","properties":{},"geometry":{"type":"Polygon","coordinates":[[[-93.48804,41.87185],[-93.48813,41.87281],[-93.48831,41.87222],[-93.48804,41.87185]]]}},{"type":"Feature","properties":{},"geometry":{"type":"Polygon","coordinates":[[[-93.19821,41.87152],[-93.20041,41.87069],[-93.19873,41.87037],[-93.19821,41.87152]]]}},{"type":"Feature","properties":{},"geometry":{"type":"Polygon","coordinates":[[[-93.48363,41.86918],[-93.48568,41.86872],[-93.48555,41.86819],[-93.48363,41.86918]]]}},{"type":"Feature","properties":{},"geometry":{"type":"Polygon","coordinates":[[[-93.215,41.86521],[-93.21158,41.86856],[-93.21498,41.86904],[-93.215,41.86521]]]}},{"type":"Feature","properties":{},"geometry":{"type":"Polygon","coordinates":[[[-93.29162,41.85431],[-93.291,41.85582],[-93.29207,41.85584],[-93.29162,41.85431]]]}},{"type":"Feature","properties":{},"geometry":{"type":"Polygon","coordinates":[[[-93.35793,41.85074],[-93.35624,41.85225],[-93.35845,41.85159],[-93.35793,41.85074]]]}},{"type":"Feature","properties":{},"geometry":{"type":"Polygon","coordinates":[[[-93.23698,41.85021],[-93.23573,41.85142],[-93.23671,41.85252],[-93.23698,41.85021]]]}},{"type":"Feature","properties":{},"geometry":{"type":"Polygon","coordinates":[[[-93.33198,41.84779],[-93.33042,41.84712],[-93.32953,41.84801],[-93.33198,41.84779]]]}},{"type":"Feature","properties":{},"geometry":{"type":"Polygon","coordinates":[[[-93.22788,41.83867],[-93.22623,41.83867],[-93.22647,41.83906],[-93.22788,41.83867]]]}},{"type":"Feature","properties":{},"geometry":{"type":"Polygon","coordinates":[[[-93.25728,41.83696],[-93.25848,41.8363],[-93.25725,41.83664],[-93.25728,41.83696]]]}},{"type":"Feature","properties":{},"geometry":{"type":"Polygon","coordinates":[[[-93.2209,41.83476],[-93.22178,41.83531],[-93.22169,41.83478],[-93.2209,41.83476]]]}},{"type":"Feature","properties":{},"geometry":{"type":"Polygon","coordinates":[[[-93.43031,41.83248],[-93.43211,41.83298],[-93.4322,41.83215],[-93.43031,41.83248]]]}},{"type":"Feature","properties":{},"geometry":{"type":"Polygon","coordinates":[[[-93.54961,41.82771],[-93.54863,41.8286],[-93.54952,41.82924],[-93.54961,41.82771]]]}},{"type":"Feature","properties":{},"geometry":{"type":"Polygon","coordinates":[[[-93.39479,41.82238],[-93.39354,41.82359],[-93.39595,41.82311],[-93.39479,41.82238]]]}},{"type":"Feature","properties":{},"geometry":{"type":"Polygon","coordinates":[[[-93.33234,41.81622],[-93.33127,41.81628],[-93.33258,41.81704],[-93.33234,41.81622]]]}},{"type":"Feature","properties":{},"geometry":{"type":"Polygon","coordinates":[[[-93.18575,41.80715],[-93.18462,41.80637],[-93.18523,41.80742],[-93.18575,41.80715]]]}},{"type":"Feature","properties":{},"geometry":{"type":"Polygon","coordinates":[[[-93.19877,41.8024],[-93.19547,41.80316],[-93.19884,41.80385],[-93.19877,41.8024]]]}},{"type":"Feature","properties":{},"geometry":{"type":"Polygon","coordinates":[[[-93.39591,41.80158],[-93.39472,41.80115],[-93.39463,41.80156],[-93.39591,41.80158]]]}},{"type":"Feature","properties":{},"geometry":{"type":"Polygon","coordinates":[[[-93.24106,41.80184],[-93.23953,41.80118],[-93.23971,41.80191],[-93.24106,41.80184]]]}},{"type":"Feature","properties":{},"geometry":{"type":"Polygon","coordinates":[[[-93.3809,41.79362],[-93.38246,41.79529],[-93.3824,41.79376],[-93.3809,41.79362]]]}},{"type":"Feature","properties":{},"geometry":{"type":"Polygon","coordinates":[[[-93.2486,41.79511],[-93.24661,41.79561],[-93.24875,41.79566],[-93.2486,41.79511]]]}},{"type":"Feature","properties":{},"geometry":{"type":"Polygon","coordinates":[[[-93.34963,41.79353],[-93.34853,41.79272],[-93.34926,41.79357],[-93.34963,41.79353]]]}},{"type":"Feature","properties":{},"geometry":{"type":"Polygon","coordinates":[[[-93.4515,41.77403],[-93.45318,41.77509],[-93.45354,41.77358],[-93.4515,41.77403]]]}},{"type":"Feature","properties":{},"geometry":{"type":"Polygon","coordinates":[[[-93.31369,41.77464],[-93.31516,41.7743],[-93.31204,41.77317],[-93.31369,41.77464]]]}},{"type":"Feature","properties":{},"geometry":{"type":"Polygon","coordinates":[[[-93.34625,41.75884],[-93.34542,41.75996],[-93.34717,41.75925],[-93.34625,41.75884]]]}},{"type":"Feature","properties":{},"geometry":{"type":"Polygon","coordinates":[[[-93.33227,41.74558],[-93.32995,41.74606],[-93.33227,41.74606],[-93.33227,41.74558]]]}},{"type":"Feature","properties":{},"geometry":{"type":"Polygon","coordinates":[[[-93.31275,41.74612],[-93.31122,41.74504],[-93.31125,41.74527],[-93.31275,41.74612]]]}},{"type":"Feature","properties":{},"geometry":{"type":"Polygon","coordinates":[[[-93.43683,41.74308],[-93.43799,41.74175],[-93.43653,41.74264],[-93.43683,41.74308]]]}},{"type":"Feature","properties":{},"geometry":{"type":"Polygon","coordinates":[[[-93.25589,41.73143],[-93.25467,41.73088],[-93.25546,41.73159],[-93.25589,41.73143]]]}},{"type":"Feature","properties":{},"geometry":{"type":"Polygon","coordinates":[[[-93.05668,41.72354],[-93.05491,41.72269],[-93.05561,41.72384],[-93.05668,41.72354]]]}},{"type":"Feature","properties":{},"geometry":{"type":"Polygon","coordinates":[[[-93.38459,41.71834],[-93.38517,41.72074],[-93.38673,41.71909],[-93.38459,41.71834]]]}},{"type":"Feature","properties":{},"geometry":{"type":"Polygon","coordinates":[[[-93.06612,41.71819],[-93.06527,41.71908],[-93.06633,41.71883],[-93.06612,41.71819]]]}},{"type":"Feature","properties":{},"geometry":{"type":"Polygon","coordinates":[[[-93.29784,41.71619],[-93.29659,41.71433],[-93.29613,41.71584],[-93.29784,41.71619]]]}},{"type":"Feature","properties":{},"geometry":{"type":"Polygon","coordinates":[[[-93.44376,41.7075],[-93.4404,41.7064],[-93.44046,41.70764],[-93.44376,41.7075]]]}},{"type":"Feature","properties":{},"geometry":{"type":"Polygon","coordinates":[[[-93.22237,41.69348],[-93.21782,41.6954],[-93.22185,41.69673],[-93.22237,41.69348]]]}},{"type":"Feature","properties":{},"geometry":{"type":"Polygon","coordinates":[[[-93.22289,41.69403],[-93.22206,41.69485],[-93.22441,41.69515],[-93.22289,41.69403]]]}},{"type":"Feature","properties":{},"geometry":{"type":"Polygon","coordinates":[[[-93.24488,41.68549],[-93.22844,41.6902],[-93.24562,41.68794],[-93.24488,41.68549]]]}},{"type":"Feature","properties":{},"geometry":{"type":"Polygon","coordinates":[[[-93.06102,41.63255],[-93.05979,41.63386],[-93.06022,41.63393],[-93.06102,41.63255]]]}},{"type":"Feature","properties":{},"geometry":{"type":"Polygon","coordinates":[[[-93.06385,41.60233],[-93.06239,41.60254],[-93.06412,41.60279],[-93.06385,41.60233]]]}},{"type":"Feature","properties":{},"geometry":{"type":"Polygon","coordinates":[[[-93.04549,41.5845],[-93.04257,41.58466],[-93.04391,41.58649],[-93.04549,41.5845]]]}},{"type":"Feature","properties":{},"geometry":{"type":"Polygon","coordinates":[[[-93.03259,41.57065],[-93.02869,41.56955],[-93.03326,41.572],[-93.03259,41.57065]]]}},{"type":"Feature","properties":{},"geometry":{"type":"Polygon","coordinates":[[[-93.00982,41.54228],[-93.00818,41.54253],[-93.01013,41.54281],[-93.00982,41.54228]]]}},{"type":"Feature","properties":{},"geometry":{"type":"Polygon","coordinates":[[[-92.52917,41.48591],[-92.52747,41.48651],[-92.52926,41.48655],[-92.52917,41.48591]]]}},{"type":"Feature","properties":{},"geometry":{"type":"Polygon","coordinates":[[[-92.61701,41.48266],[-92.6154,41.4824],[-92.61497,41.4835],[-92.61701,41.48266]]]}},{"type":"Feature","properties":{},"geometry":{"type":"Polygon","coordinates":[[[-92.44966,41.47799],[-92.44835,41.47618],[-92.44233,41.48037],[-92.44966,41.47799]]]}},{"type":"Feature","properties":{},"geometry":{"type":"Polygon","coordinates":[[[-92.60749,41.46705],[-92.6078,41.46518],[-92.60612,41.46671],[-92.60749,41.46705]]]}},{"type":"Feature","properties":{},"geometry":{"type":"Polygon","coordinates":[[[-92.54528,41.45154],[-92.54346,41.45055],[-92.54175,41.45112],[-92.54528,41.45154]]]}},{"type":"Feature","properties":{},"geometry":{"type":"Polygon","coordinates":[[[-92.19829,41.43258],[-92.19744,41.43137],[-92.1962,41.43359],[-92.19829,41.43258]]]}},{"type":"Feature","properties":{},"geometry":{"type":"Polygon","coordinates":[[[-92.43851,41.43121],[-92.43748,41.43119],[-92.43724,41.43249],[-92.43851,41.43121]]]}},{"type":"Feature","properties":{},"geometry":{"type":"Polygon","coordinates":[[[-92.3862,41.42954],[-92.38428,41.42931],[-92.38613,41.42986],[-92.3862,41.42954]]]}},{"type":"Feature","properties":{},"geometry":{"type":"Polygon","coordinates":[[[-92.36045,41.4064],[-92.359,41.40595],[-92.36027,41.40675],[-92.36045,41.4064]]]}},{"type":"Feature","properties":{},"geometry":{"type":"Polygon","coordinates":[[[-92.34508,41.39483],[-92.34268,41.39505],[-92.34533,41.39558],[-92.34508,41.39483]]]}},{"type":"Feature","properties":{},"geometry":{"type":"Polygon","coordinates":[[[-92.34946,41.38426],[-92.34779,41.38368],[-92.34779,41.38508],[-92.34946,41.38426]]]}},{"type":"Feature","properties":{},"geometry":{"type":"Polygon","coordinates":[[[-92.12561,41.38094],[-92.12355,41.38078],[-92.12385,41.38259],[-92.12561,41.38094]]]}},{"type":"Feature","properties":{},"geometry":{"type":"Polygon","coordinates":[[[-92.44299,41.38074],[-92.44266,41.37928],[-92.44059,41.38037],[-92.44299,41.38074]]]}},{"type":"Feature","properties":{},"geometry":{"type":"Polygon","coordinates":[[[-92.44161,41.3706],[-92.43964,41.37223],[-92.44341,41.37255],[-92.44161,41.3706]]]}},{"type":"Feature","properties":{},"geometry":{"type":"Polygon","coordinates":[[[-92.24834,41.36891],[-92.24554,41.36883],[-92.24542,41.36903],[-92.24834,41.36891]]]}},{"type":"Feature","properties":{},"geometry":{"type":"Polygon","coordinates":[[[-92.08729,41.36289],[-92.08869,41.36232],[-92.08832,41.3619],[-92.08729,41.36289]]]}},{"type":"Feature","properties":{},"geometry":{"type":"Polygon","coordinates":[[[-92.46642,41.36473],[-92.46521,41.36574],[-92.46597,41.36631],[-92.46642,41.36473]]]}},{"type":"Feature","properties":{},"geometry":{"type":"Polygon","coordinates":[[[-92.41436,41.35808],[-92.41294,41.35648],[-92.41282,41.35687],[-92.41436,41.35808]]]}},{"type":"Feature","properties":{},"geometry":{"type":"Polygon","coordinates":[[[-92.38476,41.35548],[-92.38376,41.35358],[-92.38382,41.35557],[-92.38476,41.35548]]]}},{"type":"Feature","properties":{},"geometry":{"type":"Polygon","coordinates":[[[-92.41062,41.34856],[-92.40999,41.34712],[-92.40941,41.34859],[-92.41062,41.34856]]]}},{"type":"Feature","properties":{},"geometry":{"type":"Polygon","coordinates":[[[-92.08029,41.34515],[-92.0798,41.34589],[-92.0822,41.34504],[-92.08029,41.34515]]]}},{"type":"Feature","properties":{},"geometry":{"type":"Polygon","coordinates":[[[-93.12747,41.6455],[-93.12582,41.64801],[-93.12814,41.6476],[-93.12747,41.6455]]]}},{"type":"Feature","properties":{},"geometry":{"type":"Polygon","coordinates":[[[-91.85691,41.00455],[-91.8551,41.00297],[-91.85434,41.00544],[-91.85691,41.00455]]]}},{"type":"Feature","properties":{},"geometry":{"type":"Polygon","coordinates":[[[-92.92766,41.48866],[-92.92592,41.4888],[-92.92675,41.48937],[-92.92766,41.48866]]]}},{"type":"Feature","properties":{},"geometry":{"type":"Polygon","coordinates":[[[-92.90118,41.46803],[-92.90027,41.46853],[-92.90124,41.46837],[-92.90118,41.46803]]]}},{"type":"Feature","properties":{},"geometry":{"type":"Polygon","coordinates":[[[-92.89172,41.46838],[-92.88664,41.46609],[-92.88293,41.46803],[-92.89172,41.46838]]]}},{"type":"Feature","properties":{},"geometry":{"type":"Polygon","coordinates":[[[-92.8752,41.46716],[-92.87943,41.46835],[-92.88022,41.46744],[-92.8752,41.46716]]]}},{"type":"Feature","properties":{},"geometry":{"type":"Polygon","coordinates":[[[-92.84543,41.46359],[-92.84269,41.46334],[-92.84591,41.46494],[-92.84543,41.46359]]]}},{"type":"Feature","properties":{},"geometry":{"type":"Polygon","coordinates":[[[-92.83947,41.45718],[-92.83761,41.45714],[-92.83941,41.45766],[-92.83947,41.45718]]]}},{"type":"Feature","properties":{},"geometry":{"type":"Polygon","coordinates":[[[-92.85024,41.45112],[-92.8492,41.45078],[-92.84926,41.4514],[-92.85024,41.45112]]]}},{"type":"Feature","properties":{},"geometry":{"type":"Polygon","coordinates":[[[-92.91306,41.4386],[-92.91114,41.43716],[-92.91105,41.43764],[-92.91306,41.4386]]]}},{"type":"Feature","properties":{},"geometry":{"type":"Polygon","coordinates":[[[-92.85404,41.4336],[-92.85572,41.43422],[-92.85654,41.43303],[-92.85404,41.4336]]]}},{"type":"Feature","properties":{},"geometry":{"type":"Polygon","coordinates":[[[-92.83368,41.42042],[-92.83463,41.41964],[-92.83371,41.41943],[-92.83368,41.42042]]]}},{"type":"Feature","properties":{},"geometry":{"type":"Polygon","coordinates":[[[-92.74074,41.40799],[-92.74265,41.40845],[-92.74262,41.40799],[-92.74074,41.40799]]]}},{"type":"Feature","properties":{},"geometry":{"type":"Polygon","coordinates":[[[-92.74729,41.40004],[-92.74607,41.39865],[-92.74537,41.4005],[-92.74729,41.40004]]]}},{"type":"Feature","properties":{},"geometry":{"type":"Polygon","coordinates":[[[-92.63188,41.38174],[-92.63097,41.38057],[-92.62954,41.38188],[-92.63188,41.38174]]]}},{"type":"Feature","properties":{},"geometry":{"type":"Polygon","coordinates":[[[-92.63668,41.36241],[-92.63565,41.36408],[-92.63677,41.36403],[-92.63668,41.36241]]]}},{"type":"Feature","properties":{},"geometry":{"type":"Polygon","coordinates":[[[-92.62951,41.36206],[-92.62857,41.35989],[-92.62866,41.36227],[-92.62951,41.36206]]]}},{"type":"Feature","properties":{},"geometry":{"type":"Polygon","coordinates":[[[-92.56086,41.35539],[-92.56058,41.3539],[-92.56016,41.35424],[-92.56086,41.35539]]]}},{"type":"Feature","properties":{},"geometry":{"type":"Polygon","coordinates":[[[-92.61206,41.32058],[-92.61015,41.31946],[-92.61112,41.32081],[-92.61206,41.32058]]]}},{"type":"Feature","properties":{},"geometry":{"type":"Polygon","coordinates":[[[-92.6009,41.30804],[-92.59865,41.30848],[-92.60108,41.30841],[-92.6009,41.30804]]]}},{"type":"Feature","properties":{},"geometry":{"type":"Polygon","coordinates":[[[-92.5799,41.30374],[-92.58105,41.30504],[-92.58154,41.30429],[-92.5799,41.30374]]]}},{"type":"Feature","properties":{},"geometry":{"type":"Polygon","coordinates":[[[-92.53931,41.27875],[-92.53855,41.27816],[-92.5384,41.27839],[-92.53931,41.27875]]]}},{"type":"Feature","properties":{},"geometry":{"type":"Polygon","coordinates":[[[-92.53446,41.27417],[-92.53316,41.27502],[-92.53428,41.27481],[-92.53446,41.27417]]]}},{"type":"Feature","properties":{},"geometry":{"type":"Polygon","coordinates":[[[-92.59587,41.27375],[-92.59724,41.27464],[-92.59879,41.27114],[-92.59587,41.27375]]]}},{"type":"Feature","properties":{},"geometry":{"type":"Polygon","coordinates":[[[-92.53665,41.26777],[-92.53853,41.26878],[-92.53829,41.26697],[-92.53665,41.26777]]]}},{"type":"Feature","properties":{},"geometry":{"type":"Polygon","coordinates":[[[-92.35934,41.26447],[-92.36012,41.26426],[-92.36143,41.26252],[-92.35934,41.26447]]]}},{"type":"Feature","properties":{},"geometry":{"type":"Polygon","coordinates":[[[-92.42608,41.26585],[-92.42283,41.2653],[-92.42265,41.2656],[-92.42608,41.26585]]]}},{"type":"Feature","properties":{},"geometry":{"type":"Polygon","coordinates":[[[-92.35731,41.26286],[-92.35828,41.263],[-92.35909,41.26163],[-92.35731,41.26286]]]}},{"type":"Feature","properties":{},"geometry":{"type":"Polygon","coordinates":[[[-92.10475,41.26134],[-92.10618,41.26033],[-92.10475,41.26037],[-92.10475,41.26134]]]}},{"type":"Feature","properties":{},"geometry":{"type":"Polygon","coordinates":[[[-92.10706,41.2544],[-92.10451,41.25433],[-92.10712,41.25454],[-92.10706,41.2544]]]}},{"type":"Feature","properties":{},"geometry":{"type":"Polygon","coordinates":[[[-92.30334,41.25367],[-92.30195,41.25332],[-92.3021,41.25511],[-92.30334,41.25367]]]}},{"type":"Feature","properties":{},"geometry":{"type":"Polygon","coordinates":[[[-92.33875,41.24614],[-92.33796,41.24827],[-92.33951,41.24802],[-92.33875,41.24614]]]}},{"type":"Feature","properties":{},"geometry":{"type":"Polygon","coordinates":[[[-92.43473,41.24837],[-92.43606,41.24796],[-92.43542,41.24666],[-92.43473,41.24837]]]}},{"type":"Feature","properties":{},"geometry":{"type":"Polygon","coordinates":[[[-92.08132,41.24282],[-92.0789,41.24362],[-92.08126,41.24327],[-92.08132,41.24282]]]}},{"type":"Feature","properties":{},"geometry":{"type":"Polygon","coordinates":[[[-92.08214,41.23959],[-92.08305,41.24101],[-92.08332,41.24069],[-92.08214,41.23959]]]}},{"type":"Feature","properties":{},"geometry":{"type":"Polygon","coordinates":[[[-92.18874,41.23972],[-92.18816,41.23942],[-92.1855,41.2405],[-92.18874,41.23972]]]}},{"type":"Feature","properties":{},"geometry":{"type":"Polygon","coordinates":[[[-92.41853,41.23296],[-92.4182,41.23541],[-92.4198,41.23534],[-92.41853,41.23296]]]}},{"type":"Feature","properties":{},"geometry":{"type":"Polygon","coordinates":[[[-92.40047,41.23404],[-92.40177,41.23452],[-92.40295,41.23347],[-92.40047,41.23404]]]}},{"type":"Feature","properties":{},"geometry":{"type":"Polygon","coordinates":[[[-92.42753,41.23204],[-92.4279,41.23366],[-92.42841,41.23163],[-92.42753,41.23204]]]}},{"type":"Feature","properties":{},"geometry":{"type":"Polygon","coordinates":[[[-92.22303,41.20447],[-92.22143,41.20511],[-92.22267,41.20533],[-92.22303,41.20447]]]}},{"type":"Feature","properties":{},"geometry":{"type":"Polygon","coordinates":[[[-92.16229,41.19391],[-92.16032,41.19452],[-92.16168,41.19491],[-92.16229,41.19391]]]}},{"type":"Feature","properties":{},"geometry":{"type":"Polygon","coordinates":[[[-92.23001,41.18979],[-92.2321,41.19007],[-92.23206,41.18824],[-92.23001,41.18979]]]}},{"type":"Feature","properties":{},"geometry":{"type":"Polygon","coordinates":[[[-92.14644,41.17977],[-92.14581,41.18101],[-92.14814,41.17954],[-92.14644,41.17977]]]}},{"type":"Feature","properties":{},"geometry":{"type":"Polygon","coordinates":[[[-92.09908,41.34061],[-92.09948,41.34216],[-92.10063,41.34212],[-92.09908,41.34061]]]}},{"type":"Feature","properties":{},"geometry":{"type":"Polygon","coordinates":[[[-92.25549,41.34121],[-92.25373,41.34256],[-92.25634,41.34309],[-92.25549,41.34121]]]}},{"type":"Feature","properties":{},"geometry":{"type":"Polygon","coordinates":[[[-92.05878,41.33068],[-92.05729,41.32991],[-92.05778,41.33206],[-92.05878,41.33068]]]}},{"type":"Feature","properties":{},"geometry":{"type":"Polygon","coordinates":[[[-92.28536,41.32616],[-92.28469,41.32714],[-92.28614,41.32817],[-92.28536,41.32616]]]}},{"type":"Feature","properties":{},"geometry":{"type":"Polygon","coordinates":[[[-92.02671,41.32128],[-92.02483,41.32069],[-92.02419,41.32313],[-92.02671,41.32128]]]}},{"type":"Feature","properties":{},"geometry":{"type":"Polygon","coordinates":[[[-92.15283,41.30714],[-92.1508,41.30718],[-92.15286,41.30727],[-92.15283,41.30714]]]}},{"type":"Feature","properties":{},"geometry":{"type":"Polygon","coordinates":[[[-92.19997,41.27465],[-92.19921,41.27314],[-92.19903,41.27417],[-92.19997,41.27465]]]}},{"type":"Feature","properties":{},"geometry":{"type":"Polygon","coordinates":[[[-92.09004,41.26826],[-92.09008,41.26582],[-92.08935,41.2681],[-92.09004,41.26826]]]}},{"type":"Feature","properties":{},"geometry":{"type":"Polygon","coordinates":[[[-93.00291,41.4617],[-93.00085,41.46087],[-93.00072,41.46174],[-93.00291,41.4617]]]}},{"type":"Feature","properties":{},"geometry":{"type":"Polygon","coordinates":[[[-91.57486,41.95927],[-91.57526,41.96034],[-91.57688,41.96004],[-91.57486,41.95927]]]}},{"type":"Feature","properties":{},"geometry":{"type":"Polygon","coordinates":[[[-91.56773,41.95089],[-91.56733,41.95169],[-91.56877,41.95254],[-91.56773,41.95089]]]}},{"type":"Feature","properties":{},"geometry":{"type":"Polygon","coordinates":[[[-91.55135,41.94349],[-91.55037,41.94191],[-91.55021,41.94306],[-91.55135,41.94349]]]}},{"type":"Feature","properties":{},"geometry":{"type":"Polygon","coordinates":[[[-91.62099,41.93554],[-91.62062,41.93286],[-91.61961,41.93357],[-91.62099,41.93554]]]}},{"type":"Feature","properties":{},"geometry":{"type":"Polygon","coordinates":[[[-91.5261,41.92506],[-91.52212,41.92421],[-91.52212,41.92435],[-91.5261,41.92506]]]}},{"type":"Feature","properties":{},"geometry":{"type":"Polygon","coordinates":[[[-91.60812,41.92284],[-91.60573,41.92337],[-91.60907,41.92421],[-91.60812,41.92284]]]}},{"type":"Feature","properties":{},"geometry":{"type":"Polygon","coordinates":[[[-91.32881,41.91076],[-91.32992,41.91005],[-91.3286,41.91],[-91.32881,41.91076]]]}},{"type":"Feature","properties":{},"geometry":{"type":"Polygon","coordinates":[[[-91.53315,41.90139],[-91.53346,41.89977],[-91.53196,41.90016],[-91.53315,41.90139]]]}},{"type":"Feature","properties":{},"geometry":{"type":"Polygon","coordinates":[[[-91.50458,41.88833],[-91.50375,41.88849],[-91.50442,41.88856],[-91.50458,41.88833]]]}},{"type":"Feature","properties":{},"geometry":{"type":"Polygon","coordinates":[[[-91.38956,41.8562],[-91.38662,41.85569],[-91.38888,41.85823],[-91.38956,41.8562]]]}},{"type":"Feature","properties":{},"geometry":{"type":"Polygon","coordinates":[[[-91.44545,41.85021],[-91.44386,41.85053],[-91.4456,41.85117],[-91.44545,41.85021]]]}},{"type":"Feature","properties":{},"geometry":{"type":"Polygon","coordinates":[[[-91.45058,41.84663],[-91.44847,41.84675],[-91.45037,41.84954],[-91.45058,41.84663]]]}},{"type":"Feature","properties":{},"geometry":{"type":"Polygon","coordinates":[[[-91.39864,41.83854],[-91.39787,41.83785],[-91.39711,41.83897],[-91.39864,41.83854]]]}},{"type":"Feature","properties":{},"geometry":{"type":"Polygon","coordinates":[[[-91.40136,41.83662],[-91.39952,41.83785],[-91.40157,41.83689],[-91.40136,41.83662]]]}},{"type":"Feature","properties":{},"geometry":{"type":"Polygon","coordinates":[[[-91.40136,41.83307],[-91.40127,41.83479],[-91.40191,41.83302],[-91.40136,41.83307]]]}},{"type":"Feature","properties":{},"geometry":{"type":"Polygon","coordinates":[[[-91.39845,41.82735],[-91.39891,41.82744],[-91.39845,41.8271],[-91.39845,41.82735]]]}},{"type":"Feature","properties":{},"geometry":{"type":"Polygon","coordinates":[[[-91.41463,41.826],[-91.41246,41.82579],[-91.41493,41.82742],[-91.41463,41.826]]]}},{"type":"Feature","properties":{},"geometry":{"type":"Polygon","coordinates":[[[-91.39622,41.82589],[-91.39661,41.82587],[-91.39603,41.82511],[-91.39622,41.82589]]]}},{"type":"Feature","properties":{},"geometry":{"type":"Polygon","coordinates":[[[-91.34142,41.82101],[-91.33986,41.82104],[-91.34084,41.82188],[-91.34142,41.82101]]]}},{"type":"Feature","properties":{},"geometry":{"type":"Polygon","coordinates":[[[-91.37313,41.79973],[-91.37172,41.7989],[-91.3727,41.79986],[-91.37313,41.79973]]]}},{"type":"Feature","properties":{},"geometry":{"type":"Polygon","coordinates":[[[-91.58641,41.86581],[-91.58559,41.86666],[-91.58644,41.86693],[-91.58641,41.86581]]]}},{"type":"Feature","properties":{},"geometry":{"type":"Polygon","coordinates":[[[-92.97892,41.8604],[-92.97791,41.86116],[-92.97925,41.86074],[-92.97892,41.8604]]]}},{"type":"Feature","properties":{},"geometry":{"type":"Polygon","coordinates":[[[-92.93613,41.85796],[-92.93463,41.8575],[-92.93344,41.85947],[-92.93613,41.85796]]]}},{"type":"Feature","properties":{},"geometry":{"type":"Polygon","coordinates":[[[-92.91351,41.85495],[-92.91275,41.85447],[-92.91302,41.85509],[-92.91351,41.85495]]]}},{"type":"Feature","properties":{},"geometry":{"type":"Polygon","coordinates":[[[-92.89916,41.85308],[-92.8976,41.85246],[-92.89812,41.85333],[-92.89916,41.85308]]]}},{"type":"Feature","properties":{},"geometry":{"type":"Polygon","coordinates":[[[-92.92165,41.84863],[-92.92036,41.84783],[-92.92,41.84836],[-92.92165,41.84863]]]}},{"type":"Feature","properties":{},"geometry":{"type":"Polygon","coordinates":[[[-92.93513,41.83051],[-92.93406,41.83289],[-92.93641,41.83133],[-92.93513,41.83051]]]}},{"type":"Feature","properties":{},"geometry":{"type":"Polygon","coordinates":[[[-92.9379,41.82241],[-92.93677,41.82184],[-92.93674,41.82305],[-92.9379,41.82241]]]}},{"type":"Feature","properties":{},"geometry":{"type":"Polygon","coordinates":[[[-92.81917,41.82154],[-92.81874,41.8207],[-92.81783,41.82122],[-92.81917,41.82154]]]}},{"type":"Feature","properties":{},"geometry":{"type":"Polygon","coordinates":[[[-92.84329,41.78248],[-92.84375,41.78053],[-92.84225,41.78179],[-92.84329,41.78248]]]}},{"type":"Feature","properties":{},"geometry":{"type":"Polygon","coordinates":[[[-92.8098,41.77729],[-92.8086,41.77777],[-92.81022,41.77903],[-92.8098,41.77729]]]}},{"type":"Feature","properties":{},"geometry":{"type":"Polygon","coordinates":[[[-92.96766,41.77826],[-92.96619,41.77885],[-92.96763,41.77842],[-92.96766,41.77826]]]}},{"type":"Feature","properties":{},"geometry":{"type":"Polygon","coordinates":[[[-92.83801,41.76715],[-92.84446,41.76033],[-92.84346,41.74968],[-92.85009,41.74257],[-92.86716,41.74868],[-92.85928,41.74372],[-92.86368,41.73871],[-92.82993,41.74215],[-92.84083,41.7474],[-92.83801,41.76715]]]}},{"type":"Feature","properties":{},"geometry":{"type":"Polygon","coordinates":[[[-92.8495,41.76578],[-92.84773,41.76461],[-92.84914,41.76585],[-92.8495,41.76578]]]}},{"type":"Feature","properties":{},"geometry":{"type":"Polygon","coordinates":[[[-92.7331,41.73127],[-92.73197,41.73214],[-92.73326,41.73527],[-92.7331,41.73127]]]}},{"type":"Feature","properties":{},"geometry":{"type":"Polygon","coordinates":[[[-92.7553,41.72634],[-92.75384,41.72572],[-92.75454,41.7267],[-92.7553,41.72634]]]}},{"type":"Feature","properties":{},"geometry":{"type":"Polygon","coordinates":[[[-92.73229,41.72578],[-92.73049,41.72596],[-92.73239,41.7266],[-92.73229,41.72578]]]}},{"type":"Feature","properties":{},"geometry":{"type":"Polygon","coordinates":[[[-92.822,41.72268],[-92.82097,41.7216],[-92.81959,41.7233],[-92.822,41.72268]]]}},{"type":"Feature","properties":{},"geometry":{"type":"Polygon","coordinates":[[[-92.88247,41.71654],[-92.87795,41.71915],[-92.87941,41.72203],[-92.88247,41.71654]]]}},{"type":"Feature","properties":{},"geometry":{"type":"Polygon","coordinates":[[[-92.82521,41.71854],[-92.82631,41.72108],[-92.8279,41.71788],[-92.82521,41.71854]]]}},{"type":"Feature","properties":{},"geometry":{"type":"Polygon","coordinates":[[[-92.94815,41.71937],[-92.95011,41.72017],[-92.9505,41.71921],[-92.94815,41.71937]]]}},{"type":"Feature","properties":{},"geometry":{"type":"Polygon","coordinates":[[[-92.95499,41.71825],[-92.95294,41.71868],[-92.95511,41.71843],[-92.95499,41.71825]]]}},{"type":"Feature","properties":{},"geometry":{"type":"Polygon","coordinates":[[[-92.94717,41.71661],[-92.94607,41.71585],[-92.94656,41.71684],[-92.94717,41.71661]]]}},{"type":"Feature","properties":{},"geometry":{"type":"Polygon","coordinates":[[[-92.77316,41.71109],[-92.77124,41.71082],[-92.77139,41.71153],[-92.77316,41.71109]]]}},{"type":"Feature","properties":{},"geometry":{"type":"Polygon","coordinates":[[[-92.77881,41.70931],[-92.77646,41.7086],[-92.77619,41.70904],[-92.77881,41.70931]]]}},{"type":"Feature","properties":{},"geometry":{"type":"Polygon","coordinates":[[[-92.72057,41.68385],[-92.72118,41.68292],[-92.72044,41.68298],[-92.72057,41.68385]]]}},{"type":"Feature","properties":{},"geometry":{"type":"Polygon","coordinates":[[[-92.86058,41.67902],[-92.86305,41.68201],[-92.86611,41.68126],[-92.86058,41.67902]]]}},{"type":"Feature","properties":{},"geometry":{"type":"Polygon","coordinates":[[[-92.72138,41.67569],[-92.72001,41.67587],[-92.72111,41.67653],[-92.72138,41.67569]]]}},{"type":"Feature","properties":{},"geometry":{"type":"Polygon","coordinates":[[[-92.73454,41.64666],[-92.73299,41.6455],[-92.72942,41.64806],[-92.73454,41.64666]]]}},{"type":"Feature","properties":{},"geometry":{"type":"Polygon","coordinates":[[[-92.74829,41.63992],[-92.74731,41.63935],[-92.74798,41.63997],[-92.74829,41.63992]]]}},{"type":"Feature","properties":{},"geometry":{"type":"Polygon","coordinates":[[[-92.89044,41.6134],[-92.8888,41.61269],[-92.88913,41.61372],[-92.89044,41.6134]]]}},{"type":"Feature","properties":{},"geometry":{"type":"Polygon","coordinates":[[[-92.55359,41.61123],[-92.5545,41.6103],[-92.55374,41.61037],[-92.55359,41.61123]]]}},{"type":"Feature","properties":{},"geometry":{"type":"Polygon","coordinates":[[[-92.6619,41.605],[-92.66193,41.60397],[-92.66132,41.60416],[-92.6619,41.605]]]}},{"type":"Feature","properties":{},"geometry":{"type":"Polygon","coordinates":[[[-92.72095,41.73505],[-92.71887,41.73361],[-92.72037,41.73533],[-92.72095,41.73505]]]}},{"type":"Feature","properties":{},"geometry":{"type":"Polygon","coordinates":[[[-92.69222,41.72155],[-92.69106,41.72075],[-92.69103,41.72261],[-92.69222,41.72155]]]}},{"type":"Feature","properties":{},"geometry":{"type":"Polygon","coordinates":[[[-92.70883,41.71768],[-92.70752,41.71864],[-92.70849,41.71889],[-92.70883,41.71768]]]}},{"type":"Feature","properties":{},"geometry":{"type":"Polygon","coordinates":[[[-92.66616,41.70624],[-92.66406,41.70599],[-92.66372,41.70894],[-92.66616,41.70624]]]}},{"type":"Feature","properties":{},"geometry":{"type":"Polygon","coordinates":[[[-92.63682,41.67817],[-92.63496,41.67886],[-92.63627,41.68003],[-92.63682,41.67817]]]}},{"type":"Feature","properties":{},"geometry":{"type":"Polygon","coordinates":[[[-92.11802,41.65471],[-92.1172,41.65535],[-92.11823,41.65505],[-92.11802,41.65471]]]}},{"type":"Feature","properties":{},"geometry":{"type":"Polygon","coordinates":[[[-92.51536,41.64953],[-92.51429,41.64859],[-92.51328,41.65069],[-92.51536,41.64953]]]}},{"type":"Feature","properties":{},"geometry":{"type":"Polygon","coordinates":[[[-92.17585,41.6452],[-92.17664,41.64699],[-92.17701,41.64504],[-92.17585,41.6452]]]}},{"type":"Feature","properties":{},"geometry":{"type":"Polygon","coordinates":[[[-92.17849,41.63861],[-92.16834,41.63564],[-92.17716,41.64411],[-92.17849,41.63861]]]}},{"type":"Feature","properties":{},"geometry":{"type":"Polygon","coordinates":[[[-92.48034,41.63354],[-92.48073,41.63235],[-92.48024,41.63237],[-92.48034,41.63354]]]}},{"type":"Feature","properties":{},"geometry":{"type":"Polygon","coordinates":[[[-92.47932,41.62945],[-92.48085,41.62926],[-92.47819,41.62814],[-92.47932,41.62945]]]}},{"type":"Feature","properties":{},"geometry":{"type":"Polygon","coordinates":[[[-92.43804,41.62767],[-92.43941,41.62769],[-92.43809,41.62582],[-92.43804,41.62767]]]}},{"type":"Feature","properties":{},"geometry":{"type":"Polygon","coordinates":[[[-92.28987,41.61361],[-92.28929,41.61473],[-92.29105,41.6148],[-92.28987,41.61361]]]}},{"type":"Feature","properties":{},"geometry":{"type":"Polygon","coordinates":[[[-92.21545,41.61107],[-92.21243,41.6116],[-92.216,41.61164],[-92.21545,41.61107]]]}},{"type":"Feature","properties":{},"geometry":{"type":"Polygon","coordinates":[[[-92.28024,41.6098],[-92.28097,41.60882],[-92.28027,41.6088],[-92.28024,41.6098]]]}},{"type":"Feature","properties":{},"geometry":{"type":"Polygon","coordinates":[[[-92.54945,41.60883],[-92.54774,41.60855],[-92.54938,41.60924],[-92.54945,41.60883]]]}},{"type":"Feature","properties":{},"geometry":{"type":"Polygon","coordinates":[[[-92.3876,41.60348],[-92.38607,41.60238],[-92.38601,41.60268],[-92.3876,41.60348]]]}},{"type":"Feature","properties":{},"geometry":{"type":"Polygon","coordinates":[[[-92.19876,41.59875],[-92.19851,41.59717],[-92.19678,41.59889],[-92.19876,41.59875]]]}},{"type":"Feature","properties":{},"geometry":{"type":"Polygon","coordinates":[[[-92.44648,41.60058],[-92.44499,41.60005],[-92.44481,41.60067],[-92.44648,41.60058]]]}},{"type":"Feature","properties":{},"geometry":{"type":"Polygon","coordinates":[[[-92.17042,41.59662],[-92.16987,41.59769],[-92.17163,41.5968],[-92.17042,41.59662]]]}},{"type":"Feature","properties":{},"geometry":{"type":"Polygon","coordinates":[[[-92.53252,41.59521],[-92.53507,41.59704],[-92.53538,41.59617],[-92.53252,41.59521]]]}},{"type":"Feature","properties":{},"geometry":{"type":"Polygon","coordinates":[[[-92.40131,41.58614],[-92.39972,41.58685],[-92.40131,41.58639],[-92.40131,41.58614]]]}},{"type":"Feature","properties":{},"geometry":{"type":"Polygon","coordinates":[[[-92.24219,41.57941],[-92.24072,41.57845],[-92.241,41.57961],[-92.24219,41.57941]]]}},{"type":"Feature","properties":{},"geometry":{"type":"Polygon","coordinates":[[[-92.07438,41.52686],[-92.07298,41.52787],[-92.07462,41.52723],[-92.07438,41.52686]]]}},{"type":"Feature","properties":{},"geometry":{"type":"Polygon","coordinates":[[[-92.09021,41.51971],[-92.08881,41.52019],[-92.09052,41.52042],[-92.09021,41.51971]]]}},{"type":"Feature","properties":{},"geometry":{"type":"Polygon","coordinates":[[[-91.1415,41.26657],[-91.14299,41.26863],[-91.1422,41.26623],[-91.1415,41.26657]]]}},{"type":"Feature","properties":{},"geometry":{"type":"Polygon","coordinates":[[[-91.09909,41.25861],[-91.10179,41.25667],[-91.10584,41.24455],[-91.09891,41.23215],[-91.09799,41.24782],[-91.10119,41.25177],[-91.10099,41.24025],[-91.10387,41.24873],[-91.1004,41.25742],[-91.09567,41.2506],[-91.0934,41.25696],[-91.09909,41.25861]]]}},{"type":"Feature","properties":{},"geometry":{"type":"Polygon","coordinates":[[[-91.10439,41.22472],[-91.09622,41.21996],[-91.10518,41.22794],[-91.10439,41.22472]]]}},{"type":"Feature","properties":{},"geometry":{"type":"Polygon","coordinates":[[[-91.09366,41.19034],[-91.09611,41.19013],[-91.09039,41.18487],[-91.09366,41.19034]]]}},{"type":"Feature","properties":{},"geometry":{"type":"Polygon","coordinates":[[[-91.0679,41.18509],[-91.06617,41.18417],[-91.06729,41.18539],[-91.0679,41.18509]]]}},{"type":"Feature","properties":{},"geometry":{"type":"Polygon","coordinates":[[[-91.07449,41.16446],[-91.07228,41.1637],[-91.07215,41.16487],[-91.07449,41.16446]]]}},{"type":"Feature","properties":{},"geometry":{"type":"Polygon","coordinates":[[[-92.90662,42.13412],[-92.90776,42.13508],[-92.90769,42.13419],[-92.90662,42.13412]]]}},{"type":"Feature","properties":{},"geometry":{"type":"Polygon","coordinates":[[[-92.69902,42.09947],[-92.69432,42.09945],[-92.69444,42.10084],[-92.69902,42.09947]]]}},{"type":"Feature","properties":{},"geometry":{"type":"Polygon","coordinates":[[[-92.99881,42.08222],[-92.99445,42.08124],[-92.99411,42.08149],[-92.99881,42.08222]]]}},{"type":"Feature","properties":{},"geometry":{"type":"Polygon","coordinates":[[[-92.99838,42.08039],[-92.99214,42.0785],[-92.99159,42.07882],[-92.99838,42.08039]]]}},{"type":"Feature","properties":{},"geometry":{"type":"Polygon","coordinates":[[[-92.97178,42.07769],[-92.97233,42.07705],[-92.96833,42.07291],[-92.97178,42.07769]]]}},{"type":"Feature","properties":{},"geometry":{"type":"Polygon","coordinates":[[[-92.89866,42.0681],[-92.89759,42.06755],[-92.89774,42.06835],[-92.89866,42.0681]]]}},{"type":"Feature","properties":{},"geometry":{"type":"Polygon","coordinates":[[[-92.89381,42.06494],[-92.89246,42.06433],[-92.89203,42.06499],[-92.89381,42.06494]]]}},{"type":"Feature","properties":{},"geometry":{"type":"Polygon","coordinates":[[[-92.88417,42.05561],[-92.87923,42.05524],[-92.87914,42.05605],[-92.88417,42.05561]]]}},{"type":"Feature","properties":{},"geometry":{"type":"Polygon","coordinates":[[[-92.86287,42.05257],[-92.85946,42.05261],[-92.86302,42.05367],[-92.86287,42.05257]]]}},{"type":"Feature","properties":{},"geometry":{"type":"Polygon","coordinates":[[[-92.95169,42.04319],[-92.95328,42.04376],[-92.95377,42.0417],[-92.95169,42.04319]]]}},{"type":"Feature","properties":{},"geometry":{"type":"Polygon","coordinates":[[[-92.76021,42.04187],[-92.75862,42.04279],[-92.76018,42.04354],[-92.76021,42.04187]]]}},{"type":"Feature","properties":{},"geometry":{"type":"Polygon","coordinates":[[[-92.84222,42.04138],[-92.83998,42.0414],[-92.84231,42.04174],[-92.84222,42.04138]]]}},{"type":"Feature","properties":{},"geometry":{"type":"Polygon","coordinates":[[[-92.72395,42.03487],[-92.72374,42.03693],[-92.72647,42.03436],[-92.72395,42.03487]]]}},{"type":"Feature","properties":{},"geometry":{"type":"Polygon","coordinates":[[[-92.98672,42.03716],[-92.98534,42.0354],[-92.9862,42.03746],[-92.98672,42.03716]]]}},{"type":"Feature","properties":{},"geometry":{"type":"Polygon","coordinates":[[[-92.70292,42.02683],[-92.70442,42.02587],[-92.69884,42.025],[-92.70292,42.02683]]]}},{"type":"Feature","properties":{},"geometry":{"type":"Polygon","coordinates":[[[-92.78256,42.01943],[-92.78099,42.0203],[-92.78243,42.0211],[-92.78256,42.01943]]]}},{"type":"Feature","properties":{},"geometry":{"type":"Polygon","coordinates":[[[-92.64557,42.02029],[-92.64769,42.01873],[-92.64505,42.0183],[-92.64557,42.02029]]]}},{"type":"Feature","properties":{},"geometry":{"type":"Polygon","coordinates":[[[-92.68487,42.01764],[-92.68325,42.02014],[-92.68635,42.01824],[-92.68487,42.01764]]]}},{"type":"Feature","properties":{},"geometry":{"type":"Polygon","coordinates":[[[-92.76123,42.00786],[-92.76383,42.00713],[-92.7612,42.0071],[-92.76123,42.00786]]]}},{"type":"Feature","properties":{},"geometry":{"type":"Polygon","coordinates":[[[-93.03338,42.12914],[-93.03615,42.12995],[-93.0336,42.12782],[-93.03338,42.12914]]]}},{"type":"Feature","properties":{},"geometry":{"type":"Polygon","coordinates":[[[-93.03151,42.12882],[-93.03099,42.12576],[-93.03084,42.1277],[-93.03151,42.12882]]]}},{"type":"Feature","properties":{},"geometry":{"type":"Polygon","coordinates":[[[-93.0298,42.12386],[-93.0281,42.12548],[-93.02819,42.12591],[-93.02949,42.12537],[-93.0298,42.12386]]]}},{"type":"Feature","properties":{},"geometry":{"type":"Polygon","coordinates":[[[-93.03235,42.12342],[-93.0325,42.12169],[-93.02955,42.12162],[-93.03235,42.12342]]]}},{"type":"Feature","properties":{},"geometry":{"type":"Polygon","coordinates":[[[-91.48732,41.77261],[-91.48875,41.77199],[-91.48631,41.77202],[-91.48732,41.77261]]]}},{"type":"Feature","properties":{},"geometry":{"type":"Polygon","coordinates":[[[-91.98177,41.76997],[-91.98473,41.76987],[-91.9832,41.76674],[-91.98177,41.76997]]]}},{"type":"Feature","properties":{},"geometry":{"type":"Polygon","coordinates":[[[-91.49944,41.74729],[-91.49832,41.74857],[-91.4996,41.74809],[-91.49944,41.74729]]]}},{"type":"Feature","properties":{},"geometry":{"type":"Polygon","coordinates":[[[-91.55526,41.72107],[-91.55367,41.72137],[-91.55495,41.7221],[-91.55526,41.72107]]]}},{"type":"Feature","properties":{},"geometry":{"type":"Polygon","coordinates":[[[-91.3449,41.76379],[-91.34338,41.76324],[-91.34273,41.76422],[-91.3449,41.76379]]]}},{"type":"Feature","properties":{},"geometry":{"type":"Polygon","coordinates":[[[-91.14582,41.72745],[-91.14534,41.7282],[-91.14726,41.7277],[-91.14582,41.72745]]]}},{"type":"Feature","properties":{},"geometry":{"type":"Polygon","coordinates":[[[-91.10849,41.71048],[-91.1069,41.71137],[-91.10812,41.71247],[-91.10849,41.71048]]]}},{"type":"Feature","properties":{},"geometry":{"type":"Polygon","coordinates":[[[-91.10071,41.70929],[-91.09897,41.7089],[-91.10092,41.70993],[-91.10071,41.70929]]]}},{"type":"Feature","properties":{},"geometry":{"type":"Polygon","coordinates":[[[-91.17928,41.68053],[-91.1777,41.68074],[-91.17931,41.68126],[-91.17928,41.68053]]]}},{"type":"Feature","properties":{},"geometry":{"type":"Polygon","coordinates":[[[-91.15986,41.635],[-91.15797,41.63436],[-91.15977,41.63578],[-91.15986,41.635]]]}},{"type":"Feature","properties":{},"geometry":{"type":"Polygon","coordinates":[[[-91.13208,41.61934],[-91.12699,41.61739],[-91.13214,41.61977],[-91.13208,41.61934]]]}},{"type":"Feature","properties":{},"geometry":{"type":"Polygon","coordinates":[[[-91.13583,41.61424],[-91.13416,41.61415],[-91.13574,41.61492],[-91.13583,41.61424]]]}},{"type":"Feature","properties":{},"geometry":{"type":"Polygon","coordinates":[[[-91.14052,41.6076],[-91.1379,41.60776],[-91.1415,41.60914],[-91.14052,41.6076]]]}},{"type":"Feature","properties":{},"geometry":{"type":"Polygon","coordinates":[[[-91.12437,41.60378],[-91.12651,41.60479],[-91.12678,41.60394],[-91.12437,41.60378]]]}},{"type":"Feature","properties":{},"geometry":{"type":"Polygon","coordinates":[[[-91.09787,41.58864],[-91.09909,41.5902],[-91.1004,41.58965],[-91.09787,41.58864]]]}},{"type":"Feature","properties":{},"geometry":{"type":"Polygon","coordinates":[[[-91.10464,41.57453],[-91.1033,41.57618],[-91.10467,41.57515],[-91.10464,41.57453]]]}},{"type":"Feature","properties":{},"geometry":{"type":"Polygon","coordinates":[[[-91.12395,41.55962],[-91.12614,41.56458],[-91.13089,41.56655],[-91.13409,41.56543],[-91.12395,41.55962]]]}},{"type":"Feature","properties":{},"geometry":{"type":"MultiPolygon","coordinates":[[[[-91.13597,41.54615],[-91.13226,41.56049],[-91.12099,41.55635],[-91.13074,41.56127],[-91.13786,41.55928],[-91.14152,41.54967],[-91.13597,41.54615]]],[[[-91.1382,41.55182],[-91.13713,41.55196],[-91.1361,41.55488],[-91.1382,41.55182]]]]}},{"type":"Feature","properties":{},"geometry":{"type":"Polygon","coordinates":[[[-91.11491,41.55244],[-91.11153,41.5512],[-91.11116,41.55193],[-91.11491,41.55244]]]}},{"type":"Feature","properties":{},"geometry":{"type":"Polygon","coordinates":[[[-91.13034,41.54809],[-91.12778,41.54718],[-91.12785,41.54777],[-91.13034,41.54809]]]}},{"type":"Feature","properties":{},"geometry":{"type":"Polygon","coordinates":[[[-91.13122,41.54548],[-91.13235,41.54775],[-91.134,41.5467],[-91.13122,41.54548]]]}},{"type":"Feature","properties":{},"geometry":{"type":"Polygon","coordinates":[[[-91.115,41.53279],[-91.11707,41.53515],[-91.11564,41.53204],[-91.115,41.53279]]]}},{"type":"Feature","properties":{},"geometry":{"type":"Polygon","coordinates":[[[-91.05245,41.53307],[-91.05196,41.53423],[-91.05303,41.53366],[-91.05245,41.53307]]]}},{"type":"Feature","properties":{},"geometry":{"type":"Polygon","coordinates":[[[-91.15426,41.52556],[-91.15743,41.52803],[-91.15542,41.52524],[-91.15718,41.52398],[-91.15426,41.52556]]]}},{"type":"Feature","properties":{},"geometry":{"type":"Polygon","coordinates":[[[-91.12188,41.52021],[-91.12282,41.52042],[-91.12517,41.51838],[-91.12188,41.52021]]]}},{"type":"Feature","properties":{},"geometry":{"type":"Polygon","coordinates":[[[-91.13125,41.52055],[-91.12982,41.52071],[-91.12955,41.52131],[-91.13125,41.52055]]]}},{"type":"Feature","properties":{},"geometry":{"type":"Polygon","coordinates":[[[-91.13758,41.51911],[-91.13658,41.51946],[-91.13968,41.52133],[-91.13758,41.51911]]]}},{"type":"Feature","properties":{},"geometry":{"type":"Polygon","coordinates":[[[-91.13496,41.51404],[-91.13344,41.51372],[-91.13302,41.51504],[-91.13496,41.51404]]]}},{"type":"Feature","properties":{},"geometry":{"type":"Polygon","coordinates":[[[-91.14698,41.5106],[-91.14586,41.51129],[-91.15,41.51358],[-91.14698,41.5106]]]}},{"type":"Feature","properties":{},"geometry":{"type":"Polygon","coordinates":[[[-91.15654,41.50845],[-91.14972,41.50916],[-91.15057,41.51092],[-91.15654,41.50845]]]}},{"type":"Feature","properties":{},"geometry":{"type":"Polygon","coordinates":[[[-91.11035,41.5072],[-91.10776,41.50722],[-91.107,41.50809],[-91.11035,41.5072]]]}},{"type":"Feature","properties":{},"geometry":{"type":"Polygon","coordinates":[[[-92.87325,42.67126],[-92.87117,42.67076],[-92.87077,42.67119],[-92.87325,42.67126]]]}},{"type":"Feature","properties":{},"geometry":{"type":"Polygon","coordinates":[[[-93.31858,42.91373],[-93.31705,42.91458],[-93.31861,42.9146],[-93.31858,42.91373]]]}},{"type":"Feature","properties":{},"geometry":{"type":"Polygon","coordinates":[[[-93.21547,42.88427],[-93.21407,42.88565],[-93.21634,42.88571],[-93.21547,42.88427]]]}},{"type":"Feature","properties":{},"geometry":{"type":"Polygon","coordinates":[[[-93.21286,42.8846],[-93.21229,42.88165],[-93.21077,42.88384],[-93.21286,42.8846]]]}},{"type":"Feature","properties":{},"geometry":{"type":"Polygon","coordinates":[[[-93.22443,42.80542],[-93.22263,42.80739],[-93.22747,42.807],[-93.22443,42.80542]]]}},{"type":"Feature","properties":{},"geometry":{"type":"Polygon","coordinates":[[[-93.01874,42.79334],[-93.01771,42.79451],[-93.01901,42.79492],[-93.01874,42.79334]]]}},{"type":"Feature","properties":{},"geometry":{"type":"Polygon","coordinates":[[[-93.36897,42.78854],[-93.36521,42.78625],[-93.3653,42.78797],[-93.36897,42.78854]]]}},{"type":"Feature","properties":{},"geometry":{"type":"Polygon","coordinates":[[[-93.24797,42.7726],[-93.24029,42.76785],[-93.23505,42.77131],[-93.24797,42.7726]]]}},{"type":"Feature","properties":{},"geometry":{"type":"Polygon","coordinates":[[[-93.40907,42.74751],[-93.40581,42.74715],[-93.40541,42.74781],[-93.40907,42.74751]]]}},{"type":"Feature","properties":{},"geometry":{"type":"Polygon","coordinates":[[[-93.0547,42.74107],[-93.05098,42.74187],[-93.0547,42.74196],[-93.0547,42.74107]]]}},{"type":"Feature","properties":{},"geometry":{"type":"Polygon","coordinates":[[[-93.12297,42.70477],[-93.12034,42.70417],[-93.12012,42.70468],[-93.12297,42.70477]]]}},{"type":"Feature","properties":{},"geometry":{"type":"Polygon","coordinates":[[[-93.13417,42.7007],[-93.13032,42.69949],[-93.12952,42.70051],[-93.13417,42.7007]]]}},{"type":"Feature","properties":{},"geometry":{"type":"Polygon","coordinates":[[[-93.21165,42.97257],[-93.20753,42.97115],[-93.20747,42.97257],[-93.21165,42.97257]]]}},{"type":"Feature","properties":{},"geometry":{"type":"Polygon","coordinates":[[[-92.57798,42.72519],[-92.57546,42.731],[-92.57803,42.73283],[-92.57798,42.72519]]]}},{"type":"Feature","properties":{},"geometry":{"type":"Polygon","coordinates":[[[-92.55291,42.69688],[-92.56008,42.69428],[-92.55326,42.69395],[-92.55291,42.69688]]]}},{"type":"Feature","properties":{},"geometry":{"type":"Polygon","coordinates":[[[-92.52603,42.67758],[-92.52122,42.67785],[-92.52618,42.67952],[-92.52603,42.67758]]]}},{"type":"Feature","properties":{},"geometry":{"type":"Polygon","coordinates":[[[-92.1588,42.70877],[-92.15713,42.70982],[-92.15955,42.71008],[-92.1588,42.70877]]]}},{"type":"Feature","properties":{},"geometry":{"type":"Polygon","coordinates":[[[-92.1032,42.69638],[-92.10165,42.69596],[-92.10251,42.69681],[-92.1032,42.69638]]]}},{"type":"Feature","properties":{},"geometry":{"type":"Polygon","coordinates":[[[-92.15842,42.69304],[-92.15696,42.69192],[-92.15762,42.69326],[-92.15842,42.69304]]]}},{"type":"Feature","properties":{},"geometry":{"type":"Polygon","coordinates":[[[-92.14658,42.68869],[-92.14391,42.68682],[-92.14378,42.68743],[-92.14658,42.68869]]]}},{"type":"Feature","properties":{},"geometry":{"type":"Polygon","coordinates":[[[-92.1671,42.68137],[-92.1648,42.68206],[-92.16719,42.68308],[-92.1671,42.68137]]]}},{"type":"Feature","properties":{},"geometry":{"type":"Polygon","coordinates":[[[-92.1435,42.65399],[-92.14353,42.65315],[-92.14272,42.6534],[-92.1435,42.65399]]]}},{"type":"Feature","properties":{},"geometry":{"type":"Polygon","coordinates":[[[-92.14349,42.63682],[-92.14594,42.6367],[-92.1439,42.6356],[-92.14349,42.63682]]]}},{"type":"Feature","properties":{},"geometry":{"type":"Polygon","coordinates":[[[-92.05155,42.63318],[-92.05125,42.63222],[-92.05053,42.63311],[-92.05155,42.63318]]]}},{"type":"Feature","properties":{},"geometry":{"type":"Polygon","coordinates":[[[-92.05078,42.63194],[-92.04963,42.63183],[-92.04966,42.63306],[-92.05078,42.63194]]]}},{"type":"Feature","properties":{},"geometry":{"type":"Polygon","coordinates":[[[-92.1412,42.61575],[-92.14002,42.6147],[-92.13993,42.61674],[-92.1412,42.61575]]]}},{"type":"Feature","properties":{},"geometry":{"type":"Polygon","coordinates":[[[-92.11918,42.60475],[-92.12147,42.60486],[-92.12045,42.60354],[-92.11918,42.60475]]]}},{"type":"Feature","properties":{},"geometry":{"type":"Polygon","coordinates":[[[-92.0409,42.54015],[-92.04059,42.54125],[-92.04319,42.5391],[-92.0409,42.54015]]]}},{"type":"Feature","properties":{},"geometry":{"type":"Polygon","coordinates":[[[-93.31255,43.49328],[-93.31141,43.49429],[-93.3127,43.49374],[-93.31255,43.49328]]]}},{"type":"Feature","properties":{},"geometry":{"type":"Polygon","coordinates":[[[-93.43054,43.49068],[-93.42762,43.49116],[-93.42806,43.49212],[-93.43054,43.49068]]]}},{"type":"Feature","properties":{},"geometry":{"type":"Polygon","coordinates":[[[-93.42312,43.48828],[-93.42086,43.49023],[-93.42341,43.49075],[-93.42312,43.48828]]]}},{"type":"Feature","properties":{},"geometry":{"type":"Polygon","coordinates":[[[-93.40732,43.483],[-93.42638,43.48396],[-93.42855,43.47982],[-93.40732,43.483]]]}},{"type":"Feature","properties":{},"geometry":{"type":"Polygon","coordinates":[[[-93.41662,43.43932],[-93.41596,43.44007],[-93.41668,43.43998],[-93.41662,43.43932]]]}},{"type":"Feature","properties":{},"geometry":{"type":"Polygon","coordinates":[[[-91.81549,42.1512],[-91.81143,42.15095],[-91.81739,42.15381],[-91.81549,42.1512]]]}},{"type":"Feature","properties":{},"geometry":{"type":"Polygon","coordinates":[[[-91.78377,42.14955],[-91.78202,42.14996],[-91.78362,42.15074],[-91.78377,42.14955]]]}},{"type":"Feature","properties":{},"geometry":{"type":"Polygon","coordinates":[[[-91.90417,42.1495],[-91.903,42.15044],[-91.90337,42.15179],[-91.90417,42.1495]]]}},{"type":"Feature","properties":{},"geometry":{"type":"Polygon","coordinates":[[[-91.81095,42.14619],[-91.80323,42.14575],[-91.80237,42.14689],[-91.81095,42.14619]]]}},{"type":"Feature","properties":{},"geometry":{"type":"Polygon","coordinates":[[[-91.96008,42.14705],[-91.96023,42.14616],[-91.95913,42.14698],[-91.96008,42.14705]]]}},{"type":"Feature","properties":{},"geometry":{"type":"Polygon","coordinates":[[[-91.80367,42.14239],[-91.80311,42.14303],[-91.80683,42.14285],[-91.80367,42.14239]]]}},{"type":"Feature","properties":{},"geometry":{"type":"Polygon","coordinates":[[[-91.7769,42.14177],[-91.77573,42.14127],[-91.7761,42.14207],[-91.7769,42.14177]]]}},{"type":"Feature","properties":{},"geometry":{"type":"Polygon","coordinates":[[[-91.91708,42.14199],[-91.91247,42.14037],[-91.91705,42.14227],[-91.91708,42.14199]]]}},{"type":"Feature","properties":{},"geometry":{"type":"Polygon","coordinates":[[[-91.94056,42.14015],[-91.93896,42.1405],[-91.9381,42.14187],[-91.94056,42.14015]]]}},{"type":"Feature","properties":{},"geometry":{"type":"Polygon","coordinates":[[[-91.77651,42.13539],[-91.77381,42.13358],[-91.7758,42.13685],[-91.77651,42.13539]]]}},{"type":"Feature","properties":{},"geometry":{"type":"Polygon","coordinates":[[[-91.92506,42.13302],[-91.92328,42.13243],[-91.92506,42.13337],[-91.92506,42.13302]]]}},{"type":"Feature","properties":{},"geometry":{"type":"Polygon","coordinates":[[[-91.92147,42.13147],[-91.92042,42.1312],[-91.91962,42.13188],[-91.92147,42.13147]]]}},{"type":"Feature","properties":{},"geometry":{"type":"Polygon","coordinates":[[[-91.79748,42.12982],[-91.79606,42.12882],[-91.79581,42.13072],[-91.79748,42.12982]]]}},{"type":"Feature","properties":{},"geometry":{"type":"Polygon","coordinates":[[[-91.76519,42.12582],[-91.76761,42.12914],[-91.76887,42.1295],[-91.76519,42.12582]]]}},{"type":"Feature","properties":{},"geometry":{"type":"Polygon","coordinates":[[[-91.7786,42.11885],[-91.77721,42.11796],[-91.77712,42.11844],[-91.7786,42.11885]]]}},{"type":"Feature","properties":{},"geometry":{"type":"Polygon","coordinates":[[[-91.76078,42.11623],[-91.75952,42.1165],[-91.7606,42.11698],[-91.76078,42.11623]]]}},{"type":"Feature","properties":{},"geometry":{"type":"Polygon","coordinates":[[[-91.74816,42.09733],[-91.74524,42.09619],[-91.74521,42.09647],[-91.74816,42.09733]]]}},{"type":"Feature","properties":{},"geometry":{"type":"Polygon","coordinates":[[[-91.76857,42.09133],[-91.76724,42.09208],[-91.76724,42.09393],[-91.76857,42.09133]]]}},{"type":"Feature","properties":{},"geometry":{"type":"Polygon","coordinates":[[[-91.70545,42.08575],[-91.70502,42.08644],[-91.7057,42.08628],[-91.70545,42.08575]]]}},{"type":"Feature","properties":{},"geometry":{"type":"Polygon","coordinates":[[[-91.79291,42.07598],[-91.79165,42.07547],[-91.79272,42.07689],[-91.79291,42.07598]]]}},{"type":"Feature","properties":{},"geometry":{"type":"Polygon","coordinates":[[[-91.79555,42.07596],[-91.79488,42.07353],[-91.79362,42.07296],[-91.79555,42.07596]]]}},{"type":"Feature","properties":{},"geometry":{"type":"Polygon","coordinates":[[[-91.68751,42.07357],[-91.68622,42.07428],[-91.68852,42.07439],[-91.68751,42.07357]]]}},{"type":"Feature","properties":{},"geometry":{"type":"Polygon","coordinates":[[[-91.75678,42.07192],[-91.75906,42.06815],[-91.75669,42.07041],[-91.75678,42.07192]]]}},{"type":"Feature","properties":{},"geometry":{"type":"Polygon","coordinates":[[[-91.71314,42.06941],[-91.7116,42.06939],[-91.71305,42.06989],[-91.71314,42.06941]]]}},{"type":"Feature","properties":{},"geometry":{"type":"Polygon","coordinates":[[[-91.76804,42.06059],[-91.76675,42.06136],[-91.76966,42.0618],[-91.76804,42.06059]]]}},{"type":"Feature","properties":{},"geometry":{"type":"Polygon","coordinates":[[[-91.77187,42.06098],[-91.77101,42.05997],[-91.77071,42.06082],[-91.77187,42.06098]]]}},{"type":"Feature","properties":{},"geometry":{"type":"Polygon","coordinates":[[[-91.7692,42.05988],[-91.76831,42.05995],[-91.7692,42.06061],[-91.7692,42.05988]]]}},{"type":"Feature","properties":{},"geometry":{"type":"Polygon","coordinates":[[[-91.76467,42.05683],[-91.76418,42.05614],[-91.76448,42.05802],[-91.76467,42.05683]]]}},{"type":"Feature","properties":{},"geometry":{"type":"Polygon","coordinates":[[[-91.78422,42.05328],[-91.78447,42.05262],[-91.78293,42.05246],[-91.78422,42.05328]]]}},{"type":"Feature","properties":{},"geometry":{"type":"Polygon","coordinates":[[[-91.76729,42.04773],[-91.76395,42.04741],[-91.76747,42.04803],[-91.76729,42.04773]]]}},{"type":"Feature","properties":{},"geometry":{"type":"Polygon","coordinates":[[[-91.77284,42.03031],[-91.77152,42.03163],[-91.77275,42.03193],[-91.77284,42.03031]]]}},{"type":"Feature","properties":{},"geometry":{"type":"Polygon","coordinates":[[[-91.74452,42.02478],[-91.74443,42.02355],[-91.74284,42.02513],[-91.74452,42.02478]]]}},{"type":"Feature","properties":{},"geometry":{"type":"Polygon","coordinates":[[[-91.74531,42.01888],[-91.74341,42.01957],[-91.74599,42.0195],[-91.74531,42.01888]]]}},{"type":"Feature","properties":{},"geometry":{"type":"Polygon","coordinates":[[[-92.03173,41.5016],[-92.03006,41.50146],[-92.03006,41.50165],[-92.03173,41.5016]]]}},{"type":"Feature","properties":{},"geometry":{"type":"Polygon","coordinates":[[[-93.13464,41.88541],[-93.13335,41.88568],[-93.13467,41.88579],[-93.13464,41.88541]]]}},{"type":"Feature","properties":{},"geometry":{"type":"Polygon","coordinates":[[[-93.13874,41.87975],[-93.1373,41.87966],[-93.13819,41.88101],[-93.13874,41.87975]]]}},{"type":"Feature","properties":{},"geometry":{"type":"Polygon","coordinates":[[[-93.0774,41.86833],[-93.07504,41.86805],[-93.07572,41.8687],[-93.0774,41.86833]]]}},{"type":"Feature","properties":{},"geometry":{"type":"Polygon","coordinates":[[[-93.01844,41.85434],[-93.01719,41.85427],[-93.0171,41.85461],[-93.01844,41.85434]]]}},{"type":"Feature","properties":{},"geometry":{"type":"Polygon","coordinates":[[[-93.02215,41.8515],[-93.02108,41.85262],[-93.02233,41.85219],[-93.02215,41.8515]]]}},{"type":"Feature","properties":{},"geometry":{"type":"Polygon","coordinates":[[[-92.29943,41.09779],[-92.29755,41.09855],[-92.29943,41.09933],[-92.29943,41.09779]]]}},{"type":"Feature","properties":{},"geometry":{"type":"Polygon","coordinates":[[[-92.05264,41.08963],[-92.05237,41.08684],[-92.05028,41.08812],[-92.05264,41.08963]]]}},{"type":"Feature","properties":{},"geometry":{"type":"Polygon","coordinates":[[[-92.31082,41.08062],[-92.30964,41.07963],[-92.31006,41.08094],[-92.31082,41.08062]]]}},{"type":"Feature","properties":{},"geometry":{"type":"Polygon","coordinates":[[[-92.31815,41.06195],[-92.31782,41.06341],[-92.3186,41.06305],[-92.31815,41.06195]]]}},{"type":"Feature","properties":{},"geometry":{"type":"Polygon","coordinates":[[[-92.15462,41.0309],[-92.15205,41.03181],[-92.15549,41.03167],[-92.15462,41.0309]]]}},{"type":"Feature","properties":{},"geometry":{"type":"Polygon","coordinates":[[[-92.13256,41.00937],[-92.13105,41.00905],[-92.13111,41.00942],[-92.13256,41.00937]]]}},{"type":"Feature","properties":{},"geometry":{"type":"Polygon","coordinates":[[[-92.10356,41.00166],[-92.10262,41.00003],[-92.1022,41.00175],[-92.10356,41.00166]]]}},{"type":"Feature","properties":{},"geometry":{"type":"Polygon","coordinates":[[[-92.26994,41.00142],[-92.26931,41.00238],[-92.27175,41.00216],[-92.26994,41.00142]]]}},{"type":"Feature","properties":{},"geometry":{"type":"Polygon","coordinates":[[[-91.5741,40.99836],[-91.5728,40.99833],[-91.57274,40.99858],[-91.5741,40.99836]]]}},{"type":"Feature","properties":{},"geometry":{"type":"Polygon","coordinates":[[[-91.69485,40.99682],[-91.69431,40.99865],[-91.69546,40.99846],[-91.69485,40.99682]]]}},{"type":"Feature","properties":{},"geometry":{"type":"Polygon","coordinates":[[[-91.78769,40.99767],[-91.78657,40.99758],[-91.78654,40.99776],[-91.78769,40.99767]]]}},{"type":"Feature","properties":{},"geometry":{"type":"Polygon","coordinates":[[[-91.6222,40.9945],[-91.62106,40.99388],[-91.62081,40.99478],[-91.6222,40.9945]]]}},{"type":"Feature","properties":{},"geometry":{"type":"Polygon","coordinates":[[[-91.9205,40.99745],[-91.92122,40.99555],[-91.9205,40.99566],[-91.9205,40.99745]]]}},{"type":"Feature","properties":{},"geometry":{"type":"Polygon","coordinates":[[[-91.88366,40.99588],[-91.88233,40.99565],[-91.88363,40.99608],[-91.88366,40.99588]]]}},{"type":"Feature","properties":{},"geometry":{"type":"Polygon","coordinates":[[[-91.63606,40.9891],[-91.63482,40.98842],[-91.63482,40.9886],[-91.63606,40.9891]]]}},{"type":"Feature","properties":{},"geometry":{"type":"Polygon","coordinates":[[[-91.95848,40.99109],[-91.95537,40.99066],[-91.9586,40.99244],[-91.95848,40.99109]]]}},{"type":"Feature","properties":{},"geometry":{"type":"Polygon","coordinates":[[[-91.67193,40.98781],[-91.66828,40.98768],[-91.6648,40.98843],[-91.67193,40.98781]]]}},{"type":"Feature","properties":{},"geometry":{"type":"Polygon","coordinates":[[[-91.61405,40.98691],[-91.61496,40.98615],[-91.61327,40.98611],[-91.61405,40.98691]]]}},{"type":"Feature","properties":{},"geometry":{"type":"Polygon","coordinates":[[[-91.67407,40.98521],[-91.67151,40.98557],[-91.67455,40.98619],[-91.67407,40.98521]]]}},{"type":"Feature","properties":{},"geometry":{"type":"Polygon","coordinates":[[[-91.67966,40.98525],[-91.67824,40.98642],[-91.67951,40.9863],[-91.67966,40.98525]]]}},{"type":"Feature","properties":{},"geometry":{"type":"Polygon","coordinates":[[[-91.57731,40.98223],[-91.57629,40.98262],[-91.5768,40.9834],[-91.57731,40.98223]]]}},{"type":"Feature","properties":{},"geometry":{"type":"Polygon","coordinates":[[[-91.67673,40.98331],[-91.67093,40.98322],[-91.67018,40.98374],[-91.67673,40.98331]]]}},{"type":"Feature","properties":{},"geometry":{"type":"Polygon","coordinates":[[[-91.49897,40.97779],[-91.49774,40.97861],[-91.4991,40.97868],[-91.49897,40.97779]]]}},{"type":"Feature","properties":{},"geometry":{"type":"Polygon","coordinates":[[[-91.61188,40.97842],[-91.61085,40.97862],[-91.61125,40.97894],[-91.61188,40.97842]]]}},{"type":"Feature","properties":{},"geometry":{"type":"Polygon","coordinates":[[[-91.56015,40.97369],[-91.55972,40.9727],[-91.55918,40.97355],[-91.56015,40.97369]]]}},{"type":"Feature","properties":{},"geometry":{"type":"Polygon","coordinates":[[[-91.95188,40.97485],[-91.95013,40.97485],[-91.95082,40.97632],[-91.95188,40.97485]]]}},{"type":"Feature","properties":{},"geometry":{"type":"Polygon","coordinates":[[[-91.95094,40.97018],[-91.94997,40.97076],[-91.95106,40.97229],[-91.95094,40.97018]]]}},{"type":"Feature","properties":{},"geometry":{"type":"Polygon","coordinates":[[[-91.68737,40.96596],[-91.68634,40.9671],[-91.68782,40.96667],[-91.68737,40.96596]]]}},{"type":"Feature","properties":{},"geometry":{"type":"Polygon","coordinates":[[[-92.35853,42.50069],[-92.35804,42.50559],[-92.35856,42.50568],[-92.35853,42.50069]]]}},{"type":"Feature","properties":{},"geometry":{"type":"Polygon","coordinates":[[[-92.35572,42.50399],[-92.35723,42.50531],[-92.35674,42.50332],[-92.35572,42.50399]]]}},{"type":"Feature","properties":{},"geometry":{"type":"Polygon","coordinates":[[[-91.46215,42.05213],[-91.46135,42.05124],[-91.4608,42.05295],[-91.46215,42.05213]]]}},{"type":"Feature","properties":{},"geometry":{"type":"Polygon","coordinates":[[[-91.49215,42.04442],[-91.49537,42.04352],[-91.49148,42.04302],[-91.49215,42.04442]]]}},{"type":"Feature","properties":{},"geometry":{"type":"Polygon","coordinates":[[[-91.58603,42.00649],[-91.58434,42.00725],[-91.58682,42.00814],[-91.58603,42.00649]]]}},{"type":"Feature","properties":{},"geometry":{"type":"Polygon","coordinates":[[[-91.24176,42.06268],[-91.24093,42.06131],[-91.24048,42.06255],[-91.24176,42.06268]]]}},{"type":"Feature","properties":{},"geometry":{"type":"Polygon","coordinates":[[[-91.14109,42.01657],[-91.13958,42.01574],[-91.13952,42.01648],[-91.14109,42.01657]]]}},{"type":"Feature","properties":{},"geometry":{"type":"Polygon","coordinates":[[[-91.13854,42.01623],[-91.13833,42.01547],[-91.13783,42.01625],[-91.13854,42.01623]]]}},{"type":"Feature","properties":{},"geometry":{"type":"Polygon","coordinates":[[[-91.1413,42.01236],[-91.14053,42.01161],[-91.1394,42.01309],[-91.1413,42.01236]]]}},{"type":"Feature","properties":{},"geometry":{"type":"Polygon","coordinates":[[[-91.03551,42.0014],[-91.03275,42.00135],[-91.03579,42.00183],[-91.03551,42.0014]]]}},{"type":"Feature","properties":{},"geometry":{"type":"Polygon","coordinates":[[[-90.64168,41.48239],[-90.63952,41.48193],[-90.64037,41.48422],[-90.64168,41.48239]]]}},{"type":"Feature","properties":{},"geometry":{"type":"Polygon","coordinates":[[[-90.68552,41.4673],[-90.68403,41.46559],[-90.68372,41.46621],[-90.68552,41.4673]]]}},{"type":"Feature","properties":{},"geometry":{"type":"Polygon","coordinates":[[[-90.74074,41.45517],[-90.73472,41.45586],[-90.74089,41.45574],[-90.74074,41.45517]]]}},{"type":"Feature","properties":{},"geometry":{"type":"Polygon","coordinates":[[[-92.54548,42.5977],[-92.54343,42.59765],[-92.54532,42.5982],[-92.54548,42.5977]]]}},{"type":"Feature","properties":{},"geometry":{"type":"Polygon","coordinates":[[[-92.53251,42.59037],[-92.52898,42.591],[-92.53208,42.59229],[-92.53251,42.59037]]]}},{"type":"Feature","properties":{},"geometry":{"type":"Polygon","coordinates":[[[-92.53784,42.59113],[-92.5349,42.59188],[-92.54019,42.59083],[-92.53784,42.59113]]]}},{"type":"Feature","properties":{},"geometry":{"type":"Polygon","coordinates":[[[-92.94251,42.59063],[-92.93941,42.58992],[-92.93836,42.59079],[-92.94251,42.59063]]]}},{"type":"Feature","properties":{},"geometry":{"type":"Polygon","coordinates":[[[-92.50474,42.57895],[-92.50226,42.58082],[-92.50467,42.58336],[-92.50474,42.57895]]]}},{"type":"Feature","properties":{},"geometry":{"type":"Polygon","coordinates":[[[-92.5134,42.5799],[-92.51052,42.58056],[-92.51396,42.58047],[-92.5134,42.5799]]]}},{"type":"Feature","properties":{},"geometry":{"type":"Polygon","coordinates":[[[-92.64965,42.57027],[-92.64847,42.56913],[-92.64801,42.57018],[-92.64965,42.57027]]]}},{"type":"Feature","properties":{},"geometry":{"type":"Polygon","coordinates":[[[-92.43414,42.56688],[-92.43244,42.56818],[-92.43421,42.56754],[-92.43414,42.56688]]]}},{"type":"Feature","properties":{},"geometry":{"type":"Polygon","coordinates":[[[-92.44416,42.55354],[-92.44103,42.55239],[-92.441,42.55347],[-92.44416,42.55354]]]}},{"type":"Feature","properties":{},"geometry":{"type":"Polygon","coordinates":[[[-92.35595,42.55115],[-92.35425,42.55081],[-92.35462,42.55168],[-92.35595,42.55115]]]}},{"type":"Feature","properties":{},"geometry":{"type":"Polygon","coordinates":[[[-92.44353,42.55001],[-92.44115,42.54947],[-92.44063,42.54995],[-92.44353,42.55001]]]}},{"type":"Feature","properties":{},"geometry":{"type":"Polygon","coordinates":[[[-92.44226,42.54834],[-92.43911,42.54835],[-92.43954,42.54931],[-92.44226,42.54834]]]}},{"type":"Feature","properties":{},"geometry":{"type":"Polygon","coordinates":[[[-92.44641,42.54791],[-92.44471,42.54869],[-92.44706,42.5488],[-92.44641,42.54791]]]}},{"type":"Feature","properties":{},"geometry":{"type":"Polygon","coordinates":[[[-92.48238,42.54495],[-92.48396,42.5458],[-92.48374,42.54415],[-92.48238,42.54495]]]}},{"type":"Feature","properties":{},"geometry":{"type":"Polygon","coordinates":[[[-92.44956,42.54379],[-92.4482,42.54374],[-92.44922,42.54496],[-92.44956,42.54379]]]}},{"type":"Feature","properties":{},"geometry":{"type":"Polygon","coordinates":[[[-91.36243,40.91704],[-91.36322,40.91665],[-91.36228,40.91638],[-91.36243,40.91704]]]}},{"type":"Feature","properties":{},"geometry":{"type":"Polygon","coordinates":[[[-91.10419,40.75177],[-91.1044,40.75077],[-91.10311,40.75198],[-91.10419,40.75177]]]}},{"type":"Feature","properties":{},"geometry":{"type":"Polygon","coordinates":[[[-90.98303,41.98395],[-90.98395,41.98432],[-90.98141,41.98176],[-90.98303,41.98395]]]}},{"type":"Feature","properties":{},"geometry":{"type":"Polygon","coordinates":[[[-90.93772,41.97154],[-90.93644,41.97433],[-90.93963,41.97683],[-90.93772,41.97154]]]}},{"type":"Feature","properties":{},"geometry":{"type":"Polygon","coordinates":[[[-90.3301,41.92773],[-90.32802,41.9269],[-90.32636,41.92862],[-90.3301,41.92773]]]}},{"type":"Feature","properties":{},"geometry":{"type":"Polygon","coordinates":[[[-90.31501,41.92577],[-90.31314,41.926],[-90.31347,41.9266],[-90.31501,41.92577]]]}},{"type":"Feature","properties":{},"geometry":{"type":"Polygon","coordinates":[[[-90.32559,41.86867],[-90.3239,41.86944],[-90.3255,41.86963],[-90.32559,41.86867]]]}},{"type":"Feature","properties":{},"geometry":{"type":"Polygon","coordinates":[[[-90.74408,41.8627],[-90.74142,41.8598],[-90.73845,41.86227],[-90.74408,41.8627]]]}},{"type":"Feature","properties":{},"geometry":{"type":"Polygon","coordinates":[[[-90.45091,41.81591],[-90.44884,41.81598],[-90.45061,41.81726],[-90.45091,41.81591]]]}},{"type":"Feature","properties":{},"geometry":{"type":"Polygon","coordinates":[[[-90.57835,41.81603],[-90.58052,41.81489],[-90.57591,41.81333],[-90.57835,41.81603]]]}},{"type":"Feature","properties":{},"geometry":{"type":"Polygon","coordinates":[[[-90.4569,41.81284],[-90.45397,41.81209],[-90.45372,41.81291],[-90.4569,41.81284]]]}},{"type":"Feature","properties":{},"geometry":{"type":"Polygon","coordinates":[[[-90.4908,41.78039],[-90.48805,41.77657],[-90.48762,41.77939],[-90.4908,41.78039]]]}},{"type":"Feature","properties":{},"geometry":{"type":"Polygon","coordinates":[[[-90.482,41.77857],[-90.47922,41.77933],[-90.48228,41.77923],[-90.482,41.77857]]]}},{"type":"Feature","properties":{},"geometry":{"type":"Polygon","coordinates":[[[-90.44736,41.778],[-90.44601,41.77729],[-90.4458,41.77789],[-90.44736,41.778]]]}},{"type":"Feature","properties":{},"geometry":{"type":"Polygon","coordinates":[[[-90.48719,41.77765],[-90.48453,41.7771],[-90.48539,41.77877],[-90.48719,41.77765]]]}},{"type":"Feature","properties":{},"geometry":{"type":"Polygon","coordinates":[[[-90.46303,41.77676],[-90.46162,41.77641],[-90.46223,41.77735],[-90.46303,41.77676]]]}},{"type":"Feature","properties":{},"geometry":{"type":"Polygon","coordinates":[[[-90.4545,41.77386],[-90.44894,41.77183],[-90.44904,41.77498],[-90.4545,41.77386]]]}},{"type":"Feature","properties":{},"geometry":{"type":"Polygon","coordinates":[[[-90.4362,41.77284],[-90.43413,41.77218],[-90.43498,41.7735],[-90.4362,41.77284]]]}},{"type":"Feature","properties":{},"geometry":{"type":"Polygon","coordinates":[[[-90.53721,41.77009],[-90.53605,41.77096],[-90.53923,41.77094],[-90.53721,41.77009]]]}},{"type":"Feature","properties":{},"geometry":{"type":"Polygon","coordinates":[[[-90.61553,41.77095],[-90.61672,41.77145],[-90.61682,41.77092],[-90.61553,41.77095]]]}},{"type":"Feature","properties":{},"geometry":{"type":"Polygon","coordinates":[[[-90.6294,41.77236],[-90.6246,41.76875],[-90.62176,41.76919],[-90.6294,41.77236]]]}},{"type":"Feature","properties":{},"geometry":{"type":"Polygon","coordinates":[[[-90.45512,41.75429],[-90.45613,41.75449],[-90.46022,41.75225],[-90.45512,41.75429]]]}},{"type":"Feature","properties":{},"geometry":{"type":"Polygon","coordinates":[[[-90.45188,41.75518],[-90.44941,41.75415],[-90.44904,41.75498],[-90.45188,41.75518]]]}},{"type":"Feature","properties":{},"geometry":{"type":"Polygon","coordinates":[[[-90.43625,41.75478],[-90.43433,41.74887],[-90.43637,41.74731],[-90.43625,41.75478]]]}},{"type":"Feature","properties":{},"geometry":{"type":"Polygon","coordinates":[[[-90.43906,41.75446],[-90.44501,41.75003],[-90.43796,41.74736],[-90.43906,41.75446]]]}},{"type":"Feature","properties":{},"geometry":{"type":"Polygon","coordinates":[[[-90.44608,41.7537],[-90.44312,41.75333],[-90.44287,41.75409],[-90.44608,41.7537]]]}},{"type":"Feature","properties":{},"geometry":{"type":"Polygon","coordinates":[[[-90.33834,41.74299],[-90.32692,41.74408],[-90.32991,41.74772],[-90.33834,41.74299]]]}},{"type":"Feature","properties":{},"geometry":{"type":"Polygon","coordinates":[[[-90.36755,41.74661],[-90.36676,41.74698],[-90.36865,41.74782],[-90.36755,41.74661]]]}},{"type":"Feature","properties":{},"geometry":{"type":"Polygon","coordinates":[[[-90.36874,41.74446],[-90.36612,41.74581],[-90.36868,41.74515],[-90.36874,41.74446]]]}},{"type":"Feature","properties":{},"geometry":{"type":"Polygon","coordinates":[[[-90.36371,41.74259],[-90.35974,41.74201],[-90.3569,41.74142],[-90.35934,41.74275],[-90.36371,41.74259]]]}},{"type":"Feature","properties":{},"geometry":{"type":"Polygon","coordinates":[[[-90.52826,41.7418],[-90.52557,41.74124],[-90.52526,41.74179],[-90.52826,41.7418]]]}},{"type":"Feature","properties":{},"geometry":{"type":"Polygon","coordinates":[[[-90.41243,41.73477],[-90.41142,41.73552],[-90.41194,41.73582],[-90.41243,41.73477]]]}},{"type":"Feature","properties":{},"geometry":{"type":"Polygon","coordinates":[[[-90.38294,41.72524],[-90.37217,41.72816],[-90.38321,41.7288],[-90.38294,41.72524]]]}},{"type":"Feature","properties":{},"geometry":{"type":"Polygon","coordinates":[[[-90.73831,41.73578],[-90.73718,41.7359],[-90.73852,41.73638],[-90.73831,41.73578]]]}},{"type":"Feature","properties":{},"geometry":{"type":"Polygon","coordinates":[[[-90.40684,41.72672],[-90.40614,41.72761],[-90.40751,41.7277],[-90.40684,41.72672]]]}},{"type":"Feature","properties":{},"geometry":{"type":"Polygon","coordinates":[[[-90.36277,41.72596],[-90.36097,41.72446],[-90.36212,41.72608],[-90.36277,41.72596]]]}},{"type":"Feature","properties":{},"geometry":{"type":"Polygon","coordinates":[[[-90.73643,41.72666],[-90.73662,41.7281],[-90.73735,41.72817],[-90.73643,41.72666]]]}},{"type":"Feature","properties":{},"geometry":{"type":"Polygon","coordinates":[[[-90.80994,41.72305],[-90.80824,41.72136],[-90.8072,41.72308],[-90.80994,41.72305]]]}},{"type":"Feature","properties":{},"geometry":{"type":"Polygon","coordinates":[[[-90.53087,41.71248],[-90.53215,41.71232],[-90.53249,41.70972],[-90.53087,41.71248]]]}},{"type":"Feature","properties":{},"geometry":{"type":"Polygon","coordinates":[[[-90.43848,41.70897],[-90.44031,41.70812],[-90.43686,41.70734],[-90.43848,41.70897]]]}},{"type":"Feature","properties":{},"geometry":{"type":"Polygon","coordinates":[[[-90.55178,41.70777],[-90.54922,41.70642],[-90.54915,41.70783],[-90.55178,41.70777]]]}},{"type":"Feature","properties":{},"geometry":{"type":"Polygon","coordinates":[[[-90.52789,41.7053],[-90.52725,41.70285],[-90.5268,41.70294],[-90.52789,41.7053]]]}},{"type":"Feature","properties":{},"geometry":{"type":"Polygon","coordinates":[[[-90.49736,41.70211],[-90.49616,41.69944],[-90.49476,41.70188],[-90.49736,41.70211]]]}},{"type":"Feature","properties":{},"geometry":{"type":"Polygon","coordinates":[[[-90.44866,41.63918],[-90.44701,41.63995],[-90.44704,41.64071],[-90.44866,41.63918]]]}},{"type":"Feature","properties":{},"geometry":{"type":"Polygon","coordinates":[[[-90.64301,41.48346],[-90.64536,41.48323],[-90.64478,41.48204],[-90.64301,41.48346]]]}},{"type":"Feature","properties":{},"geometry":{"type":"Polygon","coordinates":[[[-91.81786,41.84366],[-91.81869,41.84318],[-91.8178,41.8429],[-91.81786,41.84366]]]}},{"type":"Feature","properties":{},"geometry":{"type":"Polygon","coordinates":[[[-91.65519,41.83706],[-91.6518,41.83787],[-91.65201,41.8399],[-91.65519,41.83706]]]}},{"type":"Feature","properties":{},"geometry":{"type":"Polygon","coordinates":[[[-91.72695,41.83853],[-91.72857,41.83819],[-91.72695,41.83771],[-91.72695,41.83853]]]}},{"type":"Feature","properties":{},"geometry":{"type":"Polygon","coordinates":[[[-90.19669,41.82266],[-90.19006,41.82413],[-90.18856,41.82541],[-90.19669,41.82266]]]}},{"type":"Feature","properties":{},"geometry":{"type":"Polygon","coordinates":[[[-90.22706,41.79681],[-90.22248,41.79926],[-90.21977,41.80667],[-90.22621,41.79749],[-90.22484,41.80413],[-90.22542,41.80392],[-90.22706,41.79681]]]}},{"type":"Feature","properties":{},"geometry":{"type":"Polygon","coordinates":[[[-90.24519,41.79972],[-90.2432,41.79839],[-90.24247,41.79993],[-90.24519,41.79972]]]}},{"type":"Feature","properties":{},"geometry":{"type":"Polygon","coordinates":[[[-90.24246,41.79631],[-90.24075,41.7959],[-90.23825,41.79895],[-90.24246,41.79631]]]}},{"type":"Feature","properties":{},"geometry":{"type":"Polygon","coordinates":[[[-90.24926,41.79155],[-90.24828,41.79059],[-90.24771,41.79215],[-90.24926,41.79155]]]}},{"type":"Feature","properties":{},"geometry":{"type":"Polygon","coordinates":[[[-90.29104,41.78842],[-90.28899,41.78871],[-90.29104,41.78908],[-90.29104,41.78842]]]}},{"type":"Feature","properties":{},"geometry":{"type":"Polygon","coordinates":[[[-90.28922,41.78256],[-90.28748,41.78291],[-90.28732,41.78476],[-90.28922,41.78256]]]}},{"type":"Feature","properties":{},"geometry":{"type":"Polygon","coordinates":[[[-90.28798,41.77291],[-90.2855,41.77303],[-90.28153,41.77499],[-90.28798,41.77291]]]}},{"type":"Feature","properties":{},"geometry":{"type":"Polygon","coordinates":[[[-90.30769,41.7167],[-90.305,41.71711],[-90.29987,41.72253],[-90.30095,41.7343],[-90.30217,41.73568],[-90.30708,41.73534],[-90.31179,41.73061],[-90.30153,41.73451],[-90.30167,41.72095],[-90.309,41.71739],[-90.31149,41.72368],[-90.3108,41.71821],[-90.30769,41.7167]]]}},{"type":"Feature","properties":{},"geometry":{"type":"Polygon","coordinates":[[[-90.34736,41.71167],[-90.34449,41.71261],[-90.34623,41.71547],[-90.34736,41.71167]]]}},{"type":"Feature","properties":{},"geometry":{"type":"Polygon","coordinates":[[[-90.34181,41.70966],[-90.33961,41.70883],[-90.33983,41.70934],[-90.34181,41.70966]]]}},{"type":"Feature","properties":{},"geometry":{"type":"Polygon","coordinates":[[[-90.34697,41.70829],[-90.34459,41.70911],[-90.34459,41.70936],[-90.34697,41.70829]]]}},{"type":"Feature","properties":{},"geometry":{"type":"Polygon","coordinates":[[[-90.54139,41.60753],[-90.54115,41.60591],[-90.54002,41.60644],[-90.54139,41.60753]]]}},{"type":"Feature","properties":{},"geometry":{"type":"Polygon","coordinates":[[[-90.54917,41.59682],[-90.54725,41.59864],[-90.54945,41.59894],[-90.54917,41.59682]]]}},{"type":"Feature","properties":{},"geometry":{"type":"Polygon","coordinates":[[[-90.67612,41.52638],[-90.67476,41.52711],[-90.67853,41.52841],[-90.67612,41.52638]]]}},{"type":"Feature","properties":{},"geometry":{"type":"Polygon","coordinates":[[[-90.68875,41.5274],[-90.69125,41.52593],[-90.68851,41.52655],[-90.68875,41.5274]]]}},{"type":"Feature","properties":{},"geometry":{"type":"Polygon","coordinates":[[[-90.68334,41.52576],[-90.68306,41.5248],[-90.6823,41.52484],[-90.68334,41.52576]]]}},{"type":"Feature","properties":{},"geometry":{"type":"Polygon","coordinates":[[[-90.68233,41.524],[-90.68159,41.51677],[-90.67521,41.52034],[-90.67521,41.52503],[-90.68233,41.524]]]}},{"type":"Feature","properties":{},"geometry":{"type":"Polygon","coordinates":[[[-90.68442,41.51363],[-90.68287,41.51567],[-90.6874,41.51368],[-90.68442,41.51363]]]}},{"type":"Feature","properties":{},"geometry":{"type":"Polygon","coordinates":[[[-90.83959,41.51391],[-90.83697,41.51288],[-90.83922,41.51498],[-90.83959,41.51391]]]}},{"type":"Feature","properties":{},"geometry":{"type":"Polygon","coordinates":[[[-90.81468,41.50829],[-90.82128,41.50914],[-90.82247,41.50752],[-90.8214,41.50736],[-90.81468,41.50829]]]}},{"type":"Feature","properties":{},"geometry":{"type":"Polygon","coordinates":[[[-90.68131,41.50421],[-90.68274,41.50389],[-90.68049,41.50332],[-90.68131,41.50421]]]}},{"type":"Feature","properties":{},"geometry":{"type":"Polygon","coordinates":[[[-91.77837,41.92108],[-91.77702,41.92259],[-91.77883,41.92239],[-91.77837,41.92108]]]}},{"type":"Feature","properties":{},"geometry":{"type":"Polygon","coordinates":[[[-91.77664,41.91228],[-91.77462,41.91182],[-91.77456,41.9123],[-91.77664,41.91228]]]}},{"type":"Feature","properties":{},"geometry":{"type":"Polygon","coordinates":[[[-91.50851,41.997],[-91.50811,41.99691],[-91.50611,41.9969],[-91.50851,41.997]]]}},{"type":"Feature","properties":{},"geometry":{"type":"Polygon","coordinates":[[[-91.0803,41.38875],[-91.079,41.38751],[-91.07893,41.38969],[-91.0803,41.38875]]]}},{"type":"Feature","properties":{},"geometry":{"type":"Polygon","coordinates":[[[-91.0854,41.38827],[-91.0827,41.38919],[-91.08543,41.38891],[-91.0854,41.38827]]]}},{"type":"Feature","properties":{},"geometry":{"type":"Polygon","coordinates":[[[-91.06442,41.38666],[-91.06269,41.38554],[-91.06266,41.38618],[-91.06442,41.38666]]]}},{"type":"Feature","properties":{},"geometry":{"type":"Polygon","coordinates":[[[-91.06357,41.38442],[-91.06208,41.38208],[-91.06239,41.3843],[-91.06357,41.38442]]]}},{"type":"Feature","properties":{},"geometry":{"type":"Polygon","coordinates":[[[-91.07872,41.38331],[-91.07636,41.38413],[-91.07766,41.38445],[-91.07872,41.38331]]]}},{"type":"Feature","properties":{},"geometry":{"type":"Polygon","coordinates":[[[-91.09267,41.381],[-91.0865,41.38017],[-91.08416,41.38271],[-91.09267,41.381]]]}},{"type":"Feature","properties":{},"geometry":{"type":"Polygon","coordinates":[[[-91.07505,41.37804],[-91.06941,41.37802],[-91.06913,41.37891],[-91.07505,41.37804]]]}},{"type":"Feature","properties":{},"geometry":{"type":"Polygon","coordinates":[[[-91.07524,41.37701],[-91.07372,41.37587],[-91.07323,41.37688],[-91.07524,41.37701]]]}},{"type":"Feature","properties":{},"geometry":{"type":"Polygon","coordinates":[[[-91.08174,41.37368],[-91.07734,41.37388],[-91.07761,41.37619],[-91.08174,41.37368]]]}},{"type":"Feature","properties":{},"geometry":{"type":"Polygon","coordinates":[[[-91.14966,41.37641],[-91.15003,41.37469],[-91.14748,41.37659],[-91.14966,41.37641]]]}},{"type":"Feature","properties":{},"geometry":{"type":"Polygon","coordinates":[[[-91.07536,41.37358],[-91.07145,41.37152],[-91.0712,41.37326],[-91.07536,41.37358]]]}},{"type":"Feature","properties":{},"geometry":{"type":"Polygon","coordinates":[[[-91.08129,41.36997],[-91.07752,41.36967],[-91.07767,41.37262],[-91.08129,41.36997]]]}},{"type":"Feature","properties":{},"geometry":{"type":"Polygon","coordinates":[[[-91.08891,41.36984],[-91.08465,41.37249],[-91.08891,41.37135],[-91.08891,41.36984]]]}},{"type":"Feature","properties":{},"geometry":{"type":"Polygon","coordinates":[[[-91.08317,41.36604],[-91.07904,41.3664],[-91.07731,41.36823],[-91.08317,41.36604]]]}},{"type":"Feature","properties":{},"geometry":{"type":"Polygon","coordinates":[[[-91.08454,41.35938],[-91.08084,41.3624],[-91.08469,41.36208],[-91.08454,41.35938]]]}},{"type":"Feature","properties":{},"geometry":{"type":"Polygon","coordinates":[[[-91.08433,41.3571],[-91.0812,41.35568],[-91.0812,41.35655],[-91.08433,41.3571]]]}},{"type":"Feature","properties":{},"geometry":{"type":"Polygon","coordinates":[[[-91.08012,41.34188],[-91.07645,41.33575],[-91.07851,41.34332],[-91.09287,41.34246],[-91.08012,41.34188]]]}},{"type":"Feature","properties":{},"geometry":{"type":"Polygon","coordinates":[[[-91.08256,41.32905],[-91.07767,41.32853],[-91.07664,41.33385],[-91.08256,41.32905]]]}},{"type":"Feature","properties":{},"geometry":{"type":"Polygon","coordinates":[[[-91.08857,41.31666],[-91.08269,41.31858],[-91.08863,41.3184],[-91.08857,41.31666]]]}},{"type":"Feature","properties":{},"geometry":{"type":"Polygon","coordinates":[[[-91.08861,41.3138],[-91.08494,41.31298],[-91.08487,41.31586],[-91.08861,41.3138]]]}},{"type":"Feature","properties":{},"geometry":{"type":"Polygon","coordinates":[[[-91.10336,41.2749],[-91.10673,41.28034],[-91.09741,41.28718],[-91.10736,41.28249],[-91.10715,41.27901],[-91.10336,41.2749]]]}},{"type":"Feature","properties":{},"geometry":{"type":"Polygon","coordinates":[[[-91.10594,41.26865],[-91.10321,41.2738],[-91.1063,41.27627],[-91.10594,41.26865]]]}},{"type":"Feature","properties":{},"geometry":{"type":"Polygon","coordinates":[[[-93.02852,42.1129],[-93.02751,42.11358],[-93.02858,42.11361],[-93.02852,42.1129]]]}},{"type":"Feature","properties":{},"geometry":{"type":"Polygon","coordinates":[[[-93.01464,42.11181],[-93.01371,42.11222],[-93.01482,42.11268],[-93.01464,42.11181]]]}},{"type":"Feature","properties":{},"geometry":{"type":"Polygon","coordinates":[[[-93.01832,42.11245],[-93.01609,42.10856],[-93.01559,42.11012],[-93.01832,42.11245]]]}},{"type":"Feature","properties":{},"geometry":{"type":"Polygon","coordinates":[[[-93.0066,42.10629],[-93.00543,42.10798],[-93.00672,42.1089],[-93.0066,42.10629]]]}},{"type":"Feature","properties":{},"geometry":{"type":"Polygon","coordinates":[[[-93.00494,42.10647],[-93.00365,42.10658],[-93.00494,42.10661],[-93.00494,42.10647]]]}},{"type":"Feature","properties":{},"geometry":{"type":"Polygon","coordinates":[[[-93.00725,42.10457],[-93.00654,42.10455],[-93.00826,42.10663],[-93.00725,42.10457]]]}},{"type":"Feature","properties":{},"geometry":{"type":"Polygon","coordinates":[[[-93.00199,42.10626],[-93.00092,42.10557],[-93.00095,42.10594],[-93.00199,42.10626]]]}},{"type":"Feature","properties":{},"geometry":{"type":"Polygon","coordinates":[[[-93.00494,42.10604],[-93.00304,42.10528],[-93.00313,42.10603],[-93.00494,42.10604]]]}},{"type":"Feature","properties":{},"geometry":{"type":"Polygon","coordinates":[[[-93.01813,42.09843],[-93.01758,42.0988],[-93.01822,42.09891],[-93.01813,42.09843]]]}},{"type":"Feature","properties":{},"geometry":{"type":"Polygon","coordinates":[[[-93.00198,42.09503],[-93.00158,42.09537],[-93.00305,42.09512],[-93.00198,42.09503]]]}},{"type":"Feature","properties":{},"geometry":{"type":"Polygon","coordinates":[[[-93.00346,42.09391],[-93.0029,42.09418],[-93.00349,42.09439],[-93.00346,42.09391]]]}},{"type":"Feature","properties":{},"geometry":{"type":"Polygon","coordinates":[[[-93.21968,42.02901],[-93.21852,42.02984],[-93.21968,42.02965],[-93.21968,42.02901]]]}},{"type":"Feature","properties":{},"geometry":{"type":"Polygon","coordinates":[[[-92.90596,41.99297],[-92.9059,41.99437],[-92.90642,41.99428],[-92.90596,41.99297]]]}},{"type":"Feature","properties":{},"geometry":{"type":"Polygon","coordinates":[[[-92.88802,41.99295],[-92.88575,41.99387],[-92.88799,41.99309],[-92.88802,41.99295]]]}},{"type":"Feature","properties":{},"geometry":{"type":"Polygon","coordinates":[[[-92.67819,41.98649],[-92.6757,41.98688],[-92.67785,41.98885],[-92.67819,41.98649]]]}},{"type":"Feature","properties":{},"geometry":{"type":"Polygon","coordinates":[[[-92.62388,41.9777],[-92.62039,41.97735],[-92.6214,41.97893],[-92.62388,41.9777]]]}},{"type":"Feature","properties":{},"geometry":{"type":"Polygon","coordinates":[[[-92.89746,41.97561],[-92.89654,41.97618],[-92.89746,41.97625],[-92.89746,41.97561]]]}},{"type":"Feature","properties":{},"geometry":{"type":"Polygon","coordinates":[[[-92.82457,41.96295],[-92.82506,41.96156],[-92.82475,41.96158],[-92.82457,41.96295]]]}},{"type":"Feature","properties":{},"geometry":{"type":"Polygon","coordinates":[[[-92.58805,41.96195],[-92.58198,41.96106],[-92.58805,41.96209],[-92.58805,41.96195]]]}},{"type":"Feature","properties":{},"geometry":{"type":"Polygon","coordinates":[[[-92.90331,41.96017],[-92.90834,41.9601],[-92.9088,41.95937],[-92.90331,41.96017]]]}},{"type":"Feature","properties":{},"geometry":{"type":"Polygon","coordinates":[[[-92.56927,41.95515],[-92.56945,41.957],[-92.57104,41.95659],[-92.56927,41.95515]]]}},{"type":"Feature","properties":{},"geometry":{"type":"Polygon","coordinates":[[[-92.45462,41.9453],[-92.44996,41.94109],[-92.4495,41.94706],[-92.45462,41.9453]]]}},{"type":"Feature","properties":{},"geometry":{"type":"Polygon","coordinates":[[[-92.44515,41.94643],[-92.44393,41.94643],[-92.44512,41.94684],[-92.44515,41.94643]]]}},{"type":"Feature","properties":{},"geometry":{"type":"Polygon","coordinates":[[[-92.46681,41.94536],[-92.4655,41.94579],[-92.46706,41.94589],[-92.46681,41.94536]]]}},{"type":"Feature","properties":{},"geometry":{"type":"Polygon","coordinates":[[[-92.47968,41.94091],[-92.47597,41.9437],[-92.47809,41.94395],[-92.47968,41.94091]]]}},{"type":"Feature","properties":{},"geometry":{"type":"Polygon","coordinates":[[[-92.57461,41.94325],[-92.57222,41.94309],[-92.57203,41.94344],[-92.57461,41.94325]]]}},{"type":"Feature","properties":{},"geometry":{"type":"Polygon","coordinates":[[[-92.41046,41.93864],[-92.41401,41.93878],[-92.40997,41.93768],[-92.41046,41.93864]]]}},{"type":"Feature","properties":{},"geometry":{"type":"Polygon","coordinates":[[[-92.85468,41.93905],[-92.85339,41.93983],[-92.85468,41.93917],[-92.85468,41.93905]]]}},{"type":"Feature","properties":{},"geometry":{"type":"Polygon","coordinates":[[[-92.4225,41.93493],[-92.41937,41.93518],[-92.4236,41.93582],[-92.4225,41.93493]]]}},{"type":"Feature","properties":{},"geometry":{"type":"Polygon","coordinates":[[[-92.59294,41.93308],[-92.59389,41.93379],[-92.59429,41.93244],[-92.59294,41.93308]]]}},{"type":"Feature","properties":{},"geometry":{"type":"Polygon","coordinates":[[[-92.86212,41.93052],[-92.85878,41.92727],[-92.85961,41.93052],[-92.86212,41.93052]]]}},{"type":"Feature","properties":{},"geometry":{"type":"Polygon","coordinates":[[[-92.58767,41.92208],[-92.58654,41.92226],[-92.58746,41.92329],[-92.58767,41.92208]]]}},{"type":"Feature","properties":{},"geometry":{"type":"Polygon","coordinates":[[[-92.53312,41.92225],[-92.53257,41.92108],[-92.53217,41.9222],[-92.53312,41.92225]]]}},{"type":"Feature","properties":{},"geometry":{"type":"Polygon","coordinates":[[[-92.49181,41.92166],[-92.49098,41.92079],[-92.49089,41.92139],[-92.49181,41.92166]]]}},{"type":"Feature","properties":{},"geometry":{"type":"Polygon","coordinates":[[[-92.56563,41.90722],[-92.56637,41.90807],[-92.56625,41.90738],[-92.56563,41.90722]]]}},{"type":"Feature","properties":{},"geometry":{"type":"Polygon","coordinates":[[[-92.25782,41.90329],[-92.25662,41.90374],[-92.25684,41.90425],[-92.25782,41.90329]]]}},{"type":"Feature","properties":{},"geometry":{"type":"Polygon","coordinates":[[[-92.53174,41.9021],[-92.53076,41.9009],[-92.53134,41.90219],[-92.53174,41.9021]]]}},{"type":"Feature","properties":{},"geometry":{"type":"Polygon","coordinates":[[[-92.55431,41.90124],[-92.55351,41.90188],[-92.5544,41.90168],[-92.55431,41.90124]]]}},{"type":"Feature","properties":{},"geometry":{"type":"Polygon","coordinates":[[[-92.54558,41.9006],[-92.54476,41.89975],[-92.54518,41.90064],[-92.54558,41.9006]]]}},{"type":"Feature","properties":{},"geometry":{"type":"Polygon","coordinates":[[[-92.42988,41.8932],[-92.42657,41.89442],[-92.42728,41.89524],[-92.42988,41.8932]]]}},{"type":"Feature","properties":{},"geometry":{"type":"Polygon","coordinates":[[[-92.36883,41.88889],[-92.36873,41.89058],[-92.36974,41.89008],[-92.36883,41.88889]]]}},{"type":"Feature","properties":{},"geometry":{"type":"Polygon","coordinates":[[[-92.2489,41.88677],[-92.24761,41.88668],[-92.24768,41.88798],[-92.2489,41.88677]]]}},{"type":"Feature","properties":{},"geometry":{"type":"Polygon","coordinates":[[[-92.1352,41.88253],[-92.1345,41.88329],[-92.13541,41.88283],[-92.1352,41.88253]]]}},{"type":"Feature","properties":{},"geometry":{"type":"Polygon","coordinates":[[[-92.28379,41.87909],[-92.28161,41.88096],[-92.28403,41.88016],[-92.28379,41.87909]]]}},{"type":"Feature","properties":{},"geometry":{"type":"Polygon","coordinates":[[[-92.12537,41.87675],[-92.12375,41.87631],[-92.12519,41.87691],[-92.12537,41.87675]]]}},{"type":"Feature","properties":{},"geometry":{"type":"Polygon","coordinates":[[[-92.11139,41.86499],[-92.11763,41.87187],[-92.11191,41.8632],[-92.11139,41.86499]]]}},{"type":"Feature","properties":{},"geometry":{"type":"Polygon","coordinates":[[[-92.15922,41.86464],[-92.15745,41.86556],[-92.15959,41.86496],[-92.15922,41.86464]]]}},{"type":"Feature","properties":{},"geometry":{"type":"Polygon","coordinates":[[[-92.35099,41.86315],[-92.34933,41.86537],[-92.35258,41.86537],[-92.35099,41.86315]]]}},{"type":"Feature","properties":{},"geometry":{"type":"Polygon","coordinates":[[[-92.11656,41.86179],[-92.11482,41.86172],[-92.11653,41.86222],[-92.11656,41.86179]]]}},{"type":"Feature","properties":{},"geometry":{"type":"Polygon","coordinates":[[[-92.33887,41.86178],[-92.33746,41.86088],[-92.33841,41.86196],[-92.33887,41.86178]]]}},{"type":"Feature","properties":{},"geometry":{"type":"Polygon","coordinates":[[[-92.16916,41.8524],[-92.16726,41.8535],[-92.16904,41.85354],[-92.16916,41.8524]]]}},{"type":"Feature","properties":{},"geometry":{"type":"Polygon","coordinates":[[[-92.24874,41.849],[-92.2461,41.84866],[-92.24865,41.84985],[-92.24874,41.849]]]}},{"type":"Feature","properties":{},"geometry":{"type":"Polygon","coordinates":[[[-92.4018,41.82511],[-92.40419,41.82893],[-92.40217,41.82449],[-92.4018,41.82511]]]}},{"type":"Feature","properties":{},"geometry":{"type":"Polygon","coordinates":[[[-92.03935,41.82046],[-92.04084,41.82278],[-92.04048,41.82051],[-92.03935,41.82046]]]}},{"type":"Feature","properties":{},"geometry":{"type":"Polygon","coordinates":[[[-92.03067,41.8179],[-92.03183,41.81886],[-92.03168,41.81792],[-92.03067,41.8179]]]}},{"type":"Feature","properties":{},"geometry":{"type":"Polygon","coordinates":[[[-92.45023,41.81161],[-92.44685,41.81889],[-92.44287,41.81372],[-92.43752,41.8151],[-92.44446,41.82097],[-92.45678,41.81696],[-92.45023,41.81161]]]}},{"type":"Feature","properties":{},"geometry":{"type":"Polygon","coordinates":[[[-92.43345,41.81315],[-92.43317,41.81219],[-92.43238,41.81302],[-92.43345,41.81315]]]}},{"type":"Feature","properties":{},"geometry":{"type":"Polygon","coordinates":[[[-92.07437,41.80889],[-92.07126,41.80792],[-92.07159,41.80923],[-92.07437,41.80889]]]}},{"type":"Feature","properties":{},"geometry":{"type":"Polygon","coordinates":[[[-92.53019,41.8104],[-92.53203,41.80949],[-92.52955,41.80887],[-92.53019,41.8104]]]}},{"type":"Feature","properties":{},"geometry":{"type":"Polygon","coordinates":[[[-92.13638,41.80318],[-92.14054,41.80748],[-92.14066,41.80684],[-92.13638,41.80318]]]}},{"type":"Feature","properties":{},"geometry":{"type":"Polygon","coordinates":[[[-92.35358,41.80701],[-92.35492,41.80566],[-92.35443,41.80557],[-92.35358,41.80701]]]}},{"type":"Feature","properties":{},"geometry":{"type":"Polygon","coordinates":[[[-92.14738,41.78176],[-92.14613,41.78238],[-92.14766,41.78245],[-92.14738,41.78176]]]}},{"type":"Feature","properties":{},"geometry":{"type":"Polygon","coordinates":[[[-92.67064,41.76809],[-92.67162,41.76834],[-92.67241,41.76699],[-92.67064,41.76809]]]}},{"type":"Feature","properties":{},"geometry":{"type":"Polygon","coordinates":[[[-92.62559,41.70792],[-92.62492,41.70723],[-92.62504,41.70778],[-92.62559,41.70792]]]}},{"type":"Feature","properties":{},"geometry":{"type":"Polygon","coordinates":[[[-92.57482,41.705],[-92.57342,41.70486],[-92.57345,41.70514],[-92.57482,41.705]]]}},{"type":"Feature","properties":{},"geometry":{"type":"Polygon","coordinates":[[[-92.54504,41.69407],[-92.54611,41.69485],[-92.54626,41.69361],[-92.54504,41.69407]]]}},{"type":"Feature","properties":{},"geometry":{"type":"Polygon","coordinates":[[[-92.48308,41.69165],[-92.4822,41.69279],[-92.484,41.69311],[-92.48308,41.69165]]]}},{"type":"Feature","properties":{},"geometry":{"type":"Polygon","coordinates":[[[-92.52105,41.69217],[-92.52176,41.69073],[-92.51849,41.69002],[-92.52105,41.69217]]]}},{"type":"Feature","properties":{},"geometry":{"type":"Polygon","coordinates":[[[-93.27951,41.63896],[-93.28089,41.63914],[-93.28089,41.6383],[-93.27951,41.63896]]]}},{"type":"Feature","properties":{},"geometry":{"type":"Polygon","coordinates":[[[-90.2012,41.81425],[-90.19778,41.81196],[-90.19555,41.81277],[-90.2012,41.81425]]]}},{"type":"Feature","properties":{},"geometry":{"type":"Polygon","coordinates":[[[-90.7891,41.59266],[-90.78526,41.59193],[-90.78526,41.59268],[-90.7891,41.59266]]]}},{"type":"Feature","properties":{},"geometry":{"type":"Polygon","coordinates":[[[-90.63213,41.48351],[-90.60879,41.50368],[-90.60946,41.5072],[-90.62196,41.49933],[-90.63213,41.48351]]]}},{"type":"Feature","properties":{},"geometry":{"type":"Polygon","coordinates":[[[-91.14015,41.49441],[-91.13969,41.49226],[-91.13835,41.49468],[-91.14015,41.49441]]]}},{"type":"Feature","properties":{},"geometry":{"type":"Polygon","coordinates":[[[-91.14966,41.47231],[-91.14708,41.47327],[-91.15006,41.47293],[-91.14966,41.47231]]]}},{"type":"Feature","properties":{},"geometry":{"type":"Polygon","coordinates":[[[-91.24164,41.44541],[-91.24234,41.44726],[-91.2431,41.4457],[-91.24164,41.44541]]]}},{"type":"Feature","properties":{},"geometry":{"type":"Polygon","coordinates":[[[-91.24142,41.4385],[-91.23962,41.4385],[-91.24121,41.43971],[-91.24142,41.4385]]]}},{"type":"Feature","properties":{},"geometry":{"type":"Polygon","coordinates":[[[-91.2912,41.42342],[-91.2929,41.42164],[-91.29017,41.41965],[-91.2912,41.42342]]]}},{"type":"Feature","properties":{},"geometry":{"type":"Polygon","coordinates":[[[-91.31991,41.39624],[-91.32808,41.39417],[-91.32863,41.38854],[-91.32723,41.39279],[-91.31991,41.39624]]]}},{"type":"Feature","properties":{},"geometry":{"type":"Polygon","coordinates":[[[-91.32575,41.37245],[-91.31992,41.38204],[-91.3259,41.38417],[-91.3246,41.3812],[-91.32575,41.37245]]]}},{"type":"Feature","properties":{},"geometry":{"type":"Polygon","coordinates":[[[-91.34374,41.29709],[-91.34232,41.29529],[-91.34195,41.29819],[-91.34374,41.29709]]]}},{"type":"Feature","properties":{},"geometry":{"type":"Polygon","coordinates":[[[-91.9126,41.23966],[-91.91272,41.23751],[-91.91191,41.23797],[-91.9126,41.23966]]]}},{"type":"Feature","properties":{},"geometry":{"type":"MultiPolygon","coordinates":[[[[-91.91665,42.49086],[-91.9274,42.48404],[-91.93284,42.48535],[-91.93272,42.48857],[-91.93562,42.48862],[-91.93426,42.48585],[-91.93151,42.48436],[-91.92724,42.48366],[-91.92134,42.48482],[-91.91593,42.48361],[-91.92091,42.48158],[-91.91154,42.48462],[-91.89455,42.46937],[-91.90416,42.48963],[-91.91665,42.49086]]],[[[-91.91844,42.48432],[-91.91093,42.48737],[-91.92119,42.48558],[-91.91844,42.48432]]],[[[-91.91816,42.48695],[-91.91637,42.48855],[-91.91816,42.48711],[-91.91816,42.48695]]],[[[-91.91003,42.48339],[-91.90917,42.48419],[-91.90975,42.48561],[-91.91003,42.48339]]],[[[-91.91111,42.48604],[-91.90969,42.4868],[-91.91006,42.48739],[-91.91111,42.48604]]],[[[-91.90648,42.48629],[-91.90552,42.48686],[-91.90592,42.48776],[-91.90648,42.48629]]],[[[-91.93457,42.48798],[-91.93327,42.48832],[-91.93463,42.48825],[-91.93457,42.48798]]]]}},{"type":"Feature","properties":{},"geometry":{"type":"Polygon","coordinates":[[[-91.96035,42.30354],[-91.96097,42.30308],[-91.95995,42.30338],[-91.96035,42.30354]]]}},{"type":"Feature","properties":{},"geometry":{"type":"Polygon","coordinates":[[[-91.81806,42.1923],[-91.81517,42.19221],[-91.81809,42.19365],[-91.81806,42.1923]]]}},{"type":"Feature","properties":{},"geometry":{"type":"Polygon","coordinates":[[[-91.92307,42.19023],[-91.92295,42.18861],[-91.92197,42.1887],[-91.92307,42.19023]]]}},{"type":"Feature","properties":{},"geometry":{"type":"Polygon","coordinates":[[[-91.89828,42.18557],[-91.89539,42.18887],[-91.90074,42.18758],[-91.89828,42.18557]]]}},{"type":"Feature","properties":{},"geometry":{"type":"Polygon","coordinates":[[[-91.8877,42.18688],[-91.88792,42.18626],[-91.88598,42.18585],[-91.8877,42.18688]]]}},{"type":"Feature","properties":{},"geometry":{"type":"Polygon","coordinates":[[[-91.87811,42.18573],[-91.87644,42.18562],[-91.87872,42.18642],[-91.87811,42.18573]]]}},{"type":"Feature","properties":{},"geometry":{"type":"Polygon","coordinates":[[[-91.87952,42.18427],[-91.8734,42.18377],[-91.873,42.18404],[-91.87952,42.18427]]]}},{"type":"Feature","properties":{},"geometry":{"type":"Polygon","coordinates":[[[-91.87648,42.17919],[-91.87383,42.17965],[-91.87758,42.18024],[-91.87648,42.17919]]]}},{"type":"Feature","properties":{},"geometry":{"type":"Polygon","coordinates":[[[-91.9773,42.1708],[-91.97533,42.17057],[-91.97493,42.17101],[-91.9773,42.1708]]]}},{"type":"Feature","properties":{},"geometry":{"type":"Polygon","coordinates":[[[-91.98287,42.17016],[-91.97896,42.17027],[-91.97819,42.17078],[-91.98287,42.17016]]]}},{"type":"Feature","properties":{},"geometry":{"type":"Polygon","coordinates":[[[-91.80076,42.15908],[-91.79983,42.15972],[-91.80192,42.16016],[-91.80076,42.15908]]]}},{"type":"Feature","properties":{},"geometry":{"type":"Polygon","coordinates":[[[-91.94248,42.1603],[-91.9407,42.15877],[-91.94175,42.16024],[-91.93843,42.16088],[-91.94248,42.1603]]]}},{"type":"Feature","properties":{},"geometry":{"type":"Polygon","coordinates":[[[-91.81635,42.15433],[-91.8157,42.15548],[-91.81721,42.15655],[-91.81635,42.15433]]]}},{"type":"Feature","properties":{},"geometry":{"type":"Polygon","coordinates":[[[-91.85991,42.15556],[-91.86126,42.15526],[-91.85917,42.15433],[-91.85991,42.15556]]]}},{"type":"Feature","properties":{},"geometry":{"type":"Polygon","coordinates":[[[-91.74987,42.01387],[-91.74871,42.01348],[-91.74773,42.01506],[-91.74987,42.01387]]]}},{"type":"Feature","properties":{},"geometry":{"type":"Polygon","coordinates":[[[-91.74248,42.01408],[-91.74107,42.01383],[-91.74092,42.01431],[-91.74248,42.01408]]]}},{"type":"Feature","properties":{},"geometry":{"type":"Polygon","coordinates":[[[-91.70039,42.00641],[-91.6987,42.00705],[-91.70536,42.00636],[-91.70039,42.00641]]]}},{"type":"Feature","properties":{},"geometry":{"type":"Polygon","coordinates":[[[-91.71888,42.00623],[-91.71802,42.00612],[-91.71805,42.00637],[-91.71888,42.00623]]]}},{"type":"Feature","properties":{},"geometry":{"type":"Polygon","coordinates":[[[-91.72372,42.00321],[-91.7221,42.00255],[-91.72136,42.00353],[-91.72372,42.00321]]]}},{"type":"Feature","properties":{},"geometry":{"type":"Polygon","coordinates":[[[-91.73329,42.00229],[-91.72789,42.00165],[-91.73424,42.00322],[-91.73329,42.00229]]]}},{"type":"Feature","properties":{},"geometry":{"type":"Polygon","coordinates":[[[-91.88324,42.2167],[-91.88534,42.21817],[-91.8853,42.2167],[-91.88324,42.2167]]]}},{"type":"Feature","properties":{},"geometry":{"type":"Polygon","coordinates":[[[-92.37402,42.49044],[-92.3729,42.48967],[-92.37225,42.49111],[-92.37402,42.49044]]]}},{"type":"Feature","properties":{},"geometry":{"type":"Polygon","coordinates":[[[-92.38944,42.47999],[-92.38653,42.47864],[-92.38647,42.47974],[-92.38944,42.47999]]]}},{"type":"Feature","properties":{},"geometry":{"type":"Polygon","coordinates":[[[-92.3158,42.47846],[-92.31286,42.47718],[-92.31274,42.47801],[-92.3158,42.47846]]]}},{"type":"Feature","properties":{},"geometry":{"type":"Polygon","coordinates":[[[-92.30446,42.47519],[-92.30193,42.47612],[-92.30483,42.47553],[-92.30446,42.47519]]]}},{"type":"Feature","properties":{},"geometry":{"type":"Polygon","coordinates":[[[-92.31311,42.47583],[-92.30625,42.47516],[-92.30588,42.47594],[-92.31311,42.47583]]]}},{"type":"Feature","properties":{},"geometry":{"type":"Polygon","coordinates":[[[-92.31488,42.46838],[-92.31355,42.46874],[-92.31479,42.46886],[-92.31488,42.46838]]]}},{"type":"Feature","properties":{},"geometry":{"type":"Polygon","coordinates":[[[-92.31371,42.46543],[-92.3126,42.466],[-92.31396,42.46609],[-92.31371,42.46543]]]}},{"type":"Feature","properties":{},"geometry":{"type":"Polygon","coordinates":[[[-92.25689,42.45449],[-92.25481,42.45536],[-92.25716,42.4549],[-92.25689,42.45449]]]}},{"type":"Feature","properties":{},"geometry":{"type":"Polygon","coordinates":[[[-92.25367,42.45376],[-92.25185,42.45371],[-92.25219,42.45449],[-92.25367,42.45376]]]}},{"type":"Feature","properties":{},"geometry":{"type":"Polygon","coordinates":[[[-92.24173,42.43938],[-92.23797,42.44208],[-92.24343,42.44141],[-92.24173,42.43938]]]}},{"type":"Feature","properties":{},"geometry":{"type":"Polygon","coordinates":[[[-92.27628,42.43992],[-92.27421,42.44001],[-92.27572,42.44095],[-92.27628,42.43992]]]}},{"type":"Feature","properties":{},"geometry":{"type":"Polygon","coordinates":[[[-92.26924,42.43888],[-92.26884,42.43707],[-92.26767,42.43689],[-92.26924,42.43888]]]}},{"type":"Feature","properties":{},"geometry":{"type":"Polygon","coordinates":[[[-92.25553,42.42034],[-92.25789,42.42961],[-92.25848,42.42965],[-92.25848,42.42556],[-92.25553,42.42034]]]}},{"type":"Feature","properties":{},"geometry":{"type":"Polygon","coordinates":[[[-92.26584,42.42328],[-92.26506,42.4246],[-92.26639,42.42451],[-92.26584,42.42328]]]}},{"type":"Feature","properties":{},"geometry":{"type":"Polygon","coordinates":[[[-92.45525,42.41957],[-92.45309,42.42006],[-92.45324,42.42063],[-92.45525,42.41957]]]}},{"type":"Feature","properties":{},"geometry":{"type":"Polygon","coordinates":[[[-92.22767,42.41256],[-92.22594,42.40995],[-92.22557,42.41403],[-92.22767,42.41256]]]}},{"type":"Feature","properties":{},"geometry":{"type":"Polygon","coordinates":[[[-92.81178,42.4021],[-92.81101,42.40121],[-92.81101,42.40201],[-92.81178,42.4021]]]}},{"type":"Feature","properties":{},"geometry":{"type":"Polygon","coordinates":[[[-92.23285,42.37072],[-92.23329,42.3741],[-92.2334,42.37065],[-92.23285,42.37072]]]}},{"type":"Feature","properties":{},"geometry":{"type":"Polygon","coordinates":[[[-92.22913,42.36057],[-92.2279,42.36034],[-92.22706,42.36157],[-92.22913,42.36057]]]}},{"type":"Feature","properties":{},"geometry":{"type":"Polygon","coordinates":[[[-92.19566,42.35817],[-92.1935,42.3573],[-92.19319,42.35794],[-92.19566,42.35817]]]}},{"type":"Feature","properties":{},"geometry":{"type":"Polygon","coordinates":[[[-92.30161,42.35674],[-92.29985,42.35608],[-92.29929,42.35656],[-92.30161,42.35674]]]}},{"type":"Feature","properties":{},"geometry":{"type":"Polygon","coordinates":[[[-92.13761,42.3314],[-92.13983,42.33225],[-92.14082,42.33142],[-92.13761,42.3314]]]}},{"type":"Feature","properties":{},"geometry":{"type":"Polygon","coordinates":[[[-92.11055,42.31813],[-92.10889,42.31992],[-92.11095,42.31864],[-92.11055,42.31813]]]}},{"type":"Feature","properties":{},"geometry":{"type":"Polygon","coordinates":[[[-92.05275,42.3045],[-92.05108,42.3042],[-92.05241,42.305],[-92.05275,42.3045]]]}},{"type":"Feature","properties":{},"geometry":{"type":"Polygon","coordinates":[[[-92.12507,42.30052],[-92.12032,42.30114],[-92.11749,42.30434],[-92.12507,42.30052]]]}},{"type":"Feature","properties":{},"geometry":{"type":"Polygon","coordinates":[[[-92.11188,42.3021],[-92.10991,42.30148],[-92.1104,42.30262],[-92.11188,42.3021]]]}},{"type":"Feature","properties":{},"geometry":{"type":"Polygon","coordinates":[[[-92.12177,42.29418],[-92.12014,42.29588],[-92.12458,42.29434],[-92.12177,42.29418]]]}},{"type":"Feature","properties":{},"geometry":{"type":"Polygon","coordinates":[[[-92.3116,42.26365],[-92.31221,42.26877],[-92.32032,42.26626],[-92.3116,42.26365]]]}},{"type":"Feature","properties":{},"geometry":{"type":"Polygon","coordinates":[[[-92.05748,42.24878],[-92.05933,42.25002],[-92.05936,42.24839],[-92.05748,42.24878]]]}},{"type":"Feature","properties":{},"geometry":{"type":"Polygon","coordinates":[[[-92.02819,42.23695],[-92.02986,42.23263],[-92.02588,42.23537],[-92.02819,42.23695]]]}},{"type":"Feature","properties":{},"geometry":{"type":"Polygon","coordinates":[[[-92.03869,42.23305],[-92.03804,42.23495],[-92.03965,42.23456],[-92.03869,42.23305]]]}},{"type":"Feature","properties":{},"geometry":{"type":"Polygon","coordinates":[[[-92.01145,42.21992],[-92.01114,42.22138],[-92.01267,42.22184],[-92.01145,42.21992]]]}},{"type":"Feature","properties":{},"geometry":{"type":"Polygon","coordinates":[[[-92.06183,42.215],[-92.06069,42.2158],[-92.0629,42.21706],[-92.06183,42.215]]]}},{"type":"Feature","properties":{},"geometry":{"type":"Polygon","coordinates":[[[-92.03098,42.20457],[-92.0291,42.20724],[-92.03206,42.20562],[-92.03098,42.20457]]]}},{"type":"Feature","properties":{},"geometry":{"type":"Polygon","coordinates":[[[-92.07907,42.19666],[-92.07861,42.20014],[-92.08292,42.19563],[-92.07907,42.19666]]]}},{"type":"Feature","properties":{},"geometry":{"type":"Polygon","coordinates":[[[-92.02145,42.19799],[-92.0201,42.19808],[-92.02394,42.19905],[-92.02145,42.19799]]]}},{"type":"Feature","properties":{},"geometry":{"type":"Polygon","coordinates":[[[-92.02515,42.19688],[-92.02721,42.19804],[-92.0265,42.1956],[-92.02515,42.19688]]]}},{"type":"Feature","properties":{},"geometry":{"type":"Polygon","coordinates":[[[-92.19036,42.18734],[-92.18772,42.18746],[-92.19046,42.18773],[-92.19036,42.18734]]]}},{"type":"Feature","properties":{},"geometry":{"type":"Polygon","coordinates":[[[-92.79627,42.39329],[-92.79556,42.39482],[-92.7971,42.39386],[-92.79627,42.39329]]]}},{"type":"Feature","properties":{},"geometry":{"type":"Polygon","coordinates":[[[-92.82809,42.21741],[-92.83074,42.21732],[-92.83065,42.21622],[-92.82809,42.21741]]]}},{"type":"Feature","properties":{},"geometry":{"type":"Polygon","coordinates":[[[-92.45456,42.1958],[-92.45201,42.19895],[-92.45515,42.19888],[-92.45456,42.1958]]]}},{"type":"Feature","properties":{},"geometry":{"type":"Polygon","coordinates":[[[-92.13552,42.13731],[-92.13767,42.13633],[-92.13549,42.13633],[-92.13552,42.13731]]]}},{"type":"Feature","properties":{},"geometry":{"type":"Polygon","coordinates":[[[-93.25951,42.38207],[-93.26037,42.38278],[-93.26019,42.38212],[-93.25951,42.38207]]]}},{"type":"Feature","properties":{},"geometry":{"type":"Polygon","coordinates":[[[-93.25736,42.02828],[-93.25613,42.02947],[-93.25816,42.02851],[-93.25736,42.02828]]]}},{"type":"Feature","properties":{},"geometry":{"type":"Polygon","coordinates":[[[-91.67409,41.99495],[-91.66476,41.99024],[-91.66782,41.98535],[-91.66277,41.98844],[-91.66863,41.99475],[-91.67409,41.99495]]]}},{"type":"Feature","properties":{},"geometry":{"type":"Polygon","coordinates":[[[-91.66908,41.9853],[-91.6696,41.98601],[-91.66963,41.98509],[-91.66908,41.9853]]]}},{"type":"Feature","properties":{},"geometry":{"type":"Polygon","coordinates":[[[-91.75608,41.98444],[-91.75537,41.98563],[-91.75574,41.98568],[-91.75608,41.98444]]]}},{"type":"Feature","properties":{},"geometry":{"type":"Polygon","coordinates":[[[-91.8205,41.96912],[-91.81848,41.96796],[-91.81894,41.96954],[-91.8205,41.96912]]]}},{"type":"Feature","properties":{},"geometry":{"type":"Polygon","coordinates":[[[-91.64323,41.96362],[-91.64201,41.96289],[-91.64179,41.96438],[-91.64323,41.96362]]]}},{"type":"Feature","properties":{},"geometry":{"type":"Polygon","coordinates":[[[-91.6447,41.96378],[-91.64348,41.96307],[-91.64403,41.96408],[-91.6447,41.96378]]]}},{"type":"Feature","properties":{},"geometry":{"type":"Polygon","coordinates":[[[-91.64394,41.96044],[-91.64173,41.96241],[-91.64391,41.9625],[-91.64394,41.96044]]]}},{"type":"Feature","properties":{},"geometry":{"type":"Polygon","coordinates":[[[-91.74963,41.9575],[-91.74758,41.95684],[-91.74755,41.9578],[-91.74963,41.9575]]]}},{"type":"Feature","properties":{},"geometry":{"type":"Polygon","coordinates":[[[-91.64323,41.94656],[-91.64372,41.94731],[-91.64344,41.94656],[-91.64323,41.94656]]]}},{"type":"Feature","properties":{},"geometry":{"type":"Polygon","coordinates":[[[-91.67003,41.93551],[-91.67037,41.93583],[-91.67236,41.93267],[-91.67003,41.93551]]]}},{"type":"Feature","properties":{},"geometry":{"type":"Polygon","coordinates":[[[-91.66599,41.93443],[-91.66556,41.93528],[-91.6662,41.93491],[-91.66599,41.93443]]]}},{"type":"Feature","properties":{},"geometry":{"type":"Polygon","coordinates":[[[-92.42241,41.93694],[-92.42869,41.93566],[-92.42241,41.93669],[-92.42241,41.93694]]]}},{"type":"Feature","properties":{},"geometry":{"type":"Polygon","coordinates":[[[-91.56668,41.82466],[-91.61143,41.80431],[-91.60474,41.78608],[-91.63328,41.79452],[-91.6357,41.81495],[-91.65405,41.80973],[-91.63573,41.80932],[-91.63915,41.79384],[-91.60321,41.78256],[-91.60406,41.79933],[-91.58853,41.80504],[-91.58942,41.79294],[-91.57717,41.7888],[-91.58979,41.78466],[-91.58904,41.77286],[-91.56407,41.77678],[-91.57542,41.75902],[-91.55507,41.74845],[-91.56265,41.74281],[-91.55108,41.742],[-91.55159,41.7272],[-91.51831,41.72603],[-91.53035,41.73393],[-91.54654,41.73189],[-91.54695,41.74277],[-91.54384,41.74081],[-91.53999,41.74108],[-91.55129,41.74763],[-91.54543,41.75271],[-91.56637,41.76121],[-91.55879,41.76811],[-91.55972,41.78188],[-91.58491,41.77931],[-91.57372,41.78765],[-91.58114,41.79694],[-91.57837,41.81441],[-91.56668,41.82466]]]}},{"type":"Feature","properties":{},"geometry":{"type":"Polygon","coordinates":[[[-93.06727,42.27908],[-93.06903,42.27574],[-93.06705,42.27663],[-93.06727,42.27908]]]}},{"type":"Feature","properties":{},"geometry":{"type":"Polygon","coordinates":[[[-93.44039,43.08046],[-93.43843,43.07829],[-93.43871,43.0814],[-93.44039,43.08046]]]}},{"type":"Feature","properties":{},"geometry":{"type":"Polygon","coordinates":[[[-93.34159,43.06179],[-93.34025,43.05994],[-93.34043,43.06191],[-93.34159,43.06179]]]}},{"type":"Feature","properties":{},"geometry":{"type":"Polygon","coordinates":[[[-92.94141,42.73147],[-92.93834,42.73152],[-92.94135,42.73316],[-92.94141,42.73147]]]}},{"type":"Feature","properties":{},"geometry":{"type":"Polygon","coordinates":[[[-92.93242,42.73099],[-92.93065,42.73001],[-92.93145,42.73134],[-92.93242,42.73099]]]}},{"type":"Feature","properties":{},"geometry":{"type":"Polygon","coordinates":[[[-92.85034,42.69228],[-92.85024,42.6931],[-92.85455,42.6948],[-92.85034,42.69228]]]}},{"type":"Feature","properties":{},"geometry":{"type":"Polygon","coordinates":[[[-92.83616,42.69331],[-92.83526,42.69369],[-92.83871,42.69479],[-92.83616,42.69331]]]}},{"type":"Feature","properties":{},"geometry":{"type":"MultiPolygon","coordinates":[[[[-93.45278,43.41604],[-93.4469,43.41105],[-93.43893,43.41019],[-93.43925,43.41245],[-93.44797,43.4173],[-93.45278,43.41604]]],[[[-93.44841,43.41327],[-93.447,43.41259],[-93.447,43.41275],[-93.44841,43.41327]]],[[[-93.44505,43.41453],[-93.44408,43.41451],[-93.44505,43.41469],[-93.44505,43.41453]]]]}},{"type":"Feature","properties":{},"geometry":{"type":"Polygon","coordinates":[[[-93.20772,43.41444],[-93.20631,43.41373],[-93.20631,43.41448],[-93.20772,43.41444]]]}},{"type":"Feature","properties":{},"geometry":{"type":"Polygon","coordinates":[[[-93.43153,43.40949],[-93.4261,43.41006],[-93.43206,43.41031],[-93.43153,43.40949]]]}},{"type":"Feature","properties":{},"geometry":{"type":"Polygon","coordinates":[[[-93.37998,43.39534],[-93.38519,43.39779],[-93.38648,43.39687],[-93.37998,43.39534]]]}},{"type":"Feature","properties":{},"geometry":{"type":"Polygon","coordinates":[[[-93.35696,43.39129],[-93.35916,43.38914],[-93.35596,43.38862],[-93.35696,43.39129]]]}},{"type":"Feature","properties":{},"geometry":{"type":"Polygon","coordinates":[[[-93.16851,43.37352],[-93.16556,43.37254],[-93.16556,43.37295],[-93.16851,43.37352]]]}},{"type":"Feature","properties":{},"geometry":{"type":"Polygon","coordinates":[[[-93.17822,43.36988],[-93.17716,43.36924],[-93.17728,43.37102],[-93.17822,43.36988]]]}},{"type":"Feature","properties":{},"geometry":{"type":"Polygon","coordinates":[[[-93.15977,43.33357],[-93.15917,43.33533],[-93.15955,43.3353],[-93.15977,43.33357]]]}},{"type":"Feature","properties":{},"geometry":{"type":"Polygon","coordinates":[[[-93.31968,43.49363],[-93.31757,43.49503],[-93.31914,43.4966],[-93.31968,43.49363]]]}},{"type":"Feature","properties":{},"geometry":{"type":"Polygon","coordinates":[[[-91.44097,40.71357],[-91.43534,40.71274],[-91.43904,40.71453],[-91.44097,40.71357]]]}},{"type":"Feature","properties":{},"geometry":{"type":"Polygon","coordinates":[[[-91.13005,40.70491],[-91.13077,40.70502],[-91.12984,40.70278],[-91.13005,40.70491]]]}},{"type":"Feature","properties":{},"geometry":{"type":"Polygon","coordinates":[[[-91.53479,40.70934],[-91.53386,40.70842],[-91.53383,40.70876],[-91.53479,40.70934]]]}},{"type":"Feature","properties":{},"geometry":{"type":"Polygon","coordinates":[[[-91.53765,40.70716],[-91.5363,40.70613],[-91.53608,40.70657],[-91.53765,40.70716]]]}},{"type":"Feature","properties":{},"geometry":{"type":"Polygon","coordinates":[[[-91.37657,40.69185],[-91.37558,40.6926],[-91.37642,40.6926],[-91.37657,40.69185]]]}},{"type":"Feature","properties":{},"geometry":{"type":"Polygon","coordinates":[[[-91.3093,40.66513],[-91.30828,40.66579],[-91.30945,40.66552],[-91.3093,40.66513]]]}},{"type":"Feature","properties":{},"geometry":{"type":"Polygon","coordinates":[[[-91.42852,40.66683],[-91.428,40.66571],[-91.42798,40.66693],[-91.42852,40.66683]]]}},{"type":"Feature","properties":{},"geometry":{"type":"Polygon","coordinates":[[[-91.31495,40.66255],[-91.3136,40.66353],[-91.3145,40.6636],[-91.31495,40.66255]]]}},{"type":"Feature","properties":{},"geometry":{"type":"Polygon","coordinates":[[[-91.19343,40.65969],[-91.21796,40.65471],[-91.22337,40.65104],[-91.19343,40.65969]]]}},{"type":"Feature","properties":{},"geometry":{"type":"Polygon","coordinates":[[[-91.20468,40.6498],[-91.19748,40.6563],[-91.2085,40.65435],[-91.20468,40.6498]]]}},{"type":"Feature","properties":{},"geometry":{"type":"Polygon","coordinates":[[[-91.55926,40.65765],[-91.55826,40.65859],[-91.55949,40.65861],[-91.55926,40.65765]]]}},{"type":"Feature","properties":{},"geometry":{"type":"Polygon","coordinates":[[[-91.20183,40.64589],[-91.19976,40.6482],[-91.20129,40.64841],[-91.20183,40.64589]]]}},{"type":"Feature","properties":{},"geometry":{"type":"Polygon","coordinates":[[[-91.52907,40.6517],[-91.52775,40.65069],[-91.52802,40.65278],[-91.52907,40.6517]]]}},{"type":"Feature","properties":{},"geometry":{"type":"Polygon","coordinates":[[[-91.52469,40.64893],[-91.52304,40.64948],[-91.52472,40.64959],[-91.52469,40.64893]]]}},{"type":"Feature","properties":{},"geometry":{"type":"Polygon","coordinates":[[[-91.20546,40.64392],[-91.2032,40.64406],[-91.20582,40.64435],[-91.20546,40.64392]]]}},{"type":"Feature","properties":{},"geometry":{"type":"Polygon","coordinates":[[[-91.42931,40.64142],[-91.43171,40.64185],[-91.43426,40.63993],[-91.42931,40.64142]]]}},{"type":"Feature","properties":{},"geometry":{"type":"Polygon","coordinates":[[[-91.4922,40.64199],[-91.49121,40.64151],[-91.4913,40.64172],[-91.4922,40.64199]]]}},{"type":"Feature","properties":{},"geometry":{"type":"Polygon","coordinates":[[[-91.51438,40.63654],[-91.51279,40.63684],[-91.51432,40.63737],[-91.51438,40.63654]]]}},{"type":"Feature","properties":{},"geometry":{"type":"Polygon","coordinates":[[[-91.48018,40.61585],[-91.4788,40.61558],[-91.48045,40.61672],[-91.48018,40.61585]]]}},{"type":"Feature","properties":{},"geometry":{"type":"Polygon","coordinates":[[[-91.39849,40.61514],[-91.39675,40.61418],[-91.39675,40.61516],[-91.39849,40.61514]]]}},{"type":"Feature","properties":{},"geometry":{"type":"Polygon","coordinates":[[[-91.37279,40.60748],[-91.37123,40.60714],[-91.36907,40.60977],[-91.37279,40.60748]]]}},{"type":"Feature","properties":{},"geometry":{"type":"Polygon","coordinates":[[[-91.47047,40.60941],[-91.46909,40.6087],[-91.47026,40.60952],[-91.47047,40.60941]]]}},{"type":"Feature","properties":{},"geometry":{"type":"Polygon","coordinates":[[[-91.39422,40.59842],[-91.38849,40.6018],[-91.38552,40.60293],[-91.38816,40.60251],[-91.39422,40.59842]]]}},{"type":"Feature","properties":{},"geometry":{"type":"Polygon","coordinates":[[[-91.3986,40.59846],[-91.39695,40.59817],[-91.39653,40.59894],[-91.3986,40.59846]]]}},{"type":"Feature","properties":{},"geometry":{"type":"Polygon","coordinates":[[[-91.52174,40.59832],[-91.52303,40.59857],[-91.52357,40.59757],[-91.52174,40.59832]]]}},{"type":"Feature","properties":{},"geometry":{"type":"Polygon","coordinates":[[[-91.41103,40.59542],[-91.40911,40.59626],[-91.41115,40.59555],[-91.41103,40.59542]]]}},{"type":"Feature","properties":{},"geometry":{"type":"Polygon","coordinates":[[[-91.42138,40.58871],[-91.42039,40.58992],[-91.42174,40.58979],[-91.42138,40.58871]]]}},{"type":"Feature","properties":{},"geometry":{"type":"Polygon","coordinates":[[[-91.41948,40.58569],[-91.41498,40.58592],[-91.4212,40.58786],[-91.41948,40.58569]]]}},{"type":"Feature","properties":{},"geometry":{"type":"Polygon","coordinates":[[[-91.42473,40.57066],[-91.42347,40.5708],[-91.42353,40.57155],[-91.42473,40.57066]]]}},{"type":"Feature","properties":{},"geometry":{"type":"Polygon","coordinates":[[[-91.42214,40.56794],[-91.42091,40.56897],[-91.42481,40.56972],[-91.42214,40.56794]]]}},{"type":"Feature","properties":{},"geometry":{"type":"Polygon","coordinates":[[[-91.41711,40.53333],[-91.4187,40.53266],[-91.42026,40.53186],[-91.41711,40.53333]]]}},{"type":"Feature","properties":{},"geometry":{"type":"Polygon","coordinates":[[[-91.41045,40.53047],[-91.40967,40.52976],[-91.40928,40.52978],[-91.41045,40.53047]]]}},{"type":"Feature","properties":{},"geometry":{"type":"Polygon","coordinates":[[[-91.41039,40.52937],[-91.41102,40.52974],[-91.41147,40.52928],[-91.41039,40.52937]]]}},{"type":"Feature","properties":{},"geometry":{"type":"Polygon","coordinates":[[[-91.39204,40.52505],[-91.3897,40.52379],[-91.39198,40.52516],[-91.39204,40.52505]]]}},{"type":"Feature","properties":{},"geometry":{"type":"Polygon","coordinates":[[[-91.41866,40.51026],[-91.41791,40.51086],[-91.41842,40.5112],[-91.41866,40.51026]]]}},{"type":"Feature","properties":{},"geometry":{"type":"Polygon","coordinates":[[[-91.41641,40.50697],[-91.41569,40.50674],[-91.41641,40.50741],[-91.41641,40.50697]]]}},{"type":"Feature","properties":{},"geometry":{"type":"Polygon","coordinates":[[[-91.45098,41.76429],[-91.44896,41.76327],[-91.44823,41.76409],[-91.45098,41.76429]]]}},{"type":"Feature","properties":{},"geometry":{"type":"Polygon","coordinates":[[[-91.57718,41.71827],[-91.57516,41.71822],[-91.57501,41.71898],[-91.57718,41.71827]]]}},{"type":"Feature","properties":{},"geometry":{"type":"Polygon","coordinates":[[[-91.5291,41.71284],[-91.52721,41.71627],[-91.52978,41.71303],[-91.5291,41.71284]]]}},{"type":"Feature","properties":{},"geometry":{"type":"Polygon","coordinates":[[[-91.75232,41.7176],[-91.75085,41.71865],[-91.75226,41.71867],[-91.75232,41.7176]]]}},{"type":"Feature","properties":{},"geometry":{"type":"Polygon","coordinates":[[[-91.54843,41.71196],[-91.54638,41.71119],[-91.54831,41.7124],[-91.54843,41.71196]]]}},{"type":"Feature","properties":{},"geometry":{"type":"Polygon","coordinates":[[[-91.54486,41.70926],[-91.54404,41.70874],[-91.54538,41.71038],[-91.54486,41.70926]]]}},{"type":"Feature","properties":{},"geometry":{"type":"Polygon","coordinates":[[[-91.5888,41.69618],[-91.58742,41.69597],[-91.58764,41.69634],[-91.5888,41.69618]]]}},{"type":"Feature","properties":{},"geometry":{"type":"Polygon","coordinates":[[[-91.49165,41.6892],[-91.49098,41.68957],[-91.49268,41.68984],[-91.49165,41.6892]]]}},{"type":"Feature","properties":{},"geometry":{"type":"Polygon","coordinates":[[[-91.57827,41.69053],[-91.57967,41.68947],[-91.57943,41.68922],[-91.57827,41.69053]]]}},{"type":"Feature","properties":{},"geometry":{"type":"Polygon","coordinates":[[[-91.95284,41.67754],[-91.95119,41.67688],[-91.95183,41.678],[-91.95284,41.67754]]]}},{"type":"Feature","properties":{},"geometry":{"type":"Polygon","coordinates":[[[-91.86874,41.66391],[-91.86865,41.66251],[-91.86762,41.66283],[-91.86874,41.66391]]]}},{"type":"Feature","properties":{},"geometry":{"type":"Polygon","coordinates":[[[-91.53677,41.64274],[-91.53455,41.6413],[-91.53473,41.64505],[-91.53677,41.64274]]]}},{"type":"Feature","properties":{},"geometry":{"type":"Polygon","coordinates":[[[-91.76319,41.6466],[-91.76084,41.64722],[-91.76319,41.64688],[-91.76319,41.6466]]]}},{"type":"Feature","properties":{},"geometry":{"type":"Polygon","coordinates":[[[-91.57322,41.63471],[-91.57173,41.63386],[-91.57249,41.63512],[-91.57322,41.63471]]]}},{"type":"Feature","properties":{},"geometry":{"type":"Polygon","coordinates":[[[-91.54517,41.63074],[-91.54774,41.62818],[-91.54454,41.62925],[-91.54517,41.63074]]]}},{"type":"Feature","properties":{},"geometry":{"type":"Polygon","coordinates":[[[-91.53184,41.61972],[-91.52461,41.6221],[-91.53306,41.6203],[-91.53184,41.61972]]]}},{"type":"Feature","properties":{},"geometry":{"type":"Polygon","coordinates":[[[-91.5013,41.61752],[-91.49993,41.61828],[-91.50127,41.61828],[-91.5013,41.61752]]]}},{"type":"Feature","properties":{},"geometry":{"type":"Polygon","coordinates":[[[-91.71827,41.61712],[-91.71562,41.61662],[-91.71559,41.61712],[-91.71827,41.61712]]]}},{"type":"Feature","properties":{},"geometry":{"type":"Polygon","coordinates":[[[-91.71288,41.61541],[-91.71163,41.61582],[-91.71403,41.61639],[-91.71288,41.61541]]]}},{"type":"Feature","properties":{},"geometry":{"type":"Polygon","coordinates":[[[-91.71236,41.61399],[-91.71211,41.61326],[-91.71141,41.61426],[-91.71236,41.61399]]]}},{"type":"Feature","properties":{},"geometry":{"type":"Polygon","coordinates":[[[-91.53615,41.61053],[-91.53401,41.61133],[-91.53605,41.61181],[-91.53615,41.61053]]]}},{"type":"Feature","properties":{},"geometry":{"type":"Polygon","coordinates":[[[-91.84534,41.60731],[-91.84428,41.60655],[-91.84419,41.60681],[-91.84534,41.60731]]]}},{"type":"Feature","properties":{},"geometry":{"type":"Polygon","coordinates":[[[-91.88582,41.60708],[-91.88436,41.60628],[-91.88445,41.60731],[-91.88582,41.60708]]]}},{"type":"Feature","properties":{},"geometry":{"type":"Polygon","coordinates":[[[-91.53002,41.59154],[-91.52911,41.59165],[-91.53011,41.59234],[-91.53002,41.59154]]]}},{"type":"Feature","properties":{},"geometry":{"type":"Polygon","coordinates":[[[-91.90042,41.59427],[-91.89898,41.59532],[-91.90054,41.59443],[-91.90042,41.59427]]]}},{"type":"Feature","properties":{},"geometry":{"type":"Polygon","coordinates":[[[-91.52073,41.57232],[-91.51881,41.57243],[-91.52054,41.57294],[-91.52073,41.57232]]]}},{"type":"Feature","properties":{},"geometry":{"type":"Polygon","coordinates":[[[-91.5083,41.56945],[-91.50766,41.57125],[-91.50845,41.57162],[-91.5083,41.56945]]]}},{"type":"Feature","properties":{},"geometry":{"type":"Polygon","coordinates":[[[-91.57154,41.56615],[-91.57057,41.56609],[-91.57099,41.56698],[-91.57154,41.56615]]]}},{"type":"Feature","properties":{},"geometry":{"type":"Polygon","coordinates":[[[-91.5046,41.56295],[-91.50618,41.56315],[-91.50411,41.56219],[-91.5046,41.56295]]]}},{"type":"Feature","properties":{},"geometry":{"type":"Polygon","coordinates":[[[-91.97378,41.55953],[-91.97246,41.55845],[-91.97085,41.55951],[-91.97378,41.55953]]]}},{"type":"Feature","properties":{},"geometry":{"type":"Polygon","coordinates":[[[-91.55083,41.54256],[-91.54976,41.54306],[-91.55055,41.54357],[-91.55083,41.54256]]]}},{"type":"Feature","properties":{},"geometry":{"type":"Polygon","coordinates":[[[-91.91943,41.54142],[-91.91717,41.54195],[-91.91943,41.54156],[-91.91943,41.54142]]]}},{"type":"Feature","properties":{},"geometry":{"type":"Polygon","coordinates":[[[-91.53282,41.4949],[-91.5306,41.49428],[-91.531,41.49543],[-91.53282,41.4949]]]}},{"type":"Feature","properties":{},"geometry":{"type":"Polygon","coordinates":[[[-91.46482,41.4307],[-91.46012,41.43482],[-91.46398,41.43397],[-91.46482,41.4307]]]}},{"type":"Feature","properties":{},"geometry":{"type":"Polygon","coordinates":[[[-91.4961,41.43223],[-91.49376,41.4323],[-91.49616,41.43259],[-91.4961,41.43223]]]}},{"type":"Feature","properties":{},"geometry":{"type":"Polygon","coordinates":[[[-91.45669,41.41705],[-91.44909,41.41465],[-91.44739,41.415],[-91.44591,41.41701],[-91.45437,41.42794],[-91.44697,41.41653],[-91.45669,41.41705]]]}},{"type":"Feature","properties":{},"geometry":{"type":"Polygon","coordinates":[[[-91.40433,41.39539],[-91.40396,41.40147],[-91.40752,41.40181],[-91.40433,41.39539]]]}},{"type":"Feature","properties":{},"geometry":{"type":"Polygon","coordinates":[[[-91.39755,41.39516],[-91.39856,41.39644],[-91.40023,41.39555],[-91.39755,41.39516]]]}},{"type":"Feature","properties":{},"geometry":{"type":"Polygon","coordinates":[[[-91.3837,41.39216],[-91.38868,41.39338],[-91.38731,41.38915],[-91.3837,41.39216]]]}},{"type":"Feature","properties":{},"geometry":{"type":"Polygon","coordinates":[[[-91.40448,41.38978],[-91.40217,41.39347],[-91.40278,41.3936],[-91.40448,41.38978]]]}},{"type":"Feature","properties":{},"geometry":{"type":"Polygon","coordinates":[[[-91.38728,41.38812],[-91.39394,41.38489],[-91.39612,41.38141],[-91.38728,41.38812]]]}},{"type":"Feature","properties":{},"geometry":{"type":"Polygon","coordinates":[[[-91.40416,41.37719],[-91.40748,41.38306],[-91.4121,41.38383],[-91.41483,41.38237],[-91.40416,41.37719]]]}},{"type":"Feature","properties":{},"geometry":{"type":"Polygon","coordinates":[[[-91.40232,41.38086],[-91.39989,41.38059],[-91.40019,41.38146],[-91.40232,41.38086]]]}},{"type":"Feature","properties":{},"geometry":{"type":"Polygon","coordinates":[[[-91.39521,41.37956],[-91.40432,41.37647],[-91.40502,41.37338],[-91.39521,41.37956]]]}},{"type":"Feature","properties":{},"geometry":{"type":"Polygon","coordinates":[[[-91.40578,41.37375],[-91.40745,41.37457],[-91.41076,41.37194],[-91.40578,41.37375]]]}},{"type":"Feature","properties":{},"geometry":{"type":"Polygon","coordinates":[[[-91.40765,41.36119],[-91.40525,41.36059],[-91.40504,41.3611],[-91.40765,41.36119]]]}},{"type":"Feature","properties":{},"geometry":{"type":"Polygon","coordinates":[[[-91.51341,41.35811],[-91.51083,41.35731],[-91.51186,41.3585],[-91.51341,41.35811]]]}},{"type":"Feature","properties":{},"geometry":{"type":"Polygon","coordinates":[[[-91.39554,41.35476],[-91.39159,41.35309],[-91.3925,41.35488],[-91.39554,41.35476]]]}},{"type":"Feature","properties":{},"geometry":{"type":"Polygon","coordinates":[[[-91.54508,41.33625],[-91.54411,41.33426],[-91.54347,41.33677],[-91.54508,41.33625]]]}},{"type":"Feature","properties":{},"geometry":{"type":"Polygon","coordinates":[[[-91.54019,41.33569],[-91.53789,41.33514],[-91.53919,41.33617],[-91.54019,41.33569]]]}},{"type":"Feature","properties":{},"geometry":{"type":"Polygon","coordinates":[[[-91.3873,41.31645],[-91.38564,41.3167],[-91.38633,41.31725],[-91.3873,41.31645]]]}},{"type":"Feature","properties":{},"geometry":{"type":"Polygon","coordinates":[[[-91.32114,41.30768],[-91.32144,41.31211],[-91.32326,41.31264],[-91.32114,41.30768]]]}},{"type":"Feature","properties":{},"geometry":{"type":"Polygon","coordinates":[[[-91.19828,41.29219],[-91.20098,41.29406],[-91.20122,41.29098],[-91.19828,41.29219]]]}},{"type":"Feature","properties":{},"geometry":{"type":"Polygon","coordinates":[[[-91.26117,41.24681],[-91.26244,41.24825],[-91.26665,41.24793],[-91.26117,41.24681]]]}},{"type":"Feature","properties":{},"geometry":{"type":"Polygon","coordinates":[[[-92.06644,41.47496],[-92.06787,41.47486],[-92.06781,41.47317],[-92.06644,41.47496]]]}},{"type":"Feature","properties":{},"geometry":{"type":"Polygon","coordinates":[[[-92.08315,41.45929],[-92.08276,41.45808],[-92.08172,41.4595],[-92.08315,41.45929]]]}},{"type":"Feature","properties":{},"geometry":{"type":"Polygon","coordinates":[[[-93.56444,43.46051],[-93.5618,43.46426],[-93.56761,43.46275],[-93.56444,43.46051]]]}},{"type":"Feature","properties":{},"geometry":{"type":"Polygon","coordinates":[[[-93.55004,43.39779],[-93.54258,43.3963],[-93.53947,43.40059],[-93.55004,43.39779]]]}},{"type":"Feature","properties":{},"geometry":{"type":"Polygon","coordinates":[[[-93.22561,43.39498],[-93.22163,43.39915],[-93.22865,43.39912],[-93.22561,43.39498]]]}},{"type":"Feature","properties":{},"geometry":{"type":"Polygon","coordinates":[[[-93.53848,43.40974],[-93.54371,43.41528],[-93.5468,43.41002],[-93.53848,43.40974]]]}},{"type":"Feature","properties":{},"geometry":{"type":"Polygon","coordinates":[[[-93.39877,43.40417],[-93.38371,43.39495],[-93.37961,43.39655],[-93.39877,43.40417]]]}},{"type":"Feature","properties":{},"geometry":{"type":"Polygon","coordinates":[[[-93.73131,43.1377],[-93.74367,43.1319],[-93.72471,43.10857],[-93.72273,43.1196],[-93.72878,43.11694],[-93.71969,43.13069],[-93.72986,43.12913],[-93.73131,43.1377]]]}},{"type":"Feature","properties":{},"geometry":{"type":"Polygon","coordinates":[[[-93.35637,43.05937],[-93.35157,43.05294],[-93.3453,43.05658],[-93.35637,43.05937]]]}},{"type":"Feature","properties":{},"geometry":{"type":"Polygon","coordinates":[[[-90.9777,41.44389],[-90.99958,41.43906],[-90.98004,41.44144],[-90.92626,41.42672],[-90.91417,41.43251],[-90.9777,41.44389]]]}},{"type":"Feature","properties":{},"geometry":{"type":"Polygon","coordinates":[[[-91.28176,41.45208],[-91.27567,41.45678],[-91.28111,41.46068],[-91.28571,41.45803],[-91.28176,41.45208]]]}},{"type":"Feature","properties":{},"geometry":{"type":"Polygon","coordinates":[[[-91.40737,41.40179],[-91.40144,41.39562],[-91.40791,41.39015],[-91.40226,41.39363],[-91.40107,41.38679],[-91.39604,41.39905],[-91.40737,41.40179]]]}},{"type":"Feature","properties":{},"geometry":{"type":"Polygon","coordinates":[[[-91.38935,41.38793],[-91.392,41.40301],[-91.39497,41.38512],[-91.38935,41.38793]]]}},{"type":"Feature","properties":{},"geometry":{"type":"Polygon","coordinates":[[[-95.7451,43.3643],[-95.74923,43.37454],[-95.74933,43.36432],[-95.7451,43.3643]]]}},{"type":"Feature","properties":{},"geometry":{"type":"Polygon","coordinates":[[[-96.01333,43.32526],[-96.01121,43.32393],[-96.01121,43.32528],[-96.01333,43.32526]]]}},{"type":"Feature","properties":{},"geometry":{"type":"Polygon","coordinates":[[[-96.43584,43.31693],[-96.43372,43.31787],[-96.43588,43.31764],[-96.43584,43.31693]]]}},{"type":"Feature","properties":{},"geometry":{"type":"Polygon","coordinates":[[[-95.80209,43.30918],[-95.80033,43.31055],[-95.80202,43.31064],[-95.80209,43.30918]]]}},{"type":"Feature","properties":{},"geometry":{"type":"Polygon","coordinates":[[[-96.41398,43.41732],[-96.41257,43.41807],[-96.41402,43.41805],[-96.41398,43.41732]]]}},{"type":"Feature","properties":{},"geometry":{"type":"Polygon","coordinates":[[[-96.49058,43.38897],[-96.49007,43.38701],[-96.48979,43.38899],[-96.49058,43.38897]]]}},{"type":"Feature","properties":{},"geometry":{"type":"Polygon","coordinates":[[[-96.51659,43.32075],[-96.51587,43.31991],[-96.51399,43.3208],[-96.51659,43.32075]]]}},{"type":"Feature","properties":{},"geometry":{"type":"Polygon","coordinates":[[[-96.4841,43.22686],[-96.48488,43.22809],[-96.48528,43.22683],[-96.4841,43.22686]]]}},{"type":"Feature","properties":{},"geometry":{"type":"Polygon","coordinates":[[[-96.44004,43.14802],[-96.43872,43.14656],[-96.43854,43.14818],[-96.44004,43.14802]]]}},{"type":"Feature","properties":{},"geometry":{"type":"Polygon","coordinates":[[[-96.43938,43.144],[-96.4386,43.14583],[-96.43985,43.14587],[-96.43938,43.144]]]}},{"type":"Feature","properties":{},"geometry":{"type":"Polygon","coordinates":[[[-96.42798,43.14515],[-96.42542,43.14522],[-96.42542,43.14544],[-96.42798,43.14515]]]}},{"type":"Feature","properties":{},"geometry":{"type":"Polygon","coordinates":[[[-96.2335,43.08675],[-96.23194,43.08497],[-96.23194,43.08678],[-96.2335,43.08675]]]}},{"type":"Feature","properties":{},"geometry":{"type":"Polygon","coordinates":[[[-96.49573,43.03102],[-96.49491,43.02709],[-96.49492,43.03125],[-96.49573,43.03102]]]}},{"type":"Feature","properties":{},"geometry":{"type":"Polygon","coordinates":[[[-96.50483,43.02644],[-96.5005,43.02575],[-96.5005,43.02653],[-96.50483,43.02644]]]}},{"type":"Feature","properties":{},"geometry":{"type":"Polygon","coordinates":[[[-96.49597,43.02474],[-96.49484,43.0214],[-96.49472,43.02527],[-96.49597,43.02474]]]}},{"type":"Feature","properties":{},"geometry":{"type":"Polygon","coordinates":[[[-96.49883,43.02117],[-96.49752,43.02101],[-96.49856,43.02533],[-96.49883,43.02117]]]}},{"type":"Feature","properties":{},"geometry":{"type":"Polygon","coordinates":[[[-96.49043,42.99156],[-96.50553,42.99402],[-96.50644,42.9896],[-96.49043,42.99156]]]}},{"type":"Feature","properties":{},"geometry":{"type":"Polygon","coordinates":[[[-96.39987,42.97949],[-96.3985,42.97851],[-96.39853,42.97888],[-96.39987,42.97949]]]}},{"type":"Feature","properties":{},"geometry":{"type":"Polygon","coordinates":[[[-96.50939,42.97635],[-96.50852,42.97628],[-96.50964,42.97994],[-96.50939,42.97635]]]}},{"type":"Feature","properties":{},"geometry":{"type":"Polygon","coordinates":[[[-96.52342,42.93087],[-96.52156,42.93002],[-96.52208,42.93176],[-96.52342,42.93087]]]}},{"type":"Feature","properties":{},"geometry":{"type":"Polygon","coordinates":[[[-96.52277,42.92822],[-96.52097,42.92945],[-96.52283,42.92947],[-96.52277,42.92822]]]}},{"type":"Feature","properties":{},"geometry":{"type":"Polygon","coordinates":[[[-96.52458,42.92616],[-96.52175,42.92732],[-96.52473,42.9287],[-96.52458,42.92616]]]}},{"type":"Feature","properties":{},"geometry":{"type":"Polygon","coordinates":[[[-96.58244,42.81802],[-96.57825,42.81786],[-96.58182,42.81911],[-96.58244,42.81802]]]}},{"type":"Feature","properties":{},"geometry":{"type":"Polygon","coordinates":[[[-96.58502,42.81752],[-96.58356,42.81697],[-96.58402,42.81777],[-96.58502,42.81752]]]}},{"type":"Feature","properties":{},"geometry":{"type":"Polygon","coordinates":[[[-96.58667,42.81242],[-96.58415,42.81319],[-96.58691,42.81326],[-96.58667,42.81242]]]}},{"type":"Feature","properties":{},"geometry":{"type":"Polygon","coordinates":[[[-96.58139,42.81052],[-96.58036,42.80915],[-96.57999,42.81038],[-96.58139,42.81052]]]}},{"type":"Feature","properties":{},"geometry":{"type":"Polygon","coordinates":[[[-96.44459,42.75121],[-96.44248,42.75071],[-96.44261,42.75146],[-96.44459,42.75121]]]}},{"type":"Feature","properties":{},"geometry":{"type":"Polygon","coordinates":[[[-96.51644,42.73757],[-96.51235,42.73642],[-96.51204,42.73701],[-96.51644,42.73757]]]}},{"type":"Feature","properties":{},"geometry":{"type":"Polygon","coordinates":[[[-96.56521,42.70167],[-96.5631,42.7016],[-96.56329,42.70256],[-96.56521,42.70167]]]}},{"type":"Feature","properties":{},"geometry":{"type":"Polygon","coordinates":[[[-96.43493,42.69067],[-96.43332,42.68932],[-96.43298,42.68983],[-96.43493,42.69067]]]}},{"type":"Feature","properties":{},"geometry":{"type":"Polygon","coordinates":[[[-96.44079,42.68793],[-96.43936,42.68953],[-96.44172,42.68893],[-96.44079,42.68793]]]}},{"type":"Feature","properties":{},"geometry":{"type":"Polygon","coordinates":[[[-96.47791,42.68511],[-96.47562,42.68477],[-96.4754,42.68505],[-96.47791,42.68511]]]}},{"type":"Feature","properties":{},"geometry":{"type":"Polygon","coordinates":[[[-96.5545,42.66586],[-96.55186,42.66624],[-96.55164,42.66821],[-96.5545,42.66586]]]}},{"type":"Feature","properties":{},"geometry":{"type":"Polygon","coordinates":[[[-96.16789,43.35896],[-96.16635,43.35982],[-96.16776,43.36014],[-96.16789,43.35896]]]}},{"type":"Feature","properties":{},"geometry":{"type":"Polygon","coordinates":[[[-96.17515,43.35148],[-96.1732,43.35089],[-96.17333,43.35201],[-96.17515,43.35148]]]}},{"type":"Feature","properties":{},"geometry":{"type":"Polygon","coordinates":[[[-96.24162,43.27146],[-96.23861,43.27004],[-96.2384,43.27153],[-96.24162,43.27146]]]}},{"type":"Feature","properties":{},"geometry":{"type":"Polygon","coordinates":[[[-96.00734,43.25202],[-96.00303,43.25197],[-96.00781,43.25273],[-96.00734,43.25202]]]}},{"type":"Feature","properties":{},"geometry":{"type":"Polygon","coordinates":[[[-96.24565,43.24992],[-96.24321,43.25109],[-96.24568,43.25097],[-96.24565,43.24992]]]}},{"type":"Feature","properties":{},"geometry":{"type":"Polygon","coordinates":[[[-96.26015,43.22402],[-96.26272,43.2208],[-96.25918,43.22399],[-96.26015,43.22402]]]}},{"type":"Feature","properties":{},"geometry":{"type":"Polygon","coordinates":[[[-96.29286,43.21271],[-96.29046,43.21118],[-96.29045,43.21344],[-96.29286,43.21271]]]}},{"type":"Feature","properties":{},"geometry":{"type":"Polygon","coordinates":[[[-96.30937,43.20692],[-96.30499,43.20874],[-96.31309,43.20699],[-96.30937,43.20692]]]}},{"type":"Feature","properties":{},"geometry":{"type":"Polygon","coordinates":[[[-96.42818,43.11605],[-96.4264,43.11602],[-96.42637,43.11623],[-96.42818,43.11605]]]}},{"type":"Feature","properties":{},"geometry":{"type":"Polygon","coordinates":[[[-96.44122,43.08029],[-96.43829,43.08116],[-96.44094,43.08118],[-96.44122,43.08029]]]}},{"type":"Feature","properties":{},"geometry":{"type":"Polygon","coordinates":[[[-95.85272,43.48048],[-95.85027,43.48062],[-95.8531,43.48107],[-95.85272,43.48048]]]}},{"type":"Feature","properties":{},"geometry":{"type":"Polygon","coordinates":[[[-95.84902,43.47566],[-95.84798,43.47486],[-95.84716,43.47573],[-95.84902,43.47566]]]}},{"type":"Feature","properties":{},"geometry":{"type":"Polygon","coordinates":[[[-95.96126,43.38262],[-95.96025,43.38233],[-95.95862,43.38249],[-95.95728,43.38407],[-95.96126,43.38262]]]}},{"type":"Feature","properties":{},"geometry":{"type":"Polygon","coordinates":[[[-95.77179,43.32744],[-95.76935,43.32778],[-95.77147,43.32865],[-95.77179,43.32744]]]}},{"type":"Feature","properties":{},"geometry":{"type":"Polygon","coordinates":[[[-95.77772,43.32038],[-95.77568,43.32125],[-95.77568,43.32153],[-95.77772,43.32038]]]}},{"type":"Feature","properties":{},"geometry":{"type":"Polygon","coordinates":[[[-95.78173,43.31522],[-95.78029,43.31497],[-95.78029,43.31527],[-95.78173,43.31522]]]}},{"type":"Feature","properties":{},"geometry":{"type":"Polygon","coordinates":[[[-95.78437,43.31228],[-95.7833,43.31218],[-95.7833,43.31429],[-95.78437,43.31228]]]}},{"type":"Feature","properties":{},"geometry":{"type":"Polygon","coordinates":[[[-93.39313,40.67769],[-93.39112,40.6787],[-93.39341,40.67812],[-93.39313,40.67769]]]}},{"type":"Feature","properties":{},"geometry":{"type":"Polygon","coordinates":[[[-93.35014,40.65096],[-93.34803,40.65124],[-93.3489,40.65217],[-93.35014,40.65096]]]}},{"type":"Feature","properties":{},"geometry":{"type":"Polygon","coordinates":[[[-93.27061,40.62943],[-93.27089,40.62659],[-93.26812,40.62888],[-93.27061,40.62943]]]}},{"type":"Feature","properties":{},"geometry":{"type":"Polygon","coordinates":[[[-93.16304,40.58877],[-93.16141,40.58913],[-93.16316,40.58979],[-93.16304,40.58877]]]}},{"type":"Feature","properties":{},"geometry":{"type":"Polygon","coordinates":[[[-93.35866,40.69913],[-93.35995,40.69638],[-93.35854,40.69647],[-93.35866,40.69913]]]}},{"type":"Feature","properties":{},"geometry":{"type":"Polygon","coordinates":[[[-94.24063,40.73961],[-94.23903,40.73968],[-94.23997,40.74044],[-94.24063,40.73961]]]}},{"type":"Feature","properties":{},"geometry":{"type":"Polygon","coordinates":[[[-94.27836,41.23692],[-94.27618,41.2379],[-94.27846,41.2372],[-94.27836,41.23692]]]}},{"type":"Feature","properties":{},"geometry":{"type":"Polygon","coordinates":[[[-93.09825,40.82559],[-93.0956,40.82682],[-93.09846,40.82691],[-93.09825,40.82559]]]}},{"type":"Feature","properties":{},"geometry":{"type":"Polygon","coordinates":[[[-94.13709,40.5972],[-94.13616,40.59777],[-94.13727,40.59761],[-94.13709,40.5972]]]}},{"type":"Feature","properties":{},"geometry":{"type":"Polygon","coordinates":[[[-94.10126,40.58327],[-94.09964,40.58272],[-94.09973,40.58366],[-94.10126,40.58327]]]}},{"type":"Feature","properties":{},"geometry":{"type":"Polygon","coordinates":[[[-94.15645,40.78195],[-94.15545,40.78105],[-94.15533,40.78131],[-94.15645,40.78195]]]}},{"type":"Feature","properties":{},"geometry":{"type":"Polygon","coordinates":[[[-94.37563,40.65083],[-94.3744,40.64975],[-94.37371,40.65179],[-94.37563,40.65083]]]}},{"type":"Feature","properties":{},"geometry":{"type":"Polygon","coordinates":[[[-94.09874,40.6496],[-94.09664,40.64767],[-94.0964,40.64799],[-94.09874,40.6496]]]}},{"type":"Feature","properties":{},"geometry":{"type":"Polygon","coordinates":[[[-92.80341,40.77972],[-92.80423,40.78047],[-92.80441,40.78011],[-92.80341,40.77972]]]}},{"type":"Feature","properties":{},"geometry":{"type":"Polygon","coordinates":[[[-92.75083,40.74189],[-92.75053,40.7431],[-92.75171,40.74269],[-92.75083,40.74189]]]}},{"type":"Feature","properties":{},"geometry":{"type":"Polygon","coordinates":[[[-93.93712,40.59373],[-93.93829,40.59387],[-93.93763,40.59279],[-93.93712,40.59373]]]}},{"type":"Feature","properties":{},"geometry":{"type":"Polygon","coordinates":[[[-92.73967,40.6555],[-92.73775,40.65513],[-92.73988,40.65607],[-92.73967,40.6555]]]}},{"type":"Feature","properties":{},"geometry":{"type":"Polygon","coordinates":[[[-92.72625,40.60338],[-92.72559,40.60322],[-92.72457,40.60437],[-92.72625,40.60338]]]}},{"type":"Feature","properties":{},"geometry":{"type":"Polygon","coordinates":[[[-93.69537,40.58961],[-93.69255,40.59035],[-93.69525,40.59094],[-93.69537,40.58961]]]}},{"type":"Feature","properties":{},"geometry":{"type":"Polygon","coordinates":[[[-93.40481,40.69938],[-93.39957,40.69924],[-93.39393,40.71737],[-93.40256,40.71832],[-93.40481,40.69938]]]}},{"type":"Feature","properties":{},"geometry":{"type":"Polygon","coordinates":[[[-93.14837,40.96589],[-93.14619,40.96612],[-93.14616,40.96697],[-93.14837,40.96589]]]}},{"type":"Feature","properties":{},"geometry":{"type":"Polygon","coordinates":[[[-93.35216,40.95077],[-93.35035,40.9493],[-93.35044,40.95031],[-93.35216,40.95077]]]}},{"type":"Feature","properties":{},"geometry":{"type":"Polygon","coordinates":[[[-93.33509,40.94452],[-93.33309,40.945],[-93.33518,40.9449],[-93.33509,40.94452]]]}},{"type":"Feature","properties":{},"geometry":{"type":"Polygon","coordinates":[[[-93.03798,40.91827],[-93.03674,40.91857],[-93.03792,40.91862],[-93.03798,40.91827]]]}},{"type":"Feature","properties":{},"geometry":{"type":"Polygon","coordinates":[[[-93.09515,40.90375],[-93.09415,40.9045],[-93.09578,40.90432],[-93.09515,40.90375]]]}},{"type":"Feature","properties":{},"geometry":{"type":"Polygon","coordinates":[[[-93.95457,40.85548],[-93.95301,40.85729],[-93.95346,40.85772],[-93.95457,40.85548]]]}},{"type":"Feature","properties":{},"geometry":{"type":"Polygon","coordinates":[[[-93.53204,40.71323],[-93.53075,40.71456],[-93.53237,40.71383],[-93.53204,40.71323]]]}},{"type":"Feature","properties":{},"geometry":{"type":"Polygon","coordinates":[[[-94.3359,41.30133],[-94.33475,41.30092],[-94.33462,41.30126],[-94.3359,41.30133]]]}},{"type":"Feature","properties":{},"geometry":{"type":"Polygon","coordinates":[[[-94.27916,41.26309],[-94.27777,41.26266],[-94.27777,41.26307],[-94.27916,41.26309]]]}},{"type":"Feature","properties":{},"geometry":{"type":"Polygon","coordinates":[[[-94.29278,41.24713],[-94.29202,41.2461],[-94.29151,41.24686],[-94.29278,41.24713]]]}},{"type":"Feature","properties":{},"geometry":{"type":"Polygon","coordinates":[[[-94.34179,41.1769],[-94.33949,41.17621],[-94.33937,41.17676],[-94.34179,41.1769]]]}},{"type":"Feature","properties":{},"geometry":{"type":"Polygon","coordinates":[[[-94.01493,40.61445],[-94.01391,40.61475],[-94.01493,40.61532],[-94.01493,40.61445]]]}},{"type":"Feature","properties":{},"geometry":{"type":"Polygon","coordinates":[[[-94.39457,40.58651],[-94.39298,40.58679],[-94.39517,40.58706],[-94.39457,40.58651]]]}},{"type":"Feature","properties":{},"geometry":{"type":"Polygon","coordinates":[[[-94.12644,40.87251],[-94.12448,40.87161],[-94.12448,40.87189],[-94.12644,40.87251]]]}},{"type":"Feature","properties":{},"geometry":{"type":"Polygon","coordinates":[[[-94.25447,40.77224],[-94.25264,40.77178],[-94.25315,40.77281],[-94.25447,40.77224]]]}},{"type":"Feature","properties":{},"geometry":{"type":"Polygon","coordinates":[[[-94.05761,40.772],[-94.05674,40.77109],[-94.05662,40.77225],[-94.05761,40.772]]]}},{"type":"Feature","properties":{},"geometry":{"type":"Polygon","coordinates":[[[-94.00786,40.69357],[-94.00747,40.69258],[-94.00684,40.69368],[-94.00786,40.69357]]]}},{"type":"Feature","properties":{},"geometry":{"type":"Polygon","coordinates":[[[-92.90059,40.78852],[-92.89938,40.78804],[-92.90119,40.78925],[-92.90059,40.78852]]]}},{"type":"Feature","properties":{},"geometry":{"type":"Polygon","coordinates":[[[-94.21189,40.98167],[-94.21017,40.98217],[-94.21026,40.98307],[-94.21189,40.98167]]]}},{"type":"Feature","properties":{},"geometry":{"type":"Polygon","coordinates":[[[-94.06386,40.84792],[-94.06413,40.84703],[-94.06193,40.84682],[-94.06386,40.84792]]]}},{"type":"Feature","properties":{},"geometry":{"type":"Polygon","coordinates":[[[-94.27573,40.93247],[-94.27669,40.93346],[-94.27699,40.93266],[-94.27573,40.93247]]]}},{"type":"Feature","properties":{},"geometry":{"type":"Polygon","coordinates":[[[-94.30524,40.9182],[-94.30376,40.91943],[-94.30467,40.91982],[-94.30524,40.9182]]]}},{"type":"Feature","properties":{},"geometry":{"type":"Polygon","coordinates":[[[-92.71664,40.6679],[-92.71857,40.66819],[-92.71856,40.66643],[-92.71664,40.6679]]]}},{"type":"Feature","properties":{},"geometry":{"type":"Polygon","coordinates":[[[-92.69676,40.64704],[-92.69568,40.64665],[-92.69586,40.6478],[-92.69676,40.64704]]]}},{"type":"Feature","properties":{},"geometry":{"type":"Polygon","coordinates":[[[-92.88404,40.64701],[-92.87848,40.6472],[-92.87821,40.6477],[-92.88404,40.64701]]]}},{"type":"Feature","properties":{},"geometry":{"type":"Polygon","coordinates":[[[-94.25879,41.1259],[-94.2584,41.12721],[-94.25927,41.12691],[-94.25879,41.1259]]]}},{"type":"Feature","properties":{},"geometry":{"type":"Polygon","coordinates":[[[-94.18901,41.08803],[-94.18892,41.08968],[-94.19055,41.08888],[-94.18901,41.08803]]]}},{"type":"Feature","properties":{},"geometry":{"type":"Polygon","coordinates":[[[-94.18721,41.04038],[-94.18624,41.04102],[-94.1876,41.0409],[-94.18721,41.04038]]]}},{"type":"Feature","properties":{},"geometry":{"type":"Polygon","coordinates":[[[-94.05904,41.02363],[-94.05705,41.02372],[-94.05708,41.02399],[-94.05904,41.02363]]]}},{"type":"Feature","properties":{},"geometry":{"type":"Polygon","coordinates":[[[-93.49452,40.87174],[-93.49588,40.87364],[-93.49567,40.87087],[-93.49452,40.87174]]]}},{"type":"Feature","properties":{},"geometry":{"type":"Polygon","coordinates":[[[-93.35013,40.81993],[-93.34751,40.8216],[-93.34874,40.8241],[-93.35013,40.81993]]]}},{"type":"Feature","properties":{},"geometry":{"type":"Polygon","coordinates":[[[-93.2731,40.77227],[-93.27126,40.77138],[-93.27099,40.7723],[-93.2731,40.77227]]]}},{"type":"Feature","properties":{},"geometry":{"type":"Polygon","coordinates":[[[-93.35877,40.72503],[-93.35787,40.72704],[-93.3597,40.72654],[-93.35877,40.72503]]]}},{"type":"Feature","properties":{},"geometry":{"type":"Polygon","coordinates":[[[-93.42008,40.70784],[-93.41822,40.70889],[-93.41987,40.70891],[-93.42008,40.70784]]]}},{"type":"Feature","properties":{},"geometry":{"type":"Polygon","coordinates":[[[-93.02284,40.6585],[-93.02047,40.65884],[-93.02038,40.65925],[-93.02284,40.6585]]]}},{"type":"Feature","properties":{},"geometry":{"type":"Polygon","coordinates":[[[-93.33308,40.96779],[-93.33015,40.96939],[-93.33362,40.9684],[-93.33308,40.96779]]]}},{"type":"Feature","properties":{},"geometry":{"type":"Polygon","coordinates":[[[-93.20189,40.96669],[-93.20388,40.96546],[-93.20228,40.96573],[-93.20189,40.96669]]]}},{"type":"Feature","properties":{},"geometry":{"type":"Polygon","coordinates":[[[-93.1793,40.95847],[-93.17746,40.95776],[-93.179,40.95868],[-93.1793,40.95847]]]}},{"type":"Feature","properties":{},"geometry":{"type":"Polygon","coordinates":[[[-93.12594,40.91396],[-93.13028,40.91654],[-93.13275,40.91391],[-93.12594,40.91396]]]}},{"type":"Feature","properties":{},"geometry":{"type":"Polygon","coordinates":[[[-93.08164,40.90079],[-93.08064,40.90031],[-93.08091,40.90139],[-93.08164,40.90079]]]}},{"type":"Feature","properties":{},"geometry":{"type":"Polygon","coordinates":[[[-93.92811,40.65618],[-93.92766,40.65513],[-93.92754,40.65563],[-93.92811,40.65618]]]}},{"type":"Feature","properties":{},"geometry":{"type":"Polygon","coordinates":[[[-93.99168,40.96438],[-93.99005,40.96438],[-93.98999,40.96458],[-93.99168,40.96438]]]}},{"type":"Feature","properties":{},"geometry":{"type":"Polygon","coordinates":[[[-93.85993,40.95703],[-93.85782,40.95794],[-93.85984,40.95854],[-93.85993,40.95703]]]}},{"type":"Feature","properties":{},"geometry":{"type":"Polygon","coordinates":[[[-93.70322,40.78762],[-93.70073,40.78813],[-93.70109,40.78861],[-93.70322,40.78762]]]}},{"type":"Feature","properties":{},"geometry":{"type":"Polygon","coordinates":[[[-93.88363,40.76893],[-93.87463,40.77085],[-93.8761,40.77195],[-93.88363,40.76893]]]}},{"type":"Feature","properties":{},"geometry":{"type":"Polygon","coordinates":[[[-93.8514,40.76051],[-93.84938,40.76117],[-93.85119,40.76234],[-93.8514,40.76051]]]}},{"type":"Feature","properties":{},"geometry":{"type":"Polygon","coordinates":[[[-93.83586,40.73636],[-93.83715,40.7373],[-93.83761,40.73669],[-93.83586,40.73636]]]}},{"type":"Feature","properties":{},"geometry":{"type":"Polygon","coordinates":[[[-94.43143,41.27712],[-94.43262,41.27792],[-94.43325,41.27645],[-94.43143,41.27712]]]}},{"type":"Feature","properties":{},"geometry":{"type":"Polygon","coordinates":[[[-93.08306,40.78906],[-93.08204,40.78833],[-93.08189,40.78918],[-93.08306,40.78906]]]}},{"type":"Feature","properties":{},"geometry":{"type":"Polygon","coordinates":[[[-93.13128,40.66117],[-93.13035,40.66289],[-93.13213,40.66286],[-93.13128,40.66117]]]}},{"type":"Feature","properties":{},"geometry":{"type":"Polygon","coordinates":[[[-93.33008,40.98085],[-93.33189,40.9835],[-93.33271,40.98286],[-93.33008,40.98085]]]}},{"type":"Feature","properties":{},"geometry":{"type":"Polygon","coordinates":[[[-93.27459,40.98116],[-93.27266,40.98017],[-93.27208,40.98097],[-93.27459,40.98116]]]}},{"type":"Feature","properties":{},"geometry":{"type":"Polygon","coordinates":[[[-93.30608,40.97873],[-93.30406,40.97837],[-93.30484,40.97937],[-93.30608,40.97873]]]}},{"type":"Feature","properties":{},"geometry":{"type":"Polygon","coordinates":[[[-93.23213,40.94743],[-93.23177,40.94903],[-93.23524,40.94886],[-93.23213,40.94743]]]}},{"type":"Feature","properties":{},"geometry":{"type":"Polygon","coordinates":[[[-93.93443,40.67251],[-93.93561,40.6713],[-93.93347,40.67144],[-93.93443,40.67251]]]}},{"type":"Feature","properties":{},"geometry":{"type":"Polygon","coordinates":[[[-93.85679,40.96256],[-93.85773,40.96172],[-93.85655,40.96202],[-93.85679,40.96256]]]}},{"type":"Feature","properties":{},"geometry":{"type":"Polygon","coordinates":[[[-93.59174,40.86107],[-93.59385,40.86004],[-93.59189,40.8602],[-93.59174,40.86107]]]}},{"type":"Feature","properties":{},"geometry":{"type":"Polygon","coordinates":[[[-93.79012,40.84013],[-93.7906,40.83912],[-93.78985,40.83915],[-93.79012,40.84013]]]}},{"type":"Feature","properties":{},"geometry":{"type":"Polygon","coordinates":[[[-93.56481,40.81214],[-93.56337,40.81052],[-93.5631,40.81209],[-93.56481,40.81214]]]}},{"type":"Feature","properties":{},"geometry":{"type":"Polygon","coordinates":[[[-93.59126,40.79867],[-93.59018,40.79785],[-93.58972,40.79925],[-93.59126,40.79867]]]}},{"type":"Feature","properties":{},"geometry":{"type":"Polygon","coordinates":[[[-93.93006,40.61913],[-93.92949,40.6179],[-93.92913,40.61898],[-93.93006,40.61913]]]}},{"type":"Feature","properties":{},"geometry":{"type":"Polygon","coordinates":[[[-93.92309,40.61346],[-93.92012,40.61482],[-93.92036,40.61562],[-93.92309,40.61346]]]}},{"type":"Feature","properties":{},"geometry":{"type":"Polygon","coordinates":[[[-93.95001,40.63098],[-93.94551,40.6291],[-93.94665,40.63395],[-93.95001,40.63098]]]}},{"type":"Feature","properties":{},"geometry":{"type":"Polygon","coordinates":[[[-94.23418,40.75382],[-94.24164,40.74842],[-94.24247,40.74114],[-94.23898,40.74124],[-94.23418,40.75382]]]}},{"type":"Feature","properties":{},"geometry":{"type":"Polygon","coordinates":[[[-94.22596,40.72599],[-94.2271,40.72819],[-94.22707,40.72487],[-94.22596,40.72599]]]}},{"type":"Feature","properties":{},"geometry":{"type":"Polygon","coordinates":[[[-93.97876,40.63516],[-93.97394,40.62782],[-93.9672,40.6378],[-93.97876,40.63516]]]}},{"type":"Feature","properties":{},"geometry":{"type":"Polygon","coordinates":[[[-94.06117,40.86325],[-94.06259,40.85364],[-94.09122,40.84768],[-94.05678,40.84853],[-94.04914,40.86242],[-94.06117,40.86325]]]}},{"type":"Feature","properties":{},"geometry":{"type":"Polygon","coordinates":[[[-94.07726,40.99122],[-94.07575,40.99083],[-94.07726,40.99225],[-94.07726,40.99122]]]}},{"type":"Feature","properties":{},"geometry":{"type":"Polygon","coordinates":[[[-93.33989,40.75568],[-93.33259,40.74976],[-93.33075,40.75064],[-93.3339,40.75648],[-93.33989,40.75568]]]}},{"type":"Feature","properties":{},"geometry":{"type":"Polygon","coordinates":[[[-92.88669,40.71161],[-92.8974,40.71076],[-92.89905,40.69943],[-92.89541,40.70911],[-92.88669,40.71161]]]}},{"type":"Feature","properties":{},"geometry":{"type":"Polygon","coordinates":[[[-92.88158,40.7166],[-92.88558,40.71195],[-92.88152,40.71149],[-92.88158,40.7166]]]}},{"type":"Feature","properties":{},"geometry":{"type":"Polygon","coordinates":[[[-93.32912,41.01682],[-93.33957,41.02513],[-93.34189,41.02858],[-93.33516,41.01847],[-93.32912,41.01682]]]}},{"type":"Feature","properties":{},"geometry":{"type":"MultiPolygon","coordinates":[[[[-91.08542,41.30721],[-91.11076,41.28453],[-91.11082,41.27094],[-91.10254,41.27208],[-91.08542,41.30721]]],[[[-91.10336,41.2749],[-91.10673,41.28034],[-91.09741,41.28718],[-91.10736,41.28249],[-91.10715,41.27901],[-91.10336,41.2749]]]]}},{"type":"Feature","properties":{},"geometry":{"type":"Polygon","coordinates":[[[-91.13886,41.26278],[-91.14617,41.27121],[-91.13844,41.25013],[-91.13886,41.26278]]]}},{"type":"Feature","properties":{},"geometry":{"type":"Polygon","coordinates":[[[-91.11376,41.21788],[-91.1243,41.22875],[-91.11818,41.21075],[-91.11376,41.21788]]]}},{"type":"Feature","properties":{},"geometry":{"type":"MultiPolygon","coordinates":[[[[-91.10509,41.21728],[-91.09771,41.20619],[-91.0915,41.20525],[-91.09552,41.21795],[-91.10509,41.21728]]],[[[-91.09704,41.21074],[-91.09513,41.20996],[-91.0958,41.21163],[-91.09704,41.21074]]]]}},{"type":"Feature","properties":{},"geometry":{"type":"Polygon","coordinates":[[[-91.10758,41.20702],[-91.11582,41.21045],[-91.10556,41.19709],[-91.10758,41.20702]]]}},{"type":"Feature","properties":{},"geometry":{"type":"Polygon","coordinates":[[[-91.0786,41.20476],[-91.0726,41.20261],[-91.08544,41.21222],[-91.08209,41.19804],[-91.07501,41.19323],[-91.0786,41.20476]]]}},{"type":"Feature","properties":{},"geometry":{"type":"MultiPolygon","coordinates":[[[[-91.03799,41.16323],[-91.05701,41.14544],[-91.05593,41.14059],[-91.02776,41.15963],[-91.03799,41.16323]]],[[[-91.03151,41.15986],[-91.03027,41.16038],[-91.03466,41.16123],[-91.03151,41.15986]]]]}},{"type":"Feature","properties":{},"geometry":{"type":"Polygon","coordinates":[[[-91.05552,41.1567],[-91.06687,41.15002],[-91.05931,41.14526],[-91.06436,41.15078],[-91.05552,41.1567]]]}},{"type":"Feature","properties":{},"geometry":{"type":"Polygon","coordinates":[[[-91.14557,41.3773],[-91.17596,41.36741],[-91.17759,41.36277],[-91.14557,41.3773]]]}},{"type":"Feature","properties":{},"geometry":{"type":"Polygon","coordinates":[[[-91.10345,41.2432],[-91.1093,41.24025],[-91.10157,41.23437],[-91.10345,41.2432]]]}},{"type":"Feature","properties":{},"geometry":{"type":"MultiPolygon","coordinates":[[[[-91.0727,41.16954],[-91.07827,41.16279],[-91.06284,41.15915],[-91.06519,41.16848],[-91.0727,41.16954]]],[[[-91.07449,41.16446],[-91.07228,41.1637],[-91.07215,41.16487],[-91.07449,41.16446]]]]}},{"type":"Feature","properties":{},"geometry":{"type":"Polygon","coordinates":[[[-91.05484,41.16804],[-91.05488,41.15592],[-91.04465,41.15493],[-91.04168,41.16304],[-91.05484,41.16804]]]}},{"type":"Feature","properties":{},"geometry":{"type":"Polygon","coordinates":[[[-91.8427,42.4201],[-91.84471,42.4219],[-91.84755,42.42177],[-91.8427,42.4201]]]}},{"type":"Feature","properties":{},"geometry":{"type":"Polygon","coordinates":[[[-91.83397,42.41486],[-91.83758,42.41728],[-91.84079,42.41655],[-91.83397,42.41486]]]}},{"type":"Feature","properties":{},"geometry":{"type":"Polygon","coordinates":[[[-91.82336,42.40865],[-91.82691,42.41087],[-91.82768,42.40948],[-91.82336,42.40865]]]}},{"type":"Feature","properties":{},"geometry":{"type":"Polygon","coordinates":[[[-91.81416,42.40545],[-91.82065,42.40378],[-91.81238,42.40053],[-91.81416,42.40545]]]}},{"type":"Feature","properties":{},"geometry":{"type":"Polygon","coordinates":[[[-91.78674,42.3974],[-91.7914,42.39491],[-91.78788,42.39562],[-91.78674,42.3974]]]}},{"type":"Feature","properties":{},"geometry":{"type":"Polygon","coordinates":[[[-91.74826,42.35865],[-91.74545,42.35986],[-91.7486,42.36082],[-91.74826,42.35865]]]}},{"type":"Feature","properties":{},"geometry":{"type":"Polygon","coordinates":[[[-91.73874,42.32844],[-91.74176,42.3291],[-91.7384,42.32776],[-91.73874,42.32844]]]}},{"type":"Feature","properties":{},"geometry":{"type":"Polygon","coordinates":[[[-91.71892,42.31245],[-91.7216,42.31064],[-91.71985,42.31041],[-91.71892,42.31245]]]}},{"type":"Feature","properties":{},"geometry":{"type":"Polygon","coordinates":[[[-91.99755,42.17753],[-91.99914,42.17369],[-91.99425,42.1731],[-91.99755,42.17753]]]}},{"type":"Feature","properties":{},"geometry":{"type":"Polygon","coordinates":[[[-91.77099,42.40576],[-91.7828,42.40842],[-91.78435,42.40238],[-91.77099,42.40576]]]}},{"type":"Feature","properties":{},"geometry":{"type":"Polygon","coordinates":[[[-92.46168,41.93427],[-92.46742,41.93735],[-92.46913,41.93435],[-92.46168,41.93427]]]}},{"type":"Feature","properties":{},"geometry":{"type":"Polygon","coordinates":[[[-92.05218,41.80904],[-92.04413,41.8094],[-92.04556,41.81816],[-92.05218,41.80904]]]}},{"type":"Feature","properties":{},"geometry":{"type":"Polygon","coordinates":[[[-92.02637,41.80808],[-92.02175,41.81173],[-92.02875,41.81238],[-92.02637,41.80808]]]}},{"type":"Feature","properties":{},"geometry":{"type":"Polygon","coordinates":[[[-92.00042,41.80325],[-92.0047,41.80637],[-92.00534,41.80568],[-92.00042,41.80325]]]}},{"type":"Feature","properties":{},"geometry":{"type":"Polygon","coordinates":[[[-92.00583,41.7899],[-92.01215,41.79377],[-92.01423,41.79183],[-92.00583,41.7899]]]}},{"type":"Feature","properties":{},"geometry":{"type":"Polygon","coordinates":[[[-92.35086,41.88479],[-92.35545,41.88907],[-92.36567,41.88907],[-92.35086,41.88479]]]}},{"type":"Feature","properties":{},"geometry":{"type":"Polygon","coordinates":[[[-91.09046,41.25047],[-91.09394,41.23515],[-91.08773,41.22092],[-91.08334,41.21904],[-91.09046,41.25047]]]}},{"type":"Feature","properties":{},"geometry":{"type":"Polygon","coordinates":[[[-92.20943,42.97125],[-92.21307,42.97385],[-92.21313,42.97127],[-92.20943,42.97125]]]}},{"type":"Feature","properties":{},"geometry":{"type":"Polygon","coordinates":[[[-91.77586,42.27665],[-91.77456,42.27875],[-91.77595,42.27873],[-91.77586,42.27665]]]}},{"type":"Feature","properties":{},"geometry":{"type":"Polygon","coordinates":[[[-92.55156,41.95253],[-92.54591,41.95529],[-92.55272,41.9564],[-92.55156,41.95253]]]}},{"type":"Feature","properties":{},"geometry":{"type":"Polygon","coordinates":[[[-91.18576,41.26852],[-91.18294,41.26686],[-91.18285,41.26853],[-91.18576,41.26852]]]}},{"type":"Feature","properties":{},"geometry":{"type":"Polygon","coordinates":[[[-92.49418,42.65025],[-92.49291,42.65238],[-92.49437,42.65355],[-92.49418,42.65025]]]}},{"type":"Feature","properties":{},"geometry":{"type":"Polygon","coordinates":[[[-93.54953,43.3528],[-93.54796,43.35344],[-93.55022,43.35385],[-93.54953,43.3528]]]}},{"type":"Feature","properties":{},"geometry":{"type":"Polygon","coordinates":[[[-93.70539,43.27943],[-93.70198,43.27833],[-93.70173,43.27931],[-93.70539,43.27943]]]}},{"type":"Feature","properties":{},"geometry":{"type":"Polygon","coordinates":[[[-93.53824,43.20391],[-93.53677,43.20514],[-93.53862,43.20439],[-93.53824,43.20391]]]}},{"type":"Feature","properties":{},"geometry":{"type":"Polygon","coordinates":[[[-93.12708,43.16022],[-93.12805,43.16205],[-93.12858,43.16029],[-93.12708,43.16022]]]}},{"type":"Feature","properties":{},"geometry":{"type":"Polygon","coordinates":[[[-93.23687,43.15609],[-93.23271,43.1557],[-93.23171,43.1571],[-93.23687,43.15609]]]}},{"type":"Feature","properties":{},"geometry":{"type":"Polygon","coordinates":[[[-93.0832,43.09068],[-93.0818,43.08977],[-93.08149,43.09006],[-93.0832,43.09068]]]}},{"type":"Feature","properties":{},"geometry":{"type":"Polygon","coordinates":[[[-93.76014,43.25767],[-93.7596,43.26035],[-93.76207,43.25914],[-93.76014,43.25767]]]}},{"type":"Feature","properties":{},"geometry":{"type":"Polygon","coordinates":[[[-93.5264,43.10219],[-93.52331,43.10196],[-93.52386,43.10393],[-93.5264,43.10219]]]}},{"type":"Feature","properties":{},"geometry":{"type":"Polygon","coordinates":[[[-93.71242,43.09847],[-93.71392,43.09815],[-93.71239,43.09811],[-93.71242,43.09847]]]}},{"type":"Feature","properties":{},"geometry":{"type":"Polygon","coordinates":[[[-93.6902,42.83509],[-93.68641,42.83532],[-93.68731,42.8377],[-93.6902,42.83509]]]}},{"type":"Feature","properties":{},"geometry":{"type":"Polygon","coordinates":[[[-93.2735,42.47029],[-93.27238,42.47125],[-93.27344,42.47139],[-93.2735,42.47029]]]}},{"type":"Feature","properties":{},"geometry":{"type":"Polygon","coordinates":[[[-93.06883,42.28601],[-93.06803,42.28613],[-93.07114,42.28752],[-93.06883,42.28601]]]}},{"type":"Feature","properties":{},"geometry":{"type":"Polygon","coordinates":[[[-93.19906,42.18731],[-93.19648,42.1888],[-93.19937,42.18779],[-93.19906,42.18731]]]}},{"type":"Feature","properties":{},"geometry":{"type":"Polygon","coordinates":[[[-93.27562,42.02603],[-93.27323,42.02573],[-93.27491,42.02743],[-93.27562,42.02603]]]}},{"type":"Feature","properties":{},"geometry":{"type":"Polygon","coordinates":[[[-93.25869,42.00671],[-93.2566,42.00721],[-93.25903,42.00696],[-93.25869,42.00671]]]}},{"type":"Feature","properties":{},"geometry":{"type":"Polygon","coordinates":[[[-93.40449,41.90551],[-93.40348,41.90448],[-93.40315,41.90624],[-93.40449,41.90551]]]}},{"type":"Feature","properties":{},"geometry":{"type":"Polygon","coordinates":[[[-93.38162,41.89723],[-93.38024,41.89659],[-93.38012,41.89689],[-93.38162,41.89723]]]}},{"type":"Feature","properties":{},"geometry":{"type":"Polygon","coordinates":[[[-91.7341,41.27743],[-91.73258,41.27599],[-91.73159,41.27739],[-91.7341,41.27743]]]}},{"type":"Feature","properties":{},"geometry":{"type":"Polygon","coordinates":[[[-92.54822,43.27386],[-92.54622,43.27347],[-92.54819,43.27413],[-92.54822,43.27386]]]}},{"type":"Feature","properties":{},"geometry":{"type":"Polygon","coordinates":[[[-92.46902,43.08279],[-92.46755,43.08314],[-92.46902,43.08334],[-92.46902,43.08279]]]}},{"type":"Feature","properties":{},"geometry":{"type":"Polygon","coordinates":[[[-91.95893,42.60461],[-91.95846,42.60264],[-91.95704,42.60408],[-91.95893,42.60461]]]}},{"type":"Feature","properties":{},"geometry":{"type":"Polygon","coordinates":[[[-91.81876,42.40851],[-91.82215,42.40822],[-91.81953,42.406],[-91.81876,42.40851]]]}},{"type":"Feature","properties":{},"geometry":{"type":"Polygon","coordinates":[[[-91.81445,42.39838],[-91.81528,42.39742],[-91.81312,42.39872],[-91.81445,42.39838]]]}},{"type":"Feature","properties":{},"geometry":{"type":"Polygon","coordinates":[[[-91.72149,42.31533],[-91.72102,42.31554],[-91.72309,42.31624],[-91.72149,42.31533]]]}},{"type":"Feature","properties":{},"geometry":{"type":"Polygon","coordinates":[[[-91.99016,41.22138],[-91.98971,41.21898],[-91.98862,41.22136],[-91.99016,41.22138]]]}},{"type":"Feature","properties":{},"geometry":{"type":"Polygon","coordinates":[[[-91.53542,41.16089],[-91.53393,41.1623],[-91.53523,41.16219],[-91.53542,41.16089]]]}},{"type":"Feature","properties":{},"geometry":{"type":"Polygon","coordinates":[[[-91.90114,41.12672],[-91.8996,41.12736],[-91.9006,41.12804],[-91.90114,41.12672]]]}},{"type":"Feature","properties":{},"geometry":{"type":"Polygon","coordinates":[[[-91.84876,41.06067],[-91.84916,41.05856],[-91.84813,41.06051],[-91.84876,41.06067]]]}},{"type":"Feature","properties":{},"geometry":{"type":"Polygon","coordinates":[[[-91.79275,40.89054],[-91.79215,40.88967],[-91.79182,40.89061],[-91.79275,40.89054]]]}},{"type":"Feature","properties":{},"geometry":{"type":"Polygon","coordinates":[[[-91.31066,40.78954],[-91.30883,40.78963],[-91.31042,40.78993],[-91.31066,40.78954]]]}},{"type":"Feature","properties":{},"geometry":{"type":"Polygon","coordinates":[[[-91.18235,40.71281],[-91.18067,40.71297],[-91.17983,40.71423],[-91.18235,40.71281]]]}},{"type":"Feature","properties":{},"geometry":{"type":"Polygon","coordinates":[[[-92.15592,40.99221],[-92.15432,40.99368],[-92.15492,40.99384],[-92.15592,40.99221]]]}},{"type":"Feature","properties":{},"geometry":{"type":"Polygon","coordinates":[[[-92.3619,42.50543],[-92.3602,42.50545],[-92.36175,42.50589],[-92.3619,42.50543]]]}},{"type":"Feature","properties":{},"geometry":{"type":"Polygon","coordinates":[[[-91.55824,42.08809],[-91.5572,42.08752],[-91.55714,42.08818],[-91.55824,42.08809]]]}},{"type":"Feature","properties":{},"geometry":{"type":"Polygon","coordinates":[[[-91.54907,42.07859],[-91.54898,42.07788],[-91.54788,42.07866],[-91.54907,42.07859]]]}},{"type":"Feature","properties":{},"geometry":{"type":"Polygon","coordinates":[[[-90.74271,41.73587],[-90.74167,41.73487],[-90.74142,41.73519],[-90.74271,41.73587]]]}},{"type":"Feature","properties":{},"geometry":{"type":"Polygon","coordinates":[[[-91.52508,41.81388],[-91.52374,41.81408],[-91.52508,41.8153],[-91.52508,41.81388]]]}},{"type":"Feature","properties":{},"geometry":{"type":"Polygon","coordinates":[[[-91.62821,41.81335],[-91.62745,41.8131],[-91.62684,41.81397],[-91.62821,41.81335]]]}},{"type":"Feature","properties":{},"geometry":{"type":"Polygon","coordinates":[[[-91.78058,41.7932],[-91.77902,41.7956],[-91.77984,41.79674],[-91.78217,41.79695],[-91.78327,41.79462],[-91.78562,41.79677],[-91.78914,41.79492],[-91.78058,41.7932]]]}},{"type":"Feature","properties":{},"geometry":{"type":"Polygon","coordinates":[[[-91.70131,41.78439],[-91.70028,41.78709],[-91.7022,41.78418],[-91.70131,41.78439]]]}},{"type":"Feature","properties":{},"geometry":{"type":"Polygon","coordinates":[[[-91.84487,41.77823],[-91.84493,41.77587],[-91.84393,41.77791],[-91.84487,41.77823]]]}},{"type":"Feature","properties":{},"geometry":{"type":"Polygon","coordinates":[[[-91.30693,41.76551],[-91.30537,41.76707],[-91.30589,41.76723],[-91.30693,41.76551]]]}},{"type":"Feature","properties":{},"geometry":{"type":"Polygon","coordinates":[[[-91.14151,41.5174],[-91.14032,41.51442],[-91.14069,41.51749],[-91.14151,41.5174]]]}},{"type":"Feature","properties":{},"geometry":{"type":"Polygon","coordinates":[[[-91.87531,41.92966],[-91.87249,41.92932],[-91.87267,41.93028],[-91.87531,41.92966]]]}},{"type":"Feature","properties":{},"geometry":{"type":"Polygon","coordinates":[[[-91.07146,41.38579],[-91.07149,41.38671],[-91.07377,41.38552],[-91.07146,41.38579]]]}},{"type":"Feature","properties":{},"geometry":{"type":"Polygon","coordinates":[[[-91.09228,41.36737],[-91.09003,41.36524],[-91.09125,41.36872],[-91.09228,41.36737]]]}},{"type":"Feature","properties":{},"geometry":{"type":"Polygon","coordinates":[[[-91.18865,41.30928],[-91.18647,41.3102],[-91.18641,41.31255],[-91.18865,41.30928]]]}},{"type":"Feature","properties":{},"geometry":{"type":"Polygon","coordinates":[[[-91.06086,41.17225],[-91.06158,41.1715],[-91.05922,41.1709],[-91.06086,41.17225]]]}},{"type":"Feature","properties":{},"geometry":{"type":"Polygon","coordinates":[[[-92.7309,42.13584],[-92.72744,42.12559],[-92.71773,42.12517],[-92.72035,42.12814],[-92.7309,42.13584]]]}},{"type":"Feature","properties":{},"geometry":{"type":"Polygon","coordinates":[[[-92.63342,42.00341],[-92.63149,42.00355],[-92.63315,42.00409],[-92.63342,42.00341]]]}},{"type":"Feature","properties":{},"geometry":{"type":"Polygon","coordinates":[[[-92.69867,41.98433],[-92.70262,41.98222],[-92.69817,41.98234],[-92.69867,41.98433]]]}},{"type":"Feature","properties":{},"geometry":{"type":"Polygon","coordinates":[[[-92.59078,41.94971],[-92.5792,41.95218],[-92.59063,41.95394],[-92.59078,41.94971]]]}},{"type":"Feature","properties":{},"geometry":{"type":"Polygon","coordinates":[[[-92.44386,41.93938],[-92.43911,41.9435],[-92.44438,41.94528],[-92.44386,41.93938]]]}},{"type":"Feature","properties":{},"geometry":{"type":"Polygon","coordinates":[[[-92.4217,41.93921],[-92.41641,41.94214],[-92.42177,41.94511],[-92.4217,41.93921]]]}},{"type":"Feature","properties":{},"geometry":{"type":"Polygon","coordinates":[[[-92.40846,41.92931],[-92.40641,41.9294],[-92.40849,41.92961],[-92.40846,41.92931]]]}},{"type":"Feature","properties":{},"geometry":{"type":"Polygon","coordinates":[[[-92.14619,41.87938],[-92.14365,41.87844],[-92.14349,41.87855],[-92.14619,41.87938]]]}},{"type":"Feature","properties":{},"geometry":{"type":"Polygon","coordinates":[[[-92.47345,41.85611],[-92.47244,41.85671],[-92.4737,41.85666],[-92.47345,41.85611]]]}},{"type":"Feature","properties":{},"geometry":{"type":"Polygon","coordinates":[[[-92.14378,41.81672],[-92.14268,41.81731],[-92.14397,41.8177],[-92.14378,41.81672]]]}},{"type":"Feature","properties":{},"geometry":{"type":"Polygon","coordinates":[[[-92.11697,41.81704],[-92.11559,41.81727],[-92.11712,41.81748],[-92.11697,41.81704]]]}},{"type":"Feature","properties":{},"geometry":{"type":"Polygon","coordinates":[[[-92.45963,41.81716],[-92.45755,41.8179],[-92.46042,41.81773],[-92.45963,41.81716]]]}},{"type":"Feature","properties":{},"geometry":{"type":"Polygon","coordinates":[[[-92.11599,41.81542],[-92.11125,41.81352],[-92.11027,41.81457],[-92.11599,41.81542]]]}},{"type":"Feature","properties":{},"geometry":{"type":"Polygon","coordinates":[[[-91.3184,41.38616],[-91.31387,41.38501],[-91.31354,41.38556],[-91.3184,41.38616]]]}},{"type":"Feature","properties":{},"geometry":{"type":"Polygon","coordinates":[[[-91.99992,42.17867],[-91.99863,42.17929],[-91.99964,42.17995],[-91.99992,42.17867]]]}},{"type":"Feature","properties":{},"geometry":{"type":"Polygon","coordinates":[[[-91.79888,42.13984],[-91.79381,42.13442],[-91.79402,42.13705],[-91.79888,42.13984]]]}},{"type":"Feature","properties":{},"geometry":{"type":"Polygon","coordinates":[[[-91.7762,42.07793],[-91.77507,42.07784],[-91.7759,42.07864],[-91.7762,42.07793]]]}},{"type":"Feature","properties":{},"geometry":{"type":"Polygon","coordinates":[[[-92.28959,42.46141],[-92.28792,42.46211],[-92.29119,42.4623],[-92.28959,42.46141]]]}},{"type":"Feature","properties":{},"geometry":{"type":"Polygon","coordinates":[[[-92.21594,42.34962],[-92.20897,42.34288],[-92.20699,42.34347],[-92.20968,42.34885],[-92.21594,42.34962]]]}},{"type":"Feature","properties":{},"geometry":{"type":"Polygon","coordinates":[[[-92.12168,42.29805],[-92.1186,42.29855],[-92.11826,42.29929],[-92.12168,42.29805]]]}},{"type":"Feature","properties":{},"geometry":{"type":"Polygon","coordinates":[[[-93.17487,42.7555],[-93.17313,42.75429],[-93.17319,42.75557],[-93.17487,42.7555]]]}},{"type":"Feature","properties":{},"geometry":{"type":"Polygon","coordinates":[[[-92.51516,42.67165],[-92.51115,42.67315],[-92.51608,42.67618],[-92.51516,42.67165]]]}},{"type":"Feature","properties":{},"geometry":{"type":"Polygon","coordinates":[[[-92.05037,42.64162],[-92.05294,42.64068],[-92.05217,42.63977],[-92.05037,42.64162]]]}},{"type":"Feature","properties":{},"geometry":{"type":"Polygon","coordinates":[[[-92.03429,42.53621],[-92.03568,42.53488],[-92.03154,42.53438],[-92.03429,42.53621]]]}},{"type":"Feature","properties":{},"geometry":{"type":"Polygon","coordinates":[[[-91.26128,40.69366],[-91.26028,40.69332],[-91.2613,40.69426],[-91.26128,40.69366]]]}},{"type":"Feature","properties":{},"geometry":{"type":"Polygon","coordinates":[[[-91.39326,40.60478],[-91.39326,40.60784],[-91.39629,40.6035],[-91.39326,40.60478]]]}},{"type":"Feature","properties":{},"geometry":{"type":"Polygon","coordinates":[[[-91.7858,41.64164],[-91.78589,41.64047],[-91.78492,41.64166],[-91.7858,41.64164]]]}},{"type":"Feature","properties":{},"geometry":{"type":"Polygon","coordinates":[[[-91.51698,41.57081],[-91.5158,41.57026],[-91.51686,41.57133],[-91.51698,41.57081]]]}},{"type":"Feature","properties":{},"geometry":{"type":"Polygon","coordinates":[[[-91.41865,41.41743],[-91.41692,41.41766],[-91.41977,41.41858],[-91.41865,41.41743]]]}},{"type":"Feature","properties":{},"geometry":{"type":"Polygon","coordinates":[[[-91.41987,41.37802],[-91.41109,41.37615],[-91.41619,41.37871],[-91.41987,41.37802]]]}},{"type":"Feature","properties":{},"geometry":{"type":"Polygon","coordinates":[[[-91.59279,41.27805],[-91.59082,41.27688],[-91.591,41.27871],[-91.59279,41.27805]]]}},{"type":"Feature","properties":{},"geometry":{"type":"Polygon","coordinates":[[[-93.50316,43.12554],[-93.50907,43.1178],[-93.49443,43.11171],[-93.50517,43.11752],[-93.50105,43.1187],[-93.50316,43.12554]]]}},{"type":"Feature","properties":{},"geometry":{"type":"MultiPolygon","coordinates":[[[[-91.08409,41.19379],[-91.07963,41.17151],[-91.07418,41.16958],[-91.07801,41.18038],[-91.07508,41.18127],[-91.0742,41.17542],[-91.05723,41.16903],[-91.06726,41.18639],[-91.08409,41.19379]]],[[[-91.0679,41.18509],[-91.06617,41.18417],[-91.06729,41.18539],[-91.0679,41.18509]]]]}},{"type":"Feature","properties":{},"geometry":{"type":"Polygon","coordinates":[[[-92.93135,43.37105],[-92.93477,43.37048],[-92.93126,43.36977],[-92.93135,43.37105]]]}},{"type":"Feature","properties":{},"geometry":{"type":"Polygon","coordinates":[[[-91.54625,41.4872],[-91.54312,41.48516],[-91.54321,41.48727],[-91.54625,41.4872]]]}},{"type":"Feature","properties":{},"geometry":{"type":"Polygon","coordinates":[[[-93.14931,41.81807],[-93.14839,41.81746],[-93.14857,41.81821],[-93.14931,41.81807]]]}},{"type":"Feature","properties":{},"geometry":{"type":"Polygon","coordinates":[[[-93.14943,41.81682],[-93.14817,41.81599],[-93.1483,41.81704],[-93.14943,41.81682]]]}},{"type":"Feature","properties":{},"geometry":{"type":"Polygon","coordinates":[[[-93.30881,42.29635],[-93.30422,42.29678],[-93.30881,42.29678],[-93.30881,42.29635]]]}},{"type":"Feature","properties":{},"geometry":{"type":"Polygon","coordinates":[[[-93.71578,43.46332],[-93.70596,43.46475],[-93.70495,43.4677],[-93.71578,43.46332]]]}},{"type":"Feature","properties":{},"geometry":{"type":"Polygon","coordinates":[[[-93.73028,43.39031],[-93.72849,43.38912],[-93.72683,43.3904],[-93.73028,43.39031]]]}},{"type":"Feature","properties":{},"geometry":{"type":"Polygon","coordinates":[[[-93.4619,43.24027],[-93.4626,43.24348],[-93.46579,43.2418],[-93.4619,43.24027]]]}},{"type":"Feature","properties":{},"geometry":{"type":"Polygon","coordinates":[[[-93.22197,43.14151],[-93.22353,43.13934],[-93.22166,43.14105],[-93.22197,43.14151]]]}},{"type":"Feature","properties":{},"geometry":{"type":"Polygon","coordinates":[[[-93.12974,43.12157],[-93.1273,43.12328],[-93.12989,43.12317],[-93.12974,43.12157]]]}},{"type":"Feature","properties":{},"geometry":{"type":"Polygon","coordinates":[[[-93.51299,42.68154],[-93.51169,42.68227],[-93.51494,42.68269],[-93.51299,42.68154]]]}},{"type":"Feature","properties":{},"geometry":{"type":"Polygon","coordinates":[[[-93.49036,42.66797],[-93.489,42.66964],[-93.49083,42.66859],[-93.49036,42.66797]]]}},{"type":"Feature","properties":{},"geometry":{"type":"Polygon","coordinates":[[[-93.16587,42.47364],[-93.16649,42.47191],[-93.16618,42.47154],[-93.16587,42.47364]]]}},{"type":"Feature","properties":{},"geometry":{"type":"Polygon","coordinates":[[[-93.38488,42.45919],[-93.38386,42.45823],[-93.38393,42.4594],[-93.38488,42.45919]]]}},{"type":"Feature","properties":{},"geometry":{"type":"Polygon","coordinates":[[[-93.32098,42.41341],[-93.3202,42.41414],[-93.32113,42.41462],[-93.32098,42.41341]]]}},{"type":"Feature","properties":{},"geometry":{"type":"Polygon","coordinates":[[[-93.26046,42.38715],[-93.25657,42.38449],[-93.25654,42.38536],[-93.2591,42.38731],[-93.26046,42.38715]]]}},{"type":"Feature","properties":{},"geometry":{"type":"Polygon","coordinates":[[[-93.49345,42.38191],[-93.49172,42.38095],[-93.49153,42.38152],[-93.49345,42.38191]]]}},{"type":"Feature","properties":{},"geometry":{"type":"Polygon","coordinates":[[[-93.07619,42.29343],[-93.07434,42.29318],[-93.07434,42.29336],[-93.07619,42.29343]]]}},{"type":"Feature","properties":{},"geometry":{"type":"Polygon","coordinates":[[[-93.29471,42.17019],[-93.29526,42.17257],[-93.29587,42.17218],[-93.29471,42.17019]]]}},{"type":"Feature","properties":{},"geometry":{"type":"Polygon","coordinates":[[[-93.1383,42.11619],[-93.13738,42.11651],[-93.13873,42.11662],[-93.1383,42.11619]]]}},{"type":"Feature","properties":{},"geometry":{"type":"Polygon","coordinates":[[[-93.06196,42.56355],[-93.05691,42.56547],[-93.06239,42.56543],[-93.06196,42.56355]]]}},{"type":"Feature","properties":{},"geometry":{"type":"Polygon","coordinates":[[[-93.57046,42.09369],[-93.5692,42.09465],[-93.57258,42.09495],[-93.57046,42.09369]]]}},{"type":"Feature","properties":{},"geometry":{"type":"Polygon","coordinates":[[[-93.51994,41.92429],[-93.51831,41.92615],[-93.52089,41.92523],[-93.51994,41.92429]]]}},{"type":"Feature","properties":{},"geometry":{"type":"Polygon","coordinates":[[[-91.93448,42.5113],[-91.93398,42.51153],[-91.93556,42.5113],[-91.93448,42.5113]]]}},{"type":"Feature","properties":{},"geometry":{"type":"Polygon","coordinates":[[[-92.32247,42.88584],[-92.3216,42.8846],[-92.32153,42.88609],[-92.32247,42.88584]]]}},{"type":"Feature","properties":{},"geometry":{"type":"Polygon","coordinates":[[[-91.76975,42.4082],[-91.77209,42.40708],[-91.77083,42.40649],[-91.76975,42.4082]]]}},{"type":"Feature","properties":{},"geometry":{"type":"Polygon","coordinates":[[[-91.71929,42.29006],[-91.71855,42.28951],[-91.71837,42.29004],[-91.71929,42.29006]]]}},{"type":"Feature","properties":{},"geometry":{"type":"Polygon","coordinates":[[[-91.60729,42.26448],[-91.60507,42.26471],[-91.60769,42.26496],[-91.60729,42.26448]]]}},{"type":"Feature","properties":{},"geometry":{"type":"Polygon","coordinates":[[[-91.68733,41.21387],[-91.68554,41.21263],[-91.6867,41.21405],[-91.68733,41.21387]]]}},{"type":"Feature","properties":{},"geometry":{"type":"Polygon","coordinates":[[[-91.89002,41.31337],[-91.88865,41.31183],[-91.88941,41.31412],[-91.89002,41.31337]]]}},{"type":"Feature","properties":{},"geometry":{"type":"Polygon","coordinates":[[[-91.74731,41.30169],[-91.74588,41.3024],[-91.74734,41.30242],[-91.74731,41.30169]]]}},{"type":"Feature","properties":{},"geometry":{"type":"Polygon","coordinates":[[[-91.551,41.17032],[-91.55048,41.16904],[-91.54927,41.17014],[-91.551,41.17032]]]}},{"type":"Feature","properties":{},"geometry":{"type":"Polygon","coordinates":[[[-91.88819,41.12384],[-91.88704,41.12287],[-91.88656,41.12395],[-91.88819,41.12384]]]}},{"type":"Feature","properties":{},"geometry":{"type":"Polygon","coordinates":[[[-91.7675,41.06858],[-91.76641,41.06938],[-91.76871,41.06954],[-91.7675,41.06858]]]}},{"type":"Feature","properties":{},"geometry":{"type":"Polygon","coordinates":[[[-91.08746,41.08818],[-91.08289,41.08814],[-91.08773,41.08894],[-91.08746,41.08818]]]}},{"type":"Feature","properties":{},"geometry":{"type":"Polygon","coordinates":[[[-91.14189,40.9662],[-91.1364,40.96611],[-91.13233,40.96151],[-91.13176,40.96522],[-91.13661,40.96689],[-91.14189,40.9662]]]}},{"type":"Feature","properties":{},"geometry":{"type":"Polygon","coordinates":[[[-91.38333,40.93907],[-91.38563,40.93827],[-91.38731,40.93706],[-91.38315,40.93489],[-91.38333,40.93907]]]}},{"type":"Feature","properties":{},"geometry":{"type":"Polygon","coordinates":[[[-91.11776,40.92793],[-91.11695,40.92985],[-91.11776,40.93013],[-91.11776,40.92793]]]}},{"type":"Feature","properties":{},"geometry":{"type":"Polygon","coordinates":[[[-93.51572,42.2064],[-93.51387,42.20585],[-93.51372,42.20636],[-93.51572,42.2064]]]}},{"type":"Feature","properties":{},"geometry":{"type":"Polygon","coordinates":[[[-90.55197,41.79228],[-90.5484,41.79129],[-90.55197,41.79255],[-90.55197,41.79228]]]}},{"type":"Feature","properties":{},"geometry":{"type":"Polygon","coordinates":[[[-90.42929,41.74786],[-90.42828,41.74951],[-90.42889,41.74958],[-90.42929,41.74786]]]}},{"type":"Feature","properties":{},"geometry":{"type":"Polygon","coordinates":[[[-90.3714,41.74741],[-90.36993,41.74728],[-90.36993,41.74771],[-90.3714,41.74741]]]}},{"type":"Feature","properties":{},"geometry":{"type":"Polygon","coordinates":[[[-90.45017,41.65511],[-90.44925,41.65445],[-90.44928,41.65511],[-90.45017,41.65511]]]}},{"type":"Feature","properties":{},"geometry":{"type":"Polygon","coordinates":[[[-90.6188,41.49528],[-90.61643,41.49414],[-90.61807,41.4951],[-90.61555,41.49709],[-90.6188,41.49528]]]}},{"type":"Feature","properties":{},"geometry":{"type":"Polygon","coordinates":[[[-91.19964,41.98517],[-91.19845,41.9908],[-91.20098,41.9993],[-91.20805,41.99342],[-91.19964,41.98517]]]}},{"type":"Feature","properties":{},"geometry":{"type":"Polygon","coordinates":[[[-91.51797,41.80746],[-91.54533,41.81135],[-91.55694,41.81008],[-91.56783,41.80643],[-91.56292,41.79812],[-91.57497,41.79312],[-91.55935,41.78828],[-91.54663,41.79521],[-91.56711,41.79282],[-91.55968,41.79595],[-91.56365,41.80384],[-91.51797,41.80746]]]}},{"type":"Feature","properties":{},"geometry":{"type":"Polygon","coordinates":[[[-91.72198,41.78529],[-91.71604,41.78371],[-91.71547,41.78552],[-91.72198,41.78529]]]}},{"type":"Feature","properties":{},"geometry":{"type":"Polygon","coordinates":[[[-91.60425,41.77259],[-91.60401,41.77412],[-91.60493,41.77403],[-91.60425,41.77259]]]}},{"type":"Feature","properties":{},"geometry":{"type":"Polygon","coordinates":[[[-91.13358,41.60559],[-91.12907,41.60513],[-91.134,41.60609],[-91.13358,41.60559]]]}},{"type":"Feature","properties":{},"geometry":{"type":"Polygon","coordinates":[[[-91.14124,41.52275],[-91.14014,41.5225],[-91.14035,41.52325],[-91.14124,41.52275]]]}},{"type":"Feature","properties":{},"geometry":{"type":"Polygon","coordinates":[[[-91.12654,41.50502],[-91.1241,41.50402],[-91.12346,41.50505],[-91.12654,41.50502]]]}},{"type":"Feature","properties":{},"geometry":{"type":"MultiPolygon","coordinates":[[[[-91.11173,41.25884],[-91.1019,41.29434],[-91.11531,41.28075],[-91.11528,41.26564],[-91.11173,41.25884]]],[[[-91.11497,41.27401],[-91.11334,41.27314],[-91.11364,41.27526],[-91.11497,41.27401]]],[[[-91.11519,41.27739],[-91.1137,41.27636],[-91.11458,41.28018],[-91.11519,41.27739]]]]}},{"type":"Feature","properties":{},"geometry":{"type":"Polygon","coordinates":[[[-91.10231,41.20635],[-91.10371,41.2047],[-91.10244,41.2031],[-91.10231,41.20635]]]}},{"type":"Feature","properties":{},"geometry":{"type":"Polygon","coordinates":[[[-92.86253,42.05039],[-92.85747,42.0514],[-92.86293,42.05124],[-92.86253,42.05039]]]}},{"type":"Feature","properties":{},"geometry":{"type":"Polygon","coordinates":[[[-92.44362,41.94958],[-92.43848,41.95222],[-92.44353,41.95331],[-92.44362,41.94958]]]}},{"type":"Feature","properties":{},"geometry":{"type":"Polygon","coordinates":[[[-92.38068,41.91222],[-92.37761,41.91277],[-92.37976,41.91335],[-92.38068,41.91222]]]}},{"type":"Feature","properties":{},"geometry":{"type":"Polygon","coordinates":[[[-92.42549,41.80593],[-92.42295,41.80673],[-92.42381,41.80764],[-92.42549,41.80593]]]}},{"type":"Feature","properties":{},"geometry":{"type":"Polygon","coordinates":[[[-90.79111,41.59129],[-90.78672,41.59056],[-90.78666,41.59136],[-90.79111,41.59129]]]}},{"type":"Feature","properties":{},"geometry":{"type":"Polygon","coordinates":[[[-91.24349,41.42519],[-91.24149,41.4259],[-91.24316,41.42583],[-91.24349,41.42519]]]}},{"type":"Feature","properties":{},"geometry":{"type":"Polygon","coordinates":[[[-91.77546,42.06341],[-91.77091,42.06637],[-91.76713,42.06786],[-91.77217,42.06718],[-91.77546,42.06341]]]}},{"type":"Feature","properties":{},"geometry":{"type":"Polygon","coordinates":[[[-91.77064,42.06368],[-91.77006,42.06285],[-91.76871,42.06262],[-91.77064,42.06368]]]}},{"type":"Feature","properties":{},"geometry":{"type":"Polygon","coordinates":[[[-91.77056,42.03888],[-91.76611,42.03631],[-91.76537,42.03888],[-91.77056,42.03888]]]}},{"type":"Feature","properties":{},"geometry":{"type":"Polygon","coordinates":[[[-91.65734,42.02493],[-91.65654,42.02415],[-91.65519,42.02468],[-91.65734,42.02493]]]}},{"type":"Feature","properties":{},"geometry":{"type":"Polygon","coordinates":[[[-92.07625,42.30751],[-92.07465,42.30829],[-92.07659,42.30806],[-92.07625,42.30751]]]}},{"type":"Feature","properties":{},"geometry":{"type":"Polygon","coordinates":[[[-92.56485,42.22069],[-92.56488,42.2228],[-92.56703,42.22191],[-92.56485,42.22069]]]}},{"type":"Feature","properties":{},"geometry":{"type":"Polygon","coordinates":[[[-92.55985,42.20784],[-92.55862,42.20669],[-92.55778,42.20928],[-92.55985,42.20784]]]}},{"type":"Feature","properties":{},"geometry":{"type":"Polygon","coordinates":[[[-92.02284,42.19484],[-92.029,42.19118],[-92.02248,42.19438],[-92.02284,42.19484]]]}},{"type":"Feature","properties":{},"geometry":{"type":"Polygon","coordinates":[[[-92.25577,41.86774],[-92.26502,41.8682],[-92.25446,41.8668],[-92.25577,41.86774]]]}},{"type":"Feature","properties":{},"geometry":{"type":"Polygon","coordinates":[[[-92.5137,42.6345],[-92.512,42.63344],[-92.51191,42.63399],[-92.5137,42.6345]]]}},{"type":"Feature","properties":{},"geometry":{"type":"Polygon","coordinates":[[[-93.4189,42.73065],[-93.41496,42.73058],[-93.41496,42.73079],[-93.4189,42.73065]]]}},{"type":"Feature","properties":{},"geometry":{"type":"Polygon","coordinates":[[[-93.1364,42.7042],[-93.1302,42.70186],[-93.12983,42.70285],[-93.1364,42.7042]]]}},{"type":"Feature","properties":{},"geometry":{"type":"Polygon","coordinates":[[[-92.16048,42.7136],[-92.1575,42.71186],[-92.15821,42.71337],[-92.16048,42.7136]]]}},{"type":"Feature","properties":{},"geometry":{"type":"Polygon","coordinates":[[[-92.17694,42.70614],[-92.17465,42.70351],[-92.17564,42.70751],[-92.17694,42.70614]]]}},{"type":"Feature","properties":{},"geometry":{"type":"Polygon","coordinates":[[[-92.15985,42.70406],[-92.15666,42.70518],[-92.16038,42.70552],[-92.15985,42.70406]]]}},{"type":"Feature","properties":{},"geometry":{"type":"Polygon","coordinates":[[[-93.41773,43.41148],[-93.41113,43.40787],[-93.39965,43.40634],[-93.40072,43.40854],[-93.41773,43.41148]]]}},{"type":"Feature","properties":{},"geometry":{"type":"Polygon","coordinates":[[[-93.20756,43.41073],[-93.20599,43.41249],[-93.20697,43.41277],[-93.20756,43.41073]]]}},{"type":"Feature","properties":{},"geometry":{"type":"Polygon","coordinates":[[[-91.26245,40.69472],[-91.26182,40.69424],[-91.26205,40.69474],[-91.26245,40.69472]]]}},{"type":"Feature","properties":{},"geometry":{"type":"Polygon","coordinates":[[[-91.13473,40.68002],[-91.13341,40.67977],[-91.13326,40.68025],[-91.13473,40.68002]]]}},{"type":"Feature","properties":{},"geometry":{"type":"Polygon","coordinates":[[[-91.42327,40.58688],[-91.42228,40.58793],[-91.42315,40.58798],[-91.42327,40.58688]]]}},{"type":"Feature","properties":{},"geometry":{"type":"Polygon","coordinates":[[[-91.42449,40.57409],[-91.42362,40.57478],[-91.4241,40.57567],[-91.42449,40.57409]]]}},{"type":"Feature","properties":{},"geometry":{"type":"Polygon","coordinates":[[[-91.43154,40.5387],[-91.43343,40.53828],[-91.43058,40.53794],[-91.43154,40.5387]]]}},{"type":"Feature","properties":{},"geometry":{"type":"Polygon","coordinates":[[[-91.41849,40.53593],[-91.41984,40.53536],[-91.41741,40.53504],[-91.41849,40.53593]]]}},{"type":"Feature","properties":{},"geometry":{"type":"Polygon","coordinates":[[[-91.54031,41.71068],[-91.53775,41.71047],[-91.53677,41.71145],[-91.54031,41.71068]]]}},{"type":"Feature","properties":{},"geometry":{"type":"Polygon","coordinates":[[[-91.99536,41.63923],[-91.99481,41.6377],[-91.9943,41.63928],[-91.99536,41.63923]]]}},{"type":"Feature","properties":{},"geometry":{"type":"Polygon","coordinates":[[[-91.54095,41.62371],[-91.53772,41.62067],[-91.53918,41.62364],[-91.54095,41.62371]]]}},{"type":"Feature","properties":{},"geometry":{"type":"Polygon","coordinates":[[[-91.53169,41.59191],[-91.5309,41.59127],[-91.53072,41.59239],[-91.53169,41.59191]]]}},{"type":"Feature","properties":{},"geometry":{"type":"Polygon","coordinates":[[[-91.65327,41.47266],[-91.65135,41.47204],[-91.653,41.47399],[-91.65327,41.47266]]]}},{"type":"Feature","properties":{},"geometry":{"type":"Polygon","coordinates":[[[-92.08546,41.46348],[-92.08379,41.46247],[-92.08376,41.46282],[-92.08546,41.46348]]]}},{"type":"Feature","properties":{},"geometry":{"type":"Polygon","coordinates":[[[-93.778,43.29735],[-93.76822,43.28796],[-93.75945,43.28784],[-93.76867,43.30141],[-93.778,43.29735]]]}},{"type":"Feature","properties":{},"geometry":{"type":"Polygon","coordinates":[[[-93.47663,43.49559],[-93.48316,43.49421],[-93.46854,43.4875],[-93.47663,43.49559]]]}},{"type":"Feature","properties":{},"geometry":{"type":"Polygon","coordinates":[[[-93.5522,43.45606],[-93.57,43.45767],[-93.55126,43.45266],[-93.5522,43.45606]]]}},{"type":"Feature","properties":{},"geometry":{"type":"MultiPolygon","coordinates":[[[[-91.09996,41.19663],[-91.09104,41.17483],[-91.076,41.16544],[-91.08491,41.19374],[-91.09996,41.19663]]],[[[-91.09067,41.18469],[-91.09366,41.19034],[-91.09784,41.19336],[-91.09611,41.19013],[-91.09067,41.18469]]]]}},{"type":"Feature","properties":{},"geometry":{"type":"Polygon","coordinates":[[[-91.7937,42.40335],[-91.79642,42.40619],[-91.7983,42.40502],[-91.7937,42.40335]]]}},{"type":"Feature","properties":{},"geometry":{"type":"Polygon","coordinates":[[[-92.56216,43.3538],[-92.56097,43.35602],[-92.56235,43.3563],[-92.56216,43.3538]]]}},{"type":"Feature","properties":{},"geometry":{"type":"Polygon","coordinates":[[[-93.2076,42.88611],[-93.20994,42.88775],[-93.21016,42.88638],[-93.2076,42.88611]]]}},{"type":"Feature","properties":{},"geometry":{"type":"Polygon","coordinates":[[[-93.4085,42.311],[-93.40702,42.31194],[-93.40862,42.31196],[-93.4085,42.311]]]}},{"type":"Feature","properties":{},"geometry":{"type":"Polygon","coordinates":[[[-93.15231,42.11413],[-93.1528,42.11547],[-93.1528,42.11415],[-93.15231,42.11413]]]}},{"type":"Feature","properties":{},"geometry":{"type":"Polygon","coordinates":[[[-93.23362,42.76992],[-93.23219,42.7709],[-93.2339,42.77156],[-93.23362,42.76992]]]}},{"type":"Feature","properties":{},"geometry":{"type":"Polygon","coordinates":[[[-92.19275,42.78318],[-92.19595,42.78293],[-92.19319,42.78094],[-92.19275,42.78318]]]}},{"type":"Feature","properties":{},"geometry":{"type":"Polygon","coordinates":[[[-93.55004,43.42354],[-93.54869,43.42361],[-93.5501,43.4237],[-93.55004,43.42354]]]}},{"type":"Feature","properties":{},"geometry":{"type":"Polygon","coordinates":[[[-93.65797,43.29002],[-93.6575,43.28912],[-93.65722,43.28972],[-93.65797,43.29002]]]}},{"type":"Feature","properties":{},"geometry":{"type":"Polygon","coordinates":[[[-93.21591,43.17845],[-93.22072,43.179],[-93.2159,43.17738],[-93.21591,43.17845]]]}},{"type":"Feature","properties":{},"geometry":{"type":"Polygon","coordinates":[[[-93.221,43.13868],[-93.22097,43.13799],[-93.21994,43.13836],[-93.221,43.13868]]]}},{"type":"Feature","properties":{},"geometry":{"type":"Polygon","coordinates":[[[-93.42759,43.13715],[-93.42637,43.13694],[-93.42628,43.13731],[-93.42759,43.13715]]]}},{"type":"Feature","properties":{},"geometry":{"type":"Polygon","coordinates":[[[-93.39262,42.49021],[-93.38885,42.49014],[-93.39395,42.49117],[-93.39262,42.49021]]]}},{"type":"Feature","properties":{},"geometry":{"type":"Polygon","coordinates":[[[-93.13015,42.47976],[-93.13018,42.48086],[-93.13111,42.48131],[-93.13015,42.47976]]]}},{"type":"Feature","properties":{},"geometry":{"type":"Polygon","coordinates":[[[-93.27157,42.33004],[-93.26978,42.32931],[-93.26938,42.32967],[-93.27157,42.33004]]]}},{"type":"Feature","properties":{},"geometry":{"type":"Polygon","coordinates":[[[-93.13649,42.12204],[-93.13345,42.12314],[-93.13673,42.12261],[-93.13649,42.12204]]]}},{"type":"Feature","properties":{},"geometry":{"type":"Polygon","coordinates":[[[-93.14767,42.12003],[-93.13517,42.11774],[-93.13421,42.12127],[-93.14767,42.12003]]]}},{"type":"Feature","properties":{},"geometry":{"type":"Polygon","coordinates":[[[-93.59153,42.04229],[-93.59131,42.04366],[-93.59251,42.04318],[-93.59153,42.04229]]]}},{"type":"Feature","properties":{},"geometry":{"type":"Polygon","coordinates":[[[-93.37727,41.98851],[-93.37534,41.98767],[-93.37694,41.98931],[-93.37727,41.98851]]]}},{"type":"Feature","properties":{},"geometry":{"type":"Polygon","coordinates":[[[-93.21098,41.97009],[-93.2096,41.96904],[-93.20967,41.97018],[-93.21098,41.97009]]]}},{"type":"Feature","properties":{},"geometry":{"type":"Polygon","coordinates":[[[-93.18981,41.91931],[-93.18871,41.91932],[-93.18984,41.91952],[-93.18981,41.91931]]]}},{"type":"Feature","properties":{},"geometry":{"type":"Polygon","coordinates":[[[-93.23489,41.89638],[-93.23424,41.89508],[-93.234,41.8964],[-93.23489,41.89638]]]}},{"type":"Feature","properties":{},"geometry":{"type":"Polygon","coordinates":[[[-92.55753,43.29429],[-92.55634,43.29369],[-92.55634,43.29397],[-92.55753,43.29429]]]}},{"type":"Feature","properties":{},"geometry":{"type":"Polygon","coordinates":[[[-92.35967,42.97594],[-92.35976,42.97697],[-92.36036,42.97553],[-92.35967,42.97594]]]}},{"type":"Feature","properties":{},"geometry":{"type":"Polygon","coordinates":[[[-91.956,42.49716],[-91.95482,42.49769],[-91.956,42.49743],[-91.956,42.49716]]]}},{"type":"Feature","properties":{},"geometry":{"type":"Polygon","coordinates":[[[-91.67428,42.28661],[-91.67274,42.28053],[-91.67311,42.28709],[-91.67428,42.28661]]]}},{"type":"Feature","properties":{},"geometry":{"type":"Polygon","coordinates":[[[-91.48747,42.18174],[-91.4863,42.1817],[-91.48812,42.18259],[-91.48747,42.18174]]]}},{"type":"Feature","properties":{},"geometry":{"type":"Polygon","coordinates":[[[-91.87869,41.11963],[-91.87678,41.11931],[-91.87681,41.1194],[-91.87869,41.11963]]]}},{"type":"Feature","properties":{},"geometry":{"type":"Polygon","coordinates":[[[-91.97577,41.11801],[-91.97592,41.11643],[-91.97429,41.11741],[-91.97577,41.11801]]]}},{"type":"Feature","properties":{},"geometry":{"type":"Polygon","coordinates":[[[-91.73053,41.05635],[-91.7267,41.05805],[-91.72924,41.0618],[-91.73053,41.05635]]]}},{"type":"Feature","properties":{},"geometry":{"type":"Polygon","coordinates":[[[-91.27174,41.13729],[-91.27035,41.13645],[-91.27005,41.13727],[-91.27174,41.13729]]]}},{"type":"Feature","properties":{},"geometry":{"type":"Polygon","coordinates":[[[-91.15775,41.0789],[-91.15451,41.07872],[-91.15569,41.08034],[-91.15775,41.0789]]]}},{"type":"Feature","properties":{},"geometry":{"type":"Polygon","coordinates":[[[-91.37582,40.93276],[-91.37413,40.93326],[-91.37582,40.93292],[-91.37582,40.93276]]]}},{"type":"Feature","properties":{},"geometry":{"type":"Polygon","coordinates":[[[-91.26851,40.92747],[-91.26787,40.92806],[-91.26851,40.92845],[-91.26851,40.92747]]]}},{"type":"Feature","properties":{},"geometry":{"type":"Polygon","coordinates":[[[-91.12566,40.91466],[-91.12398,40.91425],[-91.12331,40.9148],[-91.12566,40.91466]]]}},{"type":"Feature","properties":{},"geometry":{"type":"Polygon","coordinates":[[[-91.05828,40.87932],[-91.05991,40.87679],[-91.05783,40.87946],[-91.05828,40.87932]]]}},{"type":"Feature","properties":{},"geometry":{"type":"Polygon","coordinates":[[[-91.28003,40.86567],[-91.27925,40.86743],[-91.28136,40.86597],[-91.28003,40.86567]]]}},{"type":"Feature","properties":{},"geometry":{"type":"Polygon","coordinates":[[[-91.13068,40.74201],[-91.12917,40.74187],[-91.12884,40.74217],[-91.13068,40.74201]]]}},{"type":"Feature","properties":{},"geometry":{"type":"Polygon","coordinates":[[[-91.41078,40.41577],[-91.40889,40.41584],[-91.41084,40.41634],[-91.41078,40.41577]]]}},{"type":"Feature","properties":{},"geometry":{"type":"Polygon","coordinates":[[[-93.58256,42.18888],[-93.58201,42.18858],[-93.58191,42.18883],[-93.58256,42.18888]]]}},{"type":"Feature","properties":{},"geometry":{"type":"Polygon","coordinates":[[[-93.73154,42.13638],[-93.73065,42.13707],[-93.73203,42.13695],[-93.73154,42.13638]]]}},{"type":"Feature","properties":{},"geometry":{"type":"Polygon","coordinates":[[[-93.72741,42.13297],[-93.72507,42.13222],[-93.72486,42.13286],[-93.72741,42.13297]]]}},{"type":"Feature","properties":{},"geometry":{"type":"Polygon","coordinates":[[[-93.58627,42.11197],[-93.58258,42.11064],[-93.58593,42.11311],[-93.58627,42.11197]]]}},{"type":"Feature","properties":{},"geometry":{"type":"Polygon","coordinates":[[[-92.98477,41.53998],[-92.97618,41.54028],[-92.98398,41.54231],[-92.98477,41.53998]]]}},{"type":"Feature","properties":{},"geometry":{"type":"Polygon","coordinates":[[[-92.62855,41.5787],[-92.62745,41.57808],[-92.62642,41.57875],[-92.62855,41.5787]]]}},{"type":"Feature","properties":{},"geometry":{"type":"Polygon","coordinates":[[[-92.64783,41.57117],[-92.64677,41.57177],[-92.64805,41.57147],[-92.64783,41.57117]]]}},{"type":"Feature","properties":{},"geometry":{"type":"Polygon","coordinates":[[[-92.68793,41.5151],[-92.68705,41.5157],[-92.6879,41.51565],[-92.68793,41.5151]]]}},{"type":"Feature","properties":{},"geometry":{"type":"Polygon","coordinates":[[[-93.34784,41.67652],[-93.3469,41.67656],[-93.34565,41.67791],[-93.34784,41.67652]]]}},{"type":"Feature","properties":{},"geometry":{"type":"Polygon","coordinates":[[[-92.34481,41.39267],[-92.34308,41.39238],[-92.34484,41.39366],[-92.34481,41.39267]]]}},{"type":"Feature","properties":{},"geometry":{"type":"Polygon","coordinates":[[[-92.55932,41.37069],[-92.55598,41.37122],[-92.55613,41.3722],[-92.55932,41.37069]]]}},{"type":"Feature","properties":{},"geometry":{"type":"Polygon","coordinates":[[[-92.85532,41.43758],[-92.85605,41.43861],[-92.85571,41.43753],[-92.85532,41.43758]]]}},{"type":"Feature","properties":{},"geometry":{"type":"Polygon","coordinates":[[[-92.5398,41.31671],[-92.53908,41.31582],[-92.53862,41.31833],[-92.5398,41.31671]]]}},{"type":"Feature","properties":{},"geometry":{"type":"Polygon","coordinates":[[[-92.6055,41.31745],[-92.60371,41.31653],[-92.60365,41.31681],[-92.6055,41.31745]]]}},{"type":"Feature","properties":{},"geometry":{"type":"Polygon","coordinates":[[[-92.30367,41.26149],[-92.30552,41.26225],[-92.30531,41.26113],[-92.30367,41.26149]]]}},{"type":"Feature","properties":{},"geometry":{"type":"Polygon","coordinates":[[[-91.41422,41.91778],[-91.4125,41.91666],[-91.41361,41.91801],[-91.41422,41.91778]]]}},{"type":"Feature","properties":{},"geometry":{"type":"Polygon","coordinates":[[[-91.33396,41.90243],[-91.33302,41.90076],[-91.33344,41.90291],[-91.33396,41.90243]]]}},{"type":"Feature","properties":{},"geometry":{"type":"Polygon","coordinates":[[[-91.43315,41.88765],[-91.43107,41.888],[-91.43333,41.88775],[-91.43315,41.88765]]]}},{"type":"Feature","properties":{},"geometry":{"type":"Polygon","coordinates":[[[-92.95019,41.8445],[-92.94885,41.8453],[-92.95117,41.84553],[-92.95019,41.8445]]]}},{"type":"Feature","properties":{},"geometry":{"type":"Polygon","coordinates":[[[-92.96555,41.7781],[-92.96323,41.77995],[-92.96528,41.78077],[-92.96555,41.7781]]]}},{"type":"Feature","properties":{},"geometry":{"type":"Polygon","coordinates":[[[-92.84436,41.77557],[-92.84094,41.77639],[-92.84262,41.77715],[-92.84436,41.77557]]]}},{"type":"Feature","properties":{},"geometry":{"type":"Polygon","coordinates":[[[-92.96363,41.7622],[-92.96265,41.76275],[-92.96369,41.76261],[-92.96363,41.7622]]]}},{"type":"Feature","properties":{},"geometry":{"type":"Polygon","coordinates":[[[-92.73249,41.63868],[-92.73111,41.63859],[-92.73118,41.63969],[-92.73249,41.63868]]]}},{"type":"Feature","properties":{},"geometry":{"type":"Polygon","coordinates":[[[-92.3568,41.63338],[-92.35546,41.63379],[-92.35653,41.63384],[-92.3568,41.63338]]]}},{"type":"Feature","properties":{},"geometry":{"type":"Polygon","coordinates":[[[-92.21191,41.58332],[-92.21197,41.58474],[-92.2137,41.58401],[-92.21191,41.58332]]]}},{"type":"Feature","properties":{},"geometry":{"type":"Polygon","coordinates":[[[-92.18127,41.53573],[-92.17868,41.535],[-92.17865,41.5353],[-92.18127,41.53573]]]}},{"type":"Feature","properties":{},"geometry":{"type":"Polygon","coordinates":[[[-91.72777,41.10744],[-91.72674,41.10751],[-91.72726,41.10973],[-91.72777,41.10744]]]}},{"type":"Feature","properties":{},"geometry":{"type":"Polygon","coordinates":[[[-92.08744,41.14405],[-92.08887,41.1465],[-92.08993,41.14515],[-92.08744,41.14405]]]}},{"type":"Feature","properties":{},"geometry":{"type":"Polygon","coordinates":[[[-92.21437,41.06617],[-92.2127,41.06628],[-92.21358,41.06795],[-92.21437,41.06617]]]}},{"type":"Feature","properties":{},"geometry":{"type":"Polygon","coordinates":[[[-91.67096,40.98647],[-91.66997,40.98692],[-91.67066,40.98701],[-91.67096,40.98647]]]}},{"type":"Feature","properties":{},"geometry":{"type":"Polygon","coordinates":[[[-91.99206,40.93926],[-91.99079,40.93956],[-91.99194,40.93968],[-91.99206,40.93926]]]}},{"type":"Feature","properties":{},"geometry":{"type":"Polygon","coordinates":[[[-91.88012,40.90958],[-91.87886,40.90979],[-91.88021,40.9104],[-91.88012,40.90958]]]}},{"type":"Feature","properties":{},"geometry":{"type":"Polygon","coordinates":[[[-91.76514,40.87004],[-91.76382,40.86949],[-91.76382,40.86985],[-91.76514,40.87004]]]}},{"type":"Feature","properties":{},"geometry":{"type":"Polygon","coordinates":[[[-91.62499,40.8472],[-91.62324,40.84674],[-91.62505,40.84848],[-91.62499,40.8472]]]}},{"type":"Feature","properties":{},"geometry":{"type":"Polygon","coordinates":[[[-91.70401,40.83983],[-91.70328,40.84056],[-91.70416,40.84024],[-91.70401,40.83983]]]}},{"type":"Feature","properties":{},"geometry":{"type":"Polygon","coordinates":[[[-92.46952,42.73692],[-92.46738,42.73733],[-92.46958,42.73735],[-92.46952,42.73692]]]}},{"type":"Feature","properties":{},"geometry":{"type":"Polygon","coordinates":[[[-92.3854,42.53302],[-92.38082,42.53178],[-92.3815,42.53322],[-92.3854,42.53302]]]}},{"type":"Feature","properties":{},"geometry":{"type":"Polygon","coordinates":[[[-92.88857,42.70445],[-92.88944,42.70333],[-92.88578,42.70344],[-92.88857,42.70445]]]}},{"type":"Feature","properties":{},"geometry":{"type":"Polygon","coordinates":[[[-92.44118,42.54599],[-92.43975,42.54537],[-92.43923,42.54606],[-92.44118,42.54599]]]}},{"type":"Feature","properties":{},"geometry":{"type":"Polygon","coordinates":[[[-91.06569,40.84987],[-91.06795,40.84641],[-91.06265,40.84957],[-91.06569,40.84987]]]}},{"type":"Feature","properties":{},"geometry":{"type":"Polygon","coordinates":[[[-90.49647,41.77503],[-90.49431,41.77671],[-90.49828,41.77613],[-90.49647,41.77503]]]}},{"type":"Feature","properties":{},"geometry":{"type":"Polygon","coordinates":[[[-90.71412,41.73016],[-90.71437,41.73054],[-90.71666,41.73063],[-90.71412,41.73016]]]}},{"type":"Feature","properties":{},"geometry":{"type":"Polygon","coordinates":[[[-91.13417,41.99008],[-91.13156,41.98876],[-91.13144,41.98912],[-91.13417,41.99008]]]}},{"type":"Feature","properties":{},"geometry":{"type":"Polygon","coordinates":[[[-91.69941,41.82597],[-91.70115,41.82369],[-91.69925,41.82218],[-91.69941,41.82597]]]}},{"type":"Feature","properties":{},"geometry":{"type":"Polygon","coordinates":[[[-91.67356,41.8197],[-91.67182,41.81963],[-91.67225,41.8208],[-91.67356,41.8197]]]}},{"type":"Feature","properties":{},"geometry":{"type":"Polygon","coordinates":[[[-91.62674,41.81721],[-91.6258,41.81703],[-91.6261,41.81818],[-91.62674,41.81721]]]}},{"type":"Feature","properties":{},"geometry":{"type":"Polygon","coordinates":[[[-91.90812,41.80812],[-91.90735,41.81087],[-91.90965,41.81196],[-91.90812,41.80812]]]}},{"type":"Feature","properties":{},"geometry":{"type":"Polygon","coordinates":[[[-91.68243,41.7909],[-91.68198,41.79277],[-91.68414,41.78993],[-91.68243,41.7909]]]}},{"type":"Feature","properties":{},"geometry":{"type":"Polygon","coordinates":[[[-91.36734,41.74859],[-91.36496,41.74939],[-91.36753,41.74895],[-91.36734,41.74859]]]}},{"type":"Feature","properties":{},"geometry":{"type":"Polygon","coordinates":[[[-91.12867,41.51321],[-91.12791,41.51401],[-91.12727,41.51568],[-91.12867,41.51321]]]}},{"type":"Feature","properties":{},"geometry":{"type":"Polygon","coordinates":[[[-92.68198,42.00964],[-92.68668,42.01279],[-92.68259,42.00845],[-92.68198,42.00964]]]}},{"type":"Feature","properties":{},"geometry":{"type":"Polygon","coordinates":[[[-93.00798,42.10837],[-93.00705,42.10794],[-93.00748,42.10849],[-93.00798,42.10837]]]}},{"type":"Feature","properties":{},"geometry":{"type":"Polygon","coordinates":[[[-92.44988,41.95592],[-92.44626,41.9515],[-92.44596,41.9569],[-92.44988,41.95592]]]}},{"type":"Feature","properties":{},"geometry":{"type":"Polygon","coordinates":[[[-92.48517,41.94301],[-92.48474,41.94223],[-92.48296,41.94203],[-92.48517,41.94301]]]}},{"type":"Feature","properties":{},"geometry":{"type":"Polygon","coordinates":[[[-92.43132,41.93584],[-92.4263,41.93818],[-92.43889,41.93765],[-92.43132,41.93584]]]}},{"type":"Feature","properties":{},"geometry":{"type":"Polygon","coordinates":[[[-92.12547,41.87101],[-92.12354,41.87101],[-92.12547,41.87117],[-92.12547,41.87101]]]}},{"type":"Feature","properties":{},"geometry":{"type":"Polygon","coordinates":[[[-92.28481,41.87026],[-92.28285,41.87037],[-92.28533,41.87074],[-92.28481,41.87026]]]}},{"type":"Feature","properties":{},"geometry":{"type":"Polygon","coordinates":[[[-92.10138,41.85657],[-92.09933,41.85696],[-92.10126,41.85762],[-92.10138,41.85657]]]}},{"type":"Feature","properties":{},"geometry":{"type":"Polygon","coordinates":[[[-92.2804,41.83598],[-92.27997,41.83509],[-92.27975,41.83592],[-92.2804,41.83598]]]}},{"type":"Feature","properties":{},"geometry":{"type":"Polygon","coordinates":[[[-92.45871,41.81307],[-92.4562,41.81399],[-92.45807,41.81421],[-92.45871,41.81307]]]}},{"type":"Feature","properties":{},"geometry":{"type":"Polygon","coordinates":[[[-92.06976,41.80856],[-92.0664,41.80586],[-92.06569,41.80897],[-92.06976,41.80856]]]}},{"type":"Feature","properties":{},"geometry":{"type":"Polygon","coordinates":[[[-92.42096,41.75201],[-92.41971,41.75199],[-92.42071,41.75372],[-92.42096,41.75201]]]}},{"type":"Feature","properties":{},"geometry":{"type":"Polygon","coordinates":[[[-92.56475,41.73652],[-92.56374,41.7365],[-92.56404,41.73682],[-92.56475,41.73652]]]}},{"type":"Feature","properties":{},"geometry":{"type":"Polygon","coordinates":[[[-91.8287,42.12938],[-91.82123,42.12282],[-91.8299,42.11774],[-91.84698,42.12102],[-91.82588,42.11426],[-91.80778,42.11942],[-91.8287,42.12938]]]}},{"type":"Feature","properties":{},"geometry":{"type":"Polygon","coordinates":[[[-91.76357,42.0351],[-91.76369,42.03581],[-91.76415,42.0356],[-91.76357,42.0351]]]}},{"type":"Feature","properties":{},"geometry":{"type":"Polygon","coordinates":[[[-92.41839,42.48005],[-92.42204,42.47923],[-92.41827,42.4795],[-92.41839,42.48005]]]}},{"type":"Feature","properties":{},"geometry":{"type":"Polygon","coordinates":[[[-92.25478,42.40945],[-92.25691,42.4116],[-92.25491,42.40824],[-92.25478,42.40945]]]}},{"type":"Feature","properties":{},"geometry":{"type":"Polygon","coordinates":[[[-92.22617,42.36169],[-92.22423,42.3618],[-92.22429,42.36336],[-92.22617,42.36169]]]}},{"type":"Feature","properties":{},"geometry":{"type":"Polygon","coordinates":[[[-92.30926,42.20715],[-92.31095,42.20905],[-92.31116,42.20672],[-92.30926,42.20715]]]}},{"type":"Feature","properties":{},"geometry":{"type":"Polygon","coordinates":[[[-92.30485,42.20893],[-92.30366,42.20724],[-92.30427,42.20907],[-92.30485,42.20893]]]}},{"type":"Feature","properties":{},"geometry":{"type":"Polygon","coordinates":[[[-92.94662,41.88134],[-92.94644,41.88328],[-92.94782,41.8815],[-92.94662,41.88134]]]}},{"type":"Feature","properties":{},"geometry":{"type":"Polygon","coordinates":[[[-93.35085,43.05251],[-93.34764,43.04802],[-93.34321,43.04832],[-93.34374,43.05104],[-93.35085,43.05251]]]}},{"type":"Feature","properties":{},"geometry":{"type":"Polygon","coordinates":[[[-92.51618,42.63601],[-92.51392,42.6355],[-92.51571,42.63704],[-92.51618,42.63601]]]}},{"type":"Feature","properties":{},"geometry":{"type":"Polygon","coordinates":[[[-93.02446,42.80753],[-93.02266,42.8081],[-93.02409,42.80814],[-93.02446,42.80753]]]}},{"type":"Feature","properties":{},"geometry":{"type":"Polygon","coordinates":[[[-93.42485,43.49073],[-93.42419,43.48999],[-93.4241,43.49102],[-93.42485,43.49073]]]}},{"type":"Feature","properties":{},"geometry":{"type":"Polygon","coordinates":[[[-91.19302,40.70523],[-91.18866,40.7051],[-91.1947,40.70624],[-91.19302,40.70523]]]}},{"type":"Feature","properties":{},"geometry":{"type":"Polygon","coordinates":[[[-91.1283,40.70434],[-91.12851,40.70321],[-91.12797,40.70349],[-91.1283,40.70434]]]}},{"type":"Feature","properties":{},"geometry":{"type":"Polygon","coordinates":[[[-91.46742,40.68973],[-91.46637,40.68971],[-91.4655,40.69104],[-91.46742,40.68973]]]}},{"type":"Feature","properties":{},"geometry":{"type":"Polygon","coordinates":[[[-91.47142,40.62174],[-91.46956,40.62183],[-91.46956,40.62208],[-91.47142,40.62174]]]}},{"type":"Feature","properties":{},"geometry":{"type":"Polygon","coordinates":[[[-91.73232,41.72855],[-91.72862,41.723],[-91.7308,41.7302],[-91.73232,41.72855]]]}},{"type":"Feature","properties":{},"geometry":{"type":"Polygon","coordinates":[[[-91.5389,41.62941],[-91.54079,41.62927],[-91.53987,41.62826],[-91.5389,41.62941]]]}},{"type":"Feature","properties":{},"geometry":{"type":"Polygon","coordinates":[[[-91.73224,41.6204],[-91.73017,41.62022],[-91.73224,41.6207],[-91.73224,41.6204]]]}},{"type":"Feature","properties":{},"geometry":{"type":"Polygon","coordinates":[[[-91.85748,41.59484],[-91.85583,41.59647],[-91.85717,41.59697],[-91.85748,41.59484]]]}},{"type":"Feature","properties":{},"geometry":{"type":"Polygon","coordinates":[[[-91.9194,41.54991],[-91.91733,41.55002],[-91.91934,41.55011],[-91.9194,41.54991]]]}},{"type":"Feature","properties":{},"geometry":{"type":"Polygon","coordinates":[[[-91.64494,41.53506],[-91.64375,41.53597],[-91.64673,41.53554],[-91.64494,41.53506]]]}},{"type":"Feature","properties":{},"geometry":{"type":"Polygon","coordinates":[[[-91.39211,41.38942],[-91.38889,41.39079],[-91.39242,41.39166],[-91.39211,41.38942]]]}},{"type":"Feature","properties":{},"geometry":{"type":"Polygon","coordinates":[[[-92.15052,41.48263],[-92.14776,41.48154],[-92.148,41.48295],[-92.15052,41.48263]]]}},{"type":"Feature","properties":{},"geometry":{"type":"Polygon","coordinates":[[[-92.24637,41.45757],[-92.2447,41.45739],[-92.245,41.45821],[-92.24637,41.45757]]]}},{"type":"Feature","properties":{},"geometry":{"type":"Polygon","coordinates":[[[-91.15027,40.82911],[-91.14817,40.83014],[-91.15006,40.83261],[-91.15027,40.82911]]]}},{"type":"Feature","properties":{},"geometry":{"type":"Polygon","coordinates":[[[-91.74191,42.34489],[-91.74267,42.33953],[-91.73847,42.3329],[-91.73678,42.33615],[-91.74191,42.34489]]]}},{"type":"Feature","properties":{},"geometry":{"type":"Polygon","coordinates":[[[-93.05029,42.38238],[-93.06492,42.37822],[-93.06663,42.37246],[-93.05029,42.38238]]]}},{"type":"Feature","properties":{},"geometry":{"type":"Polygon","coordinates":[[[-91.09704,41.21074],[-91.09513,41.20996],[-91.0958,41.21163],[-91.09704,41.21074]]]}},{"type":"Feature","properties":{},"geometry":{"type":"Polygon","coordinates":[[[-91.14854,41.50141],[-91.14684,41.49784],[-91.14385,41.5018],[-91.14854,41.50141]]]}},{"type":"Feature","properties":{},"geometry":{"type":"Polygon","coordinates":[[[-90.97161,41.05842],[-90.97305,41.05673],[-90.97432,41.05332],[-90.97161,41.05842]]]}},{"type":"Feature","properties":{},"geometry":{"type":"Polygon","coordinates":[[[-90.99022,41.0058],[-90.98928,41.00253],[-90.98968,41.00626],[-90.99022,41.0058]]]}},{"type":"Feature","properties":{},"geometry":{"type":"Polygon","coordinates":[[[-91.1516,40.83266],[-91.15277,40.83373],[-91.15226,40.83275],[-91.1516,40.83266]]]}},{"type":"Feature","properties":{},"geometry":{"type":"Polygon","coordinates":[[[-91.14457,40.72732],[-91.13555,40.73249],[-91.14213,40.73204],[-91.14457,40.72732]]]}},{"type":"Feature","properties":{},"geometry":{"type":"Polygon","coordinates":[[[-90.99499,41.08725],[-90.98839,41.08288],[-90.98385,41.08179],[-90.98575,41.07877],[-90.96578,41.06396],[-90.98264,41.083],[-90.99499,41.08725]]]}},{"type":"Feature","properties":{},"geometry":{"type":"Polygon","coordinates":[[[-91.13212,40.70944],[-91.12839,40.71545],[-91.13534,40.71284],[-91.13212,40.70944]]]}},{"type":"Feature","properties":{},"geometry":{"type":"Polygon","coordinates":[[[-91.09534,40.83137],[-91.09408,40.82931],[-91.09167,40.83506],[-91.09534,40.83137]]]}},{"type":"Feature","properties":{},"geometry":{"type":"Polygon","coordinates":[[[-90.95977,41.03913],[-90.95862,41.04107],[-90.9598,41.04103],[-90.95977,41.03913]]]}},{"type":"Feature","properties":{},"geometry":{"type":"Polygon","coordinates":[[[-91.49082,40.64297],[-91.48929,40.64417],[-91.49085,40.64334],[-91.49082,40.64297]]]}},{"type":"Feature","properties":{},"geometry":{"type":"Polygon","coordinates":[[[-90.98199,41.03323],[-90.9787,41.03408],[-90.97789,41.03559],[-90.98199,41.03323]]]}},{"type":"Feature","properties":{},"geometry":{"type":"Polygon","coordinates":[[[-92.20036,41.37799],[-92.19927,41.37854],[-92.20137,41.38007],[-92.20036,41.37799]]]}},{"type":"Feature","properties":{},"geometry":{"type":"Polygon","coordinates":[[[-91.43256,40.78988],[-91.43229,40.7883],[-91.42675,40.78707],[-91.43256,40.78988]]]}},{"type":"Feature","properties":{},"geometry":{"type":"Polygon","coordinates":[[[-91.90794,42.61289],[-91.91413,42.61513],[-91.90859,42.61033],[-91.91221,42.60674],[-91.90939,42.60417],[-91.90794,42.61289]]]}},{"type":"Feature","properties":{},"geometry":{"type":"Polygon","coordinates":[[[-92.91919,42.71636],[-92.92021,42.71762],[-92.92431,42.71686],[-92.91919,42.71636]]]}},{"type":"Feature","properties":{},"geometry":{"type":"Polygon","coordinates":[[[-92.42857,41.94701],[-92.42658,41.94287],[-92.42159,41.94587],[-92.42857,41.94701]]]}},{"type":"Feature","properties":{},"geometry":{"type":"Polygon","coordinates":[[[-91.99882,41.80007],[-91.99989,41.80003],[-92.00019,41.79902],[-91.99882,41.80007]]]}},{"type":"Feature","properties":{},"geometry":{"type":"Polygon","coordinates":[[[-92.52124,42.05259],[-92.52389,42.04715],[-92.52163,42.04205],[-92.51558,42.04433],[-92.52124,42.05259]]]}},{"type":"Feature","properties":{},"geometry":{"type":"Polygon","coordinates":[[[-92.00019,41.79902],[-92.00238,41.80165],[-92.00272,41.79916],[-92.00019,41.79902]]]}},{"type":"Feature","properties":{},"geometry":{"type":"Polygon","coordinates":[[[-92.29253,40.99914],[-92.29081,40.99827],[-92.29066,40.99907],[-92.29253,40.99914]]]}},{"type":"Feature","properties":{},"geometry":{"type":"Polygon","coordinates":[[[-93.67655,42.75129],[-93.6741,42.75372],[-93.67714,42.75164],[-93.67655,42.75129]]]}},{"type":"Feature","properties":{},"geometry":{"type":"Polygon","coordinates":[[[-93.67028,42.75077],[-93.66904,42.75397],[-93.67168,42.75267],[-93.67028,42.75077]]]}},{"type":"Feature","properties":{},"geometry":{"type":"Polygon","coordinates":[[[-92.26876,40.98075],[-92.27045,40.98192],[-92.26931,40.97958],[-92.26876,40.98075]]]}},{"type":"Feature","properties":{},"geometry":{"type":"Polygon","coordinates":[[[-93.74983,41.01729],[-93.74914,41.01848],[-93.74986,41.01834],[-93.74983,41.01729]]]}},{"type":"Feature","properties":{},"geometry":{"type":"Polygon","coordinates":[[[-93.74605,41.01734],[-93.74415,41.01711],[-93.7431,41.0183],[-93.74605,41.01734]]]}},{"type":"Feature","properties":{},"geometry":{"type":"Polygon","coordinates":[[[-93.74874,41.01722],[-93.74666,41.01733],[-93.74877,41.01816],[-93.74874,41.01722]]]}},{"type":"Feature","properties":{},"geometry":{"type":"Polygon","coordinates":[[[-94.7383,43.23442],[-94.73545,43.23289],[-94.73533,43.23445],[-94.7383,43.23442]]]}},{"type":"Feature","properties":{},"geometry":{"type":"Polygon","coordinates":[[[-94.84824,42.83604],[-94.84395,42.83738],[-94.84823,42.83976],[-94.84824,42.83604]]]}},{"type":"Feature","properties":{},"geometry":{"type":"Polygon","coordinates":[[[-93.94101,42.732],[-93.93745,42.73567],[-93.94101,42.7356],[-93.94101,42.732]]]}},{"type":"Feature","properties":{},"geometry":{"type":"Polygon","coordinates":[[[-94.661,41.86007],[-94.65934,41.86156],[-94.66305,41.863],[-94.661,41.86007]]]}},{"type":"Feature","properties":{},"geometry":{"type":"Polygon","coordinates":[[[-94.49701,41.65588],[-94.49433,41.65899],[-94.49708,41.65896],[-94.49701,41.65588]]]}},{"type":"Feature","properties":{},"geometry":{"type":"Polygon","coordinates":[[[-93.60189,41.48754],[-93.60606,41.48971],[-93.60612,41.48795],[-93.60189,41.48754]]]}},{"type":"Feature","properties":{},"geometry":{"type":"Polygon","coordinates":[[[-92.6166,41.13984],[-92.61939,41.14337],[-92.61751,41.13948],[-92.6166,41.13984]]]}},{"type":"Feature","properties":{},"geometry":{"type":"Polygon","coordinates":[[[-91.94597,40.73379],[-91.95055,40.73234],[-91.94579,40.73178],[-91.94597,40.73379]]]}},{"type":"Feature","properties":{},"geometry":{"type":"Polygon","coordinates":[[[-94.48023,43.3872],[-94.47904,43.3885],[-94.48024,43.3885],[-94.48023,43.3872]]]}},{"type":"Feature","properties":{},"geometry":{"type":"Polygon","coordinates":[[[-94.48193,43.38836],[-94.48074,43.38724],[-94.48074,43.38836],[-94.48193,43.38836]]]}},{"type":"Feature","properties":{},"geometry":{"type":"Polygon","coordinates":[[[-94.30174,43.37357],[-94.30024,43.37268],[-94.30027,43.37366],[-94.30174,43.37357]]]}},{"type":"Feature","properties":{},"geometry":{"type":"Polygon","coordinates":[[[-94.30177,43.37227],[-94.30027,43.37131],[-94.3003,43.37238],[-94.30177,43.37227]]]}},{"type":"Feature","properties":{},"geometry":{"type":"Polygon","coordinates":[[[-94.21107,43.30205],[-94.20716,43.30256],[-94.21129,43.30237],[-94.21107,43.30205]]]}},{"type":"Feature","properties":{},"geometry":{"type":"Polygon","coordinates":[[[-94.21429,43.18847],[-94.21392,43.19],[-94.21483,43.19002],[-94.21429,43.18847]]]}},{"type":"Feature","properties":{},"geometry":{"type":"Polygon","coordinates":[[[-94.00822,43.09196],[-94.00622,43.09214],[-94.00625,43.09223],[-94.00822,43.09196]]]}},{"type":"Feature","properties":{},"geometry":{"type":"Polygon","coordinates":[[[-94.00934,43.09107],[-94.00775,43.091],[-94.00915,43.09148],[-94.00934,43.09107]]]}},{"type":"Feature","properties":{},"geometry":{"type":"Polygon","coordinates":[[[-93.55954,41.57334],[-93.55914,41.57298],[-93.55899,41.57316],[-93.55954,41.57334]]]}},{"type":"Feature","properties":{},"geometry":{"type":"Polygon","coordinates":[[[-93.55899,41.57234],[-93.55832,41.57252],[-93.55875,41.57268],[-93.55899,41.57234]]]}},{"type":"Feature","properties":{},"geometry":{"type":"Polygon","coordinates":[[[-93.55759,41.57222],[-93.55634,41.57185],[-93.55671,41.57259],[-93.55759,41.57222]]]}},{"type":"Feature","properties":{},"geometry":{"type":"Polygon","coordinates":[[[-93.55668,41.57103],[-93.55537,41.57151],[-93.5554,41.57183],[-93.55668,41.57103]]]}},{"type":"Feature","properties":{},"geometry":{"type":"Polygon","coordinates":[[[-93.55518,41.57108],[-93.55394,41.57039],[-93.55384,41.57075],[-93.55518,41.57108]]]}},{"type":"Feature","properties":{},"geometry":{"type":"Polygon","coordinates":[[[-93.55452,41.56936],[-93.55296,41.56968],[-93.55296,41.56991],[-93.55452,41.56936]]]}},{"type":"Feature","properties":{},"geometry":{"type":"Polygon","coordinates":[[[-93.94568,41.53289],[-93.94459,41.53358],[-93.94574,41.53367],[-93.94568,41.53289]]]}},{"type":"Feature","properties":{},"geometry":{"type":"Polygon","coordinates":[[[-93.47416,41.50349],[-93.47212,41.50558],[-93.47294,41.50564],[-93.47416,41.50349]]]}},{"type":"Feature","properties":{},"geometry":{"type":"Polygon","coordinates":[[[-93.47696,41.50354],[-93.4748,41.50459],[-93.4769,41.50413],[-93.47696,41.50354]]]}},{"type":"Feature","properties":{},"geometry":{"type":"Polygon","coordinates":[[[-93.4768,41.50315],[-93.47501,41.50182],[-93.47486,41.50306],[-93.4768,41.50315]]]}},{"type":"Feature","properties":{},"geometry":{"type":"Polygon","coordinates":[[[-93.47437,41.5018],[-93.47233,41.50306],[-93.47428,41.50299],[-93.47437,41.5018]]]}},{"type":"Feature","properties":{},"geometry":{"type":"Polygon","coordinates":[[[-93.59001,41.50227],[-93.5891,41.50122],[-93.58919,41.50227],[-93.59001,41.50227]]]}},{"type":"Feature","properties":{},"geometry":{"type":"Polygon","coordinates":[[[-93.58867,41.50223],[-93.58779,41.50138],[-93.58785,41.50225],[-93.58867,41.50223]]]}},{"type":"Feature","properties":{},"geometry":{"type":"Polygon","coordinates":[[[-93.68133,41.87057],[-93.67897,41.87157],[-93.68142,41.87164],[-93.68133,41.87057]]]}},{"type":"Feature","properties":{},"geometry":{"type":"Polygon","coordinates":[[[-93.68029,41.86901],[-93.679,41.87006],[-93.68102,41.87006],[-93.68029,41.86901]]]}},{"type":"Feature","properties":{},"geometry":{"type":"Polygon","coordinates":[[[-93.93777,41.84416],[-93.9366,41.84483],[-93.93774,41.84485],[-93.93777,41.84416]]]}},{"type":"Feature","properties":{},"geometry":{"type":"Polygon","coordinates":[[[-93.93706,41.84277],[-93.93611,41.84364],[-93.93749,41.8437],[-93.93706,41.84277]]]}},{"type":"Feature","properties":{},"geometry":{"type":"Polygon","coordinates":[[[-93.70703,41.76605],[-93.70544,41.76536],[-93.70544,41.76598],[-93.70703,41.76605]]]}},{"type":"Feature","properties":{},"geometry":{"type":"Polygon","coordinates":[[[-93.70608,41.7642],[-93.70534,41.765],[-93.70702,41.76509],[-93.70608,41.7642]]]}},{"type":"Feature","properties":{},"geometry":{"type":"Polygon","coordinates":[[[-94.36396,41.68486],[-94.36207,41.68543],[-94.36463,41.68543],[-94.36396,41.68486]]]}},{"type":"Feature","properties":{},"geometry":{"type":"Polygon","coordinates":[[[-94.3646,41.68458],[-94.36357,41.68417],[-94.36436,41.68463],[-94.3646,41.68458]]]}},{"type":"Feature","properties":{},"geometry":{"type":"Polygon","coordinates":[[[-94.20113,41.57656],[-94.19924,41.57714],[-94.20082,41.57739],[-94.20113,41.57656]]]}},{"type":"Feature","properties":{},"geometry":{"type":"Polygon","coordinates":[[[-94.20314,41.57652],[-94.20137,41.57707],[-94.20287,41.57739],[-94.20314,41.57652]]]}},{"type":"Feature","properties":{},"geometry":{"type":"Polygon","coordinates":[[[-94.26404,41.56279],[-94.26283,41.56194],[-94.26283,41.56281],[-94.26404,41.56279]]]}},{"type":"Feature","properties":{},"geometry":{"type":"Polygon","coordinates":[[[-94.22755,41.50597],[-94.22707,41.50778],[-94.22755,41.50778],[-94.22755,41.50597]]]}},{"type":"Feature","properties":{},"geometry":{"type":"Polygon","coordinates":[[[-94.22667,41.50597],[-94.22618,41.50778],[-94.22667,41.50778],[-94.22667,41.50597]]]}},{"type":"Feature","properties":{},"geometry":{"type":"Polygon","coordinates":[[[-93.66929,41.4552],[-93.6675,41.45225],[-93.66753,41.45516],[-93.66929,41.4552]]]}},{"type":"Feature","properties":{},"geometry":{"type":"Polygon","coordinates":[[[-93.22756,41.23083],[-93.22635,41.23197],[-93.22747,41.23195],[-93.22756,41.23083]]]}},{"type":"Feature","properties":{},"geometry":{"type":"Polygon","coordinates":[[[-94.82317,42.42346],[-94.82098,42.42243],[-94.82119,42.42444],[-94.82317,42.42346]]]}},{"type":"Feature","properties":{},"geometry":{"type":"Polygon","coordinates":[[[-94.82033,42.42229],[-94.81897,42.42394],[-94.82033,42.42435],[-94.82033,42.42229]]]}},{"type":"Feature","properties":{},"geometry":{"type":"Polygon","coordinates":[[[-94.04716,42.35142],[-94.04593,42.35295],[-94.04685,42.353],[-94.04716,42.35142]]]}},{"type":"Feature","properties":{},"geometry":{"type":"Polygon","coordinates":[[[-94.97926,42.19744],[-94.97865,42.1981],[-94.9796,42.19808],[-94.97926,42.19744]]]}},{"type":"Feature","properties":{},"geometry":{"type":"Polygon","coordinates":[[[-95.16053,42.60001],[-95.15864,42.60205],[-95.16075,42.60209],[-95.16053,42.60001]]]}},{"type":"Feature","properties":{},"geometry":{"type":"Polygon","coordinates":[[[-95.15975,42.59658],[-95.15601,42.59578],[-95.15601,42.59667],[-95.15975,42.59658]]]}},{"type":"Feature","properties":{},"geometry":{"type":"Polygon","coordinates":[[[-94.43387,42.60987],[-94.42736,42.60679],[-94.42615,42.60827],[-94.43387,42.60987]]]}},{"type":"Feature","properties":{},"geometry":{"type":"Polygon","coordinates":[[[-94.23892,42.59516],[-94.237,42.59622],[-94.23889,42.5964],[-94.23892,42.59516]]]}},{"type":"Feature","properties":{},"geometry":{"type":"Polygon","coordinates":[[[-94.18046,42.58604],[-94.19148,42.58985],[-94.19417,42.58715],[-94.19389,42.58559],[-94.19002,42.58365],[-94.18046,42.58604]]]}},{"type":"Feature","properties":{},"geometry":{"type":"Polygon","coordinates":[[[-94.20331,42.56303],[-94.20182,42.56306],[-94.20235,42.56439],[-94.20331,42.56303]]]}},{"type":"Feature","properties":{},"geometry":{"type":"Polygon","coordinates":[[[-94.22402,42.55492],[-94.22031,42.55278],[-94.22046,42.55447],[-94.22402,42.55492]]]}},{"type":"Feature","properties":{},"geometry":{"type":"Polygon","coordinates":[[[-94.04356,42.55464],[-94.03945,42.55489],[-94.04452,42.55576],[-94.04356,42.55464]]]}},{"type":"Feature","properties":{},"geometry":{"type":"Polygon","coordinates":[[[-94.281,42.54992],[-94.2793,42.5486],[-94.27889,42.54951],[-94.281,42.54992]]]}},{"type":"Feature","properties":{},"geometry":{"type":"Polygon","coordinates":[[[-94.20099,42.54547],[-94.19843,42.5462],[-94.20199,42.54748],[-94.20099,42.54547]]]}},{"type":"Feature","properties":{},"geometry":{"type":"Polygon","coordinates":[[[-94.22011,42.54349],[-94.22124,42.5377],[-94.2205,42.53724],[-94.22011,42.54349]]]}},{"type":"Feature","properties":{},"geometry":{"type":"Polygon","coordinates":[[[-94.271,42.53427],[-94.26955,42.53345],[-94.26998,42.53496],[-94.271,42.53427]]]}},{"type":"Feature","properties":{},"geometry":{"type":"Polygon","coordinates":[[[-94.86497,42.95161],[-94.88477,42.94063],[-94.85921,42.94584],[-94.86497,42.95161]]]}},{"type":"Feature","properties":{},"geometry":{"type":"Polygon","coordinates":[[[-94.75536,42.85258],[-94.75424,42.85146],[-94.75172,42.85345],[-94.75536,42.85258]]]}},{"type":"Feature","properties":{},"geometry":{"type":"Polygon","coordinates":[[[-94.82761,43.49635],[-94.82721,43.48124],[-94.82151,43.49596],[-94.82761,43.49635]]]}},{"type":"Feature","properties":{},"geometry":{"type":"Polygon","coordinates":[[[-94.93858,43.47423],[-94.92549,43.47661],[-94.93999,43.47745],[-94.93858,43.47423]]]}},{"type":"Feature","properties":{},"geometry":{"type":"Polygon","coordinates":[[[-94.94487,43.46439],[-94.95194,43.4626],[-94.95029,43.4546],[-94.94226,43.45586],[-94.94487,43.46439]]]}},{"type":"Feature","properties":{},"geometry":{"type":"Polygon","coordinates":[[[-94.95486,43.4634],[-94.95798,43.45592],[-94.95547,43.45636],[-94.95486,43.4634]]]}},{"type":"Feature","properties":{},"geometry":{"type":"Polygon","coordinates":[[[-94.99652,43.45428],[-94.99533,43.45534],[-94.99662,43.4552],[-94.99652,43.45428]]]}},{"type":"Feature","properties":{},"geometry":{"type":"Polygon","coordinates":[[[-94.90365,43.38987],[-94.90105,43.39525],[-94.91538,43.39531],[-94.90365,43.38987]]]}},{"type":"Feature","properties":{},"geometry":{"type":"Polygon","coordinates":[[[-94.87988,43.38132],[-94.87988,43.38041],[-94.87029,43.38116],[-94.87988,43.38132]]]}},{"type":"Feature","properties":{},"geometry":{"type":"Polygon","coordinates":[[[-94.88223,43.36916],[-94.88179,43.3768],[-94.88919,43.37632],[-94.88963,43.373],[-94.88223,43.36916]]]}},{"type":"Feature","properties":{},"geometry":{"type":"Polygon","coordinates":[[[-94.489,42.67341],[-94.48646,42.67339],[-94.48495,42.67559],[-94.489,42.67341]]]}},{"type":"Feature","properties":{},"geometry":{"type":"MultiPolygon","coordinates":[[[[-94.65253,43.36886],[-94.68568,43.35871],[-94.69454,43.34965],[-94.6717,43.3506],[-94.66146,43.36392],[-94.64939,43.35736],[-94.64369,43.35916],[-94.6436,43.36095],[-94.64849,43.36488],[-94.6525,43.36394],[-94.65253,43.36886]]],[[[-94.64755,43.36099],[-94.64466,43.35951],[-94.64498,43.36141],[-94.64755,43.36099]]],[[[-94.67246,43.35856],[-94.6691,43.35708],[-94.66895,43.35927],[-94.67246,43.35856]]]]}},{"type":"Feature","properties":{},"geometry":{"type":"Polygon","coordinates":[[[-94.67284,43.32817],[-94.67015,43.32954],[-94.67369,43.33009],[-94.67284,43.32817]]]}},{"type":"Feature","properties":{},"geometry":{"type":"Polygon","coordinates":[[[-94.67698,43.33011],[-94.67557,43.32876],[-94.67444,43.32959],[-94.67698,43.33011]]]}},{"type":"Feature","properties":{},"geometry":{"type":"Polygon","coordinates":[[[-94.69899,43.3282],[-94.69282,43.32583],[-94.6948,43.32971],[-94.69899,43.3282]]]}},{"type":"Feature","properties":{},"geometry":{"type":"MultiPolygon","coordinates":[[[[-94.70515,43.31624],[-94.69046,43.31264],[-94.68515,43.32554],[-94.70008,43.32184],[-94.70515,43.31624]]],[[[-94.69459,43.3151],[-94.69328,43.31538],[-94.69353,43.31613],[-94.69459,43.3151]]]]}},{"type":"Feature","properties":{},"geometry":{"type":"Polygon","coordinates":[[[-94.71524,43.31811],[-94.7086,43.32083],[-94.71427,43.32165],[-94.71524,43.31811]]]}},{"type":"Feature","properties":{},"geometry":{"type":"Polygon","coordinates":[[[-94.71003,43.31532],[-94.72718,43.30605],[-94.73055,43.3027],[-94.70112,43.29896],[-94.71003,43.31532]]]}},{"type":"Feature","properties":{},"geometry":{"type":"Polygon","coordinates":[[[-94.68487,43.30212],[-94.67971,43.30034],[-94.68081,43.30814],[-94.68487,43.30212]]]}},{"type":"Feature","properties":{},"geometry":{"type":"Polygon","coordinates":[[[-94.73669,43.30059],[-94.73068,43.30209],[-94.73654,43.304],[-94.73669,43.30059]]]}},{"type":"Feature","properties":{},"geometry":{"type":"Polygon","coordinates":[[[-94.87311,43.29505],[-94.88056,43.28454],[-94.86553,43.29377],[-94.87311,43.29505]]]}},{"type":"Feature","properties":{},"geometry":{"type":"Polygon","coordinates":[[[-94.75138,43.28653],[-94.74434,43.29187],[-94.75338,43.28877],[-94.75138,43.28653]]]}},{"type":"Feature","properties":{},"geometry":{"type":"Polygon","coordinates":[[[-94.88106,43.28376],[-94.88084,43.28207],[-94.87905,43.28376],[-94.88106,43.28376]]]}},{"type":"Feature","properties":{},"geometry":{"type":"Polygon","coordinates":[[[-94.77125,43.2688],[-94.76563,43.26299],[-94.77038,43.26951],[-94.77125,43.2688]]]}},{"type":"Feature","properties":{},"geometry":{"type":"Polygon","coordinates":[[[-94.8278,43.26111],[-94.82984,43.25944],[-94.82755,43.25951],[-94.8278,43.26111]]]}},{"type":"Feature","properties":{},"geometry":{"type":"Polygon","coordinates":[[[-94.64001,43.17693],[-94.65182,43.16805],[-94.64579,43.16851],[-94.64794,43.15945],[-94.65613,43.16256],[-94.66139,43.13994],[-94.67531,43.13365],[-94.67945,43.11551],[-94.64063,43.15955],[-94.64623,43.17029],[-94.64001,43.17693]]]}},{"type":"Feature","properties":{},"geometry":{"type":"Polygon","coordinates":[[[-94.70637,43.10663],[-94.70379,43.10818],[-94.70728,43.10811],[-94.70637,43.10663]]]}},{"type":"Feature","properties":{},"geometry":{"type":"Polygon","coordinates":[[[-94.70467,43.09464],[-94.70171,43.09691],[-94.70452,43.09691],[-94.70467,43.09464]]]}},{"type":"Feature","properties":{},"geometry":{"type":"Polygon","coordinates":[[[-94.6946,43.09696],[-94.69082,43.09461],[-94.69023,43.09644],[-94.6946,43.09696]]]}},{"type":"Feature","properties":{},"geometry":{"type":"Polygon","coordinates":[[[-94.87458,43.03385],[-94.8733,43.036],[-94.87517,43.03493],[-94.87458,43.03385]]]}},{"type":"Feature","properties":{},"geometry":{"type":"Polygon","coordinates":[[[-94.86841,43.02324],[-94.86676,43.02208],[-94.86694,43.02395],[-94.86841,43.02324]]]}},{"type":"Feature","properties":{},"geometry":{"type":"Polygon","coordinates":[[[-95.00339,43.48953],[-95.00204,43.48998],[-95.00402,43.48998],[-95.00339,43.48953]]]}},{"type":"Feature","properties":{},"geometry":{"type":"Polygon","coordinates":[[[-94.64883,42.99542],[-94.64758,42.9938],[-94.64509,42.99714],[-94.64883,42.99542]]]}},{"type":"Feature","properties":{},"geometry":{"type":"Polygon","coordinates":[[[-94.53238,42.98762],[-94.53506,42.98737],[-94.53485,42.98588],[-94.53238,42.98762]]]}},{"type":"Feature","properties":{},"geometry":{"type":"Polygon","coordinates":[[[-94.53089,42.98613],[-94.52827,42.98691],[-94.53067,42.98817],[-94.53089,42.98613]]]}},{"type":"Feature","properties":{},"geometry":{"type":"Polygon","coordinates":[[[-94.5341,42.98357],[-94.53242,42.98426],[-94.53426,42.98451],[-94.5341,42.98357]]]}},{"type":"Feature","properties":{},"geometry":{"type":"Polygon","coordinates":[[[-94.5277,42.95338],[-94.52633,42.95219],[-94.52608,42.95297],[-94.5277,42.95338]]]}},{"type":"Feature","properties":{},"geometry":{"type":"Polygon","coordinates":[[[-94.52317,42.94359],[-94.52594,42.94458],[-94.52236,42.94126],[-94.52317,42.94359]]]}},{"type":"Feature","properties":{},"geometry":{"type":"Polygon","coordinates":[[[-94.53006,42.93589],[-94.52614,42.93426],[-94.53059,42.93696],[-94.53006,42.93589]]]}},{"type":"Feature","properties":{},"geometry":{"type":"Polygon","coordinates":[[[-94.51565,42.93288],[-94.51397,42.93318],[-94.51565,42.93327],[-94.51565,42.93288]]]}},{"type":"Feature","properties":{},"geometry":{"type":"Polygon","coordinates":[[[-94.45241,42.88298],[-94.44986,42.8844],[-94.44977,42.88511],[-94.45241,42.88298]]]}},{"type":"Feature","properties":{},"geometry":{"type":"Polygon","coordinates":[[[-94.42781,42.80864],[-94.42666,42.81043],[-94.43061,42.8115],[-94.42781,42.80864]]]}},{"type":"Feature","properties":{},"geometry":{"type":"Polygon","coordinates":[[[-94.38581,42.78611],[-94.38311,42.78368],[-94.38009,42.78535],[-94.38581,42.78611]]]}},{"type":"Feature","properties":{},"geometry":{"type":"Polygon","coordinates":[[[-94.36249,42.78011],[-94.36085,42.77728],[-94.36112,42.77897],[-94.36249,42.78011]]]}},{"type":"Feature","properties":{},"geometry":{"type":"Polygon","coordinates":[[[-94.32242,42.7707],[-94.3208,42.76976],[-94.31993,42.77038],[-94.32242,42.7707]]]}},{"type":"Feature","properties":{},"geometry":{"type":"Polygon","coordinates":[[[-94.46016,42.75719],[-94.45889,42.75593],[-94.45864,42.75621],[-94.46016,42.75719]]]}},{"type":"Feature","properties":{},"geometry":{"type":"Polygon","coordinates":[[[-94.45908,42.75495],[-94.45647,42.75408],[-94.45647,42.75502],[-94.45908,42.75495]]]}},{"type":"Feature","properties":{},"geometry":{"type":"MultiPolygon","coordinates":[[[[-94.27948,42.75194],[-94.27392,42.75219],[-94.27287,42.75304],[-94.27817,42.75567],[-94.28091,42.75288],[-94.27948,42.75194]]],[[[-94.27768,42.75402],[-94.2761,42.75265],[-94.27457,42.75308],[-94.27768,42.75402]]]]}},{"type":"Feature","properties":{},"geometry":{"type":"Polygon","coordinates":[[[-94.29165,42.75081],[-94.29169,42.74956],[-94.29144,42.74999],[-94.29165,42.75081]]]}},{"type":"Feature","properties":{},"geometry":{"type":"Polygon","coordinates":[[[-94.22948,42.74185],[-94.22836,42.74034],[-94.22814,42.74153],[-94.22948,42.74185]]]}},{"type":"Feature","properties":{},"geometry":{"type":"Polygon","coordinates":[[[-94.14351,42.81464],[-94.14012,42.81478],[-94.14009,42.81508],[-94.14351,42.81464]]]}},{"type":"Feature","properties":{},"geometry":{"type":"Polygon","coordinates":[[[-94.11844,42.78111],[-94.11636,42.78132],[-94.11853,42.78178],[-94.11844,42.78111]]]}},{"type":"Feature","properties":{},"geometry":{"type":"Polygon","coordinates":[[[-93.78458,43.3224],[-93.78342,43.32068],[-93.78279,43.32121],[-93.78458,43.3224]]]}},{"type":"Feature","properties":{},"geometry":{"type":"Polygon","coordinates":[[[-94.56856,43.4758],[-94.56514,43.47666],[-94.56853,43.47639],[-94.56856,43.4758]]]}},{"type":"Feature","properties":{},"geometry":{"type":"Polygon","coordinates":[[[-93.89661,43.10338],[-93.89518,43.105],[-93.89571,43.10512],[-93.89661,43.10338]]]}},{"type":"Feature","properties":{},"geometry":{"type":"Polygon","coordinates":[[[-93.89792,43.10416],[-93.89742,43.10269],[-93.89661,43.10427],[-93.89792,43.10416]]]}},{"type":"Feature","properties":{},"geometry":{"type":"Polygon","coordinates":[[[-93.89421,43.10153],[-93.89358,43.10196],[-93.89521,43.10201],[-93.89421,43.10153]]]}},{"type":"Feature","properties":{},"geometry":{"type":"Polygon","coordinates":[[[-93.8939,43.09878],[-93.89205,43.10077],[-93.89333,43.10075],[-93.8939,43.09878]]]}},{"type":"Feature","properties":{},"geometry":{"type":"Polygon","coordinates":[[[-93.8997,43.09613],[-93.89714,43.09679],[-93.90007,43.09663],[-93.8997,43.09613]]]}},{"type":"Feature","properties":{},"geometry":{"type":"Polygon","coordinates":[[[-93.90566,43.09661],[-93.90479,43.0954],[-93.90363,43.09592],[-93.90566,43.09661]]]}},{"type":"Feature","properties":{},"geometry":{"type":"Polygon","coordinates":[[[-93.90719,43.09462],[-93.9056,43.09338],[-93.90475,43.09464],[-93.90719,43.09462]]]}},{"type":"Feature","properties":{},"geometry":{"type":"Polygon","coordinates":[[[-94.18738,43.13195],[-94.18401,43.13214],[-94.18348,43.13337],[-94.18738,43.13195]]]}},{"type":"Feature","properties":{},"geometry":{"type":"Polygon","coordinates":[[[-94.19235,43.1282],[-94.19078,43.12893],[-94.1925,43.12889],[-94.19235,43.1282]]]}},{"type":"Feature","properties":{},"geometry":{"type":"Polygon","coordinates":[[[-94.16052,43.11774],[-94.16152,43.12266],[-94.16487,43.12529],[-94.1743,43.1272],[-94.18107,43.12553],[-94.16052,43.11774]]]}},{"type":"Feature","properties":{},"geometry":{"type":"Polygon","coordinates":[[[-94.23469,43.07975],[-94.23226,43.08193],[-94.23469,43.08014],[-94.23469,43.07975]]]}},{"type":"Feature","properties":{},"geometry":{"type":"Polygon","coordinates":[[[-94.2508,43.06158],[-94.24819,43.05957],[-94.24835,43.0622],[-94.2508,43.06158]]]}},{"type":"Feature","properties":{},"geometry":{"type":"Polygon","coordinates":[[[-94.24616,43.059],[-94.24351,43.05857],[-94.24345,43.05886],[-94.24616,43.059]]]}},{"type":"Feature","properties":{},"geometry":{"type":"Polygon","coordinates":[[[-93.94971,42.35188],[-93.94998,42.35098],[-93.94961,42.35105],[-93.94971,42.35188]]]}},{"type":"Feature","properties":{},"geometry":{"type":"Polygon","coordinates":[[[-93.97223,42.33848],[-93.97158,42.33912],[-93.97325,42.34033],[-93.97223,42.33848]]]}},{"type":"Feature","properties":{},"geometry":{"type":"Polygon","coordinates":[[[-93.96905,42.33535],[-93.96714,42.33505],[-93.9705,42.3369],[-93.96905,42.33535]]]}},{"type":"Feature","properties":{},"geometry":{"type":"Polygon","coordinates":[[[-93.93228,42.31074],[-93.93187,42.3095],[-93.93154,42.31049],[-93.93228,42.31074]]]}},{"type":"Feature","properties":{},"geometry":{"type":"Polygon","coordinates":[[[-93.93498,42.30248],[-93.93372,42.30296],[-93.93507,42.30426],[-93.93498,42.30248]]]}},{"type":"Feature","properties":{},"geometry":{"type":"Polygon","coordinates":[[[-93.97494,42.26194],[-93.97417,42.26169],[-93.97414,42.26208],[-93.97494,42.26194]]]}},{"type":"Feature","properties":{},"geometry":{"type":"Polygon","coordinates":[[[-93.96588,42.22727],[-93.9652,42.2267],[-93.96495,42.22724],[-93.96588,42.22727]]]}},{"type":"Feature","properties":{},"geometry":{"type":"Polygon","coordinates":[[[-93.93483,42.17637],[-93.93453,42.17699],[-93.93631,42.17614],[-93.93483,42.17637]]]}},{"type":"Feature","properties":{},"geometry":{"type":"Polygon","coordinates":[[[-93.90872,42.11318],[-93.90783,42.11336],[-93.90854,42.11359],[-93.90872,42.11318]]]}},{"type":"Feature","properties":{},"geometry":{"type":"Polygon","coordinates":[[[-93.94395,42.10898],[-93.94303,42.10843],[-93.94309,42.10895],[-93.94395,42.10898]]]}},{"type":"Feature","properties":{},"geometry":{"type":"Polygon","coordinates":[[[-93.93847,42.05953],[-93.93681,42.05907],[-93.93681,42.05925],[-93.93847,42.05953]]]}},{"type":"Feature","properties":{},"geometry":{"type":"Polygon","coordinates":[[[-93.81895,42.0392],[-93.81702,42.0373],[-93.81822,42.03947],[-93.81895,42.0392]]]}},{"type":"Feature","properties":{},"geometry":{"type":"Polygon","coordinates":[[[-93.94115,42.03731],[-93.9343,42.0372],[-93.93421,42.03835],[-93.94115,42.03731]]]}},{"type":"Feature","properties":{},"geometry":{"type":"Polygon","coordinates":[[[-93.93357,42.03654],[-93.93228,42.03551],[-93.93234,42.03631],[-93.93357,42.03654]]]}},{"type":"Feature","properties":{},"geometry":{"type":"Polygon","coordinates":[[[-93.93685,42.03528],[-93.93568,42.03581],[-93.937,42.03537],[-93.93685,42.03528]]]}},{"type":"Feature","properties":{},"geometry":{"type":"Polygon","coordinates":[[[-93.9771,42.03234],[-93.9763,42.03189],[-93.97603,42.03271],[-93.9771,42.03234]]]}},{"type":"Feature","properties":{},"geometry":{"type":"Polygon","coordinates":[[[-93.8686,42.02672],[-93.86725,42.02676],[-93.86854,42.02761],[-93.8686,42.02672]]]}},{"type":"Feature","properties":{},"geometry":{"type":"Polygon","coordinates":[[[-93.95524,42.019],[-93.95552,42.02028],[-93.95616,42.01951],[-93.95524,42.019]]]}},{"type":"Feature","properties":{},"geometry":{"type":"Polygon","coordinates":[[[-93.8513,42.01734],[-93.85035,42.01699],[-93.85038,42.01718],[-93.8513,42.01734]]]}},{"type":"Feature","properties":{},"geometry":{"type":"Polygon","coordinates":[[[-93.94578,42.01487],[-93.9444,42.01423],[-93.94355,42.01446],[-93.94578,42.01487]]]}},{"type":"Feature","properties":{},"geometry":{"type":"Polygon","coordinates":[[[-93.95443,42.01306],[-93.95321,42.01246],[-93.95333,42.01299],[-93.95443,42.01306]]]}},{"type":"Feature","properties":{},"geometry":{"type":"Polygon","coordinates":[[[-94.40391,42.1057],[-94.40188,42.10978],[-94.40671,42.10765],[-94.40391,42.1057]]]}},{"type":"Feature","properties":{},"geometry":{"type":"Polygon","coordinates":[[[-94.39964,42.10895],[-94.39663,42.10989],[-94.40013,42.10982],[-94.39964,42.10895]]]}},{"type":"Feature","properties":{},"geometry":{"type":"Polygon","coordinates":[[[-94.95553,42.14083],[-94.95492,42.14024],[-94.95492,42.14079],[-94.95553,42.14083]]]}},{"type":"Feature","properties":{},"geometry":{"type":"Polygon","coordinates":[[[-94.23931,42.4993],[-94.23869,42.4977],[-94.23801,42.49944],[-94.23931,42.4993]]]}},{"type":"Feature","properties":{},"geometry":{"type":"Polygon","coordinates":[[[-94.9048,42.1404],[-94.90563,42.14031],[-94.9048,42.1399],[-94.9048,42.1404]]]}},{"type":"Feature","properties":{},"geometry":{"type":"Polygon","coordinates":[[[-94.12574,42.49783],[-94.12411,42.49696],[-94.12432,42.49803],[-94.12574,42.49783]]]}},{"type":"Feature","properties":{},"geometry":{"type":"Polygon","coordinates":[[[-94.14086,42.49435],[-94.13956,42.49522],[-94.14222,42.49726],[-94.14086,42.49435]]]}},{"type":"Feature","properties":{},"geometry":{"type":"Polygon","coordinates":[[[-94.13635,42.49225],[-94.13517,42.49154],[-94.13483,42.49209],[-94.13635,42.49225]]]}},{"type":"Feature","properties":{},"geometry":{"type":"Polygon","coordinates":[[[-94.90235,42.08641],[-94.90158,42.08609],[-94.90189,42.08673],[-94.90235,42.08641]]]}},{"type":"Feature","properties":{},"geometry":{"type":"Polygon","coordinates":[[[-94.16931,42.47902],[-94.16826,42.47874],[-94.16493,42.48117],[-94.16931,42.47902]]]}},{"type":"Feature","properties":{},"geometry":{"type":"Polygon","coordinates":[[[-94.20173,42.4798],[-94.20043,42.47973],[-94.20077,42.48019],[-94.20173,42.4798]]]}},{"type":"Feature","properties":{},"geometry":{"type":"Polygon","coordinates":[[[-94.16264,42.47813],[-94.16122,42.47868],[-94.16128,42.47996],[-94.16264,42.47813]]]}},{"type":"Feature","properties":{},"geometry":{"type":"Polygon","coordinates":[[[-94.90084,42.08465],[-94.89882,42.08504],[-94.90087,42.08565],[-94.90084,42.08465]]]}},{"type":"Feature","properties":{},"geometry":{"type":"Polygon","coordinates":[[[-94.17051,42.4738],[-94.16705,42.4749],[-94.17061,42.47501],[-94.17051,42.4738]]]}},{"type":"Feature","properties":{},"geometry":{"type":"Polygon","coordinates":[[[-94.79659,42.07758],[-94.79496,42.07701],[-94.79508,42.07753],[-94.79659,42.07758]]]}},{"type":"Feature","properties":{},"geometry":{"type":"Polygon","coordinates":[[[-94.78885,42.07659],[-94.78772,42.076],[-94.78768,42.07664],[-94.78885,42.07659]]]}},{"type":"Feature","properties":{},"geometry":{"type":"Polygon","coordinates":[[[-94.82739,42.058],[-94.82494,42.0563],[-94.82469,42.05692],[-94.82739,42.058]]]}},{"type":"Feature","properties":{},"geometry":{"type":"Polygon","coordinates":[[[-94.68169,42.04767],[-94.68206,42.0468],[-94.68104,42.0474],[-94.68169,42.04767]]]}},{"type":"Feature","properties":{},"geometry":{"type":"Polygon","coordinates":[[[-94.1559,42.47216],[-94.15339,42.47136],[-94.15309,42.47196],[-94.1559,42.47216]]]}},{"type":"Feature","properties":{},"geometry":{"type":"Polygon","coordinates":[[[-94.15426,42.46955],[-94.15166,42.47042],[-94.15228,42.4712],[-94.15426,42.46955]]]}},{"type":"Feature","properties":{},"geometry":{"type":"Polygon","coordinates":[[[-94.07153,42.46047],[-94.06977,42.45887],[-94.06949,42.45999],[-94.07153,42.46047]]]}},{"type":"Feature","properties":{},"geometry":{"type":"Polygon","coordinates":[[[-94.66381,42.01095],[-94.66402,42.01456],[-94.66476,42.0149],[-94.66381,42.01095]]]}},{"type":"Feature","properties":{},"geometry":{"type":"Polygon","coordinates":[[[-94.81283,42.00797],[-94.81372,42.00868],[-94.81406,42.00788],[-94.81283,42.00797]]]}},{"type":"Feature","properties":{},"geometry":{"type":"Polygon","coordinates":[[[-94.81685,42.00674],[-94.81427,42.00596],[-94.81449,42.00731],[-94.81685,42.00674]]]}},{"type":"Feature","properties":{},"geometry":{"type":"Polygon","coordinates":[[[-94.35,42.43591],[-94.3488,42.43724],[-94.3508,42.43703],[-94.35,42.43591]]]}},{"type":"Feature","properties":{},"geometry":{"type":"Polygon","coordinates":[[[-94.0251,42.12854],[-94.02624,42.12156],[-94.024,42.12003],[-94.01703,42.12158],[-94.02435,42.11545],[-94.01812,42.11149],[-94.01451,42.12016],[-94.0251,42.12854]]]}},{"type":"Feature","properties":{},"geometry":{"type":"Polygon","coordinates":[[[-94.14281,42.09628],[-94.14051,42.09619],[-94.14192,42.0977],[-94.14281,42.09628]]]}},{"type":"Feature","properties":{},"geometry":{"type":"Polygon","coordinates":[[[-94.00927,42.07985],[-94.00739,42.07971],[-94.00693,42.08188],[-94.00927,42.07985]]]}},{"type":"Feature","properties":{},"geometry":{"type":"Polygon","coordinates":[[[-94.01008,42.07262],[-94.01075,42.07422],[-94.01081,42.07271],[-94.01008,42.07262]]]}},{"type":"Feature","properties":{},"geometry":{"type":"Polygon","coordinates":[[[-94.01984,42.01725],[-94.01889,42.01638],[-94.01852,42.01702],[-94.01984,42.01725]]]}},{"type":"Feature","properties":{},"geometry":{"type":"Polygon","coordinates":[[[-94.60079,42.42612],[-94.59896,42.42649],[-94.60072,42.4269],[-94.60079,42.42612]]]}},{"type":"Feature","properties":{},"geometry":{"type":"Polygon","coordinates":[[[-94.86901,42.40307],[-94.86783,42.40243],[-94.86762,42.40335],[-94.86901,42.40307]]]}},{"type":"Feature","properties":{},"geometry":{"type":"Polygon","coordinates":[[[-94.71527,42.37728],[-94.71064,42.37802],[-94.71475,42.37882],[-94.71527,42.37728]]]}},{"type":"Feature","properties":{},"geometry":{"type":"Polygon","coordinates":[[[-94.99728,42.36081],[-94.99605,42.35999],[-94.99583,42.3607],[-94.99728,42.36081]]]}},{"type":"Feature","properties":{},"geometry":{"type":"Polygon","coordinates":[[[-94.99669,42.35894],[-94.99475,42.35926],[-94.99691,42.35944],[-94.99669,42.35894]]]}},{"type":"Feature","properties":{},"geometry":{"type":"Polygon","coordinates":[[[-94.97788,42.33698],[-94.9772,42.3376],[-94.97794,42.33755],[-94.97788,42.33698]]]}},{"type":"Feature","properties":{},"geometry":{"type":"Polygon","coordinates":[[[-94.97891,42.3263],[-94.97768,42.32584],[-94.97793,42.32783],[-94.97891,42.3263]]]}},{"type":"Feature","properties":{},"geometry":{"type":"Polygon","coordinates":[[[-94.97663,42.32669],[-94.97586,42.32619],[-94.97573,42.32637],[-94.97663,42.32669]]]}},{"type":"Feature","properties":{},"geometry":{"type":"Polygon","coordinates":[[[-94.94806,42.3225],[-94.9471,42.32305],[-94.94821,42.32358],[-94.94806,42.3225]]]}},{"type":"Feature","properties":{},"geometry":{"type":"Polygon","coordinates":[[[-94.80907,42.32214],[-94.8071,42.32363],[-94.80839,42.32443],[-94.80907,42.32214]]]}},{"type":"Feature","properties":{},"geometry":{"type":"Polygon","coordinates":[[[-94.96506,42.32089],[-94.96346,42.32121],[-94.96497,42.32146],[-94.96506,42.32089]]]}},{"type":"Feature","properties":{},"geometry":{"type":"Polygon","coordinates":[[[-94.95668,42.31985],[-94.95603,42.31948],[-94.95619,42.32005],[-94.95668,42.31985]]]}},{"type":"Feature","properties":{},"geometry":{"type":"Polygon","coordinates":[[[-94.91606,42.30578],[-94.91652,42.30313],[-94.91584,42.30425],[-94.91606,42.30578]]]}},{"type":"Feature","properties":{},"geometry":{"type":"Polygon","coordinates":[[[-94.91063,42.29531],[-94.90906,42.29556],[-94.91063,42.29545],[-94.91063,42.29531]]]}},{"type":"Feature","properties":{},"geometry":{"type":"Polygon","coordinates":[[[-94.88753,42.29525],[-94.88654,42.29364],[-94.887,42.29554],[-94.88753,42.29525]]]}},{"type":"Feature","properties":{},"geometry":{"type":"Polygon","coordinates":[[[-94.75238,42.29719],[-94.75168,42.29639],[-94.7514,42.29703],[-94.75238,42.29719]]]}},{"type":"Feature","properties":{},"geometry":{"type":"Polygon","coordinates":[[[-94.75334,42.29564],[-94.75248,42.29546],[-94.75232,42.29568],[-94.75334,42.29564]]]}},{"type":"Feature","properties":{},"geometry":{"type":"MultiPolygon","coordinates":[[[[-94.88946,42.28854],[-94.88552,42.29074],[-94.88528,42.29264],[-94.88836,42.29287],[-94.89008,42.29069],[-94.88946,42.28854]]],[[[-94.8886,42.29088],[-94.88709,42.29133],[-94.88725,42.29225],[-94.8886,42.29088]]],[[[-94.8895,42.29015],[-94.88891,42.29028],[-94.88903,42.29044],[-94.8895,42.29015]]]]}},{"type":"Feature","properties":{},"geometry":{"type":"Polygon","coordinates":[[[-94.83951,42.28987],[-94.83815,42.29055],[-94.83969,42.29218],[-94.83951,42.28987]]]}},{"type":"Feature","properties":{},"geometry":{"type":"Polygon","coordinates":[[[-94.89143,42.28523],[-94.89033,42.28406],[-94.89014,42.2853],[-94.89143,42.28523]]]}},{"type":"Feature","properties":{},"geometry":{"type":"Polygon","coordinates":[[[-94.8947,42.28479],[-94.89341,42.28452],[-94.89356,42.28498],[-94.8947,42.28479]]]}},{"type":"Feature","properties":{},"geometry":{"type":"Polygon","coordinates":[[[-94.87206,42.28066],[-94.87012,42.28031],[-94.86985,42.2813],[-94.87206,42.28066]]]}},{"type":"Feature","properties":{},"geometry":{"type":"Polygon","coordinates":[[[-94.51089,42.2856],[-94.50837,42.28516],[-94.50824,42.28555],[-94.50913,42.28605],[-94.51089,42.2856]]]}},{"type":"Feature","properties":{},"geometry":{"type":"Polygon","coordinates":[[[-94.50884,42.27979],[-94.50807,42.28093],[-94.50939,42.28063],[-94.50884,42.27979]]]}},{"type":"Feature","properties":{},"geometry":{"type":"Polygon","coordinates":[[[-94.84256,42.27416],[-94.84059,42.27388],[-94.84256,42.27448],[-94.84256,42.27416]]]}},{"type":"Feature","properties":{},"geometry":{"type":"Polygon","coordinates":[[[-94.86409,42.27366],[-94.86319,42.2732],[-94.86344,42.27393],[-94.86409,42.27366]]]}},{"type":"Feature","properties":{},"geometry":{"type":"Polygon","coordinates":[[[-94.88201,42.27068],[-94.88112,42.27039],[-94.88133,42.27105],[-94.88201,42.27068]]]}},{"type":"Feature","properties":{},"geometry":{"type":"Polygon","coordinates":[[[-94.94057,42.26682],[-94.93857,42.26678],[-94.93845,42.26703],[-94.94057,42.26682]]]}},{"type":"Feature","properties":{},"geometry":{"type":"Polygon","coordinates":[[[-94.88493,42.26716],[-94.88395,42.267],[-94.88438,42.2678],[-94.88493,42.26716]]]}},{"type":"Feature","properties":{},"geometry":{"type":"Polygon","coordinates":[[[-94.40885,42.27222],[-94.40759,42.27094],[-94.40762,42.27217],[-94.40885,42.27222]]]}},{"type":"Feature","properties":{},"geometry":{"type":"Polygon","coordinates":[[[-94.89069,42.25156],[-94.88989,42.25193],[-94.89072,42.25186],[-94.89069,42.25156]]]}},{"type":"Feature","properties":{},"geometry":{"type":"Polygon","coordinates":[[[-94.78405,42.25329],[-94.78288,42.25272],[-94.78298,42.25313],[-94.78405,42.25329]]]}},{"type":"Feature","properties":{},"geometry":{"type":"Polygon","coordinates":[[[-94.78322,42.25141],[-94.78246,42.25082],[-94.78239,42.25125],[-94.78322,42.25141]]]}},{"type":"Feature","properties":{},"geometry":{"type":"Polygon","coordinates":[[[-94.78504,42.25073],[-94.78443,42.25128],[-94.78498,42.25128],[-94.78504,42.25073]]]}},{"type":"Feature","properties":{},"geometry":{"type":"Polygon","coordinates":[[[-94.78445,42.24754],[-94.7838,42.24722],[-94.78389,42.24777],[-94.78445,42.24754]]]}},{"type":"Feature","properties":{},"geometry":{"type":"Polygon","coordinates":[[[-94.78101,42.23798],[-94.78354,42.23924],[-94.78237,42.23803],[-94.78101,42.23798]]]}},{"type":"Feature","properties":{},"geometry":{"type":"Polygon","coordinates":[[[-94.77138,42.23592],[-94.76975,42.23646],[-94.77151,42.2364],[-94.77138,42.23592]]]}},{"type":"Feature","properties":{},"geometry":{"type":"Polygon","coordinates":[[[-94.76914,42.23628],[-94.76757,42.2353],[-94.7676,42.23655],[-94.76914,42.23628]]]}},{"type":"Feature","properties":{},"geometry":{"type":"Polygon","coordinates":[[[-94.78096,42.23446],[-94.78262,42.23551],[-94.78197,42.23343],[-94.78096,42.23446]]]}},{"type":"Feature","properties":{},"geometry":{"type":"Polygon","coordinates":[[[-94.53716,42.23307],[-94.53544,42.23319],[-94.53679,42.23404],[-94.53716,42.23307]]]}},{"type":"Feature","properties":{},"geometry":{"type":"Polygon","coordinates":[[[-94.73414,42.22779],[-94.73291,42.22706],[-94.73288,42.22728],[-94.73414,42.22779]]]}},{"type":"Feature","properties":{},"geometry":{"type":"Polygon","coordinates":[[[-94.74309,42.2232],[-94.7398,42.2236],[-94.74272,42.2248],[-94.74309,42.2232]]]}},{"type":"Feature","properties":{},"geometry":{"type":"Polygon","coordinates":[[[-94.74382,42.21764],[-94.74043,42.21811],[-94.74385,42.21899],[-94.74382,42.21764]]]}},{"type":"Feature","properties":{},"geometry":{"type":"Polygon","coordinates":[[[-94.74581,42.21238],[-94.74636,42.21149],[-94.74559,42.21133],[-94.74581,42.21238]]]}},{"type":"Feature","properties":{},"geometry":{"type":"Polygon","coordinates":[[[-94.75315,42.21079],[-94.75118,42.21092],[-94.75379,42.21134],[-94.75315,42.21079]]]}},{"type":"Feature","properties":{},"geometry":{"type":"Polygon","coordinates":[[[-94.75347,42.20516],[-94.75153,42.20541],[-94.75386,42.20555],[-94.75347,42.20516]]]}},{"type":"Feature","properties":{},"geometry":{"type":"Polygon","coordinates":[[[-94.73902,42.19993],[-94.74006,42.20047],[-94.73941,42.19922],[-94.73902,42.19993]]]}},{"type":"Feature","properties":{},"geometry":{"type":"Polygon","coordinates":[[[-94.73828,42.19917],[-94.73686,42.19787],[-94.73643,42.19901],[-94.73828,42.19917]]]}},{"type":"Feature","properties":{},"geometry":{"type":"Polygon","coordinates":[[[-94.69765,42.1823],[-94.6967,42.18198],[-94.69652,42.18224],[-94.69765,42.1823]]]}},{"type":"Feature","properties":{},"geometry":{"type":"Polygon","coordinates":[[[-94.71696,42.17923],[-94.71542,42.17719],[-94.71582,42.17961],[-94.71696,42.17923]]]}},{"type":"Feature","properties":{},"geometry":{"type":"Polygon","coordinates":[[[-94.6931,42.17849],[-94.69147,42.17844],[-94.6915,42.17906],[-94.6931,42.17849]]]}},{"type":"Feature","properties":{},"geometry":{"type":"Polygon","coordinates":[[[-94.72424,42.17618],[-94.72191,42.17627],[-94.72185,42.17675],[-94.72424,42.17618]]]}},{"type":"Feature","properties":{},"geometry":{"type":"Polygon","coordinates":[[[-94.73076,42.1745],[-94.72965,42.17206],[-94.73024,42.17468],[-94.73076,42.1745]]]}},{"type":"Feature","properties":{},"geometry":{"type":"Polygon","coordinates":[[[-94.72088,42.17222],[-94.71932,42.17298],[-94.72221,42.17353],[-94.72088,42.17222]]]}},{"type":"Feature","properties":{},"geometry":{"type":"Polygon","coordinates":[[[-94.70579,42.17345],[-94.70517,42.17274],[-94.7049,42.17324],[-94.70579,42.17345]]]}},{"type":"Feature","properties":{},"geometry":{"type":"Polygon","coordinates":[[[-94.72267,42.17192],[-94.72116,42.17179],[-94.72301,42.1727],[-94.72267,42.17192]]]}},{"type":"Feature","properties":{},"geometry":{"type":"Polygon","coordinates":[[[-94.73014,42.17052],[-94.72869,42.17025],[-94.73014,42.17077],[-94.73014,42.17052]]]}},{"type":"Feature","properties":{},"geometry":{"type":"Polygon","coordinates":[[[-94.7155,42.16916],[-94.71403,42.17033],[-94.71578,42.16973],[-94.7155,42.16916]]]}},{"type":"Feature","properties":{},"geometry":{"type":"Polygon","coordinates":[[[-94.73434,42.1672],[-94.73041,42.16746],[-94.73487,42.16823],[-94.73434,42.1672]]]}},{"type":"Feature","properties":{},"geometry":{"type":"Polygon","coordinates":[[[-94.7008,42.16602],[-94.69862,42.16515],[-94.69859,42.16581],[-94.7008,42.16602]]]}},{"type":"Feature","properties":{},"geometry":{"type":"Polygon","coordinates":[[[-94.70928,42.16304],[-94.70605,42.16318],[-94.7091,42.16375],[-94.70928,42.16304]]]}},{"type":"Feature","properties":{},"geometry":{"type":"Polygon","coordinates":[[[-94.69802,42.15596],[-94.69658,42.15687],[-94.69867,42.15671],[-94.69802,42.15596]]]}},{"type":"Feature","properties":{},"geometry":{"type":"Polygon","coordinates":[[[-94.46649,42.15784],[-94.46545,42.15633],[-94.46533,42.15771],[-94.46649,42.15784]]]}},{"type":"Feature","properties":{},"geometry":{"type":"Polygon","coordinates":[[[-94.25293,42.15894],[-94.25235,42.1585],[-94.25222,42.15894],[-94.25293,42.15894]]]}},{"type":"Feature","properties":{},"geometry":{"type":"Polygon","coordinates":[[[-94.7136,42.15167],[-94.71172,42.15101],[-94.71151,42.15135],[-94.7136,42.15167]]]}},{"type":"Feature","properties":{},"geometry":{"type":"Polygon","coordinates":[[[-94.682,42.15151],[-94.67951,42.14883],[-94.67822,42.1511],[-94.682,42.15151]]]}},{"type":"Feature","properties":{},"geometry":{"type":"Polygon","coordinates":[[[-94.25933,42.15544],[-94.2578,42.15403],[-94.25789,42.15551],[-94.25933,42.15544]]]}},{"type":"Feature","properties":{},"geometry":{"type":"Polygon","coordinates":[[[-94.6819,42.14211],[-94.67935,42.14206],[-94.68193,42.14352],[-94.6819,42.14211]]]}},{"type":"Feature","properties":{},"geometry":{"type":"Polygon","coordinates":[[[-94.70829,42.13482],[-94.70808,42.13573],[-94.70887,42.13518],[-94.70829,42.13482]]]}},{"type":"Feature","properties":{},"geometry":{"type":"Polygon","coordinates":[[[-94.68119,42.13307],[-94.68005,42.1325],[-94.6799,42.13335],[-94.68119,42.13307]]]}},{"type":"Feature","properties":{},"geometry":{"type":"Polygon","coordinates":[[[-94.46193,42.12633],[-94.46011,42.12443],[-94.46126,42.12713],[-94.46193,42.12633]]]}},{"type":"Feature","properties":{},"geometry":{"type":"Polygon","coordinates":[[[-94.68858,42.12365],[-94.68781,42.12305],[-94.68747,42.12367],[-94.68858,42.12365]]]}},{"type":"Feature","properties":{},"geometry":{"type":"Polygon","coordinates":[[[-94.62071,42.12206],[-94.61952,42.12156],[-94.62007,42.12227],[-94.62071,42.12206]]]}},{"type":"Feature","properties":{},"geometry":{"type":"Polygon","coordinates":[[[-94.67748,42.11704],[-94.67696,42.11711],[-94.67497,42.11784],[-94.67748,42.11704]]]}},{"type":"Feature","properties":{},"geometry":{"type":"Polygon","coordinates":[[[-94.60886,42.11799],[-94.60812,42.1187],[-94.60966,42.11847],[-94.60886,42.11799]]]}},{"type":"Feature","properties":{},"geometry":{"type":"Polygon","coordinates":[[[-94.67917,42.11505],[-94.6785,42.11464],[-94.6784,42.1156],[-94.67917,42.11505]]]}},{"type":"Feature","properties":{},"geometry":{"type":"Polygon","coordinates":[[[-94.39617,42.11039],[-94.40164,42.1165],[-94.40788,42.11732],[-94.40443,42.11085],[-94.39617,42.11039]]]}},{"type":"Feature","properties":{},"geometry":{"type":"Polygon","coordinates":[[[-94.57308,42.10456],[-94.57289,42.1041],[-94.57197,42.10545],[-94.57308,42.10456]]]}},{"type":"Feature","properties":{},"geometry":{"type":"Polygon","coordinates":[[[-94.55827,42.10464],[-94.55766,42.10423],[-94.55643,42.10462],[-94.55827,42.10464]]]}},{"type":"Feature","properties":{},"geometry":{"type":"Polygon","coordinates":[[[-94.58269,42.10239],[-94.58205,42.10307],[-94.58294,42.10303],[-94.58269,42.10239]]]}},{"type":"Feature","properties":{},"geometry":{"type":"Polygon","coordinates":[[[-94.57102,42.10174],[-94.56816,42.10295],[-94.57111,42.10298],[-94.57102,42.10174]]]}},{"type":"Feature","properties":{},"geometry":{"type":"Polygon","coordinates":[[[-94.58288,42.10118],[-94.58162,42.1009],[-94.58248,42.10175],[-94.58288,42.10118]]]}},{"type":"Feature","properties":{},"geometry":{"type":"Polygon","coordinates":[[[-94.63856,42.09599],[-94.63635,42.0962],[-94.63972,42.097],[-94.63856,42.09599]]]}},{"type":"Feature","properties":{},"geometry":{"type":"Polygon","coordinates":[[[-94.60561,42.09443],[-94.60416,42.09434],[-94.60475,42.0967],[-94.60561,42.09443]]]}},{"type":"Feature","properties":{},"geometry":{"type":"Polygon","coordinates":[[[-94.62566,42.09201],[-94.62375,42.09181],[-94.6236,42.09226],[-94.62566,42.09201]]]}},{"type":"Feature","properties":{},"geometry":{"type":"Polygon","coordinates":[[[-94.6142,42.09215],[-94.61261,42.09071],[-94.61199,42.09194],[-94.6142,42.09215]]]}},{"type":"Feature","properties":{},"geometry":{"type":"Polygon","coordinates":[[[-94.57499,42.09061],[-94.57444,42.09166],[-94.57542,42.092],[-94.57499,42.09061]]]}},{"type":"Feature","properties":{},"geometry":{"type":"Polygon","coordinates":[[[-94.61728,42.08812],[-94.61513,42.08753],[-94.61513,42.08794],[-94.61728,42.08812]]]}},{"type":"Feature","properties":{},"geometry":{"type":"Polygon","coordinates":[[[-94.25008,42.09134],[-94.24839,42.09077],[-94.24824,42.09191],[-94.25008,42.09134]]]}},{"type":"Feature","properties":{},"geometry":{"type":"Polygon","coordinates":[[[-94.42499,42.07395],[-94.42216,42.07384],[-94.42508,42.07576],[-94.42499,42.07395]]]}},{"type":"Feature","properties":{},"geometry":{"type":"Polygon","coordinates":[[[-94.54185,42.07096],[-94.53995,42.07206],[-94.54197,42.07405],[-94.54185,42.07096]]]}},{"type":"Feature","properties":{},"geometry":{"type":"Polygon","coordinates":[[[-94.6457,42.072],[-94.64472,42.07211],[-94.64709,42.07218],[-94.6457,42.072]]]}},{"type":"Feature","properties":{},"geometry":{"type":"Polygon","coordinates":[[[-94.2475,42.07414],[-94.24424,42.07442],[-94.24523,42.07588],[-94.2475,42.07414]]]}},{"type":"Feature","properties":{},"geometry":{"type":"Polygon","coordinates":[[[-94.25159,42.07179],[-94.24894,42.07137],[-94.25091,42.07266],[-94.25159,42.07179]]]}},{"type":"Feature","properties":{},"geometry":{"type":"Polygon","coordinates":[[[-94.2908,42.06727],[-94.28685,42.05949],[-94.28929,42.06979],[-94.2908,42.06727]]]}},{"type":"Feature","properties":{},"geometry":{"type":"Polygon","coordinates":[[[-94.24792,42.06945],[-94.24651,42.06913],[-94.24644,42.06932],[-94.24792,42.06945]]]}},{"type":"Feature","properties":{},"geometry":{"type":"Polygon","coordinates":[[[-94.24801,42.06682],[-94.24656,42.06778],[-94.24789,42.06833],[-94.24801,42.06682]]]}},{"type":"Feature","properties":{},"geometry":{"type":"Polygon","coordinates":[[[-94.24936,42.06746],[-94.25111,42.06763],[-94.25218,42.06728],[-94.25025,42.06659],[-94.24936,42.06746]]]}},{"type":"Feature","properties":{},"geometry":{"type":"Polygon","coordinates":[[[-94.28959,42.05398],[-94.28766,42.05371],[-94.28943,42.0549],[-94.28959,42.05398]]]}},{"type":"Feature","properties":{},"geometry":{"type":"Polygon","coordinates":[[[-94.49527,42.04942],[-94.49395,42.04924],[-94.49598,42.04972],[-94.49527,42.04942]]]}},{"type":"Feature","properties":{},"geometry":{"type":"Polygon","coordinates":[[[-94.49781,42.04656],[-94.49733,42.04777],[-94.49987,42.04837],[-94.49781,42.04656]]]}},{"type":"Feature","properties":{},"geometry":{"type":"Polygon","coordinates":[[[-94.47776,42.03745],[-94.47997,42.0378],[-94.48022,42.03738],[-94.47776,42.03745]]]}},{"type":"Feature","properties":{},"geometry":{"type":"Polygon","coordinates":[[[-94.48389,42.03523],[-94.48055,42.03679],[-94.48377,42.03653],[-94.48389,42.03523]]]}},{"type":"Feature","properties":{},"geometry":{"type":"Polygon","coordinates":[[[-94.42001,42.03385],[-94.41845,42.0318],[-94.41661,42.0334],[-94.42001,42.03385]]]}},{"type":"Feature","properties":{},"geometry":{"type":"Polygon","coordinates":[[[-94.43851,42.03117],[-94.43734,42.03039],[-94.43968,42.03337],[-94.43851,42.03117]]]}},{"type":"Feature","properties":{},"geometry":{"type":"Polygon","coordinates":[[[-94.43764,42.02232],[-94.43623,42.02424],[-94.4385,42.02355],[-94.43764,42.02232]]]}},{"type":"Feature","properties":{},"geometry":{"type":"Polygon","coordinates":[[[-94.01858,42.49593],[-94.01812,42.49319],[-94.01803,42.49611],[-94.01858,42.49593]]]}},{"type":"Feature","properties":{},"geometry":{"type":"Polygon","coordinates":[[[-94.1661,42.48291],[-94.16366,42.48197],[-94.16245,42.48291],[-94.1661,42.48291]]]}},{"type":"Feature","properties":{},"geometry":{"type":"Polygon","coordinates":[[[-94.14115,42.43024],[-94.14297,42.42896],[-94.14087,42.42898],[-94.14115,42.43024]]]}},{"type":"Feature","properties":{},"geometry":{"type":"Polygon","coordinates":[[[-94.18912,42.48308],[-94.19651,42.482],[-94.18897,42.47967],[-94.18912,42.48308]]]}},{"type":"Feature","properties":{},"geometry":{"type":"Polygon","coordinates":[[[-93.86423,41.99674],[-93.86475,41.99887],[-93.86598,41.99848],[-93.86423,41.99674]]]}},{"type":"Feature","properties":{},"geometry":{"type":"Polygon","coordinates":[[[-93.86224,41.99804],[-93.8615,41.99681],[-93.86055,41.99779],[-93.86224,41.99804]]]}},{"type":"Feature","properties":{},"geometry":{"type":"Polygon","coordinates":[[[-93.82522,41.95796],[-93.82357,41.95702],[-93.82387,41.9583],[-93.82522,41.95796]]]}},{"type":"Feature","properties":{},"geometry":{"type":"Polygon","coordinates":[[[-93.91932,41.92488],[-93.91778,41.92611],[-93.91864,41.92613],[-93.91932,41.92488]]]}},{"type":"Feature","properties":{},"geometry":{"type":"Polygon","coordinates":[[[-93.90929,41.91003],[-93.90859,41.91109],[-93.91122,41.91129],[-93.90929,41.91003]]]}},{"type":"Feature","properties":{},"geometry":{"type":"Polygon","coordinates":[[[-93.73988,41.88871],[-93.74138,41.88914],[-93.74135,41.88843],[-93.73988,41.88871]]]}},{"type":"Feature","properties":{},"geometry":{"type":"Polygon","coordinates":[[[-93.87086,41.87964],[-93.86807,41.87975],[-93.86773,41.88252],[-93.87086,41.87964]]]}},{"type":"Feature","properties":{},"geometry":{"type":"Polygon","coordinates":[[[-93.87838,41.84487],[-93.87673,41.84482],[-93.87725,41.84583],[-93.87838,41.84487]]]}},{"type":"Feature","properties":{},"geometry":{"type":"Polygon","coordinates":[[[-93.76517,41.83692],[-93.74987,41.82878],[-93.75006,41.82],[-93.76238,41.82429],[-93.77134,41.8256],[-93.7717,41.82428],[-93.7455,41.81415],[-93.73283,41.79249],[-93.73613,41.79023],[-93.74015,41.78265],[-93.74363,41.78125],[-93.73715,41.78226],[-93.72959,41.79465],[-93.73759,41.80359],[-93.73333,41.8143],[-93.7437,41.81904],[-93.73907,41.82724],[-93.76517,41.83692]]]}},{"type":"Feature","properties":{},"geometry":{"type":"Polygon","coordinates":[[[-93.82088,41.79336],[-93.81996,41.79457],[-93.82118,41.79512],[-93.82088,41.79336]]]}},{"type":"Feature","properties":{},"geometry":{"type":"Polygon","coordinates":[[[-93.78433,41.78359],[-93.78283,41.78316],[-93.7828,41.7838],[-93.78433,41.78359]]]}},{"type":"Feature","properties":{},"geometry":{"type":"Polygon","coordinates":[[[-93.78764,41.78156],[-93.78874,41.78087],[-93.78813,41.78003],[-93.78764,41.78156]]]}},{"type":"Feature","properties":{},"geometry":{"type":"Polygon","coordinates":[[[-93.66706,41.7754],[-93.66233,41.77643],[-93.66713,41.77648],[-93.66706,41.7754]]]}},{"type":"Feature","properties":{},"geometry":{"type":"Polygon","coordinates":[[[-93.88425,41.7473],[-93.88279,41.74727],[-93.88239,41.74775],[-93.88425,41.7473]]]}},{"type":"Feature","properties":{},"geometry":{"type":"Polygon","coordinates":[[[-93.82252,41.74212],[-93.82136,41.74349],[-93.82255,41.74353],[-93.82252,41.74212]]]}},{"type":"Feature","properties":{},"geometry":{"type":"Polygon","coordinates":[[[-93.82637,41.7353],[-93.82491,41.73567],[-93.82616,41.73569],[-93.82637,41.7353]]]}},{"type":"Feature","properties":{},"geometry":{"type":"Polygon","coordinates":[[[-93.82301,41.73498],[-93.82191,41.73521],[-93.82286,41.7356],[-93.82301,41.73498]]]}},{"type":"Feature","properties":{},"geometry":{"type":"Polygon","coordinates":[[[-93.80915,41.72882],[-93.81056,41.72935],[-93.81483,41.72946],[-93.80915,41.72882]]]}},{"type":"Feature","properties":{},"geometry":{"type":"Polygon","coordinates":[[[-93.81068,41.7274],[-93.80152,41.72502],[-93.79474,41.7243],[-93.81068,41.7274]]]}},{"type":"Feature","properties":{},"geometry":{"type":"Polygon","coordinates":[[[-93.64346,41.72733],[-93.64114,41.72765],[-93.64355,41.7276],[-93.64346,41.72733]]]}},{"type":"Feature","properties":{},"geometry":{"type":"Polygon","coordinates":[[[-93.81303,41.72667],[-93.81163,41.72612],[-93.81154,41.72667],[-93.81303,41.72667]]]}},{"type":"Feature","properties":{},"geometry":{"type":"Polygon","coordinates":[[[-93.79239,41.72442],[-93.79221,41.72558],[-93.79334,41.72547],[-93.79239,41.72442]]]}},{"type":"Feature","properties":{},"geometry":{"type":"Polygon","coordinates":[[[-93.81234,41.71951],[-93.81139,41.71889],[-93.81151,41.71978],[-93.81234,41.71951]]]}},{"type":"Feature","properties":{},"geometry":{"type":"Polygon","coordinates":[[[-93.76712,41.7168],[-93.76483,41.71714],[-93.7673,41.71712],[-93.76712,41.7168]]]}},{"type":"Feature","properties":{},"geometry":{"type":"Polygon","coordinates":[[[-93.67508,41.70201],[-93.67398,41.70108],[-93.67453,41.70231],[-93.67508,41.70201]]]}},{"type":"Feature","properties":{},"geometry":{"type":"Polygon","coordinates":[[[-93.67648,41.69936],[-93.67544,41.69712],[-93.67572,41.69945],[-93.67648,41.69936]]]}},{"type":"Feature","properties":{},"geometry":{"type":"Polygon","coordinates":[[[-93.7938,41.69605],[-93.79295,41.69486],[-93.79279,41.69635],[-93.7938,41.69605]]]}},{"type":"Feature","properties":{},"geometry":{"type":"Polygon","coordinates":[[[-93.6736,41.69186],[-93.67064,41.69216],[-93.6708,41.69332],[-93.6736,41.69186]]]}},{"type":"Feature","properties":{},"geometry":{"type":"Polygon","coordinates":[[[-93.61418,41.67684],[-93.61256,41.677],[-93.61406,41.67739],[-93.61418,41.67684]]]}},{"type":"Feature","properties":{},"geometry":{"type":"Polygon","coordinates":[[[-93.60722,41.66741],[-93.60573,41.66789],[-93.60726,41.66805],[-93.60722,41.66741]]]}},{"type":"Feature","properties":{},"geometry":{"type":"Polygon","coordinates":[[[-93.70799,41.66157],[-93.70574,41.66212],[-93.70815,41.66207],[-93.70799,41.66157]]]}},{"type":"Feature","properties":{},"geometry":{"type":"Polygon","coordinates":[[[-93.66885,41.65617],[-93.66815,41.65505],[-93.6672,41.65583],[-93.66885,41.65617]]]}},{"type":"Feature","properties":{},"geometry":{"type":"Polygon","coordinates":[[[-93.70734,41.65457],[-93.70579,41.65453],[-93.70725,41.65505],[-93.70734,41.65457]]]}},{"type":"Feature","properties":{},"geometry":{"type":"Polygon","coordinates":[[[-93.6689,41.64832],[-93.66869,41.64976],[-93.66952,41.65015],[-93.6689,41.64832]]]}},{"type":"Feature","properties":{},"geometry":{"type":"Polygon","coordinates":[[[-93.64618,41.64529],[-93.64661,41.64586],[-93.64844,41.64522],[-93.64618,41.64529]]]}},{"type":"Feature","properties":{},"geometry":{"type":"Polygon","coordinates":[[[-93.63135,41.62404],[-93.62699,41.62241],[-93.63007,41.62429],[-93.63135,41.62404]]]}},{"type":"Feature","properties":{},"geometry":{"type":"Polygon","coordinates":[[[-93.61449,41.61312],[-93.61288,41.6131],[-93.61672,41.61402],[-93.61449,41.61312]]]}},{"type":"Feature","properties":{},"geometry":{"type":"Polygon","coordinates":[[[-93.66324,41.56436],[-93.66108,41.56455],[-93.66339,41.56462],[-93.66324,41.56436]]]}},{"type":"Feature","properties":{},"geometry":{"type":"Polygon","coordinates":[[[-93.84913,41.5624],[-93.84797,41.56236],[-93.84849,41.56364],[-93.84913,41.5624]]]}},{"type":"Feature","properties":{},"geometry":{"type":"Polygon","coordinates":[[[-93.69276,41.5638],[-93.6916,41.56316],[-93.69136,41.56348],[-93.69276,41.5638]]]}},{"type":"Feature","properties":{},"geometry":{"type":"Polygon","coordinates":[[[-93.71658,41.56227],[-93.71234,41.5623],[-93.71655,41.56257],[-93.71658,41.56227]]]}},{"type":"Feature","properties":{},"geometry":{"type":"Polygon","coordinates":[[[-93.71605,41.55738],[-93.71539,41.56122],[-93.71931,41.55863],[-93.71605,41.55738]]]}},{"type":"Feature","properties":{},"geometry":{"type":"Polygon","coordinates":[[[-93.68106,41.55967],[-93.68029,41.55916],[-93.6802,41.55948],[-93.68106,41.55967]]]}},{"type":"Feature","properties":{},"geometry":{"type":"Polygon","coordinates":[[[-93.72966,41.55613],[-93.72494,41.55552],[-93.72388,41.55714],[-93.72966,41.55613]]]}},{"type":"Feature","properties":{},"geometry":{"type":"Polygon","coordinates":[[[-93.85272,41.55513],[-93.85403,41.55401],[-93.85236,41.55469],[-93.85272,41.55513]]]}},{"type":"Feature","properties":{},"geometry":{"type":"Polygon","coordinates":[[[-93.72043,41.5552],[-93.71833,41.55175],[-93.71696,41.55637],[-93.72043,41.5552]]]}},{"type":"Feature","properties":{},"geometry":{"type":"Polygon","coordinates":[[[-93.72211,41.55522],[-93.72159,41.55429],[-93.72132,41.55548],[-93.72211,41.55522]]]}},{"type":"Feature","properties":{},"geometry":{"type":"Polygon","coordinates":[[[-93.7867,41.55295],[-93.78514,41.55345],[-93.78599,41.55384],[-93.7867,41.55295]]]}},{"type":"Feature","properties":{},"geometry":{"type":"Polygon","coordinates":[[[-93.73711,41.54874],[-93.73324,41.54327],[-93.73297,41.54579],[-93.72833,41.54328],[-93.71814,41.54802],[-93.72992,41.54671],[-93.72573,41.55412],[-93.73711,41.54874]]]}},{"type":"Feature","properties":{},"geometry":{"type":"Polygon","coordinates":[[[-93.72314,41.55367],[-93.72189,41.55291],[-93.72192,41.55374],[-93.72314,41.55367]]]}},{"type":"Feature","properties":{},"geometry":{"type":"Polygon","coordinates":[[[-93.64082,41.55121],[-93.63981,41.55071],[-93.63981,41.55117],[-93.64082,41.55121]]]}},{"type":"Feature","properties":{},"geometry":{"type":"Polygon","coordinates":[[[-93.80141,41.54815],[-93.7977,41.54543],[-93.79742,41.54744],[-93.80141,41.54815]]]}},{"type":"Feature","properties":{},"geometry":{"type":"Polygon","coordinates":[[[-93.69563,41.54321],[-93.69715,41.54401],[-93.6977,41.54236],[-93.69563,41.54321]]]}},{"type":"Feature","properties":{},"geometry":{"type":"Polygon","coordinates":[[[-93.95053,41.53849],[-93.94974,41.53854],[-93.95248,41.5419],[-93.95053,41.53849]]]}},{"type":"Feature","properties":{},"geometry":{"type":"Polygon","coordinates":[[[-93.88811,41.53703],[-93.88817,41.53827],[-93.89073,41.53671],[-93.88811,41.53703]]]}},{"type":"Feature","properties":{},"geometry":{"type":"Polygon","coordinates":[[[-93.87602,41.53468],[-93.87447,41.53484],[-93.87605,41.53495],[-93.87602,41.53468]]]}},{"type":"Feature","properties":{},"geometry":{"type":"Polygon","coordinates":[[[-93.75423,41.53381],[-93.75143,41.5356],[-93.7553,41.53432],[-93.75423,41.53381]]]}},{"type":"Feature","properties":{},"geometry":{"type":"Polygon","coordinates":[[[-93.76054,41.5335],[-93.7574,41.53139],[-93.75785,41.53503],[-93.76054,41.5335]]]}},{"type":"Feature","properties":{},"geometry":{"type":"Polygon","coordinates":[[[-93.76977,41.53186],[-93.76748,41.53174],[-93.76815,41.53293],[-93.76977,41.53186]]]}},{"type":"Feature","properties":{},"geometry":{"type":"Polygon","coordinates":[[[-93.90074,41.52893],[-93.90287,41.53099],[-93.90546,41.52882],[-93.90074,41.52893]]]}},{"type":"Feature","properties":{},"geometry":{"type":"Polygon","coordinates":[[[-93.71924,41.52809],[-93.71811,41.52734],[-93.71796,41.52851],[-93.71924,41.52809]]]}},{"type":"Feature","properties":{},"geometry":{"type":"Polygon","coordinates":[[[-93.80835,41.52331],[-93.8053,41.52411],[-93.80485,41.52555],[-93.80835,41.52331]]]}},{"type":"Feature","properties":{},"geometry":{"type":"Polygon","coordinates":[[[-93.81267,41.52274],[-93.80808,41.52221],[-93.81319,41.52496],[-93.81267,41.52274]]]}},{"type":"Feature","properties":{},"geometry":{"type":"Polygon","coordinates":[[[-93.79902,41.50795],[-93.78782,41.50694],[-93.79186,41.51477],[-93.78619,41.51781],[-93.79514,41.51843],[-93.79902,41.50795]]]}},{"type":"Feature","properties":{},"geometry":{"type":"Polygon","coordinates":[[[-93.81725,41.51037],[-93.81557,41.51551],[-93.81834,41.5162],[-93.81725,41.51037]]]}},{"type":"Feature","properties":{},"geometry":{"type":"Polygon","coordinates":[[[-93.90222,41.50102],[-93.90341,41.50093],[-93.90329,41.5002],[-93.90222,41.50102]]]}},{"type":"Feature","properties":{},"geometry":{"type":"MultiPolygon","coordinates":[[[[-93.75706,41.78961],[-93.79422,41.79833],[-93.74993,41.76578],[-93.74939,41.75507],[-93.71494,41.73809],[-93.69716,41.70756],[-93.67368,41.70565],[-93.66947,41.71384],[-93.69624,41.73751],[-93.69717,41.75434],[-93.70276,41.7539],[-93.70101,41.74274],[-93.70716,41.74384],[-93.75706,41.78961]]],[[[-93.78398,41.79439],[-93.78261,41.79427],[-93.7838,41.79562],[-93.78398,41.79439]]],[[[-93.74668,41.76144],[-93.74534,41.76176],[-93.74702,41.76199],[-93.74668,41.76144]]]]}},{"type":"Feature","properties":{},"geometry":{"type":"Polygon","coordinates":[[[-93.79187,41.70348],[-93.78988,41.70618],[-93.79092,41.70618],[-93.79187,41.70348]]]}},{"type":"Feature","properties":{},"geometry":{"type":"Polygon","coordinates":[[[-94.10327,41.9729],[-94.10226,41.97386],[-94.10508,41.97354],[-94.10327,41.9729]]]}},{"type":"Feature","properties":{},"geometry":{"type":"Polygon","coordinates":[[[-94.02561,41.83739],[-94.0231,41.83801],[-94.02558,41.8376],[-94.02561,41.83739]]]}},{"type":"Feature","properties":{},"geometry":{"type":"Polygon","coordinates":[[[-93.73788,42.93619],[-93.72963,42.93842],[-93.73763,42.93901],[-93.73788,42.93619]]]}},{"type":"Feature","properties":{},"geometry":{"type":"Polygon","coordinates":[[[-93.58333,41.29413],[-93.59628,41.29531],[-93.59365,41.28044],[-93.59116,41.28998],[-93.58333,41.29413]]]}},{"type":"Feature","properties":{},"geometry":{"type":"Polygon","coordinates":[[[-94.44091,41.3801],[-94.4346,41.38546],[-94.43576,41.38733],[-94.44025,41.38657],[-94.44091,41.3801]]]}},{"type":"Feature","properties":{},"geometry":{"type":"Polygon","coordinates":[[[-93.24181,41.01306],[-93.25553,41.01418],[-93.24234,41.00144],[-93.24181,41.01306]]]}},{"type":"Feature","properties":{},"geometry":{"type":"Polygon","coordinates":[[[-93.78303,41.04182],[-93.77931,41.04425],[-93.78115,41.04406],[-93.78303,41.04182]]]}},{"type":"Feature","properties":{},"geometry":{"type":"Polygon","coordinates":[[[-93.74303,41.03219],[-93.74173,41.03347],[-93.74443,41.03564],[-93.74303,41.03219]]]}},{"type":"Feature","properties":{},"geometry":{"type":"Polygon","coordinates":[[[-93.49068,41.01796],[-93.48947,41.01979],[-93.49095,41.02004],[-93.49068,41.01796]]]}},{"type":"Feature","properties":{},"geometry":{"type":"Polygon","coordinates":[[[-94.46252,41.75448],[-94.46002,41.74764],[-94.43309,41.72881],[-94.41248,41.72376],[-94.41708,41.71452],[-94.39971,41.7161],[-94.40645,41.70535],[-94.39901,41.70846],[-94.40117,41.70194],[-94.39451,41.69895],[-94.38386,41.70622],[-94.38698,41.69849],[-94.38069,41.69572],[-94.38231,41.70078],[-94.36448,41.70586],[-94.38164,41.70842],[-94.37977,41.71318],[-94.38017,41.71624],[-94.39546,41.70435],[-94.3969,41.71391],[-94.39135,41.72024],[-94.39324,41.72379],[-94.40729,41.72196],[-94.39688,41.73289],[-94.39709,41.73532],[-94.40933,41.72399],[-94.46252,41.75448]]]}},{"type":"Feature","properties":{},"geometry":{"type":"Polygon","coordinates":[[[-94.2611,41.55755],[-94.26416,41.5487],[-94.25696,41.54119],[-94.25553,41.55306],[-94.2611,41.55755]]]}},{"type":"Feature","properties":{},"geometry":{"type":"Polygon","coordinates":[[[-93.71438,41.29125],[-93.71268,41.29176],[-93.71413,41.29226],[-93.71438,41.29125]]]}},{"type":"Feature","properties":{},"geometry":{"type":"Polygon","coordinates":[[[-93.69095,42.78093],[-93.6844,42.7832],[-93.68485,42.7915],[-93.69422,42.79181],[-93.69095,42.78093]]]}},{"type":"Feature","properties":{},"geometry":{"type":"Polygon","coordinates":[[[-94.23743,43.12562],[-94.24457,43.12271],[-94.23795,43.1213],[-94.23743,43.12562]]]}},{"type":"Feature","properties":{},"geometry":{"type":"Polygon","coordinates":[[[-93.73925,41.61965],[-93.73696,41.61817],[-93.73709,41.61984],[-93.73925,41.61965]]]}},{"type":"Feature","properties":{},"geometry":{"type":"Polygon","coordinates":[[[-93.87768,43.22212],[-93.87561,43.21547],[-93.8738,43.2152],[-93.87223,43.22032],[-93.87768,43.22212]]]}},{"type":"Feature","properties":{},"geometry":{"type":"Polygon","coordinates":[[[-94.15885,43.23877],[-94.15212,43.24021],[-94.15159,43.24124],[-94.15885,43.23877]]]}},{"type":"Feature","properties":{},"geometry":{"type":"Polygon","coordinates":[[[-93.96059,42.80665],[-93.95904,42.80747],[-93.96075,42.80782],[-93.96059,42.80665]]]}},{"type":"Feature","properties":{},"geometry":{"type":"Polygon","coordinates":[[[-93.69377,42.79977],[-93.69178,42.79749],[-93.69194,42.80016],[-93.69377,42.79977]]]}},{"type":"Feature","properties":{},"geometry":{"type":"Polygon","coordinates":[[[-93.70242,42.78975],[-93.69872,42.78765],[-93.69714,42.78914],[-93.70242,42.78975]]]}},{"type":"Feature","properties":{},"geometry":{"type":"Polygon","coordinates":[[[-93.67835,42.7553],[-93.67302,42.76392],[-93.68694,42.7737],[-93.6888,42.77043],[-93.67835,42.7553]]]}},{"type":"Feature","properties":{},"geometry":{"type":"MultiPolygon","coordinates":[[[[-93.646,42.62791],[-93.65824,42.62393],[-93.65894,42.60945],[-93.64281,42.62045],[-93.646,42.62791]]],[[[-93.65523,42.62157],[-93.65139,42.62066],[-93.65498,42.622],[-93.65523,42.62157]]],[[[-93.64798,42.62274],[-93.65015,42.62413],[-93.64826,42.62198],[-93.64798,42.62274]]]]}},{"type":"Feature","properties":{},"geometry":{"type":"Polygon","coordinates":[[[-93.75191,42.61721],[-93.74839,42.61819],[-93.75022,42.62045],[-93.75191,42.61721]]]}},{"type":"Feature","properties":{},"geometry":{"type":"Polygon","coordinates":[[[-93.74939,42.60924],[-93.74753,42.60824],[-93.74766,42.60945],[-93.74939,42.60924]]]}},{"type":"Feature","properties":{},"geometry":{"type":"Polygon","coordinates":[[[-93.87,42.5487],[-93.86592,42.5481],[-93.86527,42.54963],[-93.87,42.5487]]]}},{"type":"Feature","properties":{},"geometry":{"type":"Polygon","coordinates":[[[-93.80345,42.48153],[-93.8024,42.48059],[-93.8024,42.48181],[-93.80345,42.48153]]]}},{"type":"Feature","properties":{},"geometry":{"type":"Polygon","coordinates":[[[-93.8363,42.47951],[-93.83519,42.47967],[-93.83679,42.47988],[-93.8363,42.47951]]]}},{"type":"Feature","properties":{},"geometry":{"type":"Polygon","coordinates":[[[-93.81023,42.46804],[-93.80946,42.46852],[-93.81038,42.46864],[-93.81023,42.46804]]]}},{"type":"Feature","properties":{},"geometry":{"type":"Polygon","coordinates":[[[-93.80585,42.45722],[-93.80372,42.45633],[-93.80298,42.45701],[-93.80585,42.45722]]]}},{"type":"Feature","properties":{},"geometry":{"type":"Polygon","coordinates":[[[-93.80403,42.45358],[-93.80302,42.45372],[-93.8023,42.45596],[-93.80403,42.45358]]]}},{"type":"Feature","properties":{},"geometry":{"type":"Polygon","coordinates":[[[-93.80561,42.45477],[-93.80505,42.45495],[-93.80626,42.45544],[-93.80561,42.45477]]]}},{"type":"Feature","properties":{},"geometry":{"type":"Polygon","coordinates":[[[-93.78856,42.45156],[-93.78779,42.45186],[-93.78868,42.45195],[-93.78856,42.45156]]]}},{"type":"Feature","properties":{},"geometry":{"type":"Polygon","coordinates":[[[-93.71776,42.45052],[-93.71566,42.45185],[-93.71776,42.45178],[-93.71776,42.45052]]]}},{"type":"Feature","properties":{},"geometry":{"type":"Polygon","coordinates":[[[-93.78642,42.43689],[-93.79436,42.4342],[-93.79881,42.43183],[-93.78642,42.43689]]]}},{"type":"Feature","properties":{},"geometry":{"type":"Polygon","coordinates":[[[-93.80771,42.42348],[-93.8062,42.42494],[-93.80805,42.42456],[-93.80771,42.42348]]]}},{"type":"Feature","properties":{},"geometry":{"type":"Polygon","coordinates":[[[-93.80339,42.42302],[-93.80286,42.42325],[-93.80339,42.42311],[-93.80339,42.42302]]]}},{"type":"Feature","properties":{},"geometry":{"type":"Polygon","coordinates":[[[-93.80989,42.40377],[-93.80928,42.40292],[-93.80949,42.40393],[-93.80989,42.40377]]]}},{"type":"Feature","properties":{},"geometry":{"type":"Polygon","coordinates":[[[-93.79216,42.39227],[-93.7946,42.3923],[-93.79503,42.39145],[-93.79216,42.39227]]]}},{"type":"Feature","properties":{},"geometry":{"type":"Polygon","coordinates":[[[-93.81574,42.39213],[-93.81348,42.39123],[-93.81336,42.39144],[-93.81574,42.39213]]]}},{"type":"Feature","properties":{},"geometry":{"type":"Polygon","coordinates":[[[-93.81549,42.38913],[-93.81364,42.38904],[-93.81558,42.38952],[-93.81549,42.38913]]]}},{"type":"Feature","properties":{},"geometry":{"type":"Polygon","coordinates":[[[-93.85235,42.34637],[-93.85136,42.34591],[-93.85124,42.346],[-93.85235,42.34637]]]}},{"type":"Feature","properties":{},"geometry":{"type":"Polygon","coordinates":[[[-94.50746,42.02667],[-94.50602,42.02683],[-94.50853,42.02905],[-94.50746,42.02667]]]}},{"type":"Feature","properties":{},"geometry":{"type":"Polygon","coordinates":[[[-94.9227,42.90179],[-94.91764,42.90843],[-94.92847,42.91018],[-94.9289,42.90913],[-94.9227,42.90179]]]}},{"type":"Feature","properties":{},"geometry":{"type":"Polygon","coordinates":[[[-94.90785,42.72848],[-94.89529,42.7307],[-94.89247,42.73607],[-94.90546,42.73422],[-94.90785,42.72848]]]}},{"type":"Feature","properties":{},"geometry":{"type":"Polygon","coordinates":[[[-94.94103,42.70079],[-94.93713,42.70038],[-94.93744,42.70132],[-94.94103,42.70079]]]}},{"type":"Feature","properties":{},"geometry":{"type":"Polygon","coordinates":[[[-94.90553,42.63511],[-94.90072,42.62873],[-94.8937,42.63237],[-94.89655,42.63488],[-94.90553,42.63511]]]}},{"type":"Feature","properties":{},"geometry":{"type":"Polygon","coordinates":[[[-94.89078,42.62876],[-94.89679,42.62725],[-94.88716,42.62595],[-94.89078,42.62876]]]}},{"type":"Feature","properties":{},"geometry":{"type":"Polygon","coordinates":[[[-94.86505,42.62816],[-94.86443,42.62583],[-94.8614,42.62853],[-94.86505,42.62816]]]}},{"type":"Feature","properties":{},"geometry":{"type":"Polygon","coordinates":[[[-94.87357,42.61849],[-94.86669,42.62192],[-94.86592,42.6251],[-94.87205,42.62469],[-94.87357,42.61849]]]}},{"type":"Feature","properties":{},"geometry":{"type":"Polygon","coordinates":[[[-94.45669,42.51718],[-94.45199,42.5176],[-94.457,42.51794],[-94.45669,42.51718]]]}},{"type":"Feature","properties":{},"geometry":{"type":"Polygon","coordinates":[[[-95.00511,42.86294],[-95.00346,42.86255],[-95.0034,42.86303],[-95.00511,42.86294]]]}},{"type":"Feature","properties":{},"geometry":{"type":"Polygon","coordinates":[[[-95.02626,42.85437],[-95.02374,42.85375],[-95.01622,42.85566],[-95.02626,42.85437]]]}},{"type":"Feature","properties":{},"geometry":{"type":"Polygon","coordinates":[[[-95.23907,42.64269],[-95.23776,42.63833],[-95.23185,42.64288],[-95.23907,42.64269]]]}},{"type":"Feature","properties":{},"geometry":{"type":"MultiPolygon","coordinates":[[[[-95.23785,42.63593],[-95.23563,42.62566],[-95.2278,42.62631],[-95.21508,42.6102],[-95.18115,42.61391],[-95.17553,42.62109],[-95.17711,42.63037],[-95.18842,42.63535],[-95.22219,42.64253],[-95.23785,42.63593]]],[[[-95.20042,42.62265],[-95.19769,42.62105],[-95.20067,42.62329],[-95.20042,42.62265]]],[[[-95.17875,42.6234],[-95.1781,42.62287],[-95.17794,42.62406],[-95.17875,42.6234]]]]}},{"type":"Feature","properties":{},"geometry":{"type":"Polygon","coordinates":[[[-95.0424,42.61636],[-95.04113,42.6157],[-95.04141,42.61652],[-95.0424,42.61636]]]}},{"type":"Feature","properties":{},"geometry":{"type":"Polygon","coordinates":[[[-95.02079,42.59266],[-95.02033,42.59197],[-95.01977,42.59261],[-95.02079,42.59266]]]}},{"type":"Feature","properties":{},"geometry":{"type":"Polygon","coordinates":[[[-95.01016,42.56944],[-95.00676,42.56801],[-95.00994,42.57094],[-95.01016,42.56944]]]}},{"type":"Feature","properties":{},"geometry":{"type":"Polygon","coordinates":[[[-95.04362,42.5551],[-95.04377,42.55657],[-95.04433,42.55501],[-95.04362,42.5551]]]}},{"type":"Feature","properties":{},"geometry":{"type":"Polygon","coordinates":[[[-95.00964,42.53052],[-95.00642,42.53216],[-95.00985,42.53209],[-95.00964,42.53052]]]}},{"type":"Feature","properties":{},"geometry":{"type":"Polygon","coordinates":[[[-94.90368,42.49847],[-94.90102,42.49614],[-94.90041,42.4987],[-94.90368,42.49847]]]}},{"type":"Feature","properties":{},"geometry":{"type":"Polygon","coordinates":[[[-94.93264,42.49656],[-94.93134,42.49739],[-94.93304,42.4975],[-94.93264,42.49656]]]}},{"type":"Feature","properties":{},"geometry":{"type":"Polygon","coordinates":[[[-94.80961,42.49705],[-94.80828,42.49707],[-94.80955,42.49856],[-94.80961,42.49705]]]}},{"type":"Feature","properties":{},"geometry":{"type":"Polygon","coordinates":[[[-94.94354,42.49363],[-94.94314,42.49427],[-94.94388,42.49399],[-94.94354,42.49363]]]}},{"type":"Feature","properties":{},"geometry":{"type":"Polygon","coordinates":[[[-94.6422,42.47095],[-94.62515,42.48499],[-94.6152,42.49821],[-94.63016,42.49195],[-94.6422,42.47095]]]}},{"type":"Feature","properties":{},"geometry":{"type":"Polygon","coordinates":[[[-94.86657,42.49411],[-94.86586,42.4934],[-94.86443,42.49345],[-94.86657,42.49411]]]}},{"type":"Feature","properties":{},"geometry":{"type":"Polygon","coordinates":[[[-94.78273,42.49484],[-94.78149,42.49472],[-94.78276,42.49525],[-94.78273,42.49484]]]}},{"type":"Feature","properties":{},"geometry":{"type":"Polygon","coordinates":[[[-94.87284,42.49064],[-94.87157,42.49016],[-94.87238,42.49109],[-94.87284,42.49064]]]}},{"type":"Feature","properties":{},"geometry":{"type":"Polygon","coordinates":[[[-94.93022,42.48815],[-94.9287,42.4884],[-94.93028,42.48838],[-94.93022,42.48815]]]}},{"type":"Feature","properties":{},"geometry":{"type":"Polygon","coordinates":[[[-94.55129,42.4906],[-94.54678,42.49071],[-94.54801,42.49321],[-94.55129,42.4906]]]}},{"type":"Feature","properties":{},"geometry":{"type":"Polygon","coordinates":[[[-94.82643,42.48523],[-94.82507,42.48546],[-94.82646,42.48573],[-94.82643,42.48523]]]}},{"type":"Feature","properties":{},"geometry":{"type":"Polygon","coordinates":[[[-94.55275,42.48514],[-94.55099,42.48324],[-94.5505,42.48461],[-94.55275,42.48514]]]}},{"type":"Feature","properties":{},"geometry":{"type":"Polygon","coordinates":[[[-94.78588,42.4748],[-94.7852,42.47586],[-94.78615,42.47554],[-94.78588,42.4748]]]}},{"type":"Feature","properties":{},"geometry":{"type":"Polygon","coordinates":[[[-94.49008,42.47881],[-94.48581,42.47792],[-94.48684,42.48002],[-94.49008,42.47881]]]}},{"type":"Feature","properties":{},"geometry":{"type":"Polygon","coordinates":[[[-94.82447,42.46787],[-94.82302,42.4665],[-94.82403,42.46803],[-94.82447,42.46787]]]}},{"type":"Feature","properties":{},"geometry":{"type":"Polygon","coordinates":[[[-94.52923,42.46865],[-94.52642,42.4687],[-94.52676,42.46959],[-94.52923,42.46865]]]}},{"type":"Feature","properties":{},"geometry":{"type":"Polygon","coordinates":[[[-94.79917,42.46278],[-94.79664,42.46418],[-94.7988,42.46443],[-94.79917,42.46278]]]}},{"type":"Feature","properties":{},"geometry":{"type":"Polygon","coordinates":[[[-94.80093,42.46363],[-94.79967,42.46338],[-94.79985,42.464],[-94.80093,42.46363]]]}},{"type":"Feature","properties":{},"geometry":{"type":"Polygon","coordinates":[[[-94.65541,42.45061],[-94.65464,42.45155],[-94.65541,42.45123],[-94.65541,42.45061]]]}},{"type":"Feature","properties":{},"geometry":{"type":"Polygon","coordinates":[[[-94.66171,42.44897],[-94.66044,42.44844],[-94.66063,42.44942],[-94.66171,42.44897]]]}},{"type":"Feature","properties":{},"geometry":{"type":"Polygon","coordinates":[[[-94.93026,42.44205],[-94.92758,42.44221],[-94.92733,42.4426],[-94.93026,42.44205]]]}},{"type":"Feature","properties":{},"geometry":{"type":"Polygon","coordinates":[[[-94.81559,42.44223],[-94.8146,42.44178],[-94.81436,42.44221],[-94.81559,42.44223]]]}},{"type":"Feature","properties":{},"geometry":{"type":"Polygon","coordinates":[[[-94.99975,42.43501],[-94.99913,42.43533],[-94.99904,42.43678],[-94.99975,42.43501]]]}},{"type":"Feature","properties":{},"geometry":{"type":"Polygon","coordinates":[[[-94.42524,42.00915],[-94.42478,42.00876],[-94.42355,42.00878],[-94.42524,42.00915]]]}},{"type":"Feature","properties":{},"geometry":{"type":"Polygon","coordinates":[[[-95.12173,42.47764],[-95.12072,42.47897],[-95.12121,42.47899],[-95.12173,42.47764]]]}},{"type":"Feature","properties":{},"geometry":{"type":"Polygon","coordinates":[[[-95.00707,42.45959],[-95.00586,42.45922],[-95.00651,42.46034],[-95.00707,42.45959]]]}},{"type":"Feature","properties":{},"geometry":{"type":"Polygon","coordinates":[[[-95.10602,42.45509],[-95.10836,42.45658],[-95.10734,42.45329],[-95.10602,42.45509]]]}},{"type":"Feature","properties":{},"geometry":{"type":"Polygon","coordinates":[[[-95.0429,42.45212],[-95.04179,42.45212],[-95.04206,42.45397],[-95.0429,42.45212]]]}},{"type":"Feature","properties":{},"geometry":{"type":"Polygon","coordinates":[[[-95.0274,42.40717],[-95.01444,42.40654],[-95.01296,42.40981],[-95.0274,42.40717]]]}},{"type":"Feature","properties":{},"geometry":{"type":"Polygon","coordinates":[[[-95.07195,42.34345],[-95.07651,42.34157],[-95.07216,42.34194],[-95.07195,42.34345]]]}},{"type":"Feature","properties":{},"geometry":{"type":"Polygon","coordinates":[[[-95.02642,42.30205],[-95.02515,42.30301],[-95.027,42.3029],[-95.02642,42.30205]]]}},{"type":"Feature","properties":{},"geometry":{"type":"Polygon","coordinates":[[[-95.05154,42.28919],[-95.05116,42.30211],[-95.05188,42.28885],[-95.05154,42.28919]]]}},{"type":"Feature","properties":{},"geometry":{"type":"Polygon","coordinates":[[[-95.04962,42.29726],[-95.04913,42.29582],[-95.04845,42.29761],[-95.04962,42.29726]]]}},{"type":"Feature","properties":{},"geometry":{"type":"Polygon","coordinates":[[[-95.05388,42.28869],[-95.0529,42.28794],[-95.05299,42.28947],[-95.05388,42.28869]]]}},{"type":"Feature","properties":{},"geometry":{"type":"Polygon","coordinates":[[[-95.05189,42.27696],[-95.04968,42.27593],[-95.05106,42.27925],[-95.05189,42.27696]]]}},{"type":"Feature","properties":{},"geometry":{"type":"Polygon","coordinates":[[[-95.04589,42.27659],[-95.04709,42.27716],[-95.04614,42.27549],[-95.04589,42.27659]]]}},{"type":"Feature","properties":{},"geometry":{"type":"Polygon","coordinates":[[[-95.03355,42.49554],[-95.03525,42.49558],[-95.03581,42.49472],[-95.03355,42.49554]]]}},{"type":"Feature","properties":{},"geometry":{"type":"Polygon","coordinates":[[[-95.05302,42.2832],[-95.05401,42.28604],[-95.05361,42.28309],[-95.05302,42.2832]]]}},{"type":"Feature","properties":{},"geometry":{"type":"Polygon","coordinates":[[[-93.91856,41.70986],[-93.91712,41.71043],[-93.91847,41.71046],[-93.91856,41.70986]]]}},{"type":"Feature","properties":{},"geometry":{"type":"Polygon","coordinates":[[[-93.76691,41.65796],[-93.76755,41.65661],[-93.76664,41.65661],[-93.76691,41.65796]]]}},{"type":"Feature","properties":{},"geometry":{"type":"Polygon","coordinates":[[[-93.76539,41.65652],[-93.766,41.65405],[-93.76317,41.65306],[-93.76539,41.65652]]]}},{"type":"Feature","properties":{},"geometry":{"type":"Polygon","coordinates":[[[-93.81903,41.64182],[-93.81775,41.64148],[-93.81771,41.64189],[-93.81903,41.64182]]]}},{"type":"Feature","properties":{},"geometry":{"type":"Polygon","coordinates":[[[-93.87032,41.63497],[-93.86825,41.63538],[-93.86953,41.63625],[-93.87032,41.63497]]]}},{"type":"Feature","properties":{},"geometry":{"type":"Polygon","coordinates":[[[-93.81766,41.63535],[-93.81638,41.63468],[-93.8169,41.63558],[-93.81766,41.63535]]]}},{"type":"Feature","properties":{},"geometry":{"type":"Polygon","coordinates":[[[-93.77366,41.63081],[-93.77214,41.63097],[-93.77351,41.63118],[-93.77366,41.63081]]]}},{"type":"Feature","properties":{},"geometry":{"type":"Polygon","coordinates":[[[-93.87465,41.62783],[-93.87395,41.62552],[-93.87374,41.62765],[-93.87465,41.62783]]]}},{"type":"Feature","properties":{},"geometry":{"type":"Polygon","coordinates":[[[-93.73516,41.61913],[-93.7334,41.61996],[-93.73547,41.61947],[-93.73516,41.61913]]]}},{"type":"Feature","properties":{},"geometry":{"type":"Polygon","coordinates":[[[-93.99784,41.61269],[-93.99653,41.61219],[-93.99656,41.61255],[-93.99784,41.61269]]]}},{"type":"Feature","properties":{},"geometry":{"type":"Polygon","coordinates":[[[-93.99939,41.61209],[-93.99863,41.61255],[-93.99954,41.61264],[-93.99939,41.61209]]]}},{"type":"Feature","properties":{},"geometry":{"type":"Polygon","coordinates":[[[-93.99954,41.61115],[-93.99872,41.61072],[-93.99841,41.61106],[-93.99954,41.61115]]]}},{"type":"Feature","properties":{},"geometry":{"type":"Polygon","coordinates":[[[-93.78876,41.60808],[-93.78982,41.60888],[-93.79159,41.60781],[-93.78876,41.60808]]]}},{"type":"Feature","properties":{},"geometry":{"type":"Polygon","coordinates":[[[-93.78278,41.60568],[-93.77919,41.60531],[-93.78111,41.60718],[-93.78278,41.60568]]]}},{"type":"Feature","properties":{},"geometry":{"type":"Polygon","coordinates":[[[-93.88425,41.59972],[-93.883,41.59942],[-93.883,41.59992],[-93.88425,41.59972]]]}},{"type":"Feature","properties":{},"geometry":{"type":"Polygon","coordinates":[[[-93.88291,41.59887],[-93.88151,41.59848],[-93.88145,41.59944],[-93.88291,41.59887]]]}},{"type":"Feature","properties":{},"geometry":{"type":"Polygon","coordinates":[[[-93.877,41.59107],[-93.87605,41.59054],[-93.87581,41.59121],[-93.877,41.59107]]]}},{"type":"Feature","properties":{},"geometry":{"type":"Polygon","coordinates":[[[-93.96622,41.58744],[-93.9679,41.58929],[-93.96817,41.58849],[-93.96622,41.58744]]]}},{"type":"Feature","properties":{},"geometry":{"type":"Polygon","coordinates":[[[-93.68199,41.58012],[-93.68074,41.57978],[-93.6808,41.58003],[-93.68199,41.58012]]]}},{"type":"Feature","properties":{},"geometry":{"type":"Polygon","coordinates":[[[-93.64244,41.57215],[-93.63686,41.56858],[-93.63092,41.57142],[-93.64244,41.57215]]]}},{"type":"Feature","properties":{},"geometry":{"type":"Polygon","coordinates":[[[-93.65874,41.57068],[-93.65679,41.56997],[-93.65676,41.57095],[-93.65874,41.57068]]]}},{"type":"Feature","properties":{},"geometry":{"type":"MultiPolygon","coordinates":[[[[-93.71357,41.56713],[-93.71128,41.56303],[-93.70613,41.5661],[-93.71357,41.56713]]],[[[-93.71174,41.56512],[-93.71003,41.56608],[-93.71101,41.56631],[-93.71174,41.56512]]]]}},{"type":"Feature","properties":{},"geometry":{"type":"Polygon","coordinates":[[[-93.85854,41.5638],[-93.8575,41.56352],[-93.85756,41.56451],[-93.85854,41.5638]]]}},{"type":"Feature","properties":{},"geometry":{"type":"Polygon","coordinates":[[[-93.98132,41.54218],[-93.98041,41.54261],[-93.98129,41.54286],[-93.98132,41.54218]]]}},{"type":"Feature","properties":{},"geometry":{"type":"Polygon","coordinates":[[[-93.97281,41.53571],[-93.97205,41.53603],[-93.97285,41.5361],[-93.97281,41.53571]]]}},{"type":"Feature","properties":{},"geometry":{"type":"Polygon","coordinates":[[[-94.60817,41.98188],[-94.61194,41.9752],[-94.61736,41.97385],[-94.6086,41.97472],[-94.60817,41.98188]]]}},{"type":"Feature","properties":{},"geometry":{"type":"Polygon","coordinates":[[[-94.6725,41.86089],[-94.67195,41.86151],[-94.67363,41.8622],[-94.6725,41.86089]]]}},{"type":"Feature","properties":{},"geometry":{"type":"Polygon","coordinates":[[[-93.77549,41.53148],[-93.77847,41.53059],[-93.77506,41.53143],[-93.77549,41.53148]]]}},{"type":"Feature","properties":{},"geometry":{"type":"Polygon","coordinates":[[[-94.37017,41.98838],[-94.36898,41.98925],[-94.37161,41.98936],[-94.37017,41.98838]]]}},{"type":"Feature","properties":{},"geometry":{"type":"Polygon","coordinates":[[[-94.25882,41.89637],[-94.26102,41.89793],[-94.25998,41.8963],[-94.25882,41.89637]]]}},{"type":"Feature","properties":{},"geometry":{"type":"Polygon","coordinates":[[[-94.17348,41.87043],[-94.171,41.8697],[-94.17097,41.87052],[-94.17348,41.87043]]]}},{"type":"Feature","properties":{},"geometry":{"type":"Polygon","coordinates":[[[-94.21901,41.86482],[-94.21846,41.86743],[-94.22057,41.86443],[-94.21901,41.86482]]]}},{"type":"Feature","properties":{},"geometry":{"type":"Polygon","coordinates":[[[-94.13078,41.86381],[-94.12891,41.8639],[-94.12894,41.86417],[-94.13078,41.86381]]]}},{"type":"Feature","properties":{},"geometry":{"type":"Polygon","coordinates":[[[-94.17931,41.85693],[-94.17481,41.85707],[-94.17432,41.85853],[-94.17931,41.85693]]]}},{"type":"Feature","properties":{},"geometry":{"type":"Polygon","coordinates":[[[-94.04411,41.7693],[-94.04237,41.76871],[-94.04261,41.76974],[-94.04411,41.7693]]]}},{"type":"Feature","properties":{},"geometry":{"type":"Polygon","coordinates":[[[-94.05781,41.73906],[-94.05598,41.74007],[-94.05818,41.73954],[-94.05781,41.73906]]]}},{"type":"Feature","properties":{},"geometry":{"type":"Polygon","coordinates":[[[-94.05766,41.73526],[-94.0558,41.73583],[-94.05723,41.73584],[-94.05766,41.73526]]]}},{"type":"Feature","properties":{},"geometry":{"type":"Polygon","coordinates":[[[-94.03237,41.71878],[-94.03155,41.71589],[-94.02873,41.72047],[-94.03237,41.71878]]]}},{"type":"Feature","properties":{},"geometry":{"type":"Polygon","coordinates":[[[-94.02683,41.64019],[-94.02457,41.64257],[-94.0275,41.64189],[-94.02683,41.64019]]]}},{"type":"Feature","properties":{},"geometry":{"type":"Polygon","coordinates":[[[-94.00828,41.62887],[-94.00334,41.62747],[-94.00325,41.6299],[-94.00828,41.62887]]]}},{"type":"Feature","properties":{},"geometry":{"type":"Polygon","coordinates":[[[-94.01014,41.62876],[-94.00822,41.62654],[-94.00929,41.62888],[-94.01014,41.62876]]]}},{"type":"Feature","properties":{},"geometry":{"type":"Polygon","coordinates":[[[-94.66218,41.84889],[-94.66071,41.85051],[-94.66188,41.85113],[-94.66218,41.84889]]]}},{"type":"Feature","properties":{},"geometry":{"type":"Polygon","coordinates":[[[-94.55474,41.83007],[-94.55284,41.82978],[-94.55476,41.83229],[-94.55474,41.83007]]]}},{"type":"Feature","properties":{},"geometry":{"type":"Polygon","coordinates":[[[-94.62462,41.82493],[-94.62633,41.82305],[-94.62431,41.82369],[-94.62462,41.82493]]]}},{"type":"Feature","properties":{},"geometry":{"type":"Polygon","coordinates":[[[-94.56074,41.82296],[-94.55966,41.82402],[-94.56049,41.82404],[-94.56074,41.82296]]]}},{"type":"Feature","properties":{},"geometry":{"type":"Polygon","coordinates":[[[-94.69348,41.79737],[-94.69449,41.79949],[-94.69479,41.79727],[-94.69348,41.79737]]]}},{"type":"Feature","properties":{},"geometry":{"type":"Polygon","coordinates":[[[-94.73919,41.7855],[-94.73665,41.78692],[-94.73934,41.7858],[-94.73919,41.7855]]]}},{"type":"Feature","properties":{},"geometry":{"type":"Polygon","coordinates":[[[-94.3151,41.79032],[-94.31323,41.79066],[-94.3151,41.79057],[-94.3151,41.79032]]]}},{"type":"Feature","properties":{},"geometry":{"type":"Polygon","coordinates":[[[-94.32262,41.78607],[-94.31681,41.7844],[-94.31553,41.78726],[-94.31874,41.78778],[-94.32262,41.78607]]]}},{"type":"Feature","properties":{},"geometry":{"type":"Polygon","coordinates":[[[-94.32402,41.78705],[-94.32308,41.78673],[-94.32292,41.78735],[-94.32402,41.78705]]]}},{"type":"Feature","properties":{},"geometry":{"type":"Polygon","coordinates":[[[-94.32479,41.78131],[-94.32281,41.78134],[-94.3218,41.78271],[-94.32479,41.78131]]]}},{"type":"Feature","properties":{},"geometry":{"type":"Polygon","coordinates":[[[-94.46701,41.77561],[-94.46595,41.77994],[-94.46723,41.77982],[-94.46701,41.77561]]]}},{"type":"Feature","properties":{},"geometry":{"type":"Polygon","coordinates":[[[-94.23368,41.76793],[-94.23163,41.76748],[-94.23212,41.76846],[-94.23368,41.76793]]]}},{"type":"Feature","properties":{},"geometry":{"type":"Polygon","coordinates":[[[-94.323,41.74622],[-94.32054,41.72829],[-94.33227,41.71612],[-94.31806,41.7279],[-94.323,41.74622]]]}},{"type":"Feature","properties":{},"geometry":{"type":"Polygon","coordinates":[[[-94.13636,41.71787],[-94.13517,41.71709],[-94.13532,41.7181],[-94.13636,41.71787]]]}},{"type":"Feature","properties":{},"geometry":{"type":"Polygon","coordinates":[[[-94.40957,41.70567],[-94.41042,41.70459],[-94.40941,41.70285],[-94.40957,41.70567]]]}},{"type":"Feature","properties":{},"geometry":{"type":"Polygon","coordinates":[[[-94.0837,41.59882],[-94.08373,41.59735],[-94.08178,41.59758],[-94.0837,41.59882]]]}},{"type":"Feature","properties":{},"geometry":{"type":"Polygon","coordinates":[[[-94.10998,41.57037],[-94.11117,41.56897],[-94.10995,41.56872],[-94.10998,41.57037]]]}},{"type":"Feature","properties":{},"geometry":{"type":"Polygon","coordinates":[[[-94.30888,41.56303],[-94.30647,41.56269],[-94.30626,41.56383],[-94.30888,41.56303]]]}},{"type":"Feature","properties":{},"geometry":{"type":"Polygon","coordinates":[[[-94.26451,41.54218],[-94.26323,41.54172],[-94.26292,41.54261],[-94.26451,41.54218]]]}},{"type":"Feature","properties":{},"geometry":{"type":"Polygon","coordinates":[[[-94.28331,41.50612],[-94.28154,41.51033],[-94.28532,41.50599],[-94.28331,41.50612]]]}},{"type":"Feature","properties":{},"geometry":{"type":"Polygon","coordinates":[[[-94.06692,41.51165],[-94.06686,41.51048],[-94.06574,41.51099],[-94.06692,41.51165]]]}},{"type":"Feature","properties":{},"geometry":{"type":"Polygon","coordinates":[[[-95.01969,42.12991],[-95.02076,42.12895],[-95.01944,42.12925],[-95.01969,42.12991]]]}},{"type":"Feature","properties":{},"geometry":{"type":"Polygon","coordinates":[[[-93.68441,41.15935],[-93.68383,41.16047],[-93.68583,41.16084],[-93.68441,41.15935]]]}},{"type":"Feature","properties":{},"geometry":{"type":"Polygon","coordinates":[[[-93.65188,41.135],[-93.64931,41.1339],[-93.65179,41.13523],[-93.65188,41.135]]]}},{"type":"Feature","properties":{},"geometry":{"type":"Polygon","coordinates":[[[-93.66332,41.13152],[-93.66141,41.12944],[-93.65939,41.13104],[-93.66332,41.13152]]]}},{"type":"Feature","properties":{},"geometry":{"type":"Polygon","coordinates":[[[-93.634,41.12407],[-93.636,41.124],[-93.63521,41.12294],[-93.634,41.12407]]]}},{"type":"Feature","properties":{},"geometry":{"type":"Polygon","coordinates":[[[-93.86561,41.11878],[-93.86624,41.11983],[-93.8683,41.1188],[-93.86561,41.11878]]]}},{"type":"Feature","properties":{},"geometry":{"type":"Polygon","coordinates":[[[-93.46383,41.11314],[-93.46238,41.11433],[-93.4645,41.11497],[-93.46383,41.11314]]]}},{"type":"Feature","properties":{},"geometry":{"type":"Polygon","coordinates":[[[-93.4876,41.07347],[-93.4856,41.07242],[-93.48718,41.07404],[-93.4876,41.07347]]]}},{"type":"Feature","properties":{},"geometry":{"type":"Polygon","coordinates":[[[-93.53425,41.07207],[-93.53386,41.07013],[-93.53361,41.07214],[-93.53425,41.07207]]]}},{"type":"Feature","properties":{},"geometry":{"type":"Polygon","coordinates":[[[-93.46234,41.06665],[-93.46244,41.06876],[-93.46461,41.06589],[-93.46234,41.06665]]]}},{"type":"Feature","properties":{},"geometry":{"type":"Polygon","coordinates":[[[-93.45577,41.05817],[-93.45499,41.05931],[-93.45635,41.05842],[-93.45577,41.05817]]]}},{"type":"Feature","properties":{},"geometry":{"type":"Polygon","coordinates":[[[-93.5039,41.0342],[-93.50412,41.03237],[-93.50273,41.03285],[-93.5039,41.0342]]]}},{"type":"Feature","properties":{},"geometry":{"type":"Polygon","coordinates":[[[-93.76378,41.00705],[-93.76269,41.00486],[-93.76169,41.00742],[-93.76378,41.00705]]]}},{"type":"Feature","properties":{},"geometry":{"type":"Polygon","coordinates":[[[-94.0783,41.49452],[-94.07592,41.49475],[-94.07906,41.49567],[-94.0783,41.49452]]]}},{"type":"Feature","properties":{},"geometry":{"type":"Polygon","coordinates":[[[-94.08825,41.49542],[-94.08761,41.49103],[-94.08743,41.4937],[-94.08441,41.49363],[-94.08825,41.49542]]]}},{"type":"Feature","properties":{},"geometry":{"type":"Polygon","coordinates":[[[-94.09473,41.4875],[-94.08968,41.48826],[-94.09528,41.48869],[-94.09473,41.4875]]]}},{"type":"Feature","properties":{},"geometry":{"type":"Polygon","coordinates":[[[-94.10088,41.48565],[-94.09905,41.48595],[-94.09969,41.48872],[-94.10088,41.48565]]]}},{"type":"Feature","properties":{},"geometry":{"type":"Polygon","coordinates":[[[-93.38632,41.64588],[-93.38498,41.64508],[-93.3851,41.64582],[-93.38632,41.64588]]]}},{"type":"Feature","properties":{},"geometry":{"type":"Polygon","coordinates":[[[-93.38458,41.64286],[-93.38278,41.64309],[-93.38461,41.64328],[-93.38458,41.64286]]]}},{"type":"Feature","properties":{},"geometry":{"type":"Polygon","coordinates":[[[-93.43771,41.63891],[-93.4363,41.63962],[-93.43719,41.63981],[-93.43771,41.63891]]]}},{"type":"Feature","properties":{},"geometry":{"type":"Polygon","coordinates":[[[-93.4781,41.63117],[-93.47875,41.63229],[-93.47887,41.6314],[-93.4781,41.63117]]]}},{"type":"Feature","properties":{},"geometry":{"type":"Polygon","coordinates":[[[-93.44339,41.61965],[-93.44214,41.61919],[-93.44248,41.62001],[-93.44339,41.61965]]]}},{"type":"Feature","properties":{},"geometry":{"type":"Polygon","coordinates":[[[-93.48813,41.60758],[-93.48566,41.60694],[-93.48553,41.6071],[-93.48813,41.60758]]]}},{"type":"Feature","properties":{},"geometry":{"type":"Polygon","coordinates":[[[-93.41636,41.58964],[-93.41599,41.58834],[-93.41508,41.58976],[-93.41636,41.58964]]]}},{"type":"Feature","properties":{},"geometry":{"type":"Polygon","coordinates":[[[-93.57988,41.58841],[-93.57717,41.58868],[-93.57976,41.58889],[-93.57988,41.58841]]]}},{"type":"Feature","properties":{},"geometry":{"type":"Polygon","coordinates":[[[-93.56035,41.58352],[-93.55883,41.58229],[-93.55886,41.58366],[-93.56035,41.58352]]]}},{"type":"Feature","properties":{},"geometry":{"type":"Polygon","coordinates":[[[-93.57092,41.58273],[-93.56964,41.58298],[-93.57132,41.58353],[-93.57092,41.58273]]]}},{"type":"Feature","properties":{},"geometry":{"type":"Polygon","coordinates":[[[-93.55529,41.58128],[-93.55411,41.5824],[-93.55612,41.58176],[-93.55529,41.58128]]]}},{"type":"Feature","properties":{},"geometry":{"type":"Polygon","coordinates":[[[-93.57285,41.57918],[-93.57221,41.5801],[-93.57279,41.58017],[-93.57285,41.57918]]]}},{"type":"Feature","properties":{},"geometry":{"type":"Polygon","coordinates":[[[-93.56221,41.57954],[-93.55905,41.57812],[-93.55917,41.57957],[-93.56221,41.57954]]]}},{"type":"Feature","properties":{},"geometry":{"type":"Polygon","coordinates":[[[-93.5577,41.57929],[-93.55569,41.57803],[-93.55539,41.57856],[-93.5577,41.57929]]]}},{"type":"Feature","properties":{},"geometry":{"type":"Polygon","coordinates":[[[-93.58062,41.57379],[-93.57821,41.57564],[-93.58217,41.5763],[-93.58062,41.57379]]]}},{"type":"Feature","properties":{},"geometry":{"type":"Polygon","coordinates":[[[-93.57684,41.57237],[-93.57261,41.57532],[-93.5766,41.57628],[-93.57684,41.57237]]]}},{"type":"Feature","properties":{},"geometry":{"type":"Polygon","coordinates":[[[-93.55311,41.57462],[-93.55201,41.57599],[-93.55295,41.57618],[-93.55311,41.57462]]]}},{"type":"Feature","properties":{},"geometry":{"type":"Polygon","coordinates":[[[-93.43005,41.56772],[-93.42746,41.56857],[-93.43011,41.56884],[-93.43005,41.56772]]]}},{"type":"Feature","properties":{},"geometry":{"type":"Polygon","coordinates":[[[-93.55138,41.56524],[-93.54992,41.56753],[-93.5522,41.56583],[-93.55138,41.56524]]]}},{"type":"Feature","properties":{},"geometry":{"type":"Polygon","coordinates":[[[-93.56549,41.56559],[-93.56393,41.56511],[-93.5678,41.56674],[-93.56549,41.56559]]]}},{"type":"Feature","properties":{},"geometry":{"type":"Polygon","coordinates":[[[-93.51528,41.56523],[-93.51364,41.56468],[-93.51361,41.565],[-93.51528,41.56523]]]}},{"type":"Feature","properties":{},"geometry":{"type":"Polygon","coordinates":[[[-93.47888,41.56389],[-93.47635,41.56373],[-93.47608,41.56419],[-93.47888,41.56389]]]}},{"type":"Feature","properties":{},"geometry":{"type":"Polygon","coordinates":[[[-93.54663,41.56336],[-93.54581,41.56267],[-93.54569,41.56366],[-93.54663,41.56336]]]}},{"type":"Feature","properties":{},"geometry":{"type":"Polygon","coordinates":[[[-93.49755,41.56126],[-93.49606,41.56145],[-93.49697,41.56222],[-93.49755,41.56126]]]}},{"type":"Feature","properties":{},"geometry":{"type":"Polygon","coordinates":[[[-93.51827,41.56171],[-93.51779,41.56048],[-93.51763,41.56194],[-93.51827,41.56171]]]}},{"type":"Feature","properties":{},"geometry":{"type":"Polygon","coordinates":[[[-93.4973,41.55781],[-93.50098,41.55772],[-93.49757,41.55515],[-93.4973,41.55781]]]}},{"type":"Feature","properties":{},"geometry":{"type":"Polygon","coordinates":[[[-93.52443,41.55897],[-93.52315,41.55785],[-93.5227,41.55824],[-93.52443,41.55897]]]}},{"type":"Feature","properties":{},"geometry":{"type":"Polygon","coordinates":[[[-93.51883,41.55638],[-93.51606,41.55883],[-93.52111,41.55737],[-93.51883,41.55638]]]}},{"type":"Feature","properties":{},"geometry":{"type":"Polygon","coordinates":[[[-93.52447,41.55723],[-93.52173,41.55488],[-93.52169,41.55732],[-93.52447,41.55723]]]}},{"type":"Feature","properties":{},"geometry":{"type":"Polygon","coordinates":[[[-93.52852,41.55481],[-93.52724,41.55561],[-93.52846,41.55548],[-93.52852,41.55481]]]}},{"type":"Feature","properties":{},"geometry":{"type":"Polygon","coordinates":[[[-93.55612,41.55069],[-93.55426,41.55119],[-93.55627,41.5511],[-93.55612,41.55069]]]}},{"type":"Feature","properties":{},"geometry":{"type":"Polygon","coordinates":[[[-93.55262,41.54984],[-93.55161,41.55039],[-93.55259,41.55069],[-93.55262,41.54984]]]}},{"type":"Feature","properties":{},"geometry":{"type":"Polygon","coordinates":[[[-93.5511,41.54964],[-93.54966,41.54977],[-93.55091,41.55007],[-93.5511,41.54964]]]}},{"type":"Feature","properties":{},"geometry":{"type":"Polygon","coordinates":[[[-93.53331,41.54855],[-93.52994,41.545],[-93.5309,41.54923],[-93.53331,41.54855]]]}},{"type":"Feature","properties":{},"geometry":{"type":"Polygon","coordinates":[[[-93.55086,41.54321],[-93.56026,41.54694],[-93.58299,41.54229],[-93.55649,41.54451],[-93.56058,41.54008],[-93.55345,41.54204],[-93.55154,41.53225],[-93.55086,41.54321]]]}},{"type":"Feature","properties":{},"geometry":{"type":"Polygon","coordinates":[[[-93.46142,41.53967],[-93.45957,41.54066],[-93.45981,41.54139],[-93.46142,41.53967]]]}},{"type":"Feature","properties":{},"geometry":{"type":"Polygon","coordinates":[[[-93.28018,41.53916],[-93.2813,41.54013],[-93.28204,41.53967],[-93.28018,41.53916]]]}},{"type":"Feature","properties":{},"geometry":{"type":"Polygon","coordinates":[[[-93.43203,41.53587],[-93.43063,41.53594],[-93.43003,41.53688],[-93.43203,41.53587]]]}},{"type":"Feature","properties":{},"geometry":{"type":"Polygon","coordinates":[[[-93.44641,41.536],[-93.44513,41.53554],[-93.44665,41.53648],[-93.44641,41.536]]]}},{"type":"Feature","properties":{},"geometry":{"type":"Polygon","coordinates":[[[-93.34279,41.53368],[-93.34251,41.53584],[-93.34504,41.53533],[-93.34279,41.53368]]]}},{"type":"Feature","properties":{},"geometry":{"type":"Polygon","coordinates":[[[-93.46643,41.5305],[-93.46409,41.53098],[-93.46656,41.53146],[-93.46643,41.5305]]]}},{"type":"Feature","properties":{},"geometry":{"type":"Polygon","coordinates":[[[-93.59551,41.52101],[-93.5949,41.52055],[-93.59466,41.52133],[-93.59551,41.52101]]]}},{"type":"Feature","properties":{},"geometry":{"type":"Polygon","coordinates":[[[-93.49619,41.52113],[-93.50021,41.52035],[-93.49513,41.52017],[-93.49619,41.52113]]]}},{"type":"Feature","properties":{},"geometry":{"type":"Polygon","coordinates":[[[-93.59898,41.52017],[-93.59743,41.51943],[-93.59743,41.51998],[-93.59898,41.52017]]]}},{"type":"Feature","properties":{},"geometry":{"type":"Polygon","coordinates":[[[-93.72939,41.51838],[-93.73094,41.51868],[-93.73073,41.51694],[-93.72939,41.51838]]]}},{"type":"Feature","properties":{},"geometry":{"type":"Polygon","coordinates":[[[-93.58799,41.51767],[-93.58717,41.51772],[-93.58778,41.51817],[-93.58799,41.51767]]]}},{"type":"Feature","properties":{},"geometry":{"type":"Polygon","coordinates":[[[-93.27531,41.51688],[-93.27516,41.51539],[-93.27413,41.5158],[-93.27531,41.51688]]]}},{"type":"Feature","properties":{},"geometry":{"type":"Polygon","coordinates":[[[-93.72152,41.50961],[-93.71425,41.50982],[-93.72168,41.51118],[-93.72152,41.50961]]]}},{"type":"Feature","properties":{},"geometry":{"type":"Polygon","coordinates":[[[-93.64781,41.51138],[-93.64665,41.51044],[-93.64692,41.51125],[-93.64781,41.51138]]]}},{"type":"Feature","properties":{},"geometry":{"type":"Polygon","coordinates":[[[-93.59902,41.50944],[-93.59786,41.50969],[-93.59899,41.50969],[-93.59902,41.50944]]]}},{"type":"Feature","properties":{},"geometry":{"type":"Polygon","coordinates":[[[-93.45201,41.50836],[-93.44969,41.50848],[-93.45241,41.5104],[-93.45201,41.50836]]]}},{"type":"Feature","properties":{},"geometry":{"type":"Polygon","coordinates":[[[-93.671,41.50682],[-93.67103,41.50815],[-93.67282,41.50705],[-93.671,41.50682]]]}},{"type":"Feature","properties":{},"geometry":{"type":"Polygon","coordinates":[[[-93.4241,41.50579],[-93.42239,41.50696],[-93.42391,41.50709],[-93.4241,41.50579]]]}},{"type":"Feature","properties":{},"geometry":{"type":"Polygon","coordinates":[[[-93.3432,41.50518],[-93.3414,41.50451],[-93.34448,41.5071],[-93.3432,41.50518]]]}},{"type":"Feature","properties":{},"geometry":{"type":"Polygon","coordinates":[[[-93.33876,41.50355],[-93.33644,41.50367],[-93.3383,41.50449],[-93.33876,41.50355]]]}},{"type":"Feature","properties":{},"geometry":{"type":"Polygon","coordinates":[[[-93.43143,41.50341],[-93.4303,41.50384],[-93.43143,41.50382],[-93.43143,41.50341]]]}},{"type":"Feature","properties":{},"geometry":{"type":"Polygon","coordinates":[[[-93.43377,41.50286],[-93.43131,41.50233],[-93.43121,41.50267],[-93.43377,41.50286]]]}},{"type":"Feature","properties":{},"geometry":{"type":"Polygon","coordinates":[[[-93.59578,41.79561],[-93.59377,41.7949],[-93.59349,41.79531],[-93.59578,41.79561]]]}},{"type":"Feature","properties":{},"geometry":{"type":"Polygon","coordinates":[[[-93.89183,41.7896],[-93.88997,41.78912],[-93.89223,41.79083],[-93.89183,41.7896]]]}},{"type":"Feature","properties":{},"geometry":{"type":"Polygon","coordinates":[[[-93.55693,41.70786],[-93.5558,41.70681],[-93.55599,41.70834],[-93.55693,41.70786]]]}},{"type":"Feature","properties":{},"geometry":{"type":"Polygon","coordinates":[[[-93.51681,41.69358],[-93.51342,41.69369],[-93.51342,41.69401],[-93.51681,41.69358]]]}},{"type":"Feature","properties":{},"geometry":{"type":"Polygon","coordinates":[[[-93.66132,41.66832],[-93.65583,41.67146],[-93.65571,41.67322],[-93.65763,41.67503],[-93.66175,41.67544],[-93.66642,41.67225],[-93.65766,41.67441],[-93.66132,41.66832]]]}},{"type":"Feature","properties":{},"geometry":{"type":"Polygon","coordinates":[[[-93.50934,41.6699],[-93.50879,41.67243],[-93.51196,41.67235],[-93.50934,41.6699]]]}},{"type":"Feature","properties":{},"geometry":{"type":"Polygon","coordinates":[[[-93.38562,41.65668],[-93.38382,41.65632],[-93.3851,41.6573],[-93.38562,41.65668]]]}},{"type":"Feature","properties":{},"geometry":{"type":"Polygon","coordinates":[[[-93.43153,41.64967],[-93.43049,41.6501],[-93.43153,41.65022],[-93.43153,41.64967]]]}},{"type":"Feature","properties":{},"geometry":{"type":"Polygon","coordinates":[[[-93.66841,41.50774],[-93.66488,41.50541],[-93.66491,41.50783],[-93.66841,41.50774]]]}},{"type":"Feature","properties":{},"geometry":{"type":"Polygon","coordinates":[[[-92.95635,41.38717],[-92.96272,41.38275],[-92.95893,41.38301],[-92.95635,41.38717]]]}},{"type":"Feature","properties":{},"geometry":{"type":"Polygon","coordinates":[[[-93.33389,41.4973],[-93.3362,41.50001],[-93.3366,41.49724],[-93.33389,41.4973]]]}},{"type":"Feature","properties":{},"geometry":{"type":"Polygon","coordinates":[[[-93.35927,41.49292],[-93.35894,41.49614],[-93.36007,41.49621],[-93.35927,41.49292]]]}},{"type":"Feature","properties":{},"geometry":{"type":"Polygon","coordinates":[[[-93.3384,41.49278],[-93.33563,41.49083],[-93.3356,41.493],[-93.3384,41.49278]]]}},{"type":"Feature","properties":{},"geometry":{"type":"Polygon","coordinates":[[[-93.82108,41.48752],[-93.81189,41.48626],[-93.82087,41.48901],[-93.82108,41.48752]]]}},{"type":"Feature","properties":{},"geometry":{"type":"Polygon","coordinates":[[[-93.78302,41.48858],[-93.78576,41.48824],[-93.78518,41.48695],[-93.78302,41.48858]]]}},{"type":"Feature","properties":{},"geometry":{"type":"Polygon","coordinates":[[[-93.9133,41.48414],[-93.91281,41.48565],[-93.91372,41.48545],[-93.9133,41.48414]]]}},{"type":"Feature","properties":{},"geometry":{"type":"Polygon","coordinates":[[[-93.9662,41.47997],[-93.9634,41.48107],[-93.9669,41.48102],[-93.9662,41.47997]]]}},{"type":"Feature","properties":{},"geometry":{"type":"Polygon","coordinates":[[[-93.89273,41.47754],[-93.89641,41.47749],[-93.89589,41.47644],[-93.89273,41.47754]]]}},{"type":"Feature","properties":{},"geometry":{"type":"Polygon","coordinates":[[[-93.78234,41.47366],[-93.78486,41.4719],[-93.7827,41.47185],[-93.78234,41.47366]]]}},{"type":"Feature","properties":{},"geometry":{"type":"Polygon","coordinates":[[[-93.87049,41.47104],[-93.86854,41.47152],[-93.87067,41.47381],[-93.87049,41.47104]]]}},{"type":"Feature","properties":{},"geometry":{"type":"Polygon","coordinates":[[[-93.63998,41.47255],[-93.63685,41.47296],[-93.64035,41.47457],[-93.63998,41.47255]]]}},{"type":"Feature","properties":{},"geometry":{"type":"MultiPolygon","coordinates":[[[[-93.24604,41.47471],[-93.23423,41.46816],[-93.23439,41.47251],[-93.23721,41.47099],[-93.24124,41.47437],[-93.24604,41.47471]]],[[[-93.23587,41.4701],[-93.23496,41.4696],[-93.23554,41.47049],[-93.23587,41.4701]]]]}},{"type":"Feature","properties":{},"geometry":{"type":"Polygon","coordinates":[[[-93.9466,41.47122],[-93.94468,41.47077],[-93.94495,41.47136],[-93.9466,41.47122]]]}},{"type":"Feature","properties":{},"geometry":{"type":"Polygon","coordinates":[[[-93.73494,41.47033],[-93.73245,41.46969],[-93.73285,41.47113],[-93.73494,41.47033]]]}},{"type":"Feature","properties":{},"geometry":{"type":"Polygon","coordinates":[[[-93.7451,41.47061],[-93.74182,41.46966],[-93.74495,41.47091],[-93.7451,41.47061]]]}},{"type":"Feature","properties":{},"geometry":{"type":"Polygon","coordinates":[[[-93.88667,41.46756],[-93.88421,41.46731],[-93.88436,41.46928],[-93.88667,41.46756]]]}},{"type":"Feature","properties":{},"geometry":{"type":"Polygon","coordinates":[[[-93.91523,41.4603],[-93.91392,41.45904],[-93.91176,41.46017],[-93.91523,41.4603]]]}},{"type":"Feature","properties":{},"geometry":{"type":"Polygon","coordinates":[[[-93.84601,41.45756],[-93.84349,41.45832],[-93.84613,41.45857],[-93.84601,41.45756]]]}},{"type":"Feature","properties":{},"geometry":{"type":"Polygon","coordinates":[[[-93.35101,41.46057],[-93.34845,41.45944],[-93.3459,41.46008],[-93.35101,41.46057]]]}},{"type":"Feature","properties":{},"geometry":{"type":"Polygon","coordinates":[[[-93.93095,41.45654],[-93.93292,41.45702],[-93.93356,41.45526],[-93.93095,41.45654]]]}},{"type":"Feature","properties":{},"geometry":{"type":"Polygon","coordinates":[[[-93.2392,41.45571],[-93.23371,41.45178],[-93.2291,41.45357],[-93.22874,41.4586],[-93.2392,41.45571]]]}},{"type":"Feature","properties":{},"geometry":{"type":"Polygon","coordinates":[[[-93.85477,41.45354],[-93.85395,41.45425],[-93.85599,41.45418],[-93.85477,41.45354]]]}},{"type":"Feature","properties":{},"geometry":{"type":"Polygon","coordinates":[[[-93.22493,41.45428],[-93.22024,41.44694],[-93.21717,41.44994],[-93.22493,41.45428]]]}},{"type":"Feature","properties":{},"geometry":{"type":"Polygon","coordinates":[[[-93.8843,41.44823],[-93.88274,41.44647],[-93.88265,41.44828],[-93.8843,41.44823]]]}},{"type":"Feature","properties":{},"geometry":{"type":"Polygon","coordinates":[[[-93.8718,41.44292],[-93.87153,41.44565],[-93.87447,41.44494],[-93.8718,41.44292]]]}},{"type":"Feature","properties":{},"geometry":{"type":"Polygon","coordinates":[[[-93.54979,41.44457],[-93.54797,41.44331],[-93.54593,41.44407],[-93.54979,41.44457]]]}},{"type":"Feature","properties":{},"geometry":{"type":"Polygon","coordinates":[[[-93.55341,41.44105],[-93.54861,41.43885],[-93.54846,41.43945],[-93.55341,41.44105]]]}},{"type":"Feature","properties":{},"geometry":{"type":"Polygon","coordinates":[[[-93.14236,41.4411],[-93.14203,41.44206],[-93.14254,41.44211],[-93.14236,41.4411]]]}},{"type":"Feature","properties":{},"geometry":{"type":"Polygon","coordinates":[[[-93.27115,41.43728],[-93.26862,41.43776],[-93.26884,41.43826],[-93.27115,41.43728]]]}},{"type":"Feature","properties":{},"geometry":{"type":"Polygon","coordinates":[[[-93.61826,41.43345],[-93.61687,41.43524],[-93.61951,41.43606],[-93.61826,41.43345]]]}},{"type":"Feature","properties":{},"geometry":{"type":"Polygon","coordinates":[[[-93.14215,41.43668],[-93.14318,41.43575],[-93.13947,41.43673],[-93.14215,41.43668]]]}},{"type":"Feature","properties":{},"geometry":{"type":"Polygon","coordinates":[[[-93.88882,41.42979],[-93.88742,41.43073],[-93.889,41.431],[-93.88882,41.42979]]]}},{"type":"Feature","properties":{},"geometry":{"type":"Polygon","coordinates":[[[-93.73305,41.42912],[-93.73229,41.43029],[-93.73366,41.42976],[-93.73305,41.42912]]]}},{"type":"Feature","properties":{},"geometry":{"type":"MultiPolygon","coordinates":[[[[-93.15844,41.42787],[-93.15902,41.43016],[-93.16397,41.43082],[-93.16406,41.42631],[-93.15844,41.42787]]],[[[-93.16066,41.42904],[-93.15947,41.42927],[-93.16047,41.42984],[-93.16066,41.42904]]]]}},{"type":"Feature","properties":{},"geometry":{"type":"Polygon","coordinates":[[[-93.13138,41.42968],[-93.13311,41.43094],[-93.13348,41.43145],[-93.13327,41.43046],[-93.13138,41.42968]]]}},{"type":"Feature","properties":{},"geometry":{"type":"Polygon","coordinates":[[[-93.23853,41.42365],[-93.23464,41.42588],[-93.24322,41.42594],[-93.23853,41.42365]]]}},{"type":"Feature","properties":{},"geometry":{"type":"Polygon","coordinates":[[[-93.31105,41.42296],[-93.31184,41.42111],[-93.30874,41.42147],[-93.31105,41.42296]]]}},{"type":"Feature","properties":{},"geometry":{"type":"Polygon","coordinates":[[[-93.15877,41.42176],[-93.15983,41.42018],[-93.1584,41.42023],[-93.15877,41.42176]]]}},{"type":"Feature","properties":{},"geometry":{"type":"Polygon","coordinates":[[[-93.86189,41.41531],[-93.85794,41.41469],[-93.85794,41.41494],[-93.86189,41.41531]]]}},{"type":"Feature","properties":{},"geometry":{"type":"Polygon","coordinates":[[[-93.58283,41.4121],[-93.58134,41.41315],[-93.58249,41.41327],[-93.58283,41.4121]]]}},{"type":"Feature","properties":{},"geometry":{"type":"Polygon","coordinates":[[[-93.16077,41.41282],[-93.16004,41.4114],[-93.1594,41.41227],[-93.16077,41.41282]]]}},{"type":"Feature","properties":{},"geometry":{"type":"Polygon","coordinates":[[[-93.74669,41.40696],[-93.74809,41.40824],[-93.74866,41.40653],[-93.74669,41.40696]]]}},{"type":"Feature","properties":{},"geometry":{"type":"Polygon","coordinates":[[[-93.52636,41.39242],[-93.52448,41.39063],[-93.52293,41.3925],[-93.52636,41.39242]]]}},{"type":"Feature","properties":{},"geometry":{"type":"Polygon","coordinates":[[[-93.19166,41.39253],[-93.19026,41.39015],[-93.18977,41.39267],[-93.19166,41.39253]]]}},{"type":"Feature","properties":{},"geometry":{"type":"Polygon","coordinates":[[[-93.81596,41.38864],[-93.81441,41.38931],[-93.81596,41.38892],[-93.81596,41.38864]]]}},{"type":"Feature","properties":{},"geometry":{"type":"Polygon","coordinates":[[[-93.32965,41.38957],[-93.33065,41.39083],[-93.33193,41.38916],[-93.32965,41.38957]]]}},{"type":"Feature","properties":{},"geometry":{"type":"Polygon","coordinates":[[[-93.75546,41.38345],[-93.75348,41.38466],[-93.75582,41.38389],[-93.75546,41.38345]]]}},{"type":"Feature","properties":{},"geometry":{"type":"Polygon","coordinates":[[[-93.7869,41.38206],[-93.78541,41.38277],[-93.78726,41.3833],[-93.7869,41.38206]]]}},{"type":"Feature","properties":{},"geometry":{"type":"Polygon","coordinates":[[[-93.59169,41.38017],[-93.59047,41.37879],[-93.58993,41.37927],[-93.59169,41.38017]]]}},{"type":"Feature","properties":{},"geometry":{"type":"Polygon","coordinates":[[[-93.77858,41.37887],[-93.77691,41.37752],[-93.77694,41.37796],[-93.77858,41.37887]]]}},{"type":"Feature","properties":{},"geometry":{"type":"Polygon","coordinates":[[[-93.26477,41.37733],[-93.26271,41.37717],[-93.26258,41.37861],[-93.26477,41.37733]]]}},{"type":"Feature","properties":{},"geometry":{"type":"Polygon","coordinates":[[[-93.22773,41.3764],[-93.22545,41.37747],[-93.22603,41.378],[-93.22773,41.3764]]]}},{"type":"Feature","properties":{},"geometry":{"type":"Polygon","coordinates":[[[-93.31948,41.37721],[-93.31742,41.37526],[-93.31775,41.37753],[-93.31948,41.37721]]]}},{"type":"Feature","properties":{},"geometry":{"type":"Polygon","coordinates":[[[-93.68627,41.37334],[-93.68466,41.37217],[-93.68421,41.37279],[-93.68627,41.37334]]]}},{"type":"Feature","properties":{},"geometry":{"type":"Polygon","coordinates":[[[-93.67106,41.37323],[-93.67036,41.37229],[-93.67063,41.37298],[-93.67106,41.37323]]]}},{"type":"Feature","properties":{},"geometry":{"type":"Polygon","coordinates":[[[-93.59303,41.37218],[-93.59103,41.37204],[-93.59063,41.37287],[-93.59303,41.37218]]]}},{"type":"Feature","properties":{},"geometry":{"type":"Polygon","coordinates":[[[-93.46485,41.37188],[-93.46306,41.37243],[-93.46497,41.37243],[-93.46485,41.37188]]]}},{"type":"Feature","properties":{},"geometry":{"type":"Polygon","coordinates":[[[-93.33595,41.36827],[-93.33358,41.36728],[-93.33361,41.36868],[-93.33595,41.36827]]]}},{"type":"Feature","properties":{},"geometry":{"type":"Polygon","coordinates":[[[-93.37871,41.36203],[-93.36993,41.36136],[-93.36835,41.36301],[-93.37139,41.36379],[-93.37871,41.36203]]]}},{"type":"Feature","properties":{},"geometry":{"type":"Polygon","coordinates":[[[-93.80591,41.35993],[-93.80481,41.36011],[-93.80533,41.36054],[-93.80591,41.35993]]]}},{"type":"Feature","properties":{},"geometry":{"type":"Polygon","coordinates":[[[-93.39535,41.35363],[-93.39711,41.35557],[-93.39896,41.35434],[-93.39535,41.35363]]]}},{"type":"Feature","properties":{},"geometry":{"type":"Polygon","coordinates":[[[-93.19502,41.35471],[-93.19341,41.35396],[-93.1935,41.35567],[-93.19502,41.35471]]]}},{"type":"Feature","properties":{},"geometry":{"type":"Polygon","coordinates":[[[-93.48136,41.34775],[-93.4802,41.34656],[-93.48033,41.34784],[-93.48136,41.34775]]]}},{"type":"Feature","properties":{},"geometry":{"type":"Polygon","coordinates":[[[-93.48133,41.34594],[-93.48011,41.34477],[-93.48029,41.34601],[-93.48133,41.34594]]]}},{"type":"Feature","properties":{},"geometry":{"type":"Polygon","coordinates":[[[-93.60394,41.34057],[-93.60173,41.34043],[-93.60191,41.34201],[-93.60394,41.34057]]]}},{"type":"Feature","properties":{},"geometry":{"type":"Polygon","coordinates":[[[-93.05575,41.33746],[-93.05406,41.3362],[-93.05372,41.33789],[-93.05575,41.33746]]]}},{"type":"Feature","properties":{},"geometry":{"type":"Polygon","coordinates":[[[-93.49712,41.33279],[-93.49439,41.3325],[-93.49615,41.33336],[-93.49712,41.33279]]]}},{"type":"Feature","properties":{},"geometry":{"type":"Polygon","coordinates":[[[-93.49987,41.32538],[-93.49802,41.32513],[-93.49935,41.32606],[-93.49987,41.32538]]]}},{"type":"Feature","properties":{},"geometry":{"type":"Polygon","coordinates":[[[-93.6265,41.31826],[-93.62398,41.31741],[-93.62456,41.31879],[-93.6265,41.31826]]]}},{"type":"Feature","properties":{},"geometry":{"type":"Polygon","coordinates":[[[-93.84576,41.3138],[-93.8441,41.31396],[-93.84525,41.31485],[-93.84576,41.3138]]]}},{"type":"Feature","properties":{},"geometry":{"type":"Polygon","coordinates":[[[-93.35237,41.31359],[-93.35018,41.31389],[-93.35112,41.31528],[-93.35237,41.31359]]]}},{"type":"Feature","properties":{},"geometry":{"type":"Polygon","coordinates":[[[-93.56439,41.30662],[-93.56305,41.30548],[-93.56323,41.30681],[-93.56439,41.30662]]]}},{"type":"Feature","properties":{},"geometry":{"type":"Polygon","coordinates":[[[-93.7654,41.3016],[-93.76601,41.30357],[-93.76701,41.30233],[-93.7654,41.3016]]]}},{"type":"Feature","properties":{},"geometry":{"type":"Polygon","coordinates":[[[-93.44063,41.30154],[-93.44063,41.30337],[-93.44212,41.30145],[-93.44063,41.30154]]]}},{"type":"Feature","properties":{},"geometry":{"type":"Polygon","coordinates":[[[-93.57738,41.29654],[-93.57535,41.29754],[-93.57735,41.29755],[-93.57738,41.29654]]]}},{"type":"Feature","properties":{},"geometry":{"type":"Polygon","coordinates":[[[-93.35959,41.29483],[-93.35762,41.29522],[-93.35974,41.29664],[-93.35959,41.29483]]]}},{"type":"Feature","properties":{},"geometry":{"type":"Polygon","coordinates":[[[-93.70706,41.28849],[-93.70539,41.28757],[-93.70515,41.2887],[-93.70706,41.28849]]]}},{"type":"Feature","properties":{},"geometry":{"type":"Polygon","coordinates":[[[-93.36175,41.28831],[-93.36454,41.28964],[-93.36493,41.28918],[-93.36175,41.28831]]]}},{"type":"Feature","properties":{},"geometry":{"type":"Polygon","coordinates":[[[-93.57017,41.28784],[-93.56814,41.28834],[-93.57002,41.28871],[-93.57017,41.28784]]]}},{"type":"Feature","properties":{},"geometry":{"type":"Polygon","coordinates":[[[-93.40073,41.28682],[-93.39866,41.28765],[-93.40082,41.28698],[-93.40073,41.28682]]]}},{"type":"Feature","properties":{},"geometry":{"type":"Polygon","coordinates":[[[-93.83022,41.2811],[-93.8284,41.2808],[-93.82822,41.28128],[-93.83022,41.2811]]]}},{"type":"Feature","properties":{},"geometry":{"type":"Polygon","coordinates":[[[-93.16625,41.28419],[-93.16313,41.28368],[-93.1631,41.28416],[-93.16625,41.28419]]]}},{"type":"Feature","properties":{},"geometry":{"type":"Polygon","coordinates":[[[-93.86871,41.28012],[-93.86865,41.27861],[-93.86804,41.27962],[-93.86871,41.28012]]]}},{"type":"Feature","properties":{},"geometry":{"type":"Polygon","coordinates":[[[-93.55283,41.27996],[-93.55386,41.28129],[-93.55428,41.27999],[-93.55283,41.27996]]]}},{"type":"Feature","properties":{},"geometry":{"type":"Polygon","coordinates":[[[-93.94174,41.27688],[-93.94355,41.27665],[-93.94164,41.27626],[-93.94174,41.27688]]]}},{"type":"Feature","properties":{},"geometry":{"type":"Polygon","coordinates":[[[-93.79028,41.277],[-93.78986,41.27563],[-93.78983,41.2771],[-93.79028,41.277]]]}},{"type":"Feature","properties":{},"geometry":{"type":"Polygon","coordinates":[[[-93.58437,41.27243],[-93.58892,41.2773],[-93.59183,41.27751],[-93.58959,41.27424],[-93.58437,41.27243]]]}},{"type":"Feature","properties":{},"geometry":{"type":"Polygon","coordinates":[[[-93.6903,41.27514],[-93.68997,41.27663],[-93.69118,41.27585],[-93.6903,41.27514]]]}},{"type":"Feature","properties":{},"geometry":{"type":"Polygon","coordinates":[[[-93.67984,41.27393],[-93.67851,41.27313],[-93.67887,41.27407],[-93.67984,41.27393]]]}},{"type":"Feature","properties":{},"geometry":{"type":"Polygon","coordinates":[[[-93.7919,41.26685],[-93.79051,41.26463],[-93.78987,41.26547],[-93.7919,41.26685]]]}},{"type":"Feature","properties":{},"geometry":{"type":"Polygon","coordinates":[[[-93.69095,41.25054],[-93.68973,41.2513],[-93.69168,41.25237],[-93.69095,41.25054]]]}},{"type":"Feature","properties":{},"geometry":{"type":"Polygon","coordinates":[[[-93.72451,41.24931],[-93.72411,41.25075],[-93.72502,41.25049],[-93.72451,41.24931]]]}},{"type":"Feature","properties":{},"geometry":{"type":"Polygon","coordinates":[[[-93.45874,41.24647],[-93.46125,41.24596],[-93.45752,41.24459],[-93.45874,41.24647]]]}},{"type":"Feature","properties":{},"geometry":{"type":"Polygon","coordinates":[[[-93.62465,41.24423],[-93.62214,41.24519],[-93.62502,41.24562],[-93.62465,41.24423]]]}},{"type":"Feature","properties":{},"geometry":{"type":"Polygon","coordinates":[[[-93.5879,41.21894],[-93.58311,41.21768],[-93.58393,41.22089],[-93.5879,41.21894]]]}},{"type":"Feature","properties":{},"geometry":{"type":"Polygon","coordinates":[[[-93.77473,41.21918],[-93.77212,41.21847],[-93.7747,41.21963],[-93.77473,41.21918]]]}},{"type":"Feature","properties":{},"geometry":{"type":"Polygon","coordinates":[[[-93.5033,41.21532],[-93.50506,41.21459],[-93.50194,41.21287],[-93.5033,41.21532]]]}},{"type":"Feature","properties":{},"geometry":{"type":"Polygon","coordinates":[[[-93.72005,41.20465],[-93.72159,41.20518],[-93.7215,41.20396],[-93.72005,41.20465]]]}},{"type":"Feature","properties":{},"geometry":{"type":"Polygon","coordinates":[[[-93.62459,41.19481],[-93.62253,41.19447],[-93.62374,41.1963],[-93.62459,41.19481]]]}},{"type":"Feature","properties":{},"geometry":{"type":"Polygon","coordinates":[[[-93.58119,41.18593],[-93.58237,41.18435],[-93.58104,41.18464],[-93.58119,41.18593]]]}},{"type":"Feature","properties":{},"geometry":{"type":"Polygon","coordinates":[[[-93.9208,41.1778],[-93.91965,41.17702],[-93.92005,41.17768],[-93.9208,41.1778]]]}},{"type":"Feature","properties":{},"geometry":{"type":"Polygon","coordinates":[[[-93.45595,41.17547],[-93.45404,41.17506],[-93.45607,41.1763],[-93.45595,41.17547]]]}},{"type":"Feature","properties":{},"geometry":{"type":"Polygon","coordinates":[[[-94.59159,41.49826],[-94.59049,41.49767],[-94.59046,41.49822],[-94.59159,41.49826]]]}},{"type":"Feature","properties":{},"geometry":{"type":"Polygon","coordinates":[[[-94.44658,41.49827],[-94.4446,41.49937],[-94.4467,41.49848],[-94.44658,41.49827]]]}},{"type":"Feature","properties":{},"geometry":{"type":"Polygon","coordinates":[[[-94.63181,41.49042],[-94.6305,41.49101],[-94.63224,41.4909],[-94.63181,41.49042]]]}},{"type":"Feature","properties":{},"geometry":{"type":"Polygon","coordinates":[[[-94.54198,41.48577],[-94.53988,41.48582],[-94.54204,41.48607],[-94.54198,41.48577]]]}},{"type":"Feature","properties":{},"geometry":{"type":"Polygon","coordinates":[[[-94.5922,41.48456],[-94.59111,41.48367],[-94.59165,41.48484],[-94.5922,41.48456]]]}},{"type":"Feature","properties":{},"geometry":{"type":"Polygon","coordinates":[[[-94.17967,41.48436],[-94.17642,41.48475],[-94.17694,41.48568],[-94.17967,41.48436]]]}},{"type":"Feature","properties":{},"geometry":{"type":"Polygon","coordinates":[[[-94.44425,41.48146],[-94.44318,41.48054],[-94.44221,41.48121],[-94.44425,41.48146]]]}},{"type":"Feature","properties":{},"geometry":{"type":"Polygon","coordinates":[[[-94.53158,41.47936],[-94.52927,41.47806],[-94.52927,41.47938],[-94.53158,41.47936]]]}},{"type":"Feature","properties":{},"geometry":{"type":"Polygon","coordinates":[[[-94.44671,41.4775],[-94.444,41.47782],[-94.44424,41.47855],[-94.44671,41.4775]]]}},{"type":"Feature","properties":{},"geometry":{"type":"Polygon","coordinates":[[[-94.55625,41.47624],[-94.55495,41.47526],[-94.55482,41.47588],[-94.55625,41.47624]]]}},{"type":"Feature","properties":{},"geometry":{"type":"Polygon","coordinates":[[[-94.47444,41.47494],[-94.47749,41.47551],[-94.47788,41.4745],[-94.47444,41.47494]]]}},{"type":"Feature","properties":{},"geometry":{"type":"Polygon","coordinates":[[[-94.27165,41.47712],[-94.27049,41.47874],[-94.27104,41.47913],[-94.27165,41.47712]]]}},{"type":"Feature","properties":{},"geometry":{"type":"Polygon","coordinates":[[[-94.53932,41.47173],[-94.54294,41.47319],[-94.54312,41.46873],[-94.53932,41.47173]]]}},{"type":"Feature","properties":{},"geometry":{"type":"Polygon","coordinates":[[[-94.45163,41.47432],[-94.45059,41.47345],[-94.45041,41.47443],[-94.45163,41.47432]]]}},{"type":"Feature","properties":{},"geometry":{"type":"Polygon","coordinates":[[[-94.44094,41.46563],[-94.43906,41.46716],[-94.44271,41.46677],[-94.44094,41.46563]]]}},{"type":"Feature","properties":{},"geometry":{"type":"Polygon","coordinates":[[[-94.45607,41.44993],[-94.45428,41.45039],[-94.45616,41.45018],[-94.45607,41.44993]]]}},{"type":"Feature","properties":{},"geometry":{"type":"Polygon","coordinates":[[[-94.45445,41.44371],[-94.45503,41.44291],[-94.45381,41.44359],[-94.45445,41.44371]]]}},{"type":"Feature","properties":{},"geometry":{"type":"Polygon","coordinates":[[[-94.40361,41.43749],[-94.40267,41.43687],[-94.40252,41.43765],[-94.40361,41.43749]]]}},{"type":"Feature","properties":{},"geometry":{"type":"Polygon","coordinates":[[[-94.5187,41.4293],[-94.51542,41.42786],[-94.51569,41.42921],[-94.5187,41.4293]]]}},{"type":"Feature","properties":{},"geometry":{"type":"Polygon","coordinates":[[[-94.07673,41.4212],[-94.07512,41.42168],[-94.07701,41.42257],[-94.07673,41.4212]]]}},{"type":"Feature","properties":{},"geometry":{"type":"Polygon","coordinates":[[[-94.16156,41.4174],[-94.16141,41.41827],[-94.16293,41.41779],[-94.16156,41.4174]]]}},{"type":"Feature","properties":{},"geometry":{"type":"Polygon","coordinates":[[[-94.37458,41.40812],[-94.37139,41.4089],[-94.37479,41.40865],[-94.37458,41.40812]]]}},{"type":"Feature","properties":{},"geometry":{"type":"Polygon","coordinates":[[[-94.17303,41.39859],[-94.17081,41.39999],[-94.17306,41.39898],[-94.17303,41.39859]]]}},{"type":"Feature","properties":{},"geometry":{"type":"Polygon","coordinates":[[[-94.2706,41.39218],[-94.27141,41.39351],[-94.27254,41.39172],[-94.2706,41.39218]]]}},{"type":"Feature","properties":{},"geometry":{"type":"Polygon","coordinates":[[[-94.18784,41.37777],[-94.18611,41.37841],[-94.18787,41.37798],[-94.18784,41.37777]]]}},{"type":"Feature","properties":{},"geometry":{"type":"Polygon","coordinates":[[[-94.42617,41.36627],[-94.42769,41.36428],[-94.4258,41.3654],[-94.42617,41.36627]]]}},{"type":"Feature","properties":{},"geometry":{"type":"Polygon","coordinates":[[[-94.4361,41.36539],[-94.43537,41.36462],[-94.43491,41.36558],[-94.4361,41.36539]]]}},{"type":"Feature","properties":{},"geometry":{"type":"Polygon","coordinates":[[[-94.27253,41.33938],[-94.27043,41.33876],[-94.2704,41.33915],[-94.27253,41.33938]]]}},{"type":"Feature","properties":{},"geometry":{"type":"Polygon","coordinates":[[[-94.29277,41.32034],[-94.29168,41.31981],[-94.29158,41.32036],[-94.29277,41.32034]]]}},{"type":"Feature","properties":{},"geometry":{"type":"Polygon","coordinates":[[[-94.2651,41.31272],[-94.26395,41.31503],[-94.26495,41.31519],[-94.2651,41.31272]]]}},{"type":"Feature","properties":{},"geometry":{"type":"Polygon","coordinates":[[[-94.28847,41.31375],[-94.28698,41.31402],[-94.2885,41.31391],[-94.28847,41.31375]]]}},{"type":"Feature","properties":{},"geometry":{"type":"Polygon","coordinates":[[[-94.26965,41.29909],[-94.26585,41.30371],[-94.27058,41.3009],[-94.26965,41.29909]]]}},{"type":"Feature","properties":{},"geometry":{"type":"Polygon","coordinates":[[[-94.09218,41.27829],[-94.09084,41.2798],[-94.09251,41.27948],[-94.09218,41.27829]]]}},{"type":"Feature","properties":{},"geometry":{"type":"Polygon","coordinates":[[[-94.1872,41.2409],[-94.1858,41.24033],[-94.18577,41.24097],[-94.1872,41.2409]]]}},{"type":"Feature","properties":{},"geometry":{"type":"Polygon","coordinates":[[[-94.04405,41.21239],[-94.04211,41.21205],[-94.04214,41.21312],[-94.04405,41.21239]]]}},{"type":"Feature","properties":{},"geometry":{"type":"Polygon","coordinates":[[[-94.12691,41.19306],[-94.12733,41.19608],[-94.12836,41.19283],[-94.12691,41.19306]]]}},{"type":"Feature","properties":{},"geometry":{"type":"Polygon","coordinates":[[[-94.04804,41.18752],[-94.04874,41.18661],[-94.04805,41.18643],[-94.04804,41.18752]]]}},{"type":"Feature","properties":{},"geometry":{"type":"Polygon","coordinates":[[[-94.06814,41.16285],[-94.06742,41.16196],[-94.06714,41.16262],[-94.06814,41.16285]]]}},{"type":"Feature","properties":{},"geometry":{"type":"Polygon","coordinates":[[[-94.05539,41.14209],[-94.05478,41.14088],[-94.05388,41.14152],[-94.05539,41.14209]]]}},{"type":"Feature","properties":{},"geometry":{"type":"Polygon","coordinates":[[[-94.02669,41.13038],[-94.02792,41.13112],[-94.02838,41.13036],[-94.02669,41.13038]]]}},{"type":"Feature","properties":{},"geometry":{"type":"Polygon","coordinates":[[[-93.7995,40.99911],[-93.7982,40.99968],[-93.79946,40.99982],[-93.7995,40.99911]]]}},{"type":"Feature","properties":{},"geometry":{"type":"Polygon","coordinates":[[[-93.22025,40.99718],[-93.22261,40.9969],[-93.21883,40.99551],[-93.22025,40.99718]]]}},{"type":"Feature","properties":{},"geometry":{"type":"Polygon","coordinates":[[[-93.49936,40.99131],[-93.49794,40.99026],[-93.49722,40.99186],[-93.49936,40.99131]]]}},{"type":"Feature","properties":{},"geometry":{"type":"Polygon","coordinates":[[[-93.24075,40.99041],[-93.23827,40.99062],[-93.24051,40.9924],[-93.24075,40.99041]]]}},{"type":"Feature","properties":{},"geometry":{"type":"Polygon","coordinates":[[[-93.22866,40.98797],[-93.22558,40.98761],[-93.22755,40.9888],[-93.22866,40.98797]]]}},{"type":"Feature","properties":{},"geometry":{"type":"Polygon","coordinates":[[[-93.26926,40.98841],[-93.26781,40.98772],[-93.26781,40.98834],[-93.26926,40.98841]]]}},{"type":"Feature","properties":{},"geometry":{"type":"Polygon","coordinates":[[[-93.42607,40.98325],[-93.42896,40.98105],[-93.42621,40.98084],[-93.42607,40.98325]]]}},{"type":"Feature","properties":{},"geometry":{"type":"Polygon","coordinates":[[[-93.24469,40.9826],[-93.24228,40.98517],[-93.24454,40.98528],[-93.24469,40.9826]]]}},{"type":"Feature","properties":{},"geometry":{"type":"Polygon","coordinates":[[[-93.79869,40.96691],[-93.79887,40.96518],[-93.79805,40.96652],[-93.79869,40.96691]]]}},{"type":"Feature","properties":{},"geometry":{"type":"Polygon","coordinates":[[[-93.09296,40.92475],[-93.09173,40.92608],[-93.0932,40.92622],[-93.09296,40.92475]]]}},{"type":"Feature","properties":{},"geometry":{"type":"Polygon","coordinates":[[[-93.07864,40.92262],[-93.07782,40.92193],[-93.07749,40.92269],[-93.07864,40.92262]]]}},{"type":"Feature","properties":{},"geometry":{"type":"Polygon","coordinates":[[[-93.90279,41.45324],[-93.9058,41.45523],[-93.90631,41.45225],[-93.90279,41.45324]]]}},{"type":"Feature","properties":{},"geometry":{"type":"Polygon","coordinates":[[[-92.90166,41.37192],[-92.90054,41.37265],[-92.90148,41.37246],[-92.90166,41.37192]]]}},{"type":"Feature","properties":{},"geometry":{"type":"Polygon","coordinates":[[[-92.9648,41.36836],[-92.96331,41.36763],[-92.96374,41.36959],[-92.9648,41.36836]]]}},{"type":"Feature","properties":{},"geometry":{"type":"Polygon","coordinates":[[[-92.94283,41.35753],[-92.94077,41.35698],[-92.94426,41.35924],[-92.94283,41.35753]]]}},{"type":"Feature","properties":{},"geometry":{"type":"Polygon","coordinates":[[[-92.9428,41.35627],[-92.94079,41.35611],[-92.94076,41.3563],[-92.9428,41.35627]]]}},{"type":"Feature","properties":{},"geometry":{"type":"Polygon","coordinates":[[[-92.94531,41.3511],[-92.94395,41.34961],[-92.9437,41.35],[-92.94531,41.3511]]]}},{"type":"Feature","properties":{},"geometry":{"type":"Polygon","coordinates":[[[-92.91619,41.33901],[-92.91452,41.33949],[-92.91619,41.33933],[-92.91619,41.33901]]]}},{"type":"Feature","properties":{},"geometry":{"type":"Polygon","coordinates":[[[-92.91603,41.33464],[-92.91461,41.33572],[-92.9164,41.3353],[-92.91603,41.33464]]]}},{"type":"Feature","properties":{},"geometry":{"type":"Polygon","coordinates":[[[-92.80034,41.32028],[-92.79833,41.31925],[-92.79806,41.32],[-92.80034,41.32028]]]}},{"type":"Feature","properties":{},"geometry":{"type":"Polygon","coordinates":[[[-92.88246,41.30621],[-92.88046,41.3068],[-92.88228,41.30694],[-92.88246,41.30621]]]}},{"type":"Feature","properties":{},"geometry":{"type":"Polygon","coordinates":[[[-92.85409,41.29358],[-92.85279,41.29394],[-92.85321,41.2941],[-92.85409,41.29358]]]}},{"type":"Feature","properties":{},"geometry":{"type":"Polygon","coordinates":[[[-92.93751,41.28217],[-92.93605,41.2821],[-92.93478,41.2826],[-92.93751,41.28217]]]}},{"type":"Feature","properties":{},"geometry":{"type":"Polygon","coordinates":[[[-92.99816,41.27949],[-92.99547,41.27953],[-92.9981,41.27969],[-92.99816,41.27949]]]}},{"type":"Feature","properties":{},"geometry":{"type":"Polygon","coordinates":[[[-92.93559,41.27926],[-92.93523,41.27862],[-92.93341,41.27881],[-92.93559,41.27926]]]}},{"type":"Feature","properties":{},"geometry":{"type":"Polygon","coordinates":[[[-92.96416,41.27563],[-92.95922,41.27655],[-92.96449,41.27599],[-92.96416,41.27563]]]}},{"type":"Feature","properties":{},"geometry":{"type":"Polygon","coordinates":[[[-92.82963,41.2679],[-92.82863,41.26882],[-92.83142,41.2693],[-92.82963,41.2679]]]}},{"type":"Feature","properties":{},"geometry":{"type":"Polygon","coordinates":[[[-92.9605,41.25646],[-92.96122,41.25449],[-92.95958,41.25596],[-92.9605,41.25646]]]}},{"type":"Feature","properties":{},"geometry":{"type":"Polygon","coordinates":[[[-92.80056,41.25551],[-92.80265,41.25459],[-92.80226,41.25386],[-92.80056,41.25551]]]}},{"type":"Feature","properties":{},"geometry":{"type":"Polygon","coordinates":[[[-92.96308,41.21698],[-92.96196,41.21739],[-92.96329,41.21815],[-92.96308,41.21698]]]}},{"type":"Feature","properties":{},"geometry":{"type":"Polygon","coordinates":[[[-92.65453,41.21601],[-92.65359,41.21708],[-92.65465,41.21743],[-92.65453,41.21601]]]}},{"type":"Feature","properties":{},"geometry":{"type":"Polygon","coordinates":[[[-92.93651,41.19194],[-92.93615,41.1911],[-92.93506,41.19162],[-92.93651,41.19194]]]}},{"type":"Feature","properties":{},"geometry":{"type":"Polygon","coordinates":[[[-92.58732,41.17285],[-92.58644,41.17377],[-92.58717,41.17386],[-92.58732,41.17285]]]}},{"type":"Feature","properties":{},"geometry":{"type":"Polygon","coordinates":[[[-92.67292,41.16905],[-92.67413,41.1701],[-92.67583,41.16912],[-92.67292,41.16905]]]}},{"type":"Feature","properties":{},"geometry":{"type":"Polygon","coordinates":[[[-92.65375,41.16885],[-92.65163,41.16508],[-92.65072,41.16542],[-92.65375,41.16885]]]}},{"type":"Feature","properties":{},"geometry":{"type":"Polygon","coordinates":[[[-92.58687,41.1635],[-92.58439,41.16299],[-92.58669,41.16425],[-92.58687,41.1635]]]}},{"type":"Feature","properties":{},"geometry":{"type":"Polygon","coordinates":[[[-92.60378,41.12392],[-92.60217,41.12383],[-92.60263,41.12431],[-92.60378,41.12392]]]}},{"type":"Feature","properties":{},"geometry":{"type":"Polygon","coordinates":[[[-92.84495,41.12279],[-92.84411,41.10744],[-92.84204,41.12158],[-92.84495,41.12279]]]}},{"type":"Feature","properties":{},"geometry":{"type":"Polygon","coordinates":[[[-92.53214,41.11535],[-92.53057,41.11498],[-92.53059,41.11569],[-92.53214,41.11535]]]}},{"type":"Feature","properties":{},"geometry":{"type":"Polygon","coordinates":[[[-92.49506,41.10153],[-92.49328,41.10126],[-92.49352,41.10279],[-92.49506,41.10153]]]}},{"type":"Feature","properties":{},"geometry":{"type":"Polygon","coordinates":[[[-92.55082,41.09976],[-92.55139,41.10211],[-92.55282,41.10244],[-92.55082,41.09976]]]}},{"type":"Feature","properties":{},"geometry":{"type":"Polygon","coordinates":[[[-92.90492,41.06758],[-92.90314,41.06701],[-92.90362,41.06824],[-92.90492,41.06758]]]}},{"type":"Feature","properties":{},"geometry":{"type":"Polygon","coordinates":[[[-92.81832,41.04979],[-92.81874,41.05373],[-92.82255,41.05087],[-92.81832,41.04979]]]}},{"type":"Feature","properties":{},"geometry":{"type":"Polygon","coordinates":[[[-92.47146,41.05183],[-92.46834,41.05071],[-92.46559,41.05099],[-92.47146,41.05183]]]}},{"type":"Feature","properties":{},"geometry":{"type":"Polygon","coordinates":[[[-92.82352,41.05078],[-92.82655,41.04847],[-92.82286,41.04831],[-92.82352,41.05078]]]}},{"type":"Feature","properties":{},"geometry":{"type":"Polygon","coordinates":[[[-92.47153,41.039],[-92.46863,41.03955],[-92.47168,41.03946],[-92.47153,41.039]]]}},{"type":"Feature","properties":{},"geometry":{"type":"Polygon","coordinates":[[[-92.47763,41.03586],[-92.47748,41.03721],[-92.47811,41.03597],[-92.47763,41.03586]]]}},{"type":"Feature","properties":{},"geometry":{"type":"Polygon","coordinates":[[[-92.78141,41.03206],[-92.78075,41.0346],[-92.78552,41.03371],[-92.78141,41.03206]]]}},{"type":"Feature","properties":{},"geometry":{"type":"Polygon","coordinates":[[[-92.43819,41.02451],[-92.43686,41.02557],[-92.43819,41.02644],[-92.43819,41.02451]]]}},{"type":"Feature","properties":{},"geometry":{"type":"Polygon","coordinates":[[[-92.43821,41.02333],[-92.43749,41.02252],[-92.43752,41.02337],[-92.43821,41.02333]]]}},{"type":"Feature","properties":{},"geometry":{"type":"Polygon","coordinates":[[[-92.43755,41.02177],[-92.43574,41.02145],[-92.43571,41.02166],[-92.43755,41.02177]]]}},{"type":"Feature","properties":{},"geometry":{"type":"Polygon","coordinates":[[[-92.36997,41.01904],[-92.36583,41.01932],[-92.37003,41.0211],[-92.36997,41.01904]]]}},{"type":"Feature","properties":{},"geometry":{"type":"Polygon","coordinates":[[[-92.61133,41.01791],[-92.61003,41.0181],[-92.61209,41.01878],[-92.61133,41.01791]]]}},{"type":"Feature","properties":{},"geometry":{"type":"Polygon","coordinates":[[[-92.43026,41.01564],[-92.42942,41.01548],[-92.42924,41.01615],[-92.43026,41.01564]]]}},{"type":"Feature","properties":{},"geometry":{"type":"Polygon","coordinates":[[[-92.41815,41.0132],[-92.41621,41.01352],[-92.41621,41.01375],[-92.41815,41.0132]]]}},{"type":"Feature","properties":{},"geometry":{"type":"Polygon","coordinates":[[[-92.42953,41.01226],[-92.4286,41.01159],[-92.4286,41.0118],[-92.42953,41.01226]]]}},{"type":"Feature","properties":{},"geometry":{"type":"Polygon","coordinates":[[[-92.42651,41.01146],[-92.42461,41.01095],[-92.426,41.01212],[-92.42651,41.01146]]]}},{"type":"Feature","properties":{},"geometry":{"type":"Polygon","coordinates":[[[-92.42929,41.01001],[-92.427,41.00979],[-92.42718,41.0107],[-92.42929,41.01001]]]}},{"type":"Feature","properties":{},"geometry":{"type":"Polygon","coordinates":[[[-92.40836,41.00625],[-92.40404,41.00396],[-92.4086,41.00691],[-92.40836,41.00625]]]}},{"type":"Feature","properties":{},"geometry":{"type":"Polygon","coordinates":[[[-92.33421,41.00453],[-92.33702,41.00453],[-92.33717,41.00398],[-92.33421,41.00453]]]}},{"type":"Feature","properties":{},"geometry":{"type":"Polygon","coordinates":[[[-92.38794,41.00241],[-92.38616,41.00147],[-92.38661,41.00268],[-92.38794,41.00241]]]}},{"type":"Feature","properties":{},"geometry":{"type":"Polygon","coordinates":[[[-93.02683,41.31399],[-93.02477,41.31458],[-93.02656,41.31465],[-93.02683,41.31399]]]}},{"type":"Feature","properties":{},"geometry":{"type":"Polygon","coordinates":[[[-93.07244,41.30805],[-93.06714,41.30608],[-93.06492,41.30864],[-93.06583,41.3107],[-93.07244,41.30805]]]}},{"type":"Feature","properties":{},"geometry":{"type":"Polygon","coordinates":[[[-93.05507,41.2145],[-93.05628,41.21488],[-93.05652,41.21235],[-93.05507,41.2145]]]}},{"type":"Feature","properties":{},"geometry":{"type":"Polygon","coordinates":[[[-93.22591,41.20303],[-93.22403,41.20228],[-93.22476,41.2039],[-93.22591,41.20303]]]}},{"type":"Feature","properties":{},"geometry":{"type":"Polygon","coordinates":[[[-93.14523,41.1812],[-93.14369,41.1799],[-93.14366,41.18102],[-93.14523,41.1812]]]}},{"type":"Feature","properties":{},"geometry":{"type":"Polygon","coordinates":[[[-93.23448,41.11111],[-93.23564,41.11273],[-93.2366,41.10992],[-93.23448,41.11111]]]}},{"type":"Feature","properties":{},"geometry":{"type":"Polygon","coordinates":[[[-93.21277,41.09344],[-93.21476,41.09303],[-93.2153,41.08985],[-93.21277,41.09344]]]}},{"type":"Feature","properties":{},"geometry":{"type":"Polygon","coordinates":[[[-91.97163,40.89819],[-91.97094,40.89906],[-91.97179,40.89954],[-91.97163,40.89819]]]}},{"type":"Feature","properties":{},"geometry":{"type":"Polygon","coordinates":[[[-91.95599,40.87487],[-91.95505,40.87542],[-91.95605,40.87505],[-91.95599,40.87487]]]}},{"type":"Feature","properties":{},"geometry":{"type":"Polygon","coordinates":[[[-91.92292,40.86493],[-91.92014,40.865],[-91.92204,40.86665],[-91.92292,40.86493]]]}},{"type":"Feature","properties":{},"geometry":{"type":"Polygon","coordinates":[[[-91.91887,40.81115],[-91.91824,40.81165],[-91.91884,40.81131],[-91.91887,40.81115]]]}},{"type":"Feature","properties":{},"geometry":{"type":"Polygon","coordinates":[[[-91.86461,40.80175],[-91.86362,40.80173],[-91.8647,40.80221],[-91.86461,40.80175]]]}},{"type":"Feature","properties":{},"geometry":{"type":"Polygon","coordinates":[[[-91.88,40.79958],[-91.87897,40.79972],[-91.87973,40.80033],[-91.88,40.79958]]]}},{"type":"Feature","properties":{},"geometry":{"type":"Polygon","coordinates":[[[-91.79019,40.79719],[-91.7892,40.7968],[-91.78896,40.79721],[-91.79019,40.79719]]]}},{"type":"Feature","properties":{},"geometry":{"type":"Polygon","coordinates":[[[-91.98884,40.78094],[-91.98772,40.78053],[-91.98769,40.78099],[-91.98884,40.78094]]]}},{"type":"Feature","properties":{},"geometry":{"type":"Polygon","coordinates":[[[-91.98739,40.77891],[-91.98597,40.77898],[-91.98609,40.77967],[-91.98739,40.77891]]]}},{"type":"Feature","properties":{},"geometry":{"type":"Polygon","coordinates":[[[-91.96373,40.77776],[-91.9627,40.77767],[-91.9631,40.77813],[-91.96373,40.77776]]]}},{"type":"Feature","properties":{},"geometry":{"type":"Polygon","coordinates":[[[-91.78101,40.77552],[-91.77995,40.77598],[-91.78092,40.77598],[-91.78101,40.77552]]]}},{"type":"Feature","properties":{},"geometry":{"type":"Polygon","coordinates":[[[-91.84437,40.7594],[-91.84338,40.75908],[-91.84374,40.75986],[-91.84437,40.7594]]]}},{"type":"Feature","properties":{},"geometry":{"type":"Polygon","coordinates":[[[-91.92589,40.74222],[-91.92468,40.74252],[-91.92845,40.74233],[-91.92589,40.74222]]]}},{"type":"Feature","properties":{},"geometry":{"type":"Polygon","coordinates":[[[-91.95404,40.7395],[-91.95317,40.73827],[-91.95356,40.73987],[-91.95404,40.7395]]]}},{"type":"Feature","properties":{},"geometry":{"type":"Polygon","coordinates":[[[-91.79188,40.73455],[-91.79056,40.73432],[-91.79044,40.73451],[-91.79188,40.73455]]]}},{"type":"Feature","properties":{},"geometry":{"type":"Polygon","coordinates":[[[-91.75538,40.7318],[-91.75505,40.73043],[-91.75378,40.7326],[-91.75538,40.7318]]]}},{"type":"Feature","properties":{},"geometry":{"type":"Polygon","coordinates":[[[-91.88834,40.72335],[-91.88615,40.72271],[-91.88666,40.72392],[-91.88834,40.72335]]]}},{"type":"Feature","properties":{},"geometry":{"type":"Polygon","coordinates":[[[-91.97057,40.70611],[-91.97181,40.71082],[-91.97412,40.70652],[-91.97057,40.70611]]]}},{"type":"Feature","properties":{},"geometry":{"type":"Polygon","coordinates":[[[-91.8173,40.70135],[-91.81649,40.70233],[-91.81691,40.70231],[-91.8173,40.70135]]]}},{"type":"Feature","properties":{},"geometry":{"type":"Polygon","coordinates":[[[-91.78992,40.69733],[-91.7883,40.69758],[-91.78992,40.69795],[-91.78992,40.69733]]]}},{"type":"Feature","properties":{},"geometry":{"type":"Polygon","coordinates":[[[-91.95896,40.69717],[-91.95923,40.69807],[-91.95968,40.69726],[-91.95896,40.69717]]]}},{"type":"Feature","properties":{},"geometry":{"type":"Polygon","coordinates":[[[-91.70181,40.68871],[-91.70036,40.68846],[-91.70085,40.68906],[-91.70181,40.68871]]]}},{"type":"Feature","properties":{},"geometry":{"type":"Polygon","coordinates":[[[-91.84608,40.68855],[-91.84464,40.68898],[-91.84599,40.68942],[-91.84608,40.68855]]]}},{"type":"Feature","properties":{},"geometry":{"type":"Polygon","coordinates":[[[-91.82003,40.67609],[-91.81901,40.67596],[-91.81859,40.67657],[-91.82003,40.67609]]]}},{"type":"Feature","properties":{},"geometry":{"type":"Polygon","coordinates":[[[-91.85778,40.67453],[-91.85699,40.67384],[-91.85684,40.67416],[-91.85778,40.67453]]]}},{"type":"Feature","properties":{},"geometry":{"type":"Polygon","coordinates":[[[-91.73538,40.66622],[-91.73408,40.66682],[-91.73529,40.66659],[-91.73538,40.66622]]]}},{"type":"Feature","properties":{},"geometry":{"type":"Polygon","coordinates":[[[-91.89717,40.66137],[-91.89585,40.6627],[-91.89603,40.66288],[-91.89717,40.66137]]]}},{"type":"Feature","properties":{},"geometry":{"type":"Polygon","coordinates":[[[-91.66807,40.65881],[-91.66663,40.65897],[-91.66825,40.65956],[-91.66807,40.65881]]]}},{"type":"Feature","properties":{},"geometry":{"type":"Polygon","coordinates":[[[-91.94413,40.66138],[-91.9432,40.66186],[-91.94437,40.66211],[-91.94413,40.66138]]]}},{"type":"Feature","properties":{},"geometry":{"type":"Polygon","coordinates":[[[-91.8071,40.65499],[-91.80596,40.65577],[-91.80722,40.65575],[-91.8071,40.65499]]]}},{"type":"Feature","properties":{},"geometry":{"type":"Polygon","coordinates":[[[-91.57615,40.64427],[-91.57603,40.64567],[-91.57675,40.6443],[-91.57615,40.64427]]]}},{"type":"Feature","properties":{},"geometry":{"type":"Polygon","coordinates":[[[-91.66764,40.64551],[-91.66437,40.64547],[-91.66413,40.64583],[-91.66764,40.64551]]]}},{"type":"Feature","properties":{},"geometry":{"type":"Polygon","coordinates":[[[-91.94826,40.64632],[-91.94727,40.64712],[-91.94835,40.64698],[-91.94826,40.64632]]]}},{"type":"Feature","properties":{},"geometry":{"type":"Polygon","coordinates":[[[-91.72968,40.61747],[-91.72881,40.61777],[-91.73014,40.61841],[-91.72968,40.61747]]]}},{"type":"Feature","properties":{},"geometry":{"type":"Polygon","coordinates":[[[-91.55112,40.57279],[-91.55016,40.57263],[-91.55022,40.57357],[-91.55112,40.57279]]]}},{"type":"Feature","properties":{},"geometry":{"type":"Polygon","coordinates":[[[-92.97109,40.93319],[-92.97012,40.93332],[-92.97172,40.93387],[-92.97109,40.93319]]]}},{"type":"Feature","properties":{},"geometry":{"type":"Polygon","coordinates":[[[-92.42021,40.89147],[-92.41614,40.89223],[-92.42072,40.89245],[-92.42021,40.89147]]]}},{"type":"Feature","properties":{},"geometry":{"type":"Polygon","coordinates":[[[-92.81373,40.8818],[-92.81177,40.88228],[-92.8134,40.88278],[-92.81373,40.8818]]]}},{"type":"Feature","properties":{},"geometry":{"type":"Polygon","coordinates":[[[-95.10438,42.462],[-95.11364,42.47149],[-95.10858,42.45715],[-95.10438,42.462]]]}},{"type":"Feature","properties":{},"geometry":{"type":"Polygon","coordinates":[[[-95.05874,42.35458],[-95.05261,42.35492],[-95.05248,42.35844],[-95.05874,42.35458]]]}},{"type":"Feature","properties":{},"geometry":{"type":"MultiPolygon","coordinates":[[[[-95.0457,42.30408],[-95.03945,42.30352],[-95.04793,42.29564],[-95.04801,42.28295],[-95.0439,42.29239],[-95.03324,42.29181],[-95.04087,42.30057],[-95.01301,42.29191],[-95.00494,42.30395],[-95.02818,42.29878],[-95.03957,42.30666],[-95.0457,42.30408]]],[[[-95.04698,42.29008],[-95.04652,42.28912],[-95.0447,42.29159],[-95.04698,42.29008]]],[[[-95.04433,42.2939],[-95.04303,42.29362],[-95.04269,42.29415],[-95.04433,42.2939]]]]}},{"type":"Feature","properties":{},"geometry":{"type":"Polygon","coordinates":[[[-94.73393,43.03706],[-94.73489,43.0342],[-94.73275,43.03686],[-94.73393,43.03706]]]}},{"type":"Feature","properties":{},"geometry":{"type":"MultiPolygon","coordinates":[[[[-92.75385,40.8397],[-92.75355,40.83574],[-92.74024,40.83087],[-92.74363,40.81989],[-92.73509,40.83108],[-92.72151,40.83007],[-92.72824,40.83988],[-92.73847,40.83286],[-92.75385,40.8397]]],[[[-92.74842,40.83711],[-92.74977,40.83578],[-92.74818,40.83654],[-92.74842,40.83711]]]]}},{"type":"Feature","properties":{},"geometry":{"type":"Polygon","coordinates":[[[-94.48802,42.67933],[-94.50127,42.66844],[-94.49475,42.66538],[-94.48802,42.67933]]]}},{"type":"Feature","properties":{},"geometry":{"type":"Polygon","coordinates":[[[-94.60929,43.49997],[-94.61887,43.48971],[-94.58112,43.49014],[-94.5612,43.50385],[-94.5644,43.51135],[-94.55244,43.52916],[-94.579,43.52588],[-94.57047,43.51238],[-94.57786,43.50463],[-94.60929,43.49997]]]}},{"type":"Feature","properties":{},"geometry":{"type":"Polygon","coordinates":[[[-94.60504,41.9943],[-94.60989,42.00036],[-94.61222,42.00656],[-94.61225,41.99935],[-94.60504,41.9943]]]}},{"type":"Feature","properties":{},"geometry":{"type":"MultiPolygon","coordinates":[[[[-93.00021,41.39038],[-93.02019,41.40422],[-93.02114,41.39713],[-93.02908,41.39274],[-93.05475,41.39985],[-93.06298,41.40498],[-93.06774,41.41235],[-93.07358,41.41162],[-93.08364,41.40799],[-93.09163,41.41492],[-93.0995,41.41364],[-93.10606,41.41026],[-93.11436,41.41198],[-93.11673,41.4136],[-93.11372,41.41772],[-93.1146,41.42177],[-93.11731,41.41856],[-93.1336,41.42978],[-93.13071,41.42506],[-93.14871,41.42826],[-93.15761,41.42121],[-93.14573,41.41724],[-93.13965,41.42019],[-93.13579,41.42094],[-93.13187,41.42065],[-93.13889,41.41996],[-93.1037,41.40733],[-93.10321,41.41117],[-93.09807,41.41312],[-93.10278,41.41099],[-93.10327,41.40632],[-93.1061,41.40383],[-93.0978,41.40131],[-93.07182,41.40656],[-93.04781,41.38447],[-93.07612,41.3781],[-93.0867,41.37259],[-93.09612,41.36354],[-93.10174,41.36374],[-93.10568,41.37244],[-93.11057,41.37249],[-93.12618,41.35201],[-93.10729,41.37093],[-93.1055,41.36345],[-93.09648,41.36178],[-93.0678,41.37597],[-93.03701,41.36726],[-93.03283,41.38691],[-93.04008,41.39385],[-92.99176,41.36145],[-92.99517,41.36806],[-92.97344,41.37627],[-92.99966,41.3985],[-93.04245,41.41705],[-93.10108,41.42428],[-93.10424,41.41916],[-93.09792,41.41643],[-93.10415,41.41554],[-93.12092,41.42735],[-93.13041,41.42998],[-93.12472,41.42506],[-93.11776,41.42426],[-93.11363,41.4212],[-93.11278,41.41767],[-93.11518,41.41264],[-93.09077,41.41595],[-93.08345,41.40877],[-93.07482,41.4127],[-93.06701,41.41311],[-93.0316,41.39448],[-93.02037,41.40523],[-93.00021,41.39038]]],[[[-93.13737,41.42158],[-93.12895,41.42431],[-93.13755,41.42197],[-93.13737,41.42158]]],[[[-93.00425,41.37911],[-93.00021,41.38347],[-93.00306,41.38286],[-93.00425,41.37911]]],[[[-93.11217,41.41708],[-93.10798,41.41609],[-93.10691,41.41687],[-93.11217,41.41708]]],[[[-93.12363,41.42534],[-93.12092,41.426],[-93.126,41.42682],[-93.12363,41.42534]]],[[[-93.04115,41.38902],[-93.03905,41.38794],[-93.03844,41.38845],[-93.04115,41.38902]]],[[[-93.14619,41.4257],[-93.14448,41.42492],[-93.14521,41.426],[-93.14619,41.4257]]],[[[-93.12442,41.42692],[-93.12059,41.42644],[-93.12558,41.42767],[-93.12442,41.42692]]],[[[-93.12773,41.41957],[-93.12676,41.4195],[-93.1298,41.42014],[-93.12773,41.41957]]],[[[-93.14773,41.42211],[-93.14606,41.42234],[-93.14594,41.42289],[-93.14773,41.42211]]],[[[-93.14555,41.41925],[-93.14375,41.41957],[-93.1436,41.41987],[-93.14555,41.41925]]],[[[-93.13114,41.42051],[-93.12983,41.42033],[-93.12834,41.42042],[-93.12819,41.42062],[-93.13114,41.42051]]],[[[-93.13038,41.41921],[-93.12862,41.41905],[-93.1284,41.41923],[-93.13038,41.41921]]],[[[-93.0954,41.4106],[-93.09442,41.41044],[-93.09449,41.41081],[-93.0954,41.4106]]],[[[-93.14834,41.42069],[-93.14755,41.42055],[-93.14822,41.42119],[-93.14834,41.42069]]],[[[-93.10083,41.41925],[-93.09965,41.41964],[-93.10086,41.41941],[-93.10083,41.41925]]],[[[-93.14649,41.42087],[-93.14561,41.42103],[-93.14579,41.42129],[-93.14649,41.42087]]],[[[-93.09716,41.41577],[-93.0964,41.41618],[-93.09737,41.41598],[-93.09716,41.41577]]],[[[-93.09953,41.41108],[-93.0991,41.41051],[-93.09907,41.4112],[-93.09953,41.41108]]],[[[-93.09716,41.41099],[-93.09661,41.41131],[-93.09704,41.41168],[-93.09716,41.41099]]],[[[-93.12764,41.42007],[-93.12676,41.41994],[-93.1267,41.42014],[-93.12764,41.42007]]],[[[-93.14433,41.42298],[-93.14381,41.42298],[-93.14403,41.42312],[-93.14433,41.42298]]],[[[-93.09372,41.41419],[-93.0933,41.41442],[-93.09357,41.41456],[-93.09372,41.41419]]],[[[-93.09892,41.41225],[-93.09847,41.41222],[-93.09853,41.41232],[-93.09892,41.41225]]],[[[-93.14406,41.42058],[-93.14406,41.42028],[-93.14384,41.42067],[-93.14406,41.42058]]],[[[-93.14296,41.42028],[-93.14266,41.42016],[-93.1426,41.42033],[-93.14296,41.42028]]],[[[-93.14166,41.42103],[-93.14129,41.42085],[-93.14126,41.42103],[-93.14166,41.42103]]],[[[-93.12612,41.41939],[-93.12588,41.41934],[-93.12591,41.41948],[-93.12612,41.41939]]]]}},{"type":"Feature","properties":{},"geometry":{"type":"Polygon","coordinates":[[[-94.00772,41.36501],[-93.99611,41.37407],[-94.00686,41.36879],[-94.00772,41.36501]]]}},{"type":"Feature","properties":{},"geometry":{"type":"Polygon","coordinates":[[[-93.70216,41.50001],[-93.69145,41.49756],[-93.67708,41.50586],[-93.67946,41.50865],[-93.70216,41.50001]]]}},{"type":"Feature","properties":{},"geometry":{"type":"Polygon","coordinates":[[[-93.25739,41.00629],[-93.26119,41.01265],[-93.27102,41.00328],[-93.25739,41.00629]]]}},{"type":"Feature","properties":{},"geometry":{"type":"Polygon","coordinates":[[[-93.80654,41.04049],[-93.80836,41.03379],[-93.82734,41.0337],[-93.80637,41.02999],[-93.79887,41.03609],[-93.80654,41.04049]]]}},{"type":"Feature","properties":{},"geometry":{"type":"Polygon","coordinates":[[[-93.27049,40.99598],[-93.27885,40.99629],[-93.26754,40.99129],[-93.27049,40.99598]]]}},{"type":"Feature","properties":{},"geometry":{"type":"Polygon","coordinates":[[[-93.77288,41.02218],[-93.76871,41.02202],[-93.77326,41.02635],[-93.77288,41.02218]]]}},{"type":"Feature","properties":{},"geometry":{"type":"Polygon","coordinates":[[[-91.97629,40.64616],[-91.97569,40.64692],[-91.97662,40.64694],[-91.97629,40.64616]]]}},{"type":"Feature","properties":{},"geometry":{"type":"Polygon","coordinates":[[[-91.79333,40.64192],[-91.79156,40.64091],[-91.7927,40.64249],[-91.79333,40.64192]]]}},{"type":"Feature","properties":{},"geometry":{"type":"Polygon","coordinates":[[[-91.65448,40.64042],[-91.65349,40.6403],[-91.65352,40.64085],[-91.65448,40.64042]]]}},{"type":"Feature","properties":{},"geometry":{"type":"Polygon","coordinates":[[[-91.8003,40.63488],[-91.7985,40.63563],[-91.8,40.63584],[-91.8003,40.63488]]]}},{"type":"Feature","properties":{},"geometry":{"type":"Polygon","coordinates":[[[-91.75472,40.62962],[-91.75151,40.63133],[-91.75839,40.62887],[-91.75472,40.62962]]]}},{"type":"Feature","properties":{},"geometry":{"type":"Polygon","coordinates":[[[-91.70571,40.62911],[-91.70595,40.63094],[-91.70718,40.6309],[-91.70571,40.62911]]]}},{"type":"Feature","properties":{},"geometry":{"type":"Polygon","coordinates":[[[-91.69481,40.62816],[-91.69352,40.62853],[-91.69595,40.62905],[-91.69481,40.62816]]]}},{"type":"Feature","properties":{},"geometry":{"type":"Polygon","coordinates":[[[-91.73654,40.62568],[-91.7339,40.62451],[-91.7348,40.62653],[-91.73654,40.62568]]]}},{"type":"Feature","properties":{},"geometry":{"type":"Polygon","coordinates":[[[-91.73053,40.622],[-91.72963,40.62276],[-91.73083,40.62337],[-91.73053,40.622]]]}},{"type":"Feature","properties":{},"geometry":{"type":"Polygon","coordinates":[[[-91.72993,40.61946],[-91.72873,40.6196],[-91.73023,40.6201],[-91.72993,40.61946]]]}},{"type":"Feature","properties":{},"geometry":{"type":"Polygon","coordinates":[[[-91.6303,40.60258],[-91.63219,40.60166],[-91.63009,40.60175],[-91.6303,40.60258]]]}},{"type":"Feature","properties":{},"geometry":{"type":"Polygon","coordinates":[[[-91.55273,40.5598],[-91.55174,40.55963],[-91.553,40.56046],[-91.55273,40.5598]]]}},{"type":"Feature","properties":{},"geometry":{"type":"Polygon","coordinates":[[[-91.59407,40.54041],[-91.59443,40.53966],[-91.59347,40.53968],[-91.59407,40.54041]]]}},{"type":"Feature","properties":{},"geometry":{"type":"Polygon","coordinates":[[[-91.59243,40.53536],[-91.59294,40.5362],[-91.59354,40.53602],[-91.59243,40.53536]]]}},{"type":"Feature","properties":{},"geometry":{"type":"Polygon","coordinates":[[[-91.60373,40.53431],[-91.60259,40.53465],[-91.60436,40.53536],[-91.60373,40.53431]]]}},{"type":"Feature","properties":{},"geometry":{"type":"Polygon","coordinates":[[[-91.61348,40.5293],[-91.61198,40.52923],[-91.61171,40.52971],[-91.61348,40.5293]]]}},{"type":"Feature","properties":{},"geometry":{"type":"Polygon","coordinates":[[[-91.56435,40.50727],[-91.56286,40.5067],[-91.56289,40.50716],[-91.56435,40.50727]]]}},{"type":"Feature","properties":{},"geometry":{"type":"Polygon","coordinates":[[[-92.39618,40.9938],[-92.39168,40.99171],[-92.39195,40.99565],[-92.39618,40.9938]]]}},{"type":"Feature","properties":{},"geometry":{"type":"Polygon","coordinates":[[[-92.28306,40.99207],[-92.28094,40.99351],[-92.28387,40.99381],[-92.28306,40.99207]]]}},{"type":"Feature","properties":{},"geometry":{"type":"Polygon","coordinates":[[[-92.45517,40.98368],[-92.45499,40.9854],[-92.45635,40.98432],[-92.45517,40.98368]]]}},{"type":"Feature","properties":{},"geometry":{"type":"Polygon","coordinates":[[[-92.97318,40.98329],[-92.97195,40.98348],[-92.97279,40.98414],[-92.97318,40.98329]]]}},{"type":"Feature","properties":{},"geometry":{"type":"Polygon","coordinates":[[[-92.44034,40.98026],[-92.44182,40.98165],[-92.44161,40.9803],[-92.44034,40.98026]]]}},{"type":"Feature","properties":{},"geometry":{"type":"Polygon","coordinates":[[[-92.33963,40.97542],[-92.33431,40.97322],[-92.33975,40.97704],[-92.33963,40.97542]]]}},{"type":"Feature","properties":{},"geometry":{"type":"Polygon","coordinates":[[[-92.7888,40.97701],[-92.78366,40.97696],[-92.78801,40.97845],[-92.7888,40.97701]]]}},{"type":"Feature","properties":{},"geometry":{"type":"Polygon","coordinates":[[[-92.37531,40.97366],[-92.37199,40.97639],[-92.37621,40.97632],[-92.37531,40.97366]]]}},{"type":"Feature","properties":{},"geometry":{"type":"Polygon","coordinates":[[[-92.79559,40.97608],[-92.79471,40.97718],[-92.7958,40.97697],[-92.79559,40.97608]]]}},{"type":"Feature","properties":{},"geometry":{"type":"Polygon","coordinates":[[[-92.37677,40.96428],[-92.38114,40.96744],[-92.38186,40.96684],[-92.38147,40.96632],[-92.37677,40.96428]]]}},{"type":"Feature","properties":{},"geometry":{"type":"Polygon","coordinates":[[[-92.64759,40.96311],[-92.64605,40.96227],[-92.64599,40.96318],[-92.64759,40.96311]]]}},{"type":"Feature","properties":{},"geometry":{"type":"Polygon","coordinates":[[[-92.91143,40.96148],[-92.91001,40.96132],[-92.91028,40.96336],[-92.91143,40.96148]]]}},{"type":"Feature","properties":{},"geometry":{"type":"Polygon","coordinates":[[[-92.64702,40.96018],[-92.6466,40.96126],[-92.64759,40.96149],[-92.64702,40.96018]]]}},{"type":"Feature","properties":{},"geometry":{"type":"Polygon","coordinates":[[[-92.09293,40.94577],[-92.09178,40.94453],[-92.0912,40.94707],[-92.09293,40.94577]]]}},{"type":"Feature","properties":{},"geometry":{"type":"Polygon","coordinates":[[[-92.71859,40.94537],[-92.71896,40.94651],[-92.72007,40.94548],[-92.71859,40.94537]]]}},{"type":"Feature","properties":{},"geometry":{"type":"Polygon","coordinates":[[[-92.38331,40.93676],[-92.38448,40.93463],[-92.38285,40.93548],[-92.38331,40.93676]]]}},{"type":"Feature","properties":{},"geometry":{"type":"Polygon","coordinates":[[[-92.79902,40.9357],[-92.79766,40.93567],[-92.79908,40.93636],[-92.79902,40.9357]]]}},{"type":"Feature","properties":{},"geometry":{"type":"Polygon","coordinates":[[[-92.28269,40.93299],[-92.28154,40.93356],[-92.28281,40.93336],[-92.28269,40.93299]]]}},{"type":"Feature","properties":{},"geometry":{"type":"Polygon","coordinates":[[[-92.27026,40.93049],[-92.26701,40.92998],[-92.27053,40.93094],[-92.27026,40.93049]]]}},{"type":"Feature","properties":{},"geometry":{"type":"Polygon","coordinates":[[[-92.29096,40.92959],[-92.29063,40.93082],[-92.29165,40.93021],[-92.29096,40.92959]]]}},{"type":"Feature","properties":{},"geometry":{"type":"Polygon","coordinates":[[[-92.73137,40.93117],[-92.72919,40.93181],[-92.73248,40.93199],[-92.73137,40.93117]]]}},{"type":"Feature","properties":{},"geometry":{"type":"Polygon","coordinates":[[[-92.18201,40.92231],[-92.18114,40.92112],[-92.18096,40.92206],[-92.18201,40.92231]]]}},{"type":"Feature","properties":{},"geometry":{"type":"Polygon","coordinates":[[[-92.66025,40.92172],[-92.65925,40.92055],[-92.65907,40.92188],[-92.66025,40.92172]]]}},{"type":"Feature","properties":{},"geometry":{"type":"Polygon","coordinates":[[[-92.19966,40.91809],[-92.20131,40.91692],[-92.1995,40.91768],[-92.19966,40.91809]]]}},{"type":"Feature","properties":{},"geometry":{"type":"Polygon","coordinates":[[[-92.6474,40.91678],[-92.6483,40.91563],[-92.64743,40.916],[-92.6474,40.91678]]]}},{"type":"Feature","properties":{},"geometry":{"type":"Polygon","coordinates":[[[-92.52485,40.91099],[-92.52283,40.91129],[-92.52304,40.91193],[-92.52485,40.91099]]]}},{"type":"Feature","properties":{},"geometry":{"type":"Polygon","coordinates":[[[-92.25987,40.90743],[-92.25863,40.90803],[-92.26016,40.91009],[-92.25987,40.90743]]]}},{"type":"Feature","properties":{},"geometry":{"type":"Polygon","coordinates":[[[-92.89222,40.90831],[-92.89264,40.9071],[-92.89074,40.90746],[-92.89222,40.90831]]]}},{"type":"Feature","properties":{},"geometry":{"type":"Polygon","coordinates":[[[-92.86091,40.90543],[-92.8597,40.90449],[-92.8591,40.90556],[-92.86091,40.90543]]]}},{"type":"Feature","properties":{},"geometry":{"type":"Polygon","coordinates":[[[-92.8563,40.90332],[-92.85554,40.90476],[-92.85678,40.9046],[-92.8563,40.90332]]]}},{"type":"Feature","properties":{},"geometry":{"type":"Polygon","coordinates":[[[-92.56561,40.904],[-92.56476,40.90283],[-92.5644,40.90377],[-92.56561,40.904]]]}},{"type":"Feature","properties":{},"geometry":{"type":"Polygon","coordinates":[[[-92.63886,40.90383],[-92.63693,40.90417],[-92.63889,40.9041],[-92.63886,40.90383]]]}},{"type":"Feature","properties":{},"geometry":{"type":"Polygon","coordinates":[[[-92.20847,40.89971],[-92.2051,40.90182],[-92.20865,40.89987],[-92.20847,40.89971]]]}},{"type":"Feature","properties":{},"geometry":{"type":"Polygon","coordinates":[[[-92.27556,40.89905],[-92.27414,40.89853],[-92.27532,40.89933],[-92.27556,40.89905]]]}},{"type":"Feature","properties":{},"geometry":{"type":"Polygon","coordinates":[[[-92.22598,40.89045],[-92.2251,40.8897],[-92.22402,40.89082],[-92.22598,40.89045]]]}},{"type":"Feature","properties":{},"geometry":{"type":"Polygon","coordinates":[[[-92.80284,40.88909],[-92.8007,40.88916],[-92.80079,40.89023],[-92.80284,40.88909]]]}},{"type":"Feature","properties":{},"geometry":{"type":"Polygon","coordinates":[[[-92.50849,40.88462],[-92.50671,40.88405],[-92.50659,40.88439],[-92.50849,40.88462]]]}},{"type":"Feature","properties":{},"geometry":{"type":"Polygon","coordinates":[[[-92.82926,40.88476],[-92.82763,40.88464],[-92.82769,40.88526],[-92.82926,40.88476]]]}},{"type":"Feature","properties":{},"geometry":{"type":"Polygon","coordinates":[[[-92.20992,40.87969],[-92.20775,40.8796],[-92.2098,40.88042],[-92.20992,40.87969]]]}},{"type":"Feature","properties":{},"geometry":{"type":"Polygon","coordinates":[[[-92.83098,40.87588],[-92.8318,40.87702],[-92.83143,40.87563],[-92.83098,40.87588]]]}},{"type":"Feature","properties":{},"geometry":{"type":"Polygon","coordinates":[[[-92.27502,40.87537],[-92.27322,40.87377],[-92.27228,40.87548],[-92.27502,40.87537]]]}},{"type":"Feature","properties":{},"geometry":{"type":"Polygon","coordinates":[[[-92.2699,40.87376],[-92.268,40.87351],[-92.26824,40.87438],[-92.2699,40.87376]]]}},{"type":"Feature","properties":{},"geometry":{"type":"Polygon","coordinates":[[[-92.27744,40.87279],[-92.27569,40.87276],[-92.27533,40.87359],[-92.27744,40.87279]]]}},{"type":"Feature","properties":{},"geometry":{"type":"Polygon","coordinates":[[[-92.56916,40.87375],[-92.56768,40.87373],[-92.56871,40.87432],[-92.56916,40.87375]]]}},{"type":"Feature","properties":{},"geometry":{"type":"Polygon","coordinates":[[[-92.63647,40.87418],[-92.63466,40.87404],[-92.63451,40.87445],[-92.63647,40.87418]]]}},{"type":"Feature","properties":{},"geometry":{"type":"Polygon","coordinates":[[[-92.57384,40.8695],[-92.57218,40.86975],[-92.57224,40.87009],[-92.57384,40.8695]]]}},{"type":"Feature","properties":{},"geometry":{"type":"Polygon","coordinates":[[[-92.345,40.84482],[-92.34353,40.84461],[-92.34353,40.84484],[-92.345,40.84482]]]}},{"type":"Feature","properties":{},"geometry":{"type":"Polygon","coordinates":[[[-92.06882,40.83747],[-92.06632,40.83799],[-92.06671,40.83939],[-92.06882,40.83747]]]}},{"type":"Feature","properties":{},"geometry":{"type":"Polygon","coordinates":[[[-92.07385,40.83912],[-92.07229,40.83807],[-92.07216,40.839],[-92.07385,40.83912]]]}},{"type":"Feature","properties":{},"geometry":{"type":"Polygon","coordinates":[[[-92.41439,40.83965],[-92.41321,40.8388],[-92.41318,40.83978],[-92.41439,40.83965]]]}},{"type":"Feature","properties":{},"geometry":{"type":"Polygon","coordinates":[[[-92.20743,40.83434],[-92.20526,40.83409],[-92.20541,40.83485],[-92.20743,40.83434]]]}},{"type":"Feature","properties":{},"geometry":{"type":"Polygon","coordinates":[[[-92.38812,40.83272],[-92.38706,40.83224],[-92.38658,40.83297],[-92.38812,40.83272]]]}},{"type":"Feature","properties":{},"geometry":{"type":"Polygon","coordinates":[[[-92.36872,40.83116],[-92.36661,40.83048],[-92.36685,40.83135],[-92.36872,40.83116]]]}},{"type":"Feature","properties":{},"geometry":{"type":"Polygon","coordinates":[[[-92.00338,40.82772],[-92.00148,40.82724],[-92.00175,40.82836],[-92.00338,40.82772]]]}},{"type":"Feature","properties":{},"geometry":{"type":"Polygon","coordinates":[[[-92.50329,40.82897],[-92.50169,40.8283],[-92.50127,40.82899],[-92.50329,40.82897]]]}},{"type":"Feature","properties":{},"geometry":{"type":"Polygon","coordinates":[[[-92.39098,40.82405],[-92.38974,40.82434],[-92.39098,40.82521],[-92.39098,40.82405]]]}},{"type":"Feature","properties":{},"geometry":{"type":"Polygon","coordinates":[[[-92.57017,40.8211],[-92.5977,40.8177],[-92.59707,40.80967],[-92.58238,40.80758],[-92.57017,40.8211]]]}},{"type":"Feature","properties":{},"geometry":{"type":"Polygon","coordinates":[[[-92.62104,40.82091],[-92.61975,40.82025],[-92.61969,40.82137],[-92.62104,40.82091]]]}},{"type":"Feature","properties":{},"geometry":{"type":"Polygon","coordinates":[[[-92.41914,40.81949],[-92.41745,40.81876],[-92.4173,40.81949],[-92.41914,40.81949]]]}},{"type":"Feature","properties":{},"geometry":{"type":"Polygon","coordinates":[[[-92.13973,40.81703],[-92.13778,40.81634],[-92.13835,40.81762],[-92.13973,40.81703]]]}},{"type":"Feature","properties":{},"geometry":{"type":"Polygon","coordinates":[[[-92.44057,40.80756],[-92.43894,40.80692],[-92.43948,40.80783],[-92.44057,40.80756]]]}},{"type":"Feature","properties":{},"geometry":{"type":"Polygon","coordinates":[[[-92.4832,40.80324],[-92.48242,40.80444],[-92.48332,40.80443],[-92.4832,40.80324]]]}},{"type":"Feature","properties":{},"geometry":{"type":"Polygon","coordinates":[[[-92.10475,40.79284],[-92.10414,40.79374],[-92.10601,40.7941],[-92.10475,40.79284]]]}},{"type":"Feature","properties":{},"geometry":{"type":"Polygon","coordinates":[[[-92.60184,40.79157],[-92.60069,40.79064],[-92.60093,40.79189],[-92.60184,40.79157]]]}},{"type":"Feature","properties":{},"geometry":{"type":"Polygon","coordinates":[[[-92.36643,40.77893],[-92.36779,40.77836],[-92.36625,40.77781],[-92.36643,40.77893]]]}},{"type":"Feature","properties":{},"geometry":{"type":"Polygon","coordinates":[[[-92.02349,40.77079],[-92.02175,40.77202],[-92.02256,40.77257],[-92.02349,40.77079]]]}},{"type":"Feature","properties":{},"geometry":{"type":"Polygon","coordinates":[[[-92.20019,40.77271],[-92.19844,40.7733],[-92.1995,40.77355],[-92.20019,40.77271]]]}},{"type":"Feature","properties":{},"geometry":{"type":"Polygon","coordinates":[[[-92.019,40.75674],[-92.02069,40.75733],[-92.02066,40.75663],[-92.019,40.75674]]]}},{"type":"Feature","properties":{},"geometry":{"type":"Polygon","coordinates":[[[-92.10611,40.7564],[-92.10488,40.75662],[-92.10569,40.75775],[-92.10611,40.7564]]]}},{"type":"Feature","properties":{},"geometry":{"type":"Polygon","coordinates":[[[-92.07705,40.75536],[-92.07894,40.75323],[-92.07608,40.75536],[-92.07705,40.75536]]]}},{"type":"Feature","properties":{},"geometry":{"type":"Polygon","coordinates":[[[-92.31155,40.75546],[-92.31107,40.75411],[-92.31107,40.75559],[-92.31155,40.75546]]]}},{"type":"Feature","properties":{},"geometry":{"type":"Polygon","coordinates":[[[-92.1878,40.7524],[-92.18903,40.75057],[-92.18693,40.75119],[-92.1878,40.7524]]]}},{"type":"Feature","properties":{},"geometry":{"type":"Polygon","coordinates":[[[-92.25809,40.74919],[-92.25879,40.75043],[-92.25887,40.74896],[-92.25809,40.74919]]]}},{"type":"Feature","properties":{},"geometry":{"type":"Polygon","coordinates":[[[-92.08001,40.72863],[-92.07793,40.7292],[-92.08001,40.72893],[-92.08001,40.72863]]]}},{"type":"Feature","properties":{},"geometry":{"type":"Polygon","coordinates":[[[-92.00996,40.72739],[-92.01017,40.72506],[-92.00867,40.72544],[-92.00996,40.72739]]]}},{"type":"Feature","properties":{},"geometry":{"type":"Polygon","coordinates":[[[-92.09944,40.72431],[-92.10019,40.72328],[-92.09929,40.72342],[-92.09944,40.72431]]]}},{"type":"Feature","properties":{},"geometry":{"type":"Polygon","coordinates":[[[-92.03385,40.71826],[-92.03283,40.71755],[-92.03214,40.71803],[-92.03385,40.71826]]]}},{"type":"Feature","properties":{},"geometry":{"type":"Polygon","coordinates":[[[-93.17035,40.98483],[-93.16924,40.98387],[-93.16881,40.98495],[-93.17035,40.98483]]]}},{"type":"Feature","properties":{},"geometry":{"type":"Polygon","coordinates":[[[-93.01033,40.9301],[-93.01096,40.92868],[-93.00924,40.93008],[-93.01033,40.9301]]]}},{"type":"Feature","properties":{},"geometry":{"type":"Polygon","coordinates":[[[-93.0707,40.92644],[-93.06943,40.92712],[-93.07031,40.92742],[-93.0707,40.92644]]]}},{"type":"Feature","properties":{},"geometry":{"type":"Polygon","coordinates":[[[-93.05752,40.926],[-93.05546,40.92664],[-93.05661,40.92719],[-93.05752,40.926]]]}},{"type":"Feature","properties":{},"geometry":{"type":"Polygon","coordinates":[[[-93.00187,40.92019],[-93.00395,40.91939],[-93.00184,40.91948],[-93.00187,40.92019]]]}},{"type":"Feature","properties":{},"geometry":{"type":"Polygon","coordinates":[[[-91.45642,40.46407],[-91.45558,40.4635],[-91.45549,40.46407],[-91.45642,40.46407]]]}},{"type":"Feature","properties":{},"geometry":{"type":"Polygon","coordinates":[[[-91.43657,40.442],[-91.43555,40.44145],[-91.43543,40.44184],[-91.43657,40.442]]]}},{"type":"Feature","properties":{},"geometry":{"type":"Polygon","coordinates":[[[-91.451,40.43765],[-91.45282,40.43703],[-91.44995,40.43632],[-91.451,40.43765]]]}},{"type":"Feature","properties":{},"geometry":{"type":"Polygon","coordinates":[[[-91.47425,40.40736],[-91.47201,40.4064],[-91.47129,40.4073],[-91.47425,40.40736]]]}},{"type":"Feature","properties":{},"geometry":{"type":"Polygon","coordinates":[[[-94.90526,42.49891],[-94.91165,42.49637],[-94.91001,42.49513],[-94.90526,42.49891]]]}},{"type":"Feature","properties":{},"geometry":{"type":"Polygon","coordinates":[[[-94.68618,42.147],[-94.69088,42.14572],[-94.69048,42.14494],[-94.68618,42.147]]]}},{"type":"Feature","properties":{},"geometry":{"type":"Polygon","coordinates":[[[-95.26419,42.66607],[-95.26125,42.66623],[-95.2644,42.6672],[-95.26419,42.66607]]]}},{"type":"Feature","properties":{},"geometry":{"type":"MultiPolygon","coordinates":[[[[-94.39896,42.10218],[-94.39399,42.11028],[-94.3994,42.11652],[-94.40837,42.11879],[-94.40803,42.10721],[-94.39896,42.10218]]],[[[-94.40391,42.1057],[-94.40188,42.10978],[-94.40671,42.10765],[-94.40391,42.1057]]],[[[-94.39617,42.11039],[-94.40164,42.1165],[-94.40788,42.11732],[-94.40443,42.11085],[-94.39617,42.11039]]],[[[-94.39964,42.10895],[-94.39663,42.10989],[-94.40013,42.10982],[-94.39964,42.10895]]]]}},{"type":"Feature","properties":{},"geometry":{"type":"Polygon","coordinates":[[[-94.6827,43.32348],[-94.67137,43.32614],[-94.68465,43.33201],[-94.6827,43.32348]]]}},{"type":"Feature","properties":{},"geometry":{"type":"Polygon","coordinates":[[[-94.6466,43.16869],[-94.65407,43.16597],[-94.65441,43.1624],[-94.65126,43.16341],[-94.6466,43.16869]]]}},{"type":"Feature","properties":{},"geometry":{"type":"Polygon","coordinates":[[[-94.16168,43.2266],[-94.16234,43.21706],[-94.15955,43.21553],[-94.15577,43.22525],[-94.16168,43.2266]]]}},{"type":"Feature","properties":{},"geometry":{"type":"Polygon","coordinates":[[[-94.81024,43.19591],[-94.80725,43.18363],[-94.80165,43.18987],[-94.81024,43.19591]]]}},{"type":"Feature","properties":{},"geometry":{"type":"Polygon","coordinates":[[[-95.04714,42.28187],[-95.05184,42.27243],[-95.05031,42.26411],[-95.04328,42.26874],[-95.04714,42.28187]]]}},{"type":"Feature","properties":{},"geometry":{"type":"Polygon","coordinates":[[[-94.29174,41.82078],[-94.28892,41.82082],[-94.28947,41.82258],[-94.29174,41.82078]]]}},{"type":"Feature","properties":{},"geometry":{"type":"Polygon","coordinates":[[[-94.29982,41.80674],[-94.2874,41.81341],[-94.28966,41.81942],[-94.29982,41.80674]]]}},{"type":"Feature","properties":{},"geometry":{"type":"Polygon","coordinates":[[[-94.60635,41.99382],[-94.61555,41.97568],[-94.60817,41.98188],[-94.6086,41.97472],[-94.61865,41.97332],[-94.60703,41.97389],[-94.60635,41.99382]]]}},{"type":"Feature","properties":{},"geometry":{"type":"Polygon","coordinates":[[[-94.60746,41.8359],[-94.60097,41.83897],[-94.60911,41.83865],[-94.60746,41.8359]]]}},{"type":"Feature","properties":{},"geometry":{"type":"Polygon","coordinates":[[[-95.04424,42.36051],[-95.05177,42.35869],[-95.0518,42.35668],[-95.04424,42.36051]]]}},{"type":"Feature","properties":{},"geometry":{"type":"Polygon","coordinates":[[[-94.21576,43.18872],[-94.21517,43.18998],[-94.21598,43.19009],[-94.21576,43.18872]]]}},{"type":"Feature","properties":{},"geometry":{"type":"Polygon","coordinates":[[[-94.12977,41.83858],[-94.12839,41.84041],[-94.12959,41.84125],[-94.12977,41.83858]]]}},{"type":"Feature","properties":{},"geometry":{"type":"Polygon","coordinates":[[[-95.15941,42.59857],[-95.15601,42.59722],[-95.15601,42.59866],[-95.15941,42.59857]]]}},{"type":"Feature","properties":{},"geometry":{"type":"Polygon","coordinates":[[[-94.20974,42.56461],[-94.20683,42.56445],[-94.20687,42.56477],[-94.20974,42.56461]]]}},{"type":"Feature","properties":{},"geometry":{"type":"Polygon","coordinates":[[[-94.69709,43.33529],[-94.6974,43.33362],[-94.68888,43.33347],[-94.69709,43.33529]]]}},{"type":"Feature","properties":{},"geometry":{"type":"Polygon","coordinates":[[[-94.73609,43.04225],[-94.73322,43.04292],[-94.73541,43.0452],[-94.73609,43.04225]]]}},{"type":"Feature","properties":{},"geometry":{"type":"Polygon","coordinates":[[[-94.42858,42.80526],[-94.4256,42.80478],[-94.42942,42.8059],[-94.42858,42.80526]]]}},{"type":"Feature","properties":{},"geometry":{"type":"Polygon","coordinates":[[[-93.93391,42.30687],[-93.93255,42.30772],[-93.93431,42.30849],[-93.93391,42.30687]]]}},{"type":"Feature","properties":{},"geometry":{"type":"Polygon","coordinates":[[[-94.84413,42.03758],[-94.84161,42.04138],[-94.8533,42.03891],[-94.84413,42.03758]]]}},{"type":"Feature","properties":{},"geometry":{"type":"Polygon","coordinates":[[[-94.00158,42.07137],[-94.00166,42.0738],[-94.00271,42.07243],[-94.00158,42.07137]]]}},{"type":"Feature","properties":{},"geometry":{"type":"Polygon","coordinates":[[[-94.45858,42.35965],[-94.45732,42.36013],[-94.45775,42.36114],[-94.45858,42.35965]]]}},{"type":"Feature","properties":{},"geometry":{"type":"Polygon","coordinates":[[[-94.98195,42.33812],[-94.98022,42.3391],[-94.98204,42.33931],[-94.98195,42.33812]]]}},{"type":"Feature","properties":{},"geometry":{"type":"Polygon","coordinates":[[[-94.80609,42.24504],[-94.8052,42.24607],[-94.80593,42.24657],[-94.80609,42.24504]]]}},{"type":"Feature","properties":{},"geometry":{"type":"Polygon","coordinates":[[[-94.7387,42.22991],[-94.7379,42.23044],[-94.73892,42.23023],[-94.7387,42.22991]]]}},{"type":"Feature","properties":{},"geometry":{"type":"Polygon","coordinates":[[[-94.62527,42.17794],[-94.6261,42.17874],[-94.62637,42.17794],[-94.62527,42.17794]]]}},{"type":"Feature","properties":{},"geometry":{"type":"Polygon","coordinates":[[[-94.66085,42.13498],[-94.65805,42.1345],[-94.65642,42.13452],[-94.66085,42.13498]]]}},{"type":"Feature","properties":{},"geometry":{"type":"Polygon","coordinates":[[[-94.66464,42.11069],[-94.66384,42.11106],[-94.66587,42.11115],[-94.66464,42.11069]]]}},{"type":"Feature","properties":{},"geometry":{"type":"Polygon","coordinates":[[[-93.79304,41.78584],[-93.79112,41.78515],[-93.79298,41.78618],[-93.79304,41.78584]]]}},{"type":"Feature","properties":{},"geometry":{"type":"Polygon","coordinates":[[[-93.67571,41.65608],[-93.67224,41.66182],[-93.67718,41.66191],[-93.67571,41.65608]]]}},{"type":"Feature","properties":{},"geometry":{"type":"Polygon","coordinates":[[[-93.65652,41.64247],[-93.65475,41.6422],[-93.65679,41.64327],[-93.65652,41.64247]]]}},{"type":"Feature","properties":{},"geometry":{"type":"Polygon","coordinates":[[[-93.72449,41.55971],[-93.72096,41.55966],[-93.72245,41.56081],[-93.72449,41.55971]]]}},{"type":"Feature","properties":{},"geometry":{"type":"Polygon","coordinates":[[[-93.72317,41.55195],[-93.7222,41.55213],[-93.72323,41.55209],[-93.72317,41.55195]]]}},{"type":"Feature","properties":{},"geometry":{"type":"Polygon","coordinates":[[[-93.96421,41.54702],[-93.96458,41.5464],[-93.96296,41.54629],[-93.96421,41.54702]]]}},{"type":"Feature","properties":{},"geometry":{"type":"Polygon","coordinates":[[[-93.96375,41.51998],[-93.96287,41.51909],[-93.96281,41.5195],[-93.96375,41.51998]]]}},{"type":"Feature","properties":{},"geometry":{"type":"Polygon","coordinates":[[[-93.80028,42.49127],[-93.79905,42.49276],[-93.80062,42.49379],[-93.80028,42.49127]]]}},{"type":"Feature","properties":{},"geometry":{"type":"Polygon","coordinates":[[[-93.80379,42.41943],[-93.80293,42.41925],[-93.80284,42.4197],[-93.80379,42.41943]]]}},{"type":"Feature","properties":{},"geometry":{"type":"Polygon","coordinates":[[[-93.90319,42.32633],[-93.90248,42.32678],[-93.90365,42.32674],[-93.90319,42.32633]]]}},{"type":"Feature","properties":{},"geometry":{"type":"Polygon","coordinates":[[[-95.02891,42.58944],[-95.02823,42.58887],[-95.02798,42.58957],[-95.02891,42.58944]]]}},{"type":"Feature","properties":{},"geometry":{"type":"Polygon","coordinates":[[[-94.33249,42.01249],[-94.33111,42.01155],[-94.33081,42.01222],[-94.33249,42.01249]]]}},{"type":"Feature","properties":{},"geometry":{"type":"Polygon","coordinates":[[[-93.99987,41.62419],[-93.99728,41.62461],[-93.99981,41.6252],[-93.99987,41.62419]]]}},{"type":"Feature","properties":{},"geometry":{"type":"Polygon","coordinates":[[[-94.1629,41.53781],[-94.15785,41.53868],[-94.16336,41.53891],[-94.1629,41.53781]]]}},{"type":"Feature","properties":{},"geometry":{"type":"Polygon","coordinates":[[[-93.23176,41.01463],[-93.2307,41.01605],[-93.23164,41.01591],[-93.23176,41.01463]]]}},{"type":"Feature","properties":{},"geometry":{"type":"Polygon","coordinates":[[[-93.43063,41.64077],[-93.42923,41.64077],[-93.42911,41.64134],[-93.43063,41.64077]]]}},{"type":"Feature","properties":{},"geometry":{"type":"Polygon","coordinates":[[[-93.42075,41.63803],[-93.42224,41.63855],[-93.42377,41.6381],[-93.42075,41.63803]]]}},{"type":"Feature","properties":{},"geometry":{"type":"Polygon","coordinates":[[[-93.30536,41.59951],[-93.30402,41.59983],[-93.30441,41.60013],[-93.30536,41.59951]]]}},{"type":"Feature","properties":{},"geometry":{"type":"Polygon","coordinates":[[[-93.28992,41.54306],[-93.28745,41.54363],[-93.28995,41.54331],[-93.28992,41.54306]]]}},{"type":"Feature","properties":{},"geometry":{"type":"Polygon","coordinates":[[[-93.49431,41.5213],[-93.49303,41.52249],[-93.49669,41.5234],[-93.49431,41.5213]]]}},{"type":"Feature","properties":{},"geometry":{"type":"Polygon","coordinates":[[[-93.51241,41.69431],[-93.5111,41.69419],[-93.51058,41.6952],[-93.51241,41.69431]]]}},{"type":"Feature","properties":{},"geometry":{"type":"Polygon","coordinates":[[[-92.96695,41.38366],[-92.965,41.38268],[-92.96704,41.38414],[-92.96695,41.38366]]]}},{"type":"Feature","properties":{},"geometry":{"type":"Polygon","coordinates":[[[-92.98744,41.35726],[-92.98801,41.35612],[-92.9854,41.35475],[-92.98744,41.35726]]]}},{"type":"Feature","properties":{},"geometry":{"type":"Polygon","coordinates":[[[-93.77476,41.49422],[-93.7723,41.49591],[-93.77564,41.49473],[-93.77476,41.49422]]]}},{"type":"Feature","properties":{},"geometry":{"type":"Polygon","coordinates":[[[-93.91765,41.48661],[-93.93158,41.4856],[-93.91365,41.47083],[-93.925,41.4676],[-93.90793,41.469],[-93.91765,41.48661]]]}},{"type":"Feature","properties":{},"geometry":{"type":"Polygon","coordinates":[[[-93.84758,41.48273],[-93.84487,41.48305],[-93.84582,41.48428],[-93.84758,41.48273]]]}},{"type":"Feature","properties":{},"geometry":{"type":"Polygon","coordinates":[[[-93.77804,41.48102],[-93.77786,41.47926],[-93.77618,41.48036],[-93.77804,41.48102]]]}},{"type":"Feature","properties":{},"geometry":{"type":"Polygon","coordinates":[[[-93.48728,41.46715],[-93.48904,41.46728],[-93.48919,41.46568],[-93.48728,41.46715]]]}},{"type":"Feature","properties":{},"geometry":{"type":"Polygon","coordinates":[[[-93.8503,41.44857],[-93.84796,41.44757],[-93.84896,41.44885],[-93.8503,41.44857]]]}},{"type":"Feature","properties":{},"geometry":{"type":"Polygon","coordinates":[[[-93.13172,41.43101],[-93.13321,41.43302],[-93.13354,41.43202],[-93.13172,41.43101]]]}},{"type":"Feature","properties":{},"geometry":{"type":"Polygon","coordinates":[[[-93.31359,41.40436],[-93.31073,41.40548],[-93.31368,41.40457],[-93.31359,41.40436]]]}},{"type":"Feature","properties":{},"geometry":{"type":"Polygon","coordinates":[[[-93.04981,41.36068],[-93.04814,41.36187],[-93.05041,41.36187],[-93.04981,41.36068]]]}},{"type":"Feature","properties":{},"geometry":{"type":"Polygon","coordinates":[[[-93.76621,41.23809],[-93.763,41.24049],[-93.76445,41.24246],[-93.76621,41.23809]]]}},{"type":"Feature","properties":{},"geometry":{"type":"Polygon","coordinates":[[[-93.67818,41.23742],[-93.67985,41.23776],[-93.67997,41.23689],[-93.67818,41.23742]]]}},{"type":"Feature","properties":{},"geometry":{"type":"Polygon","coordinates":[[[-94.63215,41.49621],[-94.63178,41.49547],[-94.63135,41.49598],[-94.63215,41.49621]]]}},{"type":"Feature","properties":{},"geometry":{"type":"Polygon","coordinates":[[[-94.44377,41.49235],[-94.44405,41.4934],[-94.4449,41.49274],[-94.44377,41.49235]]]}},{"type":"Feature","properties":{},"geometry":{"type":"Polygon","coordinates":[[[-94.33271,41.41509],[-94.33277,41.41617],[-94.33398,41.4155],[-94.33271,41.41509]]]}},{"type":"Feature","properties":{},"geometry":{"type":"Polygon","coordinates":[[[-93.63323,40.98058],[-93.63184,40.98277],[-93.63278,40.9833],[-93.63323,40.98058]]]}},{"type":"Feature","properties":{},"geometry":{"type":"Polygon","coordinates":[[[-92.91021,41.33517],[-92.91109,41.33796],[-92.91112,41.33444],[-92.91021,41.33517]]]}},{"type":"Feature","properties":{},"geometry":{"type":"Polygon","coordinates":[[[-92.40192,41.06157],[-92.40309,41.06082],[-92.40176,41.06089],[-92.40192,41.06157]]]}},{"type":"Feature","properties":{},"geometry":{"type":"Polygon","coordinates":[[[-92.47446,41.03723],[-92.47074,41.03705],[-92.47452,41.03744],[-92.47446,41.03723]]]}},{"type":"Feature","properties":{},"geometry":{"type":"Polygon","coordinates":[[[-92.4306,41.01765],[-92.43198,41.00859],[-92.42714,41.00642],[-92.42159,41.00812],[-92.41827,41.01091],[-92.43023,41.00807],[-92.4306,41.01765]]]}},{"type":"Feature","properties":{},"geometry":{"type":"Polygon","coordinates":[[[-91.86135,40.6942],[-91.86032,40.69436],[-91.86056,40.69512],[-91.86135,40.6942]]]}},{"type":"Feature","properties":{},"geometry":{"type":"Polygon","coordinates":[[[-91.80785,40.68375],[-91.80635,40.68414],[-91.80791,40.68396],[-91.80785,40.68375]]]}},{"type":"Feature","properties":{},"geometry":{"type":"Polygon","coordinates":[[[-91.89489,40.66409],[-91.89317,40.66467],[-91.89317,40.66492],[-91.89489,40.66409]]]}},{"type":"Feature","properties":{},"geometry":{"type":"Polygon","coordinates":[[[-91.58977,40.51341],[-91.58863,40.51229],[-91.58746,40.5127],[-91.58977,40.51341]]]}},{"type":"Feature","properties":{},"geometry":{"type":"Polygon","coordinates":[[[-92.39998,40.99814],[-92.39787,40.99979],[-92.39971,40.99979],[-92.39998,40.99814]]]}},{"type":"Feature","properties":{},"geometry":{"type":"Polygon","coordinates":[[[-96.44883,43.45246],[-96.44736,43.45372],[-96.44883,43.45376],[-96.44883,43.45246]]]}},{"type":"Feature","properties":{},"geometry":{"type":"Polygon","coordinates":[[[-96.58974,42.80821],[-96.58779,42.80709],[-96.58803,42.8118],[-96.58974,42.80821]]]}},{"type":"Feature","properties":{},"geometry":{"type":"Polygon","coordinates":[[[-96.58934,42.80499],[-96.58767,42.80224],[-96.58701,42.80494],[-96.58934,42.80499]]]}},{"type":"Feature","properties":{},"geometry":{"type":"Polygon","coordinates":[[[-96.58885,42.78944],[-96.58693,42.78864],[-96.58563,42.78981],[-96.58885,42.78944]]]}},{"type":"Feature","properties":{},"geometry":{"type":"Polygon","coordinates":[[[-96.53543,42.65448],[-96.53326,42.65429],[-96.53562,42.65482],[-96.53543,42.65448]]]}},{"type":"Feature","properties":{},"geometry":{"type":"Polygon","coordinates":[[[-96.1701,43.44512],[-96.16806,43.44562],[-96.17007,43.4454],[-96.1701,43.44512]]]}},{"type":"Feature","properties":{},"geometry":{"type":"Polygon","coordinates":[[[-96.43188,43.1424],[-96.42989,43.14268],[-96.43189,43.14377],[-96.43188,43.1424]]]}},{"type":"Feature","properties":{},"geometry":{"type":"Polygon","coordinates":[[[-96.49349,43.01793],[-96.49031,43.01647],[-96.49075,43.01791],[-96.49349,43.01793]]]}},{"type":"Feature","properties":{},"geometry":{"type":"Polygon","coordinates":[[[-95.81417,43.27787],[-95.81329,43.27419],[-95.81342,43.27785],[-95.81417,43.27787]]]}},{"type":"Feature","properties":{},"geometry":{"type":"Polygon","coordinates":[[[-96.45904,43.38456],[-96.4701,43.38028],[-96.45671,43.38127],[-96.45904,43.38456]]]}}]}