{"type":"FeatureCollection","features":[{"type":"Feature","properties":{},"geometry":{"type":"LineString","coordinates":[[-91.20115,43.40197],[-91.20362,43.39858]]}},{"type":"Feature","properties":{},"geometry":{"type":"LineString","coordinates":[[-91.19889,43.4021],[-91.20115,43.40197]]}},{"type":"Feature","properties":{},"geometry":{"type":"LineString","coordinates":[[-91.23151,43.46178],[-91.23093,43.46112]]}},{"type":"Feature","properties":{},"geometry":{"type":"LineString","coordinates":[[-91.12232,43.1965],[-91.13817,43.17066]]}},{"type":"Feature","properties":{},"geometry":{"type":"LineString","coordinates":[[-91.11728,43.20082],[-91.12232,43.1965]]}},{"type":"Feature","properties":{},"geometry":{"type":"LineString","coordinates":[[-91.10068,43.21268],[-91.11728,43.20082]]}},{"type":"Feature","properties":{},"geometry":{"type":"LineString","coordinates":[[-91.0977,43.21488],[-91.10068,43.21268]]}},{"type":"Feature","properties":{},"geometry":{"type":"LineString","coordinates":[[-91.2181,43.47653],[-91.23093,43.46112]]}},{"type":"Feature","properties":{},"geometry":{"type":"LineString","coordinates":[[-91.2334,43.46634],[-91.23154,43.46572]]}},{"type":"Feature","properties":{},"geometry":{"type":"LineString","coordinates":[[-91.23154,43.46572],[-91.23151,43.46178]]}},{"type":"Feature","properties":{},"geometry":{"type":"LineString","coordinates":[[-91.17696,43.08616],[-91.17704,43.06922],[-91.1644,43.05908]]}},{"type":"Feature","properties":{},"geometry":{"type":"LineString","coordinates":[[-91.32731,43.45852],[-91.3248,43.45978]]}},{"type":"Feature","properties":{},"geometry":{"type":"LineString","coordinates":[[-91.36295,43.43059],[-91.35105,43.43286],[-91.33099,43.4565]]}},{"type":"Feature","properties":{},"geometry":{"type":"LineString","coordinates":[[-91.33099,43.4565],[-91.32731,43.45852]]}},{"type":"Feature","properties":{},"geometry":{"type":"LineString","coordinates":[[-91.37759,43.44029],[-91.36849,43.43652]]}},{"type":"Feature","properties":{},"geometry":{"type":"LineString","coordinates":[[-91.36849,43.43652],[-91.36295,43.43059]]}},{"type":"Feature","properties":{},"geometry":{"type":"LineString","coordinates":[[-91.3891,43.42742],[-91.38644,43.43979],[-91.37759,43.44029]]}},{"type":"Feature","properties":{},"geometry":{"type":"LineString","coordinates":[[-91.39306,43.42762],[-91.3891,43.42742]]}},{"type":"Feature","properties":{},"geometry":{"type":"LineString","coordinates":[[-91.39478,43.42742],[-91.39306,43.42762]]}},{"type":"Feature","properties":{},"geometry":{"type":"LineString","coordinates":[[-91.40887,43.43368],[-91.39478,43.42742]]}},{"type":"Feature","properties":{},"geometry":{"type":"LineString","coordinates":[[-91.42964,43.42553],[-91.40887,43.43368]]}},{"type":"Feature","properties":{},"geometry":{"type":"LineString","coordinates":[[-91.43346,43.42411],[-91.42964,43.42553]]}},{"type":"Feature","properties":{},"geometry":{"type":"LineString","coordinates":[[-91.43719,43.42173],[-91.43346,43.42411]]}},{"type":"Feature","properties":{},"geometry":{"type":"LineString","coordinates":[[-91.45056,43.42236],[-91.43719,43.42173]]}},{"type":"Feature","properties":{},"geometry":{"type":"LineString","coordinates":[[-91.48133,43.42044],[-91.46654,43.42789],[-91.45056,43.42236]]}},{"type":"Feature","properties":{},"geometry":{"type":"LineString","coordinates":[[-91.4861,43.42112],[-91.48133,43.42044]]}},{"type":"Feature","properties":{},"geometry":{"type":"LineString","coordinates":[[-91.48865,43.42387],[-91.4861,43.42112]]}},{"type":"Feature","properties":{},"geometry":{"type":"LineString","coordinates":[[-91.50577,43.42694],[-91.49563,43.43191],[-91.48865,43.42387]]}},{"type":"Feature","properties":{},"geometry":{"type":"LineString","coordinates":[[-91.43346,43.42411],[-91.42964,43.42553]]}},{"type":"Feature","properties":{},"geometry":{"type":"LineString","coordinates":[[-91.39478,43.42742],[-91.39306,43.42762]]}},{"type":"Feature","properties":{},"geometry":{"type":"LineString","coordinates":[[-91.3248,43.45978],[-91.29763,43.47349]]}},{"type":"Feature","properties":{},"geometry":{"type":"LineString","coordinates":[[-91.29763,43.47349],[-91.27739,43.47506]]}},{"type":"Feature","properties":{},"geometry":{"type":"LineString","coordinates":[[-91.27739,43.47506],[-91.2334,43.46634]]}},{"type":"Feature","properties":{},"geometry":{"type":"LineString","coordinates":[[-90.67143,42.57501],[-90.65341,42.55559]]}},{"type":"Feature","properties":{},"geometry":{"type":"LineString","coordinates":[[-90.87908,42.67031],[-90.8665,42.66905]]}},{"type":"Feature","properties":{},"geometry":{"type":"LineString","coordinates":[[-90.8665,42.66905],[-90.84805,42.66357]]}},{"type":"Feature","properties":{},"geometry":{"type":"LineString","coordinates":[[-90.89108,42.67253],[-90.87908,42.67031]]}},{"type":"Feature","properties":{},"geometry":{"type":"LineString","coordinates":[[-90.91004,42.68039],[-90.89108,42.67253]]}},{"type":"Feature","properties":{},"geometry":{"type":"LineString","coordinates":[[-90.94653,42.68457],[-90.93264,42.6841]]}},{"type":"Feature","properties":{},"geometry":{"type":"LineString","coordinates":[[-90.95311,42.6865],[-90.94653,42.68457]]}},{"type":"Feature","properties":{},"geometry":{"type":"LineString","coordinates":[[-90.95503,42.68806],[-90.95311,42.6865]]}},{"type":"Feature","properties":{},"geometry":{"type":"LineString","coordinates":[[-90.95596,42.68881],[-90.95503,42.68806]]}},{"type":"Feature","properties":{},"geometry":{"type":"LineString","coordinates":[[-91.08282,42.76912],[-91.08564,42.74963]]}},{"type":"Feature","properties":{},"geometry":{"type":"LineString","coordinates":[[-91.09588,42.83685],[-91.09616,42.83551]]}},{"type":"Feature","properties":{},"geometry":{"type":"LineString","coordinates":[[-91.09449,42.83772],[-91.09588,42.83685]]}},{"type":"Feature","properties":{},"geometry":{"type":"LineString","coordinates":[[-91.0941,42.85165],[-91.09449,42.83772]]}},{"type":"Feature","properties":{},"geometry":{"type":"LineString","coordinates":[[-91.05228,42.72426],[-91.05153,42.72548]]}},{"type":"Feature","properties":{},"geometry":{"type":"LineString","coordinates":[[-91.05153,42.72548],[-91.04534,42.72812]]}},{"type":"Feature","properties":{},"geometry":{"type":"LineString","coordinates":[[-91.06966,42.73632],[-91.05228,42.72426]]}},{"type":"Feature","properties":{},"geometry":{"type":"LineString","coordinates":[[-91.09173,42.77822],[-91.09444,42.77781]]}},{"type":"Feature","properties":{},"geometry":{"type":"LineString","coordinates":[[-91.09444,42.77781],[-91.09541,42.77287]]}},{"type":"Feature","properties":{},"geometry":{"type":"LineString","coordinates":[[-91.09541,42.77287],[-91.08849,42.77575]]}},{"type":"Feature","properties":{},"geometry":{"type":"LineString","coordinates":[[-95.0307,40.66991],[-95.03053,40.66344]]}},{"type":"Feature","properties":{},"geometry":{"type":"LineString","coordinates":[[-95.02847,40.67291],[-95.0307,40.66991]]}},{"type":"Feature","properties":{},"geometry":{"type":"LineString","coordinates":[[-95.02679,40.6743],[-95.02847,40.67291]]}},{"type":"Feature","properties":{},"geometry":{"type":"LineString","coordinates":[[-95.017,40.68973],[-95.02679,40.6743]]}},{"type":"Feature","properties":{},"geometry":{"type":"LineString","coordinates":[[-95.018,40.70451],[-95.017,40.68973]]}},{"type":"Feature","properties":{},"geometry":{"type":"LineString","coordinates":[[-95.01824,40.70527],[-95.018,40.70451]]}},{"type":"Feature","properties":{},"geometry":{"type":"LineString","coordinates":[[-95.01373,40.74399],[-95.01824,40.70527]]}},{"type":"Feature","properties":{},"geometry":{"type":"LineString","coordinates":[[-95.0109,40.74632],[-95.01373,40.74399]]}},{"type":"Feature","properties":{},"geometry":{"type":"LineString","coordinates":[[-95.00251,40.75176],[-95.0109,40.74632]]}},{"type":"Feature","properties":{},"geometry":{"type":"LineString","coordinates":[[-95.00026,40.75272],[-95.00251,40.75176]]}},{"type":"Feature","properties":{},"geometry":{"type":"LineString","coordinates":[[-94.99543,40.77458],[-95.00026,40.7533]]}},{"type":"Feature","properties":{},"geometry":{"type":"LineString","coordinates":[[-95.00026,40.7533],[-95.00026,40.75272]]}},{"type":"Feature","properties":{},"geometry":{"type":"LineString","coordinates":[[-94.99526,40.78137],[-94.99543,40.77458]]}},{"type":"Feature","properties":{},"geometry":{"type":"LineString","coordinates":[[-94.99562,40.79288],[-94.99526,40.78137]]}},{"type":"Feature","properties":{},"geometry":{"type":"LineString","coordinates":[[-94.99542,40.79816],[-94.99562,40.79288]]}},{"type":"Feature","properties":{},"geometry":{"type":"LineString","coordinates":[[-94.99573,40.80258],[-94.99542,40.79816]]}},{"type":"Feature","properties":{},"geometry":{"type":"LineString","coordinates":[[-94.99504,40.80693],[-94.99573,40.80258]]}},{"type":"Feature","properties":{},"geometry":{"type":"LineString","coordinates":[[-95.00027,40.81285],[-94.99504,40.80693]]}},{"type":"Feature","properties":{},"geometry":{"type":"LineString","coordinates":[[-95.00194,40.81734],[-95.00027,40.81285]]}},{"type":"Feature","properties":{},"geometry":{"type":"LineString","coordinates":[[-95.00305,40.821],[-95.00194,40.81734]]}},{"type":"Feature","properties":{},"geometry":{"type":"LineString","coordinates":[[-95.00465,40.83747],[-95.00305,40.821]]}},{"type":"Feature","properties":{},"geometry":{"type":"LineString","coordinates":[[-95.00458,40.84038],[-95.00465,40.83747]]}},{"type":"Feature","properties":{},"geometry":{"type":"LineString","coordinates":[[-95.00473,40.84081],[-95.00458,40.84038]]}},{"type":"Feature","properties":{},"geometry":{"type":"LineString","coordinates":[[-95.00481,40.84822],[-95.00473,40.84081]]}},{"type":"Feature","properties":{},"geometry":{"type":"LineString","coordinates":[[-95.00491,40.85822],[-95.00481,40.84822]]}},{"type":"Feature","properties":{},"geometry":{"type":"LineString","coordinates":[[-95.00483,40.87343],[-95.00491,40.85822]]}},{"type":"Feature","properties":{},"geometry":{"type":"LineString","coordinates":[[-95.005,40.87771],[-95.00483,40.87343]]}},{"type":"Feature","properties":{},"geometry":{"type":"LineString","coordinates":[[-95.00503,40.87833],[-95.005,40.87771]]}},{"type":"Feature","properties":{},"geometry":{"type":"LineString","coordinates":[[-95.00452,40.89537],[-95.00503,40.87833]]}},{"type":"Feature","properties":{},"geometry":{"type":"LineString","coordinates":[[-95.00027,40.9038],[-95.00452,40.89537]]}},{"type":"Feature","properties":{},"geometry":{"type":"LineString","coordinates":[[-94.99887,40.90459],[-95.00027,40.9038]]}},{"type":"Feature","properties":{},"geometry":{"type":"LineString","coordinates":[[-91.14044,42.90891],[-91.1354,42.9047]]}},{"type":"Feature","properties":{},"geometry":{"type":"LineString","coordinates":[[-91.14081,42.90906],[-91.14044,42.90891]]}},{"type":"Feature","properties":{},"geometry":{"type":"LineString","coordinates":[[-90.95503,42.68806],[-90.95305,42.69752]]}},{"type":"Feature","properties":{},"geometry":{"type":"LineString","coordinates":[[-91.08564,42.74963],[-91.08146,42.74575]]}},{"type":"Feature","properties":{},"geometry":{"type":"LineString","coordinates":[[-91.16001,42.97494],[-91.16122,42.97211]]}},{"type":"Feature","properties":{},"geometry":{"type":"LineString","coordinates":[[-91.1548,42.97415],[-91.16001,42.97494]]}},{"type":"Feature","properties":{},"geometry":{"type":"LineString","coordinates":[[-90.99367,42.71213],[-90.98462,42.70308]]}},{"type":"Feature","properties":{},"geometry":{"type":"LineString","coordinates":[[-90.98462,42.70308],[-90.95596,42.68881]]}},{"type":"Feature","properties":{},"geometry":{"type":"LineString","coordinates":[[-91.14317,42.90542],[-91.14198,42.9039]]}},{"type":"Feature","properties":{},"geometry":{"type":"LineString","coordinates":[[-91.14198,42.9039],[-91.12446,42.89263]]}},{"type":"Feature","properties":{},"geometry":{"type":"LineString","coordinates":[[-91.15003,42.93942],[-91.14471,42.9282]]}},{"type":"Feature","properties":{},"geometry":{"type":"LineString","coordinates":[[-91.14471,42.9282],[-91.14531,42.91707]]}},{"type":"Feature","properties":{},"geometry":{"type":"LineString","coordinates":[[-91.14795,42.91182],[-91.14809,42.91086]]}},{"type":"Feature","properties":{},"geometry":{"type":"LineString","coordinates":[[-91.14178,42.90797],[-91.141,42.90884]]}},{"type":"Feature","properties":{},"geometry":{"type":"LineString","coordinates":[[-91.14317,42.90542],[-91.14178,42.90797]]}},{"type":"Feature","properties":{},"geometry":{"type":"LineString","coordinates":[[-91.141,42.90884],[-91.14081,42.90906]]}},{"type":"Feature","properties":{},"geometry":{"type":"LineString","coordinates":[[-91.15642,42.98282],[-91.1548,42.97415]]}},{"type":"Feature","properties":{},"geometry":{"type":"LineString","coordinates":[[-91.14768,42.94767],[-91.15055,42.94253]]}},{"type":"Feature","properties":{},"geometry":{"type":"LineString","coordinates":[[-91.08463,42.77214],[-91.08311,42.76956]]}},{"type":"Feature","properties":{},"geometry":{"type":"LineString","coordinates":[[-91.08829,42.77556],[-91.08463,42.77214]]}},{"type":"Feature","properties":{},"geometry":{"type":"LineString","coordinates":[[-91.08849,42.77575],[-91.08829,42.77556]]}},{"type":"Feature","properties":{},"geometry":{"type":"LineString","coordinates":[[-91.09173,42.77822],[-91.08849,42.77575]]}},{"type":"Feature","properties":{},"geometry":{"type":"LineString","coordinates":[[-91.02196,42.7198],[-91.01713,42.71934]]}},{"type":"Feature","properties":{},"geometry":{"type":"LineString","coordinates":[[-91.02909,42.7198],[-91.02196,42.7198]]}},{"type":"Feature","properties":{},"geometry":{"type":"LineString","coordinates":[[-91.03014,42.72018],[-91.02909,42.7198]]}},{"type":"Feature","properties":{},"geometry":{"type":"LineString","coordinates":[[-91.01713,42.71934],[-91.01191,42.72022]]}},{"type":"Feature","properties":{},"geometry":{"type":"LineString","coordinates":[[-90.84805,42.66357],[-90.84253,42.66349]]}},{"type":"Feature","properties":{},"geometry":{"type":"LineString","coordinates":[[-91.08146,42.74575],[-91.06966,42.73632]]}},{"type":"Feature","properties":{},"geometry":{"type":"LineString","coordinates":[[-91.04534,42.72812],[-91.03014,42.72018]]}},{"type":"Feature","properties":{},"geometry":{"type":"LineString","coordinates":[[-91.06966,42.73632],[-91.04534,42.72812]]}},{"type":"Feature","properties":{},"geometry":{"type":"LineString","coordinates":[[-91.08311,42.76956],[-91.08282,42.76912]]}},{"type":"Feature","properties":{},"geometry":{"type":"LineString","coordinates":[[-91.09629,42.83367],[-91.09643,42.83166]]}},{"type":"Feature","properties":{},"geometry":{"type":"LineString","coordinates":[[-91.09462,42.82336],[-91.09583,42.81838]]}},{"type":"Feature","properties":{},"geometry":{"type":"LineString","coordinates":[[-91.09205,42.81088],[-91.09004,42.80719]]}},{"type":"Feature","properties":{},"geometry":{"type":"LineString","coordinates":[[-91.09004,42.80719],[-91.09031,42.80438]]}},{"type":"Feature","properties":{},"geometry":{"type":"LineString","coordinates":[[-91.09643,42.83166],[-91.09453,42.82465]]}},{"type":"Feature","properties":{},"geometry":{"type":"LineString","coordinates":[[-91.09378,42.78572],[-91.09173,42.77822]]}},{"type":"Feature","properties":{},"geometry":{"type":"LineString","coordinates":[[-91.09583,42.81838],[-91.09205,42.81088]]}},{"type":"Feature","properties":{},"geometry":{"type":"LineString","coordinates":[[-91.09453,42.82465],[-91.09462,42.82336]]}},{"type":"Feature","properties":{},"geometry":{"type":"LineString","coordinates":[[-91.09031,42.80438],[-91.09378,42.78572]]}},{"type":"Feature","properties":{},"geometry":{"type":"LineString","coordinates":[[-91.09616,42.83551],[-91.09629,42.83367]]}},{"type":"Feature","properties":{},"geometry":{"type":"LineString","coordinates":[[-91.14821,42.91005],[-91.14317,42.90542]]}},{"type":"Feature","properties":{},"geometry":{"type":"LineString","coordinates":[[-91.14809,42.91086],[-91.14821,42.91005]]}},{"type":"Feature","properties":{},"geometry":{"type":"LineString","coordinates":[[-91.14531,42.91707],[-91.14795,42.91182]]}},{"type":"Feature","properties":{},"geometry":{"type":"LineString","coordinates":[[-91.15055,42.94253],[-91.15003,42.93942]]}},{"type":"Feature","properties":{},"geometry":{"type":"LineString","coordinates":[[-91.14531,42.91707],[-91.14197,42.91589]]}},{"type":"Feature","properties":{},"geometry":{"type":"LineString","coordinates":[[-91.14197,42.91589],[-91.13925,42.91256]]}},{"type":"Feature","properties":{},"geometry":{"type":"LineString","coordinates":[[-91.14044,42.90948],[-91.13885,42.91163]]}},{"type":"Feature","properties":{},"geometry":{"type":"LineString","coordinates":[[-91.14081,42.90906],[-91.14044,42.90948]]}},{"type":"Feature","properties":{},"geometry":{"type":"LineString","coordinates":[[-91.10301,42.85245],[-91.10301,42.85185]]}},{"type":"Feature","properties":{},"geometry":{"type":"LineString","coordinates":[[-91.10556,42.85048],[-91.10572,42.85]]}},{"type":"Feature","properties":{},"geometry":{"type":"LineString","coordinates":[[-91.10422,42.85391],[-91.10301,42.85245]]}},{"type":"Feature","properties":{},"geometry":{"type":"LineString","coordinates":[[-91.10301,42.85185],[-91.10556,42.85048]]}},{"type":"Feature","properties":{},"geometry":{"type":"LineString","coordinates":[[-91.0999,42.8564],[-91.10422,42.85391]]}},{"type":"Feature","properties":{},"geometry":{"type":"LineString","coordinates":[[-91.10572,42.85],[-91.09449,42.83772]]}},{"type":"Feature","properties":{},"geometry":{"type":"LineString","coordinates":[[-91.09585,42.8554],[-91.0999,42.8564]]}},{"type":"Feature","properties":{},"geometry":{"type":"LineString","coordinates":[[-91.02745,42.71213],[-91.0311,42.71801]]}},{"type":"Feature","properties":{},"geometry":{"type":"LineString","coordinates":[[-91.0311,42.71801],[-91.03014,42.72018]]}},{"type":"Feature","properties":{},"geometry":{"type":"LineString","coordinates":[[-91.01895,42.71724],[-91.01713,42.71934]]}},{"type":"Feature","properties":{},"geometry":{"type":"LineString","coordinates":[[-91.01969,42.7146],[-91.01895,42.71724]]}},{"type":"Feature","properties":{},"geometry":{"type":"LineString","coordinates":[[-91.01964,42.71411],[-91.01151,42.71785]]}},{"type":"Feature","properties":{},"geometry":{"type":"LineString","coordinates":[[-91.01969,42.7146],[-91.01964,42.71411]]}},{"type":"Feature","properties":{},"geometry":{"type":"LineString","coordinates":[[-91.06336,42.71382],[-91.04209,42.71438]]}},{"type":"Feature","properties":{},"geometry":{"type":"LineString","coordinates":[[-91.03974,42.70887],[-91.02911,42.70778]]}},{"type":"Feature","properties":{},"geometry":{"type":"LineString","coordinates":[[-91.04209,42.71438],[-91.04044,42.70955]]}},{"type":"Feature","properties":{},"geometry":{"type":"LineString","coordinates":[[-91.03981,42.70888],[-91.03974,42.70887]]}},{"type":"Feature","properties":{},"geometry":{"type":"LineString","coordinates":[[-91.04044,42.70955],[-91.03981,42.70888]]}},{"type":"Feature","properties":{},"geometry":{"type":"LineString","coordinates":[[-91.06932,42.7063],[-91.06336,42.71382]]}},{"type":"Feature","properties":{},"geometry":{"type":"LineString","coordinates":[[-91.08286,42.71557],[-91.0762,42.70788]]}},{"type":"Feature","properties":{},"geometry":{"type":"LineString","coordinates":[[-91.0709,42.70797],[-91.06932,42.7063]]}},{"type":"Feature","properties":{},"geometry":{"type":"LineString","coordinates":[[-91.07105,42.70792],[-91.0709,42.70797]]}},{"type":"Feature","properties":{},"geometry":{"type":"LineString","coordinates":[[-91.0762,42.70788],[-91.07105,42.70792]]}},{"type":"Feature","properties":{},"geometry":{"type":"LineString","coordinates":[[-91.09132,42.7292],[-91.09054,42.72904]]}},{"type":"Feature","properties":{},"geometry":{"type":"LineString","coordinates":[[-91.08237,42.71806],[-91.08286,42.71557]]}},{"type":"Feature","properties":{},"geometry":{"type":"LineString","coordinates":[[-91.08701,42.72748],[-91.08168,42.72263]]}},{"type":"Feature","properties":{},"geometry":{"type":"LineString","coordinates":[[-91.09054,42.72904],[-91.09051,42.72899]]}},{"type":"Feature","properties":{},"geometry":{"type":"LineString","coordinates":[[-91.09051,42.72899],[-91.08704,42.72749]]}},{"type":"Feature","properties":{},"geometry":{"type":"LineString","coordinates":[[-91.08704,42.72749],[-91.08701,42.72748]]}},{"type":"Feature","properties":{},"geometry":{"type":"LineString","coordinates":[[-91.08168,42.72263],[-91.08229,42.71809]]}},{"type":"Feature","properties":{},"geometry":{"type":"LineString","coordinates":[[-91.08229,42.71809],[-91.08237,42.71806]]}},{"type":"Feature","properties":{},"geometry":{"type":"LineString","coordinates":[[-91.12569,42.73024],[-91.11145,42.72402]]}},{"type":"Feature","properties":{},"geometry":{"type":"LineString","coordinates":[[-91.13111,42.72914],[-91.12569,42.73024]]}},{"type":"Feature","properties":{},"geometry":{"type":"LineString","coordinates":[[-91.13602,42.7269],[-91.13111,42.72914]]}},{"type":"Feature","properties":{},"geometry":{"type":"LineString","coordinates":[[-91.14557,42.72877],[-91.13602,42.7269]]}},{"type":"Feature","properties":{},"geometry":{"type":"LineString","coordinates":[[-91.15869,42.73234],[-91.14557,42.72877]]}},{"type":"Feature","properties":{},"geometry":{"type":"LineString","coordinates":[[-91.16161,42.73215],[-91.15869,42.73234]]}},{"type":"Feature","properties":{},"geometry":{"type":"LineString","coordinates":[[-91.18254,42.73043],[-91.16161,42.73215]]}},{"type":"Feature","properties":{},"geometry":{"type":"LineString","coordinates":[[-91.18723,42.73096],[-91.18254,42.73043]]}},{"type":"Feature","properties":{},"geometry":{"type":"LineString","coordinates":[[-91.20504,42.73659],[-91.18723,42.73096]]}},{"type":"Feature","properties":{},"geometry":{"type":"LineString","coordinates":[[-91.20858,42.73975],[-91.20504,42.73659]]}},{"type":"Feature","properties":{},"geometry":{"type":"LineString","coordinates":[[-91.25994,42.74042],[-91.24874,42.74717],[-91.23437,42.73035],[-91.22251,42.74061],[-91.20858,42.73975]]}},{"type":"Feature","properties":{},"geometry":{"type":"LineString","coordinates":[[-91.26909,42.73812],[-91.25994,42.74042]]}},{"type":"Feature","properties":{},"geometry":{"type":"LineString","coordinates":[[-91.26983,42.74135],[-91.26909,42.73812]]}},{"type":"Feature","properties":{},"geometry":{"type":"LineString","coordinates":[[-91.27101,42.74288],[-91.26983,42.74135]]}},{"type":"Feature","properties":{},"geometry":{"type":"LineString","coordinates":[[-91.27112,42.74842],[-91.27101,42.74288]]}},{"type":"Feature","properties":{},"geometry":{"type":"LineString","coordinates":[[-91.26746,42.75806],[-91.27112,42.74842]]}},{"type":"Feature","properties":{},"geometry":{"type":"LineString","coordinates":[[-91.28429,42.77276],[-91.26746,42.75806]]}},{"type":"Feature","properties":{},"geometry":{"type":"LineString","coordinates":[[-91.32472,42.79606],[-91.31979,42.78936],[-91.30665,42.79287],[-91.31513,42.78531],[-91.31073,42.77829],[-91.28429,42.77276]]}},{"type":"Feature","properties":{},"geometry":{"type":"LineString","coordinates":[[-91.32497,42.79686],[-91.32472,42.79606]]}},{"type":"Feature","properties":{},"geometry":{"type":"LineString","coordinates":[[-91.32621,42.79904],[-91.32497,42.79686]]}},{"type":"Feature","properties":{},"geometry":{"type":"LineString","coordinates":[[-91.32242,42.79981],[-91.32621,42.79904]]}},{"type":"Feature","properties":{},"geometry":{"type":"LineString","coordinates":[[-91.32152,42.79746],[-91.32242,42.79981]]}},{"type":"Feature","properties":{},"geometry":{"type":"LineString","coordinates":[[-91.32018,42.80185],[-91.32152,42.79746]]}},{"type":"Feature","properties":{},"geometry":{"type":"LineString","coordinates":[[-91.32428,42.8045],[-91.32018,42.80185]]}},{"type":"Feature","properties":{},"geometry":{"type":"LineString","coordinates":[[-91.33315,42.80992],[-91.33863,42.80169],[-91.32428,42.8045]]}},{"type":"Feature","properties":{},"geometry":{"type":"LineString","coordinates":[[-91.33791,42.81288],[-91.33315,42.80992]]}},{"type":"Feature","properties":{},"geometry":{"type":"LineString","coordinates":[[-91.33971,42.81141],[-91.33791,42.81288]]}},{"type":"Feature","properties":{},"geometry":{"type":"LineString","coordinates":[[-91.3549,42.80684],[-91.33971,42.81141]]}},{"type":"Feature","properties":{},"geometry":{"type":"LineString","coordinates":[[-91.35934,42.80957],[-91.3549,42.80684]]}},{"type":"Feature","properties":{},"geometry":{"type":"LineString","coordinates":[[-91.36213,42.81325],[-91.35934,42.80957]]}},{"type":"Feature","properties":{},"geometry":{"type":"LineString","coordinates":[[-91.38102,42.82965],[-91.36058,42.82916],[-91.36213,42.81325]]}},{"type":"Feature","properties":{},"geometry":{"type":"LineString","coordinates":[[-91.3753,42.83667],[-91.38102,42.82965]]}},{"type":"Feature","properties":{},"geometry":{"type":"LineString","coordinates":[[-91.37375,42.84199],[-91.3753,42.83667]]}},{"type":"Feature","properties":{},"geometry":{"type":"LineString","coordinates":[[-91.38105,42.86704],[-91.37142,42.85695],[-91.3776,42.85178],[-91.37375,42.84199]]}},{"type":"Feature","properties":{},"geometry":{"type":"LineString","coordinates":[[-91.38895,42.87847],[-91.38105,42.86704]]}},{"type":"Feature","properties":{},"geometry":{"type":"LineString","coordinates":[[-91.39492,42.88816],[-91.38895,42.87847]]}},{"type":"Feature","properties":{},"geometry":{"type":"LineString","coordinates":[[-91.39406,42.89891],[-91.39492,42.88816]]}},{"type":"Feature","properties":{},"geometry":{"type":"LineString","coordinates":[[-91.39288,42.91803],[-91.38227,42.90715],[-91.39406,42.89891]]}},{"type":"Feature","properties":{},"geometry":{"type":"LineString","coordinates":[[-91.37701,42.91543],[-91.39288,42.91803]]}},{"type":"Feature","properties":{},"geometry":{"type":"LineString","coordinates":[[-91.38398,42.92938],[-91.37701,42.91543]]}},{"type":"Feature","properties":{},"geometry":{"type":"LineString","coordinates":[[-91.39277,42.8401],[-91.3753,42.83667]]}},{"type":"Feature","properties":{},"geometry":{"type":"LineString","coordinates":[[-91.40138,42.84314],[-91.39277,42.8401]]}},{"type":"Feature","properties":{},"geometry":{"type":"LineString","coordinates":[[-91.40374,42.84384],[-91.40138,42.84314]]}},{"type":"Feature","properties":{},"geometry":{"type":"LineString","coordinates":[[-91.40999,42.86157],[-91.39833,42.84972],[-91.40374,42.84384]]}},{"type":"Feature","properties":{},"geometry":{"type":"LineString","coordinates":[[-91.41789,42.86152],[-91.40999,42.86157]]}},{"type":"Feature","properties":{},"geometry":{"type":"LineString","coordinates":[[-91.42367,42.86293],[-91.41789,42.86152]]}},{"type":"Feature","properties":{},"geometry":{"type":"LineString","coordinates":[[-91.42191,42.88015],[-91.42925,42.87519],[-91.41945,42.87087],[-91.42367,42.86293]]}},{"type":"Feature","properties":{},"geometry":{"type":"LineString","coordinates":[[-91.42901,42.88244],[-91.42191,42.88015]]}},{"type":"Feature","properties":{},"geometry":{"type":"LineString","coordinates":[[-91.42966,42.88241],[-91.42901,42.88244]]}},{"type":"Feature","properties":{},"geometry":{"type":"LineString","coordinates":[[-91.43893,42.88602],[-91.42966,42.88241]]}},{"type":"Feature","properties":{},"geometry":{"type":"LineString","coordinates":[[-91.44982,42.88711],[-91.43893,42.88602]]}},{"type":"Feature","properties":{},"geometry":{"type":"LineString","coordinates":[[-91.45053,42.88801],[-91.44982,42.88711]]}},{"type":"Feature","properties":{},"geometry":{"type":"LineString","coordinates":[[-91.45225,42.89047],[-91.45053,42.88801]]}},{"type":"Feature","properties":{},"geometry":{"type":"LineString","coordinates":[[-91.45259,42.89084],[-91.45225,42.89047]]}},{"type":"Feature","properties":{},"geometry":{"type":"LineString","coordinates":[[-91.45629,42.89452],[-91.45259,42.89084]]}},{"type":"Feature","properties":{},"geometry":{"type":"LineString","coordinates":[[-91.45869,42.89463],[-91.45629,42.89452]]}},{"type":"Feature","properties":{},"geometry":{"type":"LineString","coordinates":[[-91.46006,42.89484],[-91.45869,42.89463]]}},{"type":"Feature","properties":{},"geometry":{"type":"LineString","coordinates":[[-91.46208,42.89657],[-91.46006,42.89484]]}},{"type":"Feature","properties":{},"geometry":{"type":"LineString","coordinates":[[-91.46239,42.8971],[-91.46208,42.89657]]}},{"type":"Feature","properties":{},"geometry":{"type":"LineString","coordinates":[[-91.47137,42.90926],[-91.46239,42.8971]]}},{"type":"Feature","properties":{},"geometry":{"type":"LineString","coordinates":[[-91.4836,42.9116],[-91.47137,42.90926]]}},{"type":"Feature","properties":{},"geometry":{"type":"LineString","coordinates":[[-91.49516,42.90652],[-91.4836,42.9116]]}},{"type":"Feature","properties":{},"geometry":{"type":"LineString","coordinates":[[-91.4999,42.90944],[-91.49516,42.90652]]}},{"type":"Feature","properties":{},"geometry":{"type":"LineString","coordinates":[[-91.50498,42.92078],[-91.4999,42.90944]]}},{"type":"Feature","properties":{},"geometry":{"type":"LineString","coordinates":[[-91.50844,42.92968],[-91.50204,42.92876],[-91.50498,42.92078]]}},{"type":"Feature","properties":{},"geometry":{"type":"LineString","coordinates":[[-91.52657,42.9245],[-91.50844,42.92968]]}},{"type":"Feature","properties":{},"geometry":{"type":"LineString","coordinates":[[-91.54302,42.92822],[-91.52657,42.9245]]}},{"type":"Feature","properties":{},"geometry":{"type":"LineString","coordinates":[[-91.5553,42.94143],[-91.54388,42.93966],[-91.54302,42.92822]]}},{"type":"Feature","properties":{},"geometry":{"type":"LineString","coordinates":[[-91.57264,42.93988],[-91.5553,42.94143]]}},{"type":"Feature","properties":{},"geometry":{"type":"LineString","coordinates":[[-91.58559,42.94236],[-91.57264,42.93988]]}},{"type":"Feature","properties":{},"geometry":{"type":"LineString","coordinates":[[-91.59294,42.94096],[-91.58559,42.94236]]}},{"type":"Feature","properties":{},"geometry":{"type":"LineString","coordinates":[[-91.59701,42.94145],[-91.59294,42.94096]]}},{"type":"Feature","properties":{},"geometry":{"type":"LineString","coordinates":[[-91.60299,42.94255],[-91.59701,42.94145]]}},{"type":"Feature","properties":{},"geometry":{"type":"LineString","coordinates":[[-91.60302,42.94463],[-91.60299,42.94255]]}},{"type":"Feature","properties":{},"geometry":{"type":"LineString","coordinates":[[-91.62431,42.95677],[-91.60302,42.94463]]}},{"type":"Feature","properties":{},"geometry":{"type":"LineString","coordinates":[[-91.62391,42.95808],[-91.62431,42.95677]]}},{"type":"Feature","properties":{},"geometry":{"type":"LineString","coordinates":[[-91.62465,42.96062],[-91.62391,42.95808]]}},{"type":"Feature","properties":{},"geometry":{"type":"LineString","coordinates":[[-91.62964,42.96423],[-91.62465,42.96062]]}},{"type":"Feature","properties":{},"geometry":{"type":"LineString","coordinates":[[-91.64524,42.96629],[-91.63288,42.95876],[-91.62964,42.96423]]}},{"type":"Feature","properties":{},"geometry":{"type":"LineString","coordinates":[[-91.65256,42.97838],[-91.64524,42.96629]]}},{"type":"Feature","properties":{},"geometry":{"type":"LineString","coordinates":[[-91.664,42.98851],[-91.65256,42.97838]]}},{"type":"Feature","properties":{},"geometry":{"type":"LineString","coordinates":[[-91.66297,42.99002],[-91.664,42.98851]]}},{"type":"Feature","properties":{},"geometry":{"type":"LineString","coordinates":[[-91.65437,42.99535],[-91.66297,42.99002]]}},{"type":"Feature","properties":{},"geometry":{"type":"LineString","coordinates":[[-91.68996,43.01634],[-91.68379,43.01676]]}},{"type":"Feature","properties":{},"geometry":{"type":"LineString","coordinates":[[-91.70191,43.00208],[-91.68996,43.01634]]}},{"type":"Feature","properties":{},"geometry":{"type":"LineString","coordinates":[[-91.70898,43.00258],[-91.70191,43.00208]]}},{"type":"Feature","properties":{},"geometry":{"type":"LineString","coordinates":[[-91.72219,43.02233],[-91.70439,43.01795],[-91.70898,43.00258]]}},{"type":"Feature","properties":{},"geometry":{"type":"LineString","coordinates":[[-91.73486,43.01253],[-91.72219,43.02233]]}},{"type":"Feature","properties":{},"geometry":{"type":"LineString","coordinates":[[-91.74101,43.01612],[-91.73486,43.01253]]}},{"type":"Feature","properties":{},"geometry":{"type":"LineString","coordinates":[[-91.75522,43.0261],[-91.74101,43.01612]]}},{"type":"Feature","properties":{},"geometry":{"type":"LineString","coordinates":[[-91.77814,43.02441],[-91.75522,43.0261]]}},{"type":"Feature","properties":{},"geometry":{"type":"LineString","coordinates":[[-91.77165,43.04155],[-91.75864,43.03278],[-91.78894,43.02967],[-91.77814,43.02441]]}},{"type":"Feature","properties":{},"geometry":{"type":"LineString","coordinates":[[-91.78221,43.05066],[-91.77248,43.04979],[-91.77165,43.04155]]}},{"type":"Feature","properties":{},"geometry":{"type":"LineString","coordinates":[[-91.78727,43.04801],[-91.78221,43.05066]]}},{"type":"Feature","properties":{},"geometry":{"type":"LineString","coordinates":[[-91.81948,43.04136],[-91.80561,43.06465],[-91.79887,43.04713],[-91.78727,43.04801]]}},{"type":"Feature","properties":{},"geometry":{"type":"LineString","coordinates":[[-91.8287,43.05488],[-91.83002,43.04637],[-91.81948,43.04136]]}},{"type":"Feature","properties":{},"geometry":{"type":"LineString","coordinates":[[-91.83569,43.05376],[-91.8287,43.05488]]}},{"type":"Feature","properties":{},"geometry":{"type":"LineString","coordinates":[[-91.84302,43.05056],[-91.83569,43.05376]]}},{"type":"Feature","properties":{},"geometry":{"type":"LineString","coordinates":[[-91.85148,43.03647],[-91.84302,43.05056]]}},{"type":"Feature","properties":{},"geometry":{"type":"LineString","coordinates":[[-91.85725,43.03364],[-91.85148,43.03647]]}},{"type":"Feature","properties":{},"geometry":{"type":"LineString","coordinates":[[-91.86729,43.02799],[-91.85725,43.03364]]}},{"type":"Feature","properties":{},"geometry":{"type":"LineString","coordinates":[[-91.86573,43.02291],[-91.86729,43.02799]]}},{"type":"Feature","properties":{},"geometry":{"type":"LineString","coordinates":[[-91.87203,43.00441],[-91.85922,43.01569],[-91.86573,43.02291]]}},{"type":"Feature","properties":{},"geometry":{"type":"LineString","coordinates":[[-91.89393,43.00484],[-91.88776,43.00581],[-91.88792,43.01951],[-91.87203,43.00441]]}},{"type":"Feature","properties":{},"geometry":{"type":"LineString","coordinates":[[-91.90487,43.00491],[-91.89393,43.00484]]}},{"type":"Feature","properties":{},"geometry":{"type":"LineString","coordinates":[[-91.91485,43.00662],[-91.90487,43.00491]]}},{"type":"Feature","properties":{},"geometry":{"type":"LineString","coordinates":[[-91.92052,43.0093],[-91.91485,43.00662]]}},{"type":"Feature","properties":{},"geometry":{"type":"LineString","coordinates":[[-91.92644,43.00957],[-91.92052,43.0093]]}},{"type":"Feature","properties":{},"geometry":{"type":"LineString","coordinates":[[-91.9314,43.01252],[-91.92644,43.00957]]}},{"type":"Feature","properties":{},"geometry":{"type":"LineString","coordinates":[[-91.93963,43.0177],[-91.9314,43.01252]]}},{"type":"Feature","properties":{},"geometry":{"type":"LineString","coordinates":[[-91.94303,43.01354],[-91.93963,43.0177]]}},{"type":"Feature","properties":{},"geometry":{"type":"LineString","coordinates":[[-91.95636,43.0079],[-91.94303,43.01354]]}},{"type":"Feature","properties":{},"geometry":{"type":"LineString","coordinates":[[-91.9611,43.00818],[-91.95636,43.0079]]}},{"type":"Feature","properties":{},"geometry":{"type":"LineString","coordinates":[[-91.2766,42.75071],[-91.27112,42.74842]]}},{"type":"Feature","properties":{},"geometry":{"type":"LineString","coordinates":[[-91.30828,42.73847],[-91.29534,42.7383],[-91.30337,42.74474],[-91.29908,42.748],[-91.2766,42.75071]]}},{"type":"Feature","properties":{},"geometry":{"type":"LineString","coordinates":[[-91.3372,42.7501],[-91.3223,42.74388],[-91.31833,42.75048],[-91.30828,42.73847]]}},{"type":"Feature","properties":{},"geometry":{"type":"LineString","coordinates":[[-91.34618,42.74794],[-91.3372,42.7501]]}},{"type":"Feature","properties":{},"geometry":{"type":"LineString","coordinates":[[-91.3497,42.75173],[-91.34618,42.74794]]}},{"type":"Feature","properties":{},"geometry":{"type":"LineString","coordinates":[[-91.36475,42.75457],[-91.34877,42.75669],[-91.3497,42.75173]]}},{"type":"Feature","properties":{},"geometry":{"type":"LineString","coordinates":[[-91.36851,42.75379],[-91.36475,42.75457]]}},{"type":"Feature","properties":{},"geometry":{"type":"LineString","coordinates":[[-91.37021,42.75349],[-91.36851,42.75379]]}},{"type":"Feature","properties":{},"geometry":{"type":"LineString","coordinates":[[-91.38626,42.759],[-91.37956,42.75811],[-91.38269,42.75178],[-91.37021,42.75349]]}},{"type":"Feature","properties":{},"geometry":{"type":"LineString","coordinates":[[-91.39585,42.7676],[-91.38626,42.759]]}},{"type":"Feature","properties":{},"geometry":{"type":"LineString","coordinates":[[-91.4119,42.75975],[-91.3969,42.75964],[-91.39585,42.7676]]}},{"type":"Feature","properties":{},"geometry":{"type":"LineString","coordinates":[[-91.41835,42.76313],[-91.4119,42.75975]]}},{"type":"Feature","properties":{},"geometry":{"type":"LineString","coordinates":[[-91.43872,42.76889],[-91.41835,42.76313]]}},{"type":"Feature","properties":{},"geometry":{"type":"LineString","coordinates":[[-91.43084,42.77708],[-91.43872,42.76889]]}},{"type":"Feature","properties":{},"geometry":{"type":"LineString","coordinates":[[-91.43612,42.77815],[-91.43084,42.77708]]}},{"type":"Feature","properties":{},"geometry":{"type":"LineString","coordinates":[[-91.44072,42.78425],[-91.43612,42.77815]]}},{"type":"Feature","properties":{},"geometry":{"type":"LineString","coordinates":[[-91.44216,42.79569],[-91.44072,42.78425]]}},{"type":"Feature","properties":{},"geometry":{"type":"LineString","coordinates":[[-91.45489,42.78996],[-91.44216,42.79569]]}},{"type":"Feature","properties":{},"geometry":{"type":"LineString","coordinates":[[-91.47506,42.7856],[-91.45489,42.78996]]}},{"type":"Feature","properties":{},"geometry":{"type":"LineString","coordinates":[[-91.47651,42.7942],[-91.47506,42.7856]]}},{"type":"Feature","properties":{},"geometry":{"type":"LineString","coordinates":[[-91.48554,42.79234],[-91.47651,42.7942]]}},{"type":"Feature","properties":{},"geometry":{"type":"LineString","coordinates":[[-91.48899,42.79508],[-91.48554,42.79234]]}},{"type":"Feature","properties":{},"geometry":{"type":"LineString","coordinates":[[-91.48977,42.79483],[-91.48899,42.79508]]}},{"type":"Feature","properties":{},"geometry":{"type":"LineString","coordinates":[[-91.50361,42.79602],[-91.48977,42.79483]]}},{"type":"Feature","properties":{},"geometry":{"type":"LineString","coordinates":[[-91.50674,42.79648],[-91.50361,42.79602]]}},{"type":"Feature","properties":{},"geometry":{"type":"LineString","coordinates":[[-91.51649,42.79707],[-91.50674,42.79648]]}},{"type":"Feature","properties":{},"geometry":{"type":"LineString","coordinates":[[-91.52089,42.80716],[-91.51649,42.79707]]}},{"type":"Feature","properties":{},"geometry":{"type":"LineString","coordinates":[[-91.53295,42.80227],[-91.52089,42.80716]]}},{"type":"Feature","properties":{},"geometry":{"type":"LineString","coordinates":[[-91.54993,42.80931],[-91.53295,42.80227]]}},{"type":"Feature","properties":{},"geometry":{"type":"LineString","coordinates":[[-91.546,42.81854],[-91.54993,42.80931]]}},{"type":"Feature","properties":{},"geometry":{"type":"LineString","coordinates":[[-91.55758,42.8244],[-91.546,42.81854]]}},{"type":"Feature","properties":{},"geometry":{"type":"LineString","coordinates":[[-91.57455,42.8227],[-91.55758,42.8244]]}},{"type":"Feature","properties":{},"geometry":{"type":"LineString","coordinates":[[-91.58645,42.82478],[-91.57455,42.8227]]}},{"type":"Feature","properties":{},"geometry":{"type":"LineString","coordinates":[[-91.59769,42.83769],[-91.58645,42.82478]]}},{"type":"Feature","properties":{},"geometry":{"type":"LineString","coordinates":[[-95.005,40.87771],[-95.00491,40.85822]]}},{"type":"Feature","properties":{},"geometry":{"type":"LineString","coordinates":[[-95.02098,40.64076],[-95.01933,40.63525]]}},{"type":"Feature","properties":{},"geometry":{"type":"LineString","coordinates":[[-95.03053,40.66344],[-95.02098,40.64076]]}},{"type":"Feature","properties":{},"geometry":{"type":"LineString","coordinates":[[-95.01876,40.60454],[-95.0176,40.59034]]}},{"type":"Feature","properties":{},"geometry":{"type":"LineString","coordinates":[[-95.0176,40.59034],[-95.0194,40.57191]]}},{"type":"Feature","properties":{},"geometry":{"type":"LineString","coordinates":[[-95.01977,40.62525],[-95.01941,40.60866]]}},{"type":"Feature","properties":{},"geometry":{"type":"LineString","coordinates":[[-95.01886,40.60639],[-95.01876,40.60454]]}},{"type":"Feature","properties":{},"geometry":{"type":"LineString","coordinates":[[-95.01941,40.60866],[-95.01886,40.60639]]}},{"type":"Feature","properties":{},"geometry":{"type":"LineString","coordinates":[[-95.01976,40.63367],[-95.01977,40.62525]]}},{"type":"Feature","properties":{},"geometry":{"type":"LineString","coordinates":[[-95.01933,40.63525],[-95.01976,40.63367]]}},{"type":"Feature","properties":{},"geometry":{"type":"LineString","coordinates":[[-91.4999,42.90944],[-91.49516,42.90652]]}},{"type":"Feature","properties":{},"geometry":{"type":"LineString","coordinates":[[-91.45259,42.89084],[-91.45053,42.88801]]}},{"type":"Feature","properties":{},"geometry":{"type":"LineString","coordinates":[[-91.42901,42.88244],[-91.42191,42.88015]]}},{"type":"Feature","properties":{},"geometry":{"type":"LineString","coordinates":[[-91.41789,42.86152],[-91.40999,42.86157]]}},{"type":"Feature","properties":{},"geometry":{"type":"LineString","coordinates":[[-91.32152,42.79746],[-91.32242,42.79981]]}},{"type":"Feature","properties":{},"geometry":{"type":"LineString","coordinates":[[-91.32621,42.79904],[-91.32497,42.79686]]}},{"type":"Feature","properties":{},"geometry":{"type":"LineString","coordinates":[[-91.27101,42.74288],[-91.26983,42.74135]]}},{"type":"Feature","properties":{},"geometry":{"type":"LineString","coordinates":[[-91.13111,42.72914],[-91.11774,42.73534],[-91.10835,42.72456]]}},{"type":"Feature","properties":{},"geometry":{"type":"LineString","coordinates":[[-91.10835,42.72456],[-91.10834,42.7245]]}},{"type":"Feature","properties":{},"geometry":{"type":"LineString","coordinates":[[-91.02911,42.70778],[-91.02008,42.70992],[-91.02659,42.7118]]}},{"type":"Feature","properties":{},"geometry":{"type":"LineString","coordinates":[[-91.02659,42.7118],[-91.02745,42.71213]]}},{"type":"Feature","properties":{},"geometry":{"type":"LineString","coordinates":[[-91.02911,42.70778],[-91.02659,42.7118]]}},{"type":"Feature","properties":{},"geometry":{"type":"LineString","coordinates":[[-91.68379,43.01676],[-91.67927,43.01506]]}},{"type":"Feature","properties":{},"geometry":{"type":"LineString","coordinates":[[-91.11145,42.72402],[-91.11058,42.72344]]}},{"type":"Feature","properties":{},"geometry":{"type":"LineString","coordinates":[[-91.11058,42.72344],[-91.10834,42.7245]]}},{"type":"Feature","properties":{},"geometry":{"type":"LineString","coordinates":[[-91.09542,42.72465],[-91.09132,42.7292]]}},{"type":"Feature","properties":{},"geometry":{"type":"LineString","coordinates":[[-91.10457,42.72328],[-91.09824,42.72173]]}},{"type":"Feature","properties":{},"geometry":{"type":"LineString","coordinates":[[-91.10834,42.7245],[-91.10457,42.72328]]}},{"type":"Feature","properties":{},"geometry":{"type":"LineString","coordinates":[[-91.09824,42.72173],[-91.09542,42.72465]]}},{"type":"Feature","properties":{},"geometry":{"type":"LineString","coordinates":[[-91.65949,42.99821],[-91.65437,42.99535]]}},{"type":"Feature","properties":{},"geometry":{"type":"LineString","coordinates":[[-91.66467,43.0],[-91.66597,43.0]]}},{"type":"Feature","properties":{},"geometry":{"type":"LineString","coordinates":[[-91.66597,43.0],[-91.65949,42.99821]]}},{"type":"Feature","properties":{},"geometry":{"type":"LineString","coordinates":[[-91.67927,43.01506],[-91.66467,43.0]]}},{"type":"Feature","properties":{},"geometry":{"type":"LineString","coordinates":[[-91.02398,42.71416],[-91.0223,42.71388]]}},{"type":"Feature","properties":{},"geometry":{"type":"LineString","coordinates":[[-91.02745,42.71327],[-91.02398,42.71416]]}},{"type":"Feature","properties":{},"geometry":{"type":"LineString","coordinates":[[-91.0223,42.71388],[-91.01969,42.7146]]}},{"type":"Feature","properties":{},"geometry":{"type":"LineString","coordinates":[[-91.02745,42.71213],[-91.02745,42.71327]]}},{"type":"Feature","properties":{},"geometry":{"type":"LineString","coordinates":[[-90.15702,41.92264],[-90.16044,41.91859]]}},{"type":"Feature","properties":{},"geometry":{"type":"LineString","coordinates":[[-90.14871,41.97398],[-90.15151,41.94711]]}},{"type":"Feature","properties":{},"geometry":{"type":"LineString","coordinates":[[-90.1691,42.07312],[-90.16643,42.05916]]}},{"type":"Feature","properties":{},"geometry":{"type":"LineString","coordinates":[[-90.39487,42.22861],[-90.37828,42.2162]]}},{"type":"Feature","properties":{},"geometry":{"type":"LineString","coordinates":[[-90.41486,42.25124],[-90.39487,42.22861]]}},{"type":"Feature","properties":{},"geometry":{"type":"LineString","coordinates":[[-90.53797,42.41089],[-90.52652,42.4073]]}},{"type":"Feature","properties":{},"geometry":{"type":"LineString","coordinates":[[-90.52652,42.4073],[-90.52506,42.40685]]}},{"type":"Feature","properties":{},"geometry":{"type":"LineString","coordinates":[[-90.5643,42.43833],[-90.56237,42.43476]]}},{"type":"Feature","properties":{},"geometry":{"type":"LineString","coordinates":[[-90.55442,42.41668],[-90.53987,42.41244]]}},{"type":"Feature","properties":{},"geometry":{"type":"LineString","coordinates":[[-90.58791,42.44671],[-90.56673,42.44018]]}},{"type":"Feature","properties":{},"geometry":{"type":"LineString","coordinates":[[-90.55855,42.42848],[-90.55442,42.41668]]}},{"type":"Feature","properties":{},"geometry":{"type":"LineString","coordinates":[[-90.56237,42.43476],[-90.55855,42.42848]]}},{"type":"Feature","properties":{},"geometry":{"type":"LineString","coordinates":[[-90.53987,42.41244],[-90.53797,42.41089]]}},{"type":"Feature","properties":{},"geometry":{"type":"LineString","coordinates":[[-90.59048,42.44668],[-90.58791,42.44671]]}},{"type":"Feature","properties":{},"geometry":{"type":"LineString","coordinates":[[-90.16247,42.06005],[-90.16643,42.05916]]}},{"type":"Feature","properties":{},"geometry":{"type":"LineString","coordinates":[[-90.64104,42.46889],[-90.63364,42.46579]]}},{"type":"Feature","properties":{},"geometry":{"type":"LineString","coordinates":[[-90.63364,42.46579],[-90.62778,42.46113]]}},{"type":"Feature","properties":{},"geometry":{"type":"LineString","coordinates":[[-90.5923,42.44689],[-90.59048,42.44668]]}},{"type":"Feature","properties":{},"geometry":{"type":"LineString","coordinates":[[-90.60187,42.45146],[-90.5923,42.44689]]}},{"type":"Feature","properties":{},"geometry":{"type":"LineString","coordinates":[[-90.62778,42.46113],[-90.61255,42.45365]]}},{"type":"Feature","properties":{},"geometry":{"type":"LineString","coordinates":[[-90.61255,42.45365],[-90.60364,42.45234]]}},{"type":"Feature","properties":{},"geometry":{"type":"LineString","coordinates":[[-90.60364,42.45234],[-90.60187,42.45146]]}},{"type":"Feature","properties":{},"geometry":{"type":"LineString","coordinates":[[-90.52506,42.40685],[-90.52451,42.4064]]}},{"type":"Feature","properties":{},"geometry":{"type":"LineString","coordinates":[[-90.1503,41.97903],[-90.14871,41.97398]]}},{"type":"Feature","properties":{},"geometry":{"type":"LineString","coordinates":[[-90.16044,41.91859],[-90.161,41.91655]]}},{"type":"Feature","properties":{},"geometry":{"type":"LineString","coordinates":[[-90.161,41.91655],[-90.15832,41.90282]]}},{"type":"Feature","properties":{},"geometry":{"type":"LineString","coordinates":[[-90.20196,42.13103],[-90.19503,42.12628]]}},{"type":"Feature","properties":{},"geometry":{"type":"LineString","coordinates":[[-90.42459,42.30138],[-90.4277,42.29466]]}},{"type":"Feature","properties":{},"geometry":{"type":"LineString","coordinates":[[-90.41936,42.31621],[-90.42459,42.30138]]}},{"type":"Feature","properties":{},"geometry":{"type":"LineString","coordinates":[[-90.16643,42.05916],[-90.16406,42.04456]]}},{"type":"Feature","properties":{},"geometry":{"type":"LineString","coordinates":[[-90.16406,42.04456],[-90.13831,42.00004]]}},{"type":"Feature","properties":{},"geometry":{"type":"LineString","coordinates":[[-90.13831,42.00004],[-90.1503,41.97903]]}},{"type":"Feature","properties":{},"geometry":{"type":"LineString","coordinates":[[-90.1641,42.11763],[-90.1691,42.07312]]}},{"type":"Feature","properties":{},"geometry":{"type":"LineString","coordinates":[[-90.1862,42.12582],[-90.17017,42.12382]]}},{"type":"Feature","properties":{},"geometry":{"type":"LineString","coordinates":[[-90.19503,42.12628],[-90.1862,42.12582]]}},{"type":"Feature","properties":{},"geometry":{"type":"LineString","coordinates":[[-90.20934,42.15447],[-90.20196,42.13103]]}},{"type":"Feature","properties":{},"geometry":{"type":"LineString","coordinates":[[-90.35313,42.20544],[-90.33578,42.20253]]}},{"type":"Feature","properties":{},"geometry":{"type":"LineString","coordinates":[[-90.37828,42.2162],[-90.35313,42.20544]]}},{"type":"Feature","properties":{},"geometry":{"type":"LineString","coordinates":[[-90.42016,42.26518],[-90.42069,42.26124]]}},{"type":"Feature","properties":{},"geometry":{"type":"LineString","coordinates":[[-90.42069,42.26124],[-90.41486,42.25124]]}},{"type":"Feature","properties":{},"geometry":{"type":"LineString","coordinates":[[-90.4277,42.29466],[-90.42626,42.27821]]}},{"type":"Feature","properties":{},"geometry":{"type":"LineString","coordinates":[[-90.42459,42.33108],[-90.41613,42.32453],[-90.41936,42.31621]]}},{"type":"Feature","properties":{},"geometry":{"type":"LineString","coordinates":[[-90.44192,42.34848],[-90.42813,42.33499]]}},{"type":"Feature","properties":{},"geometry":{"type":"LineString","coordinates":[[-90.46781,42.37378],[-90.44619,42.35471]]}},{"type":"Feature","properties":{},"geometry":{"type":"LineString","coordinates":[[-90.44252,42.34952],[-90.44192,42.34848]]}},{"type":"Feature","properties":{},"geometry":{"type":"LineString","coordinates":[[-90.44619,42.35471],[-90.44252,42.34952]]}},{"type":"Feature","properties":{},"geometry":{"type":"LineString","coordinates":[[-90.52451,42.4064],[-90.52033,42.40396]]}},{"type":"Feature","properties":{},"geometry":{"type":"LineString","coordinates":[[-90.52033,42.40396],[-90.49053,42.38694]]}},{"type":"Feature","properties":{},"geometry":{"type":"LineString","coordinates":[[-90.63687,42.51473],[-90.64408,42.50741]]}},{"type":"Feature","properties":{},"geometry":{"type":"LineString","coordinates":[[-90.64964,42.50002],[-90.65546,42.48122],[-90.64104,42.46889]]}},{"type":"Feature","properties":{},"geometry":{"type":"LineString","coordinates":[[-90.64408,42.50741],[-90.64964,42.50002]]}},{"type":"Feature","properties":{},"geometry":{"type":"LineString","coordinates":[[-90.27812,42.17755],[-90.25606,42.17187]]}},{"type":"Feature","properties":{},"geometry":{"type":"LineString","coordinates":[[-90.30491,42.19029],[-90.28876,42.18178]]}},{"type":"Feature","properties":{},"geometry":{"type":"LineString","coordinates":[[-90.28086,42.17982],[-90.27812,42.17755]]}},{"type":"Feature","properties":{},"geometry":{"type":"LineString","coordinates":[[-90.28876,42.18178],[-90.28086,42.17982]]}},{"type":"Feature","properties":{},"geometry":{"type":"LineString","coordinates":[[-90.32923,42.20197],[-90.31692,42.1935]]}},{"type":"Feature","properties":{},"geometry":{"type":"LineString","coordinates":[[-90.31692,42.1935],[-90.30491,42.19029]]}},{"type":"Feature","properties":{},"geometry":{"type":"LineString","coordinates":[[-90.30948,42.18837],[-90.30491,42.19029]]}},{"type":"Feature","properties":{},"geometry":{"type":"LineString","coordinates":[[-90.31098,42.18659],[-90.30948,42.18837]]}},{"type":"Feature","properties":{},"geometry":{"type":"LineString","coordinates":[[-90.33595,42.16337],[-90.31098,42.18659]]}},{"type":"Feature","properties":{},"geometry":{"type":"LineString","coordinates":[[-90.34424,42.14808],[-90.33595,42.16337]]}},{"type":"Feature","properties":{},"geometry":{"type":"LineString","coordinates":[[-90.34475,42.14179],[-90.34429,42.14741]]}},{"type":"Feature","properties":{},"geometry":{"type":"LineString","coordinates":[[-90.34429,42.14741],[-90.34424,42.14808]]}},{"type":"Feature","properties":{},"geometry":{"type":"LineString","coordinates":[[-90.36302,42.1229],[-90.35643,42.13088]]}},{"type":"Feature","properties":{},"geometry":{"type":"LineString","coordinates":[[-90.37946,42.11992],[-90.36302,42.1229]]}},{"type":"Feature","properties":{},"geometry":{"type":"LineString","coordinates":[[-90.38012,42.11962],[-90.37946,42.11992]]}},{"type":"Feature","properties":{},"geometry":{"type":"LineString","coordinates":[[-90.39577,42.11841],[-90.38012,42.11962]]}},{"type":"Feature","properties":{},"geometry":{"type":"LineString","coordinates":[[-90.39914,42.1152],[-90.39577,42.11841]]}},{"type":"Feature","properties":{},"geometry":{"type":"LineString","coordinates":[[-90.41825,42.09473],[-90.41463,42.10573]]}},{"type":"Feature","properties":{},"geometry":{"type":"LineString","coordinates":[[-90.41463,42.10573],[-90.41022,42.10594]]}},{"type":"Feature","properties":{},"geometry":{"type":"LineString","coordinates":[[-90.41022,42.10594],[-90.39914,42.1152]]}},{"type":"Feature","properties":{},"geometry":{"type":"LineString","coordinates":[[-90.42342,42.08273],[-90.41828,42.09374]]}},{"type":"Feature","properties":{},"geometry":{"type":"LineString","coordinates":[[-90.41828,42.09374],[-90.41825,42.09473]]}},{"type":"Feature","properties":{},"geometry":{"type":"LineString","coordinates":[[-90.45637,42.08113],[-90.42342,42.08273]]}},{"type":"Feature","properties":{},"geometry":{"type":"LineString","coordinates":[[-90.45819,42.09048],[-90.45637,42.08113]]}},{"type":"Feature","properties":{},"geometry":{"type":"LineString","coordinates":[[-90.4724,42.09834],[-90.45819,42.09048]]}},{"type":"Feature","properties":{},"geometry":{"type":"LineString","coordinates":[[-90.47253,42.10103],[-90.4724,42.09834]]}},{"type":"Feature","properties":{},"geometry":{"type":"LineString","coordinates":[[-90.49105,42.11774],[-90.48335,42.11452]]}},{"type":"Feature","properties":{},"geometry":{"type":"LineString","coordinates":[[-90.48335,42.11452],[-90.47518,42.11021]]}},{"type":"Feature","properties":{},"geometry":{"type":"LineString","coordinates":[[-90.51174,42.11983],[-90.49105,42.11774]]}},{"type":"Feature","properties":{},"geometry":{"type":"LineString","coordinates":[[-90.47518,42.11021],[-90.47253,42.10103]]}},{"type":"Feature","properties":{},"geometry":{"type":"LineString","coordinates":[[-90.51304,42.11962],[-90.51174,42.11983]]}},{"type":"Feature","properties":{},"geometry":{"type":"LineString","coordinates":[[-90.5137,42.11588],[-90.51304,42.11962]]}},{"type":"Feature","properties":{},"geometry":{"type":"LineString","coordinates":[[-90.52533,42.09824],[-90.5137,42.11588]]}},{"type":"Feature","properties":{},"geometry":{"type":"LineString","coordinates":[[-90.54708,42.10077],[-90.54136,42.09449],[-90.52533,42.09824]]}},{"type":"Feature","properties":{},"geometry":{"type":"LineString","coordinates":[[-90.55767,42.09511],[-90.55719,42.09542]]}},{"type":"Feature","properties":{},"geometry":{"type":"LineString","coordinates":[[-90.55719,42.09542],[-90.54708,42.10077]]}},{"type":"Feature","properties":{},"geometry":{"type":"LineString","coordinates":[[-90.55979,42.09489],[-90.55767,42.09511]]}},{"type":"Feature","properties":{},"geometry":{"type":"LineString","coordinates":[[-90.56071,42.0949],[-90.55979,42.09489]]}},{"type":"Feature","properties":{},"geometry":{"type":"LineString","coordinates":[[-90.56747,42.09021],[-90.56071,42.0949]]}},{"type":"Feature","properties":{},"geometry":{"type":"LineString","coordinates":[[-90.57013,42.0867],[-90.56747,42.09021]]}},{"type":"Feature","properties":{},"geometry":{"type":"LineString","coordinates":[[-90.58695,42.0856],[-90.5857,42.08456]]}},{"type":"Feature","properties":{},"geometry":{"type":"LineString","coordinates":[[-90.5857,42.08456],[-90.57013,42.0867]]}},{"type":"Feature","properties":{},"geometry":{"type":"LineString","coordinates":[[-90.59156,42.07913],[-90.58919,42.08615]]}},{"type":"Feature","properties":{},"geometry":{"type":"LineString","coordinates":[[-90.58919,42.08615],[-90.58695,42.0856]]}},{"type":"Feature","properties":{},"geometry":{"type":"LineString","coordinates":[[-90.59518,42.07821],[-90.59156,42.07913]]}},{"type":"Feature","properties":{},"geometry":{"type":"LineString","coordinates":[[-90.6207,42.08139],[-90.61178,42.08011]]}},{"type":"Feature","properties":{},"geometry":{"type":"LineString","coordinates":[[-90.61178,42.08011],[-90.59518,42.07821]]}},{"type":"Feature","properties":{},"geometry":{"type":"LineString","coordinates":[[-90.63055,42.08204],[-90.6207,42.08139]]}},{"type":"Feature","properties":{},"geometry":{"type":"LineString","coordinates":[[-90.66906,42.08652],[-90.63831,42.08941],[-90.63055,42.08204]]}},{"type":"Feature","properties":{},"geometry":{"type":"LineString","coordinates":[[-90.67258,42.09047],[-90.66963,42.08695]]}},{"type":"Feature","properties":{},"geometry":{"type":"LineString","coordinates":[[-90.66963,42.08695],[-90.66906,42.08652]]}},{"type":"Feature","properties":{},"geometry":{"type":"LineString","coordinates":[[-90.67866,42.09842],[-90.67258,42.09047]]}},{"type":"Feature","properties":{},"geometry":{"type":"LineString","coordinates":[[-90.67774,42.10224],[-90.67866,42.09842]]}},{"type":"Feature","properties":{},"geometry":{"type":"LineString","coordinates":[[-90.66556,42.11437],[-90.67774,42.10224]]}},{"type":"Feature","properties":{},"geometry":{"type":"LineString","coordinates":[[-90.6463,42.12027],[-90.66556,42.11437]]}},{"type":"Feature","properties":{},"geometry":{"type":"LineString","coordinates":[[-90.64677,42.13109],[-90.6463,42.12027]]}},{"type":"Feature","properties":{},"geometry":{"type":"LineString","coordinates":[[-90.64677,42.13129],[-90.64677,42.13109]]}},{"type":"Feature","properties":{},"geometry":{"type":"LineString","coordinates":[[-90.65015,42.13961],[-90.64677,42.13129]]}},{"type":"Feature","properties":{},"geometry":{"type":"LineString","coordinates":[[-90.65236,42.1414],[-90.65015,42.13961]]}},{"type":"Feature","properties":{},"geometry":{"type":"LineString","coordinates":[[-90.66733,42.15004],[-90.65236,42.1414]]}},{"type":"Feature","properties":{},"geometry":{"type":"LineString","coordinates":[[-90.6817,42.14397],[-90.66733,42.15004]]}},{"type":"Feature","properties":{},"geometry":{"type":"LineString","coordinates":[[-90.68386,42.14477],[-90.6817,42.14397]]}},{"type":"Feature","properties":{},"geometry":{"type":"LineString","coordinates":[[-90.69547,42.14463],[-90.68386,42.14477]]}},{"type":"Feature","properties":{},"geometry":{"type":"LineString","coordinates":[[-90.70847,42.14755],[-90.69547,42.14463]]}},{"type":"Feature","properties":{},"geometry":{"type":"LineString","coordinates":[[-90.71975,42.15037],[-90.70847,42.14755]]}},{"type":"Feature","properties":{},"geometry":{"type":"LineString","coordinates":[[-90.72714,42.16166],[-90.71975,42.15037]]}},{"type":"Feature","properties":{},"geometry":{"type":"LineString","coordinates":[[-90.73038,42.16886],[-90.72714,42.16166]]}},{"type":"Feature","properties":{},"geometry":{"type":"LineString","coordinates":[[-90.72249,42.1736],[-90.73038,42.16886]]}},{"type":"Feature","properties":{},"geometry":{"type":"LineString","coordinates":[[-90.73105,42.18512],[-90.72249,42.1736]]}},{"type":"Feature","properties":{},"geometry":{"type":"LineString","coordinates":[[-90.73615,42.18463],[-90.73105,42.18512]]}},{"type":"Feature","properties":{},"geometry":{"type":"LineString","coordinates":[[-90.75083,42.18397],[-90.73615,42.18463]]}},{"type":"Feature","properties":{},"geometry":{"type":"LineString","coordinates":[[-90.75286,42.1877],[-90.75083,42.18397]]}},{"type":"Feature","properties":{},"geometry":{"type":"LineString","coordinates":[[-90.77109,42.18516],[-90.75286,42.1877]]}},{"type":"Feature","properties":{},"geometry":{"type":"LineString","coordinates":[[-90.77887,42.18574],[-90.77109,42.18516]]}},{"type":"Feature","properties":{},"geometry":{"type":"LineString","coordinates":[[-90.78573,42.18309],[-90.77887,42.18574]]}},{"type":"Feature","properties":{},"geometry":{"type":"LineString","coordinates":[[-90.80173,42.17663],[-90.78573,42.18309]]}},{"type":"Feature","properties":{},"geometry":{"type":"LineString","coordinates":[[-90.80781,42.17826],[-90.80173,42.17663]]}},{"type":"Feature","properties":{},"geometry":{"type":"LineString","coordinates":[[-90.80983,42.18496],[-90.80781,42.17826]]}},{"type":"Feature","properties":{},"geometry":{"type":"LineString","coordinates":[[-90.81906,42.187],[-90.80983,42.18496]]}},{"type":"Feature","properties":{},"geometry":{"type":"LineString","coordinates":[[-90.83225,42.18202],[-90.81906,42.187]]}},{"type":"Feature","properties":{},"geometry":{"type":"LineString","coordinates":[[-90.84082,42.19451],[-90.83846,42.18186],[-90.83225,42.18202]]}},{"type":"Feature","properties":{},"geometry":{"type":"LineString","coordinates":[[-90.85257,42.19211],[-90.84082,42.19451]]}},{"type":"Feature","properties":{},"geometry":{"type":"LineString","coordinates":[[-90.86207,42.19817],[-90.85257,42.19211]]}},{"type":"Feature","properties":{},"geometry":{"type":"LineString","coordinates":[[-90.86964,42.19698],[-90.86207,42.19817]]}},{"type":"Feature","properties":{},"geometry":{"type":"LineString","coordinates":[[-90.87493,42.1944],[-90.86964,42.19698]]}},{"type":"Feature","properties":{},"geometry":{"type":"LineString","coordinates":[[-90.87683,42.19536],[-90.87493,42.1944]]}},{"type":"Feature","properties":{},"geometry":{"type":"LineString","coordinates":[[-90.87828,42.19694],[-90.87683,42.19536]]}},{"type":"Feature","properties":{},"geometry":{"type":"LineString","coordinates":[[-90.87492,42.20819],[-90.87828,42.19694]]}},{"type":"Feature","properties":{},"geometry":{"type":"LineString","coordinates":[[-90.87981,42.21039],[-90.87492,42.20819]]}},{"type":"Feature","properties":{},"geometry":{"type":"LineString","coordinates":[[-90.89372,42.21224],[-90.87981,42.21039]]}},{"type":"Feature","properties":{},"geometry":{"type":"LineString","coordinates":[[-90.91384,42.22874],[-90.89372,42.21224]]}},{"type":"Feature","properties":{},"geometry":{"type":"LineString","coordinates":[[-90.91701,42.22492],[-90.91384,42.22874]]}},{"type":"Feature","properties":{},"geometry":{"type":"LineString","coordinates":[[-90.9208,42.23277],[-90.91701,42.22492]]}},{"type":"Feature","properties":{},"geometry":{"type":"LineString","coordinates":[[-90.92083,42.23304],[-90.9208,42.23277]]}},{"type":"Feature","properties":{},"geometry":{"type":"LineString","coordinates":[[-90.92339,42.25427],[-90.92083,42.23304]]}},{"type":"Feature","properties":{},"geometry":{"type":"LineString","coordinates":[[-90.93826,42.25723],[-90.92339,42.25427]]}},{"type":"Feature","properties":{},"geometry":{"type":"LineString","coordinates":[[-90.9397,42.2592],[-90.93826,42.25723]]}},{"type":"Feature","properties":{},"geometry":{"type":"LineString","coordinates":[[-90.94753,42.26749],[-90.9397,42.2592]]}},{"type":"Feature","properties":{},"geometry":{"type":"LineString","coordinates":[[-90.94477,42.27785],[-90.94753,42.26749]]}},{"type":"Feature","properties":{},"geometry":{"type":"LineString","coordinates":[[-90.74928,42.08044],[-90.747,42.08051]]}},{"type":"Feature","properties":{},"geometry":{"type":"LineString","coordinates":[[-90.76132,42.08646],[-90.74928,42.08044]]}},{"type":"Feature","properties":{},"geometry":{"type":"LineString","coordinates":[[-90.76602,42.08635],[-90.76132,42.08646]]}},{"type":"Feature","properties":{},"geometry":{"type":"LineString","coordinates":[[-90.79307,42.08443],[-90.76602,42.08635]]}},{"type":"Feature","properties":{},"geometry":{"type":"LineString","coordinates":[[-90.79769,42.09428],[-90.79307,42.08443]]}},{"type":"Feature","properties":{},"geometry":{"type":"LineString","coordinates":[[-90.79759,42.09513],[-90.79769,42.09428]]}},{"type":"Feature","properties":{},"geometry":{"type":"LineString","coordinates":[[-90.79298,42.10075],[-90.79759,42.09513]]}},{"type":"Feature","properties":{},"geometry":{"type":"LineString","coordinates":[[-90.79104,42.10898],[-90.79298,42.10075]]}},{"type":"Feature","properties":{},"geometry":{"type":"LineString","coordinates":[[-90.8,42.10972],[-90.79104,42.10898]]}},{"type":"Feature","properties":{},"geometry":{"type":"LineString","coordinates":[[-90.81845,42.11515],[-90.8,42.10972]]}},{"type":"Feature","properties":{},"geometry":{"type":"LineString","coordinates":[[-90.81894,42.1157],[-90.81845,42.11515]]}},{"type":"Feature","properties":{},"geometry":{"type":"LineString","coordinates":[[-90.85239,42.12735],[-90.83869,42.12106],[-90.83098,42.12666],[-90.81894,42.1157]]}},{"type":"Feature","properties":{},"geometry":{"type":"LineString","coordinates":[[-90.85782,42.12374],[-90.85239,42.12735]]}},{"type":"Feature","properties":{},"geometry":{"type":"LineString","coordinates":[[-90.86627,42.12578],[-90.85782,42.12374]]}},{"type":"Feature","properties":{},"geometry":{"type":"LineString","coordinates":[[-90.87899,42.15262],[-90.87244,42.14128],[-90.86406,42.14272],[-90.86627,42.12578]]}},{"type":"Feature","properties":{},"geometry":{"type":"LineString","coordinates":[[-90.89423,42.166],[-90.90001,42.15285],[-90.87899,42.15262]]}},{"type":"Feature","properties":{},"geometry":{"type":"LineString","coordinates":[[-90.91418,42.16938],[-90.89423,42.166]]}},{"type":"Feature","properties":{},"geometry":{"type":"LineString","coordinates":[[-90.91637,42.16984],[-90.91418,42.16938]]}},{"type":"Feature","properties":{},"geometry":{"type":"LineString","coordinates":[[-90.92163,42.1723],[-90.91637,42.16984]]}},{"type":"Feature","properties":{},"geometry":{"type":"LineString","coordinates":[[-90.92627,42.17672],[-90.92163,42.1723]]}},{"type":"Feature","properties":{},"geometry":{"type":"LineString","coordinates":[[-90.94865,42.17959],[-90.92627,42.17672]]}},{"type":"Feature","properties":{},"geometry":{"type":"LineString","coordinates":[[-90.95352,42.18297],[-90.94865,42.17959]]}},{"type":"Feature","properties":{},"geometry":{"type":"LineString","coordinates":[[-90.9651,42.17802],[-90.95352,42.18297]]}},{"type":"Feature","properties":{},"geometry":{"type":"LineString","coordinates":[[-90.98206,42.18681],[-90.9651,42.17802]]}},{"type":"Feature","properties":{},"geometry":{"type":"LineString","coordinates":[[-90.98372,42.19205],[-90.98206,42.18681]]}},{"type":"Feature","properties":{},"geometry":{"type":"LineString","coordinates":[[-90.99854,42.20539],[-90.9924,42.19293],[-90.98372,42.19205]]}},{"type":"Feature","properties":{},"geometry":{"type":"LineString","coordinates":[[-91.00015,42.20522],[-90.99854,42.20539]]}},{"type":"Feature","properties":{},"geometry":{"type":"LineString","coordinates":[[-91.00783,42.20742],[-91.00015,42.20522]]}},{"type":"Feature","properties":{},"geometry":{"type":"LineString","coordinates":[[-91.02915,42.18567],[-91.02703,42.20005],[-91.00783,42.20742]]}},{"type":"Feature","properties":{},"geometry":{"type":"LineString","coordinates":[[-91.03647,42.18698],[-91.02915,42.18567]]}},{"type":"Feature","properties":{},"geometry":{"type":"LineString","coordinates":[[-91.03953,42.19199],[-91.03647,42.18698]]}},{"type":"Feature","properties":{},"geometry":{"type":"LineString","coordinates":[[-91.05383,42.19346],[-91.03953,42.19199]]}},{"type":"Feature","properties":{},"geometry":{"type":"LineString","coordinates":[[-91.05994,42.20403],[-91.05383,42.19346]]}},{"type":"Feature","properties":{},"geometry":{"type":"LineString","coordinates":[[-91.05089,42.21228],[-91.04957,42.20592],[-91.05994,42.20403]]}},{"type":"Feature","properties":{},"geometry":{"type":"LineString","coordinates":[[-91.07002,42.21328],[-91.05089,42.21228]]}},{"type":"Feature","properties":{},"geometry":{"type":"LineString","coordinates":[[-91.09369,42.19494],[-91.0926,42.20674],[-91.07002,42.21328]]}},{"type":"Feature","properties":{},"geometry":{"type":"LineString","coordinates":[[-91.0995,42.19609],[-91.09369,42.19494]]}},{"type":"Feature","properties":{},"geometry":{"type":"LineString","coordinates":[[-91.10226,42.20599],[-91.0995,42.19609]]}},{"type":"Feature","properties":{},"geometry":{"type":"LineString","coordinates":[[-91.10275,42.2209],[-91.10601,42.21633],[-91.0973,42.21756],[-91.10226,42.20599]]}},{"type":"Feature","properties":{},"geometry":{"type":"LineString","coordinates":[[-91.10441,42.22118],[-91.10275,42.2209]]}},{"type":"Feature","properties":{},"geometry":{"type":"LineString","coordinates":[[-91.12308,42.22422],[-91.10441,42.22118]]}},{"type":"Feature","properties":{},"geometry":{"type":"LineString","coordinates":[[-91.12071,42.23387],[-91.12308,42.22422]]}},{"type":"Feature","properties":{},"geometry":{"type":"LineString","coordinates":[[-91.13447,42.23266],[-91.12071,42.23387]]}},{"type":"Feature","properties":{},"geometry":{"type":"LineString","coordinates":[[-91.13841,42.23108],[-91.13447,42.23266]]}},{"type":"Feature","properties":{},"geometry":{"type":"LineString","coordinates":[[-91.16796,42.24633],[-91.13841,42.23108]]}},{"type":"Feature","properties":{},"geometry":{"type":"LineString","coordinates":[[-91.17002,42.24546],[-91.16796,42.24633]]}},{"type":"Feature","properties":{},"geometry":{"type":"LineString","coordinates":[[-91.17205,42.2447],[-91.17002,42.24546]]}},{"type":"Feature","properties":{},"geometry":{"type":"LineString","coordinates":[[-91.17784,42.24281],[-91.17205,42.2447]]}},{"type":"Feature","properties":{},"geometry":{"type":"LineString","coordinates":[[-91.20117,42.25938],[-91.18507,42.25628]]}},{"type":"Feature","properties":{},"geometry":{"type":"LineString","coordinates":[[-91.20333,42.26091],[-91.20117,42.25938]]}},{"type":"Feature","properties":{},"geometry":{"type":"LineString","coordinates":[[-91.20537,42.26512],[-91.20333,42.26091]]}},{"type":"Feature","properties":{},"geometry":{"type":"LineString","coordinates":[[-91.22041,42.27661],[-91.20537,42.26512]]}},{"type":"Feature","properties":{},"geometry":{"type":"LineString","coordinates":[[-91.22562,42.2825],[-91.22041,42.27661]]}},{"type":"Feature","properties":{},"geometry":{"type":"LineString","coordinates":[[-91.24272,42.30236],[-91.22732,42.28243]]}},{"type":"Feature","properties":{},"geometry":{"type":"LineString","coordinates":[[-91.22732,42.28243],[-91.22562,42.2825]]}},{"type":"Feature","properties":{},"geometry":{"type":"LineString","coordinates":[[-91.24796,42.30412],[-91.24272,42.30236]]}},{"type":"Feature","properties":{},"geometry":{"type":"LineString","coordinates":[[-91.26341,42.30858],[-91.24796,42.30412]]}},{"type":"Feature","properties":{},"geometry":{"type":"LineString","coordinates":[[-91.26139,42.31537],[-91.26341,42.30858]]}},{"type":"Feature","properties":{},"geometry":{"type":"LineString","coordinates":[[-91.26095,42.32198],[-91.26139,42.31537]]}},{"type":"Feature","properties":{},"geometry":{"type":"LineString","coordinates":[[-91.25564,42.32687],[-91.26095,42.32198]]}},{"type":"Feature","properties":{},"geometry":{"type":"LineString","coordinates":[[-91.25519,42.33457],[-91.26143,42.33065],[-91.25564,42.32687]]}},{"type":"Feature","properties":{},"geometry":{"type":"LineString","coordinates":[[-91.26353,42.34128],[-91.25519,42.33457]]}},{"type":"Feature","properties":{},"geometry":{"type":"LineString","coordinates":[[-91.26436,42.3433],[-91.26353,42.34128]]}},{"type":"Feature","properties":{},"geometry":{"type":"LineString","coordinates":[[-91.26371,42.34442],[-91.26436,42.3433]]}},{"type":"Feature","properties":{},"geometry":{"type":"LineString","coordinates":[[-91.27097,42.35631],[-91.26371,42.34442]]}},{"type":"Feature","properties":{},"geometry":{"type":"LineString","coordinates":[[-91.27188,42.3651],[-91.27097,42.35631]]}},{"type":"Feature","properties":{},"geometry":{"type":"LineString","coordinates":[[-91.2724,42.36722],[-91.27188,42.3651]]}},{"type":"Feature","properties":{},"geometry":{"type":"LineString","coordinates":[[-91.27473,42.37191],[-91.2724,42.36722]]}},{"type":"Feature","properties":{},"geometry":{"type":"LineString","coordinates":[[-91.27479,42.37336],[-91.27473,42.37191]]}},{"type":"Feature","properties":{},"geometry":{"type":"LineString","coordinates":[[-91.28098,42.38281],[-91.27479,42.37336]]}},{"type":"Feature","properties":{},"geometry":{"type":"LineString","coordinates":[[-91.2852,42.38782],[-91.28098,42.38281]]}},{"type":"Feature","properties":{},"geometry":{"type":"LineString","coordinates":[[-91.28927,42.38764],[-91.2852,42.38782]]}},{"type":"Feature","properties":{},"geometry":{"type":"LineString","coordinates":[[-91.29441,42.3932],[-91.28927,42.38764]]}},{"type":"Feature","properties":{},"geometry":{"type":"LineString","coordinates":[[-91.31694,42.39118],[-91.29441,42.3932]]}},{"type":"Feature","properties":{},"geometry":{"type":"LineString","coordinates":[[-91.32005,42.39221],[-91.31694,42.39118]]}},{"type":"Feature","properties":{},"geometry":{"type":"LineString","coordinates":[[-91.32033,42.3953],[-91.32005,42.39221]]}},{"type":"Feature","properties":{},"geometry":{"type":"LineString","coordinates":[[-91.32658,42.4058],[-91.31539,42.39838],[-91.32033,42.3953]]}},{"type":"Feature","properties":{},"geometry":{"type":"LineString","coordinates":[[-91.33951,42.40603],[-91.32658,42.4058]]}},{"type":"Feature","properties":{},"geometry":{"type":"LineString","coordinates":[[-91.34581,42.40788],[-91.33951,42.40603]]}},{"type":"Feature","properties":{},"geometry":{"type":"LineString","coordinates":[[-91.41912,42.44495],[-91.41254,42.44319]]}},{"type":"Feature","properties":{},"geometry":{"type":"LineString","coordinates":[[-91.44632,42.46605],[-91.44173,42.45327]]}},{"type":"Feature","properties":{},"geometry":{"type":"LineString","coordinates":[[-91.44886,42.47158],[-91.44632,42.46605]]}},{"type":"Feature","properties":{},"geometry":{"type":"LineString","coordinates":[[-91.45547,42.47409],[-91.44886,42.47158]]}},{"type":"Feature","properties":{},"geometry":{"type":"LineString","coordinates":[[-91.46962,42.49393],[-91.45547,42.47409]]}},{"type":"Feature","properties":{},"geometry":{"type":"LineString","coordinates":[[-91.47119,42.49633],[-91.46962,42.49393]]}},{"type":"Feature","properties":{},"geometry":{"type":"LineString","coordinates":[[-91.47111,42.49874],[-91.47119,42.49633]]}},{"type":"Feature","properties":{},"geometry":{"type":"LineString","coordinates":[[-91.47089,42.49954],[-91.47111,42.49874]]}},{"type":"Feature","properties":{},"geometry":{"type":"LineString","coordinates":[[-91.47097,42.50255],[-91.47082,42.5]]}},{"type":"Feature","properties":{},"geometry":{"type":"LineString","coordinates":[[-91.47082,42.5],[-91.47089,42.49954]]}},{"type":"Feature","properties":{},"geometry":{"type":"LineString","coordinates":[[-91.47292,42.50438],[-91.47097,42.50255]]}},{"type":"Feature","properties":{},"geometry":{"type":"LineString","coordinates":[[-91.49585,42.53288],[-91.48368,42.52219]]}},{"type":"Feature","properties":{},"geometry":{"type":"LineString","coordinates":[[-91.4982,42.5353],[-91.49585,42.53288]]}},{"type":"Feature","properties":{},"geometry":{"type":"LineString","coordinates":[[-91.50673,42.54324],[-91.4982,42.5353]]}},{"type":"Feature","properties":{},"geometry":{"type":"LineString","coordinates":[[-91.50963,42.54864],[-91.50673,42.54324]]}},{"type":"Feature","properties":{},"geometry":{"type":"LineString","coordinates":[[-91.51569,42.55086],[-91.50963,42.54864]]}},{"type":"Feature","properties":{},"geometry":{"type":"LineString","coordinates":[[-91.52359,42.55997],[-91.51569,42.55086]]}},{"type":"Feature","properties":{},"geometry":{"type":"LineString","coordinates":[[-91.54802,42.56973],[-91.52359,42.55997]]}},{"type":"Feature","properties":{},"geometry":{"type":"LineString","coordinates":[[-91.55141,42.58542],[-91.54802,42.56973]]}},{"type":"Feature","properties":{},"geometry":{"type":"LineString","coordinates":[[-91.53678,42.60042],[-91.55141,42.58542]]}},{"type":"Feature","properties":{},"geometry":{"type":"LineString","coordinates":[[-91.55686,42.60972],[-91.55779,42.61582],[-91.53678,42.60042]]}},{"type":"Feature","properties":{},"geometry":{"type":"LineString","coordinates":[[-91.56163,42.60643],[-91.55686,42.60972]]}},{"type":"Feature","properties":{},"geometry":{"type":"LineString","coordinates":[[-91.47119,42.49633],[-91.46962,42.49393]]}},{"type":"Feature","properties":{},"geometry":{"type":"LineString","coordinates":[[-91.40556,42.43816],[-91.40235,42.43645]]}},{"type":"Feature","properties":{},"geometry":{"type":"LineString","coordinates":[[-91.27479,42.37336],[-91.27473,42.37191]]}},{"type":"Feature","properties":{},"geometry":{"type":"LineString","coordinates":[[-91.17002,42.24546],[-91.16796,42.24633]]}},{"type":"Feature","properties":{},"geometry":{"type":"LineString","coordinates":[[-91.10441,42.22118],[-91.10275,42.2209]]}},{"type":"Feature","properties":{},"geometry":{"type":"LineString","coordinates":[[-91.42159,42.44616],[-91.41912,42.44495]]}},{"type":"Feature","properties":{},"geometry":{"type":"LineString","coordinates":[[-91.41974,42.445],[-91.41912,42.44495]]}},{"type":"Feature","properties":{},"geometry":{"type":"LineString","coordinates":[[-91.42159,42.44616],[-91.41974,42.445]]}},{"type":"Feature","properties":{},"geometry":{"type":"LineString","coordinates":[[-91.18107,42.24897],[-91.17784,42.24281]]}},{"type":"Feature","properties":{},"geometry":{"type":"LineString","coordinates":[[-90.35643,42.13088],[-90.35335,42.13504]]}},{"type":"Feature","properties":{},"geometry":{"type":"LineString","coordinates":[[-90.35335,42.13504],[-90.34475,42.14179]]}},{"type":"Feature","properties":{},"geometry":{"type":"LineString","coordinates":[[-90.69682,42.0702],[-90.66842,42.07575],[-90.66906,42.08652]]}},{"type":"Feature","properties":{},"geometry":{"type":"LineString","coordinates":[[-90.69788,42.07011],[-90.69682,42.0702]]}},{"type":"Feature","properties":{},"geometry":{"type":"LineString","coordinates":[[-90.71323,42.07188],[-90.71069,42.07292]]}},{"type":"Feature","properties":{},"geometry":{"type":"LineString","coordinates":[[-90.71762,42.06951],[-90.71323,42.07188]]}},{"type":"Feature","properties":{},"geometry":{"type":"LineString","coordinates":[[-90.74474,42.08333],[-90.74367,42.08457]]}},{"type":"Feature","properties":{},"geometry":{"type":"LineString","coordinates":[[-90.71069,42.07292],[-90.69788,42.07011]]}},{"type":"Feature","properties":{},"geometry":{"type":"LineString","coordinates":[[-90.74367,42.08457],[-90.72957,42.08672],[-90.71762,42.06951]]}},{"type":"Feature","properties":{},"geometry":{"type":"LineString","coordinates":[[-90.747,42.08051],[-90.74474,42.08333]]}},{"type":"Feature","properties":{},"geometry":{"type":"LineString","coordinates":[[-91.18195,42.25015],[-91.18107,42.24897]]}},{"type":"Feature","properties":{},"geometry":{"type":"LineString","coordinates":[[-91.18507,42.25628],[-91.18195,42.25015]]}},{"type":"Feature","properties":{},"geometry":{"type":"LineString","coordinates":[[-91.42503,42.45282],[-91.42159,42.44616]]}},{"type":"Feature","properties":{},"geometry":{"type":"LineString","coordinates":[[-91.44173,42.45327],[-91.42697,42.45357]]}},{"type":"Feature","properties":{},"geometry":{"type":"LineString","coordinates":[[-91.42697,42.45357],[-91.42503,42.45282]]}},{"type":"Feature","properties":{},"geometry":{"type":"LineString","coordinates":[[-91.42697,42.45357],[-91.42503,42.45282]]}},{"type":"Feature","properties":{},"geometry":{"type":"LineString","coordinates":[[-91.42697,42.45357],[-91.42503,42.45282]]}},{"type":"Feature","properties":{},"geometry":{"type":"LineString","coordinates":[[-91.40235,42.43645],[-91.40246,42.43603]]}},{"type":"Feature","properties":{},"geometry":{"type":"LineString","coordinates":[[-91.40148,42.43481],[-91.39818,42.43469]]}},{"type":"Feature","properties":{},"geometry":{"type":"LineString","coordinates":[[-91.39818,42.43469],[-91.39686,42.43377]]}},{"type":"Feature","properties":{},"geometry":{"type":"LineString","coordinates":[[-91.40422,42.43363],[-91.40148,42.43481]]}},{"type":"Feature","properties":{},"geometry":{"type":"LineString","coordinates":[[-91.41254,42.44319],[-91.41056,42.44278]]}},{"type":"Feature","properties":{},"geometry":{"type":"LineString","coordinates":[[-91.39686,42.43377],[-91.38765,42.4272],[-91.39578,42.42104],[-91.39141,42.41215]]}},{"type":"Feature","properties":{},"geometry":{"type":"LineString","coordinates":[[-91.39141,42.41215],[-91.38055,42.40693]]}},{"type":"Feature","properties":{},"geometry":{"type":"LineString","coordinates":[[-91.37773,42.40522],[-91.3742,42.41484]]}},{"type":"Feature","properties":{},"geometry":{"type":"LineString","coordinates":[[-91.38055,42.40693],[-91.37773,42.40522]]}},{"type":"Feature","properties":{},"geometry":{"type":"LineString","coordinates":[[-91.34655,42.40746],[-91.34581,42.40788]]}},{"type":"Feature","properties":{},"geometry":{"type":"LineString","coordinates":[[-91.3742,42.41484],[-91.34655,42.40746]]}},{"type":"Feature","properties":{},"geometry":{"type":"LineString","coordinates":[[-91.40595,42.438],[-91.40556,42.43816]]}},{"type":"Feature","properties":{},"geometry":{"type":"LineString","coordinates":[[-91.41056,42.44278],[-91.40595,42.438]]}},{"type":"Feature","properties":{},"geometry":{"type":"LineString","coordinates":[[-91.40595,42.438],[-91.40686,42.4369]]}},{"type":"Feature","properties":{},"geometry":{"type":"LineString","coordinates":[[-91.40686,42.4369],[-91.40422,42.43363]]}},{"type":"Feature","properties":{},"geometry":{"type":"LineString","coordinates":[[-91.48368,42.52219],[-91.48016,42.51984]]}},{"type":"Feature","properties":{},"geometry":{"type":"LineString","coordinates":[[-91.48016,42.51984],[-91.4711,42.51355],[-91.47482,42.50582]]}},{"type":"Feature","properties":{},"geometry":{"type":"LineString","coordinates":[[-91.47482,42.50582],[-91.47292,42.50438]]}},{"type":"Feature","properties":{},"geometry":{"type":"LineString","coordinates":[[-91.02911,41.1633],[-91.02335,41.16321]]}},{"type":"Feature","properties":{},"geometry":{"type":"LineString","coordinates":[[-91.03763,41.16537],[-91.02911,41.1633]]}},{"type":"Feature","properties":{},"geometry":{"type":"LineString","coordinates":[[-91.09751,41.22806],[-91.07345,41.20795]]}},{"type":"Feature","properties":{},"geometry":{"type":"LineString","coordinates":[[-91.05922,41.19112],[-91.03763,41.16537]]}},{"type":"Feature","properties":{},"geometry":{"type":"LineString","coordinates":[[-91.11429,41.24909],[-91.1063,41.23403]]}},{"type":"Feature","properties":{},"geometry":{"type":"LineString","coordinates":[[-91.10976,41.2571],[-91.11429,41.24909]]}},{"type":"Feature","properties":{},"geometry":{"type":"LineString","coordinates":[[-90.7955,41.45392],[-90.80489,41.45443]]}},{"type":"Feature","properties":{},"geometry":{"type":"LineString","coordinates":[[-90.76038,41.4501],[-90.7955,41.45392]]}},{"type":"Feature","properties":{},"geometry":{"type":"LineString","coordinates":[[-90.43188,41.55026],[-90.43949,41.54247]]}},{"type":"Feature","properties":{},"geometry":{"type":"LineString","coordinates":[[-90.41472,41.56408],[-90.41715,41.56097]]}},{"type":"Feature","properties":{},"geometry":{"type":"LineString","coordinates":[[-90.41715,41.56097],[-90.43029,41.55093]]}},{"type":"Feature","properties":{},"geometry":{"type":"LineString","coordinates":[[-90.43029,41.55093],[-90.43188,41.55026]]}},{"type":"Feature","properties":{},"geometry":{"type":"LineString","coordinates":[[-90.37387,41.57774],[-90.38108,41.57618]]}},{"type":"Feature","properties":{},"geometry":{"type":"LineString","coordinates":[[-90.38349,41.57561],[-90.39246,41.57466]]}},{"type":"Feature","properties":{},"geometry":{"type":"LineString","coordinates":[[-90.39882,41.57313],[-90.40619,41.56868]]}},{"type":"Feature","properties":{},"geometry":{"type":"LineString","coordinates":[[-90.39246,41.57466],[-90.39882,41.57313]]}},{"type":"Feature","properties":{},"geometry":{"type":"LineString","coordinates":[[-90.40619,41.56868],[-90.41472,41.56408]]}},{"type":"Feature","properties":{},"geometry":{"type":"LineString","coordinates":[[-90.38108,41.57618],[-90.38349,41.57561]]}},{"type":"Feature","properties":{},"geometry":{"type":"LineString","coordinates":[[-90.3474,41.58638],[-90.37387,41.57774]]}},{"type":"Feature","properties":{},"geometry":{"type":"LineString","coordinates":[[-90.34007,41.60069],[-90.34072,41.59266]]}},{"type":"Feature","properties":{},"geometry":{"type":"LineString","coordinates":[[-90.34102,41.61362],[-90.34007,41.60069]]}},{"type":"Feature","properties":{},"geometry":{"type":"LineString","coordinates":[[-90.34172,41.62749],[-90.34198,41.61756]]}},{"type":"Feature","properties":{},"geometry":{"type":"LineString","coordinates":[[-90.34235,41.63772],[-90.34193,41.63166]]}},{"type":"Feature","properties":{},"geometry":{"type":"LineString","coordinates":[[-90.34216,41.62885],[-90.34172,41.62749]]}},{"type":"Feature","properties":{},"geometry":{"type":"LineString","coordinates":[[-90.34063,41.65456],[-90.34327,41.64662]]}},{"type":"Feature","properties":{},"geometry":{"type":"LineString","coordinates":[[-90.34327,41.64662],[-90.34235,41.63772]]}},{"type":"Feature","properties":{},"geometry":{"type":"LineString","coordinates":[[-90.34193,41.63166],[-90.34216,41.62885]]}},{"type":"Feature","properties":{},"geometry":{"type":"LineString","coordinates":[[-90.34198,41.61756],[-90.34102,41.61362]]}},{"type":"Feature","properties":{},"geometry":{"type":"LineString","coordinates":[[-90.33999,41.65574],[-90.34063,41.65456]]}},{"type":"Feature","properties":{},"geometry":{"type":"LineString","coordinates":[[-90.33498,41.67271],[-90.33999,41.65574]]}},{"type":"Feature","properties":{},"geometry":{"type":"LineString","coordinates":[[-90.33072,41.68273],[-90.33498,41.67271]]}},{"type":"Feature","properties":{},"geometry":{"type":"LineString","coordinates":[[-90.32918,41.68373],[-90.33072,41.68273]]}},{"type":"Feature","properties":{},"geometry":{"type":"LineString","coordinates":[[-90.31849,41.71697],[-90.31366,41.69795],[-90.32918,41.68373]]}},{"type":"Feature","properties":{},"geometry":{"type":"LineString","coordinates":[[-90.23597,41.78676],[-90.23897,41.78568]]}},{"type":"Feature","properties":{},"geometry":{"type":"LineString","coordinates":[[-90.2114,41.79761],[-90.23597,41.78676]]}},{"type":"Feature","properties":{},"geometry":{"type":"LineString","coordinates":[[-90.18259,41.80679],[-90.2114,41.79761]]}},{"type":"Feature","properties":{},"geometry":{"type":"LineString","coordinates":[[-90.16795,41.88074],[-90.17028,41.87366]]}},{"type":"Feature","properties":{},"geometry":{"type":"LineString","coordinates":[[-90.16051,41.89014],[-90.16795,41.88074]]}},{"type":"Feature","properties":{},"geometry":{"type":"LineString","coordinates":[[-90.96748,41.43568],[-90.97301,41.43762]]}},{"type":"Feature","properties":{},"geometry":{"type":"LineString","coordinates":[[-90.97301,41.43762],[-90.97498,41.43707]]}},{"type":"Feature","properties":{},"geometry":{"type":"LineString","coordinates":[[-90.95452,41.43048],[-90.95677,41.4316]]}},{"type":"Feature","properties":{},"geometry":{"type":"LineString","coordinates":[[-90.95677,41.4316],[-90.95714,41.43185]]}},{"type":"Feature","properties":{},"geometry":{"type":"LineString","coordinates":[[-90.95379,41.4271],[-90.95452,41.43048]]}},{"type":"Feature","properties":{},"geometry":{"type":"LineString","coordinates":[[-90.95714,41.43185],[-90.96368,41.43358]]}},{"type":"Feature","properties":{},"geometry":{"type":"LineString","coordinates":[[-90.92991,41.428],[-90.93592,41.42719]]}},{"type":"Feature","properties":{},"geometry":{"type":"LineString","coordinates":[[-90.93592,41.42719],[-90.9389,41.42504]]}},{"type":"Feature","properties":{},"geometry":{"type":"LineString","coordinates":[[-90.92757,41.42959],[-90.92991,41.428]]}},{"type":"Feature","properties":{},"geometry":{"type":"LineString","coordinates":[[-90.81557,41.45189],[-90.8169,41.45056]]}},{"type":"Feature","properties":{},"geometry":{"type":"LineString","coordinates":[[-90.81476,41.45454],[-90.81557,41.45189]]}},{"type":"Feature","properties":{},"geometry":{"type":"LineString","coordinates":[[-90.40459,41.57464],[-90.40541,41.57371]]}},{"type":"Feature","properties":{},"geometry":{"type":"LineString","coordinates":[[-90.38224,41.57971],[-90.40459,41.57464]]}},{"type":"Feature","properties":{},"geometry":{"type":"LineString","coordinates":[[-90.40541,41.57371],[-90.40619,41.56868]]}},{"type":"Feature","properties":{},"geometry":{"type":"LineString","coordinates":[[-90.38349,41.57561],[-90.38224,41.57971]]}},{"type":"Feature","properties":{},"geometry":{"type":"LineString","coordinates":[[-93.88437,40.68779],[-93.87689,40.68374]]}},{"type":"Feature","properties":{},"geometry":{"type":"LineString","coordinates":[[-93.88681,40.69168],[-93.88437,40.68779]]}},{"type":"Feature","properties":{},"geometry":{"type":"LineString","coordinates":[[-93.87644,40.72124],[-93.88639,40.71138],[-93.8621,40.70319],[-93.88958,40.70472],[-93.88681,40.69168]]}},{"type":"Feature","properties":{},"geometry":{"type":"LineString","coordinates":[[-93.87421,40.72559],[-93.87644,40.72124]]}},{"type":"Feature","properties":{},"geometry":{"type":"LineString","coordinates":[[-93.87981,40.72726],[-93.87421,40.72559]]}},{"type":"Feature","properties":{},"geometry":{"type":"LineString","coordinates":[[-93.9027,40.72824],[-93.87981,40.72726]]}},{"type":"Feature","properties":{},"geometry":{"type":"LineString","coordinates":[[-93.89476,40.74147],[-93.9015,40.74016],[-93.9027,40.72824]]}},{"type":"Feature","properties":{},"geometry":{"type":"LineString","coordinates":[[-93.89232,40.7411],[-93.89476,40.74147]]}},{"type":"Feature","properties":{},"geometry":{"type":"LineString","coordinates":[[-93.88835,40.74929],[-93.89232,40.7411]]}},{"type":"Feature","properties":{},"geometry":{"type":"LineString","coordinates":[[-93.88062,40.76534],[-93.88019,40.76458]]}},{"type":"Feature","properties":{},"geometry":{"type":"LineString","coordinates":[[-93.88366,40.76822],[-93.88363,40.76893]]}},{"type":"Feature","properties":{},"geometry":{"type":"LineString","coordinates":[[-93.88766,40.77255],[-93.88366,40.76822]]}},{"type":"Feature","properties":{},"geometry":{"type":"LineString","coordinates":[[-93.87995,40.7828],[-93.88766,40.77255]]}},{"type":"Feature","properties":{},"geometry":{"type":"LineString","coordinates":[[-93.88736,40.78939],[-93.87875,40.7847]]}},{"type":"Feature","properties":{},"geometry":{"type":"LineString","coordinates":[[-93.88932,40.7927],[-93.88736,40.78939]]}},{"type":"Feature","properties":{},"geometry":{"type":"LineString","coordinates":[[-93.91203,40.81455],[-93.9082,40.80622],[-93.88598,40.80488],[-93.88932,40.7927]]}},{"type":"Feature","properties":{},"geometry":{"type":"LineString","coordinates":[[-93.91408,40.81208],[-93.91203,40.81455]]}},{"type":"Feature","properties":{},"geometry":{"type":"LineString","coordinates":[[-93.92449,40.80036],[-93.91408,40.81208]]}},{"type":"Feature","properties":{},"geometry":{"type":"LineString","coordinates":[[-93.93178,40.80822],[-93.92449,40.80036]]}},{"type":"Feature","properties":{},"geometry":{"type":"LineString","coordinates":[[-93.94724,40.81892],[-93.94744,40.81206]]}},{"type":"Feature","properties":{},"geometry":{"type":"LineString","coordinates":[[-93.94789,40.83229],[-93.94724,40.81892]]}},{"type":"Feature","properties":{},"geometry":{"type":"LineString","coordinates":[[-93.95114,40.83487],[-93.94789,40.83229]]}},{"type":"Feature","properties":{},"geometry":{"type":"LineString","coordinates":[[-93.95181,40.83562],[-93.95114,40.83487]]}},{"type":"Feature","properties":{},"geometry":{"type":"LineString","coordinates":[[-93.96275,40.83966],[-93.95181,40.83562]]}},{"type":"Feature","properties":{},"geometry":{"type":"LineString","coordinates":[[-93.95581,40.85431],[-93.96403,40.84959],[-93.96275,40.83966]]}},{"type":"Feature","properties":{},"geometry":{"type":"LineString","coordinates":[[-93.95103,40.86676],[-93.96473,40.85977],[-93.95581,40.85431]]}},{"type":"Feature","properties":{},"geometry":{"type":"LineString","coordinates":[[-93.9564,40.87099],[-93.95103,40.86676]]}},{"type":"Feature","properties":{},"geometry":{"type":"LineString","coordinates":[[-93.9741,40.87752],[-93.97387,40.86652],[-93.9564,40.87099]]}},{"type":"Feature","properties":{},"geometry":{"type":"LineString","coordinates":[[-93.98553,40.87833],[-93.9741,40.87752]]}},{"type":"Feature","properties":{},"geometry":{"type":"LineString","coordinates":[[-94.00956,40.88915],[-94.00023,40.8796]]}},{"type":"Feature","properties":{},"geometry":{"type":"LineString","coordinates":[[-94.00023,40.8796],[-93.98553,40.87833]]}},{"type":"Feature","properties":{},"geometry":{"type":"LineString","coordinates":[[-94.0244,40.90361],[-94.00956,40.88915]]}},{"type":"Feature","properties":{},"geometry":{"type":"LineString","coordinates":[[-94.02639,40.90665],[-94.0244,40.90361]]}},{"type":"Feature","properties":{},"geometry":{"type":"LineString","coordinates":[[-94.0356,40.91604],[-94.02639,40.90665]]}},{"type":"Feature","properties":{},"geometry":{"type":"LineString","coordinates":[[-94.0456,40.93153],[-94.0466,40.92099],[-94.0356,40.91604]]}},{"type":"Feature","properties":{},"geometry":{"type":"LineString","coordinates":[[-94.04661,40.94451],[-94.0456,40.93153]]}},{"type":"Feature","properties":{},"geometry":{"type":"LineString","coordinates":[[-94.02833,40.95747],[-94.04255,40.95658],[-94.05028,40.95016],[-94.04661,40.94451]]}},{"type":"Feature","properties":{},"geometry":{"type":"LineString","coordinates":[[-94.0371,40.9739],[-94.03916,40.96342],[-94.02833,40.95747]]}},{"type":"Feature","properties":{},"geometry":{"type":"LineString","coordinates":[[-93.87875,40.7847],[-93.87995,40.7828]]}},{"type":"Feature","properties":{},"geometry":{"type":"LineString","coordinates":[[-90.1852,41.82896],[-90.23001,41.80744]]}},{"type":"Feature","properties":{},"geometry":{"type":"LineString","coordinates":[[-90.18391,41.83035],[-90.1852,41.82896]]}},{"type":"Feature","properties":{},"geometry":{"type":"LineString","coordinates":[[-91.02911,41.1633],[-91.03017,41.16688]]}},{"type":"Feature","properties":{},"geometry":{"type":"LineString","coordinates":[[-91.1063,41.23403],[-91.09751,41.22806]]}},{"type":"Feature","properties":{},"geometry":{"type":"LineString","coordinates":[[-90.23897,41.78568],[-90.26118,41.77362]]}},{"type":"Feature","properties":{},"geometry":{"type":"LineString","coordinates":[[-90.53638,41.52512],[-90.56834,41.51834]]}},{"type":"Feature","properties":{},"geometry":{"type":"LineString","coordinates":[[-90.49438,41.51812],[-90.53638,41.52512]]}},{"type":"Feature","properties":{},"geometry":{"type":"LineString","coordinates":[[-90.60389,41.50005],[-90.61042,41.4903]]}},{"type":"Feature","properties":{},"geometry":{"type":"LineString","coordinates":[[-90.56834,41.51834],[-90.59691,41.5104],[-90.60389,41.50005]]}},{"type":"Feature","properties":{},"geometry":{"type":"LineString","coordinates":[[-91.02335,41.16321],[-91.01481,41.16663]]}},{"type":"Feature","properties":{},"geometry":{"type":"LineString","coordinates":[[-90.84231,41.45554],[-90.85265,41.45287]]}},{"type":"Feature","properties":{},"geometry":{"type":"LineString","coordinates":[[-90.83258,41.45475],[-90.84231,41.45554]]}},{"type":"Feature","properties":{},"geometry":{"type":"LineString","coordinates":[[-90.85265,41.45287],[-90.86143,41.45047]]}},{"type":"Feature","properties":{},"geometry":{"type":"LineString","coordinates":[[-90.83258,41.45475],[-90.83841,41.45132]]}},{"type":"Feature","properties":{},"geometry":{"type":"LineString","coordinates":[[-90.86143,41.45047],[-90.86805,41.44544]]}},{"type":"Feature","properties":{},"geometry":{"type":"LineString","coordinates":[[-90.96368,41.43358],[-90.96941,41.43479]]}},{"type":"Feature","properties":{},"geometry":{"type":"LineString","coordinates":[[-90.96748,41.43568],[-90.96933,41.43513]]}},{"type":"Feature","properties":{},"geometry":{"type":"LineString","coordinates":[[-90.96933,41.43513],[-90.96941,41.43479]]}},{"type":"Feature","properties":{},"geometry":{"type":"LineString","coordinates":[[-90.96941,41.43479],[-90.97498,41.43707]]}},{"type":"Feature","properties":{},"geometry":{"type":"LineString","coordinates":[[-90.98887,41.43802],[-90.99704,41.43677]]}},{"type":"Feature","properties":{},"geometry":{"type":"LineString","coordinates":[[-90.97498,41.43707],[-90.98887,41.43802]]}},{"type":"Feature","properties":{},"geometry":{"type":"LineString","coordinates":[[-91.00016,41.42838],[-91.00635,41.42902]]}},{"type":"Feature","properties":{},"geometry":{"type":"LineString","coordinates":[[-90.98243,41.4293],[-91.00016,41.42838]]}},{"type":"Feature","properties":{},"geometry":{"type":"LineString","coordinates":[[-90.97519,41.4266],[-90.98243,41.4293]]}},{"type":"Feature","properties":{},"geometry":{"type":"LineString","coordinates":[[-91.00663,41.42897],[-91.01006,41.42704]]}},{"type":"Feature","properties":{},"geometry":{"type":"LineString","coordinates":[[-91.01006,41.42704],[-91.03456,41.42193]]}},{"type":"Feature","properties":{},"geometry":{"type":"LineString","coordinates":[[-90.17371,41.86307],[-90.18391,41.83035]]}},{"type":"Feature","properties":{},"geometry":{"type":"LineString","coordinates":[[-90.17028,41.87366],[-90.17371,41.86307]]}},{"type":"Feature","properties":{},"geometry":{"type":"LineString","coordinates":[[-90.26118,41.77362],[-90.28417,41.76527]]}},{"type":"Feature","properties":{},"geometry":{"type":"LineString","coordinates":[[-90.31613,41.73257],[-90.31647,41.72843]]}},{"type":"Feature","properties":{},"geometry":{"type":"LineString","coordinates":[[-90.91295,41.4283],[-90.91518,41.42759]]}},{"type":"Feature","properties":{},"geometry":{"type":"LineString","coordinates":[[-90.91743,41.42647],[-90.92054,41.42605]]}},{"type":"Feature","properties":{},"geometry":{"type":"LineString","coordinates":[[-90.92054,41.42605],[-90.9327,41.42318]]}},{"type":"Feature","properties":{},"geometry":{"type":"LineString","coordinates":[[-90.91518,41.42759],[-90.91743,41.42647]]}},{"type":"Feature","properties":{},"geometry":{"type":"LineString","coordinates":[[-91.00635,41.42902],[-91.00663,41.42897]]}},{"type":"Feature","properties":{},"geometry":{"type":"LineString","coordinates":[[-90.18391,41.83035],[-90.18223,41.82866]]}},{"type":"Feature","properties":{},"geometry":{"type":"LineString","coordinates":[[-90.18223,41.82866],[-90.18259,41.80679]]}},{"type":"Feature","properties":{},"geometry":{"type":"LineString","coordinates":[[-91.06776,41.35645],[-91.0718,41.33541]]}},{"type":"Feature","properties":{},"geometry":{"type":"LineString","coordinates":[[-91.03456,41.42193],[-91.05845,41.40662],[-91.05011,41.38631],[-91.06776,41.35645]]}},{"type":"Feature","properties":{},"geometry":{"type":"LineString","coordinates":[[-90.91518,41.42759],[-90.92184,41.4287]]}},{"type":"Feature","properties":{},"geometry":{"type":"LineString","coordinates":[[-90.92184,41.4287],[-90.92757,41.42959]]}},{"type":"Feature","properties":{},"geometry":{"type":"LineString","coordinates":[[-90.92757,41.42959],[-90.95165,41.43311]]}},{"type":"Feature","properties":{},"geometry":{"type":"LineString","coordinates":[[-90.89268,41.43313],[-90.91295,41.4283]]}},{"type":"Feature","properties":{},"geometry":{"type":"LineString","coordinates":[[-90.82774,41.45442],[-90.83258,41.45475]]}},{"type":"Feature","properties":{},"geometry":{"type":"LineString","coordinates":[[-90.80489,41.45443],[-90.81476,41.45454]]}},{"type":"Feature","properties":{},"geometry":{"type":"LineString","coordinates":[[-90.8192,41.45448],[-90.82774,41.45442]]}},{"type":"Feature","properties":{},"geometry":{"type":"LineString","coordinates":[[-90.81476,41.45454],[-90.8192,41.45448]]}},{"type":"Feature","properties":{},"geometry":{"type":"LineString","coordinates":[[-90.68839,41.45664],[-90.70979,41.45403]]}},{"type":"Feature","properties":{},"geometry":{"type":"LineString","coordinates":[[-90.28417,41.76527],[-90.31613,41.73257]]}},{"type":"Feature","properties":{},"geometry":{"type":"LineString","coordinates":[[-90.96431,41.43452],[-90.96748,41.43568]]}},{"type":"Feature","properties":{},"geometry":{"type":"LineString","coordinates":[[-90.96368,41.43358],[-90.96431,41.43452]]}},{"type":"Feature","properties":{},"geometry":{"type":"LineString","coordinates":[[-90.31651,41.72789],[-90.31849,41.71697]]}},{"type":"Feature","properties":{},"geometry":{"type":"LineString","coordinates":[[-90.31647,41.72843],[-90.31651,41.72789]]}},{"type":"Feature","properties":{},"geometry":{"type":"LineString","coordinates":[[-91.41127,42.13445],[-91.39716,42.12643]]}},{"type":"Feature","properties":{},"geometry":{"type":"LineString","coordinates":[[-91.38759,42.12461],[-91.38335,42.13063],[-91.36909,42.11683],[-91.35898,42.11768]]}},{"type":"Feature","properties":{},"geometry":{"type":"LineString","coordinates":[[-91.41219,42.13703],[-91.41127,42.13445]]}},{"type":"Feature","properties":{},"geometry":{"type":"LineString","coordinates":[[-91.39716,42.12643],[-91.38759,42.12461]]}},{"type":"Feature","properties":{},"geometry":{"type":"LineString","coordinates":[[-91.43715,42.16782],[-91.43413,42.16557]]}},{"type":"Feature","properties":{},"geometry":{"type":"LineString","coordinates":[[-91.42296,42.1547],[-91.42247,42.15441]]}},{"type":"Feature","properties":{},"geometry":{"type":"LineString","coordinates":[[-91.41324,42.14197],[-91.41173,42.14272]]}},{"type":"Feature","properties":{},"geometry":{"type":"LineString","coordinates":[[-91.42247,42.15441],[-91.41409,42.14858]]}},{"type":"Feature","properties":{},"geometry":{"type":"LineString","coordinates":[[-91.41455,42.14289],[-91.41324,42.14197]]}},{"type":"Feature","properties":{},"geometry":{"type":"LineString","coordinates":[[-91.43413,42.16557],[-91.42296,42.1547]]}},{"type":"Feature","properties":{},"geometry":{"type":"LineString","coordinates":[[-91.41409,42.14858],[-91.41455,42.14289]]}},{"type":"Feature","properties":{},"geometry":{"type":"LineString","coordinates":[[-91.41173,42.14272],[-91.41219,42.13703]]}},{"type":"Feature","properties":{},"geometry":{"type":"LineString","coordinates":[[-91.47346,42.18498],[-91.45937,42.17938],[-91.45783,42.16362]]}},{"type":"Feature","properties":{},"geometry":{"type":"LineString","coordinates":[[-91.44092,42.17283],[-91.43715,42.16782]]}},{"type":"Feature","properties":{},"geometry":{"type":"LineString","coordinates":[[-91.45783,42.16362],[-91.45143,42.16366],[-91.45081,42.17317],[-91.44092,42.17283]]}},{"type":"Feature","properties":{},"geometry":{"type":"LineString","coordinates":[[-91.47907,42.18175],[-91.47346,42.18498]]}},{"type":"Feature","properties":{},"geometry":{"type":"LineString","coordinates":[[-91.49099,42.18418],[-91.47907,42.18175]]}},{"type":"Feature","properties":{},"geometry":{"type":"LineString","coordinates":[[-91.50791,42.17584],[-91.49099,42.18418]]}},{"type":"Feature","properties":{},"geometry":{"type":"LineString","coordinates":[[-91.51837,42.18681],[-91.50791,42.17584]]}},{"type":"Feature","properties":{},"geometry":{"type":"LineString","coordinates":[[-91.56489,42.23514],[-91.5553,42.23051]]}},{"type":"Feature","properties":{},"geometry":{"type":"LineString","coordinates":[[-91.5553,42.23051],[-91.51906,42.19596],[-91.51837,42.18681]]}},{"type":"Feature","properties":{},"geometry":{"type":"LineString","coordinates":[[-91.57598,42.24518],[-91.56307,42.2393]]}},{"type":"Feature","properties":{},"geometry":{"type":"LineString","coordinates":[[-91.56307,42.2393],[-91.56489,42.23514]]}},{"type":"Feature","properties":{},"geometry":{"type":"LineString","coordinates":[[-91.60914,42.24497],[-91.57634,42.2452]]}},{"type":"Feature","properties":{},"geometry":{"type":"LineString","coordinates":[[-91.57634,42.2452],[-91.57598,42.24518]]}},{"type":"Feature","properties":{},"geometry":{"type":"LineString","coordinates":[[-91.65298,42.2777],[-91.63873,42.27279]]}},{"type":"Feature","properties":{},"geometry":{"type":"LineString","coordinates":[[-91.63481,42.26844],[-91.62014,42.26817],[-91.62388,42.25822],[-91.60914,42.24497]]}},{"type":"Feature","properties":{},"geometry":{"type":"LineString","coordinates":[[-91.63873,42.27279],[-91.63481,42.26844]]}},{"type":"Feature","properties":{},"geometry":{"type":"LineString","coordinates":[[-91.66724,42.27828],[-91.65298,42.2777]]}},{"type":"Feature","properties":{},"geometry":{"type":"LineString","coordinates":[[-91.70709,42.30069],[-91.70882,42.28899],[-91.70335,42.28855]]}},{"type":"Feature","properties":{},"geometry":{"type":"LineString","coordinates":[[-91.70335,42.28855],[-91.67123,42.28936],[-91.66724,42.27828]]}},{"type":"Feature","properties":{},"geometry":{"type":"LineString","coordinates":[[-91.71456,42.30892],[-91.70709,42.30069]]}},{"type":"Feature","properties":{},"geometry":{"type":"LineString","coordinates":[[-91.71408,42.3128],[-91.71456,42.30892]]}},{"type":"Feature","properties":{},"geometry":{"type":"LineString","coordinates":[[-91.73402,42.32635],[-91.71504,42.31446]]}},{"type":"Feature","properties":{},"geometry":{"type":"LineString","coordinates":[[-91.71504,42.31446],[-91.71408,42.3128]]}},{"type":"Feature","properties":{},"geometry":{"type":"LineString","coordinates":[[-91.73797,42.32782],[-91.73402,42.32635]]}},{"type":"Feature","properties":{},"geometry":{"type":"LineString","coordinates":[[-91.73948,42.342],[-91.73797,42.32782]]}},{"type":"Feature","properties":{},"geometry":{"type":"LineString","coordinates":[[-91.73648,42.35208],[-91.73183,42.34414],[-91.73948,42.342]]}},{"type":"Feature","properties":{},"geometry":{"type":"LineString","coordinates":[[-91.73808,42.3524],[-91.73648,42.35208]]}},{"type":"Feature","properties":{},"geometry":{"type":"LineString","coordinates":[[-91.74934,42.36533],[-91.73808,42.3524]]}},{"type":"Feature","properties":{},"geometry":{"type":"LineString","coordinates":[[-91.75322,42.37237],[-91.74934,42.36533]]}},{"type":"Feature","properties":{},"geometry":{"type":"LineString","coordinates":[[-91.76127,42.37868],[-91.75322,42.37237]]}},{"type":"Feature","properties":{},"geometry":{"type":"LineString","coordinates":[[-91.77077,42.40497],[-91.75715,42.38311],[-91.76127,42.37868]]}},{"type":"Feature","properties":{},"geometry":{"type":"LineString","coordinates":[[-91.77628,42.4062],[-91.77077,42.40497]]}},{"type":"Feature","properties":{},"geometry":{"type":"LineString","coordinates":[[-91.77763,42.40553],[-91.77628,42.4062]]}},{"type":"Feature","properties":{},"geometry":{"type":"LineString","coordinates":[[-91.87266,42.45754],[-91.86621,42.4545]]}},{"type":"Feature","properties":{},"geometry":{"type":"LineString","coordinates":[[-91.8465,42.43659],[-91.84405,42.43218]]}},{"type":"Feature","properties":{},"geometry":{"type":"LineString","coordinates":[[-91.79099,42.40177],[-91.79371,42.39464]]}},{"type":"Feature","properties":{},"geometry":{"type":"LineString","coordinates":[[-91.84328,42.4182],[-91.84174,42.41685]]}},{"type":"Feature","properties":{},"geometry":{"type":"LineString","coordinates":[[-91.84174,42.41685],[-91.82069,42.40524]]}},{"type":"Feature","properties":{},"geometry":{"type":"LineString","coordinates":[[-91.84395,42.42607],[-91.84328,42.4182]]}},{"type":"Feature","properties":{},"geometry":{"type":"LineString","coordinates":[[-91.79371,42.39464],[-91.77763,42.40553]]}},{"type":"Feature","properties":{},"geometry":{"type":"LineString","coordinates":[[-91.86308,42.45358],[-91.86001,42.44613]]}},{"type":"Feature","properties":{},"geometry":{"type":"LineString","coordinates":[[-91.82069,42.40524],[-91.80781,42.39818],[-91.79716,42.40737],[-91.79099,42.40178]]}},{"type":"Feature","properties":{},"geometry":{"type":"LineString","coordinates":[[-91.86001,42.44613],[-91.8465,42.43659]]}},{"type":"Feature","properties":{},"geometry":{"type":"LineString","coordinates":[[-91.79099,42.40178],[-91.79099,42.40177]]}},{"type":"Feature","properties":{},"geometry":{"type":"LineString","coordinates":[[-91.84405,42.43218],[-91.84395,42.42607]]}},{"type":"Feature","properties":{},"geometry":{"type":"LineString","coordinates":[[-91.86621,42.4545],[-91.86308,42.45358]]}},{"type":"Feature","properties":{},"geometry":{"type":"LineString","coordinates":[[-91.88053,42.4581],[-91.87266,42.45754]]}},{"type":"Feature","properties":{},"geometry":{"type":"LineString","coordinates":[[-91.89072,42.45951],[-91.88053,42.4581]]}},{"type":"Feature","properties":{},"geometry":{"type":"LineString","coordinates":[[-91.89485,42.45808],[-91.89072,42.45951]]}},{"type":"Feature","properties":{},"geometry":{"type":"LineString","coordinates":[[-91.89537,42.46082],[-91.89485,42.45808]]}},{"type":"Feature","properties":{},"geometry":{"type":"LineString","coordinates":[[-91.89487,42.46917],[-91.89537,42.46082]]}},{"type":"Feature","properties":{},"geometry":{"type":"LineString","coordinates":[[-91.9589,42.4976],[-91.95495,42.49541]]}},{"type":"Feature","properties":{},"geometry":{"type":"LineString","coordinates":[[-91.95944,42.49887],[-91.9589,42.4976]]}},{"type":"Feature","properties":{},"geometry":{"type":"LineString","coordinates":[[-91.98257,42.52122],[-91.97554,42.51253]]}},{"type":"Feature","properties":{},"geometry":{"type":"LineString","coordinates":[[-91.98501,42.52259],[-91.98257,42.52122]]}},{"type":"Feature","properties":{},"geometry":{"type":"LineString","coordinates":[[-91.98613,42.52229],[-91.98501,42.52259]]}},{"type":"Feature","properties":{},"geometry":{"type":"LineString","coordinates":[[-91.99466,42.5196],[-91.98613,42.52229]]}},{"type":"Feature","properties":{},"geometry":{"type":"LineString","coordinates":[[-92.00018,42.52127],[-91.99466,42.5196]]}},{"type":"Feature","properties":{},"geometry":{"type":"LineString","coordinates":[[-92.01161,42.52228],[-92.00018,42.52127]]}},{"type":"Feature","properties":{},"geometry":{"type":"LineString","coordinates":[[-92.02008,42.52817],[-92.01161,42.52228]]}},{"type":"Feature","properties":{},"geometry":{"type":"LineString","coordinates":[[-92.03154,42.53438],[-92.02008,42.52817]]}},{"type":"Feature","properties":{},"geometry":{"type":"LineString","coordinates":[[-92.03179,42.53468],[-92.03154,42.53438]]}},{"type":"Feature","properties":{},"geometry":{"type":"LineString","coordinates":[[-92.03695,42.53722],[-92.03615,42.53525]]}},{"type":"Feature","properties":{},"geometry":{"type":"LineString","coordinates":[[-92.03615,42.53525],[-92.03179,42.53468]]}},{"type":"Feature","properties":{},"geometry":{"type":"LineString","coordinates":[[-92.06227,42.54067],[-92.04319,42.5391]]}},{"type":"Feature","properties":{},"geometry":{"type":"LineString","coordinates":[[-92.03806,42.53967],[-92.03695,42.53722]]}},{"type":"Feature","properties":{},"geometry":{"type":"LineString","coordinates":[[-92.04319,42.5391],[-92.03806,42.53967]]}},{"type":"Feature","properties":{},"geometry":{"type":"LineString","coordinates":[[-92.07659,42.54314],[-92.06227,42.54067]]}},{"type":"Feature","properties":{},"geometry":{"type":"LineString","coordinates":[[-92.08107,42.55268],[-92.07659,42.54314]]}},{"type":"Feature","properties":{},"geometry":{"type":"LineString","coordinates":[[-92.09877,42.55873],[-92.08107,42.55268]]}},{"type":"Feature","properties":{},"geometry":{"type":"LineString","coordinates":[[-92.09858,42.56669],[-92.09877,42.55873]]}},{"type":"Feature","properties":{},"geometry":{"type":"LineString","coordinates":[[-92.10863,42.56982],[-92.09858,42.56669]]}},{"type":"Feature","properties":{},"geometry":{"type":"LineString","coordinates":[[-92.11002,42.57266],[-92.10863,42.56982]]}},{"type":"Feature","properties":{},"geometry":{"type":"LineString","coordinates":[[-92.11324,42.57691],[-92.11002,42.57266]]}},{"type":"Feature","properties":{},"geometry":{"type":"LineString","coordinates":[[-92.11432,42.57813],[-92.11324,42.57691]]}},{"type":"Feature","properties":{},"geometry":{"type":"LineString","coordinates":[[-92.11649,42.58352],[-92.11432,42.57813]]}},{"type":"Feature","properties":{},"geometry":{"type":"LineString","coordinates":[[-92.11844,42.58654],[-92.11649,42.58352]]}},{"type":"Feature","properties":{},"geometry":{"type":"LineString","coordinates":[[-92.11996,42.59212],[-92.11844,42.58654]]}},{"type":"Feature","properties":{},"geometry":{"type":"LineString","coordinates":[[-92.11918,42.60475],[-92.11996,42.59212]]}},{"type":"Feature","properties":{},"geometry":{"type":"LineString","coordinates":[[-92.12079,42.60706],[-92.11918,42.60475]]}},{"type":"Feature","properties":{},"geometry":{"type":"LineString","coordinates":[[-92.12351,42.61209],[-92.12079,42.60706]]}},{"type":"Feature","properties":{},"geometry":{"type":"LineString","coordinates":[[-92.12766,42.61694],[-92.12351,42.61209]]}},{"type":"Feature","properties":{},"geometry":{"type":"LineString","coordinates":[[-92.13442,42.6255],[-92.12766,42.61694]]}},{"type":"Feature","properties":{},"geometry":{"type":"LineString","coordinates":[[-92.14287,42.62774],[-92.13442,42.6255]]}},{"type":"Feature","properties":{},"geometry":{"type":"LineString","coordinates":[[-92.14585,42.63853],[-92.14557,42.63734]]}},{"type":"Feature","properties":{},"geometry":{"type":"LineString","coordinates":[[-92.14414,42.63542],[-92.14287,42.62774]]}},{"type":"Feature","properties":{},"geometry":{"type":"LineString","coordinates":[[-92.14557,42.63734],[-92.14414,42.63542]]}},{"type":"Feature","properties":{},"geometry":{"type":"LineString","coordinates":[[-92.14923,42.64446],[-92.14585,42.63853]]}},{"type":"Feature","properties":{},"geometry":{"type":"LineString","coordinates":[[-92.14749,42.64695],[-92.14923,42.64446]]}},{"type":"Feature","properties":{},"geometry":{"type":"LineString","coordinates":[[-92.14272,42.6534],[-92.14749,42.64695]]}},{"type":"Feature","properties":{},"geometry":{"type":"LineString","coordinates":[[-92.1444,42.65553],[-92.14455,42.65399]]}},{"type":"Feature","properties":{},"geometry":{"type":"LineString","coordinates":[[-92.14455,42.65399],[-92.14272,42.6534]]}},{"type":"Feature","properties":{},"geometry":{"type":"LineString","coordinates":[[-92.14378,42.67195],[-92.1444,42.65553]]}},{"type":"Feature","properties":{},"geometry":{"type":"LineString","coordinates":[[-92.14766,42.67145],[-92.14378,42.67195]]}},{"type":"Feature","properties":{},"geometry":{"type":"LineString","coordinates":[[-92.16573,42.67581],[-92.1484,42.67145]]}},{"type":"Feature","properties":{},"geometry":{"type":"LineString","coordinates":[[-92.16582,42.6799],[-92.16573,42.67581]]}},{"type":"Feature","properties":{},"geometry":{"type":"LineString","coordinates":[[-92.16719,42.68308],[-92.16582,42.6799]]}},{"type":"Feature","properties":{},"geometry":{"type":"LineString","coordinates":[[-92.17287,42.68642],[-92.16719,42.68308]]}},{"type":"Feature","properties":{},"geometry":{"type":"LineString","coordinates":[[-92.17942,42.6963],[-92.17287,42.68642]]}},{"type":"Feature","properties":{},"geometry":{"type":"LineString","coordinates":[[-92.17762,42.69994],[-92.17942,42.6963]]}},{"type":"Feature","properties":{},"geometry":{"type":"LineString","coordinates":[[-92.17827,42.70115],[-92.17762,42.69994]]}},{"type":"Feature","properties":{},"geometry":{"type":"LineString","coordinates":[[-92.1762,42.70339],[-92.17827,42.70115]]}},{"type":"Feature","properties":{},"geometry":{"type":"LineString","coordinates":[[-92.17496,42.7071],[-92.1762,42.70339]]}},{"type":"Feature","properties":{},"geometry":{"type":"LineString","coordinates":[[-92.17252,42.72638],[-92.17496,42.7071]]}},{"type":"Feature","properties":{},"geometry":{"type":"LineString","coordinates":[[-92.17541,42.73557],[-92.17252,42.72638]]}},{"type":"Feature","properties":{},"geometry":{"type":"LineString","coordinates":[[-92.1784,42.74237],[-92.17541,42.73557]]}},{"type":"Feature","properties":{},"geometry":{"type":"LineString","coordinates":[[-92.17623,42.74815],[-92.1784,42.74237]]}},{"type":"Feature","properties":{},"geometry":{"type":"LineString","coordinates":[[-92.17854,42.75398],[-92.17623,42.74815]]}},{"type":"Feature","properties":{},"geometry":{"type":"LineString","coordinates":[[-92.18612,42.76043],[-92.17854,42.75398]]}},{"type":"Feature","properties":{},"geometry":{"type":"LineString","coordinates":[[-92.18705,42.76139],[-92.18612,42.76043]]}},{"type":"Feature","properties":{},"geometry":{"type":"LineString","coordinates":[[-92.19494,42.76392],[-92.18705,42.76139]]}},{"type":"Feature","properties":{},"geometry":{"type":"LineString","coordinates":[[-92.20219,42.78297],[-92.19494,42.76392]]}},{"type":"Feature","properties":{},"geometry":{"type":"LineString","coordinates":[[-92.22125,42.79828],[-92.21131,42.79731]]}},{"type":"Feature","properties":{},"geometry":{"type":"LineString","coordinates":[[-92.21131,42.79731],[-92.20219,42.78297]]}},{"type":"Feature","properties":{},"geometry":{"type":"LineString","coordinates":[[-92.23958,42.81574],[-92.22125,42.79828]]}},{"type":"Feature","properties":{},"geometry":{"type":"LineString","coordinates":[[-92.24182,42.81974],[-92.23958,42.81574]]}},{"type":"Feature","properties":{},"geometry":{"type":"LineString","coordinates":[[-92.25787,42.837],[-92.24182,42.81974]]}},{"type":"Feature","properties":{},"geometry":{"type":"LineString","coordinates":[[-92.2686,42.84676],[-92.25787,42.837]]}},{"type":"Feature","properties":{},"geometry":{"type":"LineString","coordinates":[[-92.27376,42.84523],[-92.2686,42.84676]]}},{"type":"Feature","properties":{},"geometry":{"type":"LineString","coordinates":[[-92.27821,42.84528],[-92.27376,42.84523]]}},{"type":"Feature","properties":{},"geometry":{"type":"LineString","coordinates":[[-92.29203,42.85604],[-92.27821,42.84528]]}},{"type":"Feature","properties":{},"geometry":{"type":"LineString","coordinates":[[-92.29865,42.85598],[-92.29203,42.85604]]}},{"type":"Feature","properties":{},"geometry":{"type":"LineString","coordinates":[[-92.30358,42.86417],[-92.29865,42.85598]]}},{"type":"Feature","properties":{},"geometry":{"type":"LineString","coordinates":[[-92.30929,42.87531],[-92.30358,42.86417]]}},{"type":"Feature","properties":{},"geometry":{"type":"LineString","coordinates":[[-92.31053,42.88327],[-92.30929,42.87531]]}},{"type":"Feature","properties":{},"geometry":{"type":"LineString","coordinates":[[-92.31245,42.88522],[-92.31053,42.88327]]}},{"type":"Feature","properties":{},"geometry":{"type":"LineString","coordinates":[[-92.314,42.89274],[-92.31861,42.8892],[-92.31245,42.88522]]}},{"type":"Feature","properties":{},"geometry":{"type":"LineString","coordinates":[[-92.31524,42.89681],[-92.314,42.89274]]}},{"type":"Feature","properties":{},"geometry":{"type":"LineString","coordinates":[[-92.31795,42.89775],[-92.31524,42.89681]]}},{"type":"Feature","properties":{},"geometry":{"type":"LineString","coordinates":[[-92.32883,42.90659],[-92.31795,42.89775]]}},{"type":"Feature","properties":{},"geometry":{"type":"LineString","coordinates":[[-92.33598,42.91274],[-92.32883,42.90659]]}},{"type":"Feature","properties":{},"geometry":{"type":"LineString","coordinates":[[-92.3351,42.92919],[-92.33598,42.91274]]}},{"type":"Feature","properties":{},"geometry":{"type":"LineString","coordinates":[[-92.3429,42.93665],[-92.3351,42.92919]]}},{"type":"Feature","properties":{},"geometry":{"type":"LineString","coordinates":[[-92.35457,42.95058],[-92.3429,42.93665]]}},{"type":"Feature","properties":{},"geometry":{"type":"LineString","coordinates":[[-92.36186,42.95806],[-92.35457,42.95058]]}},{"type":"Feature","properties":{},"geometry":{"type":"LineString","coordinates":[[-92.35893,42.96442],[-92.36186,42.95806]]}},{"type":"Feature","properties":{},"geometry":{"type":"LineString","coordinates":[[-92.36718,42.97366],[-92.35893,42.96442]]}},{"type":"Feature","properties":{},"geometry":{"type":"LineString","coordinates":[[-92.36945,42.9831],[-92.36718,42.97366]]}},{"type":"Feature","properties":{},"geometry":{"type":"LineString","coordinates":[[-92.37562,42.98983],[-92.36945,42.9831]]}},{"type":"Feature","properties":{},"geometry":{"type":"LineString","coordinates":[[-92.11324,42.57691],[-92.11544,42.57131]]}},{"type":"Feature","properties":{},"geometry":{"type":"LineString","coordinates":[[-92.18705,42.76139],[-92.18612,42.76043]]}},{"type":"Feature","properties":{},"geometry":{"type":"LineString","coordinates":[[-92.01161,42.52228],[-92.01205,42.51988]]}},{"type":"Feature","properties":{},"geometry":{"type":"LineString","coordinates":[[-91.41297,42.14222],[-91.41199,42.14252]]}},{"type":"Feature","properties":{},"geometry":{"type":"LineString","coordinates":[[-91.41199,42.14252],[-91.41173,42.14272]]}},{"type":"Feature","properties":{},"geometry":{"type":"LineString","coordinates":[[-91.41324,42.14197],[-91.41297,42.14222]]}},{"type":"Feature","properties":{},"geometry":{"type":"LineString","coordinates":[[-91.97554,42.51253],[-91.9613,42.50527],[-91.96416,42.50001]]}},{"type":"Feature","properties":{},"geometry":{"type":"LineString","coordinates":[[-91.96416,42.50001],[-91.95944,42.49887]]}},{"type":"Feature","properties":{},"geometry":{"type":"LineString","coordinates":[[-92.14766,42.67145],[-92.14378,42.67195]]}},{"type":"Feature","properties":{},"geometry":{"type":"LineString","coordinates":[[-92.1484,42.67145],[-92.14766,42.67145]]}},{"type":"Feature","properties":{},"geometry":{"type":"LineString","coordinates":[[-92.1484,42.67145],[-92.14766,42.67145]]}},{"type":"Feature","properties":{},"geometry":{"type":"LineString","coordinates":[[-91.35898,42.11768],[-91.35788,42.11689]]}},{"type":"Feature","properties":{},"geometry":{"type":"LineString","coordinates":[[-91.35788,42.11689],[-91.34149,42.10577]]}},{"type":"Feature","properties":{},"geometry":{"type":"LineString","coordinates":[[-91.30582,42.10455],[-91.30057,42.10241]]}},{"type":"Feature","properties":{},"geometry":{"type":"LineString","coordinates":[[-91.32277,42.10581],[-91.30582,42.10455]]}},{"type":"Feature","properties":{},"geometry":{"type":"LineString","coordinates":[[-91.32867,42.10521],[-91.32277,42.10581]]}},{"type":"Feature","properties":{},"geometry":{"type":"LineString","coordinates":[[-91.34149,42.10577],[-91.32867,42.10521]]}},{"type":"Feature","properties":{},"geometry":{"type":"LineString","coordinates":[[-91.95495,42.49541],[-91.93515,42.48914]]}},{"type":"Feature","properties":{},"geometry":{"type":"LineString","coordinates":[[-91.42324,42.15352],[-91.42779,42.14903],[-91.41543,42.14268]]}},{"type":"Feature","properties":{},"geometry":{"type":"LineString","coordinates":[[-91.41543,42.14268],[-91.41455,42.14289]]}},{"type":"Feature","properties":{},"geometry":{"type":"LineString","coordinates":[[-91.42296,42.1547],[-91.42324,42.15352]]}},{"type":"Feature","properties":{},"geometry":{"type":"LineString","coordinates":[[-91.43764,42.16737],[-91.43441,42.16541]]}},{"type":"Feature","properties":{},"geometry":{"type":"LineString","coordinates":[[-91.43441,42.16541],[-91.43413,42.16557]]}},{"type":"Feature","properties":{},"geometry":{"type":"LineString","coordinates":[[-91.43715,42.16782],[-91.43764,42.16737]]}},{"type":"Feature","properties":{},"geometry":{"type":"LineString","coordinates":[[-92.11002,42.57266],[-92.11219,42.57039]]}},{"type":"Feature","properties":{},"geometry":{"type":"LineString","coordinates":[[-91.91515,42.4893],[-91.91209,42.48826]]}},{"type":"Feature","properties":{},"geometry":{"type":"LineString","coordinates":[[-91.93515,42.48914],[-91.9314,42.48497]]}},{"type":"Feature","properties":{},"geometry":{"type":"LineString","coordinates":[[-91.91209,42.48826],[-91.90712,42.48191]]}},{"type":"Feature","properties":{},"geometry":{"type":"LineString","coordinates":[[-91.90081,42.48012],[-91.89487,42.46917]]}},{"type":"Feature","properties":{},"geometry":{"type":"LineString","coordinates":[[-91.9314,42.48497],[-91.91515,42.4893]]}},{"type":"Feature","properties":{},"geometry":{"type":"LineString","coordinates":[[-91.90712,42.48191],[-91.90081,42.48012]]}},{"type":"Feature","properties":{},"geometry":{"type":"LineString","coordinates":[[-90.40165,41.74476],[-90.37696,41.74291]]}},{"type":"Feature","properties":{},"geometry":{"type":"LineString","coordinates":[[-90.41179,41.74277],[-90.40165,41.74476]]}},{"type":"Feature","properties":{},"geometry":{"type":"LineString","coordinates":[[-90.4372,41.76063],[-90.42421,41.75058]]}},{"type":"Feature","properties":{},"geometry":{"type":"LineString","coordinates":[[-90.44658,41.76385],[-90.4372,41.76063]]}},{"type":"Feature","properties":{},"geometry":{"type":"LineString","coordinates":[[-90.45653,41.76085],[-90.44658,41.76385]]}},{"type":"Feature","properties":{},"geometry":{"type":"LineString","coordinates":[[-90.45848,41.75826],[-90.45653,41.76085]]}},{"type":"Feature","properties":{},"geometry":{"type":"LineString","coordinates":[[-90.4652,41.75906],[-90.45848,41.75826]]}},{"type":"Feature","properties":{},"geometry":{"type":"LineString","coordinates":[[-90.48022,41.77123],[-90.47008,41.7728],[-90.4652,41.75906]]}},{"type":"Feature","properties":{},"geometry":{"type":"LineString","coordinates":[[-90.48605,41.77262],[-90.48022,41.77123]]}},{"type":"Feature","properties":{},"geometry":{"type":"LineString","coordinates":[[-90.48895,41.76747],[-90.48605,41.77262]]}},{"type":"Feature","properties":{},"geometry":{"type":"LineString","coordinates":[[-90.50035,41.76763],[-90.48895,41.76747]]}},{"type":"Feature","properties":{},"geometry":{"type":"LineString","coordinates":[[-90.51809,41.77005],[-90.50035,41.76763]]}},{"type":"Feature","properties":{},"geometry":{"type":"LineString","coordinates":[[-90.54281,41.76593],[-90.53763,41.7764],[-90.51809,41.77005]]}},{"type":"Feature","properties":{},"geometry":{"type":"LineString","coordinates":[[-90.54379,41.76616],[-90.54281,41.76593]]}},{"type":"Feature","properties":{},"geometry":{"type":"LineString","coordinates":[[-90.54873,41.76925],[-90.54379,41.76616]]}},{"type":"Feature","properties":{},"geometry":{"type":"LineString","coordinates":[[-90.54953,41.76358],[-90.54873,41.76925]]}},{"type":"Feature","properties":{},"geometry":{"type":"LineString","coordinates":[[-90.55326,41.76464],[-90.54953,41.76358]]}},{"type":"Feature","properties":{},"geometry":{"type":"LineString","coordinates":[[-90.57721,41.75969],[-90.55326,41.76464]]}},{"type":"Feature","properties":{},"geometry":{"type":"LineString","coordinates":[[-90.57757,41.7595],[-90.57721,41.75969]]}},{"type":"Feature","properties":{},"geometry":{"type":"LineString","coordinates":[[-90.58014,41.75941],[-90.57757,41.7595]]}},{"type":"Feature","properties":{},"geometry":{"type":"LineString","coordinates":[[-90.59525,41.7693],[-90.58014,41.75941]]}},{"type":"Feature","properties":{},"geometry":{"type":"LineString","coordinates":[[-90.61251,41.76155],[-90.59525,41.7693]]}},{"type":"Feature","properties":{},"geometry":{"type":"LineString","coordinates":[[-90.61816,41.75906],[-90.61251,41.76155]]}},{"type":"Feature","properties":{},"geometry":{"type":"LineString","coordinates":[[-90.64497,41.75812],[-90.63068,41.76537],[-90.61816,41.75906]]}},{"type":"Feature","properties":{},"geometry":{"type":"LineString","coordinates":[[-90.65744,41.76408],[-90.64497,41.75812]]}},{"type":"Feature","properties":{},"geometry":{"type":"LineString","coordinates":[[-90.67653,41.76094],[-90.65744,41.76408]]}},{"type":"Feature","properties":{},"geometry":{"type":"LineString","coordinates":[[-90.67814,41.75497],[-90.67653,41.76094]]}},{"type":"Feature","properties":{},"geometry":{"type":"LineString","coordinates":[[-90.67964,41.75461],[-90.67814,41.75497]]}},{"type":"Feature","properties":{},"geometry":{"type":"LineString","coordinates":[[-90.76746,41.76507],[-90.75031,41.7455]]}},{"type":"Feature","properties":{},"geometry":{"type":"LineString","coordinates":[[-90.78059,41.76788],[-90.76746,41.76507]]}},{"type":"Feature","properties":{},"geometry":{"type":"LineString","coordinates":[[-90.80269,41.77912],[-90.78059,41.76788]]}},{"type":"Feature","properties":{},"geometry":{"type":"LineString","coordinates":[[-90.80753,41.79202],[-90.80198,41.78573]]}},{"type":"Feature","properties":{},"geometry":{"type":"LineString","coordinates":[[-90.80198,41.78573],[-90.80269,41.77912]]}},{"type":"Feature","properties":{},"geometry":{"type":"LineString","coordinates":[[-90.80884,41.80265],[-90.80753,41.79202]]}},{"type":"Feature","properties":{},"geometry":{"type":"LineString","coordinates":[[-90.80684,41.80947],[-90.80884,41.80265]]}},{"type":"Feature","properties":{},"geometry":{"type":"LineString","coordinates":[[-90.80959,41.81098],[-90.80684,41.80947]]}},{"type":"Feature","properties":{},"geometry":{"type":"LineString","coordinates":[[-90.70622,41.738],[-90.69136,41.74346],[-90.68697,41.75687],[-90.67964,41.75461]]}},{"type":"Feature","properties":{},"geometry":{"type":"LineString","coordinates":[[-90.70681,41.73954],[-90.70622,41.738]]}},{"type":"Feature","properties":{},"geometry":{"type":"LineString","coordinates":[[-90.71099,41.73969],[-90.70681,41.73954]]}},{"type":"Feature","properties":{},"geometry":{"type":"LineString","coordinates":[[-90.72207,41.73664],[-90.71099,41.73969]]}},{"type":"Feature","properties":{},"geometry":{"type":"LineString","coordinates":[[-90.744,41.74129],[-90.72207,41.73664]]}},{"type":"Feature","properties":{},"geometry":{"type":"LineString","coordinates":[[-90.74605,41.74335],[-90.744,41.74129]]}},{"type":"Feature","properties":{},"geometry":{"type":"LineString","coordinates":[[-90.75031,41.7455],[-90.74605,41.74335]]}},{"type":"Feature","properties":{},"geometry":{"type":"LineString","coordinates":[[-90.80114,41.82287],[-90.80959,41.81098]]}},{"type":"Feature","properties":{},"geometry":{"type":"LineString","coordinates":[[-90.79964,41.82428],[-90.80114,41.82287]]}},{"type":"Feature","properties":{},"geometry":{"type":"LineString","coordinates":[[-90.79502,41.83196],[-90.79964,41.82428]]}},{"type":"Feature","properties":{},"geometry":{"type":"LineString","coordinates":[[-90.79233,41.85268],[-90.78809,41.84314],[-90.7961,41.84193],[-90.79502,41.83196]]}},{"type":"Feature","properties":{},"geometry":{"type":"LineString","coordinates":[[-90.80669,41.85941],[-90.79233,41.85268]]}},{"type":"Feature","properties":{},"geometry":{"type":"LineString","coordinates":[[-90.81032,41.87089],[-90.80669,41.85941]]}},{"type":"Feature","properties":{},"geometry":{"type":"LineString","coordinates":[[-90.8251,41.87502],[-90.81032,41.87089]]}},{"type":"Feature","properties":{},"geometry":{"type":"LineString","coordinates":[[-90.85541,41.90901],[-90.8409,41.89908],[-90.8499,41.89232],[-90.8251,41.87502]]}},{"type":"Feature","properties":{},"geometry":{"type":"LineString","coordinates":[[-90.89346,41.91585],[-90.85541,41.90901]]}},{"type":"Feature","properties":{},"geometry":{"type":"LineString","coordinates":[[-90.92295,41.91769],[-90.89346,41.91585]]}},{"type":"Feature","properties":{},"geometry":{"type":"LineString","coordinates":[[-90.92497,41.92067],[-90.92295,41.91769]]}},{"type":"Feature","properties":{},"geometry":{"type":"LineString","coordinates":[[-90.92436,41.92238],[-90.92497,41.92067]]}},{"type":"Feature","properties":{},"geometry":{"type":"LineString","coordinates":[[-90.92409,41.9286],[-90.92436,41.92238]]}},{"type":"Feature","properties":{},"geometry":{"type":"LineString","coordinates":[[-90.9157,41.93526],[-90.92409,41.9286]]}},{"type":"Feature","properties":{},"geometry":{"type":"LineString","coordinates":[[-90.91347,41.94967],[-90.90893,41.94354],[-90.9157,41.93526]]}},{"type":"Feature","properties":{},"geometry":{"type":"LineString","coordinates":[[-90.93478,41.96683],[-90.91969,41.94781],[-90.91347,41.94967]]}},{"type":"Feature","properties":{},"geometry":{"type":"LineString","coordinates":[[-90.95642,41.97284],[-90.93478,41.96683]]}},{"type":"Feature","properties":{},"geometry":{"type":"LineString","coordinates":[[-90.96138,41.97176],[-90.95642,41.97284]]}},{"type":"Feature","properties":{},"geometry":{"type":"LineString","coordinates":[[-90.97441,41.97808],[-90.96798,41.98204],[-90.96138,41.97176]]}},{"type":"Feature","properties":{},"geometry":{"type":"LineString","coordinates":[[-90.98039,41.97835],[-90.97441,41.97808]]}},{"type":"Feature","properties":{},"geometry":{"type":"LineString","coordinates":[[-91.01031,41.99089],[-91.00016,41.98389]]}},{"type":"Feature","properties":{},"geometry":{"type":"LineString","coordinates":[[-91.00016,41.98389],[-90.98039,41.97835]]}},{"type":"Feature","properties":{},"geometry":{"type":"LineString","coordinates":[[-91.05094,42.00004],[-91.04358,42.00382]]}},{"type":"Feature","properties":{},"geometry":{"type":"LineString","coordinates":[[-91.05482,41.99765],[-91.05094,42.00004]]}},{"type":"Feature","properties":{},"geometry":{"type":"LineString","coordinates":[[-91.06231,42.00208],[-91.05947,42.00004]]}},{"type":"Feature","properties":{},"geometry":{"type":"LineString","coordinates":[[-91.06954,42.00562],[-91.06231,42.00208]]}},{"type":"Feature","properties":{},"geometry":{"type":"LineString","coordinates":[[-91.05947,42.00004],[-91.05482,41.99765]]}},{"type":"Feature","properties":{},"geometry":{"type":"LineString","coordinates":[[-91.08869,42.00477],[-91.08002,42.00336]]}},{"type":"Feature","properties":{},"geometry":{"type":"LineString","coordinates":[[-91.09261,42.00991],[-91.08869,42.00477]]}},{"type":"Feature","properties":{},"geometry":{"type":"LineString","coordinates":[[-91.09788,42.00901],[-91.09261,42.00991]]}},{"type":"Feature","properties":{},"geometry":{"type":"LineString","coordinates":[[-91.07357,42.00004],[-91.06954,42.00562]]}},{"type":"Feature","properties":{},"geometry":{"type":"LineString","coordinates":[[-91.0771,42.00004],[-91.07357,42.00004]]}},{"type":"Feature","properties":{},"geometry":{"type":"LineString","coordinates":[[-91.08002,42.00336],[-91.0771,42.00004]]}},{"type":"Feature","properties":{},"geometry":{"type":"LineString","coordinates":[[-91.11224,42.00003],[-91.11193,42.00786],[-91.09788,42.00901]]}},{"type":"Feature","properties":{},"geometry":{"type":"LineString","coordinates":[[-91.11408,41.99795],[-91.11224,42.00003]]}},{"type":"Feature","properties":{},"geometry":{"type":"LineString","coordinates":[[-91.11956,42.00002],[-91.11894,42.00038]]}},{"type":"Feature","properties":{},"geometry":{"type":"LineString","coordinates":[[-91.11894,42.00038],[-91.11726,42.00002]]}},{"type":"Feature","properties":{},"geometry":{"type":"LineString","coordinates":[[-91.12757,42.00202],[-91.12416,42.00002]]}},{"type":"Feature","properties":{},"geometry":{"type":"LineString","coordinates":[[-91.11726,42.00002],[-91.11408,41.99795]]}},{"type":"Feature","properties":{},"geometry":{"type":"LineString","coordinates":[[-91.12416,42.00002],[-91.1241,42.00002]]}},{"type":"Feature","properties":{},"geometry":{"type":"LineString","coordinates":[[-91.1241,42.00002],[-91.11956,42.00002]]}},{"type":"Feature","properties":{},"geometry":{"type":"LineString","coordinates":[[-91.1369,42.00563],[-91.12757,42.00202]]}},{"type":"Feature","properties":{},"geometry":{"type":"LineString","coordinates":[[-91.14108,42.00883],[-91.1369,42.00563]]}},{"type":"Feature","properties":{},"geometry":{"type":"LineString","coordinates":[[-91.14642,42.02475],[-91.14335,42.01294]]}},{"type":"Feature","properties":{},"geometry":{"type":"LineString","coordinates":[[-91.14335,42.01294],[-91.14108,42.00883]]}},{"type":"Feature","properties":{},"geometry":{"type":"LineString","coordinates":[[-91.16353,42.04383],[-91.16145,42.03376]]}},{"type":"Feature","properties":{},"geometry":{"type":"LineString","coordinates":[[-91.18056,42.05059],[-91.17216,42.04952]]}},{"type":"Feature","properties":{},"geometry":{"type":"LineString","coordinates":[[-91.15922,42.03167],[-91.15246,42.03437],[-91.14642,42.02475]]}},{"type":"Feature","properties":{},"geometry":{"type":"LineString","coordinates":[[-91.20532,42.04386],[-91.18502,42.0496]]}},{"type":"Feature","properties":{},"geometry":{"type":"LineString","coordinates":[[-91.17216,42.04952],[-91.16353,42.04383]]}},{"type":"Feature","properties":{},"geometry":{"type":"LineString","coordinates":[[-91.23381,42.05203],[-91.217,42.04275]]}},{"type":"Feature","properties":{},"geometry":{"type":"LineString","coordinates":[[-91.18502,42.0496],[-91.18056,42.05059]]}},{"type":"Feature","properties":{},"geometry":{"type":"LineString","coordinates":[[-91.1611,42.03348],[-91.15922,42.03167]]}},{"type":"Feature","properties":{},"geometry":{"type":"LineString","coordinates":[[-91.16145,42.03376],[-91.1611,42.03348]]}},{"type":"Feature","properties":{},"geometry":{"type":"LineString","coordinates":[[-91.217,42.04275],[-91.20532,42.04386]]}},{"type":"Feature","properties":{},"geometry":{"type":"LineString","coordinates":[[-91.23563,42.06275],[-91.23381,42.05203]]}},{"type":"Feature","properties":{},"geometry":{"type":"LineString","coordinates":[[-91.22784,42.06456],[-91.23563,42.06275]]}},{"type":"Feature","properties":{},"geometry":{"type":"LineString","coordinates":[[-91.23169,42.07196],[-91.22784,42.06456]]}},{"type":"Feature","properties":{},"geometry":{"type":"LineString","coordinates":[[-91.27542,42.09317],[-91.27505,42.09274]]}},{"type":"Feature","properties":{},"geometry":{"type":"LineString","coordinates":[[-91.30031,42.1022],[-91.27542,42.09317]]}},{"type":"Feature","properties":{},"geometry":{"type":"LineString","coordinates":[[-91.30057,42.10241],[-91.30031,42.1022]]}},{"type":"Feature","properties":{},"geometry":{"type":"LineString","coordinates":[[-90.97441,41.97808],[-90.96647,41.97148]]}},{"type":"Feature","properties":{},"geometry":{"type":"LineString","coordinates":[[-90.42421,41.75058],[-90.42593,41.74704]]}},{"type":"Feature","properties":{},"geometry":{"type":"LineString","coordinates":[[-91.15989,42.03157],[-91.15922,42.03167]]}},{"type":"Feature","properties":{},"geometry":{"type":"LineString","coordinates":[[-91.16152,42.03323],[-91.15989,42.03157]]}},{"type":"Feature","properties":{},"geometry":{"type":"LineString","coordinates":[[-91.1611,42.03348],[-91.16152,42.03323]]}},{"type":"Feature","properties":{},"geometry":{"type":"LineString","coordinates":[[-90.81272,41.82724],[-90.79502,41.83196]]}},{"type":"Feature","properties":{},"geometry":{"type":"LineString","coordinates":[[-90.71099,41.73969],[-90.70681,41.73954]]}},{"type":"Feature","properties":{},"geometry":{"type":"LineString","coordinates":[[-90.67814,41.75497],[-90.66049,41.75246]]}},{"type":"Feature","properties":{},"geometry":{"type":"LineString","coordinates":[[-90.54953,41.76358],[-90.54379,41.76616]]}},{"type":"Feature","properties":{},"geometry":{"type":"LineString","coordinates":[[-90.40532,41.74286],[-90.38966,41.73697]]}},{"type":"Feature","properties":{},"geometry":{"type":"LineString","coordinates":[[-90.40532,41.74286],[-90.40165,41.74476]]}},{"type":"Feature","properties":{},"geometry":{"type":"LineString","coordinates":[[-90.81272,41.82724],[-90.80114,41.82287]]}},{"type":"Feature","properties":{},"geometry":{"type":"LineString","coordinates":[[-90.41179,41.74277],[-90.40532,41.74286]]}},{"type":"Feature","properties":{},"geometry":{"type":"LineString","coordinates":[[-91.24991,42.08468],[-91.24966,42.07629]]}},{"type":"Feature","properties":{},"geometry":{"type":"LineString","coordinates":[[-91.24966,42.07629],[-91.23169,42.07196]]}},{"type":"Feature","properties":{},"geometry":{"type":"LineString","coordinates":[[-91.2633,42.08319],[-91.24991,42.08468]]}},{"type":"Feature","properties":{},"geometry":{"type":"LineString","coordinates":[[-91.26401,42.08361],[-91.2633,42.08319]]}},{"type":"Feature","properties":{},"geometry":{"type":"LineString","coordinates":[[-91.01489,42.00003],[-91.01031,41.99089]]}},{"type":"Feature","properties":{},"geometry":{"type":"LineString","coordinates":[[-91.01516,42.00014],[-91.01489,42.00003]]}},{"type":"Feature","properties":{},"geometry":{"type":"LineString","coordinates":[[-91.27505,42.09274],[-91.27579,42.08499],[-91.26401,42.08361]]}},{"type":"Feature","properties":{},"geometry":{"type":"LineString","coordinates":[[-90.42421,41.75058],[-90.41179,41.74277]]}},{"type":"Feature","properties":{},"geometry":{"type":"LineString","coordinates":[[-91.02704,42.00503],[-91.01516,42.00014]]}},{"type":"Feature","properties":{},"geometry":{"type":"LineString","coordinates":[[-91.03012,42.00669],[-91.02704,42.00503]]}},{"type":"Feature","properties":{},"geometry":{"type":"LineString","coordinates":[[-91.04358,42.00382],[-91.04126,42.00289]]}},{"type":"Feature","properties":{},"geometry":{"type":"LineString","coordinates":[[-91.04126,42.00289],[-91.03012,42.00669]]}},{"type":"Feature","properties":{},"geometry":{"type":"LineString","coordinates":[[-90.80669,41.85941],[-90.80463,41.84279],[-90.81272,41.82724]]}},{"type":"Feature","properties":{},"geometry":{"type":"LineString","coordinates":[[-90.65744,41.76408],[-90.65612,41.75784]]}},{"type":"Feature","properties":{},"geometry":{"type":"LineString","coordinates":[[-90.34319,41.73833],[-90.3196,41.72994]]}},{"type":"Feature","properties":{},"geometry":{"type":"LineString","coordinates":[[-90.37696,41.74291],[-90.36063,41.73378],[-90.35119,41.74208],[-90.34319,41.73833]]}},{"type":"Feature","properties":{},"geometry":{"type":"LineString","coordinates":[[-90.3196,41.72994],[-90.31647,41.72843]]}},{"type":"Feature","properties":{},"geometry":{"type":"LineString","coordinates":[[-91.37768,40.42745],[-91.37279,40.4203]]}},{"type":"Feature","properties":{},"geometry":{"type":"LineString","coordinates":[[-91.37993,40.44777],[-91.37768,40.42745]]}},{"type":"Feature","properties":{},"geometry":{"type":"LineString","coordinates":[[-91.37841,40.45482],[-91.37993,40.44777]]}},{"type":"Feature","properties":{},"geometry":{"type":"LineString","coordinates":[[-91.40748,40.5386],[-91.39896,40.53481]]}},{"type":"Feature","properties":{},"geometry":{"type":"LineString","coordinates":[[-91.39896,40.53481],[-91.37454,40.51997]]}},{"type":"Feature","properties":{},"geometry":{"type":"LineString","coordinates":[[-91.4099,40.5592],[-91.41391,40.54701],[-91.40748,40.5386]]}},{"type":"Feature","properties":{},"geometry":{"type":"LineString","coordinates":[[-91.40038,40.5685],[-91.40428,40.5662]]}},{"type":"Feature","properties":{},"geometry":{"type":"LineString","coordinates":[[-91.40428,40.5662],[-91.4099,40.5592]]}},{"type":"Feature","properties":{},"geometry":{"type":"LineString","coordinates":[[-91.29822,40.62537],[-91.30114,40.62454]]}},{"type":"Feature","properties":{},"geometry":{"type":"LineString","coordinates":[[-91.29004,40.62721],[-91.29822,40.62537]]}},{"type":"Feature","properties":{},"geometry":{"type":"LineString","coordinates":[[-91.30114,40.62454],[-91.31047,40.6214]]}},{"type":"Feature","properties":{},"geometry":{"type":"LineString","coordinates":[[-91.27071,40.63252],[-91.29004,40.62721]]}},{"type":"Feature","properties":{},"geometry":{"type":"LineString","coordinates":[[-91.24897,40.63627],[-91.26414,40.63429]]}},{"type":"Feature","properties":{},"geometry":{"type":"LineString","coordinates":[[-91.2146,40.63873],[-91.24897,40.63627]]}},{"type":"Feature","properties":{},"geometry":{"type":"LineString","coordinates":[[-91.26414,40.63429],[-91.27071,40.63252]]}},{"type":"Feature","properties":{},"geometry":{"type":"LineString","coordinates":[[-91.13669,40.6599],[-91.16188,40.65027]]}},{"type":"Feature","properties":{},"geometry":{"type":"LineString","coordinates":[[-91.11567,40.72856],[-91.11226,40.71288]]}},{"type":"Feature","properties":{},"geometry":{"type":"LineString","coordinates":[[-91.09435,40.81653],[-91.08921,40.78964]]}},{"type":"Feature","properties":{},"geometry":{"type":"LineString","coordinates":[[-91.02939,40.87514],[-91.03574,40.87662]]}},{"type":"Feature","properties":{},"geometry":{"type":"LineString","coordinates":[[-91.03054,40.87997],[-91.03574,40.87662]]}},{"type":"Feature","properties":{},"geometry":{"type":"LineString","coordinates":[[-90.95727,41.11071],[-90.9497,41.10061]]}},{"type":"Feature","properties":{},"geometry":{"type":"LineString","coordinates":[[-90.94943,41.0309],[-90.95654,41.02022]]}},{"type":"Feature","properties":{},"geometry":{"type":"LineString","coordinates":[[-90.94461,41.03064],[-90.94943,41.0309]]}},{"type":"Feature","properties":{},"geometry":{"type":"LineString","coordinates":[[-90.95219,41.04064],[-90.95617,41.03913]]}},{"type":"Feature","properties":{},"geometry":{"type":"LineString","coordinates":[[-90.95098,41.04084],[-90.95219,41.04064]]}},{"type":"Feature","properties":{},"geometry":{"type":"LineString","coordinates":[[-90.95629,41.03415],[-90.96058,41.03567]]}},{"type":"Feature","properties":{},"geometry":{"type":"LineString","coordinates":[[-90.96058,41.03567],[-90.95846,41.03138]]}},{"type":"Feature","properties":{},"geometry":{"type":"LineString","coordinates":[[-91.11628,40.7152],[-91.11769,40.71454]]}},{"type":"Feature","properties":{},"geometry":{"type":"LineString","coordinates":[[-90.969,41.03425],[-90.96538,41.03524]]}},{"type":"Feature","properties":{},"geometry":{"type":"LineString","coordinates":[[-90.96998,41.03349],[-90.969,41.03425]]}},{"type":"Feature","properties":{},"geometry":{"type":"LineString","coordinates":[[-90.95617,41.03913],[-90.95629,41.03415]]}},{"type":"Feature","properties":{},"geometry":{"type":"LineString","coordinates":[[-90.95617,41.03913],[-90.96011,41.04444],[-90.96366,41.03501]]}},{"type":"Feature","properties":{},"geometry":{"type":"LineString","coordinates":[[-90.9991,41.16329],[-90.99264,41.14753],[-90.98128,41.1417]]}},{"type":"Feature","properties":{},"geometry":{"type":"LineString","coordinates":[[-90.97065,41.12213],[-90.96758,41.12157]]}},{"type":"Feature","properties":{},"geometry":{"type":"LineString","coordinates":[[-90.976,41.1365],[-90.98139,41.1316],[-90.97065,41.12213]]}},{"type":"Feature","properties":{},"geometry":{"type":"LineString","coordinates":[[-90.976,41.1365],[-90.96758,41.12157]]}},{"type":"Feature","properties":{},"geometry":{"type":"LineString","coordinates":[[-90.96758,41.12157],[-90.96735,41.12083]]}},{"type":"Feature","properties":{},"geometry":{"type":"LineString","coordinates":[[-90.96586,41.11923],[-90.95727,41.11071]]}},{"type":"Feature","properties":{},"geometry":{"type":"LineString","coordinates":[[-90.96735,41.12083],[-90.96586,41.11923]]}},{"type":"Feature","properties":{},"geometry":{"type":"LineString","coordinates":[[-90.94948,41.07131],[-90.95222,41.06917]]}},{"type":"Feature","properties":{},"geometry":{"type":"LineString","coordinates":[[-90.95222,41.06917],[-90.96732,41.06068],[-90.97474,41.04436],[-90.96998,41.03349]]}},{"type":"Feature","properties":{},"geometry":{"type":"LineString","coordinates":[[-90.94987,41.05846],[-90.95098,41.04084]]}},{"type":"Feature","properties":{},"geometry":{"type":"LineString","coordinates":[[-90.94479,41.0231],[-90.94941,41.02126]]}},{"type":"Feature","properties":{},"geometry":{"type":"LineString","coordinates":[[-90.94941,41.02126],[-90.95606,41.01663]]}},{"type":"Feature","properties":{},"geometry":{"type":"LineString","coordinates":[[-90.95648,41.01859],[-90.95606,41.01663]]}},{"type":"Feature","properties":{},"geometry":{"type":"LineString","coordinates":[[-90.95606,41.01663],[-90.96085,41.00996]]}},{"type":"Feature","properties":{},"geometry":{"type":"LineString","coordinates":[[-90.96194,41.01204],[-90.96085,41.00996]]}},{"type":"Feature","properties":{},"geometry":{"type":"LineString","coordinates":[[-90.96085,41.00996],[-90.96164,41.00905]]}},{"type":"Feature","properties":{},"geometry":{"type":"LineString","coordinates":[[-90.96998,41.03349],[-90.96573,41.02295]]}},{"type":"Feature","properties":{},"geometry":{"type":"LineString","coordinates":[[-90.96286,41.01882],[-90.96375,41.01825]]}},{"type":"Feature","properties":{},"geometry":{"type":"LineString","coordinates":[[-90.95098,41.04084],[-90.94899,41.03439]]}},{"type":"Feature","properties":{},"geometry":{"type":"LineString","coordinates":[[-90.94899,41.03439],[-90.94448,41.03188]]}},{"type":"Feature","properties":{},"geometry":{"type":"LineString","coordinates":[[-90.94834,41.00006],[-90.95626,40.98604]]}},{"type":"Feature","properties":{},"geometry":{"type":"LineString","coordinates":[[-90.94501,41.01191],[-90.94834,41.00006]]}},{"type":"Feature","properties":{},"geometry":{"type":"LineString","coordinates":[[-90.94479,41.0231],[-90.94501,41.01191]]}},{"type":"Feature","properties":{},"geometry":{"type":"LineString","coordinates":[[-90.96735,41.12083],[-90.96951,41.11782]]}},{"type":"Feature","properties":{},"geometry":{"type":"LineString","coordinates":[[-90.95626,40.98604],[-90.95046,40.96139]]}},{"type":"Feature","properties":{},"geometry":{"type":"LineString","coordinates":[[-91.04938,40.86562],[-91.05556,40.85578]]}},{"type":"Feature","properties":{},"geometry":{"type":"LineString","coordinates":[[-91.04665,40.8655],[-91.04938,40.86562]]}},{"type":"Feature","properties":{},"geometry":{"type":"LineString","coordinates":[[-91.08525,40.84073],[-91.08775,40.83828]]}},{"type":"Feature","properties":{},"geometry":{"type":"LineString","coordinates":[[-91.08775,40.83828],[-91.08896,40.83766]]}},{"type":"Feature","properties":{},"geometry":{"type":"LineString","coordinates":[[-91.085,40.84227],[-91.08525,40.84073]]}},{"type":"Feature","properties":{},"geometry":{"type":"LineString","coordinates":[[-91.07145,40.84843],[-91.07088,40.8471]]}},{"type":"Feature","properties":{},"geometry":{"type":"LineString","coordinates":[[-91.07042,40.84952],[-91.07145,40.84843]]}},{"type":"Feature","properties":{},"geometry":{"type":"LineString","coordinates":[[-91.07088,40.8471],[-91.07021,40.84704]]}},{"type":"Feature","properties":{},"geometry":{"type":"LineString","coordinates":[[-91.07322,40.84793],[-91.07313,40.84706]]}},{"type":"Feature","properties":{},"geometry":{"type":"LineString","coordinates":[[-91.07313,40.84706],[-91.07232,40.84313]]}},{"type":"Feature","properties":{},"geometry":{"type":"LineString","coordinates":[[-91.07322,40.84961],[-91.07322,40.84793]]}},{"type":"Feature","properties":{},"geometry":{"type":"LineString","coordinates":[[-91.11354,40.73278],[-91.10451,40.72572]]}},{"type":"Feature","properties":{},"geometry":{"type":"LineString","coordinates":[[-93.80131,40.58355],[-93.80006,40.57325]]}},{"type":"Feature","properties":{},"geometry":{"type":"LineString","coordinates":[[-93.80005,40.58586],[-93.80131,40.58355]]}},{"type":"Feature","properties":{},"geometry":{"type":"LineString","coordinates":[[-93.79572,40.58968],[-93.80005,40.58586]]}},{"type":"Feature","properties":{},"geometry":{"type":"LineString","coordinates":[[-93.79226,40.59958],[-93.79572,40.58968]]}},{"type":"Feature","properties":{},"geometry":{"type":"LineString","coordinates":[[-93.7887,40.61278],[-93.79226,40.59958]]}},{"type":"Feature","properties":{},"geometry":{"type":"LineString","coordinates":[[-93.78689,40.61656],[-93.7887,40.61278]]}},{"type":"Feature","properties":{},"geometry":{"type":"LineString","coordinates":[[-93.78677,40.62294],[-93.78689,40.61656]]}},{"type":"Feature","properties":{},"geometry":{"type":"LineString","coordinates":[[-93.7947,40.64105],[-93.78677,40.62294]]}},{"type":"Feature","properties":{},"geometry":{"type":"LineString","coordinates":[[-93.80969,40.64385],[-93.7947,40.64105]]}},{"type":"Feature","properties":{},"geometry":{"type":"LineString","coordinates":[[-93.808,40.65355],[-93.81608,40.65218],[-93.80969,40.64385]]}},{"type":"Feature","properties":{},"geometry":{"type":"LineString","coordinates":[[-93.80751,40.65684],[-93.808,40.65355]]}},{"type":"Feature","properties":{},"geometry":{"type":"LineString","coordinates":[[-93.81031,40.6568],[-93.80751,40.65684]]}},{"type":"Feature","properties":{},"geometry":{"type":"LineString","coordinates":[[-93.82485,40.65628],[-93.81031,40.6568]]}},{"type":"Feature","properties":{},"geometry":{"type":"LineString","coordinates":[[-93.8293,40.65731],[-93.82485,40.65628]]}},{"type":"Feature","properties":{},"geometry":{"type":"LineString","coordinates":[[-93.83353,40.65605],[-93.8293,40.65731]]}},{"type":"Feature","properties":{},"geometry":{"type":"LineString","coordinates":[[-93.84534,40.65512],[-93.83353,40.65605]]}},{"type":"Feature","properties":{},"geometry":{"type":"LineString","coordinates":[[-93.86114,40.65986],[-93.84534,40.65512]]}},{"type":"Feature","properties":{},"geometry":{"type":"LineString","coordinates":[[-93.86075,40.66789],[-93.86114,40.65986]]}},{"type":"Feature","properties":{},"geometry":{"type":"LineString","coordinates":[[-93.86192,40.68448],[-93.85396,40.66736],[-93.86075,40.66789]]}},{"type":"Feature","properties":{},"geometry":{"type":"LineString","coordinates":[[-93.87689,40.68374],[-93.86192,40.68448]]}},{"type":"Feature","properties":{},"geometry":{"type":"LineString","coordinates":[[-93.88019,40.76458],[-93.88835,40.74929]]}},{"type":"Feature","properties":{},"geometry":{"type":"LineString","coordinates":[[-93.94744,40.81206],[-93.93178,40.80822]]}},{"type":"Feature","properties":{},"geometry":{"type":"LineString","coordinates":[[-94.11269,41.05657],[-94.11094,41.04808]]}},{"type":"Feature","properties":{},"geometry":{"type":"LineString","coordinates":[[-94.14766,41.125],[-94.14272,41.12134]]}},{"type":"Feature","properties":{},"geometry":{"type":"LineString","coordinates":[[-94.14981,41.14074],[-94.14766,41.125]]}},{"type":"Feature","properties":{},"geometry":{"type":"LineString","coordinates":[[-94.15581,41.14819],[-94.14981,41.14074]]}},{"type":"Feature","properties":{},"geometry":{"type":"LineString","coordinates":[[-94.1612,41.15434],[-94.15581,41.14819]]}},{"type":"Feature","properties":{},"geometry":{"type":"LineString","coordinates":[[-94.17119,41.15702],[-94.1612,41.15434]]}},{"type":"Feature","properties":{},"geometry":{"type":"LineString","coordinates":[[-91.08976,40.83089],[-91.09107,40.81975]]}},{"type":"Feature","properties":{},"geometry":{"type":"LineString","coordinates":[[-91.06849,40.86059],[-91.09844,40.83931]]}},{"type":"Feature","properties":{},"geometry":{"type":"LineString","coordinates":[[-91.08976,40.83089],[-91.09592,40.82451]]}},{"type":"Feature","properties":{},"geometry":{"type":"LineString","coordinates":[[-91.08896,40.83766],[-91.08976,40.83089]]}},{"type":"Feature","properties":{},"geometry":{"type":"LineString","coordinates":[[-91.07064,40.85055],[-91.07322,40.84961]]}},{"type":"Feature","properties":{},"geometry":{"type":"LineString","coordinates":[[-91.085,40.84227],[-91.08896,40.83766]]}},{"type":"Feature","properties":{},"geometry":{"type":"LineString","coordinates":[[-91.07322,40.84961],[-91.085,40.84227]]}},{"type":"Feature","properties":{},"geometry":{"type":"LineString","coordinates":[[-91.09107,40.81975],[-91.093,40.81845]]}},{"type":"Feature","properties":{},"geometry":{"type":"LineString","coordinates":[[-91.093,40.81845],[-91.09435,40.81653]]}},{"type":"Feature","properties":{},"geometry":{"type":"LineString","coordinates":[[-91.07021,40.84704],[-91.07044,40.84564]]}},{"type":"Feature","properties":{},"geometry":{"type":"LineString","coordinates":[[-91.07042,40.84952],[-91.07021,40.84704]]}},{"type":"Feature","properties":{},"geometry":{"type":"LineString","coordinates":[[-91.07064,40.85055],[-91.07042,40.84952]]}},{"type":"Feature","properties":{},"geometry":{"type":"LineString","coordinates":[[-91.06849,40.86059],[-91.07064,40.85055]]}},{"type":"Feature","properties":{},"geometry":{"type":"LineString","coordinates":[[-91.03797,40.87563],[-91.05465,40.87302],[-91.06849,40.86059]]}},{"type":"Feature","properties":{},"geometry":{"type":"LineString","coordinates":[[-91.34119,40.60744],[-91.36402,40.59365]]}},{"type":"Feature","properties":{},"geometry":{"type":"LineString","coordinates":[[-91.36402,40.59365],[-91.37381,40.58886]]}},{"type":"Feature","properties":{},"geometry":{"type":"LineString","coordinates":[[-91.09015,40.78505],[-91.10212,40.75594]]}},{"type":"Feature","properties":{},"geometry":{"type":"LineString","coordinates":[[-91.10212,40.75594],[-91.11354,40.73278]]}},{"type":"Feature","properties":{},"geometry":{"type":"LineString","coordinates":[[-91.40723,40.38174],[-91.41897,40.37866]]}},{"type":"Feature","properties":{},"geometry":{"type":"LineString","coordinates":[[-91.03574,40.87662],[-91.03797,40.87563]]}},{"type":"Feature","properties":{},"geometry":{"type":"LineString","coordinates":[[-91.37381,40.58886],[-91.37618,40.58605]]}},{"type":"Feature","properties":{},"geometry":{"type":"LineString","coordinates":[[-91.37838,40.58398],[-91.38289,40.57993]]}},{"type":"Feature","properties":{},"geometry":{"type":"LineString","coordinates":[[-91.37618,40.58605],[-91.37838,40.58398]]}},{"type":"Feature","properties":{},"geometry":{"type":"LineString","coordinates":[[-91.38429,40.57867],[-91.38662,40.57658]]}},{"type":"Feature","properties":{},"geometry":{"type":"LineString","coordinates":[[-91.38662,40.57658],[-91.38872,40.57515]]}},{"type":"Feature","properties":{},"geometry":{"type":"LineString","coordinates":[[-91.38872,40.57515],[-91.39486,40.57165]]}},{"type":"Feature","properties":{},"geometry":{"type":"LineString","coordinates":[[-91.39486,40.57165],[-91.40038,40.5685]]}},{"type":"Feature","properties":{},"geometry":{"type":"LineString","coordinates":[[-91.03009,40.88029],[-91.03054,40.87997]]}},{"type":"Feature","properties":{},"geometry":{"type":"LineString","coordinates":[[-91.02577,40.88347],[-91.03009,40.88029]]}},{"type":"Feature","properties":{},"geometry":{"type":"LineString","coordinates":[[-91.00015,40.90883],[-91.00508,40.90627]]}},{"type":"Feature","properties":{},"geometry":{"type":"LineString","coordinates":[[-91.00508,40.90627],[-91.02577,40.88347]]}},{"type":"Feature","properties":{},"geometry":{"type":"LineString","coordinates":[[-91.38289,40.57993],[-91.38429,40.57867]]}},{"type":"Feature","properties":{},"geometry":{"type":"LineString","coordinates":[[-91.16188,40.65027],[-91.17999,40.64211]]}},{"type":"Feature","properties":{},"geometry":{"type":"LineString","coordinates":[[-91.17999,40.64211],[-91.18261,40.64078]]}},{"type":"Feature","properties":{},"geometry":{"type":"LineString","coordinates":[[-91.11354,40.73278],[-91.11567,40.72856]]}},{"type":"Feature","properties":{},"geometry":{"type":"LineString","coordinates":[[-91.03797,40.87563],[-91.04665,40.8655]]}},{"type":"Feature","properties":{},"geometry":{"type":"LineString","coordinates":[[-90.9546,40.95142],[-90.9639,40.93684],[-90.9901,40.92231],[-90.98684,40.91253],[-91.00015,40.90883]]}},{"type":"Feature","properties":{},"geometry":{"type":"LineString","coordinates":[[-90.95046,40.96139],[-90.9546,40.95142]]}},{"type":"Feature","properties":{},"geometry":{"type":"LineString","coordinates":[[-90.98344,41.14595],[-90.98128,41.1417]]}},{"type":"Feature","properties":{},"geometry":{"type":"LineString","coordinates":[[-90.95629,41.03415],[-90.95839,41.02353]]}},{"type":"Feature","properties":{},"geometry":{"type":"LineString","coordinates":[[-90.96226,41.01921],[-90.96286,41.01882]]}},{"type":"Feature","properties":{},"geometry":{"type":"LineString","coordinates":[[-90.96538,41.03524],[-90.96406,41.03476]]}},{"type":"Feature","properties":{},"geometry":{"type":"LineString","coordinates":[[-90.96406,41.03476],[-90.96247,41.03028]]}},{"type":"Feature","properties":{},"geometry":{"type":"LineString","coordinates":[[-90.96247,41.03028],[-90.96047,41.02792]]}},{"type":"Feature","properties":{},"geometry":{"type":"LineString","coordinates":[[-90.96366,41.03501],[-90.96406,41.03476]]}},{"type":"Feature","properties":{},"geometry":{"type":"LineString","coordinates":[[-90.96058,41.03567],[-90.96247,41.03028]]}},{"type":"Feature","properties":{},"geometry":{"type":"LineString","coordinates":[[-90.95846,41.03138],[-90.96047,41.02792]]}},{"type":"Feature","properties":{},"geometry":{"type":"LineString","coordinates":[[-90.95669,41.01898],[-90.95648,41.01859]]}},{"type":"Feature","properties":{},"geometry":{"type":"LineString","coordinates":[[-90.96135,41.01731],[-90.96194,41.01204]]}},{"type":"Feature","properties":{},"geometry":{"type":"LineString","coordinates":[[-90.95839,41.02353],[-90.95817,41.01974]]}},{"type":"Feature","properties":{},"geometry":{"type":"LineString","coordinates":[[-90.95654,41.02022],[-90.95669,41.01898]]}},{"type":"Feature","properties":{},"geometry":{"type":"LineString","coordinates":[[-90.95817,41.01974],[-90.95669,41.01898]]}},{"type":"Feature","properties":{},"geometry":{"type":"LineString","coordinates":[[-90.96047,41.02792],[-90.96226,41.01921]]}},{"type":"Feature","properties":{},"geometry":{"type":"LineString","coordinates":[[-90.95817,41.01974],[-90.96135,41.01731]]}},{"type":"Feature","properties":{},"geometry":{"type":"LineString","coordinates":[[-90.96226,41.01921],[-90.96135,41.01731]]}},{"type":"Feature","properties":{},"geometry":{"type":"LineString","coordinates":[[-91.11769,40.71454],[-91.12018,40.70691]]}},{"type":"Feature","properties":{},"geometry":{"type":"LineString","coordinates":[[-91.19596,40.63628],[-91.2146,40.63873]]}},{"type":"Feature","properties":{},"geometry":{"type":"LineString","coordinates":[[-91.18261,40.64078],[-91.19596,40.63628]]}},{"type":"Feature","properties":{},"geometry":{"type":"LineString","coordinates":[[-92.04637,41.24124],[-92.03601,41.24107]]}},{"type":"Feature","properties":{},"geometry":{"type":"LineString","coordinates":[[-92.05874,41.23967],[-92.05522,41.2458],[-92.04637,41.24124]]}},{"type":"Feature","properties":{},"geometry":{"type":"LineString","coordinates":[[-92.06223,41.24164],[-92.05874,41.23967]]}},{"type":"Feature","properties":{},"geometry":{"type":"LineString","coordinates":[[-92.07165,41.24254],[-92.06834,41.24752],[-92.06223,41.24164]]}},{"type":"Feature","properties":{},"geometry":{"type":"LineString","coordinates":[[-92.07957,41.24014],[-92.07165,41.24254]]}},{"type":"Feature","properties":{},"geometry":{"type":"LineString","coordinates":[[-92.08417,41.23849],[-92.07957,41.24014]]}},{"type":"Feature","properties":{},"geometry":{"type":"LineString","coordinates":[[-92.10057,41.24037],[-92.08417,41.23849]]}},{"type":"Feature","properties":{},"geometry":{"type":"LineString","coordinates":[[-92.10424,41.23843],[-92.10057,41.24037]]}},{"type":"Feature","properties":{},"geometry":{"type":"LineString","coordinates":[[-92.12336,41.24026],[-92.10424,41.23843]]}},{"type":"Feature","properties":{},"geometry":{"type":"LineString","coordinates":[[-92.12664,41.24573],[-92.12336,41.24026]]}},{"type":"Feature","properties":{},"geometry":{"type":"LineString","coordinates":[[-92.13039,41.24408],[-92.12664,41.24573]]}},{"type":"Feature","properties":{},"geometry":{"type":"LineString","coordinates":[[-92.13843,41.24408],[-92.13039,41.24408]]}},{"type":"Feature","properties":{},"geometry":{"type":"LineString","coordinates":[[-92.14228,41.24493],[-92.13843,41.24408]]}},{"type":"Feature","properties":{},"geometry":{"type":"LineString","coordinates":[[-92.15883,41.24351],[-92.14228,41.24493]]}},{"type":"Feature","properties":{},"geometry":{"type":"LineString","coordinates":[[-92.1658,41.2471],[-92.15883,41.24351]]}},{"type":"Feature","properties":{},"geometry":{"type":"LineString","coordinates":[[-92.17516,41.24325],[-92.1658,41.2471]]}},{"type":"Feature","properties":{},"geometry":{"type":"LineString","coordinates":[[-92.18295,41.23959],[-92.17516,41.24325]]}},{"type":"Feature","properties":{},"geometry":{"type":"LineString","coordinates":[[-92.20376,41.23102],[-92.18295,41.23959]]}},{"type":"Feature","properties":{},"geometry":{"type":"LineString","coordinates":[[-92.20928,41.23019],[-92.20376,41.23102]]}},{"type":"Feature","properties":{},"geometry":{"type":"LineString","coordinates":[[-92.21886,41.23519],[-92.20928,41.23019]]}},{"type":"Feature","properties":{},"geometry":{"type":"LineString","coordinates":[[-92.22344,41.23464],[-92.21886,41.23519]]}},{"type":"Feature","properties":{},"geometry":{"type":"LineString","coordinates":[[-92.22759,41.23532],[-92.22344,41.23464]]}},{"type":"Feature","properties":{},"geometry":{"type":"LineString","coordinates":[[-92.22826,41.2356],[-92.22759,41.23532]]}},{"type":"Feature","properties":{},"geometry":{"type":"LineString","coordinates":[[-92.241,41.24012],[-92.22826,41.2356]]}},{"type":"Feature","properties":{},"geometry":{"type":"LineString","coordinates":[[-92.24401,41.2451],[-92.241,41.24012]]}},{"type":"Feature","properties":{},"geometry":{"type":"LineString","coordinates":[[-92.24019,41.24698],[-92.24401,41.2451]]}},{"type":"Feature","properties":{},"geometry":{"type":"LineString","coordinates":[[-92.24431,41.24597],[-92.24019,41.24698]]}},{"type":"Feature","properties":{},"geometry":{"type":"LineString","coordinates":[[-92.25042,41.24525],[-92.24431,41.24597]]}},{"type":"Feature","properties":{},"geometry":{"type":"LineString","coordinates":[[-92.26248,41.24636],[-92.25042,41.24525]]}},{"type":"Feature","properties":{},"geometry":{"type":"LineString","coordinates":[[-92.25728,41.2411],[-92.26248,41.24636]]}},{"type":"Feature","properties":{},"geometry":{"type":"LineString","coordinates":[[-92.2822,41.237],[-92.25728,41.2411]]}},{"type":"Feature","properties":{},"geometry":{"type":"LineString","coordinates":[[-92.28963,41.23392],[-92.2822,41.237]]}},{"type":"Feature","properties":{},"geometry":{"type":"LineString","coordinates":[[-92.30508,41.23946],[-92.28963,41.23392]]}},{"type":"Feature","properties":{},"geometry":{"type":"LineString","coordinates":[[-92.30116,41.24488],[-92.30508,41.23946]]}},{"type":"Feature","properties":{},"geometry":{"type":"LineString","coordinates":[[-92.31865,41.25734],[-92.31505,41.2453],[-92.30116,41.24488]]}},{"type":"Feature","properties":{},"geometry":{"type":"LineString","coordinates":[[-92.32447,41.26462],[-92.31865,41.25734]]}},{"type":"Feature","properties":{},"geometry":{"type":"LineString","coordinates":[[-92.33186,41.26588],[-92.32447,41.26462]]}},{"type":"Feature","properties":{},"geometry":{"type":"LineString","coordinates":[[-92.33963,41.26545],[-92.33186,41.26588]]}},{"type":"Feature","properties":{},"geometry":{"type":"LineString","coordinates":[[-92.34454,41.26394],[-92.33963,41.26545]]}},{"type":"Feature","properties":{},"geometry":{"type":"LineString","coordinates":[[-92.34769,41.26318],[-92.34454,41.26394]]}},{"type":"Feature","properties":{},"geometry":{"type":"LineString","coordinates":[[-92.36364,41.26087],[-92.34769,41.26318]]}},{"type":"Feature","properties":{},"geometry":{"type":"LineString","coordinates":[[-92.38544,41.26627],[-92.36364,41.26087]]}},{"type":"Feature","properties":{},"geometry":{"type":"LineString","coordinates":[[-92.38708,41.26536],[-92.38544,41.26627]]}},{"type":"Feature","properties":{},"geometry":{"type":"LineString","coordinates":[[-92.40661,41.2675],[-92.38708,41.26536]]}},{"type":"Feature","properties":{},"geometry":{"type":"LineString","coordinates":[[-92.42762,41.26805],[-92.40661,41.2675]]}},{"type":"Feature","properties":{},"geometry":{"type":"LineString","coordinates":[[-92.42902,41.26821],[-92.42762,41.26805]]}},{"type":"Feature","properties":{},"geometry":{"type":"LineString","coordinates":[[-92.43915,41.27246],[-92.42902,41.26821]]}},{"type":"Feature","properties":{},"geometry":{"type":"LineString","coordinates":[[-92.44099,41.28794],[-92.43915,41.27246]]}},{"type":"Feature","properties":{},"geometry":{"type":"LineString","coordinates":[[-92.44111,41.28961],[-92.44099,41.28794]]}},{"type":"Feature","properties":{},"geometry":{"type":"LineString","coordinates":[[-92.44305,41.29236],[-92.44111,41.28961]]}},{"type":"Feature","properties":{},"geometry":{"type":"LineString","coordinates":[[-92.44575,41.29313],[-92.44305,41.29236]]}},{"type":"Feature","properties":{},"geometry":{"type":"LineString","coordinates":[[-92.47006,41.2998],[-92.44575,41.29313]]}},{"type":"Feature","properties":{},"geometry":{"type":"LineString","coordinates":[[-92.4798,41.30167],[-92.47006,41.2998]]}},{"type":"Feature","properties":{},"geometry":{"type":"LineString","coordinates":[[-92.49106,41.30264],[-92.4798,41.30167]]}},{"type":"Feature","properties":{},"geometry":{"type":"LineString","coordinates":[[-92.49671,41.30307],[-92.49106,41.30264]]}},{"type":"Feature","properties":{},"geometry":{"type":"LineString","coordinates":[[-92.49716,41.30309],[-92.49671,41.30307]]}},{"type":"Feature","properties":{},"geometry":{"type":"LineString","coordinates":[[-92.50966,41.30561],[-92.49716,41.30309]]}},{"type":"Feature","properties":{},"geometry":{"type":"LineString","coordinates":[[-92.51671,41.31454],[-92.50966,41.30561]]}},{"type":"Feature","properties":{},"geometry":{"type":"LineString","coordinates":[[-92.51835,41.31511],[-92.51671,41.31454]]}},{"type":"Feature","properties":{},"geometry":{"type":"LineString","coordinates":[[-92.52967,41.31782],[-92.51835,41.31511]]}},{"type":"Feature","properties":{},"geometry":{"type":"LineString","coordinates":[[-92.53258,41.31858],[-92.52967,41.31782]]}},{"type":"Feature","properties":{},"geometry":{"type":"LineString","coordinates":[[-92.54143,41.32252],[-92.53258,41.31858]]}},{"type":"Feature","properties":{},"geometry":{"type":"LineString","coordinates":[[-92.54247,41.32275],[-92.54143,41.32252]]}},{"type":"Feature","properties":{},"geometry":{"type":"LineString","coordinates":[[-92.54908,41.32289],[-92.54247,41.32275]]}},{"type":"Feature","properties":{},"geometry":{"type":"LineString","coordinates":[[-92.56871,41.32833],[-92.54908,41.32289]]}},{"type":"Feature","properties":{},"geometry":{"type":"LineString","coordinates":[[-92.57457,41.33405],[-92.56871,41.32833]]}},{"type":"Feature","properties":{},"geometry":{"type":"LineString","coordinates":[[-92.57869,41.33668],[-92.57457,41.33405]]}},{"type":"Feature","properties":{},"geometry":{"type":"LineString","coordinates":[[-92.58789,41.3384],[-92.57869,41.33668]]}},{"type":"Feature","properties":{},"geometry":{"type":"LineString","coordinates":[[-92.58886,41.33854],[-92.58789,41.3384]]}},{"type":"Feature","properties":{},"geometry":{"type":"LineString","coordinates":[[-92.60094,41.34479],[-92.58886,41.33854]]}},{"type":"Feature","properties":{},"geometry":{"type":"LineString","coordinates":[[-92.60504,41.34726],[-92.60094,41.34479]]}},{"type":"Feature","properties":{},"geometry":{"type":"LineString","coordinates":[[-92.60859,41.34932],[-92.60504,41.34726]]}},{"type":"Feature","properties":{},"geometry":{"type":"LineString","coordinates":[[-92.62046,41.35289],[-92.60859,41.34932]]}},{"type":"Feature","properties":{},"geometry":{"type":"LineString","coordinates":[[-92.62274,41.3533],[-92.62046,41.35289]]}},{"type":"Feature","properties":{},"geometry":{"type":"LineString","coordinates":[[-92.63643,41.35538],[-92.62274,41.3533]]}},{"type":"Feature","properties":{},"geometry":{"type":"LineString","coordinates":[[-92.64251,41.3563],[-92.63643,41.35538]]}},{"type":"Feature","properties":{},"geometry":{"type":"LineString","coordinates":[[-92.64979,41.35492],[-92.64251,41.3563]]}},{"type":"Feature","properties":{},"geometry":{"type":"LineString","coordinates":[[-92.66355,41.3565],[-92.64979,41.35492]]}},{"type":"Feature","properties":{},"geometry":{"type":"LineString","coordinates":[[-92.66835,41.35961],[-92.66355,41.3565]]}},{"type":"Feature","properties":{},"geometry":{"type":"LineString","coordinates":[[-92.67543,41.36658],[-92.66835,41.35961]]}},{"type":"Feature","properties":{},"geometry":{"type":"LineString","coordinates":[[-92.69737,41.37501],[-92.67543,41.36658]]}},{"type":"Feature","properties":{},"geometry":{"type":"LineString","coordinates":[[-92.70493,41.37681],[-92.69737,41.37501]]}},{"type":"Feature","properties":{},"geometry":{"type":"LineString","coordinates":[[-92.70849,41.3777],[-92.70493,41.37681]]}},{"type":"Feature","properties":{},"geometry":{"type":"LineString","coordinates":[[-92.71693,41.379],[-92.70849,41.3777]]}},{"type":"Feature","properties":{},"geometry":{"type":"LineString","coordinates":[[-92.7234,41.379],[-92.71693,41.379]]}},{"type":"Feature","properties":{},"geometry":{"type":"LineString","coordinates":[[-92.72438,41.37895],[-92.7234,41.379]]}},{"type":"Feature","properties":{},"geometry":{"type":"LineString","coordinates":[[-92.72924,41.37895],[-92.72438,41.37895]]}},{"type":"Feature","properties":{},"geometry":{"type":"LineString","coordinates":[[-92.73349,41.37903],[-92.72924,41.37895]]}},{"type":"Feature","properties":{},"geometry":{"type":"LineString","coordinates":[[-92.74054,41.38257],[-92.73349,41.37903]]}},{"type":"Feature","properties":{},"geometry":{"type":"LineString","coordinates":[[-92.7424,41.38625],[-92.74054,41.38257]]}},{"type":"Feature","properties":{},"geometry":{"type":"LineString","coordinates":[[-92.74468,41.38858],[-92.7424,41.38625]]}},{"type":"Feature","properties":{},"geometry":{"type":"LineString","coordinates":[[-92.7537,41.39531],[-92.74468,41.38858]]}},{"type":"Feature","properties":{},"geometry":{"type":"LineString","coordinates":[[-92.77945,41.40464],[-92.7537,41.39531]]}},{"type":"Feature","properties":{},"geometry":{"type":"LineString","coordinates":[[-92.78984,41.40577],[-92.77945,41.40464]]}},{"type":"Feature","properties":{},"geometry":{"type":"LineString","coordinates":[[-92.79525,41.40619],[-92.78984,41.40577]]}},{"type":"Feature","properties":{},"geometry":{"type":"LineString","coordinates":[[-92.79856,41.40747],[-92.79525,41.40619]]}},{"type":"Feature","properties":{},"geometry":{"type":"LineString","coordinates":[[-92.8002,41.41001],[-92.79856,41.40747]]}},{"type":"Feature","properties":{},"geometry":{"type":"LineString","coordinates":[[-92.80089,41.42113],[-92.8002,41.41001]]}},{"type":"Feature","properties":{},"geometry":{"type":"LineString","coordinates":[[-92.80237,41.42958],[-92.80089,41.42113]]}},{"type":"Feature","properties":{},"geometry":{"type":"LineString","coordinates":[[-92.80765,41.43672],[-92.80237,41.42958]]}},{"type":"Feature","properties":{},"geometry":{"type":"LineString","coordinates":[[-92.81962,41.44182],[-92.80765,41.43672]]}},{"type":"Feature","properties":{},"geometry":{"type":"LineString","coordinates":[[-92.84154,41.45599],[-92.81962,41.44182]]}},{"type":"Feature","properties":{},"geometry":{"type":"LineString","coordinates":[[-92.85422,41.46453],[-92.84154,41.45599]]}},{"type":"Feature","properties":{},"geometry":{"type":"LineString","coordinates":[[-92.87131,41.46389],[-92.85422,41.46453]]}},{"type":"Feature","properties":{},"geometry":{"type":"LineString","coordinates":[[-92.87545,41.46378],[-92.87131,41.46389]]}},{"type":"Feature","properties":{},"geometry":{"type":"LineString","coordinates":[[-92.90526,41.46881],[-92.90179,41.46254],[-92.87545,41.46378]]}},{"type":"Feature","properties":{},"geometry":{"type":"LineString","coordinates":[[-92.9048,41.47574],[-92.90526,41.46881]]}},{"type":"Feature","properties":{},"geometry":{"type":"LineString","coordinates":[[-92.90417,41.49313],[-92.9048,41.47574]]}},{"type":"Feature","properties":{},"geometry":{"type":"LineString","coordinates":[[-92.90925,41.4953],[-92.90417,41.49313]]}},{"type":"Feature","properties":{},"geometry":{"type":"LineString","coordinates":[[-92.91084,41.49557],[-92.90925,41.4953]]}},{"type":"Feature","properties":{},"geometry":{"type":"LineString","coordinates":[[-92.9305,41.49817],[-92.91084,41.49557]]}},{"type":"Feature","properties":{},"geometry":{"type":"LineString","coordinates":[[-92.93342,41.49842],[-92.9305,41.49817]]}},{"type":"Feature","properties":{},"geometry":{"type":"LineString","coordinates":[[-92.93515,41.49863],[-92.93342,41.49842]]}},{"type":"Feature","properties":{},"geometry":{"type":"LineString","coordinates":[[-92.94937,41.50002],[-92.94937,41.50002]]}},{"type":"Feature","properties":{},"geometry":{"type":"LineString","coordinates":[[-92.95631,41.50127],[-92.94937,41.50002]]}},{"type":"Feature","properties":{},"geometry":{"type":"LineString","coordinates":[[-92.94937,41.50002],[-92.93515,41.49863]]}},{"type":"Feature","properties":{},"geometry":{"type":"LineString","coordinates":[[-92.96249,41.50559],[-92.95631,41.50127]]}},{"type":"Feature","properties":{},"geometry":{"type":"LineString","coordinates":[[-92.96597,41.51291],[-92.96249,41.50559]]}},{"type":"Feature","properties":{},"geometry":{"type":"LineString","coordinates":[[-92.96707,41.51476],[-92.96597,41.51291]]}},{"type":"Feature","properties":{},"geometry":{"type":"LineString","coordinates":[[-92.97076,41.52132],[-92.96707,41.51476]]}},{"type":"Feature","properties":{},"geometry":{"type":"LineString","coordinates":[[-92.97241,41.5239],[-92.97076,41.52132]]}},{"type":"Feature","properties":{},"geometry":{"type":"LineString","coordinates":[[-92.98516,41.53606],[-92.97241,41.5239]]}},{"type":"Feature","properties":{},"geometry":{"type":"LineString","coordinates":[[-92.99618,41.53747],[-92.98516,41.53606]]}},{"type":"Feature","properties":{},"geometry":{"type":"LineString","coordinates":[[-93.03058,41.55043],[-93.02709,41.54436]]}},{"type":"Feature","properties":{},"geometry":{"type":"LineString","coordinates":[[-93.03065,41.55062],[-93.03058,41.55043]]}},{"type":"Feature","properties":{},"geometry":{"type":"LineString","coordinates":[[-93.03009,41.56542],[-93.03077,41.55097]]}},{"type":"Feature","properties":{},"geometry":{"type":"LineString","coordinates":[[-93.0399,41.57784],[-93.03009,41.56542]]}},{"type":"Feature","properties":{},"geometry":{"type":"LineString","coordinates":[[-93.03077,41.55097],[-93.03065,41.55062]]}},{"type":"Feature","properties":{},"geometry":{"type":"LineString","coordinates":[[-93.04986,41.58692],[-93.04284,41.5807]]}},{"type":"Feature","properties":{},"geometry":{"type":"LineString","coordinates":[[-93.04284,41.5807],[-93.0399,41.57784]]}},{"type":"Feature","properties":{},"geometry":{"type":"LineString","coordinates":[[-93.08322,41.61551],[-93.0819,41.61434]]}},{"type":"Feature","properties":{},"geometry":{"type":"LineString","coordinates":[[-93.08954,41.62062],[-93.08322,41.61551]]}},{"type":"Feature","properties":{},"geometry":{"type":"LineString","coordinates":[[-93.10907,41.63306],[-93.10314,41.62997]]}},{"type":"Feature","properties":{},"geometry":{"type":"LineString","coordinates":[[-93.13096,41.64527],[-93.11871,41.63855]]}},{"type":"Feature","properties":{},"geometry":{"type":"LineString","coordinates":[[-93.10287,41.62957],[-93.08954,41.62062]]}},{"type":"Feature","properties":{},"geometry":{"type":"LineString","coordinates":[[-93.11871,41.63855],[-93.10907,41.63306]]}},{"type":"Feature","properties":{},"geometry":{"type":"LineString","coordinates":[[-93.10314,41.62997],[-93.10287,41.62957]]}},{"type":"Feature","properties":{},"geometry":{"type":"LineString","coordinates":[[-93.15643,41.67119],[-93.15582,41.67034]]}},{"type":"Feature","properties":{},"geometry":{"type":"LineString","coordinates":[[-93.15373,41.66631],[-93.14662,41.65589]]}},{"type":"Feature","properties":{},"geometry":{"type":"LineString","coordinates":[[-93.15582,41.67034],[-93.15373,41.66631]]}},{"type":"Feature","properties":{},"geometry":{"type":"LineString","coordinates":[[-93.15777,41.67417],[-93.15643,41.67119]]}},{"type":"Feature","properties":{},"geometry":{"type":"LineString","coordinates":[[-93.16641,41.68053],[-93.15777,41.67417]]}},{"type":"Feature","properties":{},"geometry":{"type":"LineString","coordinates":[[-93.19395,41.69217],[-93.18418,41.6879]]}},{"type":"Feature","properties":{},"geometry":{"type":"LineString","coordinates":[[-93.19836,41.69437],[-93.19395,41.69217]]}},{"type":"Feature","properties":{},"geometry":{"type":"LineString","coordinates":[[-93.18418,41.6879],[-93.16641,41.68053]]}},{"type":"Feature","properties":{},"geometry":{"type":"LineString","coordinates":[[-93.20876,41.72112],[-93.19831,41.69471]]}},{"type":"Feature","properties":{},"geometry":{"type":"LineString","coordinates":[[-93.19831,41.69471],[-93.19823,41.69465]]}},{"type":"Feature","properties":{},"geometry":{"type":"LineString","coordinates":[[-93.19823,41.69465],[-93.19836,41.69437]]}},{"type":"Feature","properties":{},"geometry":{"type":"LineString","coordinates":[[-93.21041,41.72179],[-93.20876,41.72112]]}},{"type":"Feature","properties":{},"geometry":{"type":"LineString","coordinates":[[-93.22098,41.72725],[-93.21041,41.72179]]}},{"type":"Feature","properties":{},"geometry":{"type":"LineString","coordinates":[[-93.22218,41.732],[-93.22098,41.72725]]}},{"type":"Feature","properties":{},"geometry":{"type":"LineString","coordinates":[[-93.22246,41.73706],[-93.22218,41.732]]}},{"type":"Feature","properties":{},"geometry":{"type":"LineString","coordinates":[[-93.22424,41.7398],[-93.22246,41.73706]]}},{"type":"Feature","properties":{},"geometry":{"type":"LineString","coordinates":[[-93.22759,41.75315],[-93.22424,41.7398]]}},{"type":"Feature","properties":{},"geometry":{"type":"LineString","coordinates":[[-93.2282,41.75338],[-93.22759,41.75315]]}},{"type":"Feature","properties":{},"geometry":{"type":"LineString","coordinates":[[-93.24406,41.75718],[-93.2282,41.75338]]}},{"type":"Feature","properties":{},"geometry":{"type":"LineString","coordinates":[[-93.26399,41.76485],[-93.24406,41.75718]]}},{"type":"Feature","properties":{},"geometry":{"type":"LineString","coordinates":[[-93.33586,41.70816],[-93.32706,41.70308]]}},{"type":"Feature","properties":{},"geometry":{"type":"LineString","coordinates":[[-93.34672,41.71636],[-93.33949,41.71071]]}},{"type":"Feature","properties":{},"geometry":{"type":"LineString","coordinates":[[-93.34763,41.71701],[-93.34672,41.71636]]}},{"type":"Feature","properties":{},"geometry":{"type":"LineString","coordinates":[[-93.33949,41.71071],[-93.33586,41.70816]]}},{"type":"Feature","properties":{},"geometry":{"type":"LineString","coordinates":[[-93.37385,41.72677],[-93.37207,41.7258]]}},{"type":"Feature","properties":{},"geometry":{"type":"LineString","coordinates":[[-93.3847,41.73564],[-93.37385,41.72677]]}},{"type":"Feature","properties":{},"geometry":{"type":"LineString","coordinates":[[-93.3921,41.7417],[-93.3847,41.73564]]}},{"type":"Feature","properties":{},"geometry":{"type":"LineString","coordinates":[[-93.4047,41.75336],[-93.3921,41.7417]]}},{"type":"Feature","properties":{},"geometry":{"type":"LineString","coordinates":[[-93.40626,41.75455],[-93.4047,41.75336]]}},{"type":"Feature","properties":{},"geometry":{"type":"LineString","coordinates":[[-93.50358,41.84154],[-93.47959,41.81297]]}},{"type":"Feature","properties":{},"geometry":{"type":"LineString","coordinates":[[-93.50767,41.86116],[-93.50788,41.85984]]}},{"type":"Feature","properties":{},"geometry":{"type":"LineString","coordinates":[[-93.50788,41.85984],[-93.50902,41.85292]]}},{"type":"Feature","properties":{},"geometry":{"type":"LineString","coordinates":[[-93.50764,41.86135],[-93.50767,41.86116]]}},{"type":"Feature","properties":{},"geometry":{"type":"LineString","coordinates":[[-93.50758,41.86171],[-93.50764,41.86135]]}},{"type":"Feature","properties":{},"geometry":{"type":"LineString","coordinates":[[-93.50902,41.85292],[-93.50358,41.84154]]}},{"type":"Feature","properties":{},"geometry":{"type":"LineString","coordinates":[[-93.516,41.89194],[-93.50756,41.88071]]}},{"type":"Feature","properties":{},"geometry":{"type":"LineString","coordinates":[[-93.50756,41.88071],[-93.50691,41.87345]]}},{"type":"Feature","properties":{},"geometry":{"type":"LineString","coordinates":[[-93.50691,41.87345],[-93.50748,41.86233]]}},{"type":"Feature","properties":{},"geometry":{"type":"LineString","coordinates":[[-93.5167,41.89248],[-93.516,41.89194]]}},{"type":"Feature","properties":{},"geometry":{"type":"LineString","coordinates":[[-93.50748,41.86233],[-93.50758,41.86171]]}},{"type":"Feature","properties":{},"geometry":{"type":"LineString","coordinates":[[-93.51861,41.89763],[-93.51778,41.89525]]}},{"type":"Feature","properties":{},"geometry":{"type":"LineString","coordinates":[[-93.51778,41.89525],[-93.5167,41.89248]]}},{"type":"Feature","properties":{},"geometry":{"type":"LineString","coordinates":[[-92.52967,41.31782],[-92.51671,41.31454]]}},{"type":"Feature","properties":{},"geometry":{"type":"LineString","coordinates":[[-92.24431,41.24597],[-92.24401,41.2451]]}},{"type":"Feature","properties":{},"geometry":{"type":"LineString","coordinates":[[-92.241,41.24012],[-92.22759,41.23532]]}},{"type":"Feature","properties":{},"geometry":{"type":"LineString","coordinates":[[-92.07165,41.24254],[-92.06223,41.24164]]}},{"type":"Feature","properties":{},"geometry":{"type":"LineString","coordinates":[[-93.59575,42.01091],[-93.59164,42.00001]]}},{"type":"Feature","properties":{},"geometry":{"type":"LineString","coordinates":[[-93.59164,42.00001],[-93.58748,41.99456]]}},{"type":"Feature","properties":{},"geometry":{"type":"LineString","coordinates":[[-93.02709,41.54436],[-93.01955,41.5405]]}},{"type":"Feature","properties":{},"geometry":{"type":"LineString","coordinates":[[-93.01955,41.5405],[-93.01342,41.53968]]}},{"type":"Feature","properties":{},"geometry":{"type":"LineString","coordinates":[[-93.46775,41.79854],[-93.46538,41.79641]]}},{"type":"Feature","properties":{},"geometry":{"type":"LineString","coordinates":[[-93.58748,41.99456],[-93.5872,41.9868]]}},{"type":"Feature","properties":{},"geometry":{"type":"LineString","coordinates":[[-93.56539,41.96993],[-93.55133,41.95083]]}},{"type":"Feature","properties":{},"geometry":{"type":"LineString","coordinates":[[-93.58574,41.97917],[-93.56539,41.96993]]}},{"type":"Feature","properties":{},"geometry":{"type":"LineString","coordinates":[[-93.53569,41.92728],[-93.53466,41.9253]]}},{"type":"Feature","properties":{},"geometry":{"type":"LineString","coordinates":[[-93.06819,41.60244],[-93.06206,41.59736]]}},{"type":"Feature","properties":{},"geometry":{"type":"LineString","coordinates":[[-93.21408,41.69232],[-93.19836,41.69437]]}},{"type":"Feature","properties":{},"geometry":{"type":"LineString","coordinates":[[-93.00021,41.53795],[-92.99618,41.53747]]}},{"type":"Feature","properties":{},"geometry":{"type":"LineString","coordinates":[[-93.01342,41.53968],[-93.00021,41.53795]]}},{"type":"Feature","properties":{},"geometry":{"type":"LineString","coordinates":[[-93.0819,41.61434],[-93.06819,41.60244]]}},{"type":"Feature","properties":{},"geometry":{"type":"LineString","coordinates":[[-93.13273,41.64612],[-93.13096,41.64527]]}},{"type":"Feature","properties":{},"geometry":{"type":"LineString","coordinates":[[-93.14662,41.65589],[-93.13273,41.64612]]}},{"type":"Feature","properties":{},"geometry":{"type":"LineString","coordinates":[[-93.22476,41.68797],[-93.21661,41.6916]]}},{"type":"Feature","properties":{},"geometry":{"type":"LineString","coordinates":[[-93.25335,41.68111],[-93.24587,41.68148]]}},{"type":"Feature","properties":{},"geometry":{"type":"LineString","coordinates":[[-93.24587,41.68148],[-93.22476,41.68797]]}},{"type":"Feature","properties":{},"geometry":{"type":"LineString","coordinates":[[-93.26586,41.68112],[-93.25335,41.68111]]}},{"type":"Feature","properties":{},"geometry":{"type":"LineString","coordinates":[[-93.21661,41.6916],[-93.21408,41.69232]]}},{"type":"Feature","properties":{},"geometry":{"type":"LineString","coordinates":[[-93.26697,41.68084],[-93.26586,41.68112]]}},{"type":"Feature","properties":{},"geometry":{"type":"LineString","coordinates":[[-93.29126,41.68242],[-93.26697,41.68084]]}},{"type":"Feature","properties":{},"geometry":{"type":"LineString","coordinates":[[-93.34851,41.71737],[-93.3482,41.71741]]}},{"type":"Feature","properties":{},"geometry":{"type":"LineString","coordinates":[[-93.3482,41.71741],[-93.34763,41.71701]]}},{"type":"Feature","properties":{},"geometry":{"type":"LineString","coordinates":[[-93.37207,41.7258],[-93.34882,41.7176]]}},{"type":"Feature","properties":{},"geometry":{"type":"LineString","coordinates":[[-93.34882,41.7176],[-93.34851,41.71737]]}},{"type":"Feature","properties":{},"geometry":{"type":"LineString","coordinates":[[-93.4118,41.75953],[-93.40675,41.75487]]}},{"type":"Feature","properties":{},"geometry":{"type":"LineString","coordinates":[[-93.40675,41.75487],[-93.40626,41.75455]]}},{"type":"Feature","properties":{},"geometry":{"type":"LineString","coordinates":[[-93.43381,41.77653],[-93.4118,41.75953]]}},{"type":"Feature","properties":{},"geometry":{"type":"LineString","coordinates":[[-93.45788,41.79153],[-93.43381,41.77653]]}},{"type":"Feature","properties":{},"geometry":{"type":"LineString","coordinates":[[-93.46538,41.79641],[-93.45788,41.79153]]}},{"type":"Feature","properties":{},"geometry":{"type":"LineString","coordinates":[[-93.52803,41.91587],[-93.52315,41.90837]]}},{"type":"Feature","properties":{},"geometry":{"type":"LineString","coordinates":[[-93.53466,41.9253],[-93.52882,41.91618]]}},{"type":"Feature","properties":{},"geometry":{"type":"LineString","coordinates":[[-93.52315,41.90837],[-93.51861,41.89763]]}},{"type":"Feature","properties":{},"geometry":{"type":"LineString","coordinates":[[-93.52882,41.91618],[-93.52803,41.91587]]}},{"type":"Feature","properties":{},"geometry":{"type":"LineString","coordinates":[[-93.54383,41.93972],[-93.54332,41.93886]]}},{"type":"Feature","properties":{},"geometry":{"type":"LineString","coordinates":[[-93.54332,41.93886],[-93.54167,41.93608]]}},{"type":"Feature","properties":{},"geometry":{"type":"LineString","coordinates":[[-93.54167,41.93608],[-93.53569,41.92728]]}},{"type":"Feature","properties":{},"geometry":{"type":"LineString","coordinates":[[-93.5872,41.9868],[-93.58574,41.97917]]}},{"type":"Feature","properties":{},"geometry":{"type":"LineString","coordinates":[[-93.47959,41.81297],[-93.46775,41.79854]]}},{"type":"Feature","properties":{},"geometry":{"type":"LineString","coordinates":[[-93.55133,41.95083],[-93.54383,41.93972]]}},{"type":"Feature","properties":{},"geometry":{"type":"LineString","coordinates":[[-93.06206,41.59736],[-93.05938,41.59514]]}},{"type":"Feature","properties":{},"geometry":{"type":"LineString","coordinates":[[-93.05938,41.59514],[-93.0581,41.59408]]}},{"type":"Feature","properties":{},"geometry":{"type":"LineString","coordinates":[[-93.05608,41.59233],[-93.04986,41.58692]]}},{"type":"Feature","properties":{},"geometry":{"type":"LineString","coordinates":[[-93.05806,41.59404],[-93.05608,41.59233]]}},{"type":"Feature","properties":{},"geometry":{"type":"LineString","coordinates":[[-93.0581,41.59408],[-93.05806,41.59404]]}},{"type":"Feature","properties":{},"geometry":{"type":"LineString","coordinates":[[-93.32706,41.70308],[-93.29475,41.68463]]}},{"type":"Feature","properties":{},"geometry":{"type":"LineString","coordinates":[[-93.29475,41.68463],[-93.29126,41.68242]]}},{"type":"Feature","properties":{},"geometry":{"type":"LineString","coordinates":[[-92.03601,41.24107],[-92.02703,41.24884]]}},{"type":"Feature","properties":{},"geometry":{"type":"LineString","coordinates":[[-92.04497,41.25955],[-92.02703,41.24884]]}},{"type":"Feature","properties":{},"geometry":{"type":"LineString","coordinates":[[-92.04742,41.25898],[-92.04497,41.25955]]}},{"type":"Feature","properties":{},"geometry":{"type":"LineString","coordinates":[[-92.05545,41.2639],[-92.04742,41.25898]]}},{"type":"Feature","properties":{},"geometry":{"type":"LineString","coordinates":[[-92.06139,41.27159],[-92.05545,41.2639]]}},{"type":"Feature","properties":{},"geometry":{"type":"LineString","coordinates":[[-92.07952,41.27471],[-92.06139,41.27159]]}},{"type":"Feature","properties":{},"geometry":{"type":"LineString","coordinates":[[-92.07927,41.28206],[-92.07952,41.27471]]}},{"type":"Feature","properties":{},"geometry":{"type":"LineString","coordinates":[[-92.08382,41.28089],[-92.07927,41.28206]]}},{"type":"Feature","properties":{},"geometry":{"type":"LineString","coordinates":[[-92.08964,41.28012],[-92.08382,41.28089]]}},{"type":"Feature","properties":{},"geometry":{"type":"LineString","coordinates":[[-92.10029,41.27891],[-92.08964,41.28012]]}},{"type":"Feature","properties":{},"geometry":{"type":"LineString","coordinates":[[-92.10032,41.28362],[-92.10029,41.27891]]}},{"type":"Feature","properties":{},"geometry":{"type":"LineString","coordinates":[[-92.11115,41.28758],[-92.10032,41.28362]]}},{"type":"Feature","properties":{},"geometry":{"type":"LineString","coordinates":[[-92.11742,41.28961],[-92.11115,41.28758]]}},{"type":"Feature","properties":{},"geometry":{"type":"LineString","coordinates":[[-92.12798,41.28751],[-92.11742,41.28961]]}},{"type":"Feature","properties":{},"geometry":{"type":"LineString","coordinates":[[-92.12968,41.29106],[-92.12798,41.28751]]}},{"type":"Feature","properties":{},"geometry":{"type":"LineString","coordinates":[[-92.16468,41.29],[-92.15182,41.29888],[-92.12968,41.29106]]}},{"type":"Feature","properties":{},"geometry":{"type":"LineString","coordinates":[[-92.16894,41.30178],[-92.16468,41.29]]}},{"type":"Feature","properties":{},"geometry":{"type":"LineString","coordinates":[[-92.17558,41.30528],[-92.16894,41.30178]]}},{"type":"Feature","properties":{},"geometry":{"type":"LineString","coordinates":[[-92.17543,41.30866],[-92.17009,41.30633],[-92.17558,41.30528]]}},{"type":"Feature","properties":{},"geometry":{"type":"LineString","coordinates":[[-92.17783,41.30543],[-92.17543,41.30866]]}},{"type":"Feature","properties":{},"geometry":{"type":"LineString","coordinates":[[-92.19418,41.3063],[-92.17783,41.30543]]}},{"type":"Feature","properties":{},"geometry":{"type":"LineString","coordinates":[[-92.20016,41.30865],[-92.19418,41.3063]]}},{"type":"Feature","properties":{},"geometry":{"type":"LineString","coordinates":[[-92.20173,41.30062],[-92.20016,41.30865]]}},{"type":"Feature","properties":{},"geometry":{"type":"LineString","coordinates":[[-92.22098,41.30721],[-92.20173,41.30062]]}},{"type":"Feature","properties":{},"geometry":{"type":"LineString","coordinates":[[-92.23155,41.29728],[-92.22098,41.30721]]}},{"type":"Feature","properties":{},"geometry":{"type":"LineString","coordinates":[[-92.25245,41.28113],[-92.23155,41.29728]]}},{"type":"Feature","properties":{},"geometry":{"type":"LineString","coordinates":[[-92.25973,41.28189],[-92.25565,41.28712],[-92.25245,41.28113]]}},{"type":"Feature","properties":{},"geometry":{"type":"LineString","coordinates":[[-92.26037,41.28093],[-92.25973,41.28189]]}},{"type":"Feature","properties":{},"geometry":{"type":"LineString","coordinates":[[-92.27268,41.28172],[-92.26037,41.28093]]}},{"type":"Feature","properties":{},"geometry":{"type":"LineString","coordinates":[[-92.29139,41.28395],[-92.28064,41.29582],[-92.27318,41.29323],[-92.27841,41.28408],[-92.27268,41.28172]]}},{"type":"Feature","properties":{},"geometry":{"type":"LineString","coordinates":[[-92.30388,41.29302],[-92.29139,41.28395]]}},{"type":"Feature","properties":{},"geometry":{"type":"LineString","coordinates":[[-92.30475,41.29501],[-92.30388,41.29302]]}},{"type":"Feature","properties":{},"geometry":{"type":"LineString","coordinates":[[-92.32935,41.30216],[-92.30475,41.29501]]}},{"type":"Feature","properties":{},"geometry":{"type":"LineString","coordinates":[[-92.32962,41.30228],[-92.32935,41.30216]]}},{"type":"Feature","properties":{},"geometry":{"type":"LineString","coordinates":[[-92.33117,41.3026],[-92.32962,41.30228]]}},{"type":"Feature","properties":{},"geometry":{"type":"LineString","coordinates":[[-92.3481,41.30109],[-92.33117,41.3026]]}},{"type":"Feature","properties":{},"geometry":{"type":"LineString","coordinates":[[-92.34862,41.30301],[-92.3481,41.30109]]}},{"type":"Feature","properties":{},"geometry":{"type":"LineString","coordinates":[[-92.3616,41.30974],[-92.34862,41.30301]]}},{"type":"Feature","properties":{},"geometry":{"type":"LineString","coordinates":[[-92.36749,41.3102],[-92.3616,41.30974]]}},{"type":"Feature","properties":{},"geometry":{"type":"LineString","coordinates":[[-92.37853,41.31256],[-92.36749,41.3102]]}},{"type":"Feature","properties":{},"geometry":{"type":"LineString","coordinates":[[-92.38433,41.31855],[-92.37853,41.31256]]}},{"type":"Feature","properties":{},"geometry":{"type":"LineString","coordinates":[[-92.39319,41.32066],[-92.38433,41.31855]]}},{"type":"Feature","properties":{},"geometry":{"type":"LineString","coordinates":[[-92.39701,41.31951],[-92.39319,41.32066]]}},{"type":"Feature","properties":{},"geometry":{"type":"LineString","coordinates":[[-92.40503,41.32171],[-92.39701,41.31951]]}},{"type":"Feature","properties":{},"geometry":{"type":"LineString","coordinates":[[-92.40806,41.32527],[-92.40503,41.32171]]}},{"type":"Feature","properties":{},"geometry":{"type":"LineString","coordinates":[[-92.41243,41.32619],[-92.40806,41.32527]]}},{"type":"Feature","properties":{},"geometry":{"type":"LineString","coordinates":[[-92.43913,41.34105],[-92.43436,41.34601],[-92.42137,41.34009],[-92.41243,41.32619]]}},{"type":"Feature","properties":{},"geometry":{"type":"LineString","coordinates":[[-92.44128,41.34345],[-92.43913,41.34105]]}},{"type":"Feature","properties":{},"geometry":{"type":"LineString","coordinates":[[-92.43705,41.35706],[-92.44128,41.34345]]}},{"type":"Feature","properties":{},"geometry":{"type":"LineString","coordinates":[[-92.44297,41.36125],[-92.43705,41.35706]]}},{"type":"Feature","properties":{},"geometry":{"type":"LineString","coordinates":[[-92.44443,41.36424],[-92.44297,41.36125]]}},{"type":"Feature","properties":{},"geometry":{"type":"LineString","coordinates":[[-92.45752,41.38386],[-92.44443,41.36424]]}},{"type":"Feature","properties":{},"geometry":{"type":"LineString","coordinates":[[-92.45288,41.39245],[-92.45752,41.38386]]}},{"type":"Feature","properties":{},"geometry":{"type":"LineString","coordinates":[[-92.45914,41.39709],[-92.45288,41.39245]]}},{"type":"Feature","properties":{},"geometry":{"type":"LineString","coordinates":[[-92.46109,41.39848],[-92.45914,41.39709]]}},{"type":"Feature","properties":{},"geometry":{"type":"LineString","coordinates":[[-92.45986,41.41267],[-92.46109,41.39848]]}},{"type":"Feature","properties":{},"geometry":{"type":"LineString","coordinates":[[-92.47656,41.42146],[-92.46709,41.409],[-92.45986,41.41267]]}},{"type":"Feature","properties":{},"geometry":{"type":"LineString","coordinates":[[-92.48146,41.42443],[-92.47656,41.42146]]}},{"type":"Feature","properties":{},"geometry":{"type":"LineString","coordinates":[[-92.48484,41.43278],[-92.48146,41.42443]]}},{"type":"Feature","properties":{},"geometry":{"type":"LineString","coordinates":[[-92.50414,41.44745],[-92.48484,41.43278]]}},{"type":"Feature","properties":{},"geometry":{"type":"LineString","coordinates":[[-92.51454,41.44733],[-92.50414,41.44745]]}},{"type":"Feature","properties":{},"geometry":{"type":"LineString","coordinates":[[-92.53316,41.44515],[-92.52258,41.43857],[-92.51454,41.44733]]}},{"type":"Feature","properties":{},"geometry":{"type":"LineString","coordinates":[[-92.53345,41.45057],[-92.53316,41.44515]]}},{"type":"Feature","properties":{},"geometry":{"type":"LineString","coordinates":[[-92.55127,41.45351],[-92.53345,41.45057]]}},{"type":"Feature","properties":{},"geometry":{"type":"LineString","coordinates":[[-92.55887,41.4561],[-92.55127,41.45351]]}},{"type":"Feature","properties":{},"geometry":{"type":"LineString","coordinates":[[-92.57097,41.45764],[-92.55887,41.4561]]}},{"type":"Feature","properties":{},"geometry":{"type":"LineString","coordinates":[[-92.57264,41.45768],[-92.57097,41.45764]]}},{"type":"Feature","properties":{},"geometry":{"type":"LineString","coordinates":[[-92.58794,41.46396],[-92.57264,41.45768]]}},{"type":"Feature","properties":{},"geometry":{"type":"LineString","coordinates":[[-92.59207,41.46755],[-92.58794,41.46396]]}},{"type":"Feature","properties":{},"geometry":{"type":"LineString","coordinates":[[-92.59761,41.47142],[-92.59207,41.46755]]}},{"type":"Feature","properties":{},"geometry":{"type":"LineString","coordinates":[[-92.629,41.48675],[-92.6168,41.48028],[-92.6203,41.47213],[-92.59761,41.47142]]}},{"type":"Feature","properties":{},"geometry":{"type":"LineString","coordinates":[[-92.6342,41.49499],[-92.629,41.48675]]}},{"type":"Feature","properties":{},"geometry":{"type":"LineString","coordinates":[[-92.63402,41.50001],[-92.63402,41.50001]]}},{"type":"Feature","properties":{},"geometry":{"type":"LineString","coordinates":[[-92.63628,41.50325],[-92.63402,41.50001]]}},{"type":"Feature","properties":{},"geometry":{"type":"LineString","coordinates":[[-92.63402,41.50001],[-92.6342,41.49499]]}},{"type":"Feature","properties":{},"geometry":{"type":"LineString","coordinates":[[-92.64233,41.50558],[-92.63628,41.50325]]}},{"type":"Feature","properties":{},"geometry":{"type":"LineString","coordinates":[[-92.64839,41.50526],[-92.64233,41.50558]]}},{"type":"Feature","properties":{},"geometry":{"type":"LineString","coordinates":[[-92.65122,41.5088],[-92.64839,41.50526]]}},{"type":"Feature","properties":{},"geometry":{"type":"LineString","coordinates":[[-92.65895,41.51301],[-92.65122,41.5088]]}},{"type":"Feature","properties":{},"geometry":{"type":"LineString","coordinates":[[-92.65877,41.51676],[-92.65895,41.51301]]}},{"type":"Feature","properties":{},"geometry":{"type":"LineString","coordinates":[[-92.6788,41.5182],[-92.65877,41.51676]]}},{"type":"Feature","properties":{},"geometry":{"type":"LineString","coordinates":[[-92.67677,41.51959],[-92.6788,41.5182]]}},{"type":"Feature","properties":{},"geometry":{"type":"LineString","coordinates":[[-92.6838,41.52623],[-92.67677,41.51959]]}},{"type":"Feature","properties":{},"geometry":{"type":"LineString","coordinates":[[-92.68539,41.52764],[-92.6838,41.52623]]}},{"type":"Feature","properties":{},"geometry":{"type":"LineString","coordinates":[[-92.68487,41.5308],[-92.68539,41.52764]]}},{"type":"Feature","properties":{},"geometry":{"type":"LineString","coordinates":[[-92.69443,41.5281],[-92.68487,41.5308]]}},{"type":"Feature","properties":{},"geometry":{"type":"LineString","coordinates":[[-92.70137,41.52711],[-92.69443,41.5281]]}},{"type":"Feature","properties":{},"geometry":{"type":"LineString","coordinates":[[-92.70436,41.52848],[-92.70137,41.52711]]}},{"type":"Feature","properties":{},"geometry":{"type":"LineString","coordinates":[[-92.70939,41.53252],[-92.70436,41.52848]]}},{"type":"Feature","properties":{},"geometry":{"type":"LineString","coordinates":[[-92.71097,41.53351],[-92.70939,41.53252]]}},{"type":"Feature","properties":{},"geometry":{"type":"LineString","coordinates":[[-92.71652,41.53767],[-92.71097,41.53351]]}},{"type":"Feature","properties":{},"geometry":{"type":"LineString","coordinates":[[-92.7213,41.53876],[-92.71652,41.53767]]}},{"type":"Feature","properties":{},"geometry":{"type":"LineString","coordinates":[[-92.72218,41.53894],[-92.7213,41.53876]]}},{"type":"Feature","properties":{},"geometry":{"type":"LineString","coordinates":[[-92.73203,41.54305],[-92.72218,41.53894]]}},{"type":"Feature","properties":{},"geometry":{"type":"LineString","coordinates":[[-92.73736,41.54767],[-92.73203,41.54305]]}},{"type":"Feature","properties":{},"geometry":{"type":"LineString","coordinates":[[-92.71097,41.53351],[-92.70939,41.53252]]}},{"type":"Feature","properties":{},"geometry":{"type":"LineString","coordinates":[[-92.69443,41.5281],[-92.68539,41.52764]]}},{"type":"Feature","properties":{},"geometry":{"type":"LineString","coordinates":[[-92.64233,41.50558],[-92.63628,41.50325]]}},{"type":"Feature","properties":{},"geometry":{"type":"LineString","coordinates":[[-92.17783,41.30543],[-92.17558,41.30528]]}},{"type":"Feature","properties":{},"geometry":{"type":"LineString","coordinates":[[-91.16557,40.71988],[-91.13769,40.70017],[-91.11487,40.69809]]}},{"type":"Feature","properties":{},"geometry":{"type":"LineString","coordinates":[[-91.244,40.74805],[-91.23674,40.74134]]}},{"type":"Feature","properties":{},"geometry":{"type":"LineString","coordinates":[[-91.21606,40.73145],[-91.2122,40.72627]]}},{"type":"Feature","properties":{},"geometry":{"type":"LineString","coordinates":[[-91.17683,40.71776],[-91.16557,40.71988]]}},{"type":"Feature","properties":{},"geometry":{"type":"LineString","coordinates":[[-91.2295,40.73564],[-91.2245,40.73391]]}},{"type":"Feature","properties":{},"geometry":{"type":"LineString","coordinates":[[-91.2245,40.73391],[-91.21606,40.73145]]}},{"type":"Feature","properties":{},"geometry":{"type":"LineString","coordinates":[[-91.2122,40.72627],[-91.19046,40.71492],[-91.17683,40.71776]]}},{"type":"Feature","properties":{},"geometry":{"type":"LineString","coordinates":[[-91.23674,40.74134],[-91.2295,40.73564]]}},{"type":"Feature","properties":{},"geometry":{"type":"LineString","coordinates":[[-91.27519,40.75364],[-91.244,40.74805]]}},{"type":"Feature","properties":{},"geometry":{"type":"LineString","coordinates":[[-91.28286,40.75433],[-91.27519,40.75364]]}},{"type":"Feature","properties":{},"geometry":{"type":"LineString","coordinates":[[-91.28533,40.75891],[-91.28416,40.75766]]}},{"type":"Feature","properties":{},"geometry":{"type":"LineString","coordinates":[[-91.28416,40.75766],[-91.28286,40.75433]]}},{"type":"Feature","properties":{},"geometry":{"type":"LineString","coordinates":[[-91.34412,40.78569],[-91.34338,40.78593]]}},{"type":"Feature","properties":{},"geometry":{"type":"LineString","coordinates":[[-91.34338,40.78593],[-91.34073,40.7853]]}},{"type":"Feature","properties":{},"geometry":{"type":"LineString","coordinates":[[-91.32499,40.78049],[-91.31758,40.77861]]}},{"type":"Feature","properties":{},"geometry":{"type":"LineString","coordinates":[[-91.3021,40.77261],[-91.29139,40.77168],[-91.28533,40.75891]]}},{"type":"Feature","properties":{},"geometry":{"type":"LineString","coordinates":[[-91.32848,40.78196],[-91.32499,40.78049]]}},{"type":"Feature","properties":{},"geometry":{"type":"LineString","coordinates":[[-91.31758,40.77861],[-91.3021,40.77261]]}},{"type":"Feature","properties":{},"geometry":{"type":"LineString","coordinates":[[-91.34073,40.7853],[-91.33913,40.7851]]}},{"type":"Feature","properties":{},"geometry":{"type":"LineString","coordinates":[[-91.33913,40.7851],[-91.32848,40.78196]]}},{"type":"Feature","properties":{},"geometry":{"type":"LineString","coordinates":[[-91.35476,40.79305],[-91.34412,40.78569]]}},{"type":"Feature","properties":{},"geometry":{"type":"LineString","coordinates":[[-91.37664,40.79881],[-91.35476,40.79305]]}},{"type":"Feature","properties":{},"geometry":{"type":"LineString","coordinates":[[-91.38259,40.80104],[-91.38208,40.80062]]}},{"type":"Feature","properties":{},"geometry":{"type":"LineString","coordinates":[[-91.38208,40.80062],[-91.37664,40.79881]]}},{"type":"Feature","properties":{},"geometry":{"type":"LineString","coordinates":[[-91.41176,40.8149],[-91.38259,40.80104]]}},{"type":"Feature","properties":{},"geometry":{"type":"LineString","coordinates":[[-91.42278,40.82623],[-91.41176,40.8149]]}},{"type":"Feature","properties":{},"geometry":{"type":"LineString","coordinates":[[-91.45702,40.85226],[-91.4491,40.84702],[-91.45072,40.83568]]}},{"type":"Feature","properties":{},"geometry":{"type":"LineString","coordinates":[[-91.46672,40.85502],[-91.45702,40.85226]]}},{"type":"Feature","properties":{},"geometry":{"type":"LineString","coordinates":[[-91.45072,40.83568],[-91.44185,40.82571],[-91.42836,40.82884]]}},{"type":"Feature","properties":{},"geometry":{"type":"LineString","coordinates":[[-91.42836,40.82884],[-91.42278,40.82623]]}},{"type":"Feature","properties":{},"geometry":{"type":"LineString","coordinates":[[-91.47189,40.8542],[-91.46672,40.85502]]}},{"type":"Feature","properties":{},"geometry":{"type":"LineString","coordinates":[[-91.47887,40.84754],[-91.47189,40.8542]]}},{"type":"Feature","properties":{},"geometry":{"type":"LineString","coordinates":[[-91.5007,40.84027],[-91.49118,40.84892],[-91.47887,40.84754]]}},{"type":"Feature","properties":{},"geometry":{"type":"LineString","coordinates":[[-91.51774,40.84919],[-91.50624,40.84355]]}},{"type":"Feature","properties":{},"geometry":{"type":"LineString","coordinates":[[-91.50624,40.84355],[-91.5007,40.84027]]}},{"type":"Feature","properties":{},"geometry":{"type":"LineString","coordinates":[[-91.5846,40.90878],[-91.58174,40.90279]]}},{"type":"Feature","properties":{},"geometry":{"type":"LineString","coordinates":[[-91.61991,40.93642],[-91.5943,40.92628]]}},{"type":"Feature","properties":{},"geometry":{"type":"LineString","coordinates":[[-91.53562,40.87315],[-91.51805,40.85845],[-91.51774,40.84919]]}},{"type":"Feature","properties":{},"geometry":{"type":"LineString","coordinates":[[-91.5943,40.92628],[-91.5846,40.90878]]}},{"type":"Feature","properties":{},"geometry":{"type":"LineString","coordinates":[[-91.58174,40.90279],[-91.56837,40.90111]]}},{"type":"Feature","properties":{},"geometry":{"type":"LineString","coordinates":[[-91.56837,40.90111],[-91.54872,40.89345],[-91.53562,40.87315]]}},{"type":"Feature","properties":{},"geometry":{"type":"LineString","coordinates":[[-91.62442,40.94207],[-91.6241,40.94139]]}},{"type":"Feature","properties":{},"geometry":{"type":"LineString","coordinates":[[-91.64205,40.96829],[-91.62737,40.9584],[-91.62442,40.94207]]}},{"type":"Feature","properties":{},"geometry":{"type":"LineString","coordinates":[[-91.6241,40.94139],[-91.61991,40.93642]]}},{"type":"Feature","properties":{},"geometry":{"type":"LineString","coordinates":[[-91.67475,40.97169],[-91.65403,40.96642]]}},{"type":"Feature","properties":{},"geometry":{"type":"LineString","coordinates":[[-91.65255,40.995],[-91.66294,40.98241],[-91.68284,40.97773],[-91.67475,40.97169]]}},{"type":"Feature","properties":{},"geometry":{"type":"LineString","coordinates":[[-91.66272,41.00005],[-91.6544,40.99707]]}},{"type":"Feature","properties":{},"geometry":{"type":"LineString","coordinates":[[-91.6544,40.99707],[-91.65255,40.995]]}},{"type":"Feature","properties":{},"geometry":{"type":"LineString","coordinates":[[-91.66787,41.00484],[-91.66272,41.00005]]}},{"type":"Feature","properties":{},"geometry":{"type":"LineString","coordinates":[[-91.68512,41.00005],[-91.66787,41.00484]]}},{"type":"Feature","properties":{},"geometry":{"type":"LineString","coordinates":[[-91.70042,41.00005],[-91.69818,40.99165],[-91.68512,41.00005]]}},{"type":"Feature","properties":{},"geometry":{"type":"LineString","coordinates":[[-91.70286,41.00348],[-91.70042,41.00005]]}},{"type":"Feature","properties":{},"geometry":{"type":"LineString","coordinates":[[-91.73318,41.04841],[-91.71468,41.03713]]}},{"type":"Feature","properties":{},"geometry":{"type":"LineString","coordinates":[[-91.71468,41.03713],[-91.70528,41.03481]]}},{"type":"Feature","properties":{},"geometry":{"type":"LineString","coordinates":[[-91.70528,41.03481],[-91.70029,41.01023]]}},{"type":"Feature","properties":{},"geometry":{"type":"LineString","coordinates":[[-91.70029,41.01023],[-91.70286,41.00348]]}},{"type":"Feature","properties":{},"geometry":{"type":"LineString","coordinates":[[-91.73431,41.0565],[-91.73318,41.04841]]}},{"type":"Feature","properties":{},"geometry":{"type":"LineString","coordinates":[[-91.73944,41.06391],[-91.73431,41.0565]]}},{"type":"Feature","properties":{},"geometry":{"type":"LineString","coordinates":[[-91.72696,41.07228],[-91.73944,41.06391]]}},{"type":"Feature","properties":{},"geometry":{"type":"LineString","coordinates":[[-91.71594,41.09222],[-91.72377,41.0833]]}},{"type":"Feature","properties":{},"geometry":{"type":"LineString","coordinates":[[-91.72377,41.0833],[-91.72696,41.07228]]}},{"type":"Feature","properties":{},"geometry":{"type":"LineString","coordinates":[[-91.72117,41.12475],[-91.72379,41.11576]]}},{"type":"Feature","properties":{},"geometry":{"type":"LineString","coordinates":[[-91.72379,41.11576],[-91.7168,41.10922]]}},{"type":"Feature","properties":{},"geometry":{"type":"LineString","coordinates":[[-91.7168,41.10922],[-91.71879,41.10607]]}},{"type":"Feature","properties":{},"geometry":{"type":"LineString","coordinates":[[-91.71879,41.10607],[-91.71594,41.09222]]}},{"type":"Feature","properties":{},"geometry":{"type":"LineString","coordinates":[[-91.72157,41.13164],[-91.72117,41.12475]]}},{"type":"Feature","properties":{},"geometry":{"type":"LineString","coordinates":[[-91.7184,41.13636],[-91.72157,41.13164]]}},{"type":"Feature","properties":{},"geometry":{"type":"LineString","coordinates":[[-91.72521,41.15483],[-91.72498,41.14973]]}},{"type":"Feature","properties":{},"geometry":{"type":"LineString","coordinates":[[-91.72498,41.14973],[-91.71891,41.14282],[-91.72801,41.13843],[-91.7184,41.13636]]}},{"type":"Feature","properties":{},"geometry":{"type":"LineString","coordinates":[[-91.7192,41.15879],[-91.72521,41.15483]]}},{"type":"Feature","properties":{},"geometry":{"type":"LineString","coordinates":[[-91.72695,41.16495],[-91.7192,41.15879]]}},{"type":"Feature","properties":{},"geometry":{"type":"LineString","coordinates":[[-91.75029,41.18759],[-91.74399,41.18134],[-91.74912,41.17709]]}},{"type":"Feature","properties":{},"geometry":{"type":"LineString","coordinates":[[-91.74912,41.17709],[-91.73867,41.17687],[-91.73901,41.16522],[-91.72695,41.16495]]}},{"type":"Feature","properties":{},"geometry":{"type":"LineString","coordinates":[[-91.75954,41.19131],[-91.75029,41.18759]]}},{"type":"Feature","properties":{},"geometry":{"type":"LineString","coordinates":[[-91.82291,41.1997],[-91.80793,41.19526]]}},{"type":"Feature","properties":{},"geometry":{"type":"LineString","coordinates":[[-91.76678,41.19232],[-91.75954,41.19131]]}},{"type":"Feature","properties":{},"geometry":{"type":"LineString","coordinates":[[-91.80793,41.19526],[-91.80016,41.19245]]}},{"type":"Feature","properties":{},"geometry":{"type":"LineString","coordinates":[[-91.7712,41.19096],[-91.76678,41.19232]]}},{"type":"Feature","properties":{},"geometry":{"type":"LineString","coordinates":[[-91.80016,41.19245],[-91.79158,41.18801]]}},{"type":"Feature","properties":{},"geometry":{"type":"LineString","coordinates":[[-91.79158,41.18801],[-91.78341,41.18736]]}},{"type":"Feature","properties":{},"geometry":{"type":"LineString","coordinates":[[-91.78341,41.18736],[-91.7712,41.19096]]}},{"type":"Feature","properties":{},"geometry":{"type":"LineString","coordinates":[[-91.8298,41.20992],[-91.82291,41.1997]]}},{"type":"Feature","properties":{},"geometry":{"type":"LineString","coordinates":[[-91.82168,41.21287],[-91.8298,41.20992]]}},{"type":"Feature","properties":{},"geometry":{"type":"LineString","coordinates":[[-91.83355,41.22278],[-91.82168,41.21287]]}},{"type":"Feature","properties":{},"geometry":{"type":"LineString","coordinates":[[-91.83638,41.22624],[-91.83355,41.22278]]}},{"type":"Feature","properties":{},"geometry":{"type":"LineString","coordinates":[[-91.86991,41.22604],[-91.85392,41.23256]]}},{"type":"Feature","properties":{},"geometry":{"type":"LineString","coordinates":[[-91.85392,41.23256],[-91.84835,41.23212]]}},{"type":"Feature","properties":{},"geometry":{"type":"LineString","coordinates":[[-91.84458,41.23022],[-91.83638,41.22624]]}},{"type":"Feature","properties":{},"geometry":{"type":"LineString","coordinates":[[-91.87702,41.22956],[-91.86984,41.23187],[-91.87052,41.22653]]}},{"type":"Feature","properties":{},"geometry":{"type":"LineString","coordinates":[[-91.84835,41.23212],[-91.84458,41.23022]]}},{"type":"Feature","properties":{},"geometry":{"type":"LineString","coordinates":[[-91.89141,41.2258],[-91.87702,41.22956]]}},{"type":"Feature","properties":{},"geometry":{"type":"LineString","coordinates":[[-91.90255,41.22361],[-91.89141,41.2258]]}},{"type":"Feature","properties":{},"geometry":{"type":"LineString","coordinates":[[-91.87052,41.22653],[-91.86991,41.22604]]}},{"type":"Feature","properties":{},"geometry":{"type":"LineString","coordinates":[[-91.91675,41.22566],[-91.90255,41.22361]]}},{"type":"Feature","properties":{},"geometry":{"type":"LineString","coordinates":[[-91.91629,41.23249],[-91.91675,41.22566]]}},{"type":"Feature","properties":{},"geometry":{"type":"LineString","coordinates":[[-91.96782,41.24057],[-91.95798,41.23737]]}},{"type":"Feature","properties":{},"geometry":{"type":"LineString","coordinates":[[-91.95798,41.23737],[-91.94513,41.2379],[-91.95043,41.24163]]}},{"type":"Feature","properties":{},"geometry":{"type":"LineString","coordinates":[[-91.95043,41.24163],[-91.92752,41.23654]]}},{"type":"Feature","properties":{},"geometry":{"type":"LineString","coordinates":[[-91.92752,41.23654],[-91.91629,41.23249]]}},{"type":"Feature","properties":{},"geometry":{"type":"LineString","coordinates":[[-91.97154,41.25128],[-91.96782,41.24057]]}},{"type":"Feature","properties":{},"geometry":{"type":"LineString","coordinates":[[-91.98087,41.24916],[-91.97154,41.25128]]}},{"type":"Feature","properties":{},"geometry":{"type":"LineString","coordinates":[[-91.99738,41.2541],[-91.99351,41.26344],[-91.98087,41.24916]]}},{"type":"Feature","properties":{},"geometry":{"type":"LineString","coordinates":[[-92.00018,41.25041],[-91.99865,41.25057]]}},{"type":"Feature","properties":{},"geometry":{"type":"LineString","coordinates":[[-92.0009,41.25038],[-92.00018,41.25041]]}},{"type":"Feature","properties":{},"geometry":{"type":"LineString","coordinates":[[-91.99865,41.25057],[-91.99738,41.2541]]}},{"type":"Feature","properties":{},"geometry":{"type":"LineString","coordinates":[[-92.02454,41.24603],[-92.01017,41.25455],[-92.0009,41.25038]]}},{"type":"Feature","properties":{},"geometry":{"type":"LineString","coordinates":[[-92.02703,41.24884],[-92.02454,41.24603]]}},{"type":"Feature","properties":{},"geometry":{"type":"LineString","coordinates":[[-91.68205,40.96001],[-91.68616,40.96971],[-91.67536,40.97139]]}},{"type":"Feature","properties":{},"geometry":{"type":"LineString","coordinates":[[-91.6752,40.97138],[-91.67475,40.97169]]}},{"type":"Feature","properties":{},"geometry":{"type":"LineString","coordinates":[[-91.67536,40.97139],[-91.6752,40.97138]]}},{"type":"Feature","properties":{},"geometry":{"type":"LineString","coordinates":[[-91.67498,40.93796],[-91.68205,40.96001]]}},{"type":"Feature","properties":{},"geometry":{"type":"LineString","coordinates":[[-91.67391,40.92421],[-91.67498,40.93796]]}},{"type":"Feature","properties":{},"geometry":{"type":"LineString","coordinates":[[-91.67288,40.92019],[-91.67391,40.92421]]}},{"type":"Feature","properties":{},"geometry":{"type":"LineString","coordinates":[[-91.67731,40.90971],[-91.67288,40.92019]]}},{"type":"Feature","properties":{},"geometry":{"type":"LineString","coordinates":[[-91.6679,40.90388],[-91.67731,40.90971]]}},{"type":"Feature","properties":{},"geometry":{"type":"LineString","coordinates":[[-91.67136,40.89386],[-91.6679,40.90388]]}},{"type":"Feature","properties":{},"geometry":{"type":"LineString","coordinates":[[-91.67671,40.88214],[-91.67349,40.88956],[-91.67892,40.89012],[-91.67136,40.89386]]}},{"type":"Feature","properties":{},"geometry":{"type":"LineString","coordinates":[[-91.69196,40.86918],[-91.67562,40.87356],[-91.67671,40.88214]]}},{"type":"Feature","properties":{},"geometry":{"type":"LineString","coordinates":[[-91.70765,40.86513],[-91.69196,40.86918]]}},{"type":"Feature","properties":{},"geometry":{"type":"LineString","coordinates":[[-91.73994,40.88917],[-91.7126,40.88974],[-91.70538,40.87856],[-91.72295,40.87932],[-91.70504,40.87204],[-91.71624,40.86716],[-91.70765,40.86513]]}},{"type":"Feature","properties":{},"geometry":{"type":"LineString","coordinates":[[-91.76379,40.90243],[-91.75098,40.9018],[-91.75736,40.89016],[-91.73994,40.88917]]}},{"type":"Feature","properties":{},"geometry":{"type":"LineString","coordinates":[[-91.78367,40.89529],[-91.76379,40.90243]]}},{"type":"Feature","properties":{},"geometry":{"type":"LineString","coordinates":[[-91.78653,40.90236],[-91.78367,40.89529]]}},{"type":"Feature","properties":{},"geometry":{"type":"LineString","coordinates":[[-91.83233,40.90557],[-91.80205,40.9083],[-91.78792,40.89532],[-91.78653,40.90236]]}},{"type":"Feature","properties":{},"geometry":{"type":"LineString","coordinates":[[-91.83527,40.92133],[-91.8395,40.91337],[-91.83233,40.90557]]}},{"type":"Feature","properties":{},"geometry":{"type":"LineString","coordinates":[[-91.86369,40.91393],[-91.8553,40.90434],[-91.83527,40.92133]]}},{"type":"Feature","properties":{},"geometry":{"type":"LineString","coordinates":[[-91.8822,40.9113],[-91.86369,40.91393]]}},{"type":"Feature","properties":{},"geometry":{"type":"LineString","coordinates":[[-91.89761,40.91379],[-91.8822,40.9113]]}},{"type":"Feature","properties":{},"geometry":{"type":"LineString","coordinates":[[-91.90136,40.91612],[-91.89761,40.91379]]}},{"type":"Feature","properties":{},"geometry":{"type":"LineString","coordinates":[[-91.90271,40.9169],[-91.90136,40.91612]]}},{"type":"Feature","properties":{},"geometry":{"type":"LineString","coordinates":[[-91.9175,40.92447],[-91.90271,40.9169]]}},{"type":"Feature","properties":{},"geometry":{"type":"LineString","coordinates":[[-91.93398,40.93736],[-91.9175,40.92447]]}},{"type":"Feature","properties":{},"geometry":{"type":"LineString","coordinates":[[-91.93657,40.94006],[-91.93398,40.93736]]}},{"type":"Feature","properties":{},"geometry":{"type":"LineString","coordinates":[[-91.94164,40.94312],[-91.93657,40.94006]]}},{"type":"Feature","properties":{},"geometry":{"type":"LineString","coordinates":[[-91.95245,40.94483],[-91.94164,40.94312]]}},{"type":"Feature","properties":{},"geometry":{"type":"LineString","coordinates":[[-91.95411,40.94547],[-91.95245,40.94483]]}},{"type":"Feature","properties":{},"geometry":{"type":"LineString","coordinates":[[-91.97343,40.95193],[-91.95411,40.94547]]}},{"type":"Feature","properties":{},"geometry":{"type":"LineString","coordinates":[[-91.9763,40.95298],[-91.97343,40.95193]]}},{"type":"Feature","properties":{},"geometry":{"type":"LineString","coordinates":[[-91.97823,40.95355],[-91.9763,40.95298]]}},{"type":"Feature","properties":{},"geometry":{"type":"LineString","coordinates":[[-91.97977,40.95417],[-91.97823,40.95355]]}},{"type":"Feature","properties":{},"geometry":{"type":"LineString","coordinates":[[-91.99539,40.96198],[-91.97977,40.95417]]}},{"type":"Feature","properties":{},"geometry":{"type":"LineString","coordinates":[[-91.9944,40.96855],[-91.99539,40.96198]]}},{"type":"Feature","properties":{},"geometry":{"type":"LineString","coordinates":[[-91.99534,40.97253],[-91.9944,40.96855]]}},{"type":"Feature","properties":{},"geometry":{"type":"LineString","coordinates":[[-92.02203,40.99116],[-92.00018,40.97929]]}},{"type":"Feature","properties":{},"geometry":{"type":"LineString","coordinates":[[-92.00018,40.97929],[-91.99534,40.97253]]}},{"type":"Feature","properties":{},"geometry":{"type":"LineString","coordinates":[[-92.02867,40.9962],[-92.02203,40.99116]]}},{"type":"Feature","properties":{},"geometry":{"type":"LineString","coordinates":[[-92.05455,40.99714],[-92.02867,40.9962]]}},{"type":"Feature","properties":{},"geometry":{"type":"LineString","coordinates":[[-92.05593,40.99689],[-92.05455,40.99714]]}},{"type":"Feature","properties":{},"geometry":{"type":"LineString","coordinates":[[-92.08976,40.99656],[-92.05593,40.99689]]}},{"type":"Feature","properties":{},"geometry":{"type":"LineString","coordinates":[[-92.10954,40.99784],[-92.08976,40.99656]]}},{"type":"Feature","properties":{},"geometry":{"type":"LineString","coordinates":[[-92.11558,41.00003],[-92.10954,40.99784]]}},{"type":"Feature","properties":{},"geometry":{"type":"LineString","coordinates":[[-92.11607,41.00116],[-92.11558,41.00003]]}},{"type":"Feature","properties":{},"geometry":{"type":"LineString","coordinates":[[-92.1244,41.01687],[-92.11607,41.00116]]}},{"type":"Feature","properties":{},"geometry":{"type":"LineString","coordinates":[[-91.65403,40.96642],[-91.64205,40.96829]]}},{"type":"Feature","properties":{},"geometry":{"type":"LineString","coordinates":[[-92.46669,42.66967],[-92.47034,42.66375]]}},{"type":"Feature","properties":{},"geometry":{"type":"LineString","coordinates":[[-92.47034,42.66375],[-92.47,42.66304]]}},{"type":"Feature","properties":{},"geometry":{"type":"LineString","coordinates":[[-92.46359,42.66869],[-92.46669,42.66967]]}},{"type":"Feature","properties":{},"geometry":{"type":"LineString","coordinates":[[-92.45919,42.67416],[-92.46359,42.66869]]}},{"type":"Feature","properties":{},"geometry":{"type":"LineString","coordinates":[[-92.42399,42.67995],[-92.43932,42.66837],[-92.45919,42.67416]]}},{"type":"Feature","properties":{},"geometry":{"type":"LineString","coordinates":[[-92.42601,42.68996],[-92.42399,42.67995]]}},{"type":"Feature","properties":{},"geometry":{"type":"LineString","coordinates":[[-92.44117,42.69474],[-92.42601,42.68996]]}},{"type":"Feature","properties":{},"geometry":{"type":"LineString","coordinates":[[-92.44453,42.70146],[-92.44117,42.69474]]}},{"type":"Feature","properties":{},"geometry":{"type":"LineString","coordinates":[[-92.46031,42.72227],[-92.45434,42.7101],[-92.44327,42.7104],[-92.44453,42.70146]]}},{"type":"Feature","properties":{},"geometry":{"type":"LineString","coordinates":[[-92.46769,42.721],[-92.46031,42.72227]]}},{"type":"Feature","properties":{},"geometry":{"type":"LineString","coordinates":[[-92.47019,42.72103],[-92.46769,42.721]]}},{"type":"Feature","properties":{},"geometry":{"type":"LineString","coordinates":[[-92.47078,42.72579],[-92.47019,42.72103]]}},{"type":"Feature","properties":{},"geometry":{"type":"LineString","coordinates":[[-92.48334,42.75851],[-92.4838,42.75723]]}},{"type":"Feature","properties":{},"geometry":{"type":"LineString","coordinates":[[-92.4847,42.75972],[-92.48334,42.75851]]}},{"type":"Feature","properties":{},"geometry":{"type":"LineString","coordinates":[[-92.48316,42.76515],[-92.4847,42.75972]]}},{"type":"Feature","properties":{},"geometry":{"type":"LineString","coordinates":[[-92.49641,42.76022],[-92.48316,42.76515]]}},{"type":"Feature","properties":{},"geometry":{"type":"LineString","coordinates":[[-92.5025,42.76822],[-92.49641,42.76022]]}},{"type":"Feature","properties":{},"geometry":{"type":"LineString","coordinates":[[-92.51146,42.77641],[-92.5025,42.76822]]}},{"type":"Feature","properties":{},"geometry":{"type":"LineString","coordinates":[[-92.51307,42.78133],[-92.51146,42.77641]]}},{"type":"Feature","properties":{},"geometry":{"type":"LineString","coordinates":[[-92.5125,42.78428],[-92.51307,42.78133]]}},{"type":"Feature","properties":{},"geometry":{"type":"LineString","coordinates":[[-92.50491,42.79297],[-92.5125,42.78428]]}},{"type":"Feature","properties":{},"geometry":{"type":"LineString","coordinates":[[-92.50814,42.81113],[-92.50491,42.79297]]}},{"type":"Feature","properties":{},"geometry":{"type":"LineString","coordinates":[[-92.5057,42.81552],[-92.50814,42.81113]]}},{"type":"Feature","properties":{},"geometry":{"type":"LineString","coordinates":[[-92.50603,42.82197],[-92.5057,42.81552]]}},{"type":"Feature","properties":{},"geometry":{"type":"LineString","coordinates":[[-92.50681,42.82298],[-92.50603,42.82197]]}},{"type":"Feature","properties":{},"geometry":{"type":"LineString","coordinates":[[-92.50696,42.82438],[-92.50681,42.82298]]}},{"type":"Feature","properties":{},"geometry":{"type":"LineString","coordinates":[[-92.51844,42.83571],[-92.50696,42.82438]]}},{"type":"Feature","properties":{},"geometry":{"type":"LineString","coordinates":[[-92.52109,42.84829],[-92.51844,42.83571]]}},{"type":"Feature","properties":{},"geometry":{"type":"LineString","coordinates":[[-92.53505,42.86884],[-92.52109,42.84829]]}},{"type":"Feature","properties":{},"geometry":{"type":"LineString","coordinates":[[-92.53371,42.89091],[-92.53505,42.86884]]}},{"type":"Feature","properties":{},"geometry":{"type":"LineString","coordinates":[[-92.54572,42.89113],[-92.53999,42.88968]]}},{"type":"Feature","properties":{},"geometry":{"type":"LineString","coordinates":[[-92.53931,42.89238],[-92.53371,42.89091]]}},{"type":"Feature","properties":{},"geometry":{"type":"LineString","coordinates":[[-92.53999,42.88968],[-92.53992,42.88975]]}},{"type":"Feature","properties":{},"geometry":{"type":"LineString","coordinates":[[-92.53992,42.88975],[-92.53931,42.89238]]}},{"type":"Feature","properties":{},"geometry":{"type":"LineString","coordinates":[[-92.53188,42.90727],[-92.54572,42.89113]]}},{"type":"Feature","properties":{},"geometry":{"type":"LineString","coordinates":[[-92.54004,42.92054],[-92.54155,42.91272],[-92.53188,42.90727]]}},{"type":"Feature","properties":{},"geometry":{"type":"LineString","coordinates":[[-92.54147,42.92175],[-92.54004,42.92054]]}},{"type":"Feature","properties":{},"geometry":{"type":"LineString","coordinates":[[-92.52972,42.93812],[-92.52907,42.93037],[-92.54122,42.92278]]}},{"type":"Feature","properties":{},"geometry":{"type":"LineString","coordinates":[[-92.54122,42.92278],[-92.54147,42.92175]]}},{"type":"Feature","properties":{},"geometry":{"type":"LineString","coordinates":[[-92.53403,42.9443],[-92.52972,42.93812]]}},{"type":"Feature","properties":{},"geometry":{"type":"LineString","coordinates":[[-92.52917,42.9467],[-92.53403,42.9443]]}},{"type":"Feature","properties":{},"geometry":{"type":"LineString","coordinates":[[-92.52761,42.95052],[-92.52917,42.9467]]}},{"type":"Feature","properties":{},"geometry":{"type":"LineString","coordinates":[[-92.53293,42.9545],[-92.52761,42.95052]]}},{"type":"Feature","properties":{},"geometry":{"type":"LineString","coordinates":[[-92.57438,42.98792],[-92.566,42.97948]]}},{"type":"Feature","properties":{},"geometry":{"type":"LineString","coordinates":[[-92.59363,42.99999],[-92.57438,42.98792]]}},{"type":"Feature","properties":{},"geometry":{"type":"LineString","coordinates":[[-92.59575,43.00094],[-92.59363,42.99999]]}},{"type":"Feature","properties":{},"geometry":{"type":"LineString","coordinates":[[-92.59805,43.00339],[-92.59575,43.00094]]}},{"type":"Feature","properties":{},"geometry":{"type":"LineString","coordinates":[[-92.63483,43.02837],[-92.59805,43.00339]]}},{"type":"Feature","properties":{},"geometry":{"type":"LineString","coordinates":[[-92.63926,43.0337],[-92.63483,43.02837]]}},{"type":"Feature","properties":{},"geometry":{"type":"LineString","coordinates":[[-92.65124,43.0516],[-92.64119,43.04934],[-92.64674,43.04033],[-92.63926,43.0337]]}},{"type":"Feature","properties":{},"geometry":{"type":"LineString","coordinates":[[-92.6806,43.06619],[-92.66556,43.05805],[-92.66686,43.05206],[-92.65124,43.0516]]}},{"type":"Feature","properties":{},"geometry":{"type":"LineString","coordinates":[[-92.69591,43.08489],[-92.70034,43.08431]]}},{"type":"Feature","properties":{},"geometry":{"type":"LineString","coordinates":[[-92.69535,43.08489],[-92.69591,43.08489]]}},{"type":"Feature","properties":{},"geometry":{"type":"LineString","coordinates":[[-92.70531,43.0908],[-92.69535,43.08489]]}},{"type":"Feature","properties":{},"geometry":{"type":"LineString","coordinates":[[-92.71359,43.09825],[-92.70531,43.0908]]}},{"type":"Feature","properties":{},"geometry":{"type":"LineString","coordinates":[[-92.71329,43.10617],[-92.71359,43.09825]]}},{"type":"Feature","properties":{},"geometry":{"type":"LineString","coordinates":[[-92.71398,43.10633],[-92.71329,43.10617]]}},{"type":"Feature","properties":{},"geometry":{"type":"LineString","coordinates":[[-92.72054,43.11259],[-92.71398,43.10633]]}},{"type":"Feature","properties":{},"geometry":{"type":"LineString","coordinates":[[-92.70335,43.1223],[-92.72054,43.11259]]}},{"type":"Feature","properties":{},"geometry":{"type":"LineString","coordinates":[[-92.73585,43.13614],[-92.70335,43.1223]]}},{"type":"Feature","properties":{},"geometry":{"type":"LineString","coordinates":[[-92.75206,43.1517],[-92.73585,43.13614]]}},{"type":"Feature","properties":{},"geometry":{"type":"LineString","coordinates":[[-92.76043,43.16641],[-92.75319,43.16401],[-92.75206,43.1517]]}},{"type":"Feature","properties":{},"geometry":{"type":"LineString","coordinates":[[-92.76703,43.18202],[-92.76043,43.16641]]}},{"type":"Feature","properties":{},"geometry":{"type":"LineString","coordinates":[[-92.77804,43.17853],[-92.76703,43.18202]]}},{"type":"Feature","properties":{},"geometry":{"type":"LineString","coordinates":[[-92.78244,43.18228],[-92.77804,43.17853]]}},{"type":"Feature","properties":{},"geometry":{"type":"LineString","coordinates":[[-92.78224,43.18707],[-92.78244,43.18228]]}},{"type":"Feature","properties":{},"geometry":{"type":"LineString","coordinates":[[-92.7873,43.1916],[-92.78224,43.18707]]}},{"type":"Feature","properties":{},"geometry":{"type":"LineString","coordinates":[[-92.78511,43.19381],[-92.7873,43.1916]]}},{"type":"Feature","properties":{},"geometry":{"type":"LineString","coordinates":[[-92.7811,43.19633],[-92.78511,43.19381]]}},{"type":"Feature","properties":{},"geometry":{"type":"LineString","coordinates":[[-92.78076,43.19923],[-92.7811,43.19633]]}},{"type":"Feature","properties":{},"geometry":{"type":"LineString","coordinates":[[-92.80675,43.21181],[-92.80388,43.20524],[-92.7789,43.20502],[-92.78076,43.19923]]}},{"type":"Feature","properties":{},"geometry":{"type":"LineString","coordinates":[[-92.80321,43.21771],[-92.80675,43.21181]]}},{"type":"Feature","properties":{},"geometry":{"type":"LineString","coordinates":[[-92.80381,43.24191],[-92.80321,43.21771]]}},{"type":"Feature","properties":{},"geometry":{"type":"LineString","coordinates":[[-92.84071,43.26787],[-92.82514,43.25437],[-92.81131,43.25351],[-92.80381,43.24191]]}},{"type":"Feature","properties":{},"geometry":{"type":"LineString","coordinates":[[-92.84929,43.27532],[-92.84071,43.26787]]}},{"type":"Feature","properties":{},"geometry":{"type":"LineString","coordinates":[[-92.88159,43.31819],[-92.87307,43.31391],[-92.86969,43.29168],[-92.85319,43.2879],[-92.8624,43.27544],[-92.84929,43.27532]]}},{"type":"Feature","properties":{},"geometry":{"type":"LineString","coordinates":[[-92.93549,43.36917],[-92.9289,43.35902]]}},{"type":"Feature","properties":{},"geometry":{"type":"LineString","coordinates":[[-92.9165,43.35011],[-92.92156,43.34096],[-92.90744,43.33243]]}},{"type":"Feature","properties":{},"geometry":{"type":"LineString","coordinates":[[-92.9289,43.35902],[-92.92546,43.35577]]}},{"type":"Feature","properties":{},"geometry":{"type":"LineString","coordinates":[[-92.92546,43.35577],[-92.9165,43.35011]]}},{"type":"Feature","properties":{},"geometry":{"type":"LineString","coordinates":[[-92.90744,43.33243],[-92.88263,43.32996],[-92.88159,43.31819]]}},{"type":"Feature","properties":{},"geometry":{"type":"LineString","coordinates":[[-92.93497,43.37905],[-92.93549,43.36917]]}},{"type":"Feature","properties":{},"geometry":{"type":"LineString","coordinates":[[-92.9397,43.38118],[-92.93497,43.37905]]}},{"type":"Feature","properties":{},"geometry":{"type":"LineString","coordinates":[[-92.93677,43.39422],[-92.9397,43.38118]]}},{"type":"Feature","properties":{},"geometry":{"type":"LineString","coordinates":[[-92.96582,43.44211],[-92.94855,43.43542],[-92.95418,43.42641],[-92.93877,43.41729],[-92.93677,43.39422]]}},{"type":"Feature","properties":{},"geometry":{"type":"LineString","coordinates":[[-92.97116,43.44677],[-92.96582,43.44211]]}},{"type":"Feature","properties":{},"geometry":{"type":"LineString","coordinates":[[-92.97681,43.46244],[-92.98151,43.45763],[-92.97116,43.44677]]}},{"type":"Feature","properties":{},"geometry":{"type":"LineString","coordinates":[[-92.97742,43.47215],[-92.97681,43.46244]]}},{"type":"Feature","properties":{},"geometry":{"type":"LineString","coordinates":[[-92.98171,43.48452],[-92.97742,43.47215]]}},{"type":"Feature","properties":{},"geometry":{"type":"LineString","coordinates":[[-92.98206,43.48679],[-92.98171,43.48452]]}},{"type":"Feature","properties":{},"geometry":{"type":"LineString","coordinates":[[-92.98244,43.48704],[-92.98206,43.48679]]}},{"type":"Feature","properties":{},"geometry":{"type":"LineString","coordinates":[[-93.00099,43.49439],[-93.0002,43.49448]]}},{"type":"Feature","properties":{},"geometry":{"type":"LineString","coordinates":[[-93.0002,43.49448],[-92.98244,43.48704]]}},{"type":"Feature","properties":{},"geometry":{"type":"LineString","coordinates":[[-93.00179,43.49997],[-93.00099,43.49439]]}},{"type":"Feature","properties":{},"geometry":{"type":"LineString","coordinates":[[-92.4847,42.75972],[-92.48476,42.75741]]}},{"type":"Feature","properties":{},"geometry":{"type":"LineString","coordinates":[[-92.57438,42.98792],[-92.56731,42.98526]]}},{"type":"Feature","properties":{},"geometry":{"type":"LineString","coordinates":[[-92.56731,42.98526],[-92.56226,42.98354]]}},{"type":"Feature","properties":{},"geometry":{"type":"LineString","coordinates":[[-92.98244,43.48704],[-92.98171,43.48452]]}},{"type":"Feature","properties":{},"geometry":{"type":"LineString","coordinates":[[-92.7811,43.19633],[-92.78511,43.19381]]}},{"type":"Feature","properties":{},"geometry":{"type":"LineString","coordinates":[[-92.78224,43.18707],[-92.78244,43.18228]]}},{"type":"Feature","properties":{},"geometry":{"type":"LineString","coordinates":[[-92.71398,43.10633],[-92.71329,43.10617]]}},{"type":"Feature","properties":{},"geometry":{"type":"LineString","coordinates":[[-92.69591,43.08489],[-92.69984,43.08397]]}},{"type":"Feature","properties":{},"geometry":{"type":"LineString","coordinates":[[-92.69535,43.08489],[-92.69166,43.07784]]}},{"type":"Feature","properties":{},"geometry":{"type":"LineString","coordinates":[[-92.59805,43.00339],[-92.59575,43.00094]]}},{"type":"Feature","properties":{},"geometry":{"type":"LineString","coordinates":[[-92.56226,42.98354],[-92.56058,42.98112]]}},{"type":"Feature","properties":{},"geometry":{"type":"LineString","coordinates":[[-92.51844,42.83571],[-92.51269,42.81898]]}},{"type":"Feature","properties":{},"geometry":{"type":"LineString","coordinates":[[-92.5057,42.81552],[-92.51269,42.81898]]}},{"type":"Feature","properties":{},"geometry":{"type":"LineString","coordinates":[[-92.50681,42.82298],[-92.50603,42.82197]]}},{"type":"Feature","properties":{},"geometry":{"type":"LineString","coordinates":[[-92.4832,42.7509],[-92.48111,42.74862]]}},{"type":"Feature","properties":{},"geometry":{"type":"LineString","coordinates":[[-92.46359,42.66869],[-92.46866,42.66334]]}},{"type":"Feature","properties":{},"geometry":{"type":"LineString","coordinates":[[-92.46866,42.66334],[-92.47,42.66304]]}},{"type":"Feature","properties":{},"geometry":{"type":"LineString","coordinates":[[-92.46625,42.64147],[-92.46559,42.63912]]}},{"type":"Feature","properties":{},"geometry":{"type":"LineString","coordinates":[[-92.46559,42.63912],[-92.46505,42.63926]]}},{"type":"Feature","properties":{},"geometry":{"type":"LineString","coordinates":[[-92.46539,42.64188],[-92.46625,42.64147]]}},{"type":"Feature","properties":{},"geometry":{"type":"LineString","coordinates":[[-92.46505,42.63926],[-92.47876,42.61798],[-92.49529,42.61313]]}},{"type":"Feature","properties":{},"geometry":{"type":"LineString","coordinates":[[-92.46476,42.65304],[-92.46539,42.64188]]}},{"type":"Feature","properties":{},"geometry":{"type":"LineString","coordinates":[[-92.46539,42.64188],[-92.46505,42.63926]]}},{"type":"Feature","properties":{},"geometry":{"type":"LineString","coordinates":[[-92.47,42.66304],[-92.46476,42.65304]]}},{"type":"Feature","properties":{},"geometry":{"type":"LineString","coordinates":[[-92.51269,42.81898],[-92.50814,42.81113]]}},{"type":"Feature","properties":{},"geometry":{"type":"LineString","coordinates":[[-92.48361,42.75081],[-92.4832,42.7509]]}},{"type":"Feature","properties":{},"geometry":{"type":"LineString","coordinates":[[-92.4838,42.75723],[-92.4845,42.75699]]}},{"type":"Feature","properties":{},"geometry":{"type":"LineString","coordinates":[[-92.48175,42.74795],[-92.47865,42.73966],[-92.46268,42.73829],[-92.47078,42.72579]]}},{"type":"Feature","properties":{},"geometry":{"type":"LineString","coordinates":[[-92.47078,42.72579],[-92.47078,42.72579]]}},{"type":"Feature","properties":{},"geometry":{"type":"LineString","coordinates":[[-92.4845,42.75699],[-92.48361,42.75081]]}},{"type":"Feature","properties":{},"geometry":{"type":"LineString","coordinates":[[-92.48476,42.75741],[-92.4845,42.75699]]}},{"type":"Feature","properties":{},"geometry":{"type":"LineString","coordinates":[[-92.48361,42.75081],[-92.48175,42.74795]]}},{"type":"Feature","properties":{},"geometry":{"type":"LineString","coordinates":[[-92.48111,42.74862],[-92.48175,42.74795]]}},{"type":"Feature","properties":{},"geometry":{"type":"LineString","coordinates":[[-92.566,42.97948],[-92.5657,42.97915]]}},{"type":"Feature","properties":{},"geometry":{"type":"LineString","coordinates":[[-92.55162,42.97569],[-92.54095,42.95787]]}},{"type":"Feature","properties":{},"geometry":{"type":"LineString","coordinates":[[-92.54095,42.95787],[-92.53293,42.9545]]}},{"type":"Feature","properties":{},"geometry":{"type":"LineString","coordinates":[[-92.56164,42.97891],[-92.55162,42.97569]]}},{"type":"Feature","properties":{},"geometry":{"type":"LineString","coordinates":[[-92.5657,42.97915],[-92.56164,42.97891]]}},{"type":"Feature","properties":{},"geometry":{"type":"LineString","coordinates":[[-92.56058,42.98112],[-92.56164,42.97891]]}},{"type":"Feature","properties":{},"geometry":{"type":"LineString","coordinates":[[-92.70034,43.08431],[-92.7003,43.08399]]}},{"type":"Feature","properties":{},"geometry":{"type":"LineString","coordinates":[[-92.69166,43.07784],[-92.6914,43.07767]]}},{"type":"Feature","properties":{},"geometry":{"type":"LineString","coordinates":[[-92.68547,43.06857],[-92.6806,43.06619]]}},{"type":"Feature","properties":{},"geometry":{"type":"LineString","coordinates":[[-92.69213,43.07653],[-92.68547,43.06857]]}},{"type":"Feature","properties":{},"geometry":{"type":"LineString","coordinates":[[-92.7003,43.08399],[-92.70129,43.08267]]}},{"type":"Feature","properties":{},"geometry":{"type":"LineString","coordinates":[[-92.70129,43.08267],[-92.69213,43.07653]]}},{"type":"Feature","properties":{},"geometry":{"type":"LineString","coordinates":[[-92.69984,43.08397],[-92.7003,43.08399]]}},{"type":"Feature","properties":{},"geometry":{"type":"LineString","coordinates":[[-92.50694,42.67175],[-92.52218,42.6607]]}},{"type":"Feature","properties":{},"geometry":{"type":"LineString","coordinates":[[-92.51418,42.67807],[-92.50694,42.67175]]}},{"type":"Feature","properties":{},"geometry":{"type":"LineString","coordinates":[[-92.52672,42.68641],[-92.51418,42.67807]]}},{"type":"Feature","properties":{},"geometry":{"type":"LineString","coordinates":[[-92.55326,42.69395],[-92.52672,42.68641]]}},{"type":"Feature","properties":{},"geometry":{"type":"LineString","coordinates":[[-92.58062,42.71106],[-92.57164,42.69696],[-92.55716,42.69897]]}},{"type":"Feature","properties":{},"geometry":{"type":"LineString","coordinates":[[-92.58734,42.71945],[-92.58062,42.71106]]}},{"type":"Feature","properties":{},"geometry":{"type":"LineString","coordinates":[[-92.64486,42.77426],[-92.64445,42.77457]]}},{"type":"Feature","properties":{},"geometry":{"type":"LineString","coordinates":[[-92.64445,42.77457],[-92.64311,42.77695]]}},{"type":"Feature","properties":{},"geometry":{"type":"LineString","coordinates":[[-92.66934,42.76717],[-92.66562,42.76628]]}},{"type":"Feature","properties":{},"geometry":{"type":"LineString","coordinates":[[-92.6589,42.76831],[-92.64486,42.77426]]}},{"type":"Feature","properties":{},"geometry":{"type":"LineString","coordinates":[[-92.67074,42.7683],[-92.67036,42.76793]]}},{"type":"Feature","properties":{},"geometry":{"type":"LineString","coordinates":[[-92.67036,42.76793],[-92.66943,42.7672]]}},{"type":"Feature","properties":{},"geometry":{"type":"LineString","coordinates":[[-92.66562,42.76628],[-92.66545,42.7663]]}},{"type":"Feature","properties":{},"geometry":{"type":"LineString","coordinates":[[-92.67683,42.77151],[-92.67074,42.7683]]}},{"type":"Feature","properties":{},"geometry":{"type":"LineString","coordinates":[[-92.68923,42.78224],[-92.68594,42.77773]]}},{"type":"Feature","properties":{},"geometry":{"type":"LineString","coordinates":[[-92.68594,42.77773],[-92.67683,42.77151]]}},{"type":"Feature","properties":{},"geometry":{"type":"LineString","coordinates":[[-92.66943,42.7672],[-92.66934,42.76717]]}},{"type":"Feature","properties":{},"geometry":{"type":"LineString","coordinates":[[-92.66545,42.7663],[-92.6589,42.76831]]}},{"type":"Feature","properties":{},"geometry":{"type":"LineString","coordinates":[[-92.68855,42.81682],[-92.68709,42.81557]]}},{"type":"Feature","properties":{},"geometry":{"type":"LineString","coordinates":[[-92.69242,42.8041],[-92.69195,42.79832],[-92.68158,42.80036]]}},{"type":"Feature","properties":{},"geometry":{"type":"LineString","coordinates":[[-92.68158,42.80036],[-92.68923,42.78224]]}},{"type":"Feature","properties":{},"geometry":{"type":"LineString","coordinates":[[-92.71594,42.83369],[-92.68855,42.81682]]}},{"type":"Feature","properties":{},"geometry":{"type":"LineString","coordinates":[[-92.68702,42.81541],[-92.69242,42.8041]]}},{"type":"Feature","properties":{},"geometry":{"type":"LineString","coordinates":[[-92.68709,42.81557],[-92.68702,42.81541]]}},{"type":"Feature","properties":{},"geometry":{"type":"LineString","coordinates":[[-92.7448,42.84032],[-92.72134,42.84278]]}},{"type":"Feature","properties":{},"geometry":{"type":"LineString","coordinates":[[-92.76012,42.84447],[-92.7448,42.84032]]}},{"type":"Feature","properties":{},"geometry":{"type":"LineString","coordinates":[[-92.72134,42.84278],[-92.71594,42.83369]]}},{"type":"Feature","properties":{},"geometry":{"type":"LineString","coordinates":[[-92.81832,42.90198],[-92.79427,42.88843],[-92.78864,42.8764]]}},{"type":"Feature","properties":{},"geometry":{"type":"LineString","coordinates":[[-92.77951,42.8669],[-92.7733,42.85473],[-92.7615,42.85834],[-92.75298,42.851],[-92.76012,42.84447]]}},{"type":"Feature","properties":{},"geometry":{"type":"LineString","coordinates":[[-92.78864,42.8764],[-92.77951,42.8669]]}},{"type":"Feature","properties":{},"geometry":{"type":"LineString","coordinates":[[-92.8253,42.9088],[-92.81832,42.90198]]}},{"type":"Feature","properties":{},"geometry":{"type":"LineString","coordinates":[[-92.84045,42.92515],[-92.8253,42.9088]]}},{"type":"Feature","properties":{},"geometry":{"type":"LineString","coordinates":[[-92.85403,42.93994],[-92.85157,42.93639]]}},{"type":"Feature","properties":{},"geometry":{"type":"LineString","coordinates":[[-92.86005,42.94147],[-92.85403,42.93994]]}},{"type":"Feature","properties":{},"geometry":{"type":"LineString","coordinates":[[-92.86809,42.95174],[-92.86005,42.94147]]}},{"type":"Feature","properties":{},"geometry":{"type":"LineString","coordinates":[[-92.85157,42.93639],[-92.84045,42.92515]]}},{"type":"Feature","properties":{},"geometry":{"type":"LineString","coordinates":[[-92.86798,42.95419],[-92.8681,42.95232]]}},{"type":"Feature","properties":{},"geometry":{"type":"LineString","coordinates":[[-92.8681,42.95232],[-92.86809,42.95174]]}},{"type":"Feature","properties":{},"geometry":{"type":"LineString","coordinates":[[-92.86953,42.95479],[-92.86798,42.95419]]}},{"type":"Feature","properties":{},"geometry":{"type":"LineString","coordinates":[[-92.90052,42.97078],[-92.87823,42.97086]]}},{"type":"Feature","properties":{},"geometry":{"type":"LineString","coordinates":[[-92.87823,42.97086],[-92.86953,42.95479]]}},{"type":"Feature","properties":{},"geometry":{"type":"LineString","coordinates":[[-92.91818,43.00953],[-92.91223,43.00782]]}},{"type":"Feature","properties":{},"geometry":{"type":"LineString","coordinates":[[-92.93323,43.00673],[-92.91818,43.00953]]}},{"type":"Feature","properties":{},"geometry":{"type":"LineString","coordinates":[[-92.93666,43.01067],[-92.93323,43.00673]]}},{"type":"Feature","properties":{},"geometry":{"type":"LineString","coordinates":[[-92.93735,43.01163],[-92.93666,43.01067]]}},{"type":"Feature","properties":{},"geometry":{"type":"LineString","coordinates":[[-92.94103,43.04022],[-92.94356,43.01688],[-92.93735,43.01163]]}},{"type":"Feature","properties":{},"geometry":{"type":"LineString","coordinates":[[-92.64286,42.77274],[-92.64091,42.76995]]}},{"type":"Feature","properties":{},"geometry":{"type":"LineString","coordinates":[[-92.64486,42.77426],[-92.64286,42.77274]]}},{"type":"Feature","properties":{},"geometry":{"type":"LineString","coordinates":[[-92.93666,43.01067],[-92.93323,43.00673]]}},{"type":"Feature","properties":{},"geometry":{"type":"LineString","coordinates":[[-92.64091,42.76995],[-92.63221,42.76496]]}},{"type":"Feature","properties":{},"geometry":{"type":"LineString","coordinates":[[-92.67686,42.7712],[-92.67195,42.76848]]}},{"type":"Feature","properties":{},"geometry":{"type":"LineString","coordinates":[[-92.67195,42.76848],[-92.67074,42.7683]]}},{"type":"Feature","properties":{},"geometry":{"type":"LineString","coordinates":[[-92.67683,42.77151],[-92.67686,42.7712]]}},{"type":"Feature","properties":{},"geometry":{"type":"LineString","coordinates":[[-92.58446,42.72759],[-92.5813,42.72586]]}},{"type":"Feature","properties":{},"geometry":{"type":"LineString","coordinates":[[-92.5813,42.72586],[-92.58734,42.71945]]}},{"type":"Feature","properties":{},"geometry":{"type":"LineString","coordinates":[[-92.52218,42.6607],[-92.49667,42.64014],[-92.50246,42.63572]]}},{"type":"Feature","properties":{},"geometry":{"type":"LineString","coordinates":[[-92.50246,42.63572],[-92.50153,42.63371]]}},{"type":"Feature","properties":{},"geometry":{"type":"LineString","coordinates":[[-92.62371,42.75463],[-92.59326,42.74391]]}},{"type":"Feature","properties":{},"geometry":{"type":"LineString","coordinates":[[-92.63221,42.76496],[-92.62985,42.75998]]}},{"type":"Feature","properties":{},"geometry":{"type":"LineString","coordinates":[[-92.62985,42.75998],[-92.62371,42.75463]]}},{"type":"Feature","properties":{},"geometry":{"type":"LineString","coordinates":[[-92.59326,42.74391],[-92.58446,42.72759]]}},{"type":"Feature","properties":{},"geometry":{"type":"LineString","coordinates":[[-92.90255,42.98433],[-92.90015,42.98122]]}},{"type":"Feature","properties":{},"geometry":{"type":"LineString","coordinates":[[-92.91611,42.98774],[-92.91106,42.98403]]}},{"type":"Feature","properties":{},"geometry":{"type":"LineString","coordinates":[[-92.91381,42.99999],[-92.90929,42.9954]]}},{"type":"Feature","properties":{},"geometry":{"type":"LineString","coordinates":[[-92.90929,42.9954],[-92.91463,42.99033]]}},{"type":"Feature","properties":{},"geometry":{"type":"LineString","coordinates":[[-92.90015,42.98122],[-92.90695,42.97174],[-92.90052,42.97078]]}},{"type":"Feature","properties":{},"geometry":{"type":"LineString","coordinates":[[-92.90286,42.98454],[-92.90255,42.98433]]}},{"type":"Feature","properties":{},"geometry":{"type":"LineString","coordinates":[[-92.91082,42.98407],[-92.90286,42.98454]]}},{"type":"Feature","properties":{},"geometry":{"type":"LineString","coordinates":[[-92.91106,42.98403],[-92.91082,42.98407]]}},{"type":"Feature","properties":{},"geometry":{"type":"LineString","coordinates":[[-92.91463,42.99033],[-92.91611,42.98774]]}},{"type":"Feature","properties":{},"geometry":{"type":"LineString","coordinates":[[-92.91223,43.00782],[-92.91381,42.99999]]}},{"type":"Feature","properties":{},"geometry":{"type":"LineString","coordinates":[[-92.55716,42.69897],[-92.55533,42.69591]]}},{"type":"Feature","properties":{},"geometry":{"type":"LineString","coordinates":[[-92.55533,42.69591],[-92.55326,42.69395]]}},{"type":"Feature","properties":{},"geometry":{"type":"LineString","coordinates":[[-92.52908,42.62939],[-92.51849,42.64184],[-92.50215,42.63373]]}},{"type":"Feature","properties":{},"geometry":{"type":"LineString","coordinates":[[-92.50215,42.63373],[-92.50153,42.63371]]}},{"type":"Feature","properties":{},"geometry":{"type":"LineString","coordinates":[[-92.5552,42.62275],[-92.52908,42.62939]]}},{"type":"Feature","properties":{},"geometry":{"type":"LineString","coordinates":[[-92.56855,42.62292],[-92.5552,42.62275]]}},{"type":"Feature","properties":{},"geometry":{"type":"LineString","coordinates":[[-92.60222,42.6178],[-92.56855,42.62292]]}},{"type":"Feature","properties":{},"geometry":{"type":"LineString","coordinates":[[-92.6121,42.61888],[-92.60222,42.6178]]}},{"type":"Feature","properties":{},"geometry":{"type":"LineString","coordinates":[[-92.63827,42.63878],[-92.6121,42.61888]]}},{"type":"Feature","properties":{},"geometry":{"type":"LineString","coordinates":[[-92.65085,42.63551],[-92.63827,42.63878]]}},{"type":"Feature","properties":{},"geometry":{"type":"LineString","coordinates":[[-92.67306,42.63648],[-92.65085,42.63551]]}},{"type":"Feature","properties":{},"geometry":{"type":"LineString","coordinates":[[-92.69923,42.65271],[-92.69026,42.64016],[-92.67306,42.63648]]}},{"type":"Feature","properties":{},"geometry":{"type":"LineString","coordinates":[[-92.73295,42.65699],[-92.69923,42.65271]]}},{"type":"Feature","properties":{},"geometry":{"type":"LineString","coordinates":[[-92.76162,42.66075],[-92.73295,42.65699]]}},{"type":"Feature","properties":{},"geometry":{"type":"LineString","coordinates":[[-92.7742,42.66083],[-92.76162,42.66075]]}},{"type":"Feature","properties":{},"geometry":{"type":"LineString","coordinates":[[-92.79253,42.67608],[-92.7742,42.66083]]}},{"type":"Feature","properties":{},"geometry":{"type":"LineString","coordinates":[[-92.81711,42.68156],[-92.79253,42.67608]]}},{"type":"Feature","properties":{},"geometry":{"type":"LineString","coordinates":[[-92.8331,42.68475],[-92.81711,42.68156]]}},{"type":"Feature","properties":{},"geometry":{"type":"LineString","coordinates":[[-92.83421,42.69042],[-92.8331,42.68475]]}},{"type":"Feature","properties":{},"geometry":{"type":"LineString","coordinates":[[-92.83871,42.69479],[-92.83421,42.69042]]}},{"type":"Feature","properties":{},"geometry":{"type":"LineString","coordinates":[[-92.86829,42.70136],[-92.85449,42.69489]]}},{"type":"Feature","properties":{},"geometry":{"type":"LineString","coordinates":[[-92.84847,42.69354],[-92.83871,42.69479]]}},{"type":"Feature","properties":{},"geometry":{"type":"LineString","coordinates":[[-92.85449,42.69489],[-92.84847,42.69354]]}},{"type":"Feature","properties":{},"geometry":{"type":"LineString","coordinates":[[-92.91444,42.71712],[-92.90104,42.7047]]}},{"type":"Feature","properties":{},"geometry":{"type":"LineString","coordinates":[[-92.92714,42.72368],[-92.91444,42.71712]]}},{"type":"Feature","properties":{},"geometry":{"type":"LineString","coordinates":[[-92.88578,42.70344],[-92.86829,42.70136]]}},{"type":"Feature","properties":{},"geometry":{"type":"LineString","coordinates":[[-92.90104,42.7047],[-92.8931,42.70461]]}},{"type":"Feature","properties":{},"geometry":{"type":"LineString","coordinates":[[-92.88962,42.70405],[-92.88578,42.70344]]}},{"type":"Feature","properties":{},"geometry":{"type":"LineString","coordinates":[[-92.8931,42.70461],[-92.88962,42.70405]]}},{"type":"Feature","properties":{},"geometry":{"type":"LineString","coordinates":[[-92.50153,42.63371],[-92.49583,42.61354]]}},{"type":"Feature","properties":{},"geometry":{"type":"LineString","coordinates":[[-92.49583,42.61354],[-92.49529,42.61313]]}},{"type":"Feature","properties":{},"geometry":{"type":"LineString","coordinates":[[-91.7451,42.00438],[-91.74397,42.00347]]}},{"type":"Feature","properties":{},"geometry":{"type":"LineString","coordinates":[[-91.7481,42.04656],[-91.75065,42.04369]]}},{"type":"Feature","properties":{},"geometry":{"type":"LineString","coordinates":[[-91.7506,42.05053],[-91.75013,42.05072]]}},{"type":"Feature","properties":{},"geometry":{"type":"LineString","coordinates":[[-91.75013,42.05072],[-91.74743,42.047]]}},{"type":"Feature","properties":{},"geometry":{"type":"LineString","coordinates":[[-91.74743,42.047],[-91.7481,42.04656]]}},{"type":"Feature","properties":{},"geometry":{"type":"LineString","coordinates":[[-91.75396,42.0493],[-91.7506,42.05053]]}},{"type":"Feature","properties":{},"geometry":{"type":"LineString","coordinates":[[-91.78101,42.05206],[-91.77951,42.05024]]}},{"type":"Feature","properties":{},"geometry":{"type":"LineString","coordinates":[[-91.78131,42.0561],[-91.78101,42.05206]]}},{"type":"Feature","properties":{},"geometry":{"type":"LineString","coordinates":[[-91.77798,42.05975],[-91.78131,42.0561]]}},{"type":"Feature","properties":{},"geometry":{"type":"LineString","coordinates":[[-91.78652,42.06661],[-91.77798,42.05975]]}},{"type":"Feature","properties":{},"geometry":{"type":"LineString","coordinates":[[-91.77964,42.07612],[-91.78652,42.06661]]}},{"type":"Feature","properties":{},"geometry":{"type":"LineString","coordinates":[[-91.77977,42.12384],[-91.77147,42.12209],[-91.76821,42.11091]]}},{"type":"Feature","properties":{},"geometry":{"type":"LineString","coordinates":[[-91.81382,42.16281],[-91.80684,42.16016]]}},{"type":"Feature","properties":{},"geometry":{"type":"LineString","coordinates":[[-91.84593,42.17955],[-91.83201,42.17514]]}},{"type":"Feature","properties":{},"geometry":{"type":"LineString","coordinates":[[-91.921,42.1724],[-91.91818,42.17688]]}},{"type":"Feature","properties":{},"geometry":{"type":"LineString","coordinates":[[-91.94057,42.15709],[-91.92073,42.16152]]}},{"type":"Feature","properties":{},"geometry":{"type":"LineString","coordinates":[[-91.92073,42.16152],[-91.921,42.1724]]}},{"type":"Feature","properties":{},"geometry":{"type":"LineString","coordinates":[[-91.94964,42.15968],[-91.94951,42.15868]]}},{"type":"Feature","properties":{},"geometry":{"type":"LineString","coordinates":[[-91.94951,42.15868],[-91.94057,42.15709]]}},{"type":"Feature","properties":{},"geometry":{"type":"LineString","coordinates":[[-92.05641,42.20761],[-92.05416,42.20526]]}},{"type":"Feature","properties":{},"geometry":{"type":"LineString","coordinates":[[-92.05472,42.22125],[-92.05629,42.21929]]}},{"type":"Feature","properties":{},"geometry":{"type":"LineString","coordinates":[[-92.02676,42.24926],[-92.032,42.24405]]}},{"type":"Feature","properties":{},"geometry":{"type":"LineString","coordinates":[[-92.0257,42.28709],[-92.02532,42.27768]]}},{"type":"Feature","properties":{},"geometry":{"type":"LineString","coordinates":[[-92.02532,42.27768],[-92.02779,42.2697]]}},{"type":"Feature","properties":{},"geometry":{"type":"LineString","coordinates":[[-92.02779,42.2697],[-92.02676,42.24926]]}},{"type":"Feature","properties":{},"geometry":{"type":"LineString","coordinates":[[-92.06061,42.29513],[-92.05591,42.28915]]}},{"type":"Feature","properties":{},"geometry":{"type":"LineString","coordinates":[[-92.07196,42.30179],[-92.06061,42.29513]]}},{"type":"Feature","properties":{},"geometry":{"type":"LineString","coordinates":[[-92.08427,42.30444],[-92.07196,42.30179]]}},{"type":"Feature","properties":{},"geometry":{"type":"LineString","coordinates":[[-92.13321,42.31101],[-92.11733,42.30987]]}},{"type":"Feature","properties":{},"geometry":{"type":"LineString","coordinates":[[-92.13934,42.32288],[-92.13321,42.31101]]}},{"type":"Feature","properties":{},"geometry":{"type":"LineString","coordinates":[[-92.14552,42.32373],[-92.13934,42.32288]]}},{"type":"Feature","properties":{},"geometry":{"type":"LineString","coordinates":[[-92.1501,42.32709],[-92.14552,42.32373]]}},{"type":"Feature","properties":{},"geometry":{"type":"LineString","coordinates":[[-92.19365,42.3422],[-92.18961,42.34222]]}},{"type":"Feature","properties":{},"geometry":{"type":"LineString","coordinates":[[-92.17682,42.34144],[-92.17085,42.33992]]}},{"type":"Feature","properties":{},"geometry":{"type":"LineString","coordinates":[[-92.18961,42.34222],[-92.17682,42.34144]]}},{"type":"Feature","properties":{},"geometry":{"type":"LineString","coordinates":[[-92.19611,42.34738],[-92.19365,42.3422]]}},{"type":"Feature","properties":{},"geometry":{"type":"LineString","coordinates":[[-92.2071,42.35441],[-92.20421,42.35352]]}},{"type":"Feature","properties":{},"geometry":{"type":"LineString","coordinates":[[-92.20421,42.35352],[-92.19611,42.34738]]}},{"type":"Feature","properties":{},"geometry":{"type":"LineString","coordinates":[[-92.21516,42.38499],[-92.21797,42.37715]]}},{"type":"Feature","properties":{},"geometry":{"type":"LineString","coordinates":[[-92.21707,42.397],[-92.21516,42.38499]]}},{"type":"Feature","properties":{},"geometry":{"type":"LineString","coordinates":[[-92.21738,42.41332],[-92.21707,42.397]]}},{"type":"Feature","properties":{},"geometry":{"type":"LineString","coordinates":[[-92.23968,42.42847],[-92.21738,42.41332]]}},{"type":"Feature","properties":{},"geometry":{"type":"LineString","coordinates":[[-92.25898,42.43674],[-92.25646,42.43573]]}},{"type":"Feature","properties":{},"geometry":{"type":"LineString","coordinates":[[-92.25646,42.43573],[-92.25263,42.43522]]}},{"type":"Feature","properties":{},"geometry":{"type":"LineString","coordinates":[[-92.25184,42.43459],[-92.23968,42.42847]]}},{"type":"Feature","properties":{},"geometry":{"type":"LineString","coordinates":[[-92.25263,42.43522],[-92.25184,42.43459]]}},{"type":"Feature","properties":{},"geometry":{"type":"LineString","coordinates":[[-92.25834,42.44505],[-92.2642,42.442],[-92.25898,42.43674]]}},{"type":"Feature","properties":{},"geometry":{"type":"LineString","coordinates":[[-92.27798,42.45904],[-92.25834,42.44505]]}},{"type":"Feature","properties":{},"geometry":{"type":"LineString","coordinates":[[-92.3338,42.4942],[-92.2951,42.479]]}},{"type":"Feature","properties":{},"geometry":{"type":"LineString","coordinates":[[-92.3458,42.50367],[-92.34269,42.50001]]}},{"type":"Feature","properties":{},"geometry":{"type":"LineString","coordinates":[[-92.2951,42.479],[-92.30995,42.45888],[-92.29283,42.45275],[-92.27798,42.45904]]}},{"type":"Feature","properties":{},"geometry":{"type":"LineString","coordinates":[[-92.34269,42.50001],[-92.3338,42.4942]]}},{"type":"Feature","properties":{},"geometry":{"type":"LineString","coordinates":[[-92.35475,42.5064],[-92.351,42.5061]]}},{"type":"Feature","properties":{},"geometry":{"type":"LineString","coordinates":[[-92.351,42.5061],[-92.3458,42.50367]]}},{"type":"Feature","properties":{},"geometry":{"type":"LineString","coordinates":[[-92.43339,42.52664],[-92.40812,42.53172],[-92.38437,42.51831]]}},{"type":"Feature","properties":{},"geometry":{"type":"LineString","coordinates":[[-91.73921,42.02101],[-91.73872,42.02061]]}},{"type":"Feature","properties":{},"geometry":{"type":"LineString","coordinates":[[-91.73937,42.02582],[-91.73921,42.02101]]}},{"type":"Feature","properties":{},"geometry":{"type":"LineString","coordinates":[[-91.73839,42.0261],[-91.73937,42.02582]]}},{"type":"Feature","properties":{},"geometry":{"type":"LineString","coordinates":[[-91.75878,42.03542],[-91.75562,42.03525]]}},{"type":"Feature","properties":{},"geometry":{"type":"LineString","coordinates":[[-91.75562,42.03525],[-91.75479,42.03563]]}},{"type":"Feature","properties":{},"geometry":{"type":"LineString","coordinates":[[-91.75813,42.03832],[-91.75878,42.03542]]}},{"type":"Feature","properties":{},"geometry":{"type":"LineString","coordinates":[[-91.75739,42.03787],[-91.75813,42.03832]]}},{"type":"Feature","properties":{},"geometry":{"type":"LineString","coordinates":[[-91.74807,42.04818],[-91.7476,42.04736]]}},{"type":"Feature","properties":{},"geometry":{"type":"LineString","coordinates":[[-91.74836,42.04831],[-91.74807,42.04818]]}},{"type":"Feature","properties":{},"geometry":{"type":"LineString","coordinates":[[-91.7476,42.04736],[-91.74743,42.047]]}},{"type":"Feature","properties":{},"geometry":{"type":"LineString","coordinates":[[-91.7485,42.04818],[-91.7484,42.04697]]}},{"type":"Feature","properties":{},"geometry":{"type":"LineString","coordinates":[[-91.7506,42.05053],[-91.74836,42.04831]]}},{"type":"Feature","properties":{},"geometry":{"type":"LineString","coordinates":[[-91.7484,42.04697],[-91.7481,42.04656]]}},{"type":"Feature","properties":{},"geometry":{"type":"LineString","coordinates":[[-91.74836,42.04831],[-91.7485,42.04818]]}},{"type":"Feature","properties":{},"geometry":{"type":"LineString","coordinates":[[-91.76312,42.04761],[-91.75878,42.03542]]}},{"type":"Feature","properties":{},"geometry":{"type":"LineString","coordinates":[[-91.76245,42.04783],[-91.76312,42.04761]]}},{"type":"Feature","properties":{},"geometry":{"type":"LineString","coordinates":[[-91.79036,42.14169],[-91.79521,42.12598]]}},{"type":"Feature","properties":{},"geometry":{"type":"LineString","coordinates":[[-91.78964,42.14215],[-91.79036,42.14169]]}},{"type":"Feature","properties":{},"geometry":{"type":"LineString","coordinates":[[-92.05712,42.21958],[-92.05949,42.21648]]}},{"type":"Feature","properties":{},"geometry":{"type":"LineString","coordinates":[[-92.05629,42.21929],[-92.05712,42.21958]]}},{"type":"Feature","properties":{},"geometry":{"type":"LineString","coordinates":[[-92.03467,42.24574],[-92.0375,42.24645]]}},{"type":"Feature","properties":{},"geometry":{"type":"LineString","coordinates":[[-92.0375,42.24645],[-92.03774,42.24611]]}},{"type":"Feature","properties":{},"geometry":{"type":"LineString","coordinates":[[-92.03503,42.24549],[-92.03467,42.24574]]}},{"type":"Feature","properties":{},"geometry":{"type":"LineString","coordinates":[[-92.17378,42.33022],[-92.15571,42.3249]]}},{"type":"Feature","properties":{},"geometry":{"type":"LineString","coordinates":[[-92.14579,42.32367],[-92.14552,42.32373]]}},{"type":"Feature","properties":{},"geometry":{"type":"LineString","coordinates":[[-92.15571,42.3249],[-92.14579,42.32367]]}},{"type":"Feature","properties":{},"geometry":{"type":"LineString","coordinates":[[-92.17433,42.33219],[-92.17378,42.33022]]}},{"type":"Feature","properties":{},"geometry":{"type":"LineString","coordinates":[[-92.20414,42.3007],[-92.18801,42.32091],[-92.18768,42.33397],[-92.17433,42.33219]]}},{"type":"Feature","properties":{},"geometry":{"type":"LineString","coordinates":[[-92.21146,42.29681],[-92.20414,42.3007]]}},{"type":"Feature","properties":{},"geometry":{"type":"LineString","coordinates":[[-92.22564,42.28183],[-92.21146,42.29681]]}},{"type":"Feature","properties":{},"geometry":{"type":"LineString","coordinates":[[-92.23574,42.27473],[-92.22564,42.28183]]}},{"type":"Feature","properties":{},"geometry":{"type":"LineString","coordinates":[[-92.24669,42.27031],[-92.23574,42.27473]]}},{"type":"Feature","properties":{},"geometry":{"type":"LineString","coordinates":[[-92.24934,42.27143],[-92.24669,42.27031]]}},{"type":"Feature","properties":{},"geometry":{"type":"LineString","coordinates":[[-92.26485,42.26579],[-92.24934,42.27143]]}},{"type":"Feature","properties":{},"geometry":{"type":"LineString","coordinates":[[-92.26886,42.26149],[-92.26485,42.26579]]}},{"type":"Feature","properties":{},"geometry":{"type":"LineString","coordinates":[[-92.27272,42.25921],[-92.26886,42.26149]]}},{"type":"Feature","properties":{},"geometry":{"type":"LineString","coordinates":[[-92.29471,42.25639],[-92.27272,42.25921]]}},{"type":"Feature","properties":{},"geometry":{"type":"LineString","coordinates":[[-92.29492,42.25554],[-92.29471,42.25639]]}},{"type":"Feature","properties":{},"geometry":{"type":"LineString","coordinates":[[-92.31205,42.24645],[-92.29492,42.25554]]}},{"type":"Feature","properties":{},"geometry":{"type":"LineString","coordinates":[[-92.32054,42.24675],[-92.31205,42.24645]]}},{"type":"Feature","properties":{},"geometry":{"type":"LineString","coordinates":[[-92.31999,42.2478],[-92.32054,42.24675]]}},{"type":"Feature","properties":{},"geometry":{"type":"LineString","coordinates":[[-92.32199,42.24778],[-92.31999,42.2478]]}},{"type":"Feature","properties":{},"geometry":{"type":"LineString","coordinates":[[-92.3372,42.25222],[-92.32199,42.24778]]}},{"type":"Feature","properties":{},"geometry":{"type":"LineString","coordinates":[[-92.34096,42.25222],[-92.3372,42.25222]]}},{"type":"Feature","properties":{},"geometry":{"type":"LineString","coordinates":[[-92.34792,42.25314],[-92.34096,42.25222]]}},{"type":"Feature","properties":{},"geometry":{"type":"LineString","coordinates":[[-92.35528,42.25094],[-92.34792,42.25314]]}},{"type":"Feature","properties":{},"geometry":{"type":"LineString","coordinates":[[-92.35996,42.25239],[-92.35528,42.25094]]}},{"type":"Feature","properties":{},"geometry":{"type":"LineString","coordinates":[[-92.3723,42.2531],[-92.35996,42.25239]]}},{"type":"Feature","properties":{},"geometry":{"type":"LineString","coordinates":[[-92.3815,42.24942],[-92.3723,42.2531]]}},{"type":"Feature","properties":{},"geometry":{"type":"LineString","coordinates":[[-92.38421,42.2485],[-92.3815,42.24942]]}},{"type":"Feature","properties":{},"geometry":{"type":"LineString","coordinates":[[-92.3897,42.25046],[-92.38421,42.2485]]}},{"type":"Feature","properties":{},"geometry":{"type":"LineString","coordinates":[[-92.39693,42.24747],[-92.3897,42.25046]]}},{"type":"Feature","properties":{},"geometry":{"type":"LineString","coordinates":[[-92.40084,42.244],[-92.39693,42.24747]]}},{"type":"Feature","properties":{},"geometry":{"type":"LineString","coordinates":[[-92.40308,42.24306],[-92.40084,42.244]]}},{"type":"Feature","properties":{},"geometry":{"type":"LineString","coordinates":[[-92.32199,42.24778],[-92.32107,42.24749]]}},{"type":"Feature","properties":{},"geometry":{"type":"LineString","coordinates":[[-92.32107,42.24749],[-92.31999,42.2478]]}},{"type":"Feature","properties":{},"geometry":{"type":"LineString","coordinates":[[-92.32107,42.24749],[-92.32054,42.24675]]}},{"type":"Feature","properties":{},"geometry":{"type":"LineString","coordinates":[[-92.17433,42.33219],[-92.16703,42.33627]]}},{"type":"Feature","properties":{},"geometry":{"type":"LineString","coordinates":[[-92.16703,42.33627],[-92.1659,42.33655]]}},{"type":"Feature","properties":{},"geometry":{"type":"LineString","coordinates":[[-92.18926,42.34165],[-92.17758,42.34097]]}},{"type":"Feature","properties":{},"geometry":{"type":"LineString","coordinates":[[-92.18961,42.34222],[-92.18926,42.34165]]}},{"type":"Feature","properties":{},"geometry":{"type":"LineString","coordinates":[[-92.17758,42.34097],[-92.17682,42.34144]]}},{"type":"Feature","properties":{},"geometry":{"type":"LineString","coordinates":[[-92.25254,42.43415],[-92.25184,42.43459]]}},{"type":"Feature","properties":{},"geometry":{"type":"LineString","coordinates":[[-92.25695,42.43539],[-92.25254,42.43415]]}},{"type":"Feature","properties":{},"geometry":{"type":"LineString","coordinates":[[-92.25646,42.43573],[-92.25695,42.43539]]}},{"type":"Feature","properties":{},"geometry":{"type":"LineString","coordinates":[[-92.35708,42.50361],[-92.35648,42.5053]]}},{"type":"Feature","properties":{},"geometry":{"type":"LineString","coordinates":[[-92.35648,42.5053],[-92.35517,42.50593]]}},{"type":"Feature","properties":{},"geometry":{"type":"LineString","coordinates":[[-92.35795,42.50253],[-92.35708,42.50361]]}},{"type":"Feature","properties":{},"geometry":{"type":"LineString","coordinates":[[-92.3589,42.5],[-92.35829,42.50051]]}},{"type":"Feature","properties":{},"geometry":{"type":"LineString","coordinates":[[-92.38131,42.48594],[-92.3589,42.5]]}},{"type":"Feature","properties":{},"geometry":{"type":"LineString","coordinates":[[-92.35829,42.50051],[-92.35795,42.50253]]}},{"type":"Feature","properties":{},"geometry":{"type":"LineString","coordinates":[[-92.35517,42.50593],[-92.35475,42.5064]]}},{"type":"Feature","properties":{},"geometry":{"type":"LineString","coordinates":[[-92.39086,42.48148],[-92.38131,42.48594]]}},{"type":"Feature","properties":{},"geometry":{"type":"LineString","coordinates":[[-92.39506,42.48072],[-92.39086,42.48148]]}},{"type":"Feature","properties":{},"geometry":{"type":"LineString","coordinates":[[-92.40189,42.47569],[-92.39506,42.48072]]}},{"type":"Feature","properties":{},"geometry":{"type":"LineString","coordinates":[[-92.40541,42.47575],[-92.40189,42.47569]]}},{"type":"Feature","properties":{},"geometry":{"type":"LineString","coordinates":[[-92.4073,42.47527],[-92.40541,42.47575]]}},{"type":"Feature","properties":{},"geometry":{"type":"LineString","coordinates":[[-92.42276,42.45692],[-92.4073,42.47527]]}},{"type":"Feature","properties":{},"geometry":{"type":"LineString","coordinates":[[-92.42295,42.45498],[-92.42276,42.45692]]}},{"type":"Feature","properties":{},"geometry":{"type":"LineString","coordinates":[[-92.43029,42.44663],[-92.42295,42.45498]]}},{"type":"Feature","properties":{},"geometry":{"type":"LineString","coordinates":[[-92.43186,42.44281],[-92.43029,42.44663]]}},{"type":"Feature","properties":{},"geometry":{"type":"LineString","coordinates":[[-92.44942,42.43026],[-92.43186,42.44281]]}},{"type":"Feature","properties":{},"geometry":{"type":"LineString","coordinates":[[-92.44682,42.42052],[-92.44942,42.43026]]}},{"type":"Feature","properties":{},"geometry":{"type":"LineString","coordinates":[[-92.489,42.39155],[-92.48782,42.4045],[-92.46726,42.40248],[-92.44682,42.42052]]}},{"type":"Feature","properties":{},"geometry":{"type":"LineString","coordinates":[[-92.49618,42.38529],[-92.489,42.39155]]}},{"type":"Feature","properties":{},"geometry":{"type":"LineString","coordinates":[[-92.50359,42.3866],[-92.49618,42.38529]]}},{"type":"Feature","properties":{},"geometry":{"type":"LineString","coordinates":[[-92.51394,42.38331],[-92.50359,42.3866]]}},{"type":"Feature","properties":{},"geometry":{"type":"LineString","coordinates":[[-92.53795,42.37601],[-92.51394,42.38331]]}},{"type":"Feature","properties":{},"geometry":{"type":"LineString","coordinates":[[-92.40541,42.47575],[-92.40189,42.47569]]}},{"type":"Feature","properties":{},"geometry":{"type":"LineString","coordinates":[[-92.50271,42.56909],[-92.48968,42.55984]]}},{"type":"Feature","properties":{},"geometry":{"type":"LineString","coordinates":[[-92.48968,42.55984],[-92.48796,42.55982]]}},{"type":"Feature","properties":{},"geometry":{"type":"LineString","coordinates":[[-92.52854,42.57533],[-92.50271,42.56909]]}},{"type":"Feature","properties":{},"geometry":{"type":"LineString","coordinates":[[-92.53152,42.57451],[-92.52854,42.57533]]}},{"type":"Feature","properties":{},"geometry":{"type":"LineString","coordinates":[[-92.54037,42.57148],[-92.53152,42.57451]]}},{"type":"Feature","properties":{},"geometry":{"type":"LineString","coordinates":[[-92.56182,42.56731],[-92.54037,42.57148]]}},{"type":"Feature","properties":{},"geometry":{"type":"LineString","coordinates":[[-92.57683,42.5677],[-92.56182,42.56731]]}},{"type":"Feature","properties":{},"geometry":{"type":"LineString","coordinates":[[-92.58371,42.56265],[-92.57683,42.5677]]}},{"type":"Feature","properties":{},"geometry":{"type":"LineString","coordinates":[[-92.58442,42.56217],[-92.58371,42.56265]]}},{"type":"Feature","properties":{},"geometry":{"type":"LineString","coordinates":[[-92.58491,42.56208],[-92.58442,42.56217]]}},{"type":"Feature","properties":{},"geometry":{"type":"LineString","coordinates":[[-92.60741,42.56936],[-92.5919,42.56412]]}},{"type":"Feature","properties":{},"geometry":{"type":"LineString","coordinates":[[-92.5919,42.56412],[-92.58491,42.56208]]}},{"type":"Feature","properties":{},"geometry":{"type":"LineString","coordinates":[[-92.63025,42.57503],[-92.60741,42.56936]]}},{"type":"Feature","properties":{},"geometry":{"type":"LineString","coordinates":[[-92.64532,42.57325],[-92.63025,42.57503]]}},{"type":"Feature","properties":{},"geometry":{"type":"LineString","coordinates":[[-92.65117,42.57398],[-92.64532,42.57325]]}},{"type":"Feature","properties":{},"geometry":{"type":"LineString","coordinates":[[-92.6714,42.56768],[-92.65117,42.57398]]}},{"type":"Feature","properties":{},"geometry":{"type":"LineString","coordinates":[[-92.69954,42.57361],[-92.6714,42.56768]]}},{"type":"Feature","properties":{},"geometry":{"type":"LineString","coordinates":[[-92.72505,42.57663],[-92.69954,42.57361]]}},{"type":"Feature","properties":{},"geometry":{"type":"LineString","coordinates":[[-92.76214,42.59529],[-92.73773,42.59],[-92.72505,42.57663]]}},{"type":"Feature","properties":{},"geometry":{"type":"LineString","coordinates":[[-92.76209,42.58982],[-92.76214,42.59529]]}},{"type":"Feature","properties":{},"geometry":{"type":"LineString","coordinates":[[-92.79445,42.58061],[-92.76209,42.58982]]}},{"type":"Feature","properties":{},"geometry":{"type":"LineString","coordinates":[[-92.58371,42.56265],[-92.57683,42.5677]]}},{"type":"Feature","properties":{},"geometry":{"type":"LineString","coordinates":[[-92.49163,42.5804],[-92.49473,42.56578]]}},{"type":"Feature","properties":{},"geometry":{"type":"LineString","coordinates":[[-92.49473,42.56578],[-92.49431,42.56536]]}},{"type":"Feature","properties":{},"geometry":{"type":"LineString","coordinates":[[-92.49097,42.58031],[-92.49163,42.5804]]}},{"type":"Feature","properties":{},"geometry":{"type":"LineString","coordinates":[[-92.4892,42.58799],[-92.48913,42.58765]]}},{"type":"Feature","properties":{},"geometry":{"type":"LineString","coordinates":[[-92.49333,42.60865],[-92.48467,42.60081],[-92.4892,42.58799]]}},{"type":"Feature","properties":{},"geometry":{"type":"LineString","coordinates":[[-92.49377,42.60872],[-92.49333,42.60865]]}},{"type":"Feature","properties":{},"geometry":{"type":"LineString","coordinates":[[-92.25792,42.44521],[-92.25019,42.45259],[-92.24487,42.44882],[-92.25269,42.43559]]}},{"type":"Feature","properties":{},"geometry":{"type":"LineString","coordinates":[[-92.25269,42.43559],[-92.25263,42.43522]]}},{"type":"Feature","properties":{},"geometry":{"type":"LineString","coordinates":[[-92.25834,42.44505],[-92.25792,42.44521]]}},{"type":"Feature","properties":{},"geometry":{"type":"LineString","coordinates":[[-92.21347,42.36609],[-92.21162,42.36422]]}},{"type":"Feature","properties":{},"geometry":{"type":"LineString","coordinates":[[-92.21391,42.36582],[-92.21347,42.36609]]}},{"type":"Feature","properties":{},"geometry":{"type":"LineString","coordinates":[[-92.208,42.35654],[-92.2071,42.35441]]}},{"type":"Feature","properties":{},"geometry":{"type":"LineString","coordinates":[[-92.20967,42.35765],[-92.208,42.35654]]}},{"type":"Feature","properties":{},"geometry":{"type":"LineString","coordinates":[[-92.21162,42.36422],[-92.20967,42.35765]]}},{"type":"Feature","properties":{},"geometry":{"type":"LineString","coordinates":[[-92.20695,42.35585],[-92.20439,42.35395]]}},{"type":"Feature","properties":{},"geometry":{"type":"LineString","coordinates":[[-92.20439,42.35395],[-92.20421,42.35352]]}},{"type":"Feature","properties":{},"geometry":{"type":"LineString","coordinates":[[-92.208,42.35654],[-92.20695,42.35585]]}},{"type":"Feature","properties":{},"geometry":{"type":"LineString","coordinates":[[-92.09342,42.3087],[-92.08948,42.30575]]}},{"type":"Feature","properties":{},"geometry":{"type":"LineString","coordinates":[[-92.09395,42.30836],[-92.09342,42.3087]]}},{"type":"Feature","properties":{},"geometry":{"type":"LineString","coordinates":[[-92.08948,42.30575],[-92.08917,42.3054]]}},{"type":"Feature","properties":{},"geometry":{"type":"LineString","coordinates":[[-92.04126,42.29044],[-92.03332,42.28886]]}},{"type":"Feature","properties":{},"geometry":{"type":"LineString","coordinates":[[-92.04165,42.28979],[-92.04126,42.29044]]}},{"type":"Feature","properties":{},"geometry":{"type":"LineString","coordinates":[[-92.03332,42.28886],[-92.03012,42.28749]]}},{"type":"Feature","properties":{},"geometry":{"type":"LineString","coordinates":[[-92.03012,42.28749],[-92.02918,42.28706]]}},{"type":"Feature","properties":{},"geometry":{"type":"LineString","coordinates":[[-92.0333,42.23943],[-92.04259,42.23928]]}},{"type":"Feature","properties":{},"geometry":{"type":"LineString","coordinates":[[-92.03205,42.24364],[-92.0333,42.23943]]}},{"type":"Feature","properties":{},"geometry":{"type":"LineString","coordinates":[[-92.032,42.24405],[-92.03205,42.24364]]}},{"type":"Feature","properties":{},"geometry":{"type":"LineString","coordinates":[[-92.04259,42.23928],[-92.04392,42.23681]]}},{"type":"Feature","properties":{},"geometry":{"type":"LineString","coordinates":[[-92.04392,42.23681],[-92.04741,42.22693]]}},{"type":"Feature","properties":{},"geometry":{"type":"LineString","coordinates":[[-92.04259,42.23928],[-92.04392,42.23681]]}},{"type":"Feature","properties":{},"geometry":{"type":"LineString","coordinates":[[-92.05373,42.2211],[-92.05648,42.21314]]}},{"type":"Feature","properties":{},"geometry":{"type":"LineString","coordinates":[[-92.05472,42.22125],[-92.05384,42.22104]]}},{"type":"Feature","properties":{},"geometry":{"type":"LineString","coordinates":[[-92.05384,42.22104],[-92.05373,42.2211]]}},{"type":"Feature","properties":{},"geometry":{"type":"LineString","coordinates":[[-92.05648,42.21314],[-92.04843,42.20289],[-92.03215,42.20413],[-92.02801,42.19471]]}},{"type":"Feature","properties":{},"geometry":{"type":"LineString","coordinates":[[-92.05648,42.21314],[-92.05301,42.20495]]}},{"type":"Feature","properties":{},"geometry":{"type":"LineString","coordinates":[[-92.05301,42.20495],[-92.05365,42.20457]]}},{"type":"Feature","properties":{},"geometry":{"type":"LineString","coordinates":[[-92.00019,42.17297],[-91.99818,42.17197]]}},{"type":"Feature","properties":{},"geometry":{"type":"LineString","coordinates":[[-92.00384,42.17757],[-92.00019,42.17297]]}},{"type":"Feature","properties":{},"geometry":{"type":"LineString","coordinates":[[-91.99818,42.17197],[-91.9979,42.17131]]}},{"type":"Feature","properties":{},"geometry":{"type":"LineString","coordinates":[[-92.00451,42.17729],[-92.00384,42.17757]]}},{"type":"Feature","properties":{},"geometry":{"type":"LineString","coordinates":[[-92.48895,42.58349],[-92.48869,42.58323]]}},{"type":"Feature","properties":{},"geometry":{"type":"LineString","coordinates":[[-92.49233,42.58769],[-92.48895,42.58349]]}},{"type":"Feature","properties":{},"geometry":{"type":"LineString","coordinates":[[-92.49241,42.58827],[-92.49233,42.58769]]}},{"type":"Feature","properties":{},"geometry":{"type":"LineString","coordinates":[[-92.37495,42.51353],[-92.36524,42.50998]]}},{"type":"Feature","properties":{},"geometry":{"type":"LineString","coordinates":[[-92.36524,42.50998],[-92.36351,42.51024]]}},{"type":"Feature","properties":{},"geometry":{"type":"LineString","coordinates":[[-92.37759,42.51422],[-92.37495,42.51353]]}},{"type":"Feature","properties":{},"geometry":{"type":"LineString","coordinates":[[-92.35739,42.50868],[-92.35136,42.50705]]}},{"type":"Feature","properties":{},"geometry":{"type":"LineString","coordinates":[[-92.35991,42.50827],[-92.35739,42.50868]]}},{"type":"Feature","properties":{},"geometry":{"type":"LineString","coordinates":[[-92.35136,42.50705],[-92.351,42.5061]]}},{"type":"Feature","properties":{},"geometry":{"type":"LineString","coordinates":[[-92.48777,42.5834],[-92.48567,42.58386]]}},{"type":"Feature","properties":{},"geometry":{"type":"LineString","coordinates":[[-92.48869,42.58323],[-92.48777,42.5834]]}},{"type":"Feature","properties":{},"geometry":{"type":"LineString","coordinates":[[-92.48567,42.58386],[-92.48512,42.58385]]}},{"type":"Feature","properties":{},"geometry":{"type":"LineString","coordinates":[[-92.37759,42.51422],[-92.37508,42.52006]]}},{"type":"Feature","properties":{},"geometry":{"type":"LineString","coordinates":[[-92.38437,42.51831],[-92.37759,42.51422]]}},{"type":"Feature","properties":{},"geometry":{"type":"LineString","coordinates":[[-92.48654,42.5771],[-92.4859,42.56795],[-92.49431,42.56536]]}},{"type":"Feature","properties":{},"geometry":{"type":"LineString","coordinates":[[-92.49431,42.56536],[-92.48796,42.55982]]}},{"type":"Feature","properties":{},"geometry":{"type":"LineString","coordinates":[[-92.4867,42.57765],[-92.48654,42.5771]]}},{"type":"Feature","properties":{},"geometry":{"type":"LineString","coordinates":[[-92.49097,42.58031],[-92.4867,42.57765]]}},{"type":"Feature","properties":{},"geometry":{"type":"LineString","coordinates":[[-92.48512,42.58385],[-92.48045,42.5811],[-92.48654,42.5771]]}},{"type":"Feature","properties":{},"geometry":{"type":"LineString","coordinates":[[-92.49529,42.61313],[-92.49377,42.60872]]}},{"type":"Feature","properties":{},"geometry":{"type":"LineString","coordinates":[[-92.49241,42.58827],[-92.48913,42.58765]]}},{"type":"Feature","properties":{},"geometry":{"type":"LineString","coordinates":[[-92.48913,42.58765],[-92.48512,42.58385]]}},{"type":"Feature","properties":{},"geometry":{"type":"LineString","coordinates":[[-92.49377,42.60872],[-92.50142,42.60302],[-92.49241,42.58827]]}},{"type":"Feature","properties":{},"geometry":{"type":"LineString","coordinates":[[-92.48759,42.55943],[-92.47803,42.55257]]}},{"type":"Feature","properties":{},"geometry":{"type":"LineString","coordinates":[[-91.70971,42.00992],[-91.68694,42.00002]]}},{"type":"Feature","properties":{},"geometry":{"type":"LineString","coordinates":[[-91.74397,42.00347],[-91.73586,42.00172]]}},{"type":"Feature","properties":{},"geometry":{"type":"LineString","coordinates":[[-91.68694,42.00002],[-91.68159,41.99529]]}},{"type":"Feature","properties":{},"geometry":{"type":"LineString","coordinates":[[-91.7227,42.00002],[-91.70971,42.00992]]}},{"type":"Feature","properties":{},"geometry":{"type":"LineString","coordinates":[[-91.73586,42.00172],[-91.73379,42.00001]]}},{"type":"Feature","properties":{},"geometry":{"type":"LineString","coordinates":[[-91.67484,41.988],[-91.67457,41.98496]]}},{"type":"Feature","properties":{},"geometry":{"type":"LineString","coordinates":[[-91.73379,42.00001],[-91.7227,42.00002]]}},{"type":"Feature","properties":{},"geometry":{"type":"LineString","coordinates":[[-91.67457,41.98496],[-91.6569,41.96526],[-91.64219,41.96704],[-91.6411,41.95829]]}},{"type":"Feature","properties":{},"geometry":{"type":"LineString","coordinates":[[-91.6411,41.95829],[-91.63743,41.94984]]}},{"type":"Feature","properties":{},"geometry":{"type":"LineString","coordinates":[[-91.68159,41.99529],[-91.67484,41.988]]}},{"type":"Feature","properties":{},"geometry":{"type":"LineString","coordinates":[[-91.75065,42.04369],[-91.74014,42.02929]]}},{"type":"Feature","properties":{},"geometry":{"type":"LineString","coordinates":[[-91.77798,42.05975],[-91.77622,42.06016]]}},{"type":"Feature","properties":{},"geometry":{"type":"LineString","coordinates":[[-91.77622,42.06016],[-91.77561,42.05967]]}},{"type":"Feature","properties":{},"geometry":{"type":"LineString","coordinates":[[-91.77018,42.10351],[-91.77084,42.0972]]}},{"type":"Feature","properties":{},"geometry":{"type":"LineString","coordinates":[[-91.7686,42.10607],[-91.77018,42.10351]]}},{"type":"Feature","properties":{},"geometry":{"type":"LineString","coordinates":[[-91.76828,42.11009],[-91.77018,42.10351]]}},{"type":"Feature","properties":{},"geometry":{"type":"LineString","coordinates":[[-91.80684,42.16016],[-91.79327,42.15462],[-91.78964,42.14215]]}},{"type":"Feature","properties":{},"geometry":{"type":"LineString","coordinates":[[-91.85461,42.17822],[-91.83004,42.17173]]}},{"type":"Feature","properties":{},"geometry":{"type":"LineString","coordinates":[[-91.83201,42.17514],[-91.83004,42.17173]]}},{"type":"Feature","properties":{},"geometry":{"type":"LineString","coordinates":[[-91.87239,42.18697],[-91.85461,42.17822]]}},{"type":"Feature","properties":{},"geometry":{"type":"LineString","coordinates":[[-91.89345,42.19026],[-91.89155,42.19031]]}},{"type":"Feature","properties":{},"geometry":{"type":"LineString","coordinates":[[-91.89394,42.19075],[-91.89345,42.19026]]}},{"type":"Feature","properties":{},"geometry":{"type":"LineString","coordinates":[[-91.89155,42.19031],[-91.89126,42.19086]]}},{"type":"Feature","properties":{},"geometry":{"type":"LineString","coordinates":[[-92.10192,42.30518],[-92.08794,42.30442]]}},{"type":"Feature","properties":{},"geometry":{"type":"LineString","coordinates":[[-92.11473,42.3071],[-92.10192,42.30518]]}},{"type":"Feature","properties":{},"geometry":{"type":"LineString","coordinates":[[-92.08794,42.30442],[-92.08427,42.30444]]}},{"type":"Feature","properties":{},"geometry":{"type":"LineString","coordinates":[[-91.68019,41.99554],[-91.67439,41.99049]]}},{"type":"Feature","properties":{},"geometry":{"type":"LineString","coordinates":[[-91.67439,41.99049],[-91.67484,41.988]]}},{"type":"Feature","properties":{},"geometry":{"type":"LineString","coordinates":[[-91.68159,41.99529],[-91.68019,41.99554]]}},{"type":"Feature","properties":{},"geometry":{"type":"LineString","coordinates":[[-92.48796,42.55982],[-92.48759,42.55943]]}},{"type":"Feature","properties":{},"geometry":{"type":"LineString","coordinates":[[-92.48759,42.55943],[-92.48115,42.55265]]}},{"type":"Feature","properties":{},"geometry":{"type":"LineString","coordinates":[[-92.48115,42.55265],[-92.47803,42.55257]]}},{"type":"Feature","properties":{},"geometry":{"type":"LineString","coordinates":[[-92.17085,42.33992],[-92.1659,42.33655]]}},{"type":"Feature","properties":{},"geometry":{"type":"LineString","coordinates":[[-92.11503,42.30846],[-92.10372,42.31221]]}},{"type":"Feature","properties":{},"geometry":{"type":"LineString","coordinates":[[-92.11733,42.30987],[-92.11503,42.30846]]}},{"type":"Feature","properties":{},"geometry":{"type":"LineString","coordinates":[[-92.05284,42.22368],[-92.05472,42.22125]]}},{"type":"Feature","properties":{},"geometry":{"type":"LineString","coordinates":[[-92.05416,42.20526],[-92.05365,42.20457]]}},{"type":"Feature","properties":{},"geometry":{"type":"LineString","coordinates":[[-92.0365,42.18908],[-92.02572,42.17278]]}},{"type":"Feature","properties":{},"geometry":{"type":"LineString","coordinates":[[-92.02572,42.17278],[-92.00807,42.18223]]}},{"type":"Feature","properties":{},"geometry":{"type":"LineString","coordinates":[[-92.00807,42.18223],[-92.00649,42.18111]]}},{"type":"Feature","properties":{},"geometry":{"type":"LineString","coordinates":[[-91.91818,42.17688],[-91.91521,42.17759]]}},{"type":"Feature","properties":{},"geometry":{"type":"LineString","coordinates":[[-91.76821,42.11091],[-91.76828,42.11009]]}},{"type":"Feature","properties":{},"geometry":{"type":"LineString","coordinates":[[-91.76828,42.11009],[-91.7686,42.10607]]}},{"type":"Feature","properties":{},"geometry":{"type":"LineString","coordinates":[[-91.7686,42.10607],[-91.76441,42.09985],[-91.77084,42.0972]]}},{"type":"Feature","properties":{},"geometry":{"type":"LineString","coordinates":[[-91.76245,42.04783],[-91.75396,42.0493]]}},{"type":"Feature","properties":{},"geometry":{"type":"LineString","coordinates":[[-91.75739,42.03787],[-91.75479,42.03563]]}},{"type":"Feature","properties":{},"geometry":{"type":"LineString","coordinates":[[-91.75479,42.03563],[-91.745,42.03155]]}},{"type":"Feature","properties":{},"geometry":{"type":"LineString","coordinates":[[-92.05591,42.28915],[-92.05176,42.28963]]}},{"type":"Feature","properties":{},"geometry":{"type":"LineString","coordinates":[[-92.05176,42.28963],[-92.04165,42.28979]]}},{"type":"Feature","properties":{},"geometry":{"type":"LineString","coordinates":[[-92.02918,42.28706],[-92.0257,42.28709]]}},{"type":"Feature","properties":{},"geometry":{"type":"LineString","coordinates":[[-92.21797,42.37715],[-92.21421,42.36858]]}},{"type":"Feature","properties":{},"geometry":{"type":"LineString","coordinates":[[-92.21421,42.36858],[-92.21391,42.36582]]}},{"type":"Feature","properties":{},"geometry":{"type":"LineString","coordinates":[[-91.96067,42.1665],[-91.95297,42.16388]]}},{"type":"Feature","properties":{},"geometry":{"type":"LineString","coordinates":[[-91.95297,42.16388],[-91.94964,42.15968]]}},{"type":"Feature","properties":{},"geometry":{"type":"LineString","coordinates":[[-92.04165,42.28979],[-92.02918,42.28706]]}},{"type":"Feature","properties":{},"geometry":{"type":"LineString","coordinates":[[-91.74014,42.02929],[-91.73839,42.0261]]}},{"type":"Feature","properties":{},"geometry":{"type":"LineString","coordinates":[[-91.73872,42.02061],[-91.7451,42.00438]]}},{"type":"Feature","properties":{},"geometry":{"type":"LineString","coordinates":[[-91.73839,42.0261],[-91.73872,42.02061]]}},{"type":"Feature","properties":{},"geometry":{"type":"LineString","coordinates":[[-91.75065,42.04369],[-91.75739,42.03787]]}},{"type":"Feature","properties":{},"geometry":{"type":"LineString","coordinates":[[-91.77951,42.05024],[-91.76245,42.04783]]}},{"type":"Feature","properties":{},"geometry":{"type":"LineString","coordinates":[[-91.77084,42.0972],[-91.77964,42.07612]]}},{"type":"Feature","properties":{},"geometry":{"type":"LineString","coordinates":[[-91.78964,42.14215],[-91.77977,42.12384]]}},{"type":"Feature","properties":{},"geometry":{"type":"LineString","coordinates":[[-91.83004,42.17173],[-91.81382,42.16281]]}},{"type":"Feature","properties":{},"geometry":{"type":"LineString","coordinates":[[-91.85461,42.17822],[-91.84593,42.17955]]}},{"type":"Feature","properties":{},"geometry":{"type":"LineString","coordinates":[[-91.90456,42.18914],[-91.89394,42.19075]]}},{"type":"Feature","properties":{},"geometry":{"type":"LineString","coordinates":[[-91.9077,42.18715],[-91.90456,42.18914]]}},{"type":"Feature","properties":{},"geometry":{"type":"LineString","coordinates":[[-91.91521,42.17759],[-91.9077,42.18715]]}},{"type":"Feature","properties":{},"geometry":{"type":"LineString","coordinates":[[-91.89126,42.19086],[-91.8818,42.18875]]}},{"type":"Feature","properties":{},"geometry":{"type":"LineString","coordinates":[[-91.89394,42.19075],[-91.89126,42.19086]]}},{"type":"Feature","properties":{},"geometry":{"type":"LineString","coordinates":[[-91.97647,42.16541],[-91.9723,42.16965]]}},{"type":"Feature","properties":{},"geometry":{"type":"LineString","coordinates":[[-91.98659,42.16452],[-91.98428,42.16324]]}},{"type":"Feature","properties":{},"geometry":{"type":"LineString","coordinates":[[-91.98428,42.16324],[-91.97647,42.16541]]}},{"type":"Feature","properties":{},"geometry":{"type":"LineString","coordinates":[[-91.9723,42.16965],[-91.96067,42.1665]]}},{"type":"Feature","properties":{},"geometry":{"type":"LineString","coordinates":[[-92.00019,42.17052],[-91.9979,42.17131]]}},{"type":"Feature","properties":{},"geometry":{"type":"LineString","coordinates":[[-91.9979,42.17131],[-91.98659,42.16452]]}},{"type":"Feature","properties":{},"geometry":{"type":"LineString","coordinates":[[-92.00649,42.18111],[-92.00451,42.17729]]}},{"type":"Feature","properties":{},"geometry":{"type":"LineString","coordinates":[[-92.00451,42.17729],[-92.00019,42.17052]]}},{"type":"Feature","properties":{},"geometry":{"type":"LineString","coordinates":[[-92.05365,42.20457],[-92.0365,42.18908]]}},{"type":"Feature","properties":{},"geometry":{"type":"LineString","coordinates":[[-92.05629,42.21929],[-92.05884,42.21305]]}},{"type":"Feature","properties":{},"geometry":{"type":"LineString","coordinates":[[-92.03774,42.24611],[-92.04917,42.24317]]}},{"type":"Feature","properties":{},"geometry":{"type":"LineString","coordinates":[[-92.03503,42.24549],[-92.03774,42.24611]]}},{"type":"Feature","properties":{},"geometry":{"type":"LineString","coordinates":[[-92.032,42.24405],[-92.03503,42.24549]]}},{"type":"Feature","properties":{},"geometry":{"type":"LineString","coordinates":[[-92.04917,42.24317],[-92.05829,42.23572],[-92.05284,42.22368]]}},{"type":"Feature","properties":{},"geometry":{"type":"LineString","coordinates":[[-92.08917,42.3054],[-92.08794,42.30442]]}},{"type":"Feature","properties":{},"geometry":{"type":"LineString","coordinates":[[-92.10372,42.31221],[-92.09395,42.30836]]}},{"type":"Feature","properties":{},"geometry":{"type":"LineString","coordinates":[[-92.09395,42.30836],[-92.08917,42.3054]]}},{"type":"Feature","properties":{},"geometry":{"type":"LineString","coordinates":[[-92.11503,42.30846],[-92.11473,42.3071]]}},{"type":"Feature","properties":{},"geometry":{"type":"LineString","coordinates":[[-92.1659,42.33655],[-92.1501,42.32709]]}},{"type":"Feature","properties":{},"geometry":{"type":"LineString","coordinates":[[-92.21391,42.36582],[-92.2071,42.35441]]}},{"type":"Feature","properties":{},"geometry":{"type":"LineString","coordinates":[[-92.35991,42.50827],[-92.35475,42.5064]]}},{"type":"Feature","properties":{},"geometry":{"type":"LineString","coordinates":[[-92.36351,42.51024],[-92.35991,42.50827]]}},{"type":"Feature","properties":{},"geometry":{"type":"LineString","coordinates":[[-92.37508,42.52006],[-92.36351,42.51024]]}},{"type":"Feature","properties":{},"geometry":{"type":"LineString","coordinates":[[-92.47803,42.55257],[-92.44722,42.54005]]}},{"type":"Feature","properties":{},"geometry":{"type":"LineString","coordinates":[[-92.48869,42.58323],[-92.49097,42.58031]]}},{"type":"Feature","properties":{},"geometry":{"type":"LineString","coordinates":[[-92.05884,42.21305],[-92.05641,42.20761]]}},{"type":"Feature","properties":{},"geometry":{"type":"LineString","coordinates":[[-91.88106,42.18886],[-91.87239,42.18697]]}},{"type":"Feature","properties":{},"geometry":{"type":"LineString","coordinates":[[-91.8815,42.18879],[-91.88106,42.18886]]}},{"type":"Feature","properties":{},"geometry":{"type":"LineString","coordinates":[[-91.8818,42.18875],[-91.8815,42.18879]]}},{"type":"Feature","properties":{},"geometry":{"type":"LineString","coordinates":[[-92.02801,42.19471],[-92.02795,42.19438]]}},{"type":"Feature","properties":{},"geometry":{"type":"LineString","coordinates":[[-92.4455,42.53916],[-92.43339,42.52664]]}},{"type":"Feature","properties":{},"geometry":{"type":"LineString","coordinates":[[-92.44722,42.54005],[-92.4455,42.53916]]}},{"type":"Feature","properties":{},"geometry":{"type":"LineString","coordinates":[[-91.33148,41.35012],[-91.33961,41.33391]]}},{"type":"Feature","properties":{},"geometry":{"type":"LineString","coordinates":[[-91.33961,41.33391],[-91.35209,41.32565],[-91.3452,41.30943]]}},{"type":"Feature","properties":{},"geometry":{"type":"LineString","coordinates":[[-91.3452,41.30943],[-91.34696,41.2828]]}},{"type":"Feature","properties":{},"geometry":{"type":"LineString","coordinates":[[-91.30652,41.37725],[-91.30816,41.37295]]}},{"type":"Feature","properties":{},"geometry":{"type":"LineString","coordinates":[[-91.30816,41.37295],[-91.31952,41.36135]]}},{"type":"Feature","properties":{},"geometry":{"type":"LineString","coordinates":[[-91.31952,41.36135],[-91.33148,41.35012]]}},{"type":"Feature","properties":{},"geometry":{"type":"LineString","coordinates":[[-91.29683,41.39232],[-91.30877,41.38686],[-91.30652,41.37725]]}},{"type":"Feature","properties":{},"geometry":{"type":"LineString","coordinates":[[-91.28583,41.41325],[-91.29683,41.39232]]}},{"type":"Feature","properties":{},"geometry":{"type":"LineString","coordinates":[[-91.27409,41.42369],[-91.28583,41.41325]]}},{"type":"Feature","properties":{},"geometry":{"type":"LineString","coordinates":[[-91.27514,41.43768],[-91.27476,41.43666]]}},{"type":"Feature","properties":{},"geometry":{"type":"LineString","coordinates":[[-91.26014,41.44263],[-91.27514,41.43768]]}},{"type":"Feature","properties":{},"geometry":{"type":"LineString","coordinates":[[-91.25032,41.45253],[-91.26014,41.44263]]}},{"type":"Feature","properties":{},"geometry":{"type":"LineString","coordinates":[[-91.2484,41.45279],[-91.25032,41.45253]]}},{"type":"Feature","properties":{},"geometry":{"type":"LineString","coordinates":[[-91.23962,41.45408],[-91.2484,41.45279]]}},{"type":"Feature","properties":{},"geometry":{"type":"LineString","coordinates":[[-91.21641,41.45442],[-91.21791,41.45508]]}},{"type":"Feature","properties":{},"geometry":{"type":"LineString","coordinates":[[-91.21791,41.45508],[-91.23962,41.45408]]}},{"type":"Feature","properties":{},"geometry":{"type":"LineString","coordinates":[[-91.17361,41.47885],[-91.19471,41.47508]]}},{"type":"Feature","properties":{},"geometry":{"type":"LineString","coordinates":[[-91.17229,41.48229],[-91.17361,41.47885]]}},{"type":"Feature","properties":{},"geometry":{"type":"LineString","coordinates":[[-91.17562,41.49972],[-91.17229,41.48229]]}},{"type":"Feature","properties":{},"geometry":{"type":"LineString","coordinates":[[-91.17576,41.50005],[-91.17562,41.49972]]}},{"type":"Feature","properties":{},"geometry":{"type":"LineString","coordinates":[[-91.15819,41.51329],[-91.17576,41.50005]]}},{"type":"Feature","properties":{},"geometry":{"type":"LineString","coordinates":[[-91.10608,41.55473],[-91.10463,41.54306]]}},{"type":"Feature","properties":{},"geometry":{"type":"LineString","coordinates":[[-91.09508,41.55488],[-91.1051,41.55529]]}},{"type":"Feature","properties":{},"geometry":{"type":"LineString","coordinates":[[-91.1051,41.55529],[-91.10608,41.55473]]}},{"type":"Feature","properties":{},"geometry":{"type":"LineString","coordinates":[[-91.06325,41.57255],[-91.07059,41.56379],[-91.09483,41.5644],[-91.09508,41.55488]]}},{"type":"Feature","properties":{},"geometry":{"type":"LineString","coordinates":[[-91.11238,41.59074],[-91.08734,41.57757],[-91.10725,41.57054],[-91.10608,41.55473]]}},{"type":"Feature","properties":{},"geometry":{"type":"LineString","coordinates":[[-91.15706,41.62182],[-91.15934,41.61775]]}},{"type":"Feature","properties":{},"geometry":{"type":"LineString","coordinates":[[-91.15934,41.61775],[-91.11238,41.59074]]}},{"type":"Feature","properties":{},"geometry":{"type":"LineString","coordinates":[[-91.13401,41.64779],[-91.13682,41.63354],[-91.15706,41.62182]]}},{"type":"Feature","properties":{},"geometry":{"type":"LineString","coordinates":[[-91.13614,41.65123],[-91.13401,41.64779]]}},{"type":"Feature","properties":{},"geometry":{"type":"LineString","coordinates":[[-91.17489,41.68067],[-91.16998,41.67639]]}},{"type":"Feature","properties":{},"geometry":{"type":"LineString","coordinates":[[-91.17499,41.68067],[-91.17489,41.68067]]}},{"type":"Feature","properties":{},"geometry":{"type":"LineString","coordinates":[[-91.17608,41.68065],[-91.17499,41.68067]]}},{"type":"Feature","properties":{},"geometry":{"type":"LineString","coordinates":[[-91.18766,41.69988],[-91.17608,41.68065]]}},{"type":"Feature","properties":{},"geometry":{"type":"LineString","coordinates":[[-91.19085,41.70248],[-91.18766,41.69988]]}},{"type":"Feature","properties":{},"geometry":{"type":"LineString","coordinates":[[-91.20022,41.71028],[-91.19304,41.7037]]}},{"type":"Feature","properties":{},"geometry":{"type":"LineString","coordinates":[[-91.19304,41.7037],[-91.19085,41.70248]]}},{"type":"Feature","properties":{},"geometry":{"type":"LineString","coordinates":[[-91.21796,41.71671],[-91.20022,41.71028]]}},{"type":"Feature","properties":{},"geometry":{"type":"LineString","coordinates":[[-91.22524,41.7194],[-91.21796,41.71671]]}},{"type":"Feature","properties":{},"geometry":{"type":"LineString","coordinates":[[-91.22806,41.72071],[-91.22524,41.7194]]}},{"type":"Feature","properties":{},"geometry":{"type":"LineString","coordinates":[[-91.25522,41.74386],[-91.2459,41.73372]]}},{"type":"Feature","properties":{},"geometry":{"type":"LineString","coordinates":[[-91.2459,41.73372],[-91.23267,41.72376]]}},{"type":"Feature","properties":{},"geometry":{"type":"LineString","coordinates":[[-91.23267,41.72376],[-91.22806,41.72071]]}},{"type":"Feature","properties":{},"geometry":{"type":"LineString","coordinates":[[-91.2675,41.75049],[-91.25522,41.74386]]}},{"type":"Feature","properties":{},"geometry":{"type":"LineString","coordinates":[[-91.27162,41.75426],[-91.26818,41.75118]]}},{"type":"Feature","properties":{},"geometry":{"type":"LineString","coordinates":[[-91.26818,41.75118],[-91.2675,41.75049]]}},{"type":"Feature","properties":{},"geometry":{"type":"LineString","coordinates":[[-91.28046,41.76344],[-91.27162,41.75426]]}},{"type":"Feature","properties":{},"geometry":{"type":"LineString","coordinates":[[-91.30708,41.77891],[-91.28046,41.76344]]}},{"type":"Feature","properties":{},"geometry":{"type":"LineString","coordinates":[[-91.31265,41.78811],[-91.30708,41.77891]]}},{"type":"Feature","properties":{},"geometry":{"type":"LineString","coordinates":[[-91.31414,41.80387],[-91.31265,41.78811]]}},{"type":"Feature","properties":{},"geometry":{"type":"LineString","coordinates":[[-91.3409,41.8135],[-91.33855,41.81187]]}},{"type":"Feature","properties":{},"geometry":{"type":"LineString","coordinates":[[-91.33855,41.81187],[-91.33071,41.80662]]}},{"type":"Feature","properties":{},"geometry":{"type":"LineString","coordinates":[[-91.33071,41.80662],[-91.31414,41.80387]]}},{"type":"Feature","properties":{},"geometry":{"type":"LineString","coordinates":[[-91.34415,41.81388],[-91.3409,41.8135]]}},{"type":"Feature","properties":{},"geometry":{"type":"LineString","coordinates":[[-91.34923,41.81011],[-91.34415,41.81388]]}},{"type":"Feature","properties":{},"geometry":{"type":"LineString","coordinates":[[-91.36376,41.8105],[-91.34923,41.81011]]}},{"type":"Feature","properties":{},"geometry":{"type":"LineString","coordinates":[[-91.37682,41.81956],[-91.36839,41.82033]]}},{"type":"Feature","properties":{},"geometry":{"type":"LineString","coordinates":[[-91.42849,41.88153],[-91.4239,41.86808]]}},{"type":"Feature","properties":{},"geometry":{"type":"LineString","coordinates":[[-91.41125,41.85824],[-91.39408,41.85192]]}},{"type":"Feature","properties":{},"geometry":{"type":"LineString","coordinates":[[-91.4239,41.86808],[-91.41125,41.85824]]}},{"type":"Feature","properties":{},"geometry":{"type":"LineString","coordinates":[[-91.46469,41.88254],[-91.45678,41.87558]]}},{"type":"Feature","properties":{},"geometry":{"type":"LineString","coordinates":[[-91.43832,41.88175],[-91.42849,41.88153]]}},{"type":"Feature","properties":{},"geometry":{"type":"LineString","coordinates":[[-91.45294,41.87542],[-91.43832,41.88175]]}},{"type":"Feature","properties":{},"geometry":{"type":"LineString","coordinates":[[-91.45678,41.87558],[-91.45294,41.87542]]}},{"type":"Feature","properties":{},"geometry":{"type":"LineString","coordinates":[[-91.46521,41.88296],[-91.46469,41.88254]]}},{"type":"Feature","properties":{},"geometry":{"type":"LineString","coordinates":[[-91.47747,41.89064],[-91.46521,41.88296]]}},{"type":"Feature","properties":{},"geometry":{"type":"LineString","coordinates":[[-91.48611,41.8974],[-91.48002,41.89201]]}},{"type":"Feature","properties":{},"geometry":{"type":"LineString","coordinates":[[-91.48002,41.89201],[-91.47747,41.89064]]}},{"type":"Feature","properties":{},"geometry":{"type":"LineString","coordinates":[[-91.48964,41.89966],[-91.48611,41.8974]]}},{"type":"Feature","properties":{},"geometry":{"type":"LineString","coordinates":[[-91.50995,41.91836],[-91.50866,41.90153]]}},{"type":"Feature","properties":{},"geometry":{"type":"LineString","coordinates":[[-91.50866,41.90153],[-91.50164,41.90021]]}},{"type":"Feature","properties":{},"geometry":{"type":"LineString","coordinates":[[-91.49765,41.90013],[-91.48964,41.89966]]}},{"type":"Feature","properties":{},"geometry":{"type":"LineString","coordinates":[[-91.50164,41.90021],[-91.49765,41.90013]]}},{"type":"Feature","properties":{},"geometry":{"type":"LineString","coordinates":[[-91.54658,41.9215],[-91.50995,41.91836]]}},{"type":"Feature","properties":{},"geometry":{"type":"LineString","coordinates":[[-91.5664,41.95541],[-91.56119,41.93556]]}},{"type":"Feature","properties":{},"geometry":{"type":"LineString","coordinates":[[-91.58054,41.96401],[-91.5664,41.95541]]}},{"type":"Feature","properties":{},"geometry":{"type":"LineString","coordinates":[[-91.60042,41.95261],[-91.59209,41.95743]]}},{"type":"Feature","properties":{},"geometry":{"type":"LineString","coordinates":[[-91.63394,41.94449],[-91.62162,41.94454]]}},{"type":"Feature","properties":{},"geometry":{"type":"LineString","coordinates":[[-91.62162,41.94454],[-91.60042,41.95261]]}},{"type":"Feature","properties":{},"geometry":{"type":"LineString","coordinates":[[-91.63743,41.94984],[-91.63394,41.94449]]}},{"type":"Feature","properties":{},"geometry":{"type":"LineString","coordinates":[[-91.59209,41.95743],[-91.58054,41.96401]]}},{"type":"Feature","properties":{},"geometry":{"type":"LineString","coordinates":[[-91.40166,41.81809],[-91.39117,41.81352]]}},{"type":"Feature","properties":{},"geometry":{"type":"LineString","coordinates":[[-91.40106,41.81922],[-91.40166,41.81809]]}},{"type":"Feature","properties":{},"geometry":{"type":"LineString","coordinates":[[-91.29017,41.41965],[-91.28607,41.41395]]}},{"type":"Feature","properties":{},"geometry":{"type":"LineString","coordinates":[[-91.28607,41.41395],[-91.28583,41.41325]]}},{"type":"Feature","properties":{},"geometry":{"type":"LineString","coordinates":[[-91.29162,41.42418],[-91.29017,41.41965]]}},{"type":"Feature","properties":{},"geometry":{"type":"LineString","coordinates":[[-91.27476,41.43666],[-91.27556,41.43662]]}},{"type":"Feature","properties":{},"geometry":{"type":"LineString","coordinates":[[-91.2767,41.43569],[-91.27683,41.43569]]}},{"type":"Feature","properties":{},"geometry":{"type":"LineString","coordinates":[[-91.27683,41.43569],[-91.29162,41.42418]]}},{"type":"Feature","properties":{},"geometry":{"type":"LineString","coordinates":[[-91.27556,41.43662],[-91.2767,41.43569]]}},{"type":"Feature","properties":{},"geometry":{"type":"LineString","coordinates":[[-91.15718,41.52398],[-91.165,41.52004],[-91.158,41.51595]]}},{"type":"Feature","properties":{},"geometry":{"type":"LineString","coordinates":[[-91.158,41.51595],[-91.15819,41.51329]]}},{"type":"Feature","properties":{},"geometry":{"type":"LineString","coordinates":[[-91.15688,41.53034],[-91.15718,41.52398]]}},{"type":"Feature","properties":{},"geometry":{"type":"LineString","coordinates":[[-91.14918,41.5353],[-91.15688,41.53034]]}},{"type":"Feature","properties":{},"geometry":{"type":"LineString","coordinates":[[-91.14873,41.53481],[-91.14918,41.5353]]}},{"type":"Feature","properties":{},"geometry":{"type":"LineString","coordinates":[[-91.33977,41.81164],[-91.33855,41.81187]]}},{"type":"Feature","properties":{},"geometry":{"type":"LineString","coordinates":[[-91.34923,41.81011],[-91.34831,41.80935]]}},{"type":"Feature","properties":{},"geometry":{"type":"LineString","coordinates":[[-91.34831,41.80935],[-91.33977,41.81164]]}},{"type":"Feature","properties":{},"geometry":{"type":"LineString","coordinates":[[-91.37019,41.81048],[-91.36518,41.8107]]}},{"type":"Feature","properties":{},"geometry":{"type":"LineString","coordinates":[[-91.38142,41.81313],[-91.37019,41.81048]]}},{"type":"Feature","properties":{},"geometry":{"type":"LineString","coordinates":[[-91.38196,41.81343],[-91.38142,41.81313]]}},{"type":"Feature","properties":{},"geometry":{"type":"LineString","coordinates":[[-91.55663,41.93272],[-91.55611,41.93085]]}},{"type":"Feature","properties":{},"geometry":{"type":"LineString","coordinates":[[-91.36368,41.81809],[-91.35053,41.82452],[-91.34485,41.8145]]}},{"type":"Feature","properties":{},"geometry":{"type":"LineString","coordinates":[[-91.36405,41.81722],[-91.36368,41.81809]]}},{"type":"Feature","properties":{},"geometry":{"type":"LineString","coordinates":[[-91.34485,41.8145],[-91.34415,41.81388]]}},{"type":"Feature","properties":{},"geometry":{"type":"LineString","coordinates":[[-91.21195,41.45586],[-91.21196,41.45585]]}},{"type":"Feature","properties":{},"geometry":{"type":"LineString","coordinates":[[-91.20925,41.46028],[-91.21195,41.45586]]}},{"type":"Feature","properties":{},"geometry":{"type":"LineString","coordinates":[[-91.21012,41.46042],[-91.20925,41.46028]]}},{"type":"Feature","properties":{},"geometry":{"type":"LineString","coordinates":[[-91.21196,41.45585],[-91.21215,41.45587]]}},{"type":"Feature","properties":{},"geometry":{"type":"LineString","coordinates":[[-91.3382,41.33371],[-91.34209,41.33051]]}},{"type":"Feature","properties":{},"geometry":{"type":"LineString","coordinates":[[-91.34209,41.33051],[-91.34422,41.30988]]}},{"type":"Feature","properties":{},"geometry":{"type":"LineString","coordinates":[[-91.34422,41.30988],[-91.3452,41.30943]]}},{"type":"Feature","properties":{},"geometry":{"type":"LineString","coordinates":[[-91.33961,41.33391],[-91.33828,41.33366]]}},{"type":"Feature","properties":{},"geometry":{"type":"LineString","coordinates":[[-91.33828,41.33366],[-91.3382,41.33371]]}},{"type":"Feature","properties":{},"geometry":{"type":"LineString","coordinates":[[-91.38959,41.8137],[-91.38196,41.81343]]}},{"type":"Feature","properties":{},"geometry":{"type":"LineString","coordinates":[[-91.36839,41.82033],[-91.36405,41.81722]]}},{"type":"Feature","properties":{},"geometry":{"type":"LineString","coordinates":[[-91.36405,41.81722],[-91.36376,41.8105]]}},{"type":"Feature","properties":{},"geometry":{"type":"LineString","coordinates":[[-91.3908,41.84784],[-91.39362,41.83814]]}},{"type":"Feature","properties":{},"geometry":{"type":"LineString","coordinates":[[-91.39362,41.83814],[-91.40164,41.82984]]}},{"type":"Feature","properties":{},"geometry":{"type":"LineString","coordinates":[[-91.56119,41.93556],[-91.55663,41.93272]]}},{"type":"Feature","properties":{},"geometry":{"type":"LineString","coordinates":[[-91.49669,41.89932],[-91.48689,41.89738]]}},{"type":"Feature","properties":{},"geometry":{"type":"LineString","coordinates":[[-91.49765,41.90013],[-91.49669,41.89932]]}},{"type":"Feature","properties":{},"geometry":{"type":"LineString","coordinates":[[-91.48689,41.89738],[-91.48611,41.8974]]}},{"type":"Feature","properties":{},"geometry":{"type":"LineString","coordinates":[[-91.47251,41.88593],[-91.46721,41.88297]]}},{"type":"Feature","properties":{},"geometry":{"type":"LineString","coordinates":[[-91.46721,41.88297],[-91.46521,41.88296]]}},{"type":"Feature","properties":{},"geometry":{"type":"LineString","coordinates":[[-91.47747,41.89064],[-91.47251,41.88593]]}},{"type":"Feature","properties":{},"geometry":{"type":"LineString","coordinates":[[-91.40106,41.81922],[-91.38959,41.8137]]}},{"type":"Feature","properties":{},"geometry":{"type":"LineString","coordinates":[[-91.55156,41.92919],[-91.552,41.928]]}},{"type":"Feature","properties":{},"geometry":{"type":"LineString","coordinates":[[-91.38196,41.81343],[-91.38082,41.81688]]}},{"type":"Feature","properties":{},"geometry":{"type":"LineString","coordinates":[[-91.17608,41.68065],[-91.17616,41.67945]]}},{"type":"Feature","properties":{},"geometry":{"type":"LineString","coordinates":[[-91.17616,41.67945],[-91.16806,41.6731]]}},{"type":"Feature","properties":{},"geometry":{"type":"LineString","coordinates":[[-91.12566,41.54064],[-91.13879,41.53698]]}},{"type":"Feature","properties":{},"geometry":{"type":"LineString","coordinates":[[-91.13879,41.53698],[-91.14873,41.53481]]}},{"type":"Feature","properties":{},"geometry":{"type":"LineString","coordinates":[[-91.14873,41.53481],[-91.14554,41.5206],[-91.15819,41.51329]]}},{"type":"Feature","properties":{},"geometry":{"type":"LineString","coordinates":[[-91.2131,41.45524],[-91.21641,41.45442]]}},{"type":"Feature","properties":{},"geometry":{"type":"LineString","coordinates":[[-91.2716,41.42842],[-91.27409,41.42369]]}},{"type":"Feature","properties":{},"geometry":{"type":"LineString","coordinates":[[-91.27476,41.43666],[-91.2716,41.42842]]}},{"type":"Feature","properties":{},"geometry":{"type":"LineString","coordinates":[[-91.21187,41.45861],[-91.21215,41.45587]]}},{"type":"Feature","properties":{},"geometry":{"type":"LineString","coordinates":[[-91.19471,41.47508],[-91.21036,41.47405]]}},{"type":"Feature","properties":{},"geometry":{"type":"LineString","coordinates":[[-91.21036,41.47405],[-91.20648,41.46452]]}},{"type":"Feature","properties":{},"geometry":{"type":"LineString","coordinates":[[-91.21012,41.46042],[-91.21187,41.45861]]}},{"type":"Feature","properties":{},"geometry":{"type":"LineString","coordinates":[[-91.21215,41.45587],[-91.2131,41.45524]]}},{"type":"Feature","properties":{},"geometry":{"type":"LineString","coordinates":[[-91.20648,41.46452],[-91.21012,41.46042]]}},{"type":"Feature","properties":{},"geometry":{"type":"LineString","coordinates":[[-91.10463,41.54306],[-91.12566,41.54064]]}},{"type":"Feature","properties":{},"geometry":{"type":"LineString","coordinates":[[-91.13814,41.65372],[-91.13614,41.65123]]}},{"type":"Feature","properties":{},"geometry":{"type":"LineString","coordinates":[[-91.16806,41.6731],[-91.13814,41.65372]]}},{"type":"Feature","properties":{},"geometry":{"type":"LineString","coordinates":[[-91.38082,41.81688],[-91.37682,41.81956]]}},{"type":"Feature","properties":{},"geometry":{"type":"LineString","coordinates":[[-91.40164,41.82984],[-91.40106,41.81922]]}},{"type":"Feature","properties":{},"geometry":{"type":"LineString","coordinates":[[-91.39408,41.85192],[-91.3908,41.84784]]}},{"type":"Feature","properties":{},"geometry":{"type":"LineString","coordinates":[[-91.552,41.928],[-91.54658,41.9215]]}},{"type":"Feature","properties":{},"geometry":{"type":"LineString","coordinates":[[-91.55663,41.93272],[-91.55156,41.92919]]}},{"type":"Feature","properties":{},"geometry":{"type":"LineString","coordinates":[[-91.38001,41.8161],[-91.37019,41.81048]]}},{"type":"Feature","properties":{},"geometry":{"type":"LineString","coordinates":[[-91.38082,41.81688],[-91.38001,41.8161]]}},{"type":"Feature","properties":{},"geometry":{"type":"LineString","coordinates":[[-91.39406,41.8385],[-91.39441,41.83871]]}},{"type":"Feature","properties":{},"geometry":{"type":"LineString","coordinates":[[-91.39362,41.83814],[-91.39406,41.8385]]}},{"type":"Feature","properties":{},"geometry":{"type":"LineString","coordinates":[[-91.39441,41.83871],[-91.39877,41.83652]]}},{"type":"Feature","properties":{},"geometry":{"type":"LineString","coordinates":[[-93.05071,42.13286],[-93.04789,42.12835]]}},{"type":"Feature","properties":{},"geometry":{"type":"LineString","coordinates":[[-93.05429,42.14472],[-93.05071,42.13286]]}},{"type":"Feature","properties":{},"geometry":{"type":"LineString","coordinates":[[-93.04468,42.16205],[-93.05429,42.14472]]}},{"type":"Feature","properties":{},"geometry":{"type":"LineString","coordinates":[[-93.04,42.17042],[-93.04468,42.16205]]}},{"type":"Feature","properties":{},"geometry":{"type":"LineString","coordinates":[[-93.03728,42.17872],[-93.04,42.17042]]}},{"type":"Feature","properties":{},"geometry":{"type":"LineString","coordinates":[[-93.03733,42.18435],[-93.03728,42.17872]]}},{"type":"Feature","properties":{},"geometry":{"type":"LineString","coordinates":[[-93.0367,42.19464],[-93.03733,42.18435]]}},{"type":"Feature","properties":{},"geometry":{"type":"LineString","coordinates":[[-93.03559,42.19986],[-93.0367,42.19464]]}},{"type":"Feature","properties":{},"geometry":{"type":"LineString","coordinates":[[-93.03574,42.20164],[-93.03559,42.19986]]}},{"type":"Feature","properties":{},"geometry":{"type":"LineString","coordinates":[[-93.03457,42.20464],[-93.03574,42.20164]]}},{"type":"Feature","properties":{},"geometry":{"type":"LineString","coordinates":[[-93.02989,42.20843],[-93.03457,42.20464]]}},{"type":"Feature","properties":{},"geometry":{"type":"LineString","coordinates":[[-93.03279,42.21967],[-93.02989,42.20843]]}},{"type":"Feature","properties":{},"geometry":{"type":"LineString","coordinates":[[-93.04085,42.22283],[-93.03279,42.21967]]}},{"type":"Feature","properties":{},"geometry":{"type":"LineString","coordinates":[[-93.04521,42.23173],[-93.04085,42.22283]]}},{"type":"Feature","properties":{},"geometry":{"type":"LineString","coordinates":[[-93.04422,42.23232],[-93.04521,42.23173]]}},{"type":"Feature","properties":{},"geometry":{"type":"LineString","coordinates":[[-93.04302,42.23928],[-93.04422,42.23232]]}},{"type":"Feature","properties":{},"geometry":{"type":"LineString","coordinates":[[-93.05882,42.25478],[-93.04464,42.2487],[-93.04302,42.23928]]}},{"type":"Feature","properties":{},"geometry":{"type":"LineString","coordinates":[[-93.05909,42.26693],[-93.05882,42.25478]]}},{"type":"Feature","properties":{},"geometry":{"type":"LineString","coordinates":[[-93.03574,42.20164],[-93.03559,42.19986]]}},{"type":"Feature","properties":{},"geometry":{"type":"LineString","coordinates":[[-93.04789,42.12835],[-93.03275,42.12022]]}},{"type":"Feature","properties":{},"geometry":{"type":"LineString","coordinates":[[-93.07296,42.28124],[-93.06905,42.27575]]}},{"type":"Feature","properties":{},"geometry":{"type":"LineString","coordinates":[[-93.06905,42.27575],[-93.05909,42.26693]]}},{"type":"Feature","properties":{},"geometry":{"type":"LineString","coordinates":[[-93.07792,42.28581],[-93.07849,42.28529]]}},{"type":"Feature","properties":{},"geometry":{"type":"LineString","coordinates":[[-93.07849,42.28529],[-93.07761,42.28446]]}},{"type":"Feature","properties":{},"geometry":{"type":"LineString","coordinates":[[-93.07761,42.28446],[-93.07296,42.28124]]}},{"type":"Feature","properties":{},"geometry":{"type":"LineString","coordinates":[[-91.70454,41.79349],[-91.68589,41.80008]]}},{"type":"Feature","properties":{},"geometry":{"type":"LineString","coordinates":[[-91.72369,41.79222],[-91.70454,41.79349]]}},{"type":"Feature","properties":{},"geometry":{"type":"LineString","coordinates":[[-91.73258,41.78815],[-91.72369,41.79222]]}},{"type":"Feature","properties":{},"geometry":{"type":"LineString","coordinates":[[-91.74906,41.78192],[-91.73258,41.78815]]}},{"type":"Feature","properties":{},"geometry":{"type":"LineString","coordinates":[[-91.83561,41.7876],[-91.83102,41.78476]]}},{"type":"Feature","properties":{},"geometry":{"type":"LineString","coordinates":[[-91.84163,41.78731],[-91.83561,41.7876]]}},{"type":"Feature","properties":{},"geometry":{"type":"LineString","coordinates":[[-91.84331,41.79129],[-91.84163,41.78731]]}},{"type":"Feature","properties":{},"geometry":{"type":"LineString","coordinates":[[-91.85511,41.7925],[-91.84331,41.79129]]}},{"type":"Feature","properties":{},"geometry":{"type":"LineString","coordinates":[[-91.85917,41.79486],[-91.85511,41.7925]]}},{"type":"Feature","properties":{},"geometry":{"type":"LineString","coordinates":[[-91.89671,41.79408],[-91.85917,41.79486]]}},{"type":"Feature","properties":{},"geometry":{"type":"LineString","coordinates":[[-91.91615,41.7943],[-91.89671,41.79408]]}},{"type":"Feature","properties":{},"geometry":{"type":"LineString","coordinates":[[-91.9277,41.79396],[-91.91615,41.7943]]}},{"type":"Feature","properties":{},"geometry":{"type":"LineString","coordinates":[[-91.94898,41.79648],[-91.9277,41.79396]]}},{"type":"Feature","properties":{},"geometry":{"type":"LineString","coordinates":[[-91.95543,41.79581],[-91.94898,41.79648]]}},{"type":"Feature","properties":{},"geometry":{"type":"LineString","coordinates":[[-91.96665,41.79649],[-91.95543,41.79581]]}},{"type":"Feature","properties":{},"geometry":{"type":"LineString","coordinates":[[-91.97913,41.79861],[-91.96665,41.79649]]}},{"type":"Feature","properties":{},"geometry":{"type":"LineString","coordinates":[[-91.98789,41.79423],[-91.97913,41.79861]]}},{"type":"Feature","properties":{},"geometry":{"type":"LineString","coordinates":[[-92.00019,41.79058],[-91.98789,41.79423]]}},{"type":"Feature","properties":{},"geometry":{"type":"LineString","coordinates":[[-92.00561,41.79404],[-92.00298,41.79145]]}},{"type":"Feature","properties":{},"geometry":{"type":"LineString","coordinates":[[-92.00019,41.79058],[-92.00019,41.79058]]}},{"type":"Feature","properties":{},"geometry":{"type":"LineString","coordinates":[[-92.00298,41.79145],[-92.00019,41.79058]]}},{"type":"Feature","properties":{},"geometry":{"type":"LineString","coordinates":[[-92.01131,41.79535],[-92.00736,41.80191],[-92.00561,41.79404]]}},{"type":"Feature","properties":{},"geometry":{"type":"LineString","coordinates":[[-92.01325,41.79507],[-92.01131,41.79535]]}},{"type":"Feature","properties":{},"geometry":{"type":"LineString","coordinates":[[-92.02272,41.79739],[-92.01325,41.79507]]}},{"type":"Feature","properties":{},"geometry":{"type":"LineString","coordinates":[[-92.0214,41.79856],[-92.02272,41.79739]]}},{"type":"Feature","properties":{},"geometry":{"type":"LineString","coordinates":[[-92.02555,41.80396],[-92.0214,41.79856]]}},{"type":"Feature","properties":{},"geometry":{"type":"LineString","coordinates":[[-92.02801,41.79836],[-92.02555,41.80396]]}},{"type":"Feature","properties":{},"geometry":{"type":"LineString","coordinates":[[-92.03705,41.80102],[-92.03391,41.79463],[-92.02801,41.79836]]}},{"type":"Feature","properties":{},"geometry":{"type":"LineString","coordinates":[[-92.05279,41.80835],[-92.04042,41.80459]]}},{"type":"Feature","properties":{},"geometry":{"type":"LineString","coordinates":[[-92.04042,41.80459],[-92.03705,41.80102]]}},{"type":"Feature","properties":{},"geometry":{"type":"LineString","coordinates":[[-92.05566,41.80988],[-92.05279,41.80835]]}},{"type":"Feature","properties":{},"geometry":{"type":"LineString","coordinates":[[-92.07982,41.81038],[-92.05566,41.80988]]}},{"type":"Feature","properties":{},"geometry":{"type":"LineString","coordinates":[[-92.0829,41.81507],[-92.07982,41.81038]]}},{"type":"Feature","properties":{},"geometry":{"type":"LineString","coordinates":[[-92.09571,41.81194],[-92.0829,41.81507]]}},{"type":"Feature","properties":{},"geometry":{"type":"LineString","coordinates":[[-92.10522,41.81711],[-92.10422,41.81054],[-92.09571,41.81194]]}},{"type":"Feature","properties":{},"geometry":{"type":"LineString","coordinates":[[-92.1077,41.8183],[-92.10522,41.81711]]}},{"type":"Feature","properties":{},"geometry":{"type":"LineString","coordinates":[[-92.11299,41.81718],[-92.1077,41.8183]]}},{"type":"Feature","properties":{},"geometry":{"type":"LineString","coordinates":[[-92.12262,41.81585],[-92.11299,41.81718]]}},{"type":"Feature","properties":{},"geometry":{"type":"LineString","coordinates":[[-92.12424,41.82271],[-92.12262,41.81585]]}},{"type":"Feature","properties":{},"geometry":{"type":"LineString","coordinates":[[-92.12461,41.82779],[-92.12424,41.82271]]}},{"type":"Feature","properties":{},"geometry":{"type":"LineString","coordinates":[[-92.14296,41.82935],[-92.13241,41.83388],[-92.12461,41.82779]]}},{"type":"Feature","properties":{},"geometry":{"type":"LineString","coordinates":[[-92.14541,41.82969],[-92.14296,41.82935]]}},{"type":"Feature","properties":{},"geometry":{"type":"LineString","coordinates":[[-92.15633,41.83541],[-92.14541,41.82969]]}},{"type":"Feature","properties":{},"geometry":{"type":"LineString","coordinates":[[-92.16566,41.83527],[-92.15633,41.83541]]}},{"type":"Feature","properties":{},"geometry":{"type":"LineString","coordinates":[[-92.17294,41.83751],[-92.16566,41.83527]]}},{"type":"Feature","properties":{},"geometry":{"type":"LineString","coordinates":[[-92.18338,41.83979],[-92.17294,41.83751]]}},{"type":"Feature","properties":{},"geometry":{"type":"LineString","coordinates":[[-92.19258,41.8375],[-92.18338,41.83979]]}},{"type":"Feature","properties":{},"geometry":{"type":"LineString","coordinates":[[-92.20179,41.83955],[-92.19258,41.8375]]}},{"type":"Feature","properties":{},"geometry":{"type":"LineString","coordinates":[[-92.2032,41.83952],[-92.20179,41.83955]]}},{"type":"Feature","properties":{},"geometry":{"type":"LineString","coordinates":[[-92.22502,41.84385],[-92.21258,41.8362],[-92.2032,41.83952]]}},{"type":"Feature","properties":{},"geometry":{"type":"LineString","coordinates":[[-92.23302,41.83895],[-92.22502,41.84385]]}},{"type":"Feature","properties":{},"geometry":{"type":"LineString","coordinates":[[-92.26596,41.85263],[-92.26561,41.85869],[-92.25831,41.85321]]}},{"type":"Feature","properties":{},"geometry":{"type":"LineString","coordinates":[[-92.27263,41.85529],[-92.26596,41.85263]]}},{"type":"Feature","properties":{},"geometry":{"type":"LineString","coordinates":[[-92.29705,41.89898],[-92.29619,41.8984]]}},{"type":"Feature","properties":{},"geometry":{"type":"LineString","coordinates":[[-92.32487,41.87337],[-92.29602,41.86814]]}},{"type":"Feature","properties":{},"geometry":{"type":"LineString","coordinates":[[-92.33996,41.88715],[-92.33751,41.88591]]}},{"type":"Feature","properties":{},"geometry":{"type":"LineString","coordinates":[[-92.3455,41.88847],[-92.33996,41.88715]]}},{"type":"Feature","properties":{},"geometry":{"type":"LineString","coordinates":[[-92.35021,41.8915],[-92.3455,41.88847]]}},{"type":"Feature","properties":{},"geometry":{"type":"LineString","coordinates":[[-92.3069,41.90692],[-92.30063,41.90101]]}},{"type":"Feature","properties":{},"geometry":{"type":"LineString","coordinates":[[-92.31072,41.9168],[-92.3069,41.90692]]}},{"type":"Feature","properties":{},"geometry":{"type":"LineString","coordinates":[[-92.30876,41.919],[-92.31072,41.9168]]}},{"type":"Feature","properties":{},"geometry":{"type":"LineString","coordinates":[[-92.30882,41.91966],[-92.30876,41.919]]}},{"type":"Feature","properties":{},"geometry":{"type":"LineString","coordinates":[[-92.30575,41.92671],[-92.30882,41.91966]]}},{"type":"Feature","properties":{},"geometry":{"type":"LineString","coordinates":[[-92.30761,41.93494],[-92.30575,41.92671]]}},{"type":"Feature","properties":{},"geometry":{"type":"LineString","coordinates":[[-92.30729,41.94098],[-92.30761,41.93494]]}},{"type":"Feature","properties":{},"geometry":{"type":"LineString","coordinates":[[-92.30683,41.94178],[-92.30729,41.94098]]}},{"type":"Feature","properties":{},"geometry":{"type":"LineString","coordinates":[[-92.30594,41.94938],[-92.30683,41.94178]]}},{"type":"Feature","properties":{},"geometry":{"type":"LineString","coordinates":[[-92.30575,41.95308],[-92.30594,41.94938]]}},{"type":"Feature","properties":{},"geometry":{"type":"LineString","coordinates":[[-92.31288,41.96237],[-92.30575,41.95308]]}},{"type":"Feature","properties":{},"geometry":{"type":"LineString","coordinates":[[-92.31383,41.96535],[-92.31288,41.96237]]}},{"type":"Feature","properties":{},"geometry":{"type":"LineString","coordinates":[[-92.31936,41.97885],[-92.31383,41.96535]]}},{"type":"Feature","properties":{},"geometry":{"type":"LineString","coordinates":[[-92.3288,41.98519],[-92.31936,41.97885]]}},{"type":"Feature","properties":{},"geometry":{"type":"LineString","coordinates":[[-92.3372,41.98236],[-92.3288,41.98519]]}},{"type":"Feature","properties":{},"geometry":{"type":"LineString","coordinates":[[-92.34302,41.99444],[-92.3372,41.98236]]}},{"type":"Feature","properties":{},"geometry":{"type":"LineString","coordinates":[[-92.34596,42.00001],[-92.34302,41.99444]]}},{"type":"Feature","properties":{},"geometry":{"type":"LineString","coordinates":[[-92.34597,42.00001],[-92.34596,42.00001]]}},{"type":"Feature","properties":{},"geometry":{"type":"LineString","coordinates":[[-92.34833,42.00389],[-92.34597,42.00001]]}},{"type":"Feature","properties":{},"geometry":{"type":"LineString","coordinates":[[-92.35789,42.02009],[-92.34833,42.00389]]}},{"type":"Feature","properties":{},"geometry":{"type":"LineString","coordinates":[[-92.35897,42.02618],[-92.35789,42.02009]]}},{"type":"Feature","properties":{},"geometry":{"type":"LineString","coordinates":[[-92.35811,42.02764],[-92.35897,42.02618]]}},{"type":"Feature","properties":{},"geometry":{"type":"LineString","coordinates":[[-92.35356,42.03709],[-92.35811,42.02764]]}},{"type":"Feature","properties":{},"geometry":{"type":"LineString","coordinates":[[-92.30063,41.90101],[-92.29929,41.89873]]}},{"type":"Feature","properties":{},"geometry":{"type":"LineString","coordinates":[[-92.29929,41.89873],[-92.29889,41.89635]]}},{"type":"Feature","properties":{},"geometry":{"type":"LineString","coordinates":[[-92.29889,41.89635],[-92.29899,41.89506]]}},{"type":"Feature","properties":{},"geometry":{"type":"LineString","coordinates":[[-92.29899,41.89506],[-92.30598,41.88391]]}},{"type":"Feature","properties":{},"geometry":{"type":"LineString","coordinates":[[-92.30598,41.88391],[-92.30696,41.88301]]}},{"type":"Feature","properties":{},"geometry":{"type":"LineString","coordinates":[[-92.30696,41.88301],[-92.30944,41.88164]]}},{"type":"Feature","properties":{},"geometry":{"type":"LineString","coordinates":[[-92.30944,41.88164],[-92.29589,41.87084]]}},{"type":"Feature","properties":{},"geometry":{"type":"LineString","coordinates":[[-92.29589,41.87084],[-92.29602,41.86814]]}},{"type":"Feature","properties":{},"geometry":{"type":"LineString","coordinates":[[-92.37127,41.89795],[-92.36736,41.89719]]}},{"type":"Feature","properties":{},"geometry":{"type":"LineString","coordinates":[[-92.37927,41.90058],[-92.37127,41.89795]]}},{"type":"Feature","properties":{},"geometry":{"type":"LineString","coordinates":[[-92.38695,41.90479],[-92.37927,41.90058]]}},{"type":"Feature","properties":{},"geometry":{"type":"LineString","coordinates":[[-92.40172,41.91028],[-92.38695,41.90479]]}},{"type":"Feature","properties":{},"geometry":{"type":"LineString","coordinates":[[-92.42077,41.91608],[-92.40172,41.91028]]}},{"type":"Feature","properties":{},"geometry":{"type":"LineString","coordinates":[[-92.43204,41.9147],[-92.42077,41.91608]]}},{"type":"Feature","properties":{},"geometry":{"type":"LineString","coordinates":[[-92.43729,41.92472],[-92.43204,41.9147]]}},{"type":"Feature","properties":{},"geometry":{"type":"LineString","coordinates":[[-92.44142,41.92559],[-92.43729,41.92472]]}},{"type":"Feature","properties":{},"geometry":{"type":"LineString","coordinates":[[-92.44145,41.92744],[-92.44142,41.92559]]}},{"type":"Feature","properties":{},"geometry":{"type":"LineString","coordinates":[[-92.51049,41.93458],[-92.4896,41.9401],[-92.4632,41.93417]]}},{"type":"Feature","properties":{},"geometry":{"type":"LineString","coordinates":[[-92.4632,41.93417],[-92.46053,41.93395]]}},{"type":"Feature","properties":{},"geometry":{"type":"LineString","coordinates":[[-92.46053,41.93395],[-92.45542,41.92684],[-92.44145,41.92744]]}},{"type":"Feature","properties":{},"geometry":{"type":"LineString","coordinates":[[-92.51125,41.94108],[-92.50273,41.93981],[-92.51049,41.93458]]}},{"type":"Feature","properties":{},"geometry":{"type":"LineString","coordinates":[[-92.52074,41.94361],[-92.51125,41.94108]]}},{"type":"Feature","properties":{},"geometry":{"type":"LineString","coordinates":[[-92.52718,41.94162],[-92.52074,41.94361]]}},{"type":"Feature","properties":{},"geometry":{"type":"LineString","coordinates":[[-92.53227,41.9406],[-92.52718,41.94162]]}},{"type":"Feature","properties":{},"geometry":{"type":"LineString","coordinates":[[-92.53429,41.94243],[-92.53227,41.9406]]}},{"type":"Feature","properties":{},"geometry":{"type":"LineString","coordinates":[[-92.54275,41.93951],[-92.53429,41.94243]]}},{"type":"Feature","properties":{},"geometry":{"type":"LineString","coordinates":[[-92.54685,41.94134],[-92.54275,41.93951]]}},{"type":"Feature","properties":{},"geometry":{"type":"LineString","coordinates":[[-92.55337,41.94562],[-92.54685,41.94134]]}},{"type":"Feature","properties":{},"geometry":{"type":"LineString","coordinates":[[-92.56137,41.94979],[-92.55337,41.94562]]}},{"type":"Feature","properties":{},"geometry":{"type":"LineString","coordinates":[[-92.56219,41.95286],[-92.56137,41.94979]]}},{"type":"Feature","properties":{},"geometry":{"type":"LineString","coordinates":[[-92.56853,41.95583],[-92.56219,41.95286]]}},{"type":"Feature","properties":{},"geometry":{"type":"LineString","coordinates":[[-92.57341,41.95257],[-92.5689,41.95515]]}},{"type":"Feature","properties":{},"geometry":{"type":"LineString","coordinates":[[-92.56885,41.95522],[-92.56853,41.95583]]}},{"type":"Feature","properties":{},"geometry":{"type":"LineString","coordinates":[[-92.5689,41.95515],[-92.56885,41.95522]]}},{"type":"Feature","properties":{},"geometry":{"type":"LineString","coordinates":[[-92.57911,41.95309],[-92.57341,41.95257]]}},{"type":"Feature","properties":{},"geometry":{"type":"LineString","coordinates":[[-92.58496,41.95511],[-92.57911,41.95309]]}},{"type":"Feature","properties":{},"geometry":{"type":"LineString","coordinates":[[-92.59565,41.96413],[-92.58496,41.95511]]}},{"type":"Feature","properties":{},"geometry":{"type":"LineString","coordinates":[[-92.63516,41.97484],[-92.59565,41.96413]]}},{"type":"Feature","properties":{},"geometry":{"type":"LineString","coordinates":[[-92.64522,41.97703],[-92.63516,41.97484]]}},{"type":"Feature","properties":{},"geometry":{"type":"LineString","coordinates":[[-92.65307,41.97932],[-92.64522,41.97703]]}},{"type":"Feature","properties":{},"geometry":{"type":"LineString","coordinates":[[-92.66217,41.97433],[-92.65307,41.97932]]}},{"type":"Feature","properties":{},"geometry":{"type":"LineString","coordinates":[[-92.66303,41.97433],[-92.66217,41.97433]]}},{"type":"Feature","properties":{},"geometry":{"type":"LineString","coordinates":[[-92.66499,41.97504],[-92.66303,41.97433]]}},{"type":"Feature","properties":{},"geometry":{"type":"LineString","coordinates":[[-92.67208,41.97622],[-92.66499,41.97504]]}},{"type":"Feature","properties":{},"geometry":{"type":"LineString","coordinates":[[-92.67751,41.98066],[-92.67208,41.97622]]}},{"type":"Feature","properties":{},"geometry":{"type":"LineString","coordinates":[[-92.68674,41.98223],[-92.67751,41.98066]]}},{"type":"Feature","properties":{},"geometry":{"type":"LineString","coordinates":[[-92.70259,41.98778],[-92.68674,41.98223]]}},{"type":"Feature","properties":{},"geometry":{"type":"LineString","coordinates":[[-92.70459,41.99171],[-92.70259,41.98778]]}},{"type":"Feature","properties":{},"geometry":{"type":"LineString","coordinates":[[-92.70377,41.99647],[-92.70459,41.99171]]}},{"type":"Feature","properties":{},"geometry":{"type":"LineString","coordinates":[[-92.70418,42.00001],[-92.70417,42.00001]]}},{"type":"Feature","properties":{},"geometry":{"type":"LineString","coordinates":[[-92.70673,42.00729],[-92.70418,42.00001]]}},{"type":"Feature","properties":{},"geometry":{"type":"LineString","coordinates":[[-92.70417,42.00001],[-92.70377,41.99647]]}},{"type":"Feature","properties":{},"geometry":{"type":"LineString","coordinates":[[-92.72459,42.01272],[-92.71529,42.00765]]}},{"type":"Feature","properties":{},"geometry":{"type":"LineString","coordinates":[[-92.74729,42.01169],[-92.72459,42.01272]]}},{"type":"Feature","properties":{},"geometry":{"type":"LineString","coordinates":[[-92.76692,42.03149],[-92.74729,42.01169]]}},{"type":"Feature","properties":{},"geometry":{"type":"LineString","coordinates":[[-92.77766,42.03505],[-92.76692,42.03149]]}},{"type":"Feature","properties":{},"geometry":{"type":"LineString","coordinates":[[-92.7881,42.02819],[-92.77766,42.03505]]}},{"type":"Feature","properties":{},"geometry":{"type":"LineString","coordinates":[[-92.78764,42.02572],[-92.7881,42.02819]]}},{"type":"Feature","properties":{},"geometry":{"type":"LineString","coordinates":[[-92.82084,42.0286],[-92.78764,42.02572]]}},{"type":"Feature","properties":{},"geometry":{"type":"LineString","coordinates":[[-92.82277,42.03037],[-92.82084,42.0286]]}},{"type":"Feature","properties":{},"geometry":{"type":"LineString","coordinates":[[-92.8358,42.04531],[-92.82958,42.02783],[-92.82277,42.03037]]}},{"type":"Feature","properties":{},"geometry":{"type":"LineString","coordinates":[[-92.86858,42.05733],[-92.8358,42.04531]]}},{"type":"Feature","properties":{},"geometry":{"type":"LineString","coordinates":[[-92.87122,42.06151],[-92.86858,42.05733]]}},{"type":"Feature","properties":{},"geometry":{"type":"LineString","coordinates":[[-92.88915,42.06966],[-92.87122,42.06151]]}},{"type":"Feature","properties":{},"geometry":{"type":"LineString","coordinates":[[-92.90481,42.07171],[-92.88915,42.06966]]}},{"type":"Feature","properties":{},"geometry":{"type":"LineString","coordinates":[[-92.90315,42.0681],[-92.90481,42.07171]]}},{"type":"Feature","properties":{},"geometry":{"type":"LineString","coordinates":[[-92.92693,42.061],[-92.90315,42.0681]]}},{"type":"Feature","properties":{},"geometry":{"type":"LineString","coordinates":[[-92.92877,42.05706],[-92.92693,42.061]]}},{"type":"Feature","properties":{},"geometry":{"type":"LineString","coordinates":[[-92.9394,42.05921],[-92.92877,42.05706]]}},{"type":"Feature","properties":{},"geometry":{"type":"LineString","coordinates":[[-92.9562,42.06894],[-92.9394,42.05921]]}},{"type":"Feature","properties":{},"geometry":{"type":"LineString","coordinates":[[-92.95737,42.07029],[-92.9562,42.06894]]}},{"type":"Feature","properties":{},"geometry":{"type":"LineString","coordinates":[[-92.98163,42.09365],[-92.95737,42.07029]]}},{"type":"Feature","properties":{},"geometry":{"type":"LineString","coordinates":[[-92.98547,42.09372],[-92.98163,42.09365]]}},{"type":"Feature","properties":{},"geometry":{"type":"LineString","coordinates":[[-93.00278,42.09176],[-93.00021,42.09185]]}},{"type":"Feature","properties":{},"geometry":{"type":"LineString","coordinates":[[-93.00021,42.09185],[-92.98547,42.09372]]}},{"type":"Feature","properties":{},"geometry":{"type":"LineString","coordinates":[[-93.01024,42.09625],[-93.00278,42.09176]]}},{"type":"Feature","properties":{},"geometry":{"type":"LineString","coordinates":[[-93.01484,42.10216],[-93.01024,42.09625]]}},{"type":"Feature","properties":{},"geometry":{"type":"LineString","coordinates":[[-93.02339,42.11374],[-93.01484,42.10216]]}},{"type":"Feature","properties":{},"geometry":{"type":"LineString","coordinates":[[-92.82802,42.02543],[-92.82084,42.0286]]}},{"type":"Feature","properties":{},"geometry":{"type":"LineString","coordinates":[[-92.84518,42.01152],[-92.82802,42.02543]]}},{"type":"Feature","properties":{},"geometry":{"type":"LineString","coordinates":[[-92.851,42.01013],[-92.84518,42.01152]]}},{"type":"Feature","properties":{},"geometry":{"type":"LineString","coordinates":[[-92.84954,42.00001],[-92.84954,42.00001]]}},{"type":"Feature","properties":{},"geometry":{"type":"LineString","coordinates":[[-92.84954,42.00001],[-92.851,42.01013]]}},{"type":"Feature","properties":{},"geometry":{"type":"LineString","coordinates":[[-92.85128,41.99876],[-92.84954,42.00001]]}},{"type":"Feature","properties":{},"geometry":{"type":"LineString","coordinates":[[-92.29602,41.86814],[-92.29223,41.8647]]}},{"type":"Feature","properties":{},"geometry":{"type":"LineString","coordinates":[[-92.64522,41.97703],[-92.63062,41.95759]]}},{"type":"Feature","properties":{},"geometry":{"type":"LineString","coordinates":[[-92.33751,41.88591],[-92.33589,41.88435]]}},{"type":"Feature","properties":{},"geometry":{"type":"LineString","coordinates":[[-92.33996,41.88715],[-92.33751,41.88591]]}},{"type":"Feature","properties":{},"geometry":{"type":"LineString","coordinates":[[-92.71353,42.00001],[-92.71353,42.00001]]}},{"type":"Feature","properties":{},"geometry":{"type":"LineString","coordinates":[[-92.71394,42.00372],[-92.71353,42.00001]]}},{"type":"Feature","properties":{},"geometry":{"type":"LineString","coordinates":[[-92.71353,42.00001],[-92.70377,41.99647]]}},{"type":"Feature","properties":{},"geometry":{"type":"LineString","coordinates":[[-92.68674,41.98223],[-92.6833,41.9748],[-92.67208,41.97622]]}},{"type":"Feature","properties":{},"geometry":{"type":"LineString","coordinates":[[-92.66499,41.97504],[-92.66303,41.97433]]}},{"type":"Feature","properties":{},"geometry":{"type":"LineString","coordinates":[[-92.57341,41.95257],[-92.56796,41.94787]]}},{"type":"Feature","properties":{},"geometry":{"type":"LineString","coordinates":[[-92.56796,41.94787],[-92.56263,41.94542]]}},{"type":"Feature","properties":{},"geometry":{"type":"LineString","coordinates":[[-92.56796,41.94787],[-92.56137,41.94979]]}},{"type":"Feature","properties":{},"geometry":{"type":"LineString","coordinates":[[-92.53227,41.9406],[-92.53064,41.93915]]}},{"type":"Feature","properties":{},"geometry":{"type":"LineString","coordinates":[[-92.53064,41.93915],[-92.52979,41.93801]]}},{"type":"Feature","properties":{},"geometry":{"type":"LineString","coordinates":[[-92.53064,41.93915],[-92.52758,41.94114]]}},{"type":"Feature","properties":{},"geometry":{"type":"LineString","coordinates":[[-92.52758,41.94114],[-92.52074,41.94361]]}},{"type":"Feature","properties":{},"geometry":{"type":"LineString","coordinates":[[-92.52758,41.94114],[-92.52718,41.94162]]}},{"type":"Feature","properties":{},"geometry":{"type":"LineString","coordinates":[[-92.44145,41.92744],[-92.44142,41.92559]]}},{"type":"Feature","properties":{},"geometry":{"type":"LineString","coordinates":[[-92.38695,41.90479],[-92.38824,41.90294]]}},{"type":"Feature","properties":{},"geometry":{"type":"LineString","coordinates":[[-92.36736,41.89719],[-92.36111,41.89159]]}},{"type":"Feature","properties":{},"geometry":{"type":"LineString","coordinates":[[-92.36111,41.89159],[-92.35695,41.89159]]}},{"type":"Feature","properties":{},"geometry":{"type":"LineString","coordinates":[[-92.36111,41.89159],[-92.35695,41.89159]]}},{"type":"Feature","properties":{},"geometry":{"type":"LineString","coordinates":[[-92.29223,41.8647],[-92.2889,41.86221]]}},{"type":"Feature","properties":{},"geometry":{"type":"LineString","coordinates":[[-92.2889,41.86221],[-92.27865,41.85945]]}},{"type":"Feature","properties":{},"geometry":{"type":"LineString","coordinates":[[-92.30598,41.88391],[-92.30696,41.88301]]}},{"type":"Feature","properties":{},"geometry":{"type":"LineString","coordinates":[[-92.29929,41.89873],[-92.29705,41.89898]]}},{"type":"Feature","properties":{},"geometry":{"type":"LineString","coordinates":[[-92.29889,41.89635],[-92.29819,41.89602]]}},{"type":"Feature","properties":{},"geometry":{"type":"LineString","coordinates":[[-92.29899,41.89506],[-92.29856,41.89509]]}},{"type":"Feature","properties":{},"geometry":{"type":"LineString","coordinates":[[-92.27865,41.85945],[-92.27263,41.85529]]}},{"type":"Feature","properties":{},"geometry":{"type":"LineString","coordinates":[[-92.1077,41.8183],[-92.10522,41.81711]]}},{"type":"Feature","properties":{},"geometry":{"type":"LineString","coordinates":[[-92.05566,41.80988],[-92.05139,41.79773],[-92.03705,41.80102]]}},{"type":"Feature","properties":{},"geometry":{"type":"LineString","coordinates":[[-92.02801,41.79836],[-92.02272,41.79739]]}},{"type":"Feature","properties":{},"geometry":{"type":"LineString","coordinates":[[-91.98789,41.79423],[-91.98186,41.7885]]}},{"type":"Feature","properties":{},"geometry":{"type":"LineString","coordinates":[[-91.98186,41.7885],[-91.97881,41.78893]]}},{"type":"Feature","properties":{},"geometry":{"type":"LineString","coordinates":[[-91.97881,41.78893],[-91.966,41.78657]]}},{"type":"Feature","properties":{},"geometry":{"type":"LineString","coordinates":[[-91.98186,41.7885],[-91.97881,41.78893]]}},{"type":"Feature","properties":{},"geometry":{"type":"LineString","coordinates":[[-91.73295,41.78825],[-91.72945,41.79658],[-91.72425,41.79247]]}},{"type":"Feature","properties":{},"geometry":{"type":"LineString","coordinates":[[-91.73258,41.78815],[-91.73295,41.78825]]}},{"type":"Feature","properties":{},"geometry":{"type":"LineString","coordinates":[[-91.72425,41.79247],[-91.72369,41.79222]]}},{"type":"Feature","properties":{},"geometry":{"type":"LineString","coordinates":[[-91.65402,41.80639],[-91.65138,41.80688]]}},{"type":"Feature","properties":{},"geometry":{"type":"LineString","coordinates":[[-91.81794,41.795],[-91.77962,41.78956]]}},{"type":"Feature","properties":{},"geometry":{"type":"LineString","coordinates":[[-91.75919,41.78522],[-91.7548,41.78472]]}},{"type":"Feature","properties":{},"geometry":{"type":"LineString","coordinates":[[-92.71529,42.00765],[-92.71394,42.00372]]}},{"type":"Feature","properties":{},"geometry":{"type":"LineString","coordinates":[[-92.35058,41.8915],[-92.35021,41.8915]]}},{"type":"Feature","properties":{},"geometry":{"type":"LineString","coordinates":[[-92.33751,41.88591],[-92.33589,41.88435]]}},{"type":"Feature","properties":{},"geometry":{"type":"LineString","coordinates":[[-92.25004,41.85772],[-92.24093,41.84967],[-92.24484,41.84088],[-92.23882,41.84572],[-92.23302,41.83895]]}},{"type":"Feature","properties":{},"geometry":{"type":"LineString","coordinates":[[-91.68078,41.80031],[-91.66743,41.80147]]}},{"type":"Feature","properties":{},"geometry":{"type":"LineString","coordinates":[[-91.68315,41.80026],[-91.68078,41.80031]]}},{"type":"Feature","properties":{},"geometry":{"type":"LineString","coordinates":[[-91.68589,41.80008],[-91.68315,41.80026]]}},{"type":"Feature","properties":{},"geometry":{"type":"LineString","coordinates":[[-91.77962,41.78956],[-91.76815,41.7851]]}},{"type":"Feature","properties":{},"geometry":{"type":"LineString","coordinates":[[-91.66743,41.80147],[-91.66263,41.80547]]}},{"type":"Feature","properties":{},"geometry":{"type":"LineString","coordinates":[[-91.66263,41.80547],[-91.65402,41.80639]]}},{"type":"Feature","properties":{},"geometry":{"type":"LineString","coordinates":[[-91.7548,41.78472],[-91.74906,41.78192]]}},{"type":"Feature","properties":{},"geometry":{"type":"LineString","coordinates":[[-91.76011,41.78463],[-91.75919,41.78522]]}},{"type":"Feature","properties":{},"geometry":{"type":"LineString","coordinates":[[-91.76815,41.7851],[-91.76011,41.78463]]}},{"type":"Feature","properties":{},"geometry":{"type":"LineString","coordinates":[[-91.81823,41.7877],[-91.81794,41.795]]}},{"type":"Feature","properties":{},"geometry":{"type":"LineString","coordinates":[[-91.83102,41.78476],[-91.82446,41.78063],[-91.81823,41.7877]]}},{"type":"Feature","properties":{},"geometry":{"type":"LineString","coordinates":[[-92.25831,41.85321],[-92.25004,41.85772]]}},{"type":"Feature","properties":{},"geometry":{"type":"LineString","coordinates":[[-92.33589,41.88435],[-92.32487,41.87337]]}},{"type":"Feature","properties":{},"geometry":{"type":"LineString","coordinates":[[-92.35695,41.89159],[-92.35058,41.8915]]}},{"type":"Feature","properties":{},"geometry":{"type":"LineString","coordinates":[[-92.71394,42.00372],[-92.70673,42.00729]]}},{"type":"Feature","properties":{},"geometry":{"type":"LineString","coordinates":[[-91.64313,41.81166],[-91.64039,41.81183]]}},{"type":"Feature","properties":{},"geometry":{"type":"LineString","coordinates":[[-91.64039,41.81183],[-91.63604,41.81155]]}},{"type":"Feature","properties":{},"geometry":{"type":"LineString","coordinates":[[-91.64369,41.81141],[-91.64313,41.81166]]}},{"type":"Feature","properties":{},"geometry":{"type":"LineString","coordinates":[[-91.64995,41.80746],[-91.64369,41.81141]]}},{"type":"Feature","properties":{},"geometry":{"type":"LineString","coordinates":[[-91.65125,41.80697],[-91.64995,41.80746]]}},{"type":"Feature","properties":{},"geometry":{"type":"LineString","coordinates":[[-91.65138,41.80688],[-91.65125,41.80697]]}},{"type":"Feature","properties":{},"geometry":{"type":"LineString","coordinates":[[-91.63604,41.81155],[-91.636,41.79464]]}},{"type":"Feature","properties":{},"geometry":{"type":"LineString","coordinates":[[-91.58318,41.8068],[-91.57772,41.79239]]}},{"type":"Feature","properties":{},"geometry":{"type":"LineString","coordinates":[[-91.636,41.79464],[-91.62689,41.79192]]}},{"type":"Feature","properties":{},"geometry":{"type":"LineString","coordinates":[[-91.60268,41.78626],[-91.60663,41.80156],[-91.58318,41.8068]]}},{"type":"Feature","properties":{},"geometry":{"type":"LineString","coordinates":[[-91.62689,41.79192],[-91.60268,41.78626]]}},{"type":"Feature","properties":{},"geometry":{"type":"LineString","coordinates":[[-91.57772,41.79239],[-91.58748,41.78198],[-91.5835,41.77581]]}},{"type":"Feature","properties":{},"geometry":{"type":"LineString","coordinates":[[-91.5835,41.77581],[-91.56324,41.77967],[-91.56488,41.76819]]}},{"type":"Feature","properties":{},"geometry":{"type":"LineString","coordinates":[[-91.56488,41.76819],[-91.5668,41.75792],[-91.5532,41.74873]]}},{"type":"Feature","properties":{},"geometry":{"type":"LineString","coordinates":[[-91.5532,41.74873],[-91.55251,41.74522]]}},{"type":"Feature","properties":{},"geometry":{"type":"LineString","coordinates":[[-91.55251,41.74522],[-91.54889,41.742]]}},{"type":"Feature","properties":{},"geometry":{"type":"LineString","coordinates":[[-91.54889,41.742],[-91.54641,41.72957],[-91.52815,41.72787]]}},{"type":"Feature","properties":{},"geometry":{"type":"LineString","coordinates":[[-91.52815,41.72787],[-91.52817,41.72464]]}},{"type":"Feature","properties":{},"geometry":{"type":"LineString","coordinates":[[-92.46053,41.93395],[-92.45817,41.93614]]}},{"type":"Feature","properties":{},"geometry":{"type":"LineString","coordinates":[[-93.03275,42.12022],[-93.02339,42.11374]]}},{"type":"Feature","properties":{},"geometry":{"type":"LineString","coordinates":[[-91.12879,41.11623],[-91.09045,41.09719]]}},{"type":"Feature","properties":{},"geometry":{"type":"LineString","coordinates":[[-91.12785,41.12465],[-91.12879,41.11623]]}},{"type":"Feature","properties":{},"geometry":{"type":"LineString","coordinates":[[-91.15614,41.14075],[-91.12785,41.12465]]}},{"type":"Feature","properties":{},"geometry":{"type":"LineString","coordinates":[[-91.17419,41.1959],[-91.17292,41.18807],[-91.18375,41.18271],[-91.16052,41.16486]]}},{"type":"Feature","properties":{},"geometry":{"type":"LineString","coordinates":[[-91.19308,41.21271],[-91.19063,41.20095],[-91.17581,41.19724]]}},{"type":"Feature","properties":{},"geometry":{"type":"LineString","coordinates":[[-91.1984,41.2168],[-91.19308,41.21271]]}},{"type":"Feature","properties":{},"geometry":{"type":"LineString","coordinates":[[-91.17581,41.19724],[-91.17419,41.1959]]}},{"type":"Feature","properties":{},"geometry":{"type":"LineString","coordinates":[[-91.23633,41.22989],[-91.22065,41.21348],[-91.1984,41.2168]]}},{"type":"Feature","properties":{},"geometry":{"type":"LineString","coordinates":[[-91.29157,41.24898],[-91.28088,41.24684]]}},{"type":"Feature","properties":{},"geometry":{"type":"LineString","coordinates":[[-91.28088,41.24684],[-91.26278,41.24074]]}},{"type":"Feature","properties":{},"geometry":{"type":"LineString","coordinates":[[-91.3026,41.25435],[-91.29157,41.24898]]}},{"type":"Feature","properties":{},"geometry":{"type":"LineString","coordinates":[[-91.42012,41.35956],[-91.4103,41.35632]]}},{"type":"Feature","properties":{},"geometry":{"type":"LineString","coordinates":[[-91.4103,41.35632],[-91.39703,41.3545],[-91.39841,41.34449],[-91.38407,41.32587]]}},{"type":"Feature","properties":{},"geometry":{"type":"LineString","coordinates":[[-91.44498,41.39056],[-91.42375,41.36646]]}},{"type":"Feature","properties":{},"geometry":{"type":"LineString","coordinates":[[-91.46502,41.41381],[-91.45965,41.40718]]}},{"type":"Feature","properties":{},"geometry":{"type":"LineString","coordinates":[[-91.45139,41.39777],[-91.44498,41.39056]]}},{"type":"Feature","properties":{},"geometry":{"type":"LineString","coordinates":[[-91.45965,41.40718],[-91.45139,41.39777]]}},{"type":"Feature","properties":{},"geometry":{"type":"LineString","coordinates":[[-91.4704,41.42581],[-91.46355,41.4253],[-91.46502,41.41381]]}},{"type":"Feature","properties":{},"geometry":{"type":"LineString","coordinates":[[-91.42375,41.36646],[-91.43035,41.36225]]}},{"type":"Feature","properties":{},"geometry":{"type":"LineString","coordinates":[[-91.43035,41.36225],[-91.43033,41.3622]]}},{"type":"Feature","properties":{},"geometry":{"type":"LineString","coordinates":[[-91.43033,41.3622],[-91.42012,41.35956]]}},{"type":"Feature","properties":{},"geometry":{"type":"LineString","coordinates":[[-91.48007,41.42468],[-91.4704,41.42581]]}},{"type":"Feature","properties":{},"geometry":{"type":"LineString","coordinates":[[-91.49904,41.45929],[-91.50246,41.44827],[-91.48007,41.42468]]}},{"type":"Feature","properties":{},"geometry":{"type":"LineString","coordinates":[[-91.52776,41.53885],[-91.53024,41.53551]]}},{"type":"Feature","properties":{},"geometry":{"type":"LineString","coordinates":[[-91.52363,41.59942],[-91.52548,41.59895]]}},{"type":"Feature","properties":{},"geometry":{"type":"LineString","coordinates":[[-91.5227,41.60838],[-91.52363,41.59942]]}},{"type":"Feature","properties":{},"geometry":{"type":"LineString","coordinates":[[-91.52548,41.59895],[-91.52946,41.59332],[-91.52225,41.58689],[-91.5306,41.58537]]}},{"type":"Feature","properties":{},"geometry":{"type":"LineString","coordinates":[[-91.53768,41.62393],[-91.5366,41.61517],[-91.52696,41.61832],[-91.53042,41.60972],[-91.5227,41.60838]]}},{"type":"Feature","properties":{},"geometry":{"type":"LineString","coordinates":[[-91.5306,41.58537],[-91.52744,41.57956]]}},{"type":"Feature","properties":{},"geometry":{"type":"LineString","coordinates":[[-91.53651,41.64522],[-91.53768,41.62393]]}},{"type":"Feature","properties":{},"geometry":{"type":"LineString","coordinates":[[-91.56255,41.67001],[-91.53545,41.67656]]}},{"type":"Feature","properties":{},"geometry":{"type":"LineString","coordinates":[[-91.53545,41.67656],[-91.54124,41.65934],[-91.53651,41.64522]]}},{"type":"Feature","properties":{},"geometry":{"type":"LineString","coordinates":[[-91.54955,41.69439],[-91.55837,41.69295],[-91.55556,41.67997],[-91.56255,41.67001]]}},{"type":"Feature","properties":{},"geometry":{"type":"LineString","coordinates":[[-91.5393,41.69705],[-91.54955,41.69439]]}},{"type":"Feature","properties":{},"geometry":{"type":"LineString","coordinates":[[-91.53425,41.47974],[-91.50558,41.4873]]}},{"type":"Feature","properties":{},"geometry":{"type":"LineString","coordinates":[[-91.55609,41.47838],[-91.53425,41.47974]]}},{"type":"Feature","properties":{},"geometry":{"type":"LineString","coordinates":[[-91.56476,41.47511],[-91.55609,41.47838]]}},{"type":"Feature","properties":{},"geometry":{"type":"LineString","coordinates":[[-91.57243,41.4742],[-91.56476,41.47511]]}},{"type":"Feature","properties":{},"geometry":{"type":"LineString","coordinates":[[-91.5855,41.47535],[-91.57243,41.4742]]}},{"type":"Feature","properties":{},"geometry":{"type":"LineString","coordinates":[[-91.59287,41.47497],[-91.5855,41.47535]]}},{"type":"Feature","properties":{},"geometry":{"type":"LineString","coordinates":[[-91.59205,41.47201],[-91.59287,41.47497]]}},{"type":"Feature","properties":{},"geometry":{"type":"LineString","coordinates":[[-91.60348,41.47051],[-91.59205,41.47201]]}},{"type":"Feature","properties":{},"geometry":{"type":"LineString","coordinates":[[-91.61072,41.46836],[-91.60348,41.47051]]}},{"type":"Feature","properties":{},"geometry":{"type":"LineString","coordinates":[[-91.61915,41.4714],[-91.61072,41.46836]]}},{"type":"Feature","properties":{},"geometry":{"type":"LineString","coordinates":[[-91.62267,41.47531],[-91.61915,41.4714]]}},{"type":"Feature","properties":{},"geometry":{"type":"LineString","coordinates":[[-91.63739,41.47241],[-91.62267,41.47531]]}},{"type":"Feature","properties":{},"geometry":{"type":"LineString","coordinates":[[-91.65239,41.46904],[-91.63739,41.47241]]}},{"type":"Feature","properties":{},"geometry":{"type":"LineString","coordinates":[[-91.66845,41.47144],[-91.65239,41.46904]]}},{"type":"Feature","properties":{},"geometry":{"type":"LineString","coordinates":[[-91.67428,41.46556],[-91.66845,41.47144]]}},{"type":"Feature","properties":{},"geometry":{"type":"LineString","coordinates":[[-91.69068,41.46843],[-91.67428,41.46556]]}},{"type":"Feature","properties":{},"geometry":{"type":"LineString","coordinates":[[-91.69904,41.47049],[-91.69068,41.46843]]}},{"type":"Feature","properties":{},"geometry":{"type":"LineString","coordinates":[[-91.70242,41.46813],[-91.69904,41.47049]]}},{"type":"Feature","properties":{},"geometry":{"type":"LineString","coordinates":[[-91.70881,41.46957],[-91.70242,41.46813]]}},{"type":"Feature","properties":{},"geometry":{"type":"LineString","coordinates":[[-91.7231,41.47162],[-91.70881,41.46957]]}},{"type":"Feature","properties":{},"geometry":{"type":"LineString","coordinates":[[-91.73525,41.47689],[-91.7231,41.47162]]}},{"type":"Feature","properties":{},"geometry":{"type":"LineString","coordinates":[[-91.74142,41.47453],[-91.73525,41.47689]]}},{"type":"Feature","properties":{},"geometry":{"type":"LineString","coordinates":[[-91.75356,41.47786],[-91.74142,41.47453]]}},{"type":"Feature","properties":{},"geometry":{"type":"LineString","coordinates":[[-91.76051,41.48511],[-91.75356,41.47786]]}},{"type":"Feature","properties":{},"geometry":{"type":"LineString","coordinates":[[-91.7662,41.48702],[-91.76051,41.48511]]}},{"type":"Feature","properties":{},"geometry":{"type":"LineString","coordinates":[[-91.77535,41.48968],[-91.7662,41.48702]]}},{"type":"Feature","properties":{},"geometry":{"type":"LineString","coordinates":[[-91.78639,41.49326],[-91.77535,41.48968]]}},{"type":"Feature","properties":{},"geometry":{"type":"LineString","coordinates":[[-91.81741,41.50004],[-91.81014,41.50004]]}},{"type":"Feature","properties":{},"geometry":{"type":"LineString","coordinates":[[-91.81014,41.50004],[-91.8069,41.48817],[-91.78639,41.49326]]}},{"type":"Feature","properties":{},"geometry":{"type":"LineString","coordinates":[[-91.83881,41.49953],[-91.83228,41.4859],[-91.81795,41.48779],[-91.81741,41.50004]]}},{"type":"Feature","properties":{},"geometry":{"type":"LineString","coordinates":[[-91.84291,41.50003],[-91.83881,41.49953]]}},{"type":"Feature","properties":{},"geometry":{"type":"LineString","coordinates":[[-91.86624,41.50416],[-91.84291,41.50003]]}},{"type":"Feature","properties":{},"geometry":{"type":"LineString","coordinates":[[-91.87007,41.50471],[-91.86624,41.50416]]}},{"type":"Feature","properties":{},"geometry":{"type":"LineString","coordinates":[[-91.89292,41.50215],[-91.87007,41.50471]]}},{"type":"Feature","properties":{},"geometry":{"type":"LineString","coordinates":[[-91.89412,41.50003],[-91.89292,41.50215]]}},{"type":"Feature","properties":{},"geometry":{"type":"LineString","coordinates":[[-91.89939,41.49849],[-91.89412,41.50003]]}},{"type":"Feature","properties":{},"geometry":{"type":"LineString","coordinates":[[-91.91402,41.50003],[-91.90675,41.50003]]}},{"type":"Feature","properties":{},"geometry":{"type":"LineString","coordinates":[[-91.90675,41.50003],[-91.89939,41.49849]]}},{"type":"Feature","properties":{},"geometry":{"type":"LineString","coordinates":[[-91.91534,41.49889],[-91.91402,41.50003]]}},{"type":"Feature","properties":{},"geometry":{"type":"LineString","coordinates":[[-91.91723,41.49933],[-91.91534,41.49889]]}},{"type":"Feature","properties":{},"geometry":{"type":"LineString","coordinates":[[-91.91746,41.50003],[-91.91723,41.49933]]}},{"type":"Feature","properties":{},"geometry":{"type":"LineString","coordinates":[[-91.92883,41.5041],[-91.91746,41.50003]]}},{"type":"Feature","properties":{},"geometry":{"type":"LineString","coordinates":[[-91.93185,41.50614],[-91.92883,41.5041]]}},{"type":"Feature","properties":{},"geometry":{"type":"LineString","coordinates":[[-91.14113,41.11815],[-91.13133,41.11646]]}},{"type":"Feature","properties":{},"geometry":{"type":"LineString","coordinates":[[-91.13133,41.11646],[-91.12879,41.11623]]}},{"type":"Feature","properties":{},"geometry":{"type":"LineString","coordinates":[[-91.16143,41.1257],[-91.14113,41.11815]]}},{"type":"Feature","properties":{},"geometry":{"type":"LineString","coordinates":[[-91.19182,41.21313],[-91.17575,41.1985]]}},{"type":"Feature","properties":{},"geometry":{"type":"LineString","coordinates":[[-91.19308,41.21271],[-91.19187,41.21308]]}},{"type":"Feature","properties":{},"geometry":{"type":"LineString","coordinates":[[-91.19187,41.21308],[-91.19182,41.21313]]}},{"type":"Feature","properties":{},"geometry":{"type":"LineString","coordinates":[[-91.17575,41.1985],[-91.17581,41.19724]]}},{"type":"Feature","properties":{},"geometry":{"type":"LineString","coordinates":[[-91.15975,41.16539],[-91.15615,41.16026]]}},{"type":"Feature","properties":{},"geometry":{"type":"LineString","coordinates":[[-91.16052,41.16486],[-91.15974,41.16529]]}},{"type":"Feature","properties":{},"geometry":{"type":"LineString","coordinates":[[-91.15974,41.16529],[-91.15975,41.16539]]}},{"type":"Feature","properties":{},"geometry":{"type":"LineString","coordinates":[[-91.15615,41.16026],[-91.15732,41.1539]]}},{"type":"Feature","properties":{},"geometry":{"type":"LineString","coordinates":[[-91.15732,41.1539],[-91.15732,41.15384]]}},{"type":"Feature","properties":{},"geometry":{"type":"LineString","coordinates":[[-91.15732,41.15384],[-91.15815,41.15344]]}},{"type":"Feature","properties":{},"geometry":{"type":"LineString","coordinates":[[-91.26278,41.24074],[-91.23633,41.22989]]}},{"type":"Feature","properties":{},"geometry":{"type":"LineString","coordinates":[[-91.16052,41.16486],[-91.15995,41.16142]]}},{"type":"Feature","properties":{},"geometry":{"type":"LineString","coordinates":[[-91.52374,41.53938],[-91.52776,41.53885]]}},{"type":"Feature","properties":{},"geometry":{"type":"LineString","coordinates":[[-91.51527,41.54841],[-91.52249,41.53996]]}},{"type":"Feature","properties":{},"geometry":{"type":"LineString","coordinates":[[-91.52249,41.53996],[-91.52374,41.53938]]}},{"type":"Feature","properties":{},"geometry":{"type":"LineString","coordinates":[[-91.53024,41.53551],[-91.53421,41.52719]]}},{"type":"Feature","properties":{},"geometry":{"type":"LineString","coordinates":[[-91.15995,41.16142],[-91.15815,41.15344]]}},{"type":"Feature","properties":{},"geometry":{"type":"LineString","coordinates":[[-91.52744,41.57956],[-91.52473,41.55947]]}},{"type":"Feature","properties":{},"geometry":{"type":"LineString","coordinates":[[-91.38407,41.32587],[-91.38479,41.32039],[-91.37728,41.322]]}},{"type":"Feature","properties":{},"geometry":{"type":"LineString","coordinates":[[-91.35176,41.28673],[-91.34696,41.2828]]}},{"type":"Feature","properties":{},"geometry":{"type":"LineString","coordinates":[[-91.50236,41.48764],[-91.50173,41.48092]]}},{"type":"Feature","properties":{},"geometry":{"type":"LineString","coordinates":[[-91.50842,41.50242],[-91.50752,41.50003]]}},{"type":"Feature","properties":{},"geometry":{"type":"LineString","coordinates":[[-91.50752,41.50003],[-91.50236,41.48764]]}},{"type":"Feature","properties":{},"geometry":{"type":"LineString","coordinates":[[-91.09045,41.09719],[-91.05208,41.10456],[-91.04248,41.14886],[-91.02335,41.16321]]}},{"type":"Feature","properties":{},"geometry":{"type":"LineString","coordinates":[[-91.15815,41.15344],[-91.15614,41.14075]]}},{"type":"Feature","properties":{},"geometry":{"type":"LineString","coordinates":[[-91.34696,41.2828],[-91.3174,41.26267]]}},{"type":"Feature","properties":{},"geometry":{"type":"LineString","coordinates":[[-91.30543,41.25525],[-91.3026,41.25435]]}},{"type":"Feature","properties":{},"geometry":{"type":"LineString","coordinates":[[-91.3174,41.26267],[-91.30543,41.25525]]}},{"type":"Feature","properties":{},"geometry":{"type":"LineString","coordinates":[[-91.37728,41.322],[-91.37178,41.30664],[-91.35845,41.31139],[-91.36681,41.29693],[-91.3548,41.28993]]}},{"type":"Feature","properties":{},"geometry":{"type":"LineString","coordinates":[[-91.3548,41.28993],[-91.35176,41.28673]]}},{"type":"Feature","properties":{},"geometry":{"type":"LineString","coordinates":[[-91.51552,41.46778],[-91.50697,41.46279]]}},{"type":"Feature","properties":{},"geometry":{"type":"LineString","coordinates":[[-91.50697,41.46279],[-91.49904,41.45929]]}},{"type":"Feature","properties":{},"geometry":{"type":"LineString","coordinates":[[-91.50173,41.48092],[-91.51552,41.46778]]}},{"type":"Feature","properties":{},"geometry":{"type":"LineString","coordinates":[[-91.52699,41.50682],[-91.51981,41.50004]]}},{"type":"Feature","properties":{},"geometry":{"type":"LineString","coordinates":[[-91.51228,41.50003],[-91.50842,41.50242]]}},{"type":"Feature","properties":{},"geometry":{"type":"LineString","coordinates":[[-91.53421,41.52719],[-91.51926,41.51715],[-91.52893,41.51615],[-91.52013,41.51208],[-91.52699,41.50682]]}},{"type":"Feature","properties":{},"geometry":{"type":"LineString","coordinates":[[-91.51981,41.50004],[-91.51228,41.50003]]}},{"type":"Feature","properties":{},"geometry":{"type":"LineString","coordinates":[[-91.52473,41.55947],[-91.51527,41.54841]]}},{"type":"Feature","properties":{},"geometry":{"type":"LineString","coordinates":[[-91.52808,41.72272],[-91.53176,41.71403]]}},{"type":"Feature","properties":{},"geometry":{"type":"LineString","coordinates":[[-91.53176,41.71403],[-91.54403,41.70694],[-91.5393,41.69705]]}},{"type":"Feature","properties":{},"geometry":{"type":"LineString","coordinates":[[-91.50558,41.4873],[-91.50238,41.48767]]}},{"type":"Feature","properties":{},"geometry":{"type":"LineString","coordinates":[[-91.50238,41.48767],[-91.50236,41.48764]]}},{"type":"Feature","properties":{},"geometry":{"type":"LineString","coordinates":[[-91.15848,41.16141],[-91.15615,41.16026]]}},{"type":"Feature","properties":{},"geometry":{"type":"LineString","coordinates":[[-91.15854,41.16141],[-91.15848,41.16141]]}},{"type":"Feature","properties":{},"geometry":{"type":"LineString","coordinates":[[-91.15995,41.16142],[-91.15854,41.16141]]}},{"type":"Feature","properties":{},"geometry":{"type":"LineString","coordinates":[[-91.52817,41.72464],[-91.52808,41.72272]]}},{"type":"Feature","properties":{},"geometry":{"type":"LineString","coordinates":[[-96.50499,42.60518],[-96.50243,42.59953]]}},{"type":"Feature","properties":{},"geometry":{"type":"LineString","coordinates":[[-96.51535,42.62764],[-96.53138,42.61314],[-96.51509,42.6161],[-96.50499,42.60518]]}},{"type":"Feature","properties":{},"geometry":{"type":"LineString","coordinates":[[-96.53788,42.65544],[-96.53733,42.64575],[-96.51535,42.62764]]}},{"type":"Feature","properties":{},"geometry":{"type":"LineString","coordinates":[[-96.57804,42.67166],[-96.56731,42.67636],[-96.55627,42.6644],[-96.55968,42.65816],[-96.54369,42.66139],[-96.53788,42.65544]]}},{"type":"Feature","properties":{},"geometry":{"type":"LineString","coordinates":[[-96.60535,42.70157],[-96.61208,42.6957],[-96.5998,42.69896],[-96.59383,42.69016],[-96.59959,42.68691],[-96.59032,42.69112],[-96.5749,42.68233],[-96.57804,42.67166]]}},{"type":"Feature","properties":{},"geometry":{"type":"LineString","coordinates":[[-96.6195,42.75481],[-96.63592,42.74179],[-96.63089,42.73539],[-96.6397,42.73708]]}},{"type":"Feature","properties":{},"geometry":{"type":"LineString","coordinates":[[-96.62759,42.75493],[-96.6195,42.75481]]}},{"type":"Feature","properties":{},"geometry":{"type":"LineString","coordinates":[[-96.61325,42.78433],[-96.63619,42.76979],[-96.62759,42.75493]]}},{"type":"Feature","properties":{},"geometry":{"type":"LineString","coordinates":[[-96.58218,42.83537],[-96.57796,42.82766],[-96.59601,42.81505],[-96.59077,42.80826],[-96.59978,42.79864],[-96.59528,42.79299],[-96.61325,42.78433]]}},{"type":"Feature","properties":{},"geometry":{"type":"LineString","coordinates":[[-96.5489,42.84077],[-96.56058,42.83938],[-96.56333,42.82823],[-96.56823,42.83751],[-96.57832,42.83765]]}},{"type":"Feature","properties":{},"geometry":{"type":"LineString","coordinates":[[-96.52626,42.89096],[-96.54013,42.88969],[-96.53785,42.87848],[-96.54967,42.87028],[-96.54148,42.85834],[-96.5455,42.84996],[-96.55616,42.84935],[-96.5489,42.84077]]}},{"type":"Feature","properties":{},"geometry":{"type":"LineString","coordinates":[[-96.53997,42.91225],[-96.53656,42.90566],[-96.54285,42.90375],[-96.52626,42.89096]]}},{"type":"Feature","properties":{},"geometry":{"type":"LineString","coordinates":[[-96.51826,42.93185],[-96.52553,42.93551],[-96.54086,42.92483],[-96.53997,42.91225]]}},{"type":"Feature","properties":{},"geometry":{"type":"LineString","coordinates":[[-96.51071,42.97127],[-96.49884,42.95802],[-96.52002,42.93976],[-96.51826,42.93185]]}},{"type":"Feature","properties":{},"geometry":{"type":"LineString","coordinates":[[-96.51138,42.99366],[-96.52081,42.97997],[-96.51071,42.97127]]}},{"type":"Feature","properties":{},"geometry":{"type":"LineString","coordinates":[[-96.49269,43.0051],[-96.4967,43.0]]}},{"type":"Feature","properties":{},"geometry":{"type":"LineString","coordinates":[[-96.4967,43.0],[-96.51001,42.99514]]}},{"type":"Feature","properties":{},"geometry":{"type":"LineString","coordinates":[[-96.51241,43.04046],[-96.51312,43.02789],[-96.49533,43.01569],[-96.49269,43.0051]]}},{"type":"Feature","properties":{},"geometry":{"type":"LineString","coordinates":[[-96.45441,43.0824],[-96.46162,43.06356],[-96.5109,43.0497]]}},{"type":"Feature","properties":{},"geometry":{"type":"LineString","coordinates":[[-96.44839,43.13968],[-96.43661,43.12027],[-96.46263,43.09209]]}},{"type":"Feature","properties":{},"geometry":{"type":"LineString","coordinates":[[-96.46824,43.15205],[-96.44839,43.13968]]}},{"type":"Feature","properties":{},"geometry":{"type":"LineString","coordinates":[[-96.46674,43.17427],[-96.46824,43.15205]]}},{"type":"Feature","properties":{},"geometry":{"type":"LineString","coordinates":[[-96.47474,43.20158],[-96.46674,43.17427]]}},{"type":"Feature","properties":{},"geometry":{"type":"LineString","coordinates":[[-96.49647,43.22367],[-96.47593,43.22154],[-96.47474,43.20158]]}},{"type":"Feature","properties":{},"geometry":{"type":"LineString","coordinates":[[-96.57103,43.23821],[-96.55892,43.22286],[-96.53575,43.22765],[-96.50879,43.21726],[-96.49647,43.22367]]}},{"type":"Feature","properties":{},"geometry":{"type":"LineString","coordinates":[[-96.55324,43.25915],[-96.54904,43.24695],[-96.57119,43.23896]]}},{"type":"Feature","properties":{},"geometry":{"type":"LineString","coordinates":[[-96.57585,43.26758],[-96.55324,43.25915]]}},{"type":"Feature","properties":{},"geometry":{"type":"LineString","coordinates":[[-96.52698,43.30661],[-96.55195,43.29298],[-96.57225,43.29866]]}},{"type":"Feature","properties":{},"geometry":{"type":"LineString","coordinates":[[-96.53148,43.33167],[-96.52698,43.30661]]}},{"type":"Feature","properties":{},"geometry":{"type":"LineString","coordinates":[[-96.5222,43.37196],[-96.52854,43.36916]]}},{"type":"Feature","properties":{},"geometry":{"type":"LineString","coordinates":[[-96.52209,43.38124],[-96.5222,43.37196]]}},{"type":"Feature","properties":{},"geometry":{"type":"LineString","coordinates":[[-96.53009,43.39684],[-96.52209,43.38124]]}},{"type":"Feature","properties":{},"geometry":{"type":"LineString","coordinates":[[-96.55447,43.40534],[-96.54413,43.39635],[-96.53009,43.39684]]}},{"type":"Feature","properties":{},"geometry":{"type":"LineString","coordinates":[[-96.5618,43.41278],[-96.55788,43.40729]]}},{"type":"Feature","properties":{},"geometry":{"type":"LineString","coordinates":[[-96.59273,43.43314],[-96.57069,43.42892],[-96.57358,43.41923],[-96.5618,43.41278]]}},{"type":"Feature","properties":{},"geometry":{"type":"LineString","coordinates":[[-96.60082,43.44683],[-96.5943,43.43433]]}},{"type":"Feature","properties":{},"geometry":{"type":"LineString","coordinates":[[-96.58512,43.46509],[-96.59472,43.46196]]}},{"type":"Feature","properties":{},"geometry":{"type":"LineString","coordinates":[[-96.58266,43.48045],[-96.58512,43.46509]]}},{"type":"Feature","properties":{},"geometry":{"type":"LineString","coordinates":[[-96.59893,43.49999],[-96.58266,43.48045]]}},{"type":"Feature","properties":{},"geometry":{"type":"LineString","coordinates":[[-96.50243,42.59953],[-96.50146,42.58961],[-96.49162,42.58718],[-96.49588,42.57986],[-96.48588,42.5753],[-96.49988,42.57005],[-96.49859,42.55832],[-96.47691,42.55557],[-96.47927,42.52562],[-96.49307,42.51706],[-96.47791,42.5104],[-96.47515,42.50001]]}},{"type":"Feature","properties":{},"geometry":{"type":"LineString","coordinates":[[-96.42446,43.11097],[-96.44584,43.08211],[-96.45441,43.0824]]}},{"type":"Feature","properties":{},"geometry":{"type":"LineString","coordinates":[[-96.39554,43.13096],[-96.42151,43.12762],[-96.42446,43.11097]]}},{"type":"Feature","properties":{},"geometry":{"type":"LineString","coordinates":[[-96.3913,43.1367],[-96.39554,43.13096]]}},{"type":"Feature","properties":{},"geometry":{"type":"LineString","coordinates":[[-96.38368,43.15533],[-96.3913,43.1367]]}},{"type":"Feature","properties":{},"geometry":{"type":"LineString","coordinates":[[-96.39396,43.16804],[-96.38368,43.15533]]}},{"type":"Feature","properties":{},"geometry":{"type":"LineString","coordinates":[[-96.38325,43.16843],[-96.39396,43.16804]]}},{"type":"Feature","properties":{},"geometry":{"type":"LineString","coordinates":[[-96.3626,43.18701],[-96.38481,43.17949],[-96.38325,43.16843]]}},{"type":"Feature","properties":{},"geometry":{"type":"LineString","coordinates":[[-96.28204,43.21556],[-96.29054,43.22039],[-96.3626,43.18701]]}},{"type":"Feature","properties":{},"geometry":{"type":"LineString","coordinates":[[-96.27224,43.2292],[-96.27003,43.22172],[-96.27831,43.22104],[-96.27307,43.21681],[-96.28204,43.21556]]}},{"type":"Feature","properties":{},"geometry":{"type":"LineString","coordinates":[[-96.25351,43.24191],[-96.27224,43.2292]]}},{"type":"Feature","properties":{},"geometry":{"type":"LineString","coordinates":[[-96.24823,43.2592],[-96.25351,43.24191]]}},{"type":"Feature","properties":{},"geometry":{"type":"LineString","coordinates":[[-96.2472,43.26231],[-96.24823,43.2592]]}},{"type":"Feature","properties":{},"geometry":{"type":"LineString","coordinates":[[-96.20264,43.27316],[-96.2472,43.26231]]}},{"type":"Feature","properties":{},"geometry":{"type":"LineString","coordinates":[[-96.17641,43.28309],[-96.20264,43.27316]]}},{"type":"Feature","properties":{},"geometry":{"type":"LineString","coordinates":[[-96.17794,43.2867],[-96.17641,43.28309]]}},{"type":"Feature","properties":{},"geometry":{"type":"LineString","coordinates":[[-96.16891,43.29848],[-96.17794,43.2867]]}},{"type":"Feature","properties":{},"geometry":{"type":"LineString","coordinates":[[-96.16716,43.29905],[-96.16891,43.29848]]}},{"type":"Feature","properties":{},"geometry":{"type":"LineString","coordinates":[[-96.15605,43.29686],[-96.16716,43.29905]]}},{"type":"Feature","properties":{},"geometry":{"type":"LineString","coordinates":[[-96.13834,43.30024],[-96.15605,43.29686]]}},{"type":"Feature","properties":{},"geometry":{"type":"LineString","coordinates":[[-96.13217,43.30527],[-96.13834,43.30024]]}},{"type":"Feature","properties":{},"geometry":{"type":"LineString","coordinates":[[-96.1189,43.32015],[-96.13286,43.31487],[-96.13217,43.30527]]}},{"type":"Feature","properties":{},"geometry":{"type":"LineString","coordinates":[[-96.11574,43.3241],[-96.1189,43.32015]]}},{"type":"Feature","properties":{},"geometry":{"type":"LineString","coordinates":[[-96.10547,43.32511],[-96.11574,43.3241]]}},{"type":"Feature","properties":{},"geometry":{"type":"LineString","coordinates":[[-96.08199,43.32686],[-96.10547,43.32511]]}},{"type":"Feature","properties":{},"geometry":{"type":"LineString","coordinates":[[-96.07076,43.31888],[-96.08199,43.32686]]}},{"type":"Feature","properties":{},"geometry":{"type":"LineString","coordinates":[[-96.07455,43.31191],[-96.07076,43.31888]]}},{"type":"Feature","properties":{},"geometry":{"type":"LineString","coordinates":[[-96.07167,43.30855],[-96.07455,43.31191]]}},{"type":"Feature","properties":{},"geometry":{"type":"LineString","coordinates":[[-96.05753,43.30104],[-96.07167,43.30855]]}},{"type":"Feature","properties":{},"geometry":{"type":"LineString","coordinates":[[-96.25149,43.27852],[-96.2472,43.26231]]}},{"type":"Feature","properties":{},"geometry":{"type":"LineString","coordinates":[[-96.24936,43.28114],[-96.25149,43.27852]]}},{"type":"Feature","properties":{},"geometry":{"type":"LineString","coordinates":[[-96.24272,43.29258],[-96.24936,43.28114]]}},{"type":"Feature","properties":{},"geometry":{"type":"LineString","coordinates":[[-96.23506,43.29505],[-96.24272,43.29258]]}},{"type":"Feature","properties":{},"geometry":{"type":"LineString","coordinates":[[-96.22401,43.31001],[-96.22374,43.30144],[-96.23506,43.29505]]}},{"type":"Feature","properties":{},"geometry":{"type":"LineString","coordinates":[[-96.22132,43.31308],[-96.22401,43.31001]]}},{"type":"Feature","properties":{},"geometry":{"type":"LineString","coordinates":[[-96.20569,43.33071],[-96.22132,43.31308]]}},{"type":"Feature","properties":{},"geometry":{"type":"LineString","coordinates":[[-96.1994,43.33154],[-96.20569,43.33071]]}},{"type":"Feature","properties":{},"geometry":{"type":"LineString","coordinates":[[-96.1948,43.33337],[-96.1994,43.33154]]}},{"type":"Feature","properties":{},"geometry":{"type":"LineString","coordinates":[[-96.17292,43.34663],[-96.1948,43.33337]]}},{"type":"Feature","properties":{},"geometry":{"type":"LineString","coordinates":[[-96.16891,43.34801],[-96.17292,43.34663]]}},{"type":"Feature","properties":{},"geometry":{"type":"LineString","coordinates":[[-96.16419,43.35276],[-96.16891,43.34801]]}},{"type":"Feature","properties":{},"geometry":{"type":"LineString","coordinates":[[-96.16222,43.36063],[-96.16419,43.35276]]}},{"type":"Feature","properties":{},"geometry":{"type":"LineString","coordinates":[[-96.15094,43.37519],[-96.16222,43.36063]]}},{"type":"Feature","properties":{},"geometry":{"type":"LineString","coordinates":[[-96.14001,43.38547],[-96.15094,43.37519]]}},{"type":"Feature","properties":{},"geometry":{"type":"LineString","coordinates":[[-96.14048,43.38787],[-96.14001,43.38547]]}},{"type":"Feature","properties":{},"geometry":{"type":"LineString","coordinates":[[-96.15023,43.39503],[-96.14048,43.38787]]}},{"type":"Feature","properties":{},"geometry":{"type":"LineString","coordinates":[[-96.15124,43.40888],[-96.14161,43.40117],[-96.15023,43.39503]]}},{"type":"Feature","properties":{},"geometry":{"type":"LineString","coordinates":[[-96.15607,43.41363],[-96.15124,43.40888]]}},{"type":"Feature","properties":{},"geometry":{"type":"LineString","coordinates":[[-96.15626,43.42492],[-96.16501,43.42199],[-96.15607,43.41363]]}},{"type":"Feature","properties":{},"geometry":{"type":"LineString","coordinates":[[-96.16495,43.43246],[-96.15626,43.42492]]}},{"type":"Feature","properties":{},"geometry":{"type":"LineString","coordinates":[[-96.16727,43.43731],[-96.16495,43.43246]]}},{"type":"Feature","properties":{},"geometry":{"type":"LineString","coordinates":[[-96.16825,43.44869],[-96.16727,43.43731]]}},{"type":"Feature","properties":{},"geometry":{"type":"LineString","coordinates":[[-96.17999,43.4626],[-96.16825,43.44869]]}},{"type":"Feature","properties":{},"geometry":{"type":"LineString","coordinates":[[-96.17906,43.47232],[-96.17999,43.4626]]}},{"type":"Feature","properties":{},"geometry":{"type":"LineString","coordinates":[[-96.18764,43.48324],[-96.17906,43.47232]]}},{"type":"Feature","properties":{},"geometry":{"type":"LineString","coordinates":[[-96.18451,43.49942],[-96.18039,43.4911],[-96.18764,43.48324]]}},{"type":"Feature","properties":{},"geometry":{"type":"LineString","coordinates":[[-96.18432,43.49999],[-96.18451,43.49942]]}},{"type":"Feature","properties":{},"geometry":{"type":"LineString","coordinates":[[-96.18137,43.50543],[-96.18432,43.49999]]}},{"type":"Feature","properties":{},"geometry":{"type":"LineString","coordinates":[[-93.59499,40.62236],[-93.59499,40.62068]]}},{"type":"Feature","properties":{},"geometry":{"type":"LineString","coordinates":[[-94.24117,42.72618],[-94.2356,42.72785]]}},{"type":"Feature","properties":{},"geometry":{"type":"LineString","coordinates":[[-94.2356,42.72785],[-94.21999,42.71851],[-94.21949,42.68393]]}},{"type":"Feature","properties":{},"geometry":{"type":"LineString","coordinates":[[-94.25629,42.73296],[-94.24117,42.72618]]}},{"type":"Feature","properties":{},"geometry":{"type":"LineString","coordinates":[[-94.21949,42.68393],[-94.21314,42.67693]]}},{"type":"Feature","properties":{},"geometry":{"type":"LineString","coordinates":[[-94.28148,42.7567],[-94.25918,42.74991],[-94.25629,42.73296]]}},{"type":"Feature","properties":{},"geometry":{"type":"LineString","coordinates":[[-94.2961,42.75523],[-94.28148,42.7567]]}},{"type":"Feature","properties":{},"geometry":{"type":"LineString","coordinates":[[-94.37494,42.78175],[-94.37013,42.78209]]}},{"type":"Feature","properties":{},"geometry":{"type":"LineString","coordinates":[[-94.4386,42.80877],[-94.42082,42.7954]]}},{"type":"Feature","properties":{},"geometry":{"type":"LineString","coordinates":[[-94.41755,42.78912],[-94.39739,42.79156],[-94.38077,42.78081]]}},{"type":"Feature","properties":{},"geometry":{"type":"LineString","coordinates":[[-94.34795,42.76223],[-94.33944,42.75472]]}},{"type":"Feature","properties":{},"geometry":{"type":"LineString","coordinates":[[-94.42082,42.7954],[-94.41755,42.78912]]}},{"type":"Feature","properties":{},"geometry":{"type":"LineString","coordinates":[[-94.37013,42.78209],[-94.35295,42.77556],[-94.34795,42.76223]]}},{"type":"Feature","properties":{},"geometry":{"type":"LineString","coordinates":[[-94.44453,42.81173],[-94.4386,42.80877]]}},{"type":"Feature","properties":{},"geometry":{"type":"LineString","coordinates":[[-94.38077,42.78081],[-94.37494,42.78175]]}},{"type":"Feature","properties":{},"geometry":{"type":"LineString","coordinates":[[-94.33944,42.75472],[-94.2961,42.75523]]}},{"type":"Feature","properties":{},"geometry":{"type":"LineString","coordinates":[[-94.4483,42.81607],[-94.44453,42.81173]]}},{"type":"Feature","properties":{},"geometry":{"type":"LineString","coordinates":[[-94.52566,42.97809],[-94.52137,42.93272]]}},{"type":"Feature","properties":{},"geometry":{"type":"LineString","coordinates":[[-94.5265,42.98463],[-94.52566,42.97809]]}},{"type":"Feature","properties":{},"geometry":{"type":"LineString","coordinates":[[-94.65931,43.05209],[-94.62526,43.02863],[-94.54953,43.01276]]}},{"type":"Feature","properties":{},"geometry":{"type":"LineString","coordinates":[[-94.66439,43.05586],[-94.65931,43.05209]]}},{"type":"Feature","properties":{},"geometry":{"type":"LineString","coordinates":[[-94.66661,43.05865],[-94.66439,43.05586]]}},{"type":"Feature","properties":{},"geometry":{"type":"LineString","coordinates":[[-94.6741,43.06263],[-94.66474,43.06377],[-94.66661,43.05865]]}},{"type":"Feature","properties":{},"geometry":{"type":"LineString","coordinates":[[-94.68078,43.06736],[-94.6741,43.06263]]}},{"type":"Feature","properties":{},"geometry":{"type":"LineString","coordinates":[[-94.68618,43.07117],[-94.68078,43.06736]]}},{"type":"Feature","properties":{},"geometry":{"type":"LineString","coordinates":[[-94.69804,43.07997],[-94.68618,43.07117]]}},{"type":"Feature","properties":{},"geometry":{"type":"LineString","coordinates":[[-94.71622,43.09484],[-94.69804,43.07997]]}},{"type":"Feature","properties":{},"geometry":{"type":"LineString","coordinates":[[-94.71381,43.11188],[-94.71622,43.09484]]}},{"type":"Feature","properties":{},"geometry":{"type":"LineString","coordinates":[[-94.71101,43.11876],[-94.71381,43.11188]]}},{"type":"Feature","properties":{},"geometry":{"type":"LineString","coordinates":[[-94.70774,43.12432],[-94.71101,43.11876]]}},{"type":"Feature","properties":{},"geometry":{"type":"LineString","coordinates":[[-94.7061,43.15343],[-94.69924,43.14006],[-94.70774,43.12432]]}},{"type":"Feature","properties":{},"geometry":{"type":"LineString","coordinates":[[-94.70625,43.15423],[-94.7061,43.15343]]}},{"type":"Feature","properties":{},"geometry":{"type":"LineString","coordinates":[[-94.70878,43.17074],[-94.70625,43.15423]]}},{"type":"Feature","properties":{},"geometry":{"type":"LineString","coordinates":[[-94.72602,43.18934],[-94.70878,43.17074]]}},{"type":"Feature","properties":{},"geometry":{"type":"LineString","coordinates":[[-94.72712,43.1905],[-94.72602,43.18934]]}},{"type":"Feature","properties":{},"geometry":{"type":"LineString","coordinates":[[-94.72762,43.193],[-94.72712,43.1905]]}},{"type":"Feature","properties":{},"geometry":{"type":"LineString","coordinates":[[-94.72878,43.19444],[-94.72762,43.193]]}},{"type":"Feature","properties":{},"geometry":{"type":"LineString","coordinates":[[-94.73399,43.20424],[-94.72878,43.19444]]}},{"type":"Feature","properties":{},"geometry":{"type":"LineString","coordinates":[[-94.73524,43.20582],[-94.73399,43.20424]]}},{"type":"Feature","properties":{},"geometry":{"type":"LineString","coordinates":[[-94.73549,43.206],[-94.73524,43.20582]]}},{"type":"Feature","properties":{},"geometry":{"type":"LineString","coordinates":[[-94.73875,43.21194],[-94.73549,43.206]]}},{"type":"Feature","properties":{},"geometry":{"type":"LineString","coordinates":[[-94.74082,43.21251],[-94.73875,43.21194]]}},{"type":"Feature","properties":{},"geometry":{"type":"LineString","coordinates":[[-94.74344,43.22641],[-94.74082,43.21251]]}},{"type":"Feature","properties":{},"geometry":{"type":"LineString","coordinates":[[-94.7574,43.27065],[-94.73842,43.25914],[-94.74344,43.22641]]}},{"type":"Feature","properties":{},"geometry":{"type":"LineString","coordinates":[[-94.76339,43.27579],[-94.7574,43.27065]]}},{"type":"Feature","properties":{},"geometry":{"type":"LineString","coordinates":[[-94.76936,43.27943],[-94.76339,43.27579]]}},{"type":"Feature","properties":{},"geometry":{"type":"LineString","coordinates":[[-94.77099,43.27994],[-94.76936,43.27943]]}},{"type":"Feature","properties":{},"geometry":{"type":"LineString","coordinates":[[-94.78605,43.29228],[-94.77099,43.27994]]}},{"type":"Feature","properties":{},"geometry":{"type":"LineString","coordinates":[[-94.78999,43.29543],[-94.78605,43.29228]]}},{"type":"Feature","properties":{},"geometry":{"type":"LineString","coordinates":[[-94.78043,43.32282],[-94.77961,43.30691],[-94.78999,43.29543]]}},{"type":"Feature","properties":{},"geometry":{"type":"LineString","coordinates":[[-94.79198,43.33454],[-94.78043,43.32282]]}},{"type":"Feature","properties":{},"geometry":{"type":"LineString","coordinates":[[-94.78924,43.34192],[-94.79198,43.33454]]}},{"type":"Feature","properties":{},"geometry":{"type":"LineString","coordinates":[[-94.79248,43.35685],[-94.78924,43.34192]]}},{"type":"Feature","properties":{},"geometry":{"type":"LineString","coordinates":[[-94.7911,43.35854],[-94.79248,43.35685]]}},{"type":"Feature","properties":{},"geometry":{"type":"LineString","coordinates":[[-94.7932,43.35855],[-94.7911,43.35854]]}},{"type":"Feature","properties":{},"geometry":{"type":"LineString","coordinates":[[-94.81091,43.38007],[-94.7932,43.35855]]}},{"type":"Feature","properties":{},"geometry":{"type":"LineString","coordinates":[[-94.83044,43.38728],[-94.81091,43.38007]]}},{"type":"Feature","properties":{},"geometry":{"type":"LineString","coordinates":[[-94.8453,43.39831],[-94.83044,43.38728]]}},{"type":"Feature","properties":{},"geometry":{"type":"LineString","coordinates":[[-94.84146,43.41166],[-94.8453,43.39831]]}},{"type":"Feature","properties":{},"geometry":{"type":"LineString","coordinates":[[-94.84371,43.43439],[-94.83452,43.43336],[-94.83186,43.42403],[-94.84146,43.41166]]}},{"type":"Feature","properties":{},"geometry":{"type":"LineString","coordinates":[[-94.85171,43.44066],[-94.84371,43.43439]]}},{"type":"Feature","properties":{},"geometry":{"type":"LineString","coordinates":[[-94.86988,43.44763],[-94.85171,43.44066]]}},{"type":"Feature","properties":{},"geometry":{"type":"LineString","coordinates":[[-94.86646,43.45975],[-94.86988,43.44763]]}},{"type":"Feature","properties":{},"geometry":{"type":"LineString","coordinates":[[-94.86247,43.47297],[-94.86646,43.45975]]}},{"type":"Feature","properties":{},"geometry":{"type":"LineString","coordinates":[[-94.86486,43.47868],[-94.86247,43.47297]]}},{"type":"Feature","properties":{},"geometry":{"type":"LineString","coordinates":[[-94.8691,43.48095],[-94.86486,43.47868]]}},{"type":"Feature","properties":{},"geometry":{"type":"LineString","coordinates":[[-94.87849,43.48588],[-94.8691,43.48095]]}},{"type":"Feature","properties":{},"geometry":{"type":"LineString","coordinates":[[-94.89985,43.49436],[-94.87849,43.48588]]}},{"type":"Feature","properties":{},"geometry":{"type":"LineString","coordinates":[[-94.90043,43.50422],[-94.90375,43.49998]]}},{"type":"Feature","properties":{},"geometry":{"type":"LineString","coordinates":[[-94.90375,43.49998],[-94.89985,43.49436]]}},{"type":"Feature","properties":{},"geometry":{"type":"LineString","coordinates":[[-94.7932,43.35855],[-94.79248,43.35685]]}},{"type":"Feature","properties":{},"geometry":{"type":"LineString","coordinates":[[-94.74082,43.21251],[-94.73875,43.21194]]}},{"type":"Feature","properties":{},"geometry":{"type":"LineString","coordinates":[[-94.73524,43.20582],[-94.73399,43.20424]]}},{"type":"Feature","properties":{},"geometry":{"type":"LineString","coordinates":[[-94.72878,43.19444],[-94.72762,43.193]]}},{"type":"Feature","properties":{},"geometry":{"type":"LineString","coordinates":[[-94.72712,43.1905],[-94.72602,43.18934]]}},{"type":"Feature","properties":{},"geometry":{"type":"LineString","coordinates":[[-94.71101,43.11876],[-94.71381,43.11188]]}},{"type":"Feature","properties":{},"geometry":{"type":"LineString","coordinates":[[-94.69082,43.06831],[-94.68618,43.07117]]}},{"type":"Feature","properties":{},"geometry":{"type":"LineString","coordinates":[[-94.6741,43.06263],[-94.67067,43.05993]]}},{"type":"Feature","properties":{},"geometry":{"type":"LineString","coordinates":[[-94.67067,43.05993],[-94.66439,43.05586]]}},{"type":"Feature","properties":{},"geometry":{"type":"LineString","coordinates":[[-94.21314,42.67693],[-94.1979,42.67658]]}},{"type":"Feature","properties":{},"geometry":{"type":"LineString","coordinates":[[-94.45491,42.82545],[-94.4493,42.81709]]}},{"type":"Feature","properties":{},"geometry":{"type":"LineString","coordinates":[[-94.45686,42.82946],[-94.45491,42.82545]]}},{"type":"Feature","properties":{},"geometry":{"type":"LineString","coordinates":[[-94.69082,43.06831],[-94.68078,43.06736]]}},{"type":"Feature","properties":{},"geometry":{"type":"LineString","coordinates":[[-94.4493,42.81709],[-94.4483,42.81607]]}},{"type":"Feature","properties":{},"geometry":{"type":"LineString","coordinates":[[-94.54953,43.01276],[-94.53355,43.00907]]}},{"type":"Feature","properties":{},"geometry":{"type":"LineString","coordinates":[[-94.53355,43.00907],[-94.52879,42.99999]]}},{"type":"Feature","properties":{},"geometry":{"type":"LineString","coordinates":[[-94.52879,42.99999],[-94.5265,42.98463]]}},{"type":"Feature","properties":{},"geometry":{"type":"LineString","coordinates":[[-94.7061,43.15343],[-94.70665,43.12693]]}},{"type":"Feature","properties":{},"geometry":{"type":"LineString","coordinates":[[-94.69804,43.07997],[-94.69082,43.06831]]}},{"type":"Feature","properties":{},"geometry":{"type":"LineString","coordinates":[[-94.67067,43.05993],[-94.66661,43.05865]]}},{"type":"Feature","properties":{},"geometry":{"type":"LineString","coordinates":[[-94.52137,42.93272],[-94.51848,42.92524],[-94.48093,42.9099]]}},{"type":"Feature","properties":{},"geometry":{"type":"LineString","coordinates":[[-94.44347,42.89239],[-94.44263,42.87951],[-94.46004,42.85209]]}},{"type":"Feature","properties":{},"geometry":{"type":"LineString","coordinates":[[-94.46004,42.85209],[-94.45897,42.84854]]}},{"type":"Feature","properties":{},"geometry":{"type":"LineString","coordinates":[[-94.45897,42.84854],[-94.45739,42.83075]]}},{"type":"Feature","properties":{},"geometry":{"type":"LineString","coordinates":[[-94.45739,42.83075],[-94.45686,42.82946]]}},{"type":"Feature","properties":{},"geometry":{"type":"LineString","coordinates":[[-94.48093,42.9099],[-94.44347,42.89239]]}},{"type":"Feature","properties":{},"geometry":{"type":"LineString","coordinates":[[-93.64061,41.63963],[-93.64439,41.62964]]}},{"type":"Feature","properties":{},"geometry":{"type":"LineString","coordinates":[[-93.64439,41.62964],[-93.64506,41.62471]]}},{"type":"Feature","properties":{},"geometry":{"type":"LineString","coordinates":[[-93.64506,41.62471],[-93.64111,41.61939]]}},{"type":"Feature","properties":{},"geometry":{"type":"LineString","coordinates":[[-93.64111,41.61939],[-93.61134,41.60919],[-93.61849,41.59109],[-93.61189,41.57977]]}},{"type":"Feature","properties":{},"geometry":{"type":"LineString","coordinates":[[-93.66611,41.6476],[-93.66218,41.64579]]}},{"type":"Feature","properties":{},"geometry":{"type":"LineString","coordinates":[[-93.66218,41.64579],[-93.64061,41.63963]]}},{"type":"Feature","properties":{},"geometry":{"type":"LineString","coordinates":[[-93.66707,41.65164],[-93.66611,41.6476]]}},{"type":"Feature","properties":{},"geometry":{"type":"LineString","coordinates":[[-93.68032,41.68708],[-93.67166,41.6827]]}},{"type":"Feature","properties":{},"geometry":{"type":"LineString","coordinates":[[-93.68148,41.69334],[-93.68032,41.68708]]}},{"type":"Feature","properties":{},"geometry":{"type":"LineString","coordinates":[[-93.67166,41.6827],[-93.66707,41.65164]]}},{"type":"Feature","properties":{},"geometry":{"type":"LineString","coordinates":[[-93.67421,41.69687],[-93.68148,41.69334]]}},{"type":"Feature","properties":{},"geometry":{"type":"LineString","coordinates":[[-93.67407,41.69867],[-93.67419,41.69703]]}},{"type":"Feature","properties":{},"geometry":{"type":"LineString","coordinates":[[-93.67419,41.69703],[-93.67421,41.69687]]}},{"type":"Feature","properties":{},"geometry":{"type":"LineString","coordinates":[[-93.67552,41.70499],[-93.67534,41.70442]]}},{"type":"Feature","properties":{},"geometry":{"type":"LineString","coordinates":[[-93.67534,41.70442],[-93.6751,41.70365]]}},{"type":"Feature","properties":{},"geometry":{"type":"LineString","coordinates":[[-93.6751,41.70365],[-93.67493,41.70225]]}},{"type":"Feature","properties":{},"geometry":{"type":"LineString","coordinates":[[-93.67431,41.69932],[-93.67407,41.69867]]}},{"type":"Feature","properties":{},"geometry":{"type":"LineString","coordinates":[[-93.67493,41.70225],[-93.67493,41.7022]]}},{"type":"Feature","properties":{},"geometry":{"type":"LineString","coordinates":[[-93.67493,41.7022],[-93.67431,41.69932]]}},{"type":"Feature","properties":{},"geometry":{"type":"LineString","coordinates":[[-93.80078,41.80351],[-93.79104,41.80178]]}},{"type":"Feature","properties":{},"geometry":{"type":"LineString","coordinates":[[-93.79104,41.80178],[-93.79101,41.80177]]}},{"type":"Feature","properties":{},"geometry":{"type":"LineString","coordinates":[[-93.82667,41.81018],[-93.80078,41.80351]]}},{"type":"Feature","properties":{},"geometry":{"type":"LineString","coordinates":[[-93.8439,41.82676],[-93.82667,41.81018]]}},{"type":"Feature","properties":{},"geometry":{"type":"LineString","coordinates":[[-93.84379,41.83602],[-93.8439,41.82676]]}},{"type":"Feature","properties":{},"geometry":{"type":"LineString","coordinates":[[-93.83911,41.84613],[-93.84379,41.83602]]}},{"type":"Feature","properties":{},"geometry":{"type":"LineString","coordinates":[[-93.86597,41.87289],[-93.869,41.86875]]}},{"type":"Feature","properties":{},"geometry":{"type":"LineString","coordinates":[[-93.85848,41.85557],[-93.85355,41.85616]]}},{"type":"Feature","properties":{},"geometry":{"type":"LineString","coordinates":[[-93.869,41.86875],[-93.85848,41.85557]]}},{"type":"Feature","properties":{},"geometry":{"type":"LineString","coordinates":[[-93.85081,41.85035],[-93.83911,41.84613]]}},{"type":"Feature","properties":{},"geometry":{"type":"LineString","coordinates":[[-93.85355,41.85616],[-93.85081,41.85035]]}},{"type":"Feature","properties":{},"geometry":{"type":"LineString","coordinates":[[-93.86012,41.88537],[-93.86483,41.88297]]}},{"type":"Feature","properties":{},"geometry":{"type":"LineString","coordinates":[[-93.86635,41.91665],[-93.86012,41.88537]]}},{"type":"Feature","properties":{},"geometry":{"type":"LineString","coordinates":[[-93.89225,41.96114],[-93.88735,41.95737]]}},{"type":"Feature","properties":{},"geometry":{"type":"LineString","coordinates":[[-93.88735,41.95737],[-93.88252,41.95145],[-93.89113,41.94821]]}},{"type":"Feature","properties":{},"geometry":{"type":"LineString","coordinates":[[-93.90254,41.97659],[-93.89709,41.96665]]}},{"type":"Feature","properties":{},"geometry":{"type":"LineString","coordinates":[[-93.89709,41.96665],[-93.8926,41.96168]]}},{"type":"Feature","properties":{},"geometry":{"type":"LineString","coordinates":[[-93.8926,41.96168],[-93.89225,41.96114]]}},{"type":"Feature","properties":{},"geometry":{"type":"LineString","coordinates":[[-93.88264,41.92919],[-93.88228,41.92919]]}},{"type":"Feature","properties":{},"geometry":{"type":"LineString","coordinates":[[-93.88228,41.92919],[-93.86941,41.92683],[-93.86635,41.91665]]}},{"type":"Feature","properties":{},"geometry":{"type":"LineString","coordinates":[[-93.89113,41.94821],[-93.9029,41.94025],[-93.88264,41.92919]]}},{"type":"Feature","properties":{},"geometry":{"type":"LineString","coordinates":[[-93.89346,41.99348],[-93.90254,41.97659]]}},{"type":"Feature","properties":{},"geometry":{"type":"LineString","coordinates":[[-93.9348,42.04368],[-93.93366,42.04294]]}},{"type":"Feature","properties":{},"geometry":{"type":"LineString","coordinates":[[-93.93484,42.04369],[-93.9348,42.04368]]}},{"type":"Feature","properties":{},"geometry":{"type":"LineString","coordinates":[[-93.93686,42.04615],[-93.93484,42.04369]]}},{"type":"Feature","properties":{},"geometry":{"type":"LineString","coordinates":[[-93.93632,42.12388],[-93.93351,42.09144]]}},{"type":"Feature","properties":{},"geometry":{"type":"LineString","coordinates":[[-93.94138,42.13007],[-93.93632,42.12388]]}},{"type":"Feature","properties":{},"geometry":{"type":"LineString","coordinates":[[-93.94293,42.13093],[-93.94138,42.13007]]}},{"type":"Feature","properties":{},"geometry":{"type":"LineString","coordinates":[[-93.94312,42.13101],[-93.94293,42.13093]]}},{"type":"Feature","properties":{},"geometry":{"type":"LineString","coordinates":[[-93.98231,42.23219],[-93.97926,42.23]]}},{"type":"Feature","properties":{},"geometry":{"type":"LineString","coordinates":[[-93.99201,42.23852],[-93.98467,42.23344]]}},{"type":"Feature","properties":{},"geometry":{"type":"LineString","coordinates":[[-93.98467,42.23344],[-93.98231,42.23219]]}},{"type":"Feature","properties":{},"geometry":{"type":"LineString","coordinates":[[-93.97926,42.23],[-93.9772,42.21897]]}},{"type":"Feature","properties":{},"geometry":{"type":"LineString","coordinates":[[-94.00036,42.34974],[-94.00024,42.34974]]}},{"type":"Feature","properties":{},"geometry":{"type":"LineString","coordinates":[[-94.01365,42.32673],[-94.00046,42.33297],[-94.00564,42.34419],[-94.00036,42.34974]]}},{"type":"Feature","properties":{},"geometry":{"type":"LineString","coordinates":[[-93.99527,42.35094],[-93.98018,42.34983]]}},{"type":"Feature","properties":{},"geometry":{"type":"LineString","coordinates":[[-94.00024,42.34974],[-93.99527,42.35094]]}},{"type":"Feature","properties":{},"geometry":{"type":"LineString","coordinates":[[-93.98018,42.34983],[-93.97877,42.3478]]}},{"type":"Feature","properties":{},"geometry":{"type":"LineString","coordinates":[[-94.01949,42.32736],[-94.01365,42.32673]]}},{"type":"Feature","properties":{},"geometry":{"type":"LineString","coordinates":[[-93.97877,42.3478],[-93.97576,42.34439]]}},{"type":"Feature","properties":{},"geometry":{"type":"LineString","coordinates":[[-94.04181,42.35151],[-94.02112,42.34422]]}},{"type":"Feature","properties":{},"geometry":{"type":"LineString","coordinates":[[-94.02112,42.34422],[-94.01854,42.33712]]}},{"type":"Feature","properties":{},"geometry":{"type":"LineString","coordinates":[[-94.01854,42.33712],[-94.01949,42.32736]]}},{"type":"Feature","properties":{},"geometry":{"type":"LineString","coordinates":[[-94.05515,42.3759],[-94.05492,42.36452],[-94.04181,42.35151]]}},{"type":"Feature","properties":{},"geometry":{"type":"LineString","coordinates":[[-94.07334,42.38459],[-94.05515,42.3759]]}},{"type":"Feature","properties":{},"geometry":{"type":"LineString","coordinates":[[-94.07699,42.3886],[-94.07334,42.38459]]}},{"type":"Feature","properties":{},"geometry":{"type":"LineString","coordinates":[[-94.08924,42.43656],[-94.07772,42.43491]]}},{"type":"Feature","properties":{},"geometry":{"type":"LineString","coordinates":[[-94.09845,42.43508],[-94.08924,42.43656]]}},{"type":"Feature","properties":{},"geometry":{"type":"LineString","coordinates":[[-94.07772,42.43491],[-94.07379,42.42438],[-94.08195,42.42142]]}},{"type":"Feature","properties":{},"geometry":{"type":"LineString","coordinates":[[-94.08195,42.42142],[-94.0858,42.42148]]}},{"type":"Feature","properties":{},"geometry":{"type":"LineString","coordinates":[[-94.0858,42.42148],[-94.09877,42.4167],[-94.07155,42.4061],[-94.07699,42.3886]]}},{"type":"Feature","properties":{},"geometry":{"type":"LineString","coordinates":[[-94.20384,42.51119],[-94.19916,42.50026]]}},{"type":"Feature","properties":{},"geometry":{"type":"LineString","coordinates":[[-94.19676,42.53988],[-94.19326,42.5297],[-94.20384,42.51119]]}},{"type":"Feature","properties":{},"geometry":{"type":"LineString","coordinates":[[-94.20012,42.53792],[-94.19676,42.53988]]}},{"type":"Feature","properties":{},"geometry":{"type":"LineString","coordinates":[[-94.214,42.5375],[-94.20012,42.53792]]}},{"type":"Feature","properties":{},"geometry":{"type":"LineString","coordinates":[[-94.21795,42.54474],[-94.214,42.5375]]}},{"type":"Feature","properties":{},"geometry":{"type":"LineString","coordinates":[[-94.20725,42.57835],[-94.20104,42.56256],[-94.21646,42.54908]]}},{"type":"Feature","properties":{},"geometry":{"type":"LineString","coordinates":[[-94.21646,42.54908],[-94.21795,42.54474]]}},{"type":"Feature","properties":{},"geometry":{"type":"LineString","coordinates":[[-94.22523,42.59963],[-94.22674,42.59284],[-94.20725,42.57835]]}},{"type":"Feature","properties":{},"geometry":{"type":"LineString","coordinates":[[-94.19124,42.64836],[-94.19162,42.64774]]}},{"type":"Feature","properties":{},"geometry":{"type":"LineString","coordinates":[[-94.19162,42.64774],[-94.21619,42.62397],[-94.21345,42.61601]]}},{"type":"Feature","properties":{},"geometry":{"type":"LineString","coordinates":[[-94.18823,42.65177],[-94.19124,42.64836]]}},{"type":"Feature","properties":{},"geometry":{"type":"LineString","coordinates":[[-94.21345,42.61601],[-94.22485,42.60563]]}},{"type":"Feature","properties":{},"geometry":{"type":"LineString","coordinates":[[-94.1979,42.67658],[-94.19539,42.67632]]}},{"type":"Feature","properties":{},"geometry":{"type":"LineString","coordinates":[[-94.19539,42.67632],[-94.18808,42.67177],[-94.18823,42.65177]]}},{"type":"Feature","properties":{},"geometry":{"type":"LineString","coordinates":[[-94.9954,40.91526],[-94.99887,40.90459]]}},{"type":"Feature","properties":{},"geometry":{"type":"LineString","coordinates":[[-94.99784,40.9311],[-94.9954,40.91526]]}},{"type":"Feature","properties":{},"geometry":{"type":"LineString","coordinates":[[-94.99527,40.94115],[-94.99784,40.9311]]}},{"type":"Feature","properties":{},"geometry":{"type":"LineString","coordinates":[[-94.99518,40.94479],[-94.99527,40.94115]]}},{"type":"Feature","properties":{},"geometry":{"type":"LineString","coordinates":[[-94.99496,40.95506],[-94.99518,40.94479]]}},{"type":"Feature","properties":{},"geometry":{"type":"LineString","coordinates":[[-94.99555,40.96347],[-94.99496,40.95506]]}},{"type":"Feature","properties":{},"geometry":{"type":"LineString","coordinates":[[-94.9961,40.96565],[-94.99555,40.96347]]}},{"type":"Feature","properties":{},"geometry":{"type":"LineString","coordinates":[[-94.99267,40.97327],[-94.9961,40.96565]]}},{"type":"Feature","properties":{},"geometry":{"type":"LineString","coordinates":[[-94.99088,40.98212],[-94.99267,40.97327]]}},{"type":"Feature","properties":{},"geometry":{"type":"LineString","coordinates":[[-94.99282,40.98532],[-94.99088,40.98212]]}},{"type":"Feature","properties":{},"geometry":{"type":"LineString","coordinates":[[-94.99531,40.9939],[-94.99282,40.98532]]}},{"type":"Feature","properties":{},"geometry":{"type":"LineString","coordinates":[[-94.99489,40.99712],[-94.99531,40.9939]]}},{"type":"Feature","properties":{},"geometry":{"type":"LineString","coordinates":[[-94.99463,41.0],[-94.99489,40.99712]]}},{"type":"Feature","properties":{},"geometry":{"type":"LineString","coordinates":[[-94.99471,41.00803],[-94.99463,41.0]]}},{"type":"Feature","properties":{},"geometry":{"type":"LineString","coordinates":[[-94.99455,41.01825],[-94.99471,41.00803]]}},{"type":"Feature","properties":{},"geometry":{"type":"LineString","coordinates":[[-94.99462,41.02207],[-94.99455,41.01825]]}},{"type":"Feature","properties":{},"geometry":{"type":"LineString","coordinates":[[-94.99442,41.02726],[-94.99462,41.02207]]}},{"type":"Feature","properties":{},"geometry":{"type":"LineString","coordinates":[[-94.99428,41.03264],[-94.99442,41.02726]]}},{"type":"Feature","properties":{},"geometry":{"type":"LineString","coordinates":[[-94.99435,41.03765],[-94.99428,41.03264]]}},{"type":"Feature","properties":{},"geometry":{"type":"LineString","coordinates":[[-94.99454,41.04309],[-94.99435,41.03765]]}},{"type":"Feature","properties":{},"geometry":{"type":"LineString","coordinates":[[-94.99368,41.05386],[-94.99454,41.04309]]}},{"type":"Feature","properties":{},"geometry":{"type":"LineString","coordinates":[[-94.99118,41.05615],[-94.99368,41.05386]]}},{"type":"Feature","properties":{},"geometry":{"type":"LineString","coordinates":[[-94.99103,41.05949],[-94.99118,41.05615]]}},{"type":"Feature","properties":{},"geometry":{"type":"LineString","coordinates":[[-94.99437,41.06558],[-94.99103,41.05949]]}},{"type":"Feature","properties":{},"geometry":{"type":"LineString","coordinates":[[-94.99438,41.07161],[-94.99437,41.06558]]}},{"type":"Feature","properties":{},"geometry":{"type":"LineString","coordinates":[[-94.99441,41.07246],[-94.99438,41.07161]]}},{"type":"Feature","properties":{},"geometry":{"type":"LineString","coordinates":[[-94.99446,41.08074],[-94.99441,41.07246]]}},{"type":"Feature","properties":{},"geometry":{"type":"LineString","coordinates":[[-94.99567,41.08353],[-94.99446,41.08074]]}},{"type":"Feature","properties":{},"geometry":{"type":"LineString","coordinates":[[-93.97707,42.14589],[-93.9779,42.14406]]}},{"type":"Feature","properties":{},"geometry":{"type":"LineString","coordinates":[[-93.97704,42.14589],[-93.97707,42.14589]]}},{"type":"Feature","properties":{},"geometry":{"type":"LineString","coordinates":[[-93.9779,42.14406],[-93.97756,42.14358]]}},{"type":"Feature","properties":{},"geometry":{"type":"LineString","coordinates":[[-94.1082,42.43342],[-94.10326,42.43406]]}},{"type":"Feature","properties":{},"geometry":{"type":"LineString","coordinates":[[-94.10327,42.43405],[-94.1038,42.43372]]}},{"type":"Feature","properties":{},"geometry":{"type":"LineString","coordinates":[[-94.10786,42.4332],[-94.1082,42.43342]]}},{"type":"Feature","properties":{},"geometry":{"type":"LineString","coordinates":[[-94.10326,42.43406],[-94.10327,42.43405]]}},{"type":"Feature","properties":{},"geometry":{"type":"LineString","coordinates":[[-94.08215,42.42115],[-94.08548,42.4212]]}},{"type":"Feature","properties":{},"geometry":{"type":"LineString","coordinates":[[-94.08548,42.4212],[-94.0858,42.42148]]}},{"type":"Feature","properties":{},"geometry":{"type":"LineString","coordinates":[[-94.08195,42.42142],[-94.08215,42.42115]]}},{"type":"Feature","properties":{},"geometry":{"type":"LineString","coordinates":[[-93.98201,42.23249],[-93.97899,42.2305]]}},{"type":"Feature","properties":{},"geometry":{"type":"LineString","coordinates":[[-93.98231,42.23219],[-93.98201,42.23249]]}},{"type":"Feature","properties":{},"geometry":{"type":"LineString","coordinates":[[-93.97899,42.2305],[-93.97899,42.23041]]}},{"type":"Feature","properties":{},"geometry":{"type":"LineString","coordinates":[[-93.97899,42.23041],[-93.97926,42.23]]}},{"type":"Feature","properties":{},"geometry":{"type":"LineString","coordinates":[[-93.971,42.17493],[-93.97052,42.17533]]}},{"type":"Feature","properties":{},"geometry":{"type":"LineString","coordinates":[[-93.9746,42.17653],[-93.97475,42.17632]]}},{"type":"Feature","properties":{},"geometry":{"type":"LineString","coordinates":[[-93.90477,41.99972],[-93.89339,41.99576]]}},{"type":"Feature","properties":{},"geometry":{"type":"LineString","coordinates":[[-93.89339,41.99576],[-93.89346,41.99348]]}},{"type":"Feature","properties":{},"geometry":{"type":"LineString","coordinates":[[-94.15749,42.45931],[-94.15545,42.45871]]}},{"type":"Feature","properties":{},"geometry":{"type":"LineString","coordinates":[[-93.94585,42.31427],[-93.93645,42.31023]]}},{"type":"Feature","properties":{},"geometry":{"type":"LineString","coordinates":[[-93.93645,42.31023],[-93.9326,42.29782]]}},{"type":"Feature","properties":{},"geometry":{"type":"LineString","coordinates":[[-93.99585,42.25763],[-93.9968,42.256]]}},{"type":"Feature","properties":{},"geometry":{"type":"LineString","coordinates":[[-93.9968,42.256],[-93.996,42.24617]]}},{"type":"Feature","properties":{},"geometry":{"type":"LineString","coordinates":[[-93.996,42.24617],[-93.99201,42.23852]]}},{"type":"Feature","properties":{},"geometry":{"type":"LineString","coordinates":[[-93.9772,42.21897],[-93.97921,42.20669]]}},{"type":"Feature","properties":{},"geometry":{"type":"LineString","coordinates":[[-93.97921,42.20669],[-93.97995,42.20311]]}},{"type":"Feature","properties":{},"geometry":{"type":"LineString","coordinates":[[-93.97052,42.17533],[-93.96882,42.17468]]}},{"type":"Feature","properties":{},"geometry":{"type":"LineString","coordinates":[[-93.93293,42.04253],[-93.93009,42.04056]]}},{"type":"Feature","properties":{},"geometry":{"type":"LineString","coordinates":[[-93.92271,42.01106],[-93.92284,42.00857]]}},{"type":"Feature","properties":{},"geometry":{"type":"LineString","coordinates":[[-93.92287,42.01165],[-93.92271,42.01106]]}},{"type":"Feature","properties":{},"geometry":{"type":"LineString","coordinates":[[-93.92284,42.00857],[-93.92105,42.00709]]}},{"type":"Feature","properties":{},"geometry":{"type":"LineString","coordinates":[[-93.92105,42.00709],[-93.91065,42.00129]]}},{"type":"Feature","properties":{},"geometry":{"type":"LineString","coordinates":[[-93.90649,42.0],[-93.90477,41.99972]]}},{"type":"Feature","properties":{},"geometry":{"type":"LineString","coordinates":[[-93.99564,42.2587],[-93.99588,42.25878]]}},{"type":"Feature","properties":{},"geometry":{"type":"LineString","coordinates":[[-93.99588,42.25878],[-93.99603,42.25885]]}},{"type":"Feature","properties":{},"geometry":{"type":"LineString","coordinates":[[-93.99618,42.25792],[-93.99585,42.25763]]}},{"type":"Feature","properties":{},"geometry":{"type":"LineString","coordinates":[[-93.93009,42.04056],[-93.92927,42.04]]}},{"type":"Feature","properties":{},"geometry":{"type":"LineString","coordinates":[[-93.93366,42.04294],[-93.93293,42.04253]]}},{"type":"Feature","properties":{},"geometry":{"type":"LineString","coordinates":[[-93.97576,42.34439],[-93.96529,42.32625],[-93.94585,42.31427]]}},{"type":"Feature","properties":{},"geometry":{"type":"LineString","coordinates":[[-94.19916,42.50026],[-94.19878,42.49999]]}},{"type":"Feature","properties":{},"geometry":{"type":"LineString","coordinates":[[-94.19878,42.49999],[-94.17969,42.48657],[-94.18772,42.47433],[-94.18273,42.46836]]}},{"type":"Feature","properties":{},"geometry":{"type":"LineString","coordinates":[[-93.9746,42.17653],[-93.97052,42.17533]]}},{"type":"Feature","properties":{},"geometry":{"type":"LineString","coordinates":[[-93.93351,42.09144],[-93.93662,42.07573],[-93.95654,42.07399]]}},{"type":"Feature","properties":{},"geometry":{"type":"LineString","coordinates":[[-93.95654,42.07399],[-93.9702,42.06424]]}},{"type":"Feature","properties":{},"geometry":{"type":"LineString","coordinates":[[-93.9702,42.06424],[-93.96934,42.06129]]}},{"type":"Feature","properties":{},"geometry":{"type":"LineString","coordinates":[[-93.99564,42.2587],[-93.99585,42.25763]]}},{"type":"Feature","properties":{},"geometry":{"type":"LineString","coordinates":[[-94.18273,42.46836],[-94.15749,42.45931]]}},{"type":"Feature","properties":{},"geometry":{"type":"LineString","coordinates":[[-93.86483,41.88297],[-93.86597,41.87289]]}},{"type":"Feature","properties":{},"geometry":{"type":"LineString","coordinates":[[-93.93098,42.02375],[-93.92198,42.01746]]}},{"type":"Feature","properties":{},"geometry":{"type":"LineString","coordinates":[[-93.92198,42.01746],[-93.92287,42.01165]]}},{"type":"Feature","properties":{},"geometry":{"type":"LineString","coordinates":[[-93.93446,42.02313],[-93.93098,42.02375]]}},{"type":"Feature","properties":{},"geometry":{"type":"LineString","coordinates":[[-93.94418,42.02792],[-93.93446,42.02313]]}},{"type":"Feature","properties":{},"geometry":{"type":"LineString","coordinates":[[-93.92927,42.04],[-93.92826,42.03878]]}},{"type":"Feature","properties":{},"geometry":{"type":"LineString","coordinates":[[-93.92826,42.03878],[-93.92836,42.03105],[-93.93728,42.02851]]}},{"type":"Feature","properties":{},"geometry":{"type":"LineString","coordinates":[[-93.93728,42.02851],[-93.94418,42.02792]]}},{"type":"Feature","properties":{},"geometry":{"type":"LineString","coordinates":[[-93.94796,42.04922],[-93.93686,42.04615]]}},{"type":"Feature","properties":{},"geometry":{"type":"LineString","coordinates":[[-93.96934,42.06129],[-93.96216,42.04515],[-93.94796,42.04922]]}},{"type":"Feature","properties":{},"geometry":{"type":"LineString","coordinates":[[-93.97704,42.14589],[-93.97702,42.14587]]}},{"type":"Feature","properties":{},"geometry":{"type":"LineString","coordinates":[[-93.97329,42.15867],[-93.97704,42.14589]]}},{"type":"Feature","properties":{},"geometry":{"type":"LineString","coordinates":[[-93.97697,42.1458],[-93.97756,42.14358]]}},{"type":"Feature","properties":{},"geometry":{"type":"LineString","coordinates":[[-93.96882,42.17468],[-93.96575,42.16647],[-93.97329,42.15867]]}},{"type":"Feature","properties":{},"geometry":{"type":"LineString","coordinates":[[-93.97702,42.14587],[-93.97697,42.1458]]}},{"type":"Feature","properties":{},"geometry":{"type":"LineString","coordinates":[[-93.97756,42.14358],[-93.97836,42.14131]]}},{"type":"Feature","properties":{},"geometry":{"type":"LineString","coordinates":[[-93.96287,42.12143],[-93.96259,42.12139]]}},{"type":"Feature","properties":{},"geometry":{"type":"LineString","coordinates":[[-93.96259,42.12139],[-93.94888,42.13065]]}},{"type":"Feature","properties":{},"geometry":{"type":"LineString","coordinates":[[-93.97836,42.14131],[-93.97877,42.12696]]}},{"type":"Feature","properties":{},"geometry":{"type":"LineString","coordinates":[[-93.94373,42.13115],[-93.94312,42.13101]]}},{"type":"Feature","properties":{},"geometry":{"type":"LineString","coordinates":[[-93.97877,42.12696],[-93.96324,42.12148]]}},{"type":"Feature","properties":{},"geometry":{"type":"LineString","coordinates":[[-93.94888,42.13065],[-93.94373,42.13115]]}},{"type":"Feature","properties":{},"geometry":{"type":"LineString","coordinates":[[-93.96324,42.12148],[-93.96287,42.12143]]}},{"type":"Feature","properties":{},"geometry":{"type":"LineString","coordinates":[[-93.9641,42.19455],[-93.97317,42.18425]]}},{"type":"Feature","properties":{},"geometry":{"type":"LineString","coordinates":[[-93.97317,42.18425],[-93.9746,42.17653]]}},{"type":"Feature","properties":{},"geometry":{"type":"LineString","coordinates":[[-93.97995,42.20311],[-93.98492,42.19883],[-93.9641,42.19455]]}},{"type":"Feature","properties":{},"geometry":{"type":"LineString","coordinates":[[-93.98323,42.27635],[-93.99521,42.26123]]}},{"type":"Feature","properties":{},"geometry":{"type":"LineString","coordinates":[[-93.99521,42.26123],[-93.99564,42.2587]]}},{"type":"Feature","properties":{},"geometry":{"type":"LineString","coordinates":[[-93.97312,42.29028],[-93.98296,42.2793]]}},{"type":"Feature","properties":{},"geometry":{"type":"LineString","coordinates":[[-93.94894,42.28808],[-93.95773,42.28729]]}},{"type":"Feature","properties":{},"geometry":{"type":"LineString","coordinates":[[-93.9637,42.28678],[-93.97312,42.29028]]}},{"type":"Feature","properties":{},"geometry":{"type":"LineString","coordinates":[[-93.9326,42.29782],[-93.94894,42.28808]]}},{"type":"Feature","properties":{},"geometry":{"type":"LineString","coordinates":[[-93.95773,42.28729],[-93.9637,42.28678]]}},{"type":"Feature","properties":{},"geometry":{"type":"LineString","coordinates":[[-93.98296,42.2793],[-93.98323,42.27635]]}},{"type":"Feature","properties":{},"geometry":{"type":"LineString","coordinates":[[-94.10786,42.4332],[-94.1038,42.43372]]}},{"type":"Feature","properties":{},"geometry":{"type":"LineString","coordinates":[[-94.10266,42.43385],[-94.09845,42.43508]]}},{"type":"Feature","properties":{},"geometry":{"type":"LineString","coordinates":[[-94.1038,42.43372],[-94.10266,42.43385]]}},{"type":"Feature","properties":{},"geometry":{"type":"LineString","coordinates":[[-94.15545,42.45871],[-94.13461,42.45533],[-94.13944,42.43819]]}},{"type":"Feature","properties":{},"geometry":{"type":"LineString","coordinates":[[-94.13944,42.43819],[-94.1358,42.4316],[-94.10786,42.4332]]}},{"type":"Feature","properties":{},"geometry":{"type":"LineString","coordinates":[[-94.22485,42.60563],[-94.22523,42.59963]]}},{"type":"Feature","properties":{},"geometry":{"type":"LineString","coordinates":[[-93.97475,42.17632],[-93.971,42.17493]]}},{"type":"Feature","properties":{},"geometry":{"type":"LineString","coordinates":[[-93.99603,42.25885],[-93.99618,42.25792]]}},{"type":"Feature","properties":{},"geometry":{"type":"LineString","coordinates":[[-93.91065,42.00129],[-93.90649,42.0]]}},{"type":"Feature","properties":{},"geometry":{"type":"LineString","coordinates":[[-93.79101,41.80177],[-93.77864,41.79615]]}},{"type":"Feature","properties":{},"geometry":{"type":"LineString","coordinates":[[-93.77864,41.79615],[-93.7742,41.79286]]}},{"type":"Feature","properties":{},"geometry":{"type":"LineString","coordinates":[[-93.75628,41.77978],[-93.74496,41.76915]]}},{"type":"Feature","properties":{},"geometry":{"type":"LineString","coordinates":[[-93.74496,41.76915],[-93.73755,41.75642],[-93.70249,41.73367]]}},{"type":"Feature","properties":{},"geometry":{"type":"LineString","coordinates":[[-93.70249,41.73367],[-93.68954,41.71607]]}},{"type":"Feature","properties":{},"geometry":{"type":"LineString","coordinates":[[-93.68954,41.71607],[-93.68182,41.71064]]}},{"type":"Feature","properties":{},"geometry":{"type":"LineString","coordinates":[[-93.68182,41.71064],[-93.67684,41.70733]]}},{"type":"Feature","properties":{},"geometry":{"type":"LineString","coordinates":[[-93.67684,41.70733],[-93.67552,41.70499]]}},{"type":"Feature","properties":{},"geometry":{"type":"LineString","coordinates":[[-93.7742,41.79286],[-93.75628,41.77978]]}},{"type":"Feature","properties":{},"geometry":{"type":"LineString","coordinates":[[-93.67617,41.56587],[-93.67602,41.56767]]}},{"type":"Feature","properties":{},"geometry":{"type":"LineString","coordinates":[[-93.76908,41.53688],[-93.7504,41.53736],[-93.7434,41.54648],[-93.73411,41.5423]]}},{"type":"Feature","properties":{},"geometry":{"type":"LineString","coordinates":[[-93.78664,41.52854],[-93.76908,41.53688]]}},{"type":"Feature","properties":{},"geometry":{"type":"LineString","coordinates":[[-93.78865,41.53626],[-93.78664,41.52854]]}},{"type":"Feature","properties":{},"geometry":{"type":"LineString","coordinates":[[-93.82732,41.51939],[-93.82218,41.52164]]}},{"type":"Feature","properties":{},"geometry":{"type":"LineString","coordinates":[[-93.83943,41.52334],[-93.82732,41.51939]]}},{"type":"Feature","properties":{},"geometry":{"type":"LineString","coordinates":[[-93.87718,41.51498],[-93.86354,41.5169],[-93.86404,41.52428],[-93.83943,41.52334]]}},{"type":"Feature","properties":{},"geometry":{"type":"LineString","coordinates":[[-93.87982,41.51456],[-93.87718,41.51498]]}},{"type":"Feature","properties":{},"geometry":{"type":"LineString","coordinates":[[-93.88563,41.517],[-93.87982,41.51456]]}},{"type":"Feature","properties":{},"geometry":{"type":"LineString","coordinates":[[-93.90285,41.53228],[-93.88563,41.517]]}},{"type":"Feature","properties":{},"geometry":{"type":"LineString","coordinates":[[-93.90328,41.53224],[-93.90285,41.53228]]}},{"type":"Feature","properties":{},"geometry":{"type":"LineString","coordinates":[[-93.93284,41.52856],[-93.91311,41.52167]]}},{"type":"Feature","properties":{},"geometry":{"type":"LineString","coordinates":[[-93.91311,41.52167],[-93.90785,41.53104]]}},{"type":"Feature","properties":{},"geometry":{"type":"LineString","coordinates":[[-93.90785,41.53104],[-93.90328,41.53224]]}},{"type":"Feature","properties":{},"geometry":{"type":"LineString","coordinates":[[-93.93924,41.53467],[-93.93284,41.52856]]}},{"type":"Feature","properties":{},"geometry":{"type":"LineString","coordinates":[[-93.96673,41.54378],[-93.93924,41.53467]]}},{"type":"Feature","properties":{},"geometry":{"type":"LineString","coordinates":[[-93.95132,41.55991],[-93.96708,41.5493]]}},{"type":"Feature","properties":{},"geometry":{"type":"LineString","coordinates":[[-93.9671,41.54927],[-93.96776,41.54897]]}},{"type":"Feature","properties":{},"geometry":{"type":"LineString","coordinates":[[-93.96708,41.5493],[-93.9671,41.54927]]}},{"type":"Feature","properties":{},"geometry":{"type":"LineString","coordinates":[[-93.96776,41.54897],[-93.96673,41.54378]]}},{"type":"Feature","properties":{},"geometry":{"type":"LineString","coordinates":[[-93.95303,41.56263],[-93.95132,41.55991]]}},{"type":"Feature","properties":{},"geometry":{"type":"LineString","coordinates":[[-93.95483,41.56498],[-93.95303,41.56263]]}},{"type":"Feature","properties":{},"geometry":{"type":"LineString","coordinates":[[-93.95705,41.56578],[-93.95483,41.56498]]}},{"type":"Feature","properties":{},"geometry":{"type":"LineString","coordinates":[[-93.95964,41.56592],[-93.95705,41.56578]]}},{"type":"Feature","properties":{},"geometry":{"type":"LineString","coordinates":[[-93.96123,41.56974],[-93.95964,41.56592]]}},{"type":"Feature","properties":{},"geometry":{"type":"LineString","coordinates":[[-93.96424,41.56804],[-93.96123,41.56974]]}},{"type":"Feature","properties":{},"geometry":{"type":"LineString","coordinates":[[-93.98003,41.57173],[-93.96424,41.56804]]}},{"type":"Feature","properties":{},"geometry":{"type":"LineString","coordinates":[[-93.98174,41.57407],[-93.98003,41.57173]]}},{"type":"Feature","properties":{},"geometry":{"type":"LineString","coordinates":[[-93.98052,41.57537],[-93.98174,41.57407]]}},{"type":"Feature","properties":{},"geometry":{"type":"LineString","coordinates":[[-93.98044,41.57539],[-93.98052,41.57537]]}},{"type":"Feature","properties":{},"geometry":{"type":"LineString","coordinates":[[-93.98358,41.58145],[-93.98044,41.57539]]}},{"type":"Feature","properties":{},"geometry":{"type":"LineString","coordinates":[[-94.01232,41.61982],[-94.01177,41.61845]]}},{"type":"Feature","properties":{},"geometry":{"type":"LineString","coordinates":[[-94.02222,41.62415],[-94.01232,41.61982]]}},{"type":"Feature","properties":{},"geometry":{"type":"LineString","coordinates":[[-94.03162,41.63789],[-94.02222,41.62415]]}},{"type":"Feature","properties":{},"geometry":{"type":"LineString","coordinates":[[-94.03501,41.64204],[-94.03162,41.63796]]}},{"type":"Feature","properties":{},"geometry":{"type":"LineString","coordinates":[[-94.03162,41.63796],[-94.03162,41.63789]]}},{"type":"Feature","properties":{},"geometry":{"type":"LineString","coordinates":[[-94.04544,41.65513],[-94.04007,41.64607]]}},{"type":"Feature","properties":{},"geometry":{"type":"LineString","coordinates":[[-94.04007,41.64607],[-94.03501,41.64204]]}},{"type":"Feature","properties":{},"geometry":{"type":"LineString","coordinates":[[-94.04314,41.7008],[-94.04258,41.69578]]}},{"type":"Feature","properties":{},"geometry":{"type":"LineString","coordinates":[[-94.0415,41.69208],[-94.03046,41.67468],[-94.04444,41.65579]]}},{"type":"Feature","properties":{},"geometry":{"type":"LineString","coordinates":[[-94.04258,41.69578],[-94.0415,41.69208]]}},{"type":"Feature","properties":{},"geometry":{"type":"LineString","coordinates":[[-94.04997,41.71078],[-94.04314,41.7008]]}},{"type":"Feature","properties":{},"geometry":{"type":"LineString","coordinates":[[-94.04444,41.65579],[-94.04544,41.65513]]}},{"type":"Feature","properties":{},"geometry":{"type":"LineString","coordinates":[[-94.14466,41.83889],[-94.11753,41.82755]]}},{"type":"Feature","properties":{},"geometry":{"type":"LineString","coordinates":[[-94.11678,41.8272],[-94.11545,41.8266]]}},{"type":"Feature","properties":{},"geometry":{"type":"LineString","coordinates":[[-94.14439,41.84197],[-94.14466,41.83889]]}},{"type":"Feature","properties":{},"geometry":{"type":"LineString","coordinates":[[-94.11753,41.82755],[-94.11678,41.8272]]}},{"type":"Feature","properties":{},"geometry":{"type":"LineString","coordinates":[[-94.15473,41.86042],[-94.13945,41.84994]]}},{"type":"Feature","properties":{},"geometry":{"type":"LineString","coordinates":[[-94.13945,41.84994],[-94.1354,41.84506],[-94.14439,41.84197]]}},{"type":"Feature","properties":{},"geometry":{"type":"LineString","coordinates":[[-94.17569,41.86293],[-94.15473,41.86042]]}},{"type":"Feature","properties":{},"geometry":{"type":"LineString","coordinates":[[-94.1922,41.86162],[-94.17834,41.8625]]}},{"type":"Feature","properties":{},"geometry":{"type":"LineString","coordinates":[[-94.17834,41.8625],[-94.17569,41.86293]]}},{"type":"Feature","properties":{},"geometry":{"type":"LineString","coordinates":[[-94.245,41.85719],[-94.23839,41.85214]]}},{"type":"Feature","properties":{},"geometry":{"type":"LineString","coordinates":[[-94.27785,41.89809],[-94.27242,41.89532]]}},{"type":"Feature","properties":{},"geometry":{"type":"LineString","coordinates":[[-94.27076,41.89012],[-94.26522,41.88589]]}},{"type":"Feature","properties":{},"geometry":{"type":"LineString","coordinates":[[-94.26089,41.88436],[-94.25034,41.86933]]}},{"type":"Feature","properties":{},"geometry":{"type":"LineString","coordinates":[[-94.27131,41.90843],[-94.27785,41.89809]]}},{"type":"Feature","properties":{},"geometry":{"type":"LineString","coordinates":[[-94.25034,41.86933],[-94.245,41.85719]]}},{"type":"Feature","properties":{},"geometry":{"type":"LineString","coordinates":[[-94.27242,41.89532],[-94.27076,41.89012]]}},{"type":"Feature","properties":{},"geometry":{"type":"LineString","coordinates":[[-94.26522,41.88589],[-94.26089,41.88436]]}},{"type":"Feature","properties":{},"geometry":{"type":"LineString","coordinates":[[-94.28266,41.92357],[-94.27851,41.91569]]}},{"type":"Feature","properties":{},"geometry":{"type":"LineString","coordinates":[[-94.27246,41.90972],[-94.27131,41.90843]]}},{"type":"Feature","properties":{},"geometry":{"type":"LineString","coordinates":[[-94.27851,41.91569],[-94.27586,41.91455]]}},{"type":"Feature","properties":{},"geometry":{"type":"LineString","coordinates":[[-94.27586,41.91455],[-94.27246,41.90972]]}},{"type":"Feature","properties":{},"geometry":{"type":"LineString","coordinates":[[-94.289,41.92419],[-94.28266,41.92357]]}},{"type":"Feature","properties":{},"geometry":{"type":"LineString","coordinates":[[-94.2918,41.94],[-94.289,41.92419]]}},{"type":"Feature","properties":{},"geometry":{"type":"LineString","coordinates":[[-94.29118,41.94988],[-94.2918,41.94]]}},{"type":"Feature","properties":{},"geometry":{"type":"LineString","coordinates":[[-94.29173,41.95084],[-94.29118,41.94988]]}},{"type":"Feature","properties":{},"geometry":{"type":"LineString","coordinates":[[-94.29696,41.95738],[-94.29173,41.95084]]}},{"type":"Feature","properties":{},"geometry":{"type":"LineString","coordinates":[[-94.30116,41.95752],[-94.29696,41.95738]]}},{"type":"Feature","properties":{},"geometry":{"type":"LineString","coordinates":[[-94.3081,41.97123],[-94.31188,41.96704],[-94.30116,41.95752]]}},{"type":"Feature","properties":{},"geometry":{"type":"LineString","coordinates":[[-94.31484,41.98082],[-94.3081,41.97123]]}},{"type":"Feature","properties":{},"geometry":{"type":"LineString","coordinates":[[-94.3321,41.97257],[-94.31484,41.98082]]}},{"type":"Feature","properties":{},"geometry":{"type":"LineString","coordinates":[[-94.34488,41.97671],[-94.3321,41.97257]]}},{"type":"Feature","properties":{},"geometry":{"type":"LineString","coordinates":[[-94.37837,41.98814],[-94.3779,41.98813]]}},{"type":"Feature","properties":{},"geometry":{"type":"LineString","coordinates":[[-94.3779,41.98813],[-94.35736,41.98762],[-94.34488,41.97671]]}},{"type":"Feature","properties":{},"geometry":{"type":"LineString","coordinates":[[-94.38314,41.99999],[-94.38324,41.99417]]}},{"type":"Feature","properties":{},"geometry":{"type":"LineString","coordinates":[[-94.42753,42.00752],[-94.39968,42.00913],[-94.38314,41.99999]]}},{"type":"Feature","properties":{},"geometry":{"type":"LineString","coordinates":[[-94.38324,41.99417],[-94.37837,41.98814]]}},{"type":"Feature","properties":{},"geometry":{"type":"LineString","coordinates":[[-94.50655,42.05634],[-94.49199,42.04162],[-94.47359,42.0402]]}},{"type":"Feature","properties":{},"geometry":{"type":"LineString","coordinates":[[-94.57615,42.09776],[-94.54977,42.09714],[-94.54904,42.08854]]}},{"type":"Feature","properties":{},"geometry":{"type":"LineString","coordinates":[[-94.57926,42.10189],[-94.57615,42.09776]]}},{"type":"Feature","properties":{},"geometry":{"type":"LineString","coordinates":[[-94.58428,42.12434],[-94.57571,42.10587]]}},{"type":"Feature","properties":{},"geometry":{"type":"LineString","coordinates":[[-94.5803,42.10458],[-94.57926,42.10189]]}},{"type":"Feature","properties":{},"geometry":{"type":"LineString","coordinates":[[-94.57571,42.10587],[-94.5803,42.10458]]}},{"type":"Feature","properties":{},"geometry":{"type":"LineString","coordinates":[[-94.04299,41.69559],[-94.04174,41.69232]]}},{"type":"Feature","properties":{},"geometry":{"type":"LineString","coordinates":[[-94.04282,41.69559],[-94.04299,41.69559]]}},{"type":"Feature","properties":{},"geometry":{"type":"LineString","coordinates":[[-94.04174,41.69232],[-94.0415,41.69208]]}},{"type":"Feature","properties":{},"geometry":{"type":"LineString","coordinates":[[-94.04258,41.69578],[-94.04282,41.69559]]}},{"type":"Feature","properties":{},"geometry":{"type":"LineString","coordinates":[[-94.01232,41.61982],[-94.01177,41.61845]]}},{"type":"Feature","properties":{},"geometry":{"type":"LineString","coordinates":[[-93.96424,41.56804],[-93.96123,41.56974]]}},{"type":"Feature","properties":{},"geometry":{"type":"LineString","coordinates":[[-93.95303,41.56263],[-93.95132,41.55991]]}},{"type":"Feature","properties":{},"geometry":{"type":"LineString","coordinates":[[-93.71164,41.5589],[-93.69884,41.56822],[-93.69512,41.56011],[-93.67617,41.56587]]}},{"type":"Feature","properties":{},"geometry":{"type":"LineString","coordinates":[[-94.11545,41.8266],[-94.11545,41.82658]]}},{"type":"Feature","properties":{},"geometry":{"type":"LineString","coordinates":[[-94.11545,41.82658],[-94.11704,41.81033]]}},{"type":"Feature","properties":{},"geometry":{"type":"LineString","coordinates":[[-94.11704,41.81033],[-94.11078,41.79991]]}},{"type":"Feature","properties":{},"geometry":{"type":"LineString","coordinates":[[-94.1936,41.86012],[-94.1922,41.86162]]}},{"type":"Feature","properties":{},"geometry":{"type":"LineString","coordinates":[[-94.54904,42.08854],[-94.54326,42.07127]]}},{"type":"Feature","properties":{},"geometry":{"type":"LineString","coordinates":[[-94.47359,42.0402],[-94.4732,42.03322]]}},{"type":"Feature","properties":{},"geometry":{"type":"LineString","coordinates":[[-94.4732,42.03322],[-94.47504,42.02425]]}},{"type":"Feature","properties":{},"geometry":{"type":"LineString","coordinates":[[-94.05779,41.74334],[-94.05004,41.72316]]}},{"type":"Feature","properties":{},"geometry":{"type":"LineString","coordinates":[[-94.05004,41.72316],[-94.04997,41.71078]]}},{"type":"Feature","properties":{},"geometry":{"type":"LineString","coordinates":[[-94.01217,41.61618],[-94.01214,41.6161]]}},{"type":"Feature","properties":{},"geometry":{"type":"LineString","coordinates":[[-94.01177,41.61845],[-94.01217,41.61618]]}},{"type":"Feature","properties":{},"geometry":{"type":"LineString","coordinates":[[-93.67602,41.56767],[-93.6583,41.56628],[-93.6438,41.58237],[-93.64211,41.57322],[-93.61189,41.57977]]}},{"type":"Feature","properties":{},"geometry":{"type":"LineString","coordinates":[[-93.73411,41.5423],[-93.71767,41.54643],[-93.71164,41.5589]]}},{"type":"Feature","properties":{},"geometry":{"type":"LineString","coordinates":[[-93.80592,41.53141],[-93.79476,41.52673],[-93.78865,41.53626]]}},{"type":"Feature","properties":{},"geometry":{"type":"LineString","coordinates":[[-93.81627,41.53157],[-93.80592,41.53141]]}},{"type":"Feature","properties":{},"geometry":{"type":"LineString","coordinates":[[-93.82218,41.52164],[-93.81627,41.53157]]}},{"type":"Feature","properties":{},"geometry":{"type":"LineString","coordinates":[[-94.00024,41.60912],[-93.9992,41.60905]]}},{"type":"Feature","properties":{},"geometry":{"type":"LineString","coordinates":[[-93.9868,41.59571],[-93.98205,41.59081]]}},{"type":"Feature","properties":{},"geometry":{"type":"LineString","coordinates":[[-93.98439,41.58824],[-93.98896,41.58368],[-93.98358,41.58145]]}},{"type":"Feature","properties":{},"geometry":{"type":"LineString","coordinates":[[-93.99538,41.60657],[-93.99611,41.59344],[-93.9868,41.59571]]}},{"type":"Feature","properties":{},"geometry":{"type":"LineString","coordinates":[[-93.98205,41.59081],[-93.98439,41.58824]]}},{"type":"Feature","properties":{},"geometry":{"type":"LineString","coordinates":[[-93.9992,41.60905],[-93.99538,41.60657]]}},{"type":"Feature","properties":{},"geometry":{"type":"LineString","coordinates":[[-94.01214,41.6161],[-94.00048,41.60886]]}},{"type":"Feature","properties":{},"geometry":{"type":"LineString","coordinates":[[-94.00048,41.60886],[-94.00024,41.60912]]}},{"type":"Feature","properties":{},"geometry":{"type":"LineString","coordinates":[[-94.07197,41.75079],[-94.05779,41.74334]]}},{"type":"Feature","properties":{},"geometry":{"type":"LineString","coordinates":[[-94.08287,41.76303],[-94.07197,41.75079]]}},{"type":"Feature","properties":{},"geometry":{"type":"LineString","coordinates":[[-94.11078,41.79991],[-94.09044,41.78069]]}},{"type":"Feature","properties":{},"geometry":{"type":"LineString","coordinates":[[-94.09044,41.78069],[-94.08065,41.77104],[-94.08287,41.76303]]}},{"type":"Feature","properties":{},"geometry":{"type":"LineString","coordinates":[[-94.23839,41.85214],[-94.21696,41.85214]]}},{"type":"Feature","properties":{},"geometry":{"type":"LineString","coordinates":[[-94.21696,41.85214],[-94.21198,41.84587],[-94.1936,41.86012]]}},{"type":"Feature","properties":{},"geometry":{"type":"LineString","coordinates":[[-94.4567,42.0286],[-94.44876,42.03266],[-94.4318,42.02018]]}},{"type":"Feature","properties":{},"geometry":{"type":"LineString","coordinates":[[-94.47504,42.02425],[-94.4567,42.0286]]}},{"type":"Feature","properties":{},"geometry":{"type":"LineString","coordinates":[[-94.4318,42.02018],[-94.43146,42.01501]]}},{"type":"Feature","properties":{},"geometry":{"type":"LineString","coordinates":[[-94.43146,42.01501],[-94.42753,42.00752]]}},{"type":"Feature","properties":{},"geometry":{"type":"LineString","coordinates":[[-94.51758,42.05653],[-94.50655,42.05634]]}},{"type":"Feature","properties":{},"geometry":{"type":"LineString","coordinates":[[-94.54326,42.07127],[-94.52808,42.06054]]}},{"type":"Feature","properties":{},"geometry":{"type":"LineString","coordinates":[[-94.52808,42.06054],[-94.51758,42.05653]]}},{"type":"Feature","properties":{},"geometry":{"type":"LineString","coordinates":[[-93.98169,41.53907],[-93.96673,41.54378]]}},{"type":"Feature","properties":{},"geometry":{"type":"LineString","coordinates":[[-94.00664,41.55642],[-94.00287,41.55349]]}},{"type":"Feature","properties":{},"geometry":{"type":"LineString","coordinates":[[-94.01462,41.55602],[-94.00664,41.55642]]}},{"type":"Feature","properties":{},"geometry":{"type":"LineString","coordinates":[[-94.01648,41.55613],[-94.01462,41.55602]]}},{"type":"Feature","properties":{},"geometry":{"type":"LineString","coordinates":[[-94.02022,41.55854],[-94.01648,41.55613]]}},{"type":"Feature","properties":{},"geometry":{"type":"LineString","coordinates":[[-94.03283,41.55972],[-94.02022,41.55854]]}},{"type":"Feature","properties":{},"geometry":{"type":"LineString","coordinates":[[-94.03426,41.55862],[-94.03283,41.55972]]}},{"type":"Feature","properties":{},"geometry":{"type":"LineString","coordinates":[[-94.04033,41.55638],[-94.03426,41.55862]]}},{"type":"Feature","properties":{},"geometry":{"type":"LineString","coordinates":[[-94.05769,41.55454],[-94.04033,41.55638]]}},{"type":"Feature","properties":{},"geometry":{"type":"LineString","coordinates":[[-94.05848,41.55466],[-94.05769,41.55454]]}},{"type":"Feature","properties":{},"geometry":{"type":"LineString","coordinates":[[-94.06268,41.55548],[-94.05848,41.55466]]}},{"type":"Feature","properties":{},"geometry":{"type":"LineString","coordinates":[[-94.07587,41.55576],[-94.06268,41.55548]]}},{"type":"Feature","properties":{},"geometry":{"type":"LineString","coordinates":[[-94.08568,41.55288],[-94.07587,41.55576]]}},{"type":"Feature","properties":{},"geometry":{"type":"LineString","coordinates":[[-94.09223,41.54701],[-94.08568,41.55288]]}},{"type":"Feature","properties":{},"geometry":{"type":"LineString","coordinates":[[-94.10008,41.55094],[-94.09223,41.54701]]}},{"type":"Feature","properties":{},"geometry":{"type":"LineString","coordinates":[[-94.11129,41.56584],[-94.10008,41.55094]]}},{"type":"Feature","properties":{},"geometry":{"type":"LineString","coordinates":[[-94.1303,41.57048],[-94.11129,41.56584]]}},{"type":"Feature","properties":{},"geometry":{"type":"LineString","coordinates":[[-94.13228,41.57117],[-94.1303,41.57048]]}},{"type":"Feature","properties":{},"geometry":{"type":"LineString","coordinates":[[-94.14364,41.57398],[-94.13228,41.57117]]}},{"type":"Feature","properties":{},"geometry":{"type":"LineString","coordinates":[[-94.14416,41.57558],[-94.14364,41.57398]]}},{"type":"Feature","properties":{},"geometry":{"type":"LineString","coordinates":[[-94.14489,41.57684],[-94.14416,41.57558]]}},{"type":"Feature","properties":{},"geometry":{"type":"LineString","coordinates":[[-94.15059,41.58988],[-94.14489,41.57684]]}},{"type":"Feature","properties":{},"geometry":{"type":"LineString","coordinates":[[-94.15848,41.58422],[-94.15059,41.58988]]}},{"type":"Feature","properties":{},"geometry":{"type":"LineString","coordinates":[[-94.17487,41.58092],[-94.15848,41.58422]]}},{"type":"Feature","properties":{},"geometry":{"type":"LineString","coordinates":[[-94.18379,41.57486],[-94.17487,41.58092]]}},{"type":"Feature","properties":{},"geometry":{"type":"LineString","coordinates":[[-94.19262,41.57183],[-94.18379,41.57486]]}},{"type":"Feature","properties":{},"geometry":{"type":"LineString","coordinates":[[-94.21076,41.6057],[-94.19262,41.57183]]}},{"type":"Feature","properties":{},"geometry":{"type":"LineString","coordinates":[[-94.22344,41.60294],[-94.21076,41.6057]]}},{"type":"Feature","properties":{},"geometry":{"type":"LineString","coordinates":[[-94.22344,41.60143],[-94.22344,41.60294]]}},{"type":"Feature","properties":{},"geometry":{"type":"LineString","coordinates":[[-94.23721,41.59941],[-94.22344,41.60143]]}},{"type":"Feature","properties":{},"geometry":{"type":"LineString","coordinates":[[-94.24014,41.60135],[-94.23721,41.59941]]}},{"type":"Feature","properties":{},"geometry":{"type":"LineString","coordinates":[[-94.24744,41.60887],[-94.24014,41.60135]]}},{"type":"Feature","properties":{},"geometry":{"type":"LineString","coordinates":[[-94.26892,41.61655],[-94.26102,41.61982],[-94.2621,41.61353],[-94.24744,41.60887]]}},{"type":"Feature","properties":{},"geometry":{"type":"LineString","coordinates":[[-94.28313,41.61634],[-94.26892,41.61655]]}},{"type":"Feature","properties":{},"geometry":{"type":"LineString","coordinates":[[-94.28636,41.61886],[-94.28313,41.61634]]}},{"type":"Feature","properties":{},"geometry":{"type":"LineString","coordinates":[[-94.28751,41.62215],[-94.28636,41.61886]]}},{"type":"Feature","properties":{},"geometry":{"type":"LineString","coordinates":[[-94.29299,41.63126],[-94.28751,41.62215]]}},{"type":"Feature","properties":{},"geometry":{"type":"LineString","coordinates":[[-94.31408,41.63454],[-94.29299,41.63126]]}},{"type":"Feature","properties":{},"geometry":{"type":"LineString","coordinates":[[-94.3256,41.64665],[-94.31408,41.63454]]}},{"type":"Feature","properties":{},"geometry":{"type":"LineString","coordinates":[[-94.32691,41.64885],[-94.3256,41.64665]]}},{"type":"Feature","properties":{},"geometry":{"type":"LineString","coordinates":[[-94.34371,41.66958],[-94.32691,41.64885]]}},{"type":"Feature","properties":{},"geometry":{"type":"LineString","coordinates":[[-94.34978,41.66731],[-94.34371,41.66958]]}},{"type":"Feature","properties":{},"geometry":{"type":"LineString","coordinates":[[-94.36314,41.66747],[-94.34978,41.66731]]}},{"type":"Feature","properties":{},"geometry":{"type":"LineString","coordinates":[[-94.38175,41.68419],[-94.36616,41.68497],[-94.36314,41.66747]]}},{"type":"Feature","properties":{},"geometry":{"type":"LineString","coordinates":[[-94.38139,41.69568],[-94.38175,41.68419]]}},{"type":"Feature","properties":{},"geometry":{"type":"LineString","coordinates":[[-94.46326,41.75572],[-94.46252,41.75448]]}},{"type":"Feature","properties":{},"geometry":{"type":"LineString","coordinates":[[-94.465,41.75663],[-94.46326,41.75572]]}},{"type":"Feature","properties":{},"geometry":{"type":"LineString","coordinates":[[-94.49571,41.77666],[-94.48505,41.77935],[-94.46862,41.76941]]}},{"type":"Feature","properties":{},"geometry":{"type":"LineString","coordinates":[[-94.49968,41.77702],[-94.49571,41.77666]]}},{"type":"Feature","properties":{},"geometry":{"type":"LineString","coordinates":[[-94.52375,41.7763],[-94.49968,41.77702]]}},{"type":"Feature","properties":{},"geometry":{"type":"LineString","coordinates":[[-94.53572,41.78095],[-94.52375,41.7763]]}},{"type":"Feature","properties":{},"geometry":{"type":"LineString","coordinates":[[-94.53864,41.78743],[-94.53572,41.78095]]}},{"type":"Feature","properties":{},"geometry":{"type":"LineString","coordinates":[[-94.53976,41.79559],[-94.53864,41.78743]]}},{"type":"Feature","properties":{},"geometry":{"type":"LineString","coordinates":[[-94.55372,41.80569],[-94.53976,41.79559]]}},{"type":"Feature","properties":{},"geometry":{"type":"LineString","coordinates":[[-94.20185,41.56615],[-94.19262,41.57183]]}},{"type":"Feature","properties":{},"geometry":{"type":"LineString","coordinates":[[-94.20425,41.56586],[-94.20185,41.56615]]}},{"type":"Feature","properties":{},"geometry":{"type":"LineString","coordinates":[[-94.20611,41.56892],[-94.20425,41.56586]]}},{"type":"Feature","properties":{},"geometry":{"type":"LineString","coordinates":[[-94.21379,41.56834],[-94.20611,41.56892]]}},{"type":"Feature","properties":{},"geometry":{"type":"LineString","coordinates":[[-94.21948,41.5668],[-94.21379,41.56834]]}},{"type":"Feature","properties":{},"geometry":{"type":"LineString","coordinates":[[-94.2278,41.56632],[-94.21948,41.5668]]}},{"type":"Feature","properties":{},"geometry":{"type":"LineString","coordinates":[[-94.23562,41.56375],[-94.2278,41.56632]]}},{"type":"Feature","properties":{},"geometry":{"type":"LineString","coordinates":[[-94.23964,41.56335],[-94.23562,41.56375]]}},{"type":"Feature","properties":{},"geometry":{"type":"LineString","coordinates":[[-94.25408,41.56342],[-94.23964,41.56335]]}},{"type":"Feature","properties":{},"geometry":{"type":"LineString","coordinates":[[-94.25529,41.56855],[-94.25408,41.56342]]}},{"type":"Feature","properties":{},"geometry":{"type":"LineString","coordinates":[[-94.25977,41.56906],[-94.25529,41.56855]]}},{"type":"Feature","properties":{},"geometry":{"type":"LineString","coordinates":[[-94.27029,41.56492],[-94.25977,41.56906]]}},{"type":"Feature","properties":{},"geometry":{"type":"LineString","coordinates":[[-94.27369,41.56639],[-94.27029,41.56492]]}},{"type":"Feature","properties":{},"geometry":{"type":"LineString","coordinates":[[-94.28512,41.56272],[-94.27369,41.56639]]}},{"type":"Feature","properties":{},"geometry":{"type":"LineString","coordinates":[[-94.29253,41.55678],[-94.28512,41.56272]]}},{"type":"Feature","properties":{},"geometry":{"type":"LineString","coordinates":[[-94.30433,41.57094],[-94.30465,41.56262],[-94.29253,41.55678]]}},{"type":"Feature","properties":{},"geometry":{"type":"LineString","coordinates":[[-94.29305,41.58297],[-94.30433,41.57094]]}},{"type":"Feature","properties":{},"geometry":{"type":"LineString","coordinates":[[-94.2996,41.58197],[-94.29305,41.58297]]}},{"type":"Feature","properties":{},"geometry":{"type":"LineString","coordinates":[[-94.33494,41.57736],[-94.30653,41.59291],[-94.2996,41.58197]]}},{"type":"Feature","properties":{},"geometry":{"type":"LineString","coordinates":[[-94.3358,41.57839],[-94.33494,41.57736]]}},{"type":"Feature","properties":{},"geometry":{"type":"LineString","coordinates":[[-94.33515,41.59429],[-94.32546,41.58829],[-94.3358,41.57839]]}},{"type":"Feature","properties":{},"geometry":{"type":"LineString","coordinates":[[-94.34761,41.60102],[-94.33515,41.59429]]}},{"type":"Feature","properties":{},"geometry":{"type":"LineString","coordinates":[[-94.36117,41.61024],[-94.34761,41.60102]]}},{"type":"Feature","properties":{},"geometry":{"type":"LineString","coordinates":[[-94.36236,41.61056],[-94.36117,41.61024]]}},{"type":"Feature","properties":{},"geometry":{"type":"LineString","coordinates":[[-94.37577,41.62008],[-94.36236,41.61056]]}},{"type":"Feature","properties":{},"geometry":{"type":"LineString","coordinates":[[-94.37601,41.62026],[-94.37577,41.62008]]}},{"type":"Feature","properties":{},"geometry":{"type":"LineString","coordinates":[[-94.38571,41.62106],[-94.37601,41.62026]]}},{"type":"Feature","properties":{},"geometry":{"type":"LineString","coordinates":[[-94.39634,41.62014],[-94.38571,41.62106]]}},{"type":"Feature","properties":{},"geometry":{"type":"LineString","coordinates":[[-94.4,41.62229],[-94.39634,41.62014]]}},{"type":"Feature","properties":{},"geometry":{"type":"LineString","coordinates":[[-94.40488,41.62238],[-94.4,41.62229]]}},{"type":"Feature","properties":{},"geometry":{"type":"LineString","coordinates":[[-94.41077,41.62467],[-94.40488,41.62238]]}},{"type":"Feature","properties":{},"geometry":{"type":"LineString","coordinates":[[-94.41549,41.62574],[-94.41077,41.62467]]}},{"type":"Feature","properties":{},"geometry":{"type":"LineString","coordinates":[[-94.42535,41.63942],[-94.41549,41.62574]]}},{"type":"Feature","properties":{},"geometry":{"type":"LineString","coordinates":[[-94.43993,41.64305],[-94.42535,41.63942]]}},{"type":"Feature","properties":{},"geometry":{"type":"LineString","coordinates":[[-94.465,41.75663],[-94.46326,41.75572]]}},{"type":"Feature","properties":{},"geometry":{"type":"LineString","coordinates":[[-94.00287,41.55349],[-94.00024,41.5501]]}},{"type":"Feature","properties":{},"geometry":{"type":"LineString","coordinates":[[-94.00005,41.55002],[-93.98526,41.54704],[-93.98169,41.53907]]}},{"type":"Feature","properties":{},"geometry":{"type":"LineString","coordinates":[[-94.00024,41.5501],[-94.00005,41.55002]]}},{"type":"Feature","properties":{},"geometry":{"type":"LineString","coordinates":[[-94.46699,41.76157],[-94.465,41.75663]]}},{"type":"Feature","properties":{},"geometry":{"type":"LineString","coordinates":[[-94.46862,41.76941],[-94.46699,41.76157]]}},{"type":"Feature","properties":{},"geometry":{"type":"LineString","coordinates":[[-94.46252,41.75448],[-94.4585,41.75014]]}},{"type":"Feature","properties":{},"geometry":{"type":"LineString","coordinates":[[-94.45596,41.74687],[-94.44806,41.74275]]}},{"type":"Feature","properties":{},"geometry":{"type":"LineString","coordinates":[[-94.44806,41.74275],[-94.43873,41.73728]]}},{"type":"Feature","properties":{},"geometry":{"type":"LineString","coordinates":[[-94.41972,41.72618],[-94.41608,41.72654]]}},{"type":"Feature","properties":{},"geometry":{"type":"LineString","coordinates":[[-94.43873,41.73728],[-94.41972,41.72618]]}},{"type":"Feature","properties":{},"geometry":{"type":"LineString","coordinates":[[-94.41608,41.72654],[-94.4091,41.7223]]}},{"type":"Feature","properties":{},"geometry":{"type":"LineString","coordinates":[[-94.4091,41.7223],[-94.40647,41.71784]]}},{"type":"Feature","properties":{},"geometry":{"type":"LineString","coordinates":[[-94.40647,41.71784],[-94.39743,41.71599]]}},{"type":"Feature","properties":{},"geometry":{"type":"LineString","coordinates":[[-94.39743,41.71599],[-94.39777,41.70915]]}},{"type":"Feature","properties":{},"geometry":{"type":"LineString","coordinates":[[-94.39777,41.70915],[-94.39573,41.70296],[-94.38059,41.70586],[-94.38139,41.69568]]}},{"type":"Feature","properties":{},"geometry":{"type":"LineString","coordinates":[[-94.4585,41.75014],[-94.45596,41.74687]]}},{"type":"Feature","properties":{},"geometry":{"type":"LineString","coordinates":[[-93.44587,41.51437],[-93.43597,41.5127]]}},{"type":"Feature","properties":{},"geometry":{"type":"LineString","coordinates":[[-93.48886,41.55564],[-93.48769,41.5404],[-93.47651,41.5438]]}},{"type":"Feature","properties":{},"geometry":{"type":"LineString","coordinates":[[-93.47651,41.5438],[-93.44587,41.51437]]}},{"type":"Feature","properties":{},"geometry":{"type":"LineString","coordinates":[[-93.507,41.56303],[-93.50154,41.55354],[-93.48886,41.55564]]}},{"type":"Feature","properties":{},"geometry":{"type":"LineString","coordinates":[[-93.54727,41.56207],[-93.54313,41.55086],[-93.52797,41.55184]]}},{"type":"Feature","properties":{},"geometry":{"type":"LineString","coordinates":[[-93.57672,41.57013],[-93.56195,41.57267],[-93.54727,41.56207]]}},{"type":"Feature","properties":{},"geometry":{"type":"LineString","coordinates":[[-93.61189,41.57977],[-93.57672,41.57013]]}},{"type":"Feature","properties":{},"geometry":{"type":"LineString","coordinates":[[-93.51749,41.50193],[-93.49593,41.51196],[-93.47751,41.50553],[-93.46033,41.51734],[-93.44699,41.51479]]}},{"type":"Feature","properties":{},"geometry":{"type":"LineString","coordinates":[[-93.44699,41.51479],[-93.44587,41.51437]]}},{"type":"Feature","properties":{},"geometry":{"type":"LineString","coordinates":[[-93.52093,41.50132],[-93.51749,41.50193]]}},{"type":"Feature","properties":{},"geometry":{"type":"LineString","coordinates":[[-93.52395,41.50001],[-93.52395,41.50001]]}},{"type":"Feature","properties":{},"geometry":{"type":"LineString","coordinates":[[-93.52395,41.50001],[-93.52395,41.50001]]}},{"type":"Feature","properties":{},"geometry":{"type":"LineString","coordinates":[[-93.52395,41.50001],[-93.52093,41.50132]]}},{"type":"Feature","properties":{},"geometry":{"type":"LineString","coordinates":[[-93.52964,41.49791],[-93.52395,41.50001]]}},{"type":"Feature","properties":{},"geometry":{"type":"LineString","coordinates":[[-93.55799,41.48885],[-93.52964,41.49791]]}},{"type":"Feature","properties":{},"geometry":{"type":"LineString","coordinates":[[-93.56973,41.48794],[-93.55799,41.48885]]}},{"type":"Feature","properties":{},"geometry":{"type":"LineString","coordinates":[[-93.57532,41.49739],[-93.56973,41.48794]]}},{"type":"Feature","properties":{},"geometry":{"type":"LineString","coordinates":[[-93.60083,41.48607],[-93.59675,41.49273]]}},{"type":"Feature","properties":{},"geometry":{"type":"LineString","coordinates":[[-93.6015,41.48317],[-93.60083,41.48607]]}},{"type":"Feature","properties":{},"geometry":{"type":"LineString","coordinates":[[-93.60953,41.479],[-93.61352,41.48246],[-93.6015,41.48317]]}},{"type":"Feature","properties":{},"geometry":{"type":"LineString","coordinates":[[-93.61349,41.46926],[-93.60953,41.479]]}},{"type":"Feature","properties":{},"geometry":{"type":"LineString","coordinates":[[-93.61276,41.46878],[-93.61349,41.46926]]}},{"type":"Feature","properties":{},"geometry":{"type":"LineString","coordinates":[[-93.64007,41.46676],[-93.62991,41.47237],[-93.62346,41.46201],[-93.61276,41.46878]]}},{"type":"Feature","properties":{},"geometry":{"type":"LineString","coordinates":[[-93.6363,41.46024],[-93.63268,41.46411],[-93.64007,41.46676]]}},{"type":"Feature","properties":{},"geometry":{"type":"LineString","coordinates":[[-93.64521,41.45251],[-93.6363,41.46024]]}},{"type":"Feature","properties":{},"geometry":{"type":"LineString","coordinates":[[-93.66291,41.45591],[-93.64521,41.45251]]}},{"type":"Feature","properties":{},"geometry":{"type":"LineString","coordinates":[[-93.67211,41.4444],[-93.66291,41.45591]]}},{"type":"Feature","properties":{},"geometry":{"type":"LineString","coordinates":[[-93.69146,41.45133],[-93.67211,41.4444]]}},{"type":"Feature","properties":{},"geometry":{"type":"LineString","coordinates":[[-93.69665,41.44885],[-93.69146,41.45133]]}},{"type":"Feature","properties":{},"geometry":{"type":"LineString","coordinates":[[-93.71642,41.4479],[-93.69665,41.44885]]}},{"type":"Feature","properties":{},"geometry":{"type":"LineString","coordinates":[[-93.72089,41.44785],[-93.71642,41.4479]]}},{"type":"Feature","properties":{},"geometry":{"type":"LineString","coordinates":[[-93.72253,41.44519],[-93.72089,41.44785]]}},{"type":"Feature","properties":{},"geometry":{"type":"LineString","coordinates":[[-93.72091,41.44085],[-93.72253,41.44519]]}},{"type":"Feature","properties":{},"geometry":{"type":"LineString","coordinates":[[-93.733,41.43631],[-93.72091,41.44085]]}},{"type":"Feature","properties":{},"geometry":{"type":"LineString","coordinates":[[-93.74936,41.43547],[-93.74265,41.44103],[-93.733,41.43631]]}},{"type":"Feature","properties":{},"geometry":{"type":"LineString","coordinates":[[-93.40221,41.48255],[-93.39716,41.48566]]}},{"type":"Feature","properties":{},"geometry":{"type":"LineString","coordinates":[[-93.39716,41.48566],[-93.39696,41.48634]]}},{"type":"Feature","properties":{},"geometry":{"type":"LineString","coordinates":[[-93.44137,41.49251],[-93.42414,41.48257],[-93.40221,41.48255]]}},{"type":"Feature","properties":{},"geometry":{"type":"LineString","coordinates":[[-93.45275,41.49312],[-93.44137,41.49251]]}},{"type":"Feature","properties":{},"geometry":{"type":"LineString","coordinates":[[-93.47499,41.48896],[-93.45275,41.49312]]}},{"type":"Feature","properties":{},"geometry":{"type":"LineString","coordinates":[[-93.47306,41.48311],[-93.47499,41.48896]]}},{"type":"Feature","properties":{},"geometry":{"type":"LineString","coordinates":[[-93.47635,41.4804],[-93.47306,41.48311]]}},{"type":"Feature","properties":{},"geometry":{"type":"LineString","coordinates":[[-93.48053,41.47422],[-93.47635,41.4804]]}},{"type":"Feature","properties":{},"geometry":{"type":"LineString","coordinates":[[-93.48323,41.4701],[-93.48053,41.47422]]}},{"type":"Feature","properties":{},"geometry":{"type":"LineString","coordinates":[[-93.4996,41.45583],[-93.48629,41.46028],[-93.48323,41.4701]]}},{"type":"Feature","properties":{},"geometry":{"type":"LineString","coordinates":[[-93.50115,41.45586],[-93.4996,41.45583]]}},{"type":"Feature","properties":{},"geometry":{"type":"LineString","coordinates":[[-93.50662,41.45463],[-93.50115,41.45586]]}},{"type":"Feature","properties":{},"geometry":{"type":"LineString","coordinates":[[-93.51533,41.45075],[-93.50662,41.45463]]}},{"type":"Feature","properties":{},"geometry":{"type":"LineString","coordinates":[[-93.52427,41.4468],[-93.51533,41.45075]]}},{"type":"Feature","properties":{},"geometry":{"type":"LineString","coordinates":[[-93.53727,41.44171],[-93.52427,41.4468]]}},{"type":"Feature","properties":{},"geometry":{"type":"LineString","coordinates":[[-93.53778,41.44157],[-93.53727,41.44171]]}},{"type":"Feature","properties":{},"geometry":{"type":"LineString","coordinates":[[-93.55114,41.43652],[-93.53778,41.44157]]}},{"type":"Feature","properties":{},"geometry":{"type":"LineString","coordinates":[[-93.572,41.4296],[-93.55114,41.43652]]}},{"type":"Feature","properties":{},"geometry":{"type":"LineString","coordinates":[[-93.58224,41.42674],[-93.572,41.4296]]}},{"type":"Feature","properties":{},"geometry":{"type":"LineString","coordinates":[[-93.5875,41.42462],[-93.58224,41.42674]]}},{"type":"Feature","properties":{},"geometry":{"type":"LineString","coordinates":[[-93.59568,41.4229],[-93.5875,41.42462]]}},{"type":"Feature","properties":{},"geometry":{"type":"LineString","coordinates":[[-93.61009,41.42032],[-93.59568,41.4229]]}},{"type":"Feature","properties":{},"geometry":{"type":"LineString","coordinates":[[-93.61115,41.42005],[-93.61009,41.42032]]}},{"type":"Feature","properties":{},"geometry":{"type":"LineString","coordinates":[[-93.61972,41.41685],[-93.61115,41.42005]]}},{"type":"Feature","properties":{},"geometry":{"type":"LineString","coordinates":[[-93.63531,41.41007],[-93.61972,41.41685]]}},{"type":"Feature","properties":{},"geometry":{"type":"LineString","coordinates":[[-93.6447,41.40726],[-93.63531,41.41007]]}},{"type":"Feature","properties":{},"geometry":{"type":"LineString","coordinates":[[-93.65248,41.40504],[-93.6447,41.40726]]}},{"type":"Feature","properties":{},"geometry":{"type":"LineString","coordinates":[[-93.65309,41.40485],[-93.65248,41.40504]]}},{"type":"Feature","properties":{},"geometry":{"type":"LineString","coordinates":[[-93.66263,41.40009],[-93.65309,41.40485]]}},{"type":"Feature","properties":{},"geometry":{"type":"LineString","coordinates":[[-93.66539,41.39867],[-93.66263,41.40009]]}},{"type":"Feature","properties":{},"geometry":{"type":"LineString","coordinates":[[-93.68079,41.39109],[-93.66539,41.39867]]}},{"type":"Feature","properties":{},"geometry":{"type":"LineString","coordinates":[[-93.68289,41.39288],[-93.68079,41.39109]]}},{"type":"Feature","properties":{},"geometry":{"type":"LineString","coordinates":[[-93.6868,41.38903],[-93.68289,41.39288]]}},{"type":"Feature","properties":{},"geometry":{"type":"LineString","coordinates":[[-93.70354,41.38724],[-93.69361,41.39369],[-93.6868,41.38903]]}},{"type":"Feature","properties":{},"geometry":{"type":"LineString","coordinates":[[-93.70177,41.38259],[-93.70354,41.38724]]}},{"type":"Feature","properties":{},"geometry":{"type":"LineString","coordinates":[[-93.70508,41.38129],[-93.70177,41.38259]]}},{"type":"Feature","properties":{},"geometry":{"type":"LineString","coordinates":[[-93.71441,41.38162],[-93.70508,41.38129]]}},{"type":"Feature","properties":{},"geometry":{"type":"LineString","coordinates":[[-93.7227,41.37754],[-93.71441,41.38162]]}},{"type":"Feature","properties":{},"geometry":{"type":"LineString","coordinates":[[-93.7277,41.37447],[-93.7227,41.37754]]}},{"type":"Feature","properties":{},"geometry":{"type":"LineString","coordinates":[[-93.73892,41.36483],[-93.73024,41.36873]]}},{"type":"Feature","properties":{},"geometry":{"type":"LineString","coordinates":[[-93.76666,41.36495],[-93.73892,41.36483]]}},{"type":"Feature","properties":{},"geometry":{"type":"LineString","coordinates":[[-93.77292,41.36253],[-93.76666,41.36495]]}},{"type":"Feature","properties":{},"geometry":{"type":"LineString","coordinates":[[-93.79674,41.35631],[-93.7761,41.3537],[-93.77292,41.36253]]}},{"type":"Feature","properties":{},"geometry":{"type":"LineString","coordinates":[[-93.80679,41.35187],[-93.79674,41.35631]]}},{"type":"Feature","properties":{},"geometry":{"type":"LineString","coordinates":[[-93.845,41.3396],[-93.81242,41.33868],[-93.80679,41.35187]]}},{"type":"Feature","properties":{},"geometry":{"type":"LineString","coordinates":[[-93.85556,41.34638],[-93.845,41.3396]]}},{"type":"Feature","properties":{},"geometry":{"type":"LineString","coordinates":[[-93.86542,41.34752],[-93.85556,41.34638]]}},{"type":"Feature","properties":{},"geometry":{"type":"LineString","coordinates":[[-93.88731,41.34404],[-93.86542,41.34752]]}},{"type":"Feature","properties":{},"geometry":{"type":"LineString","coordinates":[[-93.90027,41.34221],[-93.88731,41.34404]]}},{"type":"Feature","properties":{},"geometry":{"type":"LineString","coordinates":[[-93.93312,41.33954],[-93.90027,41.34221]]}},{"type":"Feature","properties":{},"geometry":{"type":"LineString","coordinates":[[-93.95351,41.33267],[-93.93312,41.33954]]}},{"type":"Feature","properties":{},"geometry":{"type":"LineString","coordinates":[[-93.95511,41.3285],[-93.95351,41.33267]]}},{"type":"Feature","properties":{},"geometry":{"type":"LineString","coordinates":[[-93.95978,41.32255],[-93.95511,41.3285]]}},{"type":"Feature","properties":{},"geometry":{"type":"LineString","coordinates":[[-93.97349,41.31581],[-93.95978,41.32255]]}},{"type":"Feature","properties":{},"geometry":{"type":"LineString","coordinates":[[-93.97943,41.31446],[-93.97349,41.31581]]}},{"type":"Feature","properties":{},"geometry":{"type":"LineString","coordinates":[[-93.98708,41.31736],[-93.97943,41.31446]]}},{"type":"Feature","properties":{},"geometry":{"type":"LineString","coordinates":[[-93.99952,41.3159],[-93.98708,41.31736]]}},{"type":"Feature","properties":{},"geometry":{"type":"LineString","coordinates":[[-94.00468,41.31557],[-94.00024,41.31609]]}},{"type":"Feature","properties":{},"geometry":{"type":"LineString","coordinates":[[-94.00024,41.31609],[-93.99952,41.3159]]}},{"type":"Feature","properties":{},"geometry":{"type":"LineString","coordinates":[[-94.00782,41.30711],[-94.00468,41.31557]]}},{"type":"Feature","properties":{},"geometry":{"type":"LineString","coordinates":[[-94.01671,41.30506],[-94.00782,41.30711]]}},{"type":"Feature","properties":{},"geometry":{"type":"LineString","coordinates":[[-94.01865,41.30796],[-94.01671,41.30506]]}},{"type":"Feature","properties":{},"geometry":{"type":"LineString","coordinates":[[-94.02691,41.29992],[-94.01865,41.30796]]}},{"type":"Feature","properties":{},"geometry":{"type":"LineString","coordinates":[[-94.03729,41.2991],[-94.02691,41.29992]]}},{"type":"Feature","properties":{},"geometry":{"type":"LineString","coordinates":[[-94.04354,41.29828],[-94.03729,41.2991]]}},{"type":"Feature","properties":{},"geometry":{"type":"LineString","coordinates":[[-94.045,41.29964],[-94.04354,41.29828]]}},{"type":"Feature","properties":{},"geometry":{"type":"LineString","coordinates":[[-94.04724,41.29845],[-94.045,41.29964]]}},{"type":"Feature","properties":{},"geometry":{"type":"LineString","coordinates":[[-94.05265,41.29429],[-94.04724,41.29845]]}},{"type":"Feature","properties":{},"geometry":{"type":"LineString","coordinates":[[-94.06105,41.28972],[-94.05265,41.29429]]}},{"type":"Feature","properties":{},"geometry":{"type":"LineString","coordinates":[[-94.06847,41.30299],[-94.07321,41.2964],[-94.06105,41.28972]]}},{"type":"Feature","properties":{},"geometry":{"type":"LineString","coordinates":[[-94.07997,41.2983],[-94.06847,41.30299]]}},{"type":"Feature","properties":{},"geometry":{"type":"LineString","coordinates":[[-94.09224,41.28703],[-94.07519,41.28373],[-94.07294,41.29389],[-94.07997,41.2983]]}},{"type":"Feature","properties":{},"geometry":{"type":"LineString","coordinates":[[-94.10494,41.30325],[-94.10977,41.29056],[-94.09224,41.28703]]}},{"type":"Feature","properties":{},"geometry":{"type":"LineString","coordinates":[[-94.10646,41.3027],[-94.10494,41.30325]]}},{"type":"Feature","properties":{},"geometry":{"type":"LineString","coordinates":[[-94.12745,41.30467],[-94.10646,41.3027]]}},{"type":"Feature","properties":{},"geometry":{"type":"LineString","coordinates":[[-94.12818,41.29552],[-94.12745,41.30467]]}},{"type":"Feature","properties":{},"geometry":{"type":"LineString","coordinates":[[-94.1337,41.29474],[-94.12818,41.29552]]}},{"type":"Feature","properties":{},"geometry":{"type":"LineString","coordinates":[[-94.14049,41.2939],[-94.1337,41.29474]]}},{"type":"Feature","properties":{},"geometry":{"type":"LineString","coordinates":[[-94.14344,41.2938],[-94.14049,41.2939]]}},{"type":"Feature","properties":{},"geometry":{"type":"LineString","coordinates":[[-94.15263,41.29067],[-94.14344,41.2938]]}},{"type":"Feature","properties":{},"geometry":{"type":"LineString","coordinates":[[-94.16607,41.29718],[-94.16524,41.29112],[-94.15263,41.29067]]}},{"type":"Feature","properties":{},"geometry":{"type":"LineString","coordinates":[[-94.16892,41.29924],[-94.16607,41.29718]]}},{"type":"Feature","properties":{},"geometry":{"type":"LineString","coordinates":[[-94.18002,41.29718],[-94.16892,41.29924]]}},{"type":"Feature","properties":{},"geometry":{"type":"LineString","coordinates":[[-94.18345,41.30159],[-94.18002,41.29718]]}},{"type":"Feature","properties":{},"geometry":{"type":"LineString","coordinates":[[-94.18873,41.30573],[-94.18345,41.30159]]}},{"type":"Feature","properties":{},"geometry":{"type":"LineString","coordinates":[[-94.19423,41.306],[-94.18873,41.30573]]}},{"type":"Feature","properties":{},"geometry":{"type":"LineString","coordinates":[[-94.19974,41.29847],[-94.19423,41.306]]}},{"type":"Feature","properties":{},"geometry":{"type":"LineString","coordinates":[[-94.20861,41.30446],[-94.19974,41.29847]]}},{"type":"Feature","properties":{},"geometry":{"type":"LineString","coordinates":[[-94.21334,41.3075],[-94.20861,41.30446]]}},{"type":"Feature","properties":{},"geometry":{"type":"LineString","coordinates":[[-94.21286,41.31068],[-94.21334,41.3075]]}},{"type":"Feature","properties":{},"geometry":{"type":"LineString","coordinates":[[-94.21543,41.3231],[-94.21286,41.31068]]}},{"type":"Feature","properties":{},"geometry":{"type":"LineString","coordinates":[[-94.24075,41.32893],[-94.21543,41.3231]]}},{"type":"Feature","properties":{},"geometry":{"type":"LineString","coordinates":[[-94.22793,41.33924],[-94.24075,41.32893]]}},{"type":"Feature","properties":{},"geometry":{"type":"LineString","coordinates":[[-94.23209,41.34054],[-94.22793,41.33924]]}},{"type":"Feature","properties":{},"geometry":{"type":"LineString","coordinates":[[-94.24593,41.34132],[-94.23209,41.34054]]}},{"type":"Feature","properties":{},"geometry":{"type":"LineString","coordinates":[[-94.25411,41.33751],[-94.24593,41.34132]]}},{"type":"Feature","properties":{},"geometry":{"type":"LineString","coordinates":[[-94.26379,41.35333],[-94.26955,41.3427],[-94.25411,41.33751]]}},{"type":"Feature","properties":{},"geometry":{"type":"LineString","coordinates":[[-94.28047,41.35076],[-94.26379,41.35333]]}},{"type":"Feature","properties":{},"geometry":{"type":"LineString","coordinates":[[-94.28028,41.35373],[-94.28047,41.35076]]}},{"type":"Feature","properties":{},"geometry":{"type":"LineString","coordinates":[[-94.27462,41.36253],[-94.28028,41.35373]]}},{"type":"Feature","properties":{},"geometry":{"type":"LineString","coordinates":[[-94.29393,41.3596],[-94.27462,41.36253]]}},{"type":"Feature","properties":{},"geometry":{"type":"LineString","coordinates":[[-94.29797,41.36118],[-94.29393,41.3596]]}},{"type":"Feature","properties":{},"geometry":{"type":"LineString","coordinates":[[-94.30304,41.36395],[-94.29797,41.36118]]}},{"type":"Feature","properties":{},"geometry":{"type":"LineString","coordinates":[[-94.32329,41.36293],[-94.30941,41.36899],[-94.30304,41.36395]]}},{"type":"Feature","properties":{},"geometry":{"type":"LineString","coordinates":[[-94.32882,41.36426],[-94.32329,41.36293]]}},{"type":"Feature","properties":{},"geometry":{"type":"LineString","coordinates":[[-94.33239,41.3803],[-94.32237,41.37682],[-94.32882,41.36426]]}},{"type":"Feature","properties":{},"geometry":{"type":"LineString","coordinates":[[-94.34405,41.38028],[-94.33239,41.3803]]}},{"type":"Feature","properties":{},"geometry":{"type":"LineString","coordinates":[[-94.34497,41.37927],[-94.34405,41.38028]]}},{"type":"Feature","properties":{},"geometry":{"type":"LineString","coordinates":[[-94.35207,41.38696],[-94.34497,41.37927]]}},{"type":"Feature","properties":{},"geometry":{"type":"LineString","coordinates":[[-94.3494,41.39156],[-94.35207,41.38696]]}},{"type":"Feature","properties":{},"geometry":{"type":"LineString","coordinates":[[-94.36143,41.39572],[-94.3494,41.39156]]}},{"type":"Feature","properties":{},"geometry":{"type":"LineString","coordinates":[[-94.36711,41.39904],[-94.36143,41.39572]]}},{"type":"Feature","properties":{},"geometry":{"type":"LineString","coordinates":[[-94.3713,41.4019],[-94.36711,41.39904]]}},{"type":"Feature","properties":{},"geometry":{"type":"LineString","coordinates":[[-94.37261,41.41407],[-94.3713,41.4019]]}},{"type":"Feature","properties":{},"geometry":{"type":"LineString","coordinates":[[-94.37838,41.41132],[-94.37261,41.41407]]}},{"type":"Feature","properties":{},"geometry":{"type":"LineString","coordinates":[[-94.38832,41.42358],[-94.37838,41.41132]]}},{"type":"Feature","properties":{},"geometry":{"type":"LineString","coordinates":[[-94.39358,41.42843],[-94.38832,41.42358]]}},{"type":"Feature","properties":{},"geometry":{"type":"LineString","coordinates":[[-94.39477,41.42985],[-94.39358,41.42843]]}},{"type":"Feature","properties":{},"geometry":{"type":"LineString","coordinates":[[-93.34273,41.47768],[-93.34187,41.48671]]}},{"type":"Feature","properties":{},"geometry":{"type":"LineString","coordinates":[[-93.34187,41.48671],[-93.34016,41.4872]]}},{"type":"Feature","properties":{},"geometry":{"type":"LineString","coordinates":[[-93.34909,41.46702],[-93.34273,41.47768]]}},{"type":"Feature","properties":{},"geometry":{"type":"LineString","coordinates":[[-93.34982,41.46535],[-93.34909,41.46702]]}},{"type":"Feature","properties":{},"geometry":{"type":"LineString","coordinates":[[-93.35232,41.46057],[-93.34982,41.46535]]}},{"type":"Feature","properties":{},"geometry":{"type":"LineString","coordinates":[[-93.36208,41.44252],[-93.35232,41.46057]]}},{"type":"Feature","properties":{},"geometry":{"type":"LineString","coordinates":[[-93.36996,41.42813],[-93.36208,41.44252]]}},{"type":"Feature","properties":{},"geometry":{"type":"LineString","coordinates":[[-93.37203,41.42538],[-93.36996,41.42813]]}},{"type":"Feature","properties":{},"geometry":{"type":"LineString","coordinates":[[-93.37382,41.41934],[-93.37203,41.42538]]}},{"type":"Feature","properties":{},"geometry":{"type":"LineString","coordinates":[[-93.37981,41.40936],[-93.37382,41.41934]]}},{"type":"Feature","properties":{},"geometry":{"type":"LineString","coordinates":[[-93.39306,41.40531],[-93.37981,41.40936]]}},{"type":"Feature","properties":{},"geometry":{"type":"LineString","coordinates":[[-93.40068,41.40135],[-93.39306,41.40531]]}},{"type":"Feature","properties":{},"geometry":{"type":"LineString","coordinates":[[-93.4039,41.39952],[-93.40068,41.40135]]}},{"type":"Feature","properties":{},"geometry":{"type":"LineString","coordinates":[[-93.41517,41.39355],[-93.4039,41.39952]]}},{"type":"Feature","properties":{},"geometry":{"type":"LineString","coordinates":[[-93.41854,41.39176],[-93.41517,41.39355]]}},{"type":"Feature","properties":{},"geometry":{"type":"LineString","coordinates":[[-93.42188,41.38698],[-93.41854,41.39176]]}},{"type":"Feature","properties":{},"geometry":{"type":"LineString","coordinates":[[-93.42625,41.37968],[-93.42188,41.38698]]}},{"type":"Feature","properties":{},"geometry":{"type":"LineString","coordinates":[[-93.42704,41.37812],[-93.42625,41.37968]]}},{"type":"Feature","properties":{},"geometry":{"type":"LineString","coordinates":[[-93.43107,41.37183],[-93.42704,41.37812]]}},{"type":"Feature","properties":{},"geometry":{"type":"LineString","coordinates":[[-93.43338,41.36828],[-93.43107,41.37183]]}},{"type":"Feature","properties":{},"geometry":{"type":"LineString","coordinates":[[-93.43556,41.36357],[-93.43492,41.36538]]}},{"type":"Feature","properties":{},"geometry":{"type":"LineString","coordinates":[[-93.43574,41.36318],[-93.43556,41.36357]]}},{"type":"Feature","properties":{},"geometry":{"type":"LineString","coordinates":[[-93.45304,41.35319],[-93.43574,41.36318]]}},{"type":"Feature","properties":{},"geometry":{"type":"LineString","coordinates":[[-93.45635,41.35196],[-93.45304,41.35319]]}},{"type":"Feature","properties":{},"geometry":{"type":"LineString","coordinates":[[-93.46363,41.34717],[-93.45635,41.35196]]}},{"type":"Feature","properties":{},"geometry":{"type":"LineString","coordinates":[[-93.4706,41.34195],[-93.46363,41.34717]]}},{"type":"Feature","properties":{},"geometry":{"type":"LineString","coordinates":[[-93.47582,41.33824],[-93.4706,41.34195]]}},{"type":"Feature","properties":{},"geometry":{"type":"LineString","coordinates":[[-93.48395,41.33734],[-93.47582,41.33824]]}},{"type":"Feature","properties":{},"geometry":{"type":"LineString","coordinates":[[-93.48478,41.33962],[-93.48395,41.33734]]}},{"type":"Feature","properties":{},"geometry":{"type":"LineString","coordinates":[[-93.49611,41.34213],[-93.48478,41.33962]]}},{"type":"Feature","properties":{},"geometry":{"type":"LineString","coordinates":[[-93.50525,41.33808],[-93.49611,41.34213]]}},{"type":"Feature","properties":{},"geometry":{"type":"LineString","coordinates":[[-93.50544,41.33579],[-93.50525,41.33808]]}},{"type":"Feature","properties":{},"geometry":{"type":"LineString","coordinates":[[-93.51048,41.33502],[-93.50544,41.33579]]}},{"type":"Feature","properties":{},"geometry":{"type":"LineString","coordinates":[[-93.51913,41.33411],[-93.51048,41.33502]]}},{"type":"Feature","properties":{},"geometry":{"type":"LineString","coordinates":[[-93.5208,41.33409],[-93.51913,41.33411]]}},{"type":"Feature","properties":{},"geometry":{"type":"LineString","coordinates":[[-93.53249,41.33449],[-93.5208,41.33409]]}},{"type":"Feature","properties":{},"geometry":{"type":"LineString","coordinates":[[-93.53856,41.33408],[-93.53249,41.33449]]}},{"type":"Feature","properties":{},"geometry":{"type":"LineString","coordinates":[[-93.54931,41.33132],[-93.53856,41.33408]]}},{"type":"Feature","properties":{},"geometry":{"type":"LineString","coordinates":[[-93.5634,41.32909],[-93.54931,41.33132]]}},{"type":"Feature","properties":{},"geometry":{"type":"LineString","coordinates":[[-93.56476,41.32904],[-93.5634,41.32909]]}},{"type":"Feature","properties":{},"geometry":{"type":"LineString","coordinates":[[-93.57818,41.33102],[-93.56476,41.32904]]}},{"type":"Feature","properties":{},"geometry":{"type":"LineString","coordinates":[[-93.59189,41.33379],[-93.57818,41.33102]]}},{"type":"Feature","properties":{},"geometry":{"type":"LineString","coordinates":[[-93.59523,41.33327],[-93.59189,41.33379]]}},{"type":"Feature","properties":{},"geometry":{"type":"LineString","coordinates":[[-93.50544,41.33579],[-93.49515,41.33675]]}},{"type":"Feature","properties":{},"geometry":{"type":"LineString","coordinates":[[-93.14953,41.43231],[-93.14649,41.43215]]}},{"type":"Feature","properties":{},"geometry":{"type":"LineString","coordinates":[[-93.15214,41.43253],[-93.14953,41.43231]]}},{"type":"Feature","properties":{},"geometry":{"type":"LineString","coordinates":[[-93.51048,41.33502],[-93.50544,41.33579]]}},{"type":"Feature","properties":{},"geometry":{"type":"LineString","coordinates":[[-93.43492,41.36538],[-93.43338,41.36828]]}},{"type":"Feature","properties":{},"geometry":{"type":"LineString","coordinates":[[-93.7294,41.37003],[-93.70508,41.38129]]}},{"type":"Feature","properties":{},"geometry":{"type":"LineString","coordinates":[[-93.70177,41.38259],[-93.68686,41.38832]]}},{"type":"Feature","properties":{},"geometry":{"type":"LineString","coordinates":[[-93.68686,41.38832],[-93.68079,41.39109]]}},{"type":"Feature","properties":{},"geometry":{"type":"LineString","coordinates":[[-93.68686,41.38832],[-93.6868,41.38903]]}},{"type":"Feature","properties":{},"geometry":{"type":"LineString","coordinates":[[-93.66263,41.40009],[-93.65248,41.40504]]}},{"type":"Feature","properties":{},"geometry":{"type":"LineString","coordinates":[[-93.61276,41.46878],[-93.61002,41.46846]]}},{"type":"Feature","properties":{},"geometry":{"type":"LineString","coordinates":[[-93.39764,41.50001],[-93.40547,41.48865]]}},{"type":"Feature","properties":{},"geometry":{"type":"LineString","coordinates":[[-93.41579,41.50001],[-93.42071,41.49259],[-93.40626,41.50001]]}},{"type":"Feature","properties":{},"geometry":{"type":"LineString","coordinates":[[-93.43597,41.5127],[-93.43105,41.50858],[-93.43996,41.50259],[-93.41615,41.50975]]}},{"type":"Feature","properties":{},"geometry":{"type":"LineString","coordinates":[[-93.40626,41.50001],[-93.39764,41.50001]]}},{"type":"Feature","properties":{},"geometry":{"type":"LineString","coordinates":[[-93.41615,41.50975],[-93.41579,41.50001]]}},{"type":"Feature","properties":{},"geometry":{"type":"LineString","coordinates":[[-93.40547,41.48865],[-93.39696,41.48634]]}},{"type":"Feature","properties":{},"geometry":{"type":"LineString","coordinates":[[-93.14935,41.4373],[-93.15075,41.43645]]}},{"type":"Feature","properties":{},"geometry":{"type":"LineString","coordinates":[[-93.15075,41.43645],[-93.15356,41.43269]]}},{"type":"Feature","properties":{},"geometry":{"type":"LineString","coordinates":[[-93.1425,41.43132],[-93.13933,41.42986]]}},{"type":"Feature","properties":{},"geometry":{"type":"LineString","coordinates":[[-93.1478,41.4361],[-93.1425,41.43132]]}},{"type":"Feature","properties":{},"geometry":{"type":"LineString","coordinates":[[-93.19377,41.44783],[-93.18881,41.45165],[-93.17929,41.4387],[-93.16869,41.44372],[-93.16063,41.43559]]}},{"type":"Feature","properties":{},"geometry":{"type":"LineString","coordinates":[[-93.20067,41.44177],[-93.19868,41.44038]]}},{"type":"Feature","properties":{},"geometry":{"type":"LineString","coordinates":[[-93.19868,41.44038],[-93.19377,41.44783]]}},{"type":"Feature","properties":{},"geometry":{"type":"LineString","coordinates":[[-93.21488,41.46599],[-93.20067,41.44177]]}},{"type":"Feature","properties":{},"geometry":{"type":"LineString","coordinates":[[-93.22414,41.46502],[-93.21924,41.4583],[-93.21488,41.46599]]}},{"type":"Feature","properties":{},"geometry":{"type":"LineString","coordinates":[[-93.25404,41.46165],[-93.23316,41.46455]]}},{"type":"Feature","properties":{},"geometry":{"type":"LineString","coordinates":[[-93.23316,41.46455],[-93.22414,41.46502]]}},{"type":"Feature","properties":{},"geometry":{"type":"LineString","coordinates":[[-93.28218,41.48851],[-93.2767,41.48661]]}},{"type":"Feature","properties":{},"geometry":{"type":"LineString","coordinates":[[-93.2767,41.48661],[-93.25398,41.47189]]}},{"type":"Feature","properties":{},"geometry":{"type":"LineString","coordinates":[[-93.25398,41.47189],[-93.25404,41.46165]]}},{"type":"Feature","properties":{},"geometry":{"type":"LineString","coordinates":[[-93.31045,41.48963],[-93.29096,41.47976],[-93.28218,41.48851]]}},{"type":"Feature","properties":{},"geometry":{"type":"LineString","coordinates":[[-93.32136,41.49156],[-93.31882,41.48478],[-93.31045,41.48963]]}},{"type":"Feature","properties":{},"geometry":{"type":"LineString","coordinates":[[-93.34016,41.4872],[-93.32927,41.49076]]}},{"type":"Feature","properties":{},"geometry":{"type":"LineString","coordinates":[[-93.39696,41.48634],[-93.38043,41.49429],[-93.37294,41.48569],[-93.3477,41.48671]]}},{"type":"Feature","properties":{},"geometry":{"type":"LineString","coordinates":[[-93.5113,41.56446],[-93.50967,41.56429]]}},{"type":"Feature","properties":{},"geometry":{"type":"LineString","coordinates":[[-93.32927,41.49076],[-93.32136,41.49156]]}},{"type":"Feature","properties":{},"geometry":{"type":"LineString","coordinates":[[-93.3477,41.48671],[-93.34016,41.4872]]}},{"type":"Feature","properties":{},"geometry":{"type":"LineString","coordinates":[[-93.16063,41.43559],[-93.15468,41.43281]]}},{"type":"Feature","properties":{},"geometry":{"type":"LineString","coordinates":[[-93.73024,41.36873],[-93.7294,41.37003]]}},{"type":"Feature","properties":{},"geometry":{"type":"LineString","coordinates":[[-93.14935,41.4373],[-93.14883,41.43693]]}},{"type":"Feature","properties":{},"geometry":{"type":"LineString","coordinates":[[-93.14972,41.43767],[-93.14935,41.4373]]}},{"type":"Feature","properties":{},"geometry":{"type":"LineString","coordinates":[[-93.15214,41.43253],[-93.1478,41.4361]]}},{"type":"Feature","properties":{},"geometry":{"type":"LineString","coordinates":[[-93.15356,41.43269],[-93.15214,41.43253]]}},{"type":"Feature","properties":{},"geometry":{"type":"LineString","coordinates":[[-93.15468,41.43281],[-93.15356,41.43269]]}},{"type":"Feature","properties":{},"geometry":{"type":"LineString","coordinates":[[-93.14883,41.43693],[-93.1478,41.4361]]}},{"type":"Feature","properties":{},"geometry":{"type":"LineString","coordinates":[[-93.50967,41.56429],[-93.507,41.56303]]}},{"type":"Feature","properties":{},"geometry":{"type":"LineString","coordinates":[[-93.52797,41.55184],[-93.5149,41.55501],[-93.5113,41.56446]]}},{"type":"Feature","properties":{},"geometry":{"type":"LineString","coordinates":[[-93.7294,41.37003],[-93.7277,41.37447]]}},{"type":"Feature","properties":{},"geometry":{"type":"LineString","coordinates":[[-93.15468,41.43281],[-93.14972,41.43767]]}},{"type":"Feature","properties":{},"geometry":{"type":"LineString","coordinates":[[-93.58978,41.50001],[-93.58688,41.50001]]}},{"type":"Feature","properties":{},"geometry":{"type":"LineString","coordinates":[[-93.59675,41.49273],[-93.59185,41.50001]]}},{"type":"Feature","properties":{},"geometry":{"type":"LineString","coordinates":[[-93.5825,41.50001],[-93.57541,41.50001]]}},{"type":"Feature","properties":{},"geometry":{"type":"LineString","coordinates":[[-93.58445,41.50001],[-93.5825,41.50001]]}},{"type":"Feature","properties":{},"geometry":{"type":"LineString","coordinates":[[-93.59185,41.50001],[-93.58978,41.50001]]}},{"type":"Feature","properties":{},"geometry":{"type":"LineString","coordinates":[[-93.58688,41.50001],[-93.58445,41.50001]]}},{"type":"Feature","properties":{},"geometry":{"type":"LineString","coordinates":[[-93.57541,41.50001],[-93.57532,41.49739]]}},{"type":"Feature","properties":{},"geometry":{"type":"LineString","coordinates":[[-93.00021,41.38687],[-92.99327,41.38483]]}},{"type":"Feature","properties":{},"geometry":{"type":"LineString","coordinates":[[-92.99327,41.38483],[-92.99206,41.3836]]}},{"type":"Feature","properties":{},"geometry":{"type":"LineString","coordinates":[[-92.99206,41.3836],[-92.98116,41.3699]]}},{"type":"Feature","properties":{},"geometry":{"type":"LineString","coordinates":[[-93.06886,41.41476],[-93.05,41.41318]]}},{"type":"Feature","properties":{},"geometry":{"type":"LineString","coordinates":[[-93.05,41.41318],[-93.03922,41.40481]]}},{"type":"Feature","properties":{},"geometry":{"type":"LineString","coordinates":[[-93.03922,41.40481],[-93.04092,41.39924]]}},{"type":"Feature","properties":{},"geometry":{"type":"LineString","coordinates":[[-93.04092,41.39924],[-93.04195,41.39789]]}},{"type":"Feature","properties":{},"geometry":{"type":"LineString","coordinates":[[-93.04195,41.39789],[-93.04317,41.39447]]}},{"type":"Feature","properties":{},"geometry":{"type":"LineString","coordinates":[[-93.09503,41.42001],[-93.08708,41.41705]]}},{"type":"Feature","properties":{},"geometry":{"type":"LineString","coordinates":[[-93.08708,41.41705],[-93.06886,41.41476]]}},{"type":"Feature","properties":{},"geometry":{"type":"LineString","coordinates":[[-93.11507,41.4155],[-93.09503,41.42001]]}},{"type":"Feature","properties":{},"geometry":{"type":"LineString","coordinates":[[-93.11558,41.41583],[-93.11507,41.4155]]}},{"type":"Feature","properties":{},"geometry":{"type":"LineString","coordinates":[[-93.13933,41.42986],[-93.13326,41.4333]]}},{"type":"Feature","properties":{},"geometry":{"type":"LineString","coordinates":[[-93.13326,41.4333],[-93.1305,41.42732]]}},{"type":"Feature","properties":{},"geometry":{"type":"LineString","coordinates":[[-93.04317,41.39447],[-93.00021,41.38687]]}},{"type":"Feature","properties":{},"geometry":{"type":"LineString","coordinates":[[-93.1305,41.42732],[-93.12187,41.4199]]}},{"type":"Feature","properties":{},"geometry":{"type":"LineString","coordinates":[[-93.12187,41.4199],[-93.11558,41.41583]]}},{"type":"Feature","properties":{},"geometry":{"type":"LineString","coordinates":[[-91.50476,40.40344],[-91.48087,40.4044],[-91.48451,40.39488],[-91.49243,40.39663],[-91.48992,40.38977]]}},{"type":"Feature","properties":{},"geometry":{"type":"LineString","coordinates":[[-91.53349,40.45909],[-91.52339,40.45484],[-91.5341,40.43793],[-91.51916,40.43123],[-91.52686,40.41662],[-91.51969,40.40804]]}},{"type":"Feature","properties":{},"geometry":{"type":"LineString","coordinates":[[-91.58665,40.48588],[-91.58558,40.48444]]}},{"type":"Feature","properties":{},"geometry":{"type":"LineString","coordinates":[[-91.5681,40.46245],[-91.53349,40.45909]]}},{"type":"Feature","properties":{},"geometry":{"type":"LineString","coordinates":[[-91.58558,40.48444],[-91.5681,40.46245]]}},{"type":"Feature","properties":{},"geometry":{"type":"LineString","coordinates":[[-91.6147,40.50335],[-91.6076,40.50006]]}},{"type":"Feature","properties":{},"geometry":{"type":"LineString","coordinates":[[-91.60601,40.49943],[-91.58665,40.48588]]}},{"type":"Feature","properties":{},"geometry":{"type":"LineString","coordinates":[[-91.6076,40.50006],[-91.60601,40.49943]]}},{"type":"Feature","properties":{},"geometry":{"type":"LineString","coordinates":[[-91.62229,40.54262],[-91.6183,40.53498]]}},{"type":"Feature","properties":{},"geometry":{"type":"LineString","coordinates":[[-91.63734,40.54515],[-91.62229,40.54262]]}},{"type":"Feature","properties":{},"geometry":{"type":"LineString","coordinates":[[-91.66421,40.55023],[-91.63734,40.54515]]}},{"type":"Feature","properties":{},"geometry":{"type":"LineString","coordinates":[[-91.66953,40.55095],[-91.66421,40.55023]]}},{"type":"Feature","properties":{},"geometry":{"type":"LineString","coordinates":[[-91.67786,40.55217],[-91.66953,40.55095]]}},{"type":"Feature","properties":{},"geometry":{"type":"LineString","coordinates":[[-91.70008,40.58979],[-91.69695,40.58834]]}},{"type":"Feature","properties":{},"geometry":{"type":"LineString","coordinates":[[-91.69695,40.58834],[-91.69373,40.58683]]}},{"type":"Feature","properties":{},"geometry":{"type":"LineString","coordinates":[[-91.69373,40.58683],[-91.68866,40.58337]]}},{"type":"Feature","properties":{},"geometry":{"type":"LineString","coordinates":[[-91.68866,40.58337],[-91.69183,40.56364]]}},{"type":"Feature","properties":{},"geometry":{"type":"LineString","coordinates":[[-91.732,40.61694],[-91.72925,40.61357]]}},{"type":"Feature","properties":{},"geometry":{"type":"LineString","coordinates":[[-91.74136,40.63093],[-91.73626,40.62198]]}},{"type":"Feature","properties":{},"geometry":{"type":"LineString","coordinates":[[-91.74527,40.63891],[-91.74136,40.63093]]}},{"type":"Feature","properties":{},"geometry":{"type":"LineString","coordinates":[[-91.73626,40.62198],[-91.732,40.61694]]}},{"type":"Feature","properties":{},"geometry":{"type":"LineString","coordinates":[[-91.75743,40.67216],[-91.75364,40.66372]]}},{"type":"Feature","properties":{},"geometry":{"type":"LineString","coordinates":[[-91.75364,40.66372],[-91.75287,40.66155]]}},{"type":"Feature","properties":{},"geometry":{"type":"LineString","coordinates":[[-91.75287,40.66155],[-91.74931,40.64615]]}},{"type":"Feature","properties":{},"geometry":{"type":"LineString","coordinates":[[-91.74931,40.64615],[-91.74527,40.63891]]}},{"type":"Feature","properties":{},"geometry":{"type":"LineString","coordinates":[[-91.76738,40.68563],[-91.75872,40.67461]]}},{"type":"Feature","properties":{},"geometry":{"type":"LineString","coordinates":[[-91.75872,40.67461],[-91.75743,40.67216]]}},{"type":"Feature","properties":{},"geometry":{"type":"LineString","coordinates":[[-91.77181,40.6894],[-91.76738,40.68563]]}},{"type":"Feature","properties":{},"geometry":{"type":"LineString","coordinates":[[-91.78137,40.69427],[-91.77181,40.6894]]}},{"type":"Feature","properties":{},"geometry":{"type":"LineString","coordinates":[[-91.79149,40.69595],[-91.78137,40.69427]]}},{"type":"Feature","properties":{},"geometry":{"type":"LineString","coordinates":[[-91.80595,40.69683],[-91.79149,40.69595]]}},{"type":"Feature","properties":{},"geometry":{"type":"LineString","coordinates":[[-91.82239,40.69751],[-91.81402,40.69669]]}},{"type":"Feature","properties":{},"geometry":{"type":"LineString","coordinates":[[-91.81402,40.69669],[-91.80595,40.69683]]}},{"type":"Feature","properties":{},"geometry":{"type":"LineString","coordinates":[[-91.84278,40.71654],[-91.82239,40.69751]]}},{"type":"Feature","properties":{},"geometry":{"type":"LineString","coordinates":[[-91.8899,40.74153],[-91.88609,40.73618]]}},{"type":"Feature","properties":{},"geometry":{"type":"LineString","coordinates":[[-91.89141,40.74641],[-91.8899,40.74153]]}},{"type":"Feature","properties":{},"geometry":{"type":"LineString","coordinates":[[-91.86794,40.72768],[-91.84278,40.71654]]}},{"type":"Feature","properties":{},"geometry":{"type":"LineString","coordinates":[[-91.88609,40.73618],[-91.86794,40.72768]]}},{"type":"Feature","properties":{},"geometry":{"type":"LineString","coordinates":[[-91.90111,40.7616],[-91.89904,40.7602]]}},{"type":"Feature","properties":{},"geometry":{"type":"LineString","coordinates":[[-91.89261,40.75047],[-91.89141,40.74641]]}},{"type":"Feature","properties":{},"geometry":{"type":"LineString","coordinates":[[-91.89904,40.7602],[-91.89261,40.75047]]}},{"type":"Feature","properties":{},"geometry":{"type":"LineString","coordinates":[[-91.9197,40.75952],[-91.90111,40.7616]]}},{"type":"Feature","properties":{},"geometry":{"type":"LineString","coordinates":[[-91.91823,40.74151],[-91.9197,40.75952]]}},{"type":"Feature","properties":{},"geometry":{"type":"LineString","coordinates":[[-91.94414,40.73671],[-91.92899,40.73515]]}},{"type":"Feature","properties":{},"geometry":{"type":"LineString","coordinates":[[-91.92899,40.73515],[-91.91823,40.74151]]}},{"type":"Feature","properties":{},"geometry":{"type":"LineString","coordinates":[[-91.9523,40.73496],[-91.94414,40.73671]]}},{"type":"Feature","properties":{},"geometry":{"type":"LineString","coordinates":[[-91.97034,40.72025],[-91.9523,40.73496]]}},{"type":"Feature","properties":{},"geometry":{"type":"LineString","coordinates":[[-91.98566,40.71886],[-91.97034,40.72025]]}},{"type":"Feature","properties":{},"geometry":{"type":"LineString","coordinates":[[-91.98096,40.75759],[-91.98809,40.7487]]}},{"type":"Feature","properties":{},"geometry":{"type":"LineString","coordinates":[[-91.96639,40.76785],[-91.97944,40.75901]]}},{"type":"Feature","properties":{},"geometry":{"type":"LineString","coordinates":[[-91.95208,40.78281],[-91.96639,40.76785]]}},{"type":"Feature","properties":{},"geometry":{"type":"LineString","coordinates":[[-91.97944,40.75901],[-91.98096,40.75759]]}},{"type":"Feature","properties":{},"geometry":{"type":"LineString","coordinates":[[-91.96745,40.79965],[-91.95659,40.79502]]}},{"type":"Feature","properties":{},"geometry":{"type":"LineString","coordinates":[[-91.95659,40.79502],[-91.95198,40.79098]]}},{"type":"Feature","properties":{},"geometry":{"type":"LineString","coordinates":[[-91.95198,40.79098],[-91.95208,40.78281]]}},{"type":"Feature","properties":{},"geometry":{"type":"LineString","coordinates":[[-92.00018,40.79815],[-91.99732,40.79818]]}},{"type":"Feature","properties":{},"geometry":{"type":"LineString","coordinates":[[-91.99732,40.79818],[-91.98708,40.7984]]}},{"type":"Feature","properties":{},"geometry":{"type":"LineString","coordinates":[[-92.0034,40.79851],[-92.00018,40.79815]]}},{"type":"Feature","properties":{},"geometry":{"type":"LineString","coordinates":[[-91.98708,40.7984],[-91.96745,40.79965]]}},{"type":"Feature","properties":{},"geometry":{"type":"LineString","coordinates":[[-92.02286,40.80663],[-92.01522,40.80364]]}},{"type":"Feature","properties":{},"geometry":{"type":"LineString","coordinates":[[-92.01522,40.80364],[-92.0034,40.79851]]}},{"type":"Feature","properties":{},"geometry":{"type":"LineString","coordinates":[[-92.03149,40.80944],[-92.02286,40.80663]]}},{"type":"Feature","properties":{},"geometry":{"type":"LineString","coordinates":[[-92.03694,40.81149],[-92.03149,40.80944]]}},{"type":"Feature","properties":{},"geometry":{"type":"LineString","coordinates":[[-92.05728,40.82003],[-92.04909,40.81562]]}},{"type":"Feature","properties":{},"geometry":{"type":"LineString","coordinates":[[-92.03731,40.81137],[-92.03694,40.81149]]}},{"type":"Feature","properties":{},"geometry":{"type":"LineString","coordinates":[[-92.04909,40.81562],[-92.03731,40.81137]]}},{"type":"Feature","properties":{},"geometry":{"type":"LineString","coordinates":[[-92.07303,40.83044],[-92.06814,40.82801]]}},{"type":"Feature","properties":{},"geometry":{"type":"LineString","coordinates":[[-92.06021,40.82227],[-92.05728,40.82003]]}},{"type":"Feature","properties":{},"geometry":{"type":"LineString","coordinates":[[-92.08122,40.83331],[-92.08076,40.83349]]}},{"type":"Feature","properties":{},"geometry":{"type":"LineString","coordinates":[[-92.08076,40.83349],[-92.07303,40.83044]]}},{"type":"Feature","properties":{},"geometry":{"type":"LineString","coordinates":[[-92.06814,40.82801],[-92.06021,40.82227]]}},{"type":"Feature","properties":{},"geometry":{"type":"LineString","coordinates":[[-92.10598,40.84499],[-92.08887,40.83629]]}},{"type":"Feature","properties":{},"geometry":{"type":"LineString","coordinates":[[-92.08887,40.83629],[-92.08122,40.83331]]}},{"type":"Feature","properties":{},"geometry":{"type":"LineString","coordinates":[[-92.10634,40.845],[-92.10598,40.84499]]}},{"type":"Feature","properties":{},"geometry":{"type":"LineString","coordinates":[[-92.11473,40.84915],[-92.10634,40.845]]}},{"type":"Feature","properties":{},"geometry":{"type":"LineString","coordinates":[[-92.12972,40.85403],[-92.11473,40.84915]]}},{"type":"Feature","properties":{},"geometry":{"type":"LineString","coordinates":[[-92.14662,40.86031],[-92.12972,40.85403]]}},{"type":"Feature","properties":{},"geometry":{"type":"LineString","coordinates":[[-92.14698,40.86018],[-92.14662,40.86031]]}},{"type":"Feature","properties":{},"geometry":{"type":"LineString","coordinates":[[-92.17108,40.87619],[-92.15999,40.87532],[-92.14698,40.86018]]}},{"type":"Feature","properties":{},"geometry":{"type":"LineString","coordinates":[[-92.1732,40.87666],[-92.17108,40.87619]]}},{"type":"Feature","properties":{},"geometry":{"type":"LineString","coordinates":[[-92.18842,40.87752],[-92.1732,40.87666]]}},{"type":"Feature","properties":{},"geometry":{"type":"LineString","coordinates":[[-92.21107,40.89736],[-92.18842,40.87752]]}},{"type":"Feature","properties":{},"geometry":{"type":"LineString","coordinates":[[-92.21203,40.89954],[-92.21107,40.89736]]}},{"type":"Feature","properties":{},"geometry":{"type":"LineString","coordinates":[[-92.22642,40.91605],[-92.22334,40.91315]]}},{"type":"Feature","properties":{},"geometry":{"type":"LineString","coordinates":[[-92.21799,40.9091],[-92.21203,40.89954]]}},{"type":"Feature","properties":{},"geometry":{"type":"LineString","coordinates":[[-92.22334,40.91315],[-92.21799,40.9091]]}},{"type":"Feature","properties":{},"geometry":{"type":"LineString","coordinates":[[-92.23736,40.92321],[-92.22642,40.91605]]}},{"type":"Feature","properties":{},"geometry":{"type":"LineString","coordinates":[[-92.27582,40.93514],[-92.26862,40.91998]]}},{"type":"Feature","properties":{},"geometry":{"type":"LineString","coordinates":[[-92.27821,40.93929],[-92.27582,40.93514]]}},{"type":"Feature","properties":{},"geometry":{"type":"LineString","coordinates":[[-92.26862,40.91998],[-92.25112,40.91464],[-92.24439,40.91953]]}},{"type":"Feature","properties":{},"geometry":{"type":"LineString","coordinates":[[-92.24439,40.91953],[-92.23736,40.92321]]}},{"type":"Feature","properties":{},"geometry":{"type":"LineString","coordinates":[[-92.31332,40.94501],[-92.29405,40.94565]]}},{"type":"Feature","properties":{},"geometry":{"type":"LineString","coordinates":[[-92.29405,40.94565],[-92.29296,40.94602]]}},{"type":"Feature","properties":{},"geometry":{"type":"LineString","coordinates":[[-92.29296,40.94602],[-92.27821,40.93929]]}},{"type":"Feature","properties":{},"geometry":{"type":"LineString","coordinates":[[-92.31414,40.94664],[-92.31332,40.94501]]}},{"type":"Feature","properties":{},"geometry":{"type":"LineString","coordinates":[[-92.32319,40.96272],[-92.30976,40.95482],[-92.31414,40.94664]]}},{"type":"Feature","properties":{},"geometry":{"type":"LineString","coordinates":[[-92.34711,40.95898],[-92.34146,40.95708]]}},{"type":"Feature","properties":{},"geometry":{"type":"LineString","coordinates":[[-92.34146,40.95708],[-92.32319,40.96272]]}},{"type":"Feature","properties":{},"geometry":{"type":"LineString","coordinates":[[-92.35577,40.96372],[-92.34711,40.95898]]}},{"type":"Feature","properties":{},"geometry":{"type":"LineString","coordinates":[[-92.374,40.9993],[-92.35577,40.96372]]}},{"type":"Feature","properties":{},"geometry":{"type":"LineString","coordinates":[[-92.37911,41.00132],[-92.37492,41.00002]]}},{"type":"Feature","properties":{},"geometry":{"type":"LineString","coordinates":[[-92.37492,41.00002],[-92.374,40.9993]]}},{"type":"Feature","properties":{},"geometry":{"type":"LineString","coordinates":[[-92.39467,40.98903],[-92.38571,40.98837],[-92.38221,41.00003]]}},{"type":"Feature","properties":{},"geometry":{"type":"LineString","coordinates":[[-92.38221,41.00003],[-92.37911,41.00132]]}},{"type":"Feature","properties":{},"geometry":{"type":"LineString","coordinates":[[-92.43191,41.02091],[-92.41559,41.01576]]}},{"type":"Feature","properties":{},"geometry":{"type":"LineString","coordinates":[[-92.41559,41.01576],[-92.40152,41.00003]]}},{"type":"Feature","properties":{},"geometry":{"type":"LineString","coordinates":[[-92.40152,41.00003],[-92.39467,40.98903]]}},{"type":"Feature","properties":{},"geometry":{"type":"LineString","coordinates":[[-92.43544,41.02945],[-92.43191,41.02091]]}},{"type":"Feature","properties":{},"geometry":{"type":"LineString","coordinates":[[-92.45541,41.03852],[-92.437,41.03057]]}},{"type":"Feature","properties":{},"geometry":{"type":"LineString","coordinates":[[-92.437,41.03057],[-92.43544,41.02945]]}},{"type":"Feature","properties":{},"geometry":{"type":"LineString","coordinates":[[-92.46318,41.04336],[-92.45966,41.04165]]}},{"type":"Feature","properties":{},"geometry":{"type":"LineString","coordinates":[[-92.45966,41.04165],[-92.45913,41.04151]]}},{"type":"Feature","properties":{},"geometry":{"type":"LineString","coordinates":[[-92.47941,41.05722],[-92.48254,41.05221]]}},{"type":"Feature","properties":{},"geometry":{"type":"LineString","coordinates":[[-92.48254,41.05221],[-92.48155,41.05044]]}},{"type":"Feature","properties":{},"geometry":{"type":"LineString","coordinates":[[-92.48155,41.05044],[-92.46318,41.04336]]}},{"type":"Feature","properties":{},"geometry":{"type":"LineString","coordinates":[[-92.45913,41.04151],[-92.45541,41.03852]]}},{"type":"Feature","properties":{},"geometry":{"type":"LineString","coordinates":[[-92.50278,41.06691],[-92.49606,41.06263]]}},{"type":"Feature","properties":{},"geometry":{"type":"LineString","coordinates":[[-92.49606,41.06263],[-92.47941,41.05722]]}},{"type":"Feature","properties":{},"geometry":{"type":"LineString","coordinates":[[-92.51634,41.08223],[-92.5039,41.07532]]}},{"type":"Feature","properties":{},"geometry":{"type":"LineString","coordinates":[[-92.5039,41.07532],[-92.50278,41.06691]]}},{"type":"Feature","properties":{},"geometry":{"type":"LineString","coordinates":[[-92.52324,41.08469],[-92.51634,41.08223]]}},{"type":"Feature","properties":{},"geometry":{"type":"LineString","coordinates":[[-92.53255,41.09688],[-92.52324,41.08469]]}},{"type":"Feature","properties":{},"geometry":{"type":"LineString","coordinates":[[-92.54097,41.09791],[-92.53255,41.09688]]}},{"type":"Feature","properties":{},"geometry":{"type":"LineString","coordinates":[[-92.55647,41.11241],[-92.55092,41.10629]]}},{"type":"Feature","properties":{},"geometry":{"type":"LineString","coordinates":[[-92.57254,41.11177],[-92.55647,41.11241]]}},{"type":"Feature","properties":{},"geometry":{"type":"LineString","coordinates":[[-92.57764,41.11432],[-92.57254,41.11177]]}},{"type":"Feature","properties":{},"geometry":{"type":"LineString","coordinates":[[-92.58863,41.12172],[-92.57764,41.11432]]}},{"type":"Feature","properties":{},"geometry":{"type":"LineString","coordinates":[[-92.61132,41.12594],[-92.58863,41.12172]]}},{"type":"Feature","properties":{},"geometry":{"type":"LineString","coordinates":[[-92.63498,41.14359],[-92.61898,41.13512]]}},{"type":"Feature","properties":{},"geometry":{"type":"LineString","coordinates":[[-92.61849,41.13042],[-92.61132,41.12594]]}},{"type":"Feature","properties":{},"geometry":{"type":"LineString","coordinates":[[-92.61898,41.13512],[-92.61849,41.13042]]}},{"type":"Feature","properties":{},"geometry":{"type":"LineString","coordinates":[[-92.64017,41.15579],[-92.63602,41.14831]]}},{"type":"Feature","properties":{},"geometry":{"type":"LineString","coordinates":[[-92.63602,41.14831],[-92.63498,41.14359]]}},{"type":"Feature","properties":{},"geometry":{"type":"LineString","coordinates":[[-92.65681,41.16032],[-92.64017,41.15579]]}},{"type":"Feature","properties":{},"geometry":{"type":"LineString","coordinates":[[-92.65773,41.16188],[-92.65681,41.16032]]}},{"type":"Feature","properties":{},"geometry":{"type":"LineString","coordinates":[[-92.65732,41.16295],[-92.65771,41.16228]]}},{"type":"Feature","properties":{},"geometry":{"type":"LineString","coordinates":[[-92.65771,41.16228],[-92.65773,41.16188]]}},{"type":"Feature","properties":{},"geometry":{"type":"LineString","coordinates":[[-92.65787,41.16645],[-92.65732,41.16295]]}},{"type":"Feature","properties":{},"geometry":{"type":"LineString","coordinates":[[-92.67213,41.18532],[-92.66982,41.18459]]}},{"type":"Feature","properties":{},"geometry":{"type":"LineString","coordinates":[[-92.66982,41.18459],[-92.65883,41.1843],[-92.65787,41.16645]]}},{"type":"Feature","properties":{},"geometry":{"type":"LineString","coordinates":[[-92.68384,41.19702],[-92.67213,41.18532]]}},{"type":"Feature","properties":{},"geometry":{"type":"LineString","coordinates":[[-92.69142,41.20848],[-92.67772,41.20437]]}},{"type":"Feature","properties":{},"geometry":{"type":"LineString","coordinates":[[-92.67772,41.20437],[-92.68384,41.19702]]}},{"type":"Feature","properties":{},"geometry":{"type":"LineString","coordinates":[[-92.69063,41.21006],[-92.69142,41.20848]]}},{"type":"Feature","properties":{},"geometry":{"type":"LineString","coordinates":[[-92.701,41.21958],[-92.69063,41.21006]]}},{"type":"Feature","properties":{},"geometry":{"type":"LineString","coordinates":[[-92.74448,41.23933],[-92.72861,41.23517]]}},{"type":"Feature","properties":{},"geometry":{"type":"LineString","coordinates":[[-92.76214,41.24394],[-92.74448,41.23933]]}},{"type":"Feature","properties":{},"geometry":{"type":"LineString","coordinates":[[-92.80279,41.26738],[-92.79392,41.26726]]}},{"type":"Feature","properties":{},"geometry":{"type":"LineString","coordinates":[[-92.78123,41.26064],[-92.78017,41.26008]]}},{"type":"Feature","properties":{},"geometry":{"type":"LineString","coordinates":[[-92.81149,41.26401],[-92.81103,41.26434]]}},{"type":"Feature","properties":{},"geometry":{"type":"LineString","coordinates":[[-92.78324,41.26196],[-92.78123,41.26064]]}},{"type":"Feature","properties":{},"geometry":{"type":"LineString","coordinates":[[-92.81696,41.261],[-92.81149,41.26401]]}},{"type":"Feature","properties":{},"geometry":{"type":"LineString","coordinates":[[-92.81103,41.26434],[-92.80494,41.26727]]}},{"type":"Feature","properties":{},"geometry":{"type":"LineString","coordinates":[[-92.78898,41.26472],[-92.78324,41.26196]]}},{"type":"Feature","properties":{},"geometry":{"type":"LineString","coordinates":[[-92.80494,41.26727],[-92.80279,41.26738]]}},{"type":"Feature","properties":{},"geometry":{"type":"LineString","coordinates":[[-92.79392,41.26726],[-92.78898,41.26472]]}},{"type":"Feature","properties":{},"geometry":{"type":"LineString","coordinates":[[-92.78017,41.26008],[-92.76214,41.24394]]}},{"type":"Feature","properties":{},"geometry":{"type":"LineString","coordinates":[[-92.84432,41.27274],[-92.81696,41.261]]}},{"type":"Feature","properties":{},"geometry":{"type":"LineString","coordinates":[[-92.87013,41.29945],[-92.8644,41.30655],[-92.85767,41.30343],[-92.85512,41.29586],[-92.86458,41.28617],[-92.84432,41.27274]]}},{"type":"Feature","properties":{},"geometry":{"type":"LineString","coordinates":[[-92.88212,41.31824],[-92.87013,41.29945]]}},{"type":"Feature","properties":{},"geometry":{"type":"LineString","coordinates":[[-92.88739,41.31756],[-92.88212,41.31824]]}},{"type":"Feature","properties":{},"geometry":{"type":"LineString","coordinates":[[-92.93864,41.33971],[-92.9304,41.33818]]}},{"type":"Feature","properties":{},"geometry":{"type":"LineString","coordinates":[[-92.84895,41.26342],[-92.81763,41.26028]]}},{"type":"Feature","properties":{},"geometry":{"type":"LineString","coordinates":[[-92.81763,41.26028],[-92.81696,41.261]]}},{"type":"Feature","properties":{},"geometry":{"type":"LineString","coordinates":[[-92.86669,41.25494],[-92.84895,41.26342]]}},{"type":"Feature","properties":{},"geometry":{"type":"LineString","coordinates":[[-92.87042,41.2553],[-92.86669,41.25494]]}},{"type":"Feature","properties":{},"geometry":{"type":"LineString","coordinates":[[-92.87296,41.26001],[-92.87042,41.2553]]}},{"type":"Feature","properties":{},"geometry":{"type":"LineString","coordinates":[[-92.89967,41.24749],[-92.87296,41.26001]]}},{"type":"Feature","properties":{},"geometry":{"type":"LineString","coordinates":[[-92.89952,41.24508],[-92.89967,41.24749]]}},{"type":"Feature","properties":{},"geometry":{"type":"LineString","coordinates":[[-92.89739,41.24275],[-92.89952,41.24508]]}},{"type":"Feature","properties":{},"geometry":{"type":"LineString","coordinates":[[-92.89966,41.23358],[-92.89739,41.24275]]}},{"type":"Feature","properties":{},"geometry":{"type":"LineString","coordinates":[[-92.90645,41.22037],[-92.91457,41.23016],[-92.89966,41.23358]]}},{"type":"Feature","properties":{},"geometry":{"type":"LineString","coordinates":[[-92.91093,41.21609],[-92.90645,41.22037]]}},{"type":"Feature","properties":{},"geometry":{"type":"LineString","coordinates":[[-92.91863,41.21414],[-92.91093,41.21609]]}},{"type":"Feature","properties":{},"geometry":{"type":"LineString","coordinates":[[-92.92497,41.19023],[-92.93015,41.19629],[-92.91465,41.20669],[-92.91863,41.21414]]}},{"type":"Feature","properties":{},"geometry":{"type":"LineString","coordinates":[[-92.94069,41.1872],[-92.92497,41.19023]]}},{"type":"Feature","properties":{},"geometry":{"type":"LineString","coordinates":[[-92.9491,41.1796],[-92.94069,41.1872]]}},{"type":"Feature","properties":{},"geometry":{"type":"LineString","coordinates":[[-92.95687,41.17392],[-92.9491,41.1796]]}},{"type":"Feature","properties":{},"geometry":{"type":"LineString","coordinates":[[-92.97506,41.16446],[-92.97911,41.17809],[-92.95687,41.17392]]}},{"type":"Feature","properties":{},"geometry":{"type":"LineString","coordinates":[[-92.97506,41.16398],[-92.97506,41.16446]]}},{"type":"Feature","properties":{},"geometry":{"type":"LineString","coordinates":[[-92.97536,41.16302],[-92.97506,41.16398]]}},{"type":"Feature","properties":{},"geometry":{"type":"LineString","coordinates":[[-92.97624,41.14638],[-92.97536,41.16302]]}},{"type":"Feature","properties":{},"geometry":{"type":"LineString","coordinates":[[-92.97194,41.14174],[-92.97624,41.14638]]}},{"type":"Feature","properties":{},"geometry":{"type":"LineString","coordinates":[[-92.96637,41.14065],[-92.97194,41.14174]]}},{"type":"Feature","properties":{},"geometry":{"type":"LineString","coordinates":[[-92.95732,41.13969],[-92.96637,41.14065]]}},{"type":"Feature","properties":{},"geometry":{"type":"LineString","coordinates":[[-92.94623,41.12979],[-92.95732,41.13969]]}},{"type":"Feature","properties":{},"geometry":{"type":"LineString","coordinates":[[-92.9445,41.1297],[-92.94623,41.12979]]}},{"type":"Feature","properties":{},"geometry":{"type":"LineString","coordinates":[[-92.93844,41.11836],[-92.9445,41.1297]]}},{"type":"Feature","properties":{},"geometry":{"type":"LineString","coordinates":[[-92.94361,41.11522],[-92.93844,41.11836]]}},{"type":"Feature","properties":{},"geometry":{"type":"LineString","coordinates":[[-92.24573,40.89526],[-92.21296,40.89973]]}},{"type":"Feature","properties":{},"geometry":{"type":"LineString","coordinates":[[-92.21282,40.89964],[-92.21203,40.89954]]}},{"type":"Feature","properties":{},"geometry":{"type":"LineString","coordinates":[[-92.21296,40.89973],[-92.21282,40.89964]]}},{"type":"Feature","properties":{},"geometry":{"type":"LineString","coordinates":[[-92.25103,40.89383],[-92.24573,40.89526]]}},{"type":"Feature","properties":{},"geometry":{"type":"LineString","coordinates":[[-92.26291,40.89344],[-92.25103,40.89383]]}},{"type":"Feature","properties":{},"geometry":{"type":"LineString","coordinates":[[-92.30096,40.89079],[-92.28717,40.87939],[-92.27611,40.89542],[-92.26291,40.89344]]}},{"type":"Feature","properties":{},"geometry":{"type":"LineString","coordinates":[[-92.30323,40.88708],[-92.30096,40.89079]]}},{"type":"Feature","properties":{},"geometry":{"type":"LineString","coordinates":[[-92.306,40.88846],[-92.30323,40.88708]]}},{"type":"Feature","properties":{},"geometry":{"type":"LineString","coordinates":[[-92.30567,40.88793],[-92.306,40.88846]]}},{"type":"Feature","properties":{},"geometry":{"type":"LineString","coordinates":[[-92.30863,40.88384],[-92.30567,40.88793]]}},{"type":"Feature","properties":{},"geometry":{"type":"LineString","coordinates":[[-92.31945,40.88018],[-92.30863,40.88384]]}},{"type":"Feature","properties":{},"geometry":{"type":"LineString","coordinates":[[-92.3326,40.87994],[-92.31945,40.88018]]}},{"type":"Feature","properties":{},"geometry":{"type":"LineString","coordinates":[[-92.34134,40.87802],[-92.3326,40.87994]]}},{"type":"Feature","properties":{},"geometry":{"type":"LineString","coordinates":[[-92.35322,40.86562],[-92.34273,40.86836],[-92.34134,40.87802]]}},{"type":"Feature","properties":{},"geometry":{"type":"LineString","coordinates":[[-92.36199,40.87033],[-92.35322,40.86562]]}},{"type":"Feature","properties":{},"geometry":{"type":"LineString","coordinates":[[-92.36374,40.87365],[-92.36199,40.87033]]}},{"type":"Feature","properties":{},"geometry":{"type":"LineString","coordinates":[[-92.36651,40.87631],[-92.36374,40.87365]]}},{"type":"Feature","properties":{},"geometry":{"type":"LineString","coordinates":[[-92.37034,40.87326],[-92.36651,40.87631]]}},{"type":"Feature","properties":{},"geometry":{"type":"LineString","coordinates":[[-92.37884,40.87198],[-92.37034,40.87326]]}},{"type":"Feature","properties":{},"geometry":{"type":"LineString","coordinates":[[-92.38592,40.87798],[-92.37884,40.87198]]}},{"type":"Feature","properties":{},"geometry":{"type":"LineString","coordinates":[[-92.39316,40.88228],[-92.3877,40.88605],[-92.38592,40.87798]]}},{"type":"Feature","properties":{},"geometry":{"type":"LineString","coordinates":[[-92.40477,40.88429],[-92.39316,40.88228]]}},{"type":"Feature","properties":{},"geometry":{"type":"LineString","coordinates":[[-92.41936,40.88795],[-92.40477,40.88429]]}},{"type":"Feature","properties":{},"geometry":{"type":"LineString","coordinates":[[-92.42276,40.87927],[-92.41936,40.88795]]}},{"type":"Feature","properties":{},"geometry":{"type":"LineString","coordinates":[[-92.43036,40.88126],[-92.42276,40.87927]]}},{"type":"Feature","properties":{},"geometry":{"type":"LineString","coordinates":[[-92.44161,40.88759],[-92.43036,40.88126]]}},{"type":"Feature","properties":{},"geometry":{"type":"LineString","coordinates":[[-92.45102,40.88681],[-92.44161,40.88759]]}},{"type":"Feature","properties":{},"geometry":{"type":"LineString","coordinates":[[-92.46472,40.87559],[-92.45102,40.88681]]}},{"type":"Feature","properties":{},"geometry":{"type":"LineString","coordinates":[[-92.47839,40.86333],[-92.47846,40.87326],[-92.46472,40.87559]]}},{"type":"Feature","properties":{},"geometry":{"type":"LineString","coordinates":[[-92.4977,40.85885],[-92.47839,40.86333]]}},{"type":"Feature","properties":{},"geometry":{"type":"LineString","coordinates":[[-92.50372,40.85853],[-92.4977,40.85885]]}},{"type":"Feature","properties":{},"geometry":{"type":"LineString","coordinates":[[-92.50887,40.85698],[-92.50372,40.85853]]}},{"type":"Feature","properties":{},"geometry":{"type":"LineString","coordinates":[[-92.5187,40.85219],[-92.50887,40.85698]]}},{"type":"Feature","properties":{},"geometry":{"type":"LineString","coordinates":[[-92.52025,40.84992],[-92.5187,40.85219]]}},{"type":"Feature","properties":{},"geometry":{"type":"LineString","coordinates":[[-92.52534,40.84574],[-92.52025,40.84992]]}},{"type":"Feature","properties":{},"geometry":{"type":"LineString","coordinates":[[-92.53896,40.84932],[-92.52534,40.84574]]}},{"type":"Feature","properties":{},"geometry":{"type":"LineString","coordinates":[[-92.55741,40.84377],[-92.53896,40.84932]]}},{"type":"Feature","properties":{},"geometry":{"type":"LineString","coordinates":[[-92.56527,40.84194],[-92.55741,40.84377]]}},{"type":"Feature","properties":{},"geometry":{"type":"LineString","coordinates":[[-92.57145,40.84176],[-92.56527,40.84194]]}},{"type":"Feature","properties":{},"geometry":{"type":"LineString","coordinates":[[-92.59013,40.84369],[-92.57145,40.84176]]}},{"type":"Feature","properties":{},"geometry":{"type":"LineString","coordinates":[[-92.59715,40.84608],[-92.59013,40.84369]]}},{"type":"Feature","properties":{},"geometry":{"type":"LineString","coordinates":[[-92.30863,40.88384],[-92.30482,40.88644]]}},{"type":"Feature","properties":{},"geometry":{"type":"LineString","coordinates":[[-92.30567,40.88793],[-92.30482,40.88644]]}},{"type":"Feature","properties":{},"geometry":{"type":"LineString","coordinates":[[-92.65878,41.16654],[-92.65856,41.16281]]}},{"type":"Feature","properties":{},"geometry":{"type":"LineString","coordinates":[[-92.65856,41.16281],[-92.65771,41.16228]]}},{"type":"Feature","properties":{},"geometry":{"type":"LineString","coordinates":[[-92.65787,41.16645],[-92.65878,41.16654]]}},{"type":"Feature","properties":{},"geometry":{"type":"LineString","coordinates":[[-92.81047,41.26359],[-92.80288,41.26688]]}},{"type":"Feature","properties":{},"geometry":{"type":"LineString","coordinates":[[-92.80288,41.26688],[-92.80279,41.26738]]}},{"type":"Feature","properties":{},"geometry":{"type":"LineString","coordinates":[[-92.81103,41.26434],[-92.81047,41.26359]]}},{"type":"Feature","properties":{},"geometry":{"type":"LineString","coordinates":[[-92.94022,41.34096],[-92.93864,41.33971]]}},{"type":"Feature","properties":{},"geometry":{"type":"LineString","coordinates":[[-92.98116,41.3699],[-92.94022,41.34096]]}},{"type":"Feature","properties":{},"geometry":{"type":"LineString","coordinates":[[-92.92051,41.32869],[-92.90922,41.33056]]}},{"type":"Feature","properties":{},"geometry":{"type":"LineString","coordinates":[[-92.9304,41.33818],[-92.92051,41.32869]]}},{"type":"Feature","properties":{},"geometry":{"type":"LineString","coordinates":[[-91.98809,40.7487],[-91.99533,40.73807]]}},{"type":"Feature","properties":{},"geometry":{"type":"LineString","coordinates":[[-92.55092,41.10629],[-92.546,41.10193]]}},{"type":"Feature","properties":{},"geometry":{"type":"LineString","coordinates":[[-91.44721,40.38657],[-91.42236,40.38116]]}},{"type":"Feature","properties":{},"geometry":{"type":"LineString","coordinates":[[-91.42236,40.38116],[-91.41897,40.37866]]}},{"type":"Feature","properties":{},"geometry":{"type":"LineString","coordinates":[[-91.99533,40.73807],[-91.98566,40.71886]]}},{"type":"Feature","properties":{},"geometry":{"type":"LineString","coordinates":[[-92.546,41.10193],[-92.54097,41.09791]]}},{"type":"Feature","properties":{},"geometry":{"type":"LineString","coordinates":[[-92.90922,41.33056],[-92.90373,41.31997],[-92.88739,41.31756]]}},{"type":"Feature","properties":{},"geometry":{"type":"LineString","coordinates":[[-92.30482,40.88644],[-92.30323,40.88708]]}},{"type":"Feature","properties":{},"geometry":{"type":"LineString","coordinates":[[-92.72169,41.23647],[-92.70882,41.22567]]}},{"type":"Feature","properties":{},"geometry":{"type":"LineString","coordinates":[[-92.70882,41.22567],[-92.70501,41.22264]]}},{"type":"Feature","properties":{},"geometry":{"type":"LineString","coordinates":[[-92.70501,41.22264],[-92.701,41.21958]]}},{"type":"Feature","properties":{},"geometry":{"type":"LineString","coordinates":[[-92.72861,41.23517],[-92.72169,41.23647]]}},{"type":"Feature","properties":{},"geometry":{"type":"LineString","coordinates":[[-91.41897,40.37866],[-91.42758,40.37127]]}},{"type":"Feature","properties":{},"geometry":{"type":"LineString","coordinates":[[-93.60923,40.58337],[-93.60867,40.56337]]}},{"type":"Feature","properties":{},"geometry":{"type":"LineString","coordinates":[[-93.60854,40.58705],[-93.60923,40.58337]]}},{"type":"Feature","properties":{},"geometry":{"type":"LineString","coordinates":[[-93.60478,40.59522],[-93.60854,40.58705]]}},{"type":"Feature","properties":{},"geometry":{"type":"LineString","coordinates":[[-93.59983,40.59925],[-93.60478,40.59522]]}},{"type":"Feature","properties":{},"geometry":{"type":"LineString","coordinates":[[-93.5971,40.60652],[-93.59983,40.59925]]}},{"type":"Feature","properties":{},"geometry":{"type":"LineString","coordinates":[[-93.59469,40.61963],[-93.5971,40.60652]]}},{"type":"Feature","properties":{},"geometry":{"type":"LineString","coordinates":[[-93.59499,40.62068],[-93.59469,40.61963]]}},{"type":"Feature","properties":{},"geometry":{"type":"LineString","coordinates":[[-94.06161,40.97316],[-94.04931,40.98169],[-94.04667,40.97352],[-94.0371,40.9739]]}},{"type":"Feature","properties":{},"geometry":{"type":"LineString","coordinates":[[-94.06462,40.97925],[-94.06161,40.97316]]}},{"type":"Feature","properties":{},"geometry":{"type":"LineString","coordinates":[[-94.07627,40.98202],[-94.06462,40.97925]]}},{"type":"Feature","properties":{},"geometry":{"type":"LineString","coordinates":[[-94.09065,41.00001],[-94.08509,40.98497],[-94.076,40.98763],[-94.07627,40.98202]]}},{"type":"Feature","properties":{},"geometry":{"type":"LineString","coordinates":[[-94.10168,41.0009],[-94.09065,41.00001]]}},{"type":"Feature","properties":{},"geometry":{"type":"LineString","coordinates":[[-94.1001,41.00964],[-94.10168,41.0009]]}},{"type":"Feature","properties":{},"geometry":{"type":"LineString","coordinates":[[-94.12191,41.01452],[-94.1001,41.00964]]}},{"type":"Feature","properties":{},"geometry":{"type":"LineString","coordinates":[[-94.111,41.02335],[-94.12191,41.01452]]}},{"type":"Feature","properties":{},"geometry":{"type":"LineString","coordinates":[[-94.10254,41.02779],[-94.111,41.02335]]}},{"type":"Feature","properties":{},"geometry":{"type":"LineString","coordinates":[[-94.11143,41.03461],[-94.10254,41.02779]]}},{"type":"Feature","properties":{},"geometry":{"type":"LineString","coordinates":[[-94.10753,41.04099],[-94.11143,41.03461]]}},{"type":"Feature","properties":{},"geometry":{"type":"LineString","coordinates":[[-94.11094,41.04808],[-94.10753,41.04099]]}},{"type":"Feature","properties":{},"geometry":{"type":"LineString","coordinates":[[-94.11668,41.05874],[-94.11269,41.05657]]}},{"type":"Feature","properties":{},"geometry":{"type":"LineString","coordinates":[[-94.11701,41.06023],[-94.11668,41.05874]]}},{"type":"Feature","properties":{},"geometry":{"type":"LineString","coordinates":[[-94.11214,41.06611],[-94.11701,41.06023]]}},{"type":"Feature","properties":{},"geometry":{"type":"LineString","coordinates":[[-94.10973,41.06963],[-94.11214,41.06611]]}},{"type":"Feature","properties":{},"geometry":{"type":"LineString","coordinates":[[-94.11057,41.07352],[-94.10973,41.06963]]}},{"type":"Feature","properties":{},"geometry":{"type":"LineString","coordinates":[[-94.12248,41.07679],[-94.11057,41.07352]]}},{"type":"Feature","properties":{},"geometry":{"type":"LineString","coordinates":[[-94.12242,41.07757],[-94.12248,41.07679]]}},{"type":"Feature","properties":{},"geometry":{"type":"LineString","coordinates":[[-94.11695,41.0913],[-94.12242,41.07757]]}},{"type":"Feature","properties":{},"geometry":{"type":"LineString","coordinates":[[-94.13122,41.10084],[-94.11695,41.0913]]}},{"type":"Feature","properties":{},"geometry":{"type":"LineString","coordinates":[[-94.13041,41.11006],[-94.13122,41.10084]]}},{"type":"Feature","properties":{},"geometry":{"type":"LineString","coordinates":[[-94.13304,41.11331],[-94.13041,41.11006]]}},{"type":"Feature","properties":{},"geometry":{"type":"LineString","coordinates":[[-94.13298,41.11784],[-94.13304,41.11331]]}},{"type":"Feature","properties":{},"geometry":{"type":"LineString","coordinates":[[-94.14272,41.12134],[-94.13298,41.11784]]}},{"type":"Feature","properties":{},"geometry":{"type":"LineString","coordinates":[[-93.87583,40.76873],[-93.87538,40.76774]]}},{"type":"Feature","properties":{},"geometry":{"type":"LineString","coordinates":[[-93.87824,40.76662],[-93.88062,40.76534]]}},{"type":"Feature","properties":{},"geometry":{"type":"LineString","coordinates":[[-93.87538,40.76774],[-93.87526,40.76731]]}},{"type":"Feature","properties":{},"geometry":{"type":"LineString","coordinates":[[-93.87526,40.76731],[-93.87824,40.76662]]}},{"type":"Feature","properties":{},"geometry":{"type":"LineString","coordinates":[[-93.88363,40.76893],[-93.87583,40.76894]]}},{"type":"Feature","properties":{},"geometry":{"type":"LineString","coordinates":[[-93.87583,40.76894],[-93.87583,40.76873]]}},{"type":"Feature","properties":{},"geometry":{"type":"LineString","coordinates":[[-92.71856,40.59945],[-92.71069,40.59619],[-92.71444,40.58909]]}},{"type":"Feature","properties":{},"geometry":{"type":"LineString","coordinates":[[-92.71956,40.60284],[-92.71856,40.59945]]}},{"type":"Feature","properties":{},"geometry":{"type":"LineString","coordinates":[[-92.72278,40.60849],[-92.71956,40.60284]]}},{"type":"Feature","properties":{},"geometry":{"type":"LineString","coordinates":[[-92.73198,40.62006],[-92.72278,40.60849]]}},{"type":"Feature","properties":{},"geometry":{"type":"LineString","coordinates":[[-92.73107,40.63109],[-92.73198,40.62006]]}},{"type":"Feature","properties":{},"geometry":{"type":"LineString","coordinates":[[-92.73092,40.6323],[-92.73107,40.63109]]}},{"type":"Feature","properties":{},"geometry":{"type":"LineString","coordinates":[[-92.7292,40.64297],[-92.73092,40.6323]]}},{"type":"Feature","properties":{},"geometry":{"type":"LineString","coordinates":[[-92.73501,40.64987],[-92.7292,40.64297]]}},{"type":"Feature","properties":{},"geometry":{"type":"LineString","coordinates":[[-92.75231,40.66233],[-92.73501,40.64987]]}},{"type":"Feature","properties":{},"geometry":{"type":"LineString","coordinates":[[-92.75677,40.66949],[-92.75231,40.66233]]}},{"type":"Feature","properties":{},"geometry":{"type":"LineString","coordinates":[[-92.75719,40.66975],[-92.75677,40.66949]]}},{"type":"Feature","properties":{},"geometry":{"type":"LineString","coordinates":[[-92.76518,40.67531],[-92.75719,40.66975]]}},{"type":"Feature","properties":{},"geometry":{"type":"LineString","coordinates":[[-92.77378,40.7063],[-92.76464,40.70538]]}},{"type":"Feature","properties":{},"geometry":{"type":"LineString","coordinates":[[-92.77453,40.70745],[-92.77378,40.7063]]}},{"type":"Feature","properties":{},"geometry":{"type":"LineString","coordinates":[[-92.78081,40.71459],[-92.77981,40.71583]]}},{"type":"Feature","properties":{},"geometry":{"type":"LineString","coordinates":[[-92.78123,40.71459],[-92.78081,40.71459]]}},{"type":"Feature","properties":{},"geometry":{"type":"LineString","coordinates":[[-92.79207,40.72677],[-92.78123,40.71459]]}},{"type":"Feature","properties":{},"geometry":{"type":"LineString","coordinates":[[-92.79631,40.73108],[-92.79207,40.72677]]}},{"type":"Feature","properties":{},"geometry":{"type":"LineString","coordinates":[[-92.79883,40.73344],[-92.79631,40.73108]]}},{"type":"Feature","properties":{},"geometry":{"type":"LineString","coordinates":[[-92.80571,40.74287],[-92.79883,40.73344]]}},{"type":"Feature","properties":{},"geometry":{"type":"LineString","coordinates":[[-92.80284,40.75363],[-92.81278,40.7461],[-92.80571,40.74287]]}},{"type":"Feature","properties":{},"geometry":{"type":"LineString","coordinates":[[-92.81469,40.75593],[-92.80284,40.75363]]}},{"type":"Feature","properties":{},"geometry":{"type":"LineString","coordinates":[[-92.82071,40.7576],[-92.81469,40.75593]]}},{"type":"Feature","properties":{},"geometry":{"type":"LineString","coordinates":[[-92.81986,40.76316],[-92.81508,40.76023],[-92.82071,40.7576]]}},{"type":"Feature","properties":{},"geometry":{"type":"LineString","coordinates":[[-92.81643,40.76554],[-92.81986,40.76316]]}},{"type":"Feature","properties":{},"geometry":{"type":"LineString","coordinates":[[-92.81922,40.77332],[-92.81643,40.76554]]}},{"type":"Feature","properties":{},"geometry":{"type":"LineString","coordinates":[[-92.81922,40.77366],[-92.81922,40.77332]]}},{"type":"Feature","properties":{},"geometry":{"type":"LineString","coordinates":[[-92.81961,40.7803],[-92.81922,40.77366]]}},{"type":"Feature","properties":{},"geometry":{"type":"LineString","coordinates":[[-92.82027,40.78117],[-92.81961,40.7803]]}},{"type":"Feature","properties":{},"geometry":{"type":"LineString","coordinates":[[-92.83183,40.78111],[-92.82027,40.78117]]}},{"type":"Feature","properties":{},"geometry":{"type":"LineString","coordinates":[[-92.8402,40.78399],[-92.83183,40.78111]]}},{"type":"Feature","properties":{},"geometry":{"type":"LineString","coordinates":[[-92.84727,40.79241],[-92.8402,40.78399]]}},{"type":"Feature","properties":{},"geometry":{"type":"LineString","coordinates":[[-92.86349,40.79075],[-92.84727,40.79241]]}},{"type":"Feature","properties":{},"geometry":{"type":"LineString","coordinates":[[-92.87057,40.79711],[-92.86349,40.79075]]}},{"type":"Feature","properties":{},"geometry":{"type":"LineString","coordinates":[[-92.87638,40.79997],[-92.87057,40.79711]]}},{"type":"Feature","properties":{},"geometry":{"type":"LineString","coordinates":[[-92.87629,40.81793],[-92.88334,40.81154],[-92.87638,40.79997]]}},{"type":"Feature","properties":{},"geometry":{"type":"LineString","coordinates":[[-92.78081,40.71459],[-92.77495,40.70768]]}},{"type":"Feature","properties":{},"geometry":{"type":"LineString","coordinates":[[-92.89022,40.82133],[-92.87629,40.81793]]}},{"type":"Feature","properties":{},"geometry":{"type":"LineString","coordinates":[[-92.81922,40.77366],[-92.81922,40.77332]]}},{"type":"Feature","properties":{},"geometry":{"type":"LineString","coordinates":[[-92.79631,40.73108],[-92.79635,40.71735],[-92.78123,40.71459]]}},{"type":"Feature","properties":{},"geometry":{"type":"LineString","coordinates":[[-92.77495,40.70768],[-92.77453,40.70745]]}},{"type":"Feature","properties":{},"geometry":{"type":"LineString","coordinates":[[-92.77378,40.7063],[-92.77212,40.69278]]}},{"type":"Feature","properties":{},"geometry":{"type":"LineString","coordinates":[[-92.77212,40.69278],[-92.76518,40.67531]]}},{"type":"Feature","properties":{},"geometry":{"type":"LineString","coordinates":[[-92.75719,40.66975],[-92.76988,40.66713],[-92.77055,40.65749]]}},{"type":"Feature","properties":{},"geometry":{"type":"LineString","coordinates":[[-96.08764,41.56553],[-96.0959,41.54513]]}},{"type":"Feature","properties":{},"geometry":{"type":"LineString","coordinates":[[-96.08519,41.56735],[-96.08764,41.56553]]}},{"type":"Feature","properties":{},"geometry":{"type":"LineString","coordinates":[[-96.09368,41.58898],[-96.0814,41.5793],[-96.08519,41.56735]]}},{"type":"Feature","properties":{},"geometry":{"type":"LineString","coordinates":[[-96.11442,41.60329],[-96.09368,41.58898]]}},{"type":"Feature","properties":{},"geometry":{"type":"LineString","coordinates":[[-96.118,41.61655],[-96.11442,41.60329]]}},{"type":"Feature","properties":{},"geometry":{"type":"LineString","coordinates":[[-96.12081,41.67797],[-96.09792,41.65897],[-96.0957,41.64321]]}},{"type":"Feature","properties":{},"geometry":{"type":"LineString","coordinates":[[-96.00395,41.755],[-96.09757,41.7377]]}},{"type":"Feature","properties":{},"geometry":{"type":"LineString","coordinates":[[-95.98037,41.77541],[-95.99157,41.76678]]}},{"type":"Feature","properties":{},"geometry":{"type":"LineString","coordinates":[[-95.97485,41.77788],[-95.98037,41.77541]]}},{"type":"Feature","properties":{},"geometry":{"type":"LineString","coordinates":[[-95.96914,41.78012],[-95.97485,41.77788]]}},{"type":"Feature","properties":{},"geometry":{"type":"LineString","coordinates":[[-95.96094,41.78866],[-95.96914,41.78012]]}},{"type":"Feature","properties":{},"geometry":{"type":"LineString","coordinates":[[-95.95737,41.79637],[-95.96094,41.78866]]}},{"type":"Feature","properties":{},"geometry":{"type":"LineString","coordinates":[[-95.95692,41.7987],[-95.95737,41.79637]]}},{"type":"Feature","properties":{},"geometry":{"type":"LineString","coordinates":[[-95.9474,41.81308],[-95.95692,41.7987]]}},{"type":"Feature","properties":{},"geometry":{"type":"LineString","coordinates":[[-95.94013,41.81384],[-95.9474,41.81308]]}},{"type":"Feature","properties":{},"geometry":{"type":"LineString","coordinates":[[-95.93934,41.81446],[-95.94013,41.81384]]}},{"type":"Feature","properties":{},"geometry":{"type":"LineString","coordinates":[[-95.93394,41.8248],[-95.93934,41.81446]]}},{"type":"Feature","properties":{},"geometry":{"type":"LineString","coordinates":[[-95.93062,41.83662],[-95.93394,41.8248]]}},{"type":"Feature","properties":{},"geometry":{"type":"LineString","coordinates":[[-95.92873,41.84019],[-95.93062,41.83662]]}},{"type":"Feature","properties":{},"geometry":{"type":"LineString","coordinates":[[-95.92057,41.84938],[-95.92873,41.84019]]}},{"type":"Feature","properties":{},"geometry":{"type":"LineString","coordinates":[[-95.90236,41.86694],[-95.90633,41.85528],[-95.92057,41.84938]]}},{"type":"Feature","properties":{},"geometry":{"type":"LineString","coordinates":[[-95.89282,41.87611],[-95.90236,41.86694]]}},{"type":"Feature","properties":{},"geometry":{"type":"LineString","coordinates":[[-95.89059,41.87794],[-95.89282,41.87611]]}},{"type":"Feature","properties":{},"geometry":{"type":"LineString","coordinates":[[-95.88643,41.887],[-95.89059,41.87794]]}},{"type":"Feature","properties":{},"geometry":{"type":"LineString","coordinates":[[-95.88456,41.89278],[-95.88643,41.887]]}},{"type":"Feature","properties":{},"geometry":{"type":"LineString","coordinates":[[-95.8551,41.91215],[-95.85363,41.91073]]}},{"type":"Feature","properties":{},"geometry":{"type":"LineString","coordinates":[[-95.85461,41.91253],[-95.8551,41.91215]]}},{"type":"Feature","properties":{},"geometry":{"type":"LineString","coordinates":[[-95.84466,41.91944],[-95.85461,41.91253]]}},{"type":"Feature","properties":{},"geometry":{"type":"LineString","coordinates":[[-95.82484,41.93132],[-95.84466,41.91944]]}},{"type":"Feature","properties":{},"geometry":{"type":"LineString","coordinates":[[-95.81918,41.93475],[-95.82484,41.93132]]}},{"type":"Feature","properties":{},"geometry":{"type":"LineString","coordinates":[[-95.81863,41.93578],[-95.81918,41.93475]]}},{"type":"Feature","properties":{},"geometry":{"type":"LineString","coordinates":[[-95.81743,41.93763],[-95.81863,41.93578]]}},{"type":"Feature","properties":{},"geometry":{"type":"LineString","coordinates":[[-95.81124,41.94188],[-95.81743,41.93763]]}},{"type":"Feature","properties":{},"geometry":{"type":"LineString","coordinates":[[-95.81054,41.94256],[-95.81124,41.94188]]}},{"type":"Feature","properties":{},"geometry":{"type":"LineString","coordinates":[[-95.80584,41.95847],[-95.81054,41.94256]]}},{"type":"Feature","properties":{},"geometry":{"type":"LineString","coordinates":[[-95.80645,41.96062],[-95.80584,41.95847]]}},{"type":"Feature","properties":{},"geometry":{"type":"LineString","coordinates":[[-95.80274,41.96396],[-95.80645,41.96062]]}},{"type":"Feature","properties":{},"geometry":{"type":"LineString","coordinates":[[-95.7929,41.97246],[-95.80274,41.96396]]}},{"type":"Feature","properties":{},"geometry":{"type":"LineString","coordinates":[[-95.77318,41.98243],[-95.7929,41.97246]]}},{"type":"Feature","properties":{},"geometry":{"type":"LineString","coordinates":[[-95.77315,41.98788],[-95.77318,41.98243]]}},{"type":"Feature","properties":{},"geometry":{"type":"LineString","coordinates":[[-95.77277,41.99103],[-95.77315,41.98788]]}},{"type":"Feature","properties":{},"geometry":{"type":"LineString","coordinates":[[-95.76332,42.0],[-95.77277,41.99103]]}},{"type":"Feature","properties":{},"geometry":{"type":"LineString","coordinates":[[-95.76292,42.0009],[-95.76332,42.0]]}},{"type":"Feature","properties":{},"geometry":{"type":"LineString","coordinates":[[-95.75703,42.00574],[-95.76292,42.0009]]}},{"type":"Feature","properties":{},"geometry":{"type":"LineString","coordinates":[[-95.75632,42.00601],[-95.75703,42.00574]]}},{"type":"Feature","properties":{},"geometry":{"type":"LineString","coordinates":[[-95.74656,42.01295],[-95.75632,42.00601]]}},{"type":"Feature","properties":{},"geometry":{"type":"LineString","coordinates":[[-95.74543,42.01395],[-95.74656,42.01295]]}},{"type":"Feature","properties":{},"geometry":{"type":"LineString","coordinates":[[-95.74372,42.01587],[-95.74543,42.01395]]}},{"type":"Feature","properties":{},"geometry":{"type":"LineString","coordinates":[[-95.74091,42.02521],[-95.74372,42.01587]]}},{"type":"Feature","properties":{},"geometry":{"type":"LineString","coordinates":[[-95.73933,42.0296],[-95.74091,42.02521]]}},{"type":"Feature","properties":{},"geometry":{"type":"LineString","coordinates":[[-95.73375,42.03571],[-95.73933,42.0296]]}},{"type":"Feature","properties":{},"geometry":{"type":"LineString","coordinates":[[-95.72698,42.03866],[-95.73375,42.03571]]}},{"type":"Feature","properties":{},"geometry":{"type":"LineString","coordinates":[[-95.71947,42.04112],[-95.72698,42.03866]]}},{"type":"Feature","properties":{},"geometry":{"type":"LineString","coordinates":[[-96.06757,41.80213],[-96.06484,41.78298],[-96.09382,41.75907]]}},{"type":"Feature","properties":{},"geometry":{"type":"LineString","coordinates":[[-96.09202,41.81225],[-96.07912,41.80975]]}},{"type":"Feature","properties":{},"geometry":{"type":"LineString","coordinates":[[-96.14448,41.94303],[-96.13637,41.92458]]}},{"type":"Feature","properties":{},"geometry":{"type":"LineString","coordinates":[[-96.14195,41.95367],[-96.14448,41.94303]]}},{"type":"Feature","properties":{},"geometry":{"type":"LineString","coordinates":[[-96.31275,42.13504],[-96.27056,42.11623],[-96.26642,42.10297],[-96.27487,42.08581]]}},{"type":"Feature","properties":{},"geometry":{"type":"LineString","coordinates":[[-96.33335,42.23651],[-96.35927,42.22016]]}},{"type":"Feature","properties":{},"geometry":{"type":"LineString","coordinates":[[-96.33158,42.2593],[-96.33335,42.23651]]}},{"type":"Feature","properties":{},"geometry":{"type":"LineString","coordinates":[[-96.36761,42.28987],[-96.33158,42.2593]]}},{"type":"Feature","properties":{},"geometry":{"type":"LineString","coordinates":[[-96.40496,42.33546],[-96.37254,42.3154],[-96.36761,42.28987]]}},{"type":"Feature","properties":{},"geometry":{"type":"LineString","coordinates":[[-96.41149,42.34108],[-96.40496,42.33546]]}},{"type":"Feature","properties":{},"geometry":{"type":"LineString","coordinates":[[-96.38607,42.47501],[-96.3806,42.44523],[-96.41428,42.40756],[-96.40881,42.37965],[-96.4137,42.36636]]}},{"type":"Feature","properties":{},"geometry":{"type":"LineString","coordinates":[[-96.39245,42.48226],[-96.38607,42.47501]]}},{"type":"Feature","properties":{},"geometry":{"type":"LineString","coordinates":[[-96.41048,42.48771],[-96.39245,42.48226]]}},{"type":"Feature","properties":{},"geometry":{"type":"LineString","coordinates":[[-96.44579,42.48996],[-96.41048,42.48771]]}},{"type":"Feature","properties":{},"geometry":{"type":"LineString","coordinates":[[-96.00395,41.755],[-96.00751,41.74593],[-96.0003,41.73696]]}},{"type":"Feature","properties":{},"geometry":{"type":"LineString","coordinates":[[-96.0003,41.73696],[-95.9922,41.73098]]}},{"type":"Feature","properties":{},"geometry":{"type":"LineString","coordinates":[[-95.62312,40.65215],[-95.62337,40.65226]]}},{"type":"Feature","properties":{},"geometry":{"type":"LineString","coordinates":[[-95.60549,40.65988],[-95.62312,40.65215]]}},{"type":"Feature","properties":{},"geometry":{"type":"LineString","coordinates":[[-95.35321,40.79672],[-95.35722,40.79289]]}},{"type":"Feature","properties":{},"geometry":{"type":"LineString","coordinates":[[-95.35722,40.79289],[-95.36392,40.79109]]}},{"type":"Feature","properties":{},"geometry":{"type":"LineString","coordinates":[[-95.18298,41.12407],[-95.18983,41.11707]]}},{"type":"Feature","properties":{},"geometry":{"type":"LineString","coordinates":[[-95.18983,41.11707],[-95.1908,41.11326]]}},{"type":"Feature","properties":{},"geometry":{"type":"LineString","coordinates":[[-95.1908,41.11326],[-95.18999,41.11267]]}},{"type":"Feature","properties":{},"geometry":{"type":"LineString","coordinates":[[-95.64626,40.60341],[-95.63807,40.57863]]}},{"type":"Feature","properties":{},"geometry":{"type":"LineString","coordinates":[[-95.63264,40.61961],[-95.64626,40.60341]]}},{"type":"Feature","properties":{},"geometry":{"type":"LineString","coordinates":[[-95.63102,40.64297],[-95.62458,40.62896],[-95.63264,40.61961]]}},{"type":"Feature","properties":{},"geometry":{"type":"LineString","coordinates":[[-95.62337,40.65226],[-95.62576,40.64964]]}},{"type":"Feature","properties":{},"geometry":{"type":"LineString","coordinates":[[-95.62576,40.64964],[-95.63102,40.64297]]}},{"type":"Feature","properties":{},"geometry":{"type":"LineString","coordinates":[[-93.00021,40.86846],[-92.99285,40.86838]]}},{"type":"Feature","properties":{},"geometry":{"type":"LineString","coordinates":[[-92.99285,40.86838],[-92.96114,40.85387]]}},{"type":"Feature","properties":{},"geometry":{"type":"LineString","coordinates":[[-92.96114,40.85387],[-92.9521,40.84978]]}},{"type":"Feature","properties":{},"geometry":{"type":"LineString","coordinates":[[-92.9521,40.84978],[-92.92709,40.84705]]}},{"type":"Feature","properties":{},"geometry":{"type":"LineString","coordinates":[[-92.92709,40.84705],[-92.8994,40.84438]]}},{"type":"Feature","properties":{},"geometry":{"type":"LineString","coordinates":[[-92.8994,40.84438],[-92.89038,40.83719]]}},{"type":"Feature","properties":{},"geometry":{"type":"LineString","coordinates":[[-93.00426,40.86815],[-93.00021,40.86846]]}},{"type":"Feature","properties":{},"geometry":{"type":"LineString","coordinates":[[-92.89038,40.83719],[-92.87275,40.83735]]}},{"type":"Feature","properties":{},"geometry":{"type":"LineString","coordinates":[[-92.88758,40.8273],[-92.89022,40.82133]]}},{"type":"Feature","properties":{},"geometry":{"type":"LineString","coordinates":[[-92.89038,40.83719],[-92.88758,40.8273]]}},{"type":"Feature","properties":{},"geometry":{"type":"LineString","coordinates":[[-95.8551,41.91215],[-95.87936,41.90113]]}},{"type":"Feature","properties":{},"geometry":{"type":"LineString","coordinates":[[-95.87936,41.90113],[-95.88456,41.89278]]}},{"type":"Feature","properties":{},"geometry":{"type":"LineString","coordinates":[[-96.09096,41.72115],[-96.07696,41.71696]]}},{"type":"Feature","properties":{},"geometry":{"type":"LineString","coordinates":[[-96.09418,41.64369],[-96.09657,41.63242]]}},{"type":"Feature","properties":{},"geometry":{"type":"LineString","coordinates":[[-96.09432,41.6436],[-96.09418,41.64369]]}},{"type":"Feature","properties":{},"geometry":{"type":"LineString","coordinates":[[-96.0957,41.64321],[-96.09432,41.6436]]}},{"type":"Feature","properties":{},"geometry":{"type":"LineString","coordinates":[[-96.09657,41.63242],[-96.09806,41.63578]]}},{"type":"Feature","properties":{},"geometry":{"type":"LineString","coordinates":[[-96.09806,41.63578],[-96.09848,41.63633]]}},{"type":"Feature","properties":{},"geometry":{"type":"LineString","coordinates":[[-96.09848,41.63633],[-96.09958,41.6367]]}},{"type":"Feature","properties":{},"geometry":{"type":"LineString","coordinates":[[-96.07912,41.80975],[-96.06757,41.80213]]}},{"type":"Feature","properties":{},"geometry":{"type":"LineString","coordinates":[[-96.07935,41.81093],[-96.07912,41.80975]]}},{"type":"Feature","properties":{},"geometry":{"type":"LineString","coordinates":[[-96.0003,41.75728],[-96.00395,41.755]]}},{"type":"Feature","properties":{},"geometry":{"type":"LineString","coordinates":[[-96.1402,41.96925],[-96.13814,41.95987]]}},{"type":"Feature","properties":{},"geometry":{"type":"LineString","coordinates":[[-96.13814,41.95987],[-96.14195,41.95367]]}},{"type":"Feature","properties":{},"geometry":{"type":"LineString","coordinates":[[-96.13637,41.92458],[-96.13789,41.92032]]}},{"type":"Feature","properties":{},"geometry":{"type":"LineString","coordinates":[[-96.0957,41.64321],[-96.09958,41.6367]]}},{"type":"Feature","properties":{},"geometry":{"type":"LineString","coordinates":[[-96.09958,41.6367],[-96.118,41.61655]]}},{"type":"Feature","properties":{},"geometry":{"type":"LineString","coordinates":[[-95.99157,41.76678],[-96.0003,41.75728]]}},{"type":"Feature","properties":{},"geometry":{"type":"LineString","coordinates":[[-96.13789,41.92032],[-96.16199,41.9029],[-96.14255,41.86951],[-96.11075,41.84952],[-96.10937,41.83463]]}},{"type":"Feature","properties":{},"geometry":{"type":"LineString","coordinates":[[-96.35986,42.21178],[-96.34765,42.19403],[-96.34752,42.16662],[-96.32476,42.15066]]}},{"type":"Feature","properties":{},"geometry":{"type":"LineString","coordinates":[[-96.33497,42.54852],[-96.33946,42.54523]]}},{"type":"Feature","properties":{},"geometry":{"type":"LineString","coordinates":[[-96.32937,42.55951],[-96.33497,42.54852]]}},{"type":"Feature","properties":{},"geometry":{"type":"LineString","coordinates":[[-96.30212,42.58506],[-96.31903,42.56964],[-96.3173,42.56321],[-96.32937,42.55951]]}},{"type":"Feature","properties":{},"geometry":{"type":"LineString","coordinates":[[-96.29754,42.59301],[-96.30212,42.58506]]}},{"type":"Feature","properties":{},"geometry":{"type":"LineString","coordinates":[[-96.29775,42.59511],[-96.29754,42.59301]]}},{"type":"Feature","properties":{},"geometry":{"type":"LineString","coordinates":[[-96.29229,42.60325],[-96.29775,42.59511]]}},{"type":"Feature","properties":{},"geometry":{"type":"LineString","coordinates":[[-96.28525,42.61591],[-96.29229,42.60325]]}},{"type":"Feature","properties":{},"geometry":{"type":"LineString","coordinates":[[-96.28322,42.62679],[-96.28525,42.61591]]}},{"type":"Feature","properties":{},"geometry":{"type":"LineString","coordinates":[[-96.28102,42.64729],[-96.28322,42.62679]]}},{"type":"Feature","properties":{},"geometry":{"type":"LineString","coordinates":[[-96.26801,42.66682],[-96.27327,42.64884],[-96.28102,42.64729]]}},{"type":"Feature","properties":{},"geometry":{"type":"LineString","coordinates":[[-96.25738,42.68218],[-96.26801,42.66682]]}},{"type":"Feature","properties":{},"geometry":{"type":"LineString","coordinates":[[-96.25332,42.69598],[-96.25738,42.68218]]}},{"type":"Feature","properties":{},"geometry":{"type":"LineString","coordinates":[[-96.25139,42.70203],[-96.25332,42.69598]]}},{"type":"Feature","properties":{},"geometry":{"type":"LineString","coordinates":[[-96.24473,42.71232],[-96.25139,42.70203]]}},{"type":"Feature","properties":{},"geometry":{"type":"LineString","coordinates":[[-96.24035,42.72313],[-96.24473,42.71232]]}},{"type":"Feature","properties":{},"geometry":{"type":"LineString","coordinates":[[-96.20893,42.73701],[-96.24035,42.72313]]}},{"type":"Feature","properties":{},"geometry":{"type":"LineString","coordinates":[[-96.1689,42.80463],[-96.20137,42.77808],[-96.20893,42.73701]]}},{"type":"Feature","properties":{},"geometry":{"type":"LineString","coordinates":[[-96.39173,42.48321],[-96.39245,42.48226]]}},{"type":"Feature","properties":{},"geometry":{"type":"LineString","coordinates":[[-96.38633,42.50001],[-96.39173,42.48321]]}},{"type":"Feature","properties":{},"geometry":{"type":"LineString","coordinates":[[-96.33946,42.54523],[-96.36964,42.52928],[-96.38633,42.50001]]}},{"type":"Feature","properties":{},"geometry":{"type":"LineString","coordinates":[[-96.00542,41.84925],[-96.02971,41.81782],[-96.05451,41.80831]]}},{"type":"Feature","properties":{},"geometry":{"type":"LineString","coordinates":[[-96.05451,41.80831],[-96.06757,41.80213]]}},{"type":"Feature","properties":{},"geometry":{"type":"LineString","coordinates":[[-95.9749,41.97107],[-95.97326,41.90714],[-95.99528,41.8891],[-95.99716,41.87774]]}},{"type":"Feature","properties":{},"geometry":{"type":"LineString","coordinates":[[-95.98281,41.99347],[-95.9749,41.97107]]}},{"type":"Feature","properties":{},"geometry":{"type":"LineString","coordinates":[[-96.01571,42.07809],[-96.00634,42.05831]]}},{"type":"Feature","properties":{},"geometry":{"type":"LineString","coordinates":[[-96.00157,42.09736],[-96.01571,42.07809]]}},{"type":"Feature","properties":{},"geometry":{"type":"LineString","coordinates":[[-95.99525,42.13153],[-95.99922,42.12042]]}},{"type":"Feature","properties":{},"geometry":{"type":"LineString","coordinates":[[-95.9936,42.13565],[-95.99525,42.13153]]}},{"type":"Feature","properties":{},"geometry":{"type":"LineString","coordinates":[[-95.99063,42.14237],[-95.9936,42.13565]]}},{"type":"Feature","properties":{},"geometry":{"type":"LineString","coordinates":[[-95.98993,42.1432],[-95.99063,42.14237]]}},{"type":"Feature","properties":{},"geometry":{"type":"LineString","coordinates":[[-95.98472,42.15043],[-95.98993,42.1432]]}},{"type":"Feature","properties":{},"geometry":{"type":"LineString","coordinates":[[-95.98178,42.15439],[-95.97204,42.15359],[-95.98156,42.15036]]}},{"type":"Feature","properties":{},"geometry":{"type":"LineString","coordinates":[[-95.97822,42.15919],[-95.98178,42.15439]]}},{"type":"Feature","properties":{},"geometry":{"type":"LineString","coordinates":[[-95.97709,42.16097],[-95.97822,42.15919]]}},{"type":"Feature","properties":{},"geometry":{"type":"LineString","coordinates":[[-95.96875,42.17015],[-95.97709,42.16097]]}},{"type":"Feature","properties":{},"geometry":{"type":"LineString","coordinates":[[-95.96826,42.17051],[-95.96875,42.17015]]}},{"type":"Feature","properties":{},"geometry":{"type":"LineString","coordinates":[[-95.96304,42.17601],[-95.96199,42.17393]]}},{"type":"Feature","properties":{},"geometry":{"type":"LineString","coordinates":[[-95.95589,42.18355],[-95.96304,42.17601]]}},{"type":"Feature","properties":{},"geometry":{"type":"LineString","coordinates":[[-95.93421,42.20442],[-95.95589,42.18355]]}},{"type":"Feature","properties":{},"geometry":{"type":"LineString","coordinates":[[-95.92875,42.21037],[-95.93421,42.20442]]}},{"type":"Feature","properties":{},"geometry":{"type":"LineString","coordinates":[[-95.92807,42.21215],[-95.92875,42.21037]]}},{"type":"Feature","properties":{},"geometry":{"type":"LineString","coordinates":[[-95.92756,42.22006],[-95.92807,42.21215]]}},{"type":"Feature","properties":{},"geometry":{"type":"LineString","coordinates":[[-95.91822,42.23289],[-95.92756,42.22006]]}},{"type":"Feature","properties":{},"geometry":{"type":"LineString","coordinates":[[-95.91404,42.24224],[-95.91822,42.23289]]}},{"type":"Feature","properties":{},"geometry":{"type":"LineString","coordinates":[[-95.90953,42.24759],[-95.91404,42.24224]]}},{"type":"Feature","properties":{},"geometry":{"type":"LineString","coordinates":[[-95.90433,42.2553],[-95.90953,42.24759]]}},{"type":"Feature","properties":{},"geometry":{"type":"LineString","coordinates":[[-95.88714,42.2767],[-95.90433,42.2553]]}},{"type":"Feature","properties":{},"geometry":{"type":"LineString","coordinates":[[-95.88788,42.28008],[-95.88714,42.2767]]}},{"type":"Feature","properties":{},"geometry":{"type":"LineString","coordinates":[[-95.8896,42.28456],[-95.88788,42.28008]]}},{"type":"Feature","properties":{},"geometry":{"type":"LineString","coordinates":[[-95.88972,42.286],[-95.8896,42.28456]]}},{"type":"Feature","properties":{},"geometry":{"type":"LineString","coordinates":[[-95.88487,42.30948],[-95.88972,42.286]]}},{"type":"Feature","properties":{},"geometry":{"type":"LineString","coordinates":[[-95.8886,42.33577],[-95.88062,42.32733],[-95.88487,42.30948]]}},{"type":"Feature","properties":{},"geometry":{"type":"LineString","coordinates":[[-95.8899,42.34306],[-95.8886,42.33577]]}},{"type":"Feature","properties":{},"geometry":{"type":"LineString","coordinates":[[-95.88346,42.35669],[-95.8899,42.34306]]}},{"type":"Feature","properties":{},"geometry":{"type":"LineString","coordinates":[[-95.88186,42.35785],[-95.88346,42.35669]]}},{"type":"Feature","properties":{},"geometry":{"type":"LineString","coordinates":[[-95.87498,42.35996],[-95.88186,42.35785]]}},{"type":"Feature","properties":{},"geometry":{"type":"LineString","coordinates":[[-95.86216,42.36446],[-95.87498,42.35996]]}},{"type":"Feature","properties":{},"geometry":{"type":"LineString","coordinates":[[-95.85803,42.38371],[-95.86216,42.36446]]}},{"type":"Feature","properties":{},"geometry":{"type":"LineString","coordinates":[[-95.862,42.39505],[-95.85803,42.38371]]}},{"type":"Feature","properties":{},"geometry":{"type":"LineString","coordinates":[[-95.85028,42.4107],[-95.862,42.39505]]}},{"type":"Feature","properties":{},"geometry":{"type":"LineString","coordinates":[[-95.84658,42.41848],[-95.85028,42.4107]]}},{"type":"Feature","properties":{},"geometry":{"type":"LineString","coordinates":[[-95.84518,42.42936],[-95.84658,42.41848]]}},{"type":"Feature","properties":{},"geometry":{"type":"LineString","coordinates":[[-95.84373,42.43096],[-95.84518,42.42936]]}},{"type":"Feature","properties":{},"geometry":{"type":"LineString","coordinates":[[-95.83068,42.43818],[-95.84373,42.43096]]}},{"type":"Feature","properties":{},"geometry":{"type":"LineString","coordinates":[[-95.79815,42.4452],[-95.80525,42.43734],[-95.83068,42.43818]]}},{"type":"Feature","properties":{},"geometry":{"type":"LineString","coordinates":[[-95.79684,42.44765],[-95.79815,42.4452]]}},{"type":"Feature","properties":{},"geometry":{"type":"LineString","coordinates":[[-95.79358,42.46406],[-95.78942,42.45731],[-95.79684,42.44765]]}},{"type":"Feature","properties":{},"geometry":{"type":"LineString","coordinates":[[-95.79284,42.46804],[-95.79358,42.46406]]}},{"type":"Feature","properties":{},"geometry":{"type":"LineString","coordinates":[[-95.79353,42.48281],[-95.79888,42.47728],[-95.79284,42.46804]]}},{"type":"Feature","properties":{},"geometry":{"type":"LineString","coordinates":[[-95.76408,42.49678],[-95.79353,42.48281]]}},{"type":"Feature","properties":{},"geometry":{"type":"LineString","coordinates":[[-95.7629,42.5],[-95.76408,42.49678]]}},{"type":"Feature","properties":{},"geometry":{"type":"LineString","coordinates":[[-95.76457,42.51517],[-95.75633,42.51011],[-95.7629,42.5]]}},{"type":"Feature","properties":{},"geometry":{"type":"LineString","coordinates":[[-95.76426,42.51728],[-95.76457,42.51517]]}},{"type":"Feature","properties":{},"geometry":{"type":"LineString","coordinates":[[-95.76054,42.52239],[-95.76426,42.51728]]}},{"type":"Feature","properties":{},"geometry":{"type":"LineString","coordinates":[[-95.75064,42.52977],[-95.76054,42.52239]]}},{"type":"Feature","properties":{},"geometry":{"type":"LineString","coordinates":[[-95.7501,42.53266],[-95.75064,42.52977]]}},{"type":"Feature","properties":{},"geometry":{"type":"LineString","coordinates":[[-95.73497,42.53974],[-95.7501,42.53266]]}},{"type":"Feature","properties":{},"geometry":{"type":"LineString","coordinates":[[-95.73461,42.565],[-95.729,42.55805],[-95.73497,42.53974]]}},{"type":"Feature","properties":{},"geometry":{"type":"LineString","coordinates":[[-95.73681,42.56525],[-95.73461,42.565]]}},{"type":"Feature","properties":{},"geometry":{"type":"LineString","coordinates":[[-95.73724,42.56616],[-95.73681,42.56525]]}},{"type":"Feature","properties":{},"geometry":{"type":"LineString","coordinates":[[-95.71945,42.57907],[-95.73724,42.56616]]}},{"type":"Feature","properties":{},"geometry":{"type":"LineString","coordinates":[[-95.71992,42.58689],[-95.71945,42.57907]]}},{"type":"Feature","properties":{},"geometry":{"type":"LineString","coordinates":[[-95.69818,42.59422],[-95.71992,42.58689]]}},{"type":"Feature","properties":{},"geometry":{"type":"LineString","coordinates":[[-95.69733,42.60174],[-95.69234,42.59669],[-95.69818,42.59422]]}},{"type":"Feature","properties":{},"geometry":{"type":"LineString","coordinates":[[-95.69247,42.6062],[-95.69733,42.60174]]}},{"type":"Feature","properties":{},"geometry":{"type":"LineString","coordinates":[[-95.68464,42.60456],[-95.69247,42.6062]]}},{"type":"Feature","properties":{},"geometry":{"type":"LineString","coordinates":[[-95.67441,42.6202],[-95.68464,42.60456]]}},{"type":"Feature","properties":{},"geometry":{"type":"LineString","coordinates":[[-95.66058,42.62645],[-95.67441,42.6202]]}},{"type":"Feature","properties":{},"geometry":{"type":"LineString","coordinates":[[-95.64972,42.63135],[-95.66058,42.62645]]}},{"type":"Feature","properties":{},"geometry":{"type":"LineString","coordinates":[[-95.64028,42.63626],[-95.64972,42.63135]]}},{"type":"Feature","properties":{},"geometry":{"type":"LineString","coordinates":[[-95.63836,42.63656],[-95.64028,42.63626]]}},{"type":"Feature","properties":{},"geometry":{"type":"LineString","coordinates":[[-95.6239,42.6452],[-95.63836,42.63656]]}},{"type":"Feature","properties":{},"geometry":{"type":"LineString","coordinates":[[-95.62297,42.64559],[-95.6239,42.6452]]}},{"type":"Feature","properties":{},"geometry":{"type":"LineString","coordinates":[[-95.61836,42.64541],[-95.62297,42.64559]]}},{"type":"Feature","properties":{},"geometry":{"type":"LineString","coordinates":[[-95.60495,42.65494],[-95.61836,42.64541]]}},{"type":"Feature","properties":{},"geometry":{"type":"LineString","coordinates":[[-95.58918,42.65302],[-95.60495,42.65494]]}},{"type":"Feature","properties":{},"geometry":{"type":"LineString","coordinates":[[-95.5753,42.6641],[-95.58918,42.65302]]}},{"type":"Feature","properties":{},"geometry":{"type":"LineString","coordinates":[[-95.57558,42.66506],[-95.5753,42.6641]]}},{"type":"Feature","properties":{},"geometry":{"type":"LineString","coordinates":[[-95.56924,42.68666],[-95.57558,42.66506]]}},{"type":"Feature","properties":{},"geometry":{"type":"LineString","coordinates":[[-95.56285,42.69304],[-95.56924,42.68666]]}},{"type":"Feature","properties":{},"geometry":{"type":"LineString","coordinates":[[-95.56306,42.69974],[-95.56285,42.69304]]}},{"type":"Feature","properties":{},"geometry":{"type":"LineString","coordinates":[[-95.56513,42.71398],[-95.56306,42.69974]]}},{"type":"Feature","properties":{},"geometry":{"type":"LineString","coordinates":[[-95.56572,42.71782],[-95.56513,42.71398]]}},{"type":"Feature","properties":{},"geometry":{"type":"LineString","coordinates":[[-95.56618,42.71977],[-95.56572,42.71782]]}},{"type":"Feature","properties":{},"geometry":{"type":"LineString","coordinates":[[-95.57014,42.72599],[-95.56618,42.71977]]}},{"type":"Feature","properties":{},"geometry":{"type":"LineString","coordinates":[[-95.57063,42.73344],[-95.57014,42.72599]]}},{"type":"Feature","properties":{},"geometry":{"type":"LineString","coordinates":[[-95.55996,42.74178],[-95.57063,42.73344]]}},{"type":"Feature","properties":{},"geometry":{"type":"LineString","coordinates":[[-95.54926,42.74472],[-95.55996,42.74178]]}},{"type":"Feature","properties":{},"geometry":{"type":"LineString","coordinates":[[-95.5352,42.74839],[-95.54926,42.74472]]}},{"type":"Feature","properties":{},"geometry":{"type":"LineString","coordinates":[[-95.52476,42.76359],[-95.5352,42.74839]]}},{"type":"Feature","properties":{},"geometry":{"type":"LineString","coordinates":[[-95.52616,42.78108],[-95.51888,42.77406],[-95.52476,42.76359]]}},{"type":"Feature","properties":{},"geometry":{"type":"LineString","coordinates":[[-95.52726,42.78904],[-95.52616,42.78108]]}},{"type":"Feature","properties":{},"geometry":{"type":"LineString","coordinates":[[-95.51869,42.81015],[-95.52726,42.78904]]}},{"type":"Feature","properties":{},"geometry":{"type":"LineString","coordinates":[[-95.51222,42.82016],[-95.51869,42.81015]]}},{"type":"Feature","properties":{},"geometry":{"type":"LineString","coordinates":[[-95.50882,42.82544],[-95.51222,42.82016]]}},{"type":"Feature","properties":{},"geometry":{"type":"LineString","coordinates":[[-95.50773,42.82907],[-95.50882,42.82544]]}},{"type":"Feature","properties":{},"geometry":{"type":"LineString","coordinates":[[-95.50383,42.83501],[-95.50773,42.82907]]}},{"type":"Feature","properties":{},"geometry":{"type":"LineString","coordinates":[[-95.49998,42.83781],[-95.50383,42.83501]]}},{"type":"Feature","properties":{},"geometry":{"type":"LineString","coordinates":[[-95.48257,42.84448],[-95.49998,42.83781]]}},{"type":"Feature","properties":{},"geometry":{"type":"LineString","coordinates":[[-95.47968,42.84601],[-95.48257,42.84448]]}},{"type":"Feature","properties":{},"geometry":{"type":"LineString","coordinates":[[-95.47068,42.853],[-95.47968,42.84601]]}},{"type":"Feature","properties":{},"geometry":{"type":"LineString","coordinates":[[-95.46789,42.8551],[-95.47068,42.853]]}},{"type":"Feature","properties":{},"geometry":{"type":"LineString","coordinates":[[-95.4677,42.85771],[-95.46789,42.8551]]}},{"type":"Feature","properties":{},"geometry":{"type":"LineString","coordinates":[[-95.46622,42.86233],[-95.4677,42.85771]]}},{"type":"Feature","properties":{},"geometry":{"type":"LineString","coordinates":[[-95.46148,42.87141],[-95.46622,42.86233]]}},{"type":"Feature","properties":{},"geometry":{"type":"LineString","coordinates":[[-95.46231,42.88554],[-95.46963,42.87602],[-95.46148,42.87141]]}},{"type":"Feature","properties":{},"geometry":{"type":"LineString","coordinates":[[-95.45808,42.88691],[-95.46231,42.88554]]}},{"type":"Feature","properties":{},"geometry":{"type":"LineString","coordinates":[[-95.44533,42.88697],[-95.45808,42.88691]]}},{"type":"Feature","properties":{},"geometry":{"type":"LineString","coordinates":[[-95.43548,42.89239],[-95.44533,42.88697]]}},{"type":"Feature","properties":{},"geometry":{"type":"LineString","coordinates":[[-95.42676,42.90483],[-95.42734,42.89399],[-95.43548,42.89239]]}},{"type":"Feature","properties":{},"geometry":{"type":"LineString","coordinates":[[-95.42972,42.90947],[-95.42676,42.90483]]}},{"type":"Feature","properties":{},"geometry":{"type":"LineString","coordinates":[[-95.43047,42.91066],[-95.42972,42.90947]]}},{"type":"Feature","properties":{},"geometry":{"type":"LineString","coordinates":[[-95.43109,42.91633],[-95.43047,42.91066]]}},{"type":"Feature","properties":{},"geometry":{"type":"LineString","coordinates":[[-95.43558,42.92421],[-95.42858,42.92442],[-95.43109,42.91633]]}},{"type":"Feature","properties":{},"geometry":{"type":"LineString","coordinates":[[-95.41814,42.93785],[-95.42707,42.93736],[-95.43558,42.92421]]}},{"type":"Feature","properties":{},"geometry":{"type":"LineString","coordinates":[[-95.407,42.93609],[-95.41814,42.93785]]}},{"type":"Feature","properties":{},"geometry":{"type":"LineString","coordinates":[[-95.39353,42.93898],[-95.407,42.93609]]}},{"type":"Feature","properties":{},"geometry":{"type":"LineString","coordinates":[[-95.38232,42.93292],[-95.39353,42.93898]]}},{"type":"Feature","properties":{},"geometry":{"type":"LineString","coordinates":[[-95.37893,42.93436],[-95.38232,42.93292]]}},{"type":"Feature","properties":{},"geometry":{"type":"LineString","coordinates":[[-95.31563,42.91615],[-95.34826,42.91209],[-95.35756,42.9259],[-95.37893,42.93436]]}},{"type":"Feature","properties":{},"geometry":{"type":"LineString","coordinates":[[-95.31242,42.91571],[-95.31563,42.91615]]}},{"type":"Feature","properties":{},"geometry":{"type":"LineString","coordinates":[[-95.30444,42.90716],[-95.31242,42.91571]]}},{"type":"Feature","properties":{},"geometry":{"type":"LineString","coordinates":[[-95.30718,42.90558],[-95.30444,42.90716]]}},{"type":"Feature","properties":{},"geometry":{"type":"LineString","coordinates":[[-95.30702,42.90241],[-95.30718,42.90558]]}},{"type":"Feature","properties":{},"geometry":{"type":"LineString","coordinates":[[-95.30687,42.9001],[-95.30702,42.90241]]}},{"type":"Feature","properties":{},"geometry":{"type":"LineString","coordinates":[[-95.30781,42.8984],[-95.30687,42.9001]]}},{"type":"Feature","properties":{},"geometry":{"type":"LineString","coordinates":[[-95.31017,42.89312],[-95.30781,42.8984]]}},{"type":"Feature","properties":{},"geometry":{"type":"LineString","coordinates":[[-95.31142,42.88933],[-95.31017,42.89312]]}},{"type":"Feature","properties":{},"geometry":{"type":"LineString","coordinates":[[-95.30188,42.88221],[-95.31142,42.88933]]}},{"type":"Feature","properties":{},"geometry":{"type":"LineString","coordinates":[[-95.29458,42.88333],[-95.30188,42.88221]]}},{"type":"Feature","properties":{},"geometry":{"type":"LineString","coordinates":[[-95.29368,42.88267],[-95.29458,42.88333]]}},{"type":"Feature","properties":{},"geometry":{"type":"LineString","coordinates":[[-95.28839,42.88333],[-95.29368,42.88267]]}},{"type":"Feature","properties":{},"geometry":{"type":"LineString","coordinates":[[-95.27121,42.89388],[-95.28839,42.88333]]}},{"type":"Feature","properties":{},"geometry":{"type":"LineString","coordinates":[[-95.26091,42.89725],[-95.27121,42.89388]]}},{"type":"Feature","properties":{},"geometry":{"type":"LineString","coordinates":[[-95.25929,42.89764],[-95.26091,42.89725]]}},{"type":"Feature","properties":{},"geometry":{"type":"LineString","coordinates":[[-95.25668,42.89752],[-95.25929,42.89764]]}},{"type":"Feature","properties":{},"geometry":{"type":"LineString","coordinates":[[-95.24146,42.89443],[-95.25668,42.89752]]}},{"type":"Feature","properties":{},"geometry":{"type":"LineString","coordinates":[[-95.24111,42.89421],[-95.24146,42.89443]]}},{"type":"Feature","properties":{},"geometry":{"type":"LineString","coordinates":[[-95.24051,42.89402],[-95.24111,42.89421]]}},{"type":"Feature","properties":{},"geometry":{"type":"LineString","coordinates":[[-95.23807,42.89589],[-95.24051,42.89402]]}},{"type":"Feature","properties":{},"geometry":{"type":"LineString","coordinates":[[-95.21889,42.89854],[-95.23695,42.89637]]}},{"type":"Feature","properties":{},"geometry":{"type":"LineString","coordinates":[[-95.23695,42.89637],[-95.23807,42.89589]]}},{"type":"Feature","properties":{},"geometry":{"type":"LineString","coordinates":[[-95.21743,42.89962],[-95.21889,42.89854]]}},{"type":"Feature","properties":{},"geometry":{"type":"LineString","coordinates":[[-95.21501,42.90318],[-95.21743,42.89962]]}},{"type":"Feature","properties":{},"geometry":{"type":"LineString","coordinates":[[-95.21153,42.90364],[-95.21501,42.90318]]}},{"type":"Feature","properties":{},"geometry":{"type":"LineString","coordinates":[[-95.20419,42.91019],[-95.21153,42.90364]]}},{"type":"Feature","properties":{},"geometry":{"type":"LineString","coordinates":[[-95.1966,42.9075],[-95.20419,42.91019]]}},{"type":"Feature","properties":{},"geometry":{"type":"LineString","coordinates":[[-95.1914,42.89991],[-95.1966,42.9075]]}},{"type":"Feature","properties":{},"geometry":{"type":"LineString","coordinates":[[-95.17717,42.88254],[-95.1914,42.89991]]}},{"type":"Feature","properties":{},"geometry":{"type":"LineString","coordinates":[[-95.15942,42.88829],[-95.17717,42.88254]]}},{"type":"Feature","properties":{},"geometry":{"type":"LineString","coordinates":[[-95.13032,42.89248],[-95.14329,42.90041],[-95.15942,42.88829]]}},{"type":"Feature","properties":{},"geometry":{"type":"LineString","coordinates":[[-95.12077,42.89531],[-95.13032,42.89248]]}},{"type":"Feature","properties":{},"geometry":{"type":"LineString","coordinates":[[-95.1189,42.89559],[-95.12077,42.89531]]}},{"type":"Feature","properties":{},"geometry":{"type":"LineString","coordinates":[[-95.11691,42.90286],[-95.1189,42.89559]]}},{"type":"Feature","properties":{},"geometry":{"type":"LineString","coordinates":[[-95.10792,42.92085],[-95.11691,42.90286]]}},{"type":"Feature","properties":{},"geometry":{"type":"LineString","coordinates":[[-95.09768,42.92867],[-95.10792,42.92085]]}},{"type":"Feature","properties":{},"geometry":{"type":"LineString","coordinates":[[-95.0895,42.93338],[-95.09768,42.92867]]}},{"type":"Feature","properties":{},"geometry":{"type":"LineString","coordinates":[[-95.08884,42.93914],[-95.0895,42.93338]]}},{"type":"Feature","properties":{},"geometry":{"type":"LineString","coordinates":[[-95.08928,42.93914],[-95.08884,42.93914]]}},{"type":"Feature","properties":{},"geometry":{"type":"LineString","coordinates":[[-95.12379,42.95108],[-95.08928,42.93914]]}},{"type":"Feature","properties":{},"geometry":{"type":"LineString","coordinates":[[-95.11685,42.96807],[-95.12379,42.95108]]}},{"type":"Feature","properties":{},"geometry":{"type":"LineString","coordinates":[[-95.11666,42.96875],[-95.11685,42.96807]]}},{"type":"Feature","properties":{},"geometry":{"type":"LineString","coordinates":[[-95.10499,42.97627],[-95.11666,42.96875]]}},{"type":"Feature","properties":{},"geometry":{"type":"LineString","coordinates":[[-95.10495,42.97682],[-95.10499,42.97627]]}},{"type":"Feature","properties":{},"geometry":{"type":"LineString","coordinates":[[-95.09321,42.98846],[-95.10495,42.97682]]}},{"type":"Feature","properties":{},"geometry":{"type":"LineString","coordinates":[[-95.08118,42.99433],[-95.09321,42.98846]]}},{"type":"Feature","properties":{},"geometry":{"type":"LineString","coordinates":[[-95.04736,43.00386],[-95.05708,42.99999]]}},{"type":"Feature","properties":{},"geometry":{"type":"LineString","coordinates":[[-95.06215,42.99999],[-95.06717,42.99999]]}},{"type":"Feature","properties":{},"geometry":{"type":"LineString","coordinates":[[-95.06717,42.99999],[-95.07028,42.99999]]}},{"type":"Feature","properties":{},"geometry":{"type":"LineString","coordinates":[[-95.07028,42.99999],[-95.07172,42.99999]]}},{"type":"Feature","properties":{},"geometry":{"type":"LineString","coordinates":[[-95.07172,42.99999],[-95.08118,42.99433]]}},{"type":"Feature","properties":{},"geometry":{"type":"LineString","coordinates":[[-95.05708,42.99999],[-95.06215,42.99999]]}},{"type":"Feature","properties":{},"geometry":{"type":"LineString","coordinates":[[-95.04601,43.00626],[-95.04736,43.00386]]}},{"type":"Feature","properties":{},"geometry":{"type":"LineString","coordinates":[[-95.04461,43.00718],[-95.04601,43.00626]]}},{"type":"Feature","properties":{},"geometry":{"type":"LineString","coordinates":[[-95.04467,43.00745],[-95.04461,43.00718]]}},{"type":"Feature","properties":{},"geometry":{"type":"LineString","coordinates":[[-95.04304,43.01401],[-95.04467,43.00745]]}},{"type":"Feature","properties":{},"geometry":{"type":"LineString","coordinates":[[-95.04335,43.01584],[-95.04304,43.01401]]}},{"type":"Feature","properties":{},"geometry":{"type":"LineString","coordinates":[[-95.04956,43.03395],[-95.05241,43.02451],[-95.04335,43.01584]]}},{"type":"Feature","properties":{},"geometry":{"type":"LineString","coordinates":[[-95.05454,43.04699],[-95.04956,43.03395]]}},{"type":"Feature","properties":{},"geometry":{"type":"LineString","coordinates":[[-95.04933,43.04701],[-95.05454,43.04699]]}},{"type":"Feature","properties":{},"geometry":{"type":"LineString","coordinates":[[-95.04967,43.0527],[-95.04933,43.04701]]}},{"type":"Feature","properties":{},"geometry":{"type":"LineString","coordinates":[[-95.05726,43.06702],[-95.04967,43.0527]]}},{"type":"Feature","properties":{},"geometry":{"type":"LineString","coordinates":[[-95.05475,43.07536],[-95.05726,43.06702]]}},{"type":"Feature","properties":{},"geometry":{"type":"LineString","coordinates":[[-95.05531,43.07607],[-95.05475,43.07536]]}},{"type":"Feature","properties":{},"geometry":{"type":"LineString","coordinates":[[-95.05873,43.09558],[-95.06666,43.08152],[-95.05531,43.07607]]}},{"type":"Feature","properties":{},"geometry":{"type":"LineString","coordinates":[[-95.06493,43.10498],[-95.05873,43.09558]]}},{"type":"Feature","properties":{},"geometry":{"type":"LineString","coordinates":[[-95.09053,43.13432],[-95.07084,43.11991],[-95.06493,43.10498]]}},{"type":"Feature","properties":{},"geometry":{"type":"LineString","coordinates":[[-95.15035,43.13647],[-95.12094,43.12619],[-95.11323,43.13389],[-95.09053,43.13432]]}},{"type":"Feature","properties":{},"geometry":{"type":"LineString","coordinates":[[-95.1526,43.13638],[-95.15035,43.13647]]}},{"type":"Feature","properties":{},"geometry":{"type":"LineString","coordinates":[[-95.1531,43.13659],[-95.1526,43.13638]]}},{"type":"Feature","properties":{},"geometry":{"type":"LineString","coordinates":[[-95.20634,43.18784],[-95.1583,43.17161],[-95.1878,43.1507],[-95.18304,43.1406],[-95.1531,43.13659]]}},{"type":"Feature","properties":{},"geometry":{"type":"LineString","coordinates":[[-95.24295,43.23029],[-95.2367,43.20213],[-95.20634,43.18784]]}},{"type":"Feature","properties":{},"geometry":{"type":"LineString","coordinates":[[-95.26034,43.24665],[-95.26101,43.23682],[-95.24295,43.23029]]}},{"type":"Feature","properties":{},"geometry":{"type":"LineString","coordinates":[[-95.22745,43.26045],[-95.26034,43.24665]]}},{"type":"Feature","properties":{},"geometry":{"type":"LineString","coordinates":[[-95.20077,43.2645],[-95.22745,43.26045]]}},{"type":"Feature","properties":{},"geometry":{"type":"LineString","coordinates":[[-95.19665,43.27687],[-95.20077,43.2645]]}},{"type":"Feature","properties":{},"geometry":{"type":"LineString","coordinates":[[-95.17734,43.3127],[-95.17229,43.30239],[-95.19523,43.28981],[-95.19665,43.27687]]}},{"type":"Feature","properties":{},"geometry":{"type":"LineString","coordinates":[[-95.21382,43.31085],[-95.21929,43.30383],[-95.19677,43.30215],[-95.19783,43.31905],[-95.18831,43.32365],[-95.17734,43.3127]]}},{"type":"Feature","properties":{},"geometry":{"type":"LineString","coordinates":[[-95.20747,43.31653],[-95.21382,43.31085]]}},{"type":"Feature","properties":{},"geometry":{"type":"LineString","coordinates":[[-95.21201,43.33525],[-95.19935,43.33178],[-95.20747,43.31653]]}},{"type":"Feature","properties":{},"geometry":{"type":"LineString","coordinates":[[-95.21934,43.33664],[-95.21201,43.33525]]}},{"type":"Feature","properties":{},"geometry":{"type":"LineString","coordinates":[[-95.22796,43.36269],[-95.22906,43.3463],[-95.21934,43.33664]]}},{"type":"Feature","properties":{},"geometry":{"type":"LineString","coordinates":[[-95.22886,43.37081],[-95.22796,43.36269]]}},{"type":"Feature","properties":{},"geometry":{"type":"LineString","coordinates":[[-95.22924,43.37542],[-95.22886,43.37081]]}},{"type":"Feature","properties":{},"geometry":{"type":"LineString","coordinates":[[-95.2363,43.39442],[-95.22924,43.37542]]}},{"type":"Feature","properties":{},"geometry":{"type":"LineString","coordinates":[[-95.23966,43.39969],[-95.2363,43.39442]]}},{"type":"Feature","properties":{},"geometry":{"type":"LineString","coordinates":[[-95.25076,43.41229],[-95.23966,43.39969]]}},{"type":"Feature","properties":{},"geometry":{"type":"LineString","coordinates":[[-95.25145,43.41378],[-95.25076,43.41229]]}},{"type":"Feature","properties":{},"geometry":{"type":"LineString","coordinates":[[-95.18702,43.12667],[-95.1531,43.13659]]}},{"type":"Feature","properties":{},"geometry":{"type":"LineString","coordinates":[[-95.19258,43.12859],[-95.18702,43.12667]]}},{"type":"Feature","properties":{},"geometry":{"type":"LineString","coordinates":[[-95.21559,43.12947],[-95.19258,43.12859]]}},{"type":"Feature","properties":{},"geometry":{"type":"LineString","coordinates":[[-95.22963,43.12941],[-95.21559,43.12947]]}},{"type":"Feature","properties":{},"geometry":{"type":"LineString","coordinates":[[-95.23754,43.13583],[-95.22963,43.12941]]}},{"type":"Feature","properties":{},"geometry":{"type":"LineString","coordinates":[[-95.24992,43.14219],[-95.23754,43.13583]]}},{"type":"Feature","properties":{},"geometry":{"type":"LineString","coordinates":[[-95.99922,42.12042],[-95.98983,42.12187],[-95.99791,42.11306],[-95.99177,42.11142]]}},{"type":"Feature","properties":{},"geometry":{"type":"LineString","coordinates":[[-95.1526,43.13638],[-95.15035,43.13647]]}},{"type":"Feature","properties":{},"geometry":{"type":"LineString","coordinates":[[-95.04335,43.01584],[-95.04304,43.01401]]}},{"type":"Feature","properties":{},"geometry":{"type":"LineString","coordinates":[[-95.04467,43.00745],[-95.04601,43.00626]]}},{"type":"Feature","properties":{},"geometry":{"type":"LineString","coordinates":[[-95.25929,42.89764],[-95.26091,42.89725]]}},{"type":"Feature","properties":{},"geometry":{"type":"LineString","coordinates":[[-95.29368,42.88267],[-95.29458,42.88333]]}},{"type":"Feature","properties":{},"geometry":{"type":"LineString","coordinates":[[-95.30702,42.90241],[-95.30444,42.90716]]}},{"type":"Feature","properties":{},"geometry":{"type":"LineString","coordinates":[[-95.96304,42.17601],[-95.96826,42.17051]]}},{"type":"Feature","properties":{},"geometry":{"type":"LineString","coordinates":[[-95.98178,42.15439],[-95.98472,42.15043]]}},{"type":"Feature","properties":{},"geometry":{"type":"LineString","coordinates":[[-95.98233,42.01546],[-95.98286,42.0]]}},{"type":"Feature","properties":{},"geometry":{"type":"LineString","coordinates":[[-96.0003,42.04905],[-95.98233,42.01546]]}},{"type":"Feature","properties":{},"geometry":{"type":"LineString","coordinates":[[-96.00089,42.11116],[-96.00157,42.09736]]}},{"type":"Feature","properties":{},"geometry":{"type":"LineString","coordinates":[[-95.99716,41.87774],[-96.0003,41.85281]]}},{"type":"Feature","properties":{},"geometry":{"type":"LineString","coordinates":[[-96.0003,41.85211],[-96.00542,41.84925]]}},{"type":"Feature","properties":{},"geometry":{"type":"LineString","coordinates":[[-96.0003,41.85281],[-96.0003,41.85211]]}},{"type":"Feature","properties":{},"geometry":{"type":"LineString","coordinates":[[-95.98286,42.0],[-95.98281,41.99347]]}},{"type":"Feature","properties":{},"geometry":{"type":"LineString","coordinates":[[-95.99922,42.12042],[-96.0003,42.11614]]}},{"type":"Feature","properties":{},"geometry":{"type":"LineString","coordinates":[[-96.0003,42.11614],[-96.00089,42.11116]]}},{"type":"Feature","properties":{},"geometry":{"type":"LineString","coordinates":[[-96.00634,42.05831],[-96.0003,42.04905]]}},{"type":"Feature","properties":{},"geometry":{"type":"LineString","coordinates":[[-96.05849,41.8255],[-96.07889,41.8128]]}},{"type":"Feature","properties":{},"geometry":{"type":"LineString","coordinates":[[-96.04304,41.84122],[-96.05849,41.8255]]}},{"type":"Feature","properties":{},"geometry":{"type":"LineString","coordinates":[[-95.98631,41.95063],[-95.98252,41.93573]]}},{"type":"Feature","properties":{},"geometry":{"type":"LineString","coordinates":[[-96.03614,42.09894],[-96.03583,42.09869]]}},{"type":"Feature","properties":{},"geometry":{"type":"LineString","coordinates":[[-96.07544,42.49459],[-96.08075,42.48929]]}},{"type":"Feature","properties":{},"geometry":{"type":"LineString","coordinates":[[-96.00377,42.5759],[-96.01338,42.56094],[-96.02479,42.56243],[-96.02574,42.54879],[-96.0434,42.5395],[-96.05781,42.51],[-96.07688,42.50001]]}},{"type":"Feature","properties":{},"geometry":{"type":"LineString","coordinates":[[-96.07688,42.50001],[-96.07544,42.49459]]}},{"type":"Feature","properties":{},"geometry":{"type":"LineString","coordinates":[[-95.99557,42.58742],[-96.0003,42.5841]]}},{"type":"Feature","properties":{},"geometry":{"type":"LineString","coordinates":[[-96.0003,42.5841],[-96.00377,42.5759]]}},{"type":"Feature","properties":{},"geometry":{"type":"LineString","coordinates":[[-95.98904,42.58832],[-95.99557,42.58742]]}},{"type":"Feature","properties":{},"geometry":{"type":"LineString","coordinates":[[-95.98083,42.59765],[-95.98904,42.58832]]}},{"type":"Feature","properties":{},"geometry":{"type":"LineString","coordinates":[[-95.97029,42.60248],[-95.98083,42.59765]]}},{"type":"Feature","properties":{},"geometry":{"type":"LineString","coordinates":[[-95.96846,42.60452],[-95.97029,42.60248]]}},{"type":"Feature","properties":{},"geometry":{"type":"LineString","coordinates":[[-95.95322,42.6139],[-95.96846,42.60452]]}},{"type":"Feature","properties":{},"geometry":{"type":"LineString","coordinates":[[-95.9294,42.6232],[-95.95322,42.6139]]}},{"type":"Feature","properties":{},"geometry":{"type":"LineString","coordinates":[[-95.92767,42.62475],[-95.9294,42.6232]]}},{"type":"Feature","properties":{},"geometry":{"type":"LineString","coordinates":[[-95.91396,42.63025],[-95.92767,42.62475]]}},{"type":"Feature","properties":{},"geometry":{"type":"LineString","coordinates":[[-95.90963,42.63151],[-95.91396,42.63025]]}},{"type":"Feature","properties":{},"geometry":{"type":"LineString","coordinates":[[-95.90124,42.63482],[-95.90963,42.63151]]}},{"type":"Feature","properties":{},"geometry":{"type":"LineString","coordinates":[[-95.90065,42.63512],[-95.90124,42.63482]]}},{"type":"Feature","properties":{},"geometry":{"type":"LineString","coordinates":[[-95.89121,42.63869],[-95.90065,42.63512]]}},{"type":"Feature","properties":{},"geometry":{"type":"LineString","coordinates":[[-95.87552,42.64575],[-95.89121,42.63869]]}},{"type":"Feature","properties":{},"geometry":{"type":"LineString","coordinates":[[-95.86604,42.65565],[-95.87552,42.64575]]}},{"type":"Feature","properties":{},"geometry":{"type":"LineString","coordinates":[[-96.08555,42.3201],[-96.08484,42.30879],[-96.09212,42.30513],[-96.08779,42.28511]]}},{"type":"Feature","properties":{},"geometry":{"type":"LineString","coordinates":[[-96.08623,42.35167],[-96.08555,42.3201]]}},{"type":"Feature","properties":{},"geometry":{"type":"LineString","coordinates":[[-96.07543,42.36799],[-96.07649,42.35407],[-96.08623,42.35167]]}},{"type":"Feature","properties":{},"geometry":{"type":"LineString","coordinates":[[-96.083,42.38969],[-96.07543,42.36799]]}},{"type":"Feature","properties":{},"geometry":{"type":"LineString","coordinates":[[-96.08418,42.42229],[-96.07726,42.39405],[-96.083,42.38969]]}},{"type":"Feature","properties":{},"geometry":{"type":"LineString","coordinates":[[-96.09557,42.4623],[-96.09718,42.44673],[-96.08418,42.42229]]}},{"type":"Feature","properties":{},"geometry":{"type":"LineString","coordinates":[[-96.07786,42.4808],[-96.08093,42.46874],[-96.09557,42.4623]]}},{"type":"Feature","properties":{},"geometry":{"type":"LineString","coordinates":[[-96.07891,42.4835],[-96.07786,42.4808]]}},{"type":"Feature","properties":{},"geometry":{"type":"LineString","coordinates":[[-96.08075,42.48929],[-96.07891,42.4835]]}},{"type":"Feature","properties":{},"geometry":{"type":"LineString","coordinates":[[-96.08779,42.28511],[-96.07829,42.26805]]}},{"type":"Feature","properties":{},"geometry":{"type":"LineString","coordinates":[[-95.99094,41.90655],[-96.0003,41.90686]]}},{"type":"Feature","properties":{},"geometry":{"type":"LineString","coordinates":[[-96.0003,42.01945],[-95.99058,42.0]]}},{"type":"Feature","properties":{},"geometry":{"type":"LineString","coordinates":[[-95.99058,42.0],[-95.99533,41.97281]]}},{"type":"Feature","properties":{},"geometry":{"type":"LineString","coordinates":[[-95.98252,41.93573],[-95.98255,41.92096]]}},{"type":"Feature","properties":{},"geometry":{"type":"LineString","coordinates":[[-96.07863,42.19329],[-96.06241,42.15575]]}},{"type":"Feature","properties":{},"geometry":{"type":"LineString","coordinates":[[-96.06241,42.15575],[-96.03614,42.09894]]}},{"type":"Feature","properties":{},"geometry":{"type":"LineString","coordinates":[[-96.03965,42.06449],[-96.03773,42.0588]]}},{"type":"Feature","properties":{},"geometry":{"type":"LineString","coordinates":[[-96.03773,42.0588],[-96.02522,42.03689]]}},{"type":"Feature","properties":{},"geometry":{"type":"LineString","coordinates":[[-96.02522,42.03689],[-96.0003,42.01945]]}},{"type":"Feature","properties":{},"geometry":{"type":"LineString","coordinates":[[-96.0003,41.89424],[-96.04304,41.84122]]}},{"type":"Feature","properties":{},"geometry":{"type":"LineString","coordinates":[[-96.03583,42.09869],[-96.03965,42.06449]]}},{"type":"Feature","properties":{},"geometry":{"type":"LineString","coordinates":[[-96.07829,42.26805],[-96.07863,42.19329]]}},{"type":"Feature","properties":{},"geometry":{"type":"LineString","coordinates":[[-95.99533,41.97281],[-95.99241,41.9652]]}},{"type":"Feature","properties":{},"geometry":{"type":"LineString","coordinates":[[-95.99241,41.9652],[-95.98631,41.95063]]}},{"type":"Feature","properties":{},"geometry":{"type":"LineString","coordinates":[[-95.98255,41.92096],[-95.99094,41.90655]]}},{"type":"Feature","properties":{},"geometry":{"type":"LineString","coordinates":[[-95.99094,41.90655],[-96.0003,41.89517]]}},{"type":"Feature","properties":{},"geometry":{"type":"LineString","coordinates":[[-96.0003,41.89517],[-96.0003,41.89424]]}},{"type":"Feature","properties":{},"geometry":{"type":"LineString","coordinates":[[-96.07889,41.8128],[-96.07935,41.81093]]}},{"type":"Feature","properties":{},"geometry":{"type":"LineString","coordinates":[[-96.10794,41.83501],[-96.07889,41.8128]]}},{"type":"Feature","properties":{},"geometry":{"type":"LineString","coordinates":[[-95.93644,42.03959],[-95.95845,42.01288]]}},{"type":"Feature","properties":{},"geometry":{"type":"LineString","coordinates":[[-95.92243,42.05204],[-95.93644,42.03959]]}},{"type":"Feature","properties":{},"geometry":{"type":"LineString","coordinates":[[-95.92274,42.05615],[-95.92243,42.05204]]}},{"type":"Feature","properties":{},"geometry":{"type":"LineString","coordinates":[[-95.91907,42.07296],[-95.92274,42.05615]]}},{"type":"Feature","properties":{},"geometry":{"type":"LineString","coordinates":[[-95.91729,42.07664],[-95.91907,42.07296]]}},{"type":"Feature","properties":{},"geometry":{"type":"LineString","coordinates":[[-95.91042,42.08094],[-95.91729,42.07664]]}},{"type":"Feature","properties":{},"geometry":{"type":"LineString","coordinates":[[-95.90251,42.088],[-95.91042,42.08094]]}},{"type":"Feature","properties":{},"geometry":{"type":"LineString","coordinates":[[-95.89398,42.09338],[-95.90251,42.088]]}},{"type":"Feature","properties":{},"geometry":{"type":"LineString","coordinates":[[-95.88106,42.10264],[-95.89398,42.09338]]}},{"type":"Feature","properties":{},"geometry":{"type":"LineString","coordinates":[[-95.87956,42.10508],[-95.88106,42.10264]]}},{"type":"Feature","properties":{},"geometry":{"type":"LineString","coordinates":[[-95.86015,42.1148],[-95.87956,42.10508]]}},{"type":"Feature","properties":{},"geometry":{"type":"LineString","coordinates":[[-95.8452,42.12488],[-95.86015,42.1148]]}},{"type":"Feature","properties":{},"geometry":{"type":"LineString","coordinates":[[-95.83113,42.13468],[-95.8452,42.12488]]}},{"type":"Feature","properties":{},"geometry":{"type":"LineString","coordinates":[[-95.82224,42.14277],[-95.83113,42.13468]]}},{"type":"Feature","properties":{},"geometry":{"type":"LineString","coordinates":[[-95.82129,42.14595],[-95.82224,42.14277]]}},{"type":"Feature","properties":{},"geometry":{"type":"LineString","coordinates":[[-95.81874,42.1468],[-95.82129,42.14595]]}},{"type":"Feature","properties":{},"geometry":{"type":"LineString","coordinates":[[-95.81717,42.14817],[-95.81874,42.1468]]}},{"type":"Feature","properties":{},"geometry":{"type":"LineString","coordinates":[[-95.81628,42.15022],[-95.81717,42.14817]]}},{"type":"Feature","properties":{},"geometry":{"type":"LineString","coordinates":[[-95.81225,42.1539],[-95.81628,42.15022]]}},{"type":"Feature","properties":{},"geometry":{"type":"LineString","coordinates":[[-95.80877,42.15934],[-95.81225,42.1539]]}},{"type":"Feature","properties":{},"geometry":{"type":"LineString","coordinates":[[-95.80741,42.16872],[-95.80877,42.15934]]}},{"type":"Feature","properties":{},"geometry":{"type":"LineString","coordinates":[[-95.79555,42.17216],[-95.80741,42.16872]]}},{"type":"Feature","properties":{},"geometry":{"type":"LineString","coordinates":[[-95.79026,42.17769],[-95.79555,42.17216]]}},{"type":"Feature","properties":{},"geometry":{"type":"LineString","coordinates":[[-95.78529,42.18866],[-95.79026,42.17769]]}},{"type":"Feature","properties":{},"geometry":{"type":"LineString","coordinates":[[-95.77378,42.19759],[-95.78529,42.18866]]}},{"type":"Feature","properties":{},"geometry":{"type":"LineString","coordinates":[[-95.77338,42.19839],[-95.77378,42.19759]]}},{"type":"Feature","properties":{},"geometry":{"type":"LineString","coordinates":[[-95.76359,42.20757],[-95.77338,42.19839]]}},{"type":"Feature","properties":{},"geometry":{"type":"LineString","coordinates":[[-95.75863,42.21244],[-95.76359,42.20757]]}},{"type":"Feature","properties":{},"geometry":{"type":"LineString","coordinates":[[-95.75377,42.212],[-95.75863,42.21244]]}},{"type":"Feature","properties":{},"geometry":{"type":"LineString","coordinates":[[-95.75004,42.21388],[-95.75377,42.212]]}},{"type":"Feature","properties":{},"geometry":{"type":"LineString","coordinates":[[-95.74352,42.21729],[-95.75004,42.21388]]}},{"type":"Feature","properties":{},"geometry":{"type":"LineString","coordinates":[[-95.7332,42.22277],[-95.74352,42.21729]]}},{"type":"Feature","properties":{},"geometry":{"type":"LineString","coordinates":[[-95.70723,42.23326],[-95.7332,42.22277]]}},{"type":"Feature","properties":{},"geometry":{"type":"LineString","coordinates":[[-95.7039,42.23327],[-95.70723,42.23326]]}},{"type":"Feature","properties":{},"geometry":{"type":"LineString","coordinates":[[-95.70062,42.23688],[-95.7039,42.23327]]}},{"type":"Feature","properties":{},"geometry":{"type":"LineString","coordinates":[[-95.70016,42.24216],[-95.70062,42.23688]]}},{"type":"Feature","properties":{},"geometry":{"type":"LineString","coordinates":[[-95.69235,42.24596],[-95.70016,42.24216]]}},{"type":"Feature","properties":{},"geometry":{"type":"LineString","coordinates":[[-95.68483,42.25431],[-95.69235,42.24596]]}},{"type":"Feature","properties":{},"geometry":{"type":"LineString","coordinates":[[-95.66991,42.26872],[-95.68465,42.26437],[-95.68483,42.25431]]}},{"type":"Feature","properties":{},"geometry":{"type":"LineString","coordinates":[[-95.66409,42.2668],[-95.66991,42.26872]]}},{"type":"Feature","properties":{},"geometry":{"type":"LineString","coordinates":[[-95.66157,42.26987],[-95.66409,42.2668]]}},{"type":"Feature","properties":{},"geometry":{"type":"LineString","coordinates":[[-95.65877,42.27714],[-95.66157,42.26987]]}},{"type":"Feature","properties":{},"geometry":{"type":"LineString","coordinates":[[-95.6476,42.28809],[-95.65877,42.27714]]}},{"type":"Feature","properties":{},"geometry":{"type":"LineString","coordinates":[[-95.64733,42.28869],[-95.6476,42.28809]]}},{"type":"Feature","properties":{},"geometry":{"type":"LineString","coordinates":[[-95.64453,42.28981],[-95.64733,42.28869]]}},{"type":"Feature","properties":{},"geometry":{"type":"LineString","coordinates":[[-95.64277,42.28965],[-95.64453,42.28981]]}},{"type":"Feature","properties":{},"geometry":{"type":"LineString","coordinates":[[-95.64114,42.29267],[-95.64277,42.28965]]}},{"type":"Feature","properties":{},"geometry":{"type":"LineString","coordinates":[[-95.62851,42.29191],[-95.64114,42.29267]]}},{"type":"Feature","properties":{},"geometry":{"type":"LineString","coordinates":[[-95.62134,42.29569],[-95.62851,42.29191]]}},{"type":"Feature","properties":{},"geometry":{"type":"LineString","coordinates":[[-95.62109,42.29857],[-95.62134,42.29569]]}},{"type":"Feature","properties":{},"geometry":{"type":"LineString","coordinates":[[-95.61635,42.30138],[-95.62109,42.29857]]}},{"type":"Feature","properties":{},"geometry":{"type":"LineString","coordinates":[[-95.60428,42.30456],[-95.61635,42.30138]]}},{"type":"Feature","properties":{},"geometry":{"type":"LineString","coordinates":[[-95.60347,42.30492],[-95.60428,42.30456]]}},{"type":"Feature","properties":{},"geometry":{"type":"LineString","coordinates":[[-95.58558,42.31278],[-95.60347,42.30492]]}},{"type":"Feature","properties":{},"geometry":{"type":"LineString","coordinates":[[-95.58212,42.31703],[-95.58558,42.31278]]}},{"type":"Feature","properties":{},"geometry":{"type":"LineString","coordinates":[[-95.57099,42.32782],[-95.58212,42.31703]]}},{"type":"Feature","properties":{},"geometry":{"type":"LineString","coordinates":[[-95.55528,42.33078],[-95.57099,42.32782]]}},{"type":"Feature","properties":{},"geometry":{"type":"LineString","coordinates":[[-95.55235,42.33176],[-95.55528,42.33078]]}},{"type":"Feature","properties":{},"geometry":{"type":"LineString","coordinates":[[-95.54649,42.33124],[-95.55235,42.33176]]}},{"type":"Feature","properties":{},"geometry":{"type":"LineString","coordinates":[[-95.53937,42.33628],[-95.54649,42.33124]]}},{"type":"Feature","properties":{},"geometry":{"type":"LineString","coordinates":[[-95.53675,42.33603],[-95.53937,42.33628]]}},{"type":"Feature","properties":{},"geometry":{"type":"LineString","coordinates":[[-95.53114,42.33612],[-95.53675,42.33603]]}},{"type":"Feature","properties":{},"geometry":{"type":"LineString","coordinates":[[-95.51856,42.33901],[-95.53114,42.33612]]}},{"type":"Feature","properties":{},"geometry":{"type":"LineString","coordinates":[[-95.51739,42.34034],[-95.51856,42.33901]]}},{"type":"Feature","properties":{},"geometry":{"type":"LineString","coordinates":[[-95.50364,42.34105],[-95.51739,42.34034]]}},{"type":"Feature","properties":{},"geometry":{"type":"LineString","coordinates":[[-95.49915,42.34246],[-95.50364,42.34105]]}},{"type":"Feature","properties":{},"geometry":{"type":"LineString","coordinates":[[-95.48516,42.34492],[-95.49915,42.34246]]}},{"type":"Feature","properties":{},"geometry":{"type":"LineString","coordinates":[[-95.48347,42.34736],[-95.48516,42.34492]]}},{"type":"Feature","properties":{},"geometry":{"type":"LineString","coordinates":[[-95.47959,42.35014],[-95.48347,42.34736]]}},{"type":"Feature","properties":{},"geometry":{"type":"LineString","coordinates":[[-95.64733,42.28869],[-95.6476,42.28809]]}},{"type":"Feature","properties":{},"geometry":{"type":"LineString","coordinates":[[-95.95845,42.01288],[-95.98194,42.0]]}},{"type":"Feature","properties":{},"geometry":{"type":"LineString","coordinates":[[-95.98194,42.0],[-95.98286,42.0]]}},{"type":"Feature","properties":{},"geometry":{"type":"LineString","coordinates":[[-95.86228,41.09149],[-95.87172,41.07437]]}},{"type":"Feature","properties":{},"geometry":{"type":"LineString","coordinates":[[-95.86593,41.11412],[-95.86228,41.09149]]}},{"type":"Feature","properties":{},"geometry":{"type":"LineString","coordinates":[[-95.84143,41.17587],[-95.84615,41.16674],[-95.87071,41.16777],[-95.88233,41.15678],[-95.86616,41.11736]]}},{"type":"Feature","properties":{},"geometry":{"type":"LineString","coordinates":[[-95.86616,41.11736],[-95.86593,41.11412]]}},{"type":"Feature","properties":{},"geometry":{"type":"LineString","coordinates":[[-95.83532,41.17981],[-95.83971,41.17668]]}},{"type":"Feature","properties":{},"geometry":{"type":"LineString","coordinates":[[-95.83971,41.17668],[-95.84143,41.17587]]}},{"type":"Feature","properties":{},"geometry":{"type":"LineString","coordinates":[[-95.87165,41.29458],[-95.88111,41.28233],[-95.92138,41.26773],[-95.91167,41.22808]]}},{"type":"Feature","properties":{},"geometry":{"type":"LineString","coordinates":[[-95.90339,41.1845],[-95.87252,41.18828]]}},{"type":"Feature","properties":{},"geometry":{"type":"LineString","coordinates":[[-95.88678,41.31848],[-95.87281,41.30421]]}},{"type":"Feature","properties":{},"geometry":{"type":"LineString","coordinates":[[-95.85469,41.18664],[-95.84143,41.17587]]}},{"type":"Feature","properties":{},"geometry":{"type":"LineString","coordinates":[[-95.87252,41.18828],[-95.85469,41.18664]]}},{"type":"Feature","properties":{},"geometry":{"type":"LineString","coordinates":[[-95.91037,41.18456],[-95.90339,41.1845]]}},{"type":"Feature","properties":{},"geometry":{"type":"LineString","coordinates":[[-95.87281,41.30421],[-95.87165,41.29458]]}},{"type":"Feature","properties":{},"geometry":{"type":"LineString","coordinates":[[-95.93885,41.32827],[-95.88678,41.31848]]}},{"type":"Feature","properties":{},"geometry":{"type":"LineString","coordinates":[[-95.92,41.45246],[-95.93251,41.4317]]}},{"type":"Feature","properties":{},"geometry":{"type":"LineString","coordinates":[[-95.94616,41.46598],[-95.92202,41.45621]]}},{"type":"Feature","properties":{},"geometry":{"type":"LineString","coordinates":[[-95.92202,41.45621],[-95.92,41.45246]]}},{"type":"Feature","properties":{},"geometry":{"type":"LineString","coordinates":[[-95.95579,41.46358],[-95.95536,41.46292]]}},{"type":"Feature","properties":{},"geometry":{"type":"LineString","coordinates":[[-95.8742,41.30477],[-95.87289,41.29514]]}},{"type":"Feature","properties":{},"geometry":{"type":"LineString","coordinates":[[-95.87289,41.29514],[-95.87165,41.29458]]}},{"type":"Feature","properties":{},"geometry":{"type":"LineString","coordinates":[[-95.87281,41.30421],[-95.8742,41.30477]]}},{"type":"Feature","properties":{},"geometry":{"type":"LineString","coordinates":[[-95.91814,41.45396],[-95.92,41.45246]]}},{"type":"Feature","properties":{},"geometry":{"type":"LineString","coordinates":[[-95.95579,41.46358],[-95.94616,41.46598]]}},{"type":"Feature","properties":{},"geometry":{"type":"LineString","coordinates":[[-95.99868,41.47137],[-95.95579,41.46358]]}},{"type":"Feature","properties":{},"geometry":{"type":"LineString","coordinates":[[-95.90294,41.52189],[-95.90795,41.50439]]}},{"type":"Feature","properties":{},"geometry":{"type":"LineString","coordinates":[[-95.89573,41.52349],[-95.90294,41.52189]]}},{"type":"Feature","properties":{},"geometry":{"type":"LineString","coordinates":[[-95.88551,41.53643],[-95.89573,41.52349]]}},{"type":"Feature","properties":{},"geometry":{"type":"LineString","coordinates":[[-95.88481,41.53682],[-95.88551,41.53643]]}},{"type":"Feature","properties":{},"geometry":{"type":"LineString","coordinates":[[-95.87593,41.54498],[-95.88481,41.53682]]}},{"type":"Feature","properties":{},"geometry":{"type":"LineString","coordinates":[[-95.87069,41.54992],[-95.87593,41.54498]]}},{"type":"Feature","properties":{},"geometry":{"type":"LineString","coordinates":[[-95.85328,41.56604],[-95.87069,41.54992]]}},{"type":"Feature","properties":{},"geometry":{"type":"LineString","coordinates":[[-95.8481,41.57061],[-95.85328,41.56604]]}},{"type":"Feature","properties":{},"geometry":{"type":"LineString","coordinates":[[-95.84506,41.57344],[-95.8481,41.57061]]}},{"type":"Feature","properties":{},"geometry":{"type":"LineString","coordinates":[[-95.83437,41.58295],[-95.84506,41.57344]]}},{"type":"Feature","properties":{},"geometry":{"type":"LineString","coordinates":[[-95.82912,41.58878],[-95.83437,41.58295]]}},{"type":"Feature","properties":{},"geometry":{"type":"LineString","coordinates":[[-95.82257,41.59778],[-95.82912,41.58878]]}},{"type":"Feature","properties":{},"geometry":{"type":"LineString","coordinates":[[-95.81769,41.60523],[-95.82257,41.59778]]}},{"type":"Feature","properties":{},"geometry":{"type":"LineString","coordinates":[[-95.81379,41.61093],[-95.81769,41.60523]]}},{"type":"Feature","properties":{},"geometry":{"type":"LineString","coordinates":[[-95.80527,41.62379],[-95.81379,41.61093]]}},{"type":"Feature","properties":{},"geometry":{"type":"LineString","coordinates":[[-95.78215,41.6463],[-95.80527,41.62379]]}},{"type":"Feature","properties":{},"geometry":{"type":"LineString","coordinates":[[-95.78172,41.64888],[-95.78215,41.6463]]}},{"type":"Feature","properties":{},"geometry":{"type":"LineString","coordinates":[[-95.77628,41.65446],[-95.78172,41.64888]]}},{"type":"Feature","properties":{},"geometry":{"type":"LineString","coordinates":[[-95.75776,41.66761],[-95.77628,41.65446]]}},{"type":"Feature","properties":{},"geometry":{"type":"LineString","coordinates":[[-95.75091,41.67549],[-95.75776,41.66761]]}},{"type":"Feature","properties":{},"geometry":{"type":"LineString","coordinates":[[-95.7478,41.67875],[-95.75091,41.67549]]}},{"type":"Feature","properties":{},"geometry":{"type":"LineString","coordinates":[[-95.7367,41.707],[-95.7478,41.67875]]}},{"type":"Feature","properties":{},"geometry":{"type":"LineString","coordinates":[[-95.73502,41.70775],[-95.7367,41.707]]}},{"type":"Feature","properties":{},"geometry":{"type":"LineString","coordinates":[[-95.72331,41.71469],[-95.73502,41.70775]]}},{"type":"Feature","properties":{},"geometry":{"type":"LineString","coordinates":[[-95.71603,41.71929],[-95.72331,41.71469]]}},{"type":"Feature","properties":{},"geometry":{"type":"LineString","coordinates":[[-95.71078,41.72186],[-95.71603,41.71929]]}},{"type":"Feature","properties":{},"geometry":{"type":"LineString","coordinates":[[-95.70432,41.72884],[-95.71078,41.72186]]}},{"type":"Feature","properties":{},"geometry":{"type":"LineString","coordinates":[[-95.69524,41.74037],[-95.70432,41.72884]]}},{"type":"Feature","properties":{},"geometry":{"type":"LineString","coordinates":[[-95.69262,41.74343],[-95.69524,41.74037]]}},{"type":"Feature","properties":{},"geometry":{"type":"LineString","coordinates":[[-95.67903,41.76025],[-95.69262,41.74343]]}},{"type":"Feature","properties":{},"geometry":{"type":"LineString","coordinates":[[-95.67076,41.76999],[-95.67903,41.76025]]}},{"type":"Feature","properties":{},"geometry":{"type":"LineString","coordinates":[[-95.67018,41.77061],[-95.67076,41.76999]]}},{"type":"Feature","properties":{},"geometry":{"type":"LineString","coordinates":[[-95.64688,41.79801],[-95.67018,41.77061]]}},{"type":"Feature","properties":{},"geometry":{"type":"LineString","coordinates":[[-95.64182,41.816],[-95.63873,41.80743],[-95.64688,41.79801]]}},{"type":"Feature","properties":{},"geometry":{"type":"LineString","coordinates":[[-95.63962,41.81877],[-95.64182,41.816]]}},{"type":"Feature","properties":{},"geometry":{"type":"LineString","coordinates":[[-95.63586,41.82296],[-95.63962,41.81877]]}},{"type":"Feature","properties":{},"geometry":{"type":"LineString","coordinates":[[-95.62669,41.83414],[-95.63586,41.82296]]}},{"type":"Feature","properties":{},"geometry":{"type":"LineString","coordinates":[[-95.62266,41.83876],[-95.62669,41.83414]]}},{"type":"Feature","properties":{},"geometry":{"type":"LineString","coordinates":[[-95.62155,41.84033],[-95.62266,41.83876]]}},{"type":"Feature","properties":{},"geometry":{"type":"LineString","coordinates":[[-95.61137,41.85245],[-95.62155,41.84033]]}},{"type":"Feature","properties":{},"geometry":{"type":"LineString","coordinates":[[-95.60577,41.85954],[-95.61137,41.85245]]}},{"type":"Feature","properties":{},"geometry":{"type":"LineString","coordinates":[[-95.60281,41.86331],[-95.60577,41.85954]]}},{"type":"Feature","properties":{},"geometry":{"type":"LineString","coordinates":[[-95.598,41.87305],[-95.60281,41.86331]]}},{"type":"Feature","properties":{},"geometry":{"type":"LineString","coordinates":[[-95.5879,41.88501],[-95.598,41.87305]]}},{"type":"Feature","properties":{},"geometry":{"type":"LineString","coordinates":[[-95.57801,41.89495],[-95.5879,41.88501]]}},{"type":"Feature","properties":{},"geometry":{"type":"LineString","coordinates":[[-95.5777,41.89511],[-95.57801,41.89495]]}},{"type":"Feature","properties":{},"geometry":{"type":"LineString","coordinates":[[-95.57672,41.89607],[-95.5777,41.89511]]}},{"type":"Feature","properties":{},"geometry":{"type":"LineString","coordinates":[[-95.57577,41.89703],[-95.57672,41.89607]]}},{"type":"Feature","properties":{},"geometry":{"type":"LineString","coordinates":[[-95.5706,41.90313],[-95.57577,41.89703]]}},{"type":"Feature","properties":{},"geometry":{"type":"LineString","coordinates":[[-95.56999,41.90368],[-95.5706,41.90313]]}},{"type":"Feature","properties":{},"geometry":{"type":"LineString","coordinates":[[-95.55571,41.91319],[-95.56999,41.90368]]}},{"type":"Feature","properties":{},"geometry":{"type":"LineString","coordinates":[[-95.55247,41.91499],[-95.55571,41.91319]]}},{"type":"Feature","properties":{},"geometry":{"type":"LineString","coordinates":[[-95.54257,41.91949],[-95.55247,41.91499]]}},{"type":"Feature","properties":{},"geometry":{"type":"LineString","coordinates":[[-95.52754,41.92401],[-95.54257,41.91949]]}},{"type":"Feature","properties":{},"geometry":{"type":"LineString","coordinates":[[-95.52386,41.9251],[-95.52754,41.92401]]}},{"type":"Feature","properties":{},"geometry":{"type":"LineString","coordinates":[[-95.51672,41.92747],[-95.52386,41.9251]]}},{"type":"Feature","properties":{},"geometry":{"type":"LineString","coordinates":[[-95.51645,41.9277],[-95.51672,41.92747]]}},{"type":"Feature","properties":{},"geometry":{"type":"LineString","coordinates":[[-95.50447,41.93268],[-95.51645,41.9277]]}},{"type":"Feature","properties":{},"geometry":{"type":"LineString","coordinates":[[-95.49839,41.93421],[-95.50447,41.93268]]}},{"type":"Feature","properties":{},"geometry":{"type":"LineString","coordinates":[[-95.48844,41.93562],[-95.49839,41.93421]]}},{"type":"Feature","properties":{},"geometry":{"type":"LineString","coordinates":[[-95.48814,41.93509],[-95.48844,41.93562]]}},{"type":"Feature","properties":{},"geometry":{"type":"LineString","coordinates":[[-95.48113,41.9373],[-95.48814,41.93509]]}},{"type":"Feature","properties":{},"geometry":{"type":"LineString","coordinates":[[-95.47739,41.93691],[-95.48113,41.9373]]}},{"type":"Feature","properties":{},"geometry":{"type":"LineString","coordinates":[[-95.4653,41.94042],[-95.47739,41.93691]]}},{"type":"Feature","properties":{},"geometry":{"type":"LineString","coordinates":[[-95.45489,41.94608],[-95.4653,41.94042]]}},{"type":"Feature","properties":{},"geometry":{"type":"LineString","coordinates":[[-95.44973,41.9529],[-95.45489,41.94608]]}},{"type":"Feature","properties":{},"geometry":{"type":"LineString","coordinates":[[-95.44862,41.95329],[-95.44973,41.9529]]}},{"type":"Feature","properties":{},"geometry":{"type":"LineString","coordinates":[[-95.43494,41.95997],[-95.44862,41.95329]]}},{"type":"Feature","properties":{},"geometry":{"type":"LineString","coordinates":[[-95.42995,41.96208],[-95.43494,41.95997]]}},{"type":"Feature","properties":{},"geometry":{"type":"LineString","coordinates":[[-95.41436,41.97482],[-95.42995,41.96208]]}},{"type":"Feature","properties":{},"geometry":{"type":"LineString","coordinates":[[-95.4113,41.98022],[-95.41436,41.97482]]}},{"type":"Feature","properties":{},"geometry":{"type":"LineString","coordinates":[[-95.4072,41.98752],[-95.4113,41.98022]]}},{"type":"Feature","properties":{},"geometry":{"type":"LineString","coordinates":[[-95.39507,41.99564],[-95.4072,41.98752]]}},{"type":"Feature","properties":{},"geometry":{"type":"LineString","coordinates":[[-95.38766,42.0],[-95.39507,41.99564]]}},{"type":"Feature","properties":{},"geometry":{"type":"LineString","coordinates":[[-95.38567,42.00284],[-95.38766,42.0]]}},{"type":"Feature","properties":{},"geometry":{"type":"LineString","coordinates":[[-95.38291,42.00467],[-95.38567,42.00284]]}},{"type":"Feature","properties":{},"geometry":{"type":"LineString","coordinates":[[-95.37206,42.01217],[-95.38291,42.00467]]}},{"type":"Feature","properties":{},"geometry":{"type":"LineString","coordinates":[[-95.90917,41.46771],[-95.91221,41.46308]]}},{"type":"Feature","properties":{},"geometry":{"type":"LineString","coordinates":[[-95.91221,41.46308],[-95.91814,41.45396]]}},{"type":"Feature","properties":{},"geometry":{"type":"LineString","coordinates":[[-95.90767,41.50001],[-95.90847,41.48015]]}},{"type":"Feature","properties":{},"geometry":{"type":"LineString","coordinates":[[-95.90847,41.48015],[-95.90917,41.46771]]}},{"type":"Feature","properties":{},"geometry":{"type":"LineString","coordinates":[[-95.90795,41.50439],[-95.90767,41.50001]]}},{"type":"Feature","properties":{},"geometry":{"type":"LineString","coordinates":[[-95.79273,40.66122],[-95.77474,40.64544],[-95.77062,40.63068]]}},{"type":"Feature","properties":{},"geometry":{"type":"LineString","coordinates":[[-95.82827,40.66952],[-95.79273,40.66122]]}},{"type":"Feature","properties":{},"geometry":{"type":"LineString","coordinates":[[-95.8626,40.70944],[-95.84925,40.69792],[-95.84445,40.67979]]}},{"type":"Feature","properties":{},"geometry":{"type":"LineString","coordinates":[[-95.88627,40.74408],[-95.8848,40.72021],[-95.86878,40.71232]]}},{"type":"Feature","properties":{},"geometry":{"type":"LineString","coordinates":[[-95.86878,40.71232],[-95.8626,40.70944]]}},{"type":"Feature","properties":{},"geometry":{"type":"LineString","coordinates":[[-95.83984,40.79716],[-95.83638,40.77716],[-95.86149,40.76294]]}},{"type":"Feature","properties":{},"geometry":{"type":"LineString","coordinates":[[-95.84858,40.8593],[-95.83691,40.83554],[-95.84482,40.81592]]}},{"type":"Feature","properties":{},"geometry":{"type":"LineString","coordinates":[[-95.80914,40.89313],[-95.8173,40.87858]]}},{"type":"Feature","properties":{},"geometry":{"type":"LineString","coordinates":[[-95.8386,40.92709],[-95.82308,40.91009]]}},{"type":"Feature","properties":{},"geometry":{"type":"LineString","coordinates":[[-95.82308,40.91009],[-95.80914,40.89313]]}},{"type":"Feature","properties":{},"geometry":{"type":"LineString","coordinates":[[-95.86271,40.99634],[-95.82787,40.9743]]}},{"type":"Feature","properties":{},"geometry":{"type":"LineString","coordinates":[[-95.87283,41.04729],[-95.85861,41.03297],[-95.86923,41.0091],[-95.86587,41.00001]]}},{"type":"Feature","properties":{},"geometry":{"type":"LineString","coordinates":[[-95.83148,40.9578],[-95.83839,40.93525],[-95.82306,40.91099]]}},{"type":"Feature","properties":{},"geometry":{"type":"LineString","coordinates":[[-95.82306,40.91099],[-95.82308,40.91009]]}},{"type":"Feature","properties":{},"geometry":{"type":"LineString","coordinates":[[-95.82787,40.9743],[-95.83269,40.95824]]}},{"type":"Feature","properties":{},"geometry":{"type":"LineString","coordinates":[[-95.77062,40.63068],[-95.74835,40.60314]]}},{"type":"Feature","properties":{},"geometry":{"type":"LineString","coordinates":[[-95.74835,40.60314],[-95.77262,40.57956]]}},{"type":"Feature","properties":{},"geometry":{"type":"LineString","coordinates":[[-95.79273,40.66122],[-95.79268,40.6621]]}},{"type":"Feature","properties":{},"geometry":{"type":"LineString","coordinates":[[-95.79268,40.6621],[-95.77953,40.66017],[-95.74911,40.62283],[-95.74734,40.60779]]}},{"type":"Feature","properties":{},"geometry":{"type":"LineString","coordinates":[[-95.59449,40.72657],[-95.59489,40.70933]]}},{"type":"Feature","properties":{},"geometry":{"type":"LineString","coordinates":[[-95.59103,40.78319],[-95.59452,40.76159]]}},{"type":"Feature","properties":{},"geometry":{"type":"LineString","coordinates":[[-95.59437,40.73027],[-95.59449,40.72657]]}},{"type":"Feature","properties":{},"geometry":{"type":"LineString","coordinates":[[-95.59435,40.75696],[-95.59437,40.73027]]}},{"type":"Feature","properties":{},"geometry":{"type":"LineString","coordinates":[[-95.59452,40.76159],[-95.59435,40.75696]]}},{"type":"Feature","properties":{},"geometry":{"type":"LineString","coordinates":[[-95.58582,40.80784],[-95.59004,40.79381]]}},{"type":"Feature","properties":{},"geometry":{"type":"LineString","coordinates":[[-95.59004,40.79381],[-95.59011,40.78724]]}},{"type":"Feature","properties":{},"geometry":{"type":"LineString","coordinates":[[-95.58975,40.82218],[-95.58582,40.80784]]}},{"type":"Feature","properties":{},"geometry":{"type":"LineString","coordinates":[[-95.58205,40.85083],[-95.58885,40.8346]]}},{"type":"Feature","properties":{},"geometry":{"type":"LineString","coordinates":[[-95.58132,40.85516],[-95.58205,40.85083]]}},{"type":"Feature","properties":{},"geometry":{"type":"LineString","coordinates":[[-95.5803,40.87877],[-95.58058,40.87383]]}},{"type":"Feature","properties":{},"geometry":{"type":"LineString","coordinates":[[-95.58058,40.87383],[-95.58132,40.85516]]}},{"type":"Feature","properties":{},"geometry":{"type":"LineString","coordinates":[[-95.57914,40.88431],[-95.5803,40.87877]]}},{"type":"Feature","properties":{},"geometry":{"type":"LineString","coordinates":[[-95.57925,40.88602],[-95.57914,40.88431]]}},{"type":"Feature","properties":{},"geometry":{"type":"LineString","coordinates":[[-95.57604,40.90569],[-95.57925,40.88602]]}},{"type":"Feature","properties":{},"geometry":{"type":"LineString","coordinates":[[-95.57603,40.90595],[-95.57604,40.90569]]}},{"type":"Feature","properties":{},"geometry":{"type":"LineString","coordinates":[[-95.56597,40.9216],[-95.57311,40.91106]]}},{"type":"Feature","properties":{},"geometry":{"type":"LineString","coordinates":[[-95.57311,40.91106],[-95.57603,40.90595]]}},{"type":"Feature","properties":{},"geometry":{"type":"LineString","coordinates":[[-95.56586,40.92762],[-95.56597,40.9216]]}},{"type":"Feature","properties":{},"geometry":{"type":"LineString","coordinates":[[-95.56609,40.94217],[-95.56586,40.92762]]}},{"type":"Feature","properties":{},"geometry":{"type":"LineString","coordinates":[[-95.55964,40.95477],[-95.56609,40.94217]]}},{"type":"Feature","properties":{},"geometry":{"type":"LineString","coordinates":[[-95.53096,40.98243],[-95.55964,40.95477]]}},{"type":"Feature","properties":{},"geometry":{"type":"LineString","coordinates":[[-95.52799,41.00002],[-95.53096,40.98243]]}},{"type":"Feature","properties":{},"geometry":{"type":"LineString","coordinates":[[-95.52518,41.01892],[-95.52799,41.00002]]}},{"type":"Feature","properties":{},"geometry":{"type":"LineString","coordinates":[[-95.50847,41.03186],[-95.52511,41.02854],[-95.52518,41.01892]]}},{"type":"Feature","properties":{},"geometry":{"type":"LineString","coordinates":[[-95.50715,41.03734],[-95.50847,41.03186]]}},{"type":"Feature","properties":{},"geometry":{"type":"LineString","coordinates":[[-95.49912,41.04631],[-95.50715,41.03734]]}},{"type":"Feature","properties":{},"geometry":{"type":"LineString","coordinates":[[-95.49429,41.06488],[-95.49912,41.04631]]}},{"type":"Feature","properties":{},"geometry":{"type":"LineString","coordinates":[[-95.49392,41.07389],[-95.49429,41.06488]]}},{"type":"Feature","properties":{},"geometry":{"type":"LineString","coordinates":[[-95.47437,41.09555],[-95.49392,41.07389]]}},{"type":"Feature","properties":{},"geometry":{"type":"LineString","coordinates":[[-95.47437,41.09575],[-95.47437,41.09555]]}},{"type":"Feature","properties":{},"geometry":{"type":"LineString","coordinates":[[-95.4658,41.10379],[-95.47437,41.09575]]}},{"type":"Feature","properties":{},"geometry":{"type":"LineString","coordinates":[[-95.46512,41.11678],[-95.4658,41.10379]]}},{"type":"Feature","properties":{},"geometry":{"type":"LineString","coordinates":[[-95.45256,41.13151],[-95.46512,41.11678]]}},{"type":"Feature","properties":{},"geometry":{"type":"LineString","coordinates":[[-95.44412,41.13202],[-95.45256,41.13151]]}},{"type":"Feature","properties":{},"geometry":{"type":"LineString","coordinates":[[-95.44202,41.14593],[-95.44412,41.13202]]}},{"type":"Feature","properties":{},"geometry":{"type":"LineString","coordinates":[[-95.44154,41.14661],[-95.44202,41.14593]]}},{"type":"Feature","properties":{},"geometry":{"type":"LineString","coordinates":[[-95.43819,41.15698],[-95.44154,41.14661]]}},{"type":"Feature","properties":{},"geometry":{"type":"LineString","coordinates":[[-95.43817,41.16345],[-95.43819,41.15698]]}},{"type":"Feature","properties":{},"geometry":{"type":"LineString","coordinates":[[-95.43654,41.16544],[-95.43817,41.16345]]}},{"type":"Feature","properties":{},"geometry":{"type":"LineString","coordinates":[[-95.43615,41.16841],[-95.43654,41.16544]]}},{"type":"Feature","properties":{},"geometry":{"type":"LineString","coordinates":[[-95.43951,41.17024],[-95.43615,41.16841]]}},{"type":"Feature","properties":{},"geometry":{"type":"LineString","coordinates":[[-95.43582,41.17614],[-95.43951,41.17024]]}},{"type":"Feature","properties":{},"geometry":{"type":"LineString","coordinates":[[-95.43516,41.17914],[-95.43582,41.17614]]}},{"type":"Feature","properties":{},"geometry":{"type":"LineString","coordinates":[[-95.43534,41.18273],[-95.43516,41.17914]]}},{"type":"Feature","properties":{},"geometry":{"type":"LineString","coordinates":[[-95.44701,41.19187],[-95.43534,41.18273]]}},{"type":"Feature","properties":{},"geometry":{"type":"LineString","coordinates":[[-95.44538,41.19667],[-95.44701,41.19187]]}},{"type":"Feature","properties":{},"geometry":{"type":"LineString","coordinates":[[-95.42953,41.21164],[-95.42885,41.20043],[-95.44538,41.19667]]}},{"type":"Feature","properties":{},"geometry":{"type":"LineString","coordinates":[[-95.4295,41.21562],[-95.42953,41.21164]]}},{"type":"Feature","properties":{},"geometry":{"type":"LineString","coordinates":[[-95.42896,41.21788],[-95.4295,41.21562]]}},{"type":"Feature","properties":{},"geometry":{"type":"LineString","coordinates":[[-95.42794,41.22682],[-95.42896,41.21788]]}},{"type":"Feature","properties":{},"geometry":{"type":"LineString","coordinates":[[-95.42734,41.2282],[-95.42794,41.22682]]}},{"type":"Feature","properties":{},"geometry":{"type":"LineString","coordinates":[[-95.42643,41.23119],[-95.42734,41.2282]]}},{"type":"Feature","properties":{},"geometry":{"type":"LineString","coordinates":[[-95.42547,41.23714],[-95.42643,41.23119]]}},{"type":"Feature","properties":{},"geometry":{"type":"LineString","coordinates":[[-95.42459,41.24423],[-95.42547,41.23714]]}},{"type":"Feature","properties":{},"geometry":{"type":"LineString","coordinates":[[-95.42408,41.24622],[-95.42459,41.24423]]}},{"type":"Feature","properties":{},"geometry":{"type":"LineString","coordinates":[[-95.42345,41.24887],[-95.42408,41.24622]]}},{"type":"Feature","properties":{},"geometry":{"type":"LineString","coordinates":[[-95.42207,41.26213],[-95.42345,41.24887]]}},{"type":"Feature","properties":{},"geometry":{"type":"LineString","coordinates":[[-95.4221,41.26241],[-95.42207,41.26213]]}},{"type":"Feature","properties":{},"geometry":{"type":"LineString","coordinates":[[-95.42417,41.26989],[-95.4221,41.26241]]}},{"type":"Feature","properties":{},"geometry":{"type":"LineString","coordinates":[[-95.42163,41.27691],[-95.42417,41.26989]]}},{"type":"Feature","properties":{},"geometry":{"type":"LineString","coordinates":[[-95.41285,41.29623],[-95.41268,41.27611],[-95.42163,41.27691]]}},{"type":"Feature","properties":{},"geometry":{"type":"LineString","coordinates":[[-95.41288,41.29809],[-95.41285,41.29623]]}},{"type":"Feature","properties":{},"geometry":{"type":"LineString","coordinates":[[-95.41276,41.29886],[-95.41288,41.29809]]}},{"type":"Feature","properties":{},"geometry":{"type":"LineString","coordinates":[[-95.40339,41.31138],[-95.41276,41.29886]]}},{"type":"Feature","properties":{},"geometry":{"type":"LineString","coordinates":[[-95.39869,41.31414],[-95.40339,41.31138]]}},{"type":"Feature","properties":{},"geometry":{"type":"LineString","coordinates":[[-95.40331,41.31991],[-95.39869,41.31414]]}},{"type":"Feature","properties":{},"geometry":{"type":"LineString","coordinates":[[-95.40407,41.32414],[-95.40331,41.31991]]}},{"type":"Feature","properties":{},"geometry":{"type":"LineString","coordinates":[[-95.4038,41.32585],[-95.40407,41.32414]]}},{"type":"Feature","properties":{},"geometry":{"type":"LineString","coordinates":[[-95.40277,41.32796],[-95.4038,41.32585]]}},{"type":"Feature","properties":{},"geometry":{"type":"LineString","coordinates":[[-95.4011,41.332],[-95.40277,41.32796]]}},{"type":"Feature","properties":{},"geometry":{"type":"LineString","coordinates":[[-95.39998,41.3377],[-95.4011,41.332]]}},{"type":"Feature","properties":{},"geometry":{"type":"LineString","coordinates":[[-95.39816,41.34671],[-95.39998,41.3377]]}},{"type":"Feature","properties":{},"geometry":{"type":"LineString","coordinates":[[-95.3971,41.35064],[-95.39816,41.34671]]}},{"type":"Feature","properties":{},"geometry":{"type":"LineString","coordinates":[[-95.39304,41.36068],[-95.3971,41.35064]]}},{"type":"Feature","properties":{},"geometry":{"type":"LineString","coordinates":[[-95.38573,41.36866],[-95.39304,41.36068]]}},{"type":"Feature","properties":{},"geometry":{"type":"LineString","coordinates":[[-95.38017,41.37152],[-95.38573,41.36866]]}},{"type":"Feature","properties":{},"geometry":{"type":"LineString","coordinates":[[-95.37714,41.37864],[-95.38017,41.37152]]}},{"type":"Feature","properties":{},"geometry":{"type":"LineString","coordinates":[[-95.37222,41.38799],[-95.37714,41.37864]]}},{"type":"Feature","properties":{},"geometry":{"type":"LineString","coordinates":[[-95.37091,41.3906],[-95.37222,41.38799]]}},{"type":"Feature","properties":{},"geometry":{"type":"LineString","coordinates":[[-95.35703,41.40761],[-95.37091,41.3906]]}},{"type":"Feature","properties":{},"geometry":{"type":"LineString","coordinates":[[-95.35633,41.41591],[-95.35703,41.40761]]}},{"type":"Feature","properties":{},"geometry":{"type":"LineString","coordinates":[[-95.35733,41.42446],[-95.35633,41.41591]]}},{"type":"Feature","properties":{},"geometry":{"type":"LineString","coordinates":[[-95.35691,41.42625],[-95.35733,41.42446]]}},{"type":"Feature","properties":{},"geometry":{"type":"LineString","coordinates":[[-95.35533,41.43258],[-95.35691,41.42625]]}},{"type":"Feature","properties":{},"geometry":{"type":"LineString","coordinates":[[-95.35848,41.43999],[-95.35533,41.43258]]}},{"type":"Feature","properties":{},"geometry":{"type":"LineString","coordinates":[[-95.35633,41.44518],[-95.35848,41.43999]]}},{"type":"Feature","properties":{},"geometry":{"type":"LineString","coordinates":[[-95.35617,41.4554],[-95.35633,41.44518]]}},{"type":"Feature","properties":{},"geometry":{"type":"LineString","coordinates":[[-95.35279,41.47681],[-95.35617,41.4554]]}},{"type":"Feature","properties":{},"geometry":{"type":"LineString","coordinates":[[-95.35039,41.49821],[-95.35441,41.48561],[-95.34671,41.48495],[-95.35279,41.47681]]}},{"type":"Feature","properties":{},"geometry":{"type":"LineString","coordinates":[[-95.34975,41.50633],[-95.35015,41.50001]]}},{"type":"Feature","properties":{},"geometry":{"type":"LineString","coordinates":[[-95.35015,41.50001],[-95.35039,41.49821]]}},{"type":"Feature","properties":{},"geometry":{"type":"LineString","coordinates":[[-95.34869,41.50944],[-95.34975,41.50633]]}},{"type":"Feature","properties":{},"geometry":{"type":"LineString","coordinates":[[-95.34789,41.52021],[-95.34869,41.50944]]}},{"type":"Feature","properties":{},"geometry":{"type":"LineString","coordinates":[[-95.34558,41.52767],[-95.34789,41.52021]]}},{"type":"Feature","properties":{},"geometry":{"type":"LineString","coordinates":[[-95.34283,41.53718],[-95.34968,41.5319],[-95.34558,41.52767]]}},{"type":"Feature","properties":{},"geometry":{"type":"LineString","coordinates":[[-95.33884,41.55586],[-95.34283,41.53718]]}},{"type":"Feature","properties":{},"geometry":{"type":"LineString","coordinates":[[-95.33551,41.56535],[-95.33884,41.55586]]}},{"type":"Feature","properties":{},"geometry":{"type":"LineString","coordinates":[[-95.32661,41.57827],[-95.33551,41.56535]]}},{"type":"Feature","properties":{},"geometry":{"type":"LineString","coordinates":[[-95.3249,41.58495],[-95.32661,41.57827]]}},{"type":"Feature","properties":{},"geometry":{"type":"LineString","coordinates":[[-95.31727,41.60674],[-95.3249,41.58495]]}},{"type":"Feature","properties":{},"geometry":{"type":"LineString","coordinates":[[-95.31562,41.61693],[-95.31727,41.60674]]}},{"type":"Feature","properties":{},"geometry":{"type":"LineString","coordinates":[[-95.31512,41.62425],[-95.31562,41.61693]]}},{"type":"Feature","properties":{},"geometry":{"type":"LineString","coordinates":[[-95.31475,41.62974],[-95.31512,41.62425]]}},{"type":"Feature","properties":{},"geometry":{"type":"LineString","coordinates":[[-95.31343,41.63875],[-95.31475,41.62974]]}},{"type":"Feature","properties":{},"geometry":{"type":"LineString","coordinates":[[-95.30244,41.65692],[-95.31343,41.63875]]}},{"type":"Feature","properties":{},"geometry":{"type":"LineString","coordinates":[[-95.30204,41.65987],[-95.30244,41.65692]]}},{"type":"Feature","properties":{},"geometry":{"type":"LineString","coordinates":[[-95.40331,41.31991],[-95.40339,41.31138]]}},{"type":"Feature","properties":{},"geometry":{"type":"LineString","coordinates":[[-95.60816,40.67248],[-95.62337,40.65226]]}},{"type":"Feature","properties":{},"geometry":{"type":"LineString","coordinates":[[-95.59575,40.70348],[-95.60816,40.67248]]}},{"type":"Feature","properties":{},"geometry":{"type":"LineString","coordinates":[[-95.59489,40.70933],[-95.59575,40.70348]]}},{"type":"Feature","properties":{},"geometry":{"type":"LineString","coordinates":[[-95.59011,40.78724],[-95.59103,40.78319]]}},{"type":"Feature","properties":{},"geometry":{"type":"LineString","coordinates":[[-95.58885,40.8346],[-95.58975,40.82218]]}},{"type":"Feature","properties":{},"geometry":{"type":"LineString","coordinates":[[-95.60029,40.66443],[-95.60549,40.65988]]}},{"type":"Feature","properties":{},"geometry":{"type":"LineString","coordinates":[[-95.55462,40.69529],[-95.57454,40.69304],[-95.60029,40.66443]]}},{"type":"Feature","properties":{},"geometry":{"type":"LineString","coordinates":[[-95.54953,40.70828],[-95.55462,40.69529]]}},{"type":"Feature","properties":{},"geometry":{"type":"LineString","coordinates":[[-95.54947,40.70892],[-95.54953,40.70828]]}},{"type":"Feature","properties":{},"geometry":{"type":"LineString","coordinates":[[-95.52766,40.72011],[-95.54947,40.70892]]}},{"type":"Feature","properties":{},"geometry":{"type":"LineString","coordinates":[[-95.52099,40.72255],[-95.52766,40.72011]]}},{"type":"Feature","properties":{},"geometry":{"type":"LineString","coordinates":[[-95.50805,40.72828],[-95.52099,40.72255]]}},{"type":"Feature","properties":{},"geometry":{"type":"LineString","coordinates":[[-95.50026,40.73174],[-95.50805,40.72828]]}},{"type":"Feature","properties":{},"geometry":{"type":"LineString","coordinates":[[-95.49942,40.73235],[-95.50026,40.73174]]}},{"type":"Feature","properties":{},"geometry":{"type":"LineString","coordinates":[[-95.48017,40.74342],[-95.49942,40.73235]]}},{"type":"Feature","properties":{},"geometry":{"type":"LineString","coordinates":[[-95.47578,40.74331],[-95.48017,40.74342]]}},{"type":"Feature","properties":{},"geometry":{"type":"LineString","coordinates":[[-95.46754,40.74339],[-95.47578,40.74331]]}},{"type":"Feature","properties":{},"geometry":{"type":"LineString","coordinates":[[-95.46165,40.74284],[-95.46754,40.74339]]}},{"type":"Feature","properties":{},"geometry":{"type":"LineString","coordinates":[[-95.4568,40.74266],[-95.46165,40.74284]]}},{"type":"Feature","properties":{},"geometry":{"type":"LineString","coordinates":[[-95.45148,40.74308],[-95.4568,40.74266]]}},{"type":"Feature","properties":{},"geometry":{"type":"LineString","coordinates":[[-95.43946,40.74949],[-95.45148,40.74308]]}},{"type":"Feature","properties":{},"geometry":{"type":"LineString","coordinates":[[-95.43331,40.75275],[-95.43946,40.74949]]}},{"type":"Feature","properties":{},"geometry":{"type":"LineString","coordinates":[[-95.41668,40.76112],[-95.43331,40.75275]]}},{"type":"Feature","properties":{},"geometry":{"type":"LineString","coordinates":[[-95.41437,40.76343],[-95.41668,40.76112]]}},{"type":"Feature","properties":{},"geometry":{"type":"LineString","coordinates":[[-95.40817,40.7657],[-95.41437,40.76343]]}},{"type":"Feature","properties":{},"geometry":{"type":"LineString","coordinates":[[-95.40399,40.76822],[-95.40817,40.7657]]}},{"type":"Feature","properties":{},"geometry":{"type":"LineString","coordinates":[[-95.3926,40.7803],[-95.40399,40.76822]]}},{"type":"Feature","properties":{},"geometry":{"type":"LineString","coordinates":[[-95.37882,40.78748],[-95.3926,40.7803]]}},{"type":"Feature","properties":{},"geometry":{"type":"LineString","coordinates":[[-95.37433,40.78844],[-95.37882,40.78748]]}},{"type":"Feature","properties":{},"geometry":{"type":"LineString","coordinates":[[-95.36392,40.79109],[-95.37433,40.78844]]}},{"type":"Feature","properties":{},"geometry":{"type":"LineString","coordinates":[[-95.35267,40.80129],[-95.35321,40.79672]]}},{"type":"Feature","properties":{},"geometry":{"type":"LineString","coordinates":[[-95.34439,40.80893],[-95.35267,40.80129]]}},{"type":"Feature","properties":{},"geometry":{"type":"LineString","coordinates":[[-95.34252,40.81062],[-95.34439,40.80893]]}},{"type":"Feature","properties":{},"geometry":{"type":"LineString","coordinates":[[-95.33634,40.82066],[-95.34252,40.81062]]}},{"type":"Feature","properties":{},"geometry":{"type":"LineString","coordinates":[[-95.33393,40.82166],[-95.33634,40.82066]]}},{"type":"Feature","properties":{},"geometry":{"type":"LineString","coordinates":[[-95.32275,40.837],[-95.33393,40.82166]]}},{"type":"Feature","properties":{},"geometry":{"type":"LineString","coordinates":[[-95.30901,40.85465],[-95.32275,40.837]]}},{"type":"Feature","properties":{},"geometry":{"type":"LineString","coordinates":[[-95.30738,40.85552],[-95.30901,40.85465]]}},{"type":"Feature","properties":{},"geometry":{"type":"LineString","coordinates":[[-95.30654,40.85578],[-95.30681,40.85568]]}},{"type":"Feature","properties":{},"geometry":{"type":"LineString","coordinates":[[-95.30681,40.85568],[-95.30738,40.85552]]}},{"type":"Feature","properties":{},"geometry":{"type":"LineString","coordinates":[[-95.2896,40.8634],[-95.30153,40.8592]]}},{"type":"Feature","properties":{},"geometry":{"type":"LineString","coordinates":[[-95.30153,40.8592],[-95.30654,40.85578]]}},{"type":"Feature","properties":{},"geometry":{"type":"LineString","coordinates":[[-95.28652,40.86775],[-95.2896,40.8634]]}},{"type":"Feature","properties":{},"geometry":{"type":"LineString","coordinates":[[-95.28616,40.8719],[-95.28652,40.86775]]}},{"type":"Feature","properties":{},"geometry":{"type":"LineString","coordinates":[[-95.28663,40.87335],[-95.28616,40.8719]]}},{"type":"Feature","properties":{},"geometry":{"type":"LineString","coordinates":[[-95.28601,40.88783],[-95.28663,40.87335]]}},{"type":"Feature","properties":{},"geometry":{"type":"LineString","coordinates":[[-95.28222,40.90488],[-95.28601,40.88783]]}},{"type":"Feature","properties":{},"geometry":{"type":"LineString","coordinates":[[-95.27782,40.90733],[-95.28222,40.90488]]}},{"type":"Feature","properties":{},"geometry":{"type":"LineString","coordinates":[[-95.27561,40.91604],[-95.28303,40.91049],[-95.27782,40.90733]]}},{"type":"Feature","properties":{},"geometry":{"type":"LineString","coordinates":[[-95.27569,40.92462],[-95.27561,40.91604]]}},{"type":"Feature","properties":{},"geometry":{"type":"LineString","coordinates":[[-95.27417,40.93088],[-95.27569,40.92462]]}},{"type":"Feature","properties":{},"geometry":{"type":"LineString","coordinates":[[-95.26523,40.94752],[-95.26525,40.94748]]}},{"type":"Feature","properties":{},"geometry":{"type":"LineString","coordinates":[[-95.26525,40.94748],[-95.26656,40.94078]]}},{"type":"Feature","properties":{},"geometry":{"type":"LineString","coordinates":[[-95.27127,40.93566],[-95.27417,40.93088]]}},{"type":"Feature","properties":{},"geometry":{"type":"LineString","coordinates":[[-95.26656,40.94078],[-95.26991,40.93832]]}},{"type":"Feature","properties":{},"geometry":{"type":"LineString","coordinates":[[-95.2636,40.96466],[-95.26523,40.94752]]}},{"type":"Feature","properties":{},"geometry":{"type":"LineString","coordinates":[[-95.26991,40.93832],[-95.27127,40.93566]]}},{"type":"Feature","properties":{},"geometry":{"type":"LineString","coordinates":[[-95.2625,40.97328],[-95.2636,40.96466]]}},{"type":"Feature","properties":{},"geometry":{"type":"LineString","coordinates":[[-95.2537,40.98799],[-95.2625,40.97328]]}},{"type":"Feature","properties":{},"geometry":{"type":"LineString","coordinates":[[-95.24589,41.0],[-95.2537,40.98799]]}},{"type":"Feature","properties":{},"geometry":{"type":"LineString","coordinates":[[-95.24456,41.00284],[-95.24589,41.0]]}},{"type":"Feature","properties":{},"geometry":{"type":"LineString","coordinates":[[-95.24321,41.00543],[-95.24456,41.00284]]}},{"type":"Feature","properties":{},"geometry":{"type":"LineString","coordinates":[[-95.247,41.03756],[-95.24233,41.02351]]}},{"type":"Feature","properties":{},"geometry":{"type":"LineString","coordinates":[[-95.24233,41.02351],[-95.24321,41.00543]]}},{"type":"Feature","properties":{},"geometry":{"type":"LineString","coordinates":[[-95.23683,41.04471],[-95.247,41.03756]]}},{"type":"Feature","properties":{},"geometry":{"type":"LineString","coordinates":[[-95.23774,41.04656],[-95.23683,41.04471]]}},{"type":"Feature","properties":{},"geometry":{"type":"LineString","coordinates":[[-95.22509,41.05016],[-95.23774,41.04656]]}},{"type":"Feature","properties":{},"geometry":{"type":"LineString","coordinates":[[-95.22489,41.05515],[-95.22509,41.05016]]}},{"type":"Feature","properties":{},"geometry":{"type":"LineString","coordinates":[[-95.21824,41.06329],[-95.22156,41.06139]]}},{"type":"Feature","properties":{},"geometry":{"type":"LineString","coordinates":[[-95.22184,41.06144],[-95.22489,41.05515]]}},{"type":"Feature","properties":{},"geometry":{"type":"LineString","coordinates":[[-95.22156,41.06139],[-95.22184,41.06144]]}},{"type":"Feature","properties":{},"geometry":{"type":"LineString","coordinates":[[-95.21889,41.0646],[-95.21824,41.06329]]}},{"type":"Feature","properties":{},"geometry":{"type":"LineString","coordinates":[[-95.20838,41.07241],[-95.21889,41.0646]]}},{"type":"Feature","properties":{},"geometry":{"type":"LineString","coordinates":[[-95.20748,41.07355],[-95.20838,41.07241]]}},{"type":"Feature","properties":{},"geometry":{"type":"LineString","coordinates":[[-95.20349,41.07895],[-95.20748,41.07355]]}},{"type":"Feature","properties":{},"geometry":{"type":"LineString","coordinates":[[-95.2045,41.08982],[-95.20349,41.07895]]}},{"type":"Feature","properties":{},"geometry":{"type":"LineString","coordinates":[[-95.19281,41.09641],[-95.2045,41.08982]]}},{"type":"Feature","properties":{},"geometry":{"type":"LineString","coordinates":[[-95.18999,41.11267],[-95.19281,41.09641]]}},{"type":"Feature","properties":{},"geometry":{"type":"LineString","coordinates":[[-95.17611,41.14621],[-95.18298,41.12407]]}},{"type":"Feature","properties":{},"geometry":{"type":"LineString","coordinates":[[-95.17544,41.14841],[-95.17611,41.14621]]}},{"type":"Feature","properties":{},"geometry":{"type":"LineString","coordinates":[[-95.17352,41.16112],[-95.17544,41.14841]]}},{"type":"Feature","properties":{},"geometry":{"type":"LineString","coordinates":[[-95.17352,41.16286],[-95.17352,41.16112]]}},{"type":"Feature","properties":{},"geometry":{"type":"LineString","coordinates":[[-95.17362,41.16993],[-95.17352,41.16286]]}},{"type":"Feature","properties":{},"geometry":{"type":"LineString","coordinates":[[-95.17151,41.18025],[-95.17362,41.16993]]}},{"type":"Feature","properties":{},"geometry":{"type":"LineString","coordinates":[[-95.17057,41.18121],[-95.17151,41.18025]]}},{"type":"Feature","properties":{},"geometry":{"type":"LineString","coordinates":[[-95.16098,41.19502],[-95.17057,41.18121]]}},{"type":"Feature","properties":{},"geometry":{"type":"LineString","coordinates":[[-95.16059,41.19578],[-95.16098,41.19502]]}},{"type":"Feature","properties":{},"geometry":{"type":"LineString","coordinates":[[-95.16059,41.2023],[-95.16059,41.19578]]}},{"type":"Feature","properties":{},"geometry":{"type":"LineString","coordinates":[[-95.16057,41.21357],[-95.16059,41.2023]]}},{"type":"Feature","properties":{},"geometry":{"type":"LineString","coordinates":[[-95.16063,41.21732],[-95.16057,41.21357]]}},{"type":"Feature","properties":{},"geometry":{"type":"LineString","coordinates":[[-95.16277,41.23267],[-95.16063,41.21732]]}},{"type":"Feature","properties":{},"geometry":{"type":"LineString","coordinates":[[-95.16307,41.23535],[-95.16277,41.23267]]}},{"type":"Feature","properties":{},"geometry":{"type":"LineString","coordinates":[[-95.16255,41.25355],[-95.16307,41.23535]]}},{"type":"Feature","properties":{},"geometry":{"type":"LineString","coordinates":[[-95.15467,41.25794],[-95.16255,41.25355]]}},{"type":"Feature","properties":{},"geometry":{"type":"LineString","coordinates":[[-95.14555,41.27656],[-95.15467,41.25794]]}},{"type":"Feature","properties":{},"geometry":{"type":"LineString","coordinates":[[-95.14601,41.28319],[-95.14555,41.27656]]}},{"type":"Feature","properties":{},"geometry":{"type":"LineString","coordinates":[[-95.12588,41.29692],[-95.14601,41.28319]]}},{"type":"Feature","properties":{},"geometry":{"type":"LineString","coordinates":[[-95.11514,41.29708],[-95.12588,41.29692]]}},{"type":"Feature","properties":{},"geometry":{"type":"LineString","coordinates":[[-95.11466,41.29678],[-95.11514,41.29708]]}},{"type":"Feature","properties":{},"geometry":{"type":"LineString","coordinates":[[-95.10244,41.29456],[-95.11466,41.29678]]}},{"type":"Feature","properties":{},"geometry":{"type":"LineString","coordinates":[[-95.09634,41.29755],[-95.10244,41.29456]]}},{"type":"Feature","properties":{},"geometry":{"type":"LineString","coordinates":[[-95.09451,41.3116],[-95.10046,41.30698],[-95.09634,41.29755]]}},{"type":"Feature","properties":{},"geometry":{"type":"LineString","coordinates":[[-95.08714,41.31704],[-95.09451,41.3116]]}},{"type":"Feature","properties":{},"geometry":{"type":"LineString","coordinates":[[-95.08316,41.31983],[-95.08714,41.31704]]}},{"type":"Feature","properties":{},"geometry":{"type":"LineString","coordinates":[[-95.0757,41.32218],[-95.08316,41.31983]]}},{"type":"Feature","properties":{},"geometry":{"type":"LineString","coordinates":[[-95.07491,41.32373],[-95.0757,41.32218]]}},{"type":"Feature","properties":{},"geometry":{"type":"LineString","coordinates":[[-95.07451,41.3373],[-95.07491,41.32373]]}},{"type":"Feature","properties":{},"geometry":{"type":"LineString","coordinates":[[-95.07899,41.34953],[-95.07451,41.3373]]}},{"type":"Feature","properties":{},"geometry":{"type":"LineString","coordinates":[[-95.07333,41.36124],[-95.07899,41.34953]]}},{"type":"Feature","properties":{},"geometry":{"type":"LineString","coordinates":[[-95.06959,41.36893],[-95.07333,41.36124]]}},{"type":"Feature","properties":{},"geometry":{"type":"LineString","coordinates":[[-95.06099,41.38194],[-95.06959,41.36893]]}},{"type":"Feature","properties":{},"geometry":{"type":"LineString","coordinates":[[-95.06084,41.38223],[-95.06099,41.38194]]}},{"type":"Feature","properties":{},"geometry":{"type":"LineString","coordinates":[[-95.05233,41.39014],[-95.06084,41.38223]]}},{"type":"Feature","properties":{},"geometry":{"type":"LineString","coordinates":[[-95.03892,41.39846],[-95.05233,41.39014]]}},{"type":"Feature","properties":{},"geometry":{"type":"LineString","coordinates":[[-95.01775,41.4193],[-95.03892,41.39846]]}},{"type":"Feature","properties":{},"geometry":{"type":"LineString","coordinates":[[-91.17808,43.12984],[-91.17696,43.08616]]}},{"type":"Feature","properties":{},"geometry":{"type":"LineString","coordinates":[[-91.17257,43.13818],[-91.17808,43.12984]]}},{"type":"Feature","properties":{},"geometry":{"type":"LineString","coordinates":[[-91.16073,43.1403],[-91.17257,43.13818]]}},{"type":"Feature","properties":{},"geometry":{"type":"LineString","coordinates":[[-91.13817,43.17066],[-91.15592,43.14281]]}},{"type":"Feature","properties":{},"geometry":{"type":"LineString","coordinates":[[-91.09729,43.22065],[-91.0977,43.21488]]}},{"type":"Feature","properties":{},"geometry":{"type":"LineString","coordinates":[[-91.10183,43.22472],[-91.09729,43.22065]]}},{"type":"Feature","properties":{},"geometry":{"type":"LineString","coordinates":[[-91.08762,43.2363],[-91.10183,43.22472]]}},{"type":"Feature","properties":{},"geometry":{"type":"LineString","coordinates":[[-91.09091,43.2683],[-91.09478,43.26091],[-91.0819,43.25128],[-91.08762,43.2363]]}},{"type":"Feature","properties":{},"geometry":{"type":"LineString","coordinates":[[-91.09006,43.29318],[-91.09062,43.28268]]}},{"type":"Feature","properties":{},"geometry":{"type":"LineString","coordinates":[[-91.09062,43.28268],[-91.09091,43.2683]]}},{"type":"Feature","properties":{},"geometry":{"type":"LineString","coordinates":[[-91.15827,43.33698],[-91.13286,43.32864]]}},{"type":"Feature","properties":{},"geometry":{"type":"LineString","coordinates":[[-91.17061,43.34066],[-91.15827,43.33698]]}},{"type":"Feature","properties":{},"geometry":{"type":"LineString","coordinates":[[-91.20093,43.34904],[-91.18885,43.34832]]}},{"type":"Feature","properties":{},"geometry":{"type":"LineString","coordinates":[[-91.17775,43.34565],[-91.17061,43.34066]]}},{"type":"Feature","properties":{},"geometry":{"type":"LineString","coordinates":[[-91.18885,43.34832],[-91.17775,43.34565]]}},{"type":"Feature","properties":{},"geometry":{"type":"LineString","coordinates":[[-91.21042,43.35974],[-91.20093,43.34904]]}},{"type":"Feature","properties":{},"geometry":{"type":"LineString","coordinates":[[-91.21522,43.36826],[-91.21042,43.35974]]}},{"type":"Feature","properties":{},"geometry":{"type":"LineString","coordinates":[[-91.20303,43.38288],[-91.21522,43.36826]]}},{"type":"Feature","properties":{},"geometry":{"type":"LineString","coordinates":[[-91.23219,43.45094],[-91.20741,43.42676]]}},{"type":"Feature","properties":{},"geometry":{"type":"LineString","coordinates":[[-91.23093,43.46112],[-91.23349,43.45637]]}},{"type":"Feature","properties":{},"geometry":{"type":"LineString","coordinates":[[-91.23349,43.45637],[-91.23219,43.45094]]}}]}